[
    {
        "name": "ヒャクニチソウ",
        "message": "「那个……团长大人……我……我是……团长大人的……」"
    },
    {
        "message": "夜晚，百日草来到房间，\\n坚定地盯着这边看着。"
    },
    {
        "message": "她的脸颊泛起红晕，眼睛似乎因为热情而湿润。\\n看起来，百日草今天决定向这边迈出一步。"
    },
    {
        "name": "ヒャクニチソウ",
        "message": "「我……喜欢团长大人……！\\n在这个世界上，第一次有这样的想法的男性就是您\\n请……请接受我的这份感情好吗？」"
    },
    {
        "message": "虽然花了一些时间，但她传达了自己的感情。\\n当然答应后，百日草脸上的紧张消失了。\\n然后她立刻走过来，把脸埋在这边的胸口。"
    },
    {
        "name": "ヒャクニチソウ",
        "message": "「团长大人，我很高兴……没有比这更开心的事情了\\n团长大人，我喜欢……非常喜欢您……」"
    },
    {
        "message": "她倾吐出无法抑制的情感，\\n用湿润的眼睛斜视着这边。"
    },
    {
        "name": "ヒャクニチソウ",
        "message": "「拜托了，团长大人……请抱抱我……\\n让我成为团长大人的女人好吗？」"
    },
    {
        "name": "ヒャクニチソウ",
        "message": "「请让我成为团长大人的女人」"
    },
    {
        "message": "低声说着，百日草闭上了双眼。\\n那是一个容许一切的女人的表情。\\n我轻轻靠近她，亲吻了她。"
    },
    {
        "name": "ヒャクニチソウ",
        "message": "「嗯，啾……团长，好开心……\\n啾，啾……我终于和团长在一起了……」"
    },
    {
        "name": "ヒャクニチソウ",
        "message": "「啊嗯……嗯呜，好、好厉害，团长的……\\n好、好大、好强壮……\\n它要进入我的身体里了吗……」"
    },
    {
        "message": "面对挺立的阴茎，百日草屏住了呼吸。\\n她感到这样的反应十分可爱，张开双腿。\\n阴道口已经微微湿润，并闪烁着光芒。"
    },
    {
        "name": "ヒャクニチソウ",
        "message": "「呜呜……团长，不要这样……我、\\n我很害羞……全部都被看到了……！」"
    },
    {
        "message": "看着脸红如火的百日草，将阴茎与花瓣接触并摩擦。\\n从花蕊中滴落的涎水与她的爱液混合在一起。"
    },
    {
        "message": "听到湿润的水声，百日草微微抬起下巴，发出了轻微的呻吟声。"
    },
    {
        "name": "ヒャクニチソウ",
        "message": "「嗯啊，团长……要、要插进来了吗……\\n好、好的……请团长……\\n请把团长的……插进我的里面……」"
    },
    {
        "message": "听到这句话后，我慢慢降低了腰部。\\n阴茎的顶端穿过无数褶皱进入阴道内。"
    },
    {
        "name": "ヒャクニチソウ",
        "message": "「啊呀……！嗯，嗯……！\\n好、好厉害……啊，好大，擦到了……啊呜！」"
    },
    {
        "name": "ヒャクニチソウ",
        "message": "「这、这样……这么舒服……！啊，嗯……！\\n我的里面扩张开了，啊啊……好舒服……！」"
    },
    {
        "message": "看着她的样子，我开始慢慢地摆动腰部。\\n每次性器相互摩擦时，百日草都会发出可爱的喘息声。"
    },
    {
        "name": "ヒャクニチソウ",
        "message": "「啊呀，啊，啊……嗯嗯……\\n团长，啊……嗯嗯……这么舒服真是太好了……\\n啊，嗯，啊呜……」"
    },
    {
        "message": "不久之后，百日草轻轻伸出手来触摸我的脸颊。\\n然后她再次开口说话。"
    },
    {
        "name": "ヒャクニチソウ",
        "message": "「第一次就这么舒服真是奇怪呢\\n……团长大人……难道最近和吉尼亚……\\n做了什么色色的事情吗？」"
    },
    {
        "message": "听到这句话，我的腰部不由自主地停了下来。\\n我本想掩饰一下，但对百日草来说，这已经是答案了。"
    },
    {
        "name": "ヒャクニチソウ",
        "message": "「果然是这样吗……\\n啊，不，请不要道歉\\n我并不是讨厌的……相反，我很开心」"
    },
    {
        "message": "百日草说着这番话时，脸上确实带着微笑。\\n看来这是她真心的表情。\\n不过，为什么会被发现呢？"
    },
    {
        "name": "ヒャクニチソウ",
        "message": "「我一直有这样的想法\\n最近，团长和吉尼亚的状态都有些奇怪……\\n虽然是第一次，但一点都不痛」"
    },
    {
        "name": "ヒャクニチソウ",
        "message": "「吉尼亚……替我承担了痛苦吗\\n因为对第一次能否做好感到不安，\\n所以向吉尼亚请教了一些事情……真害羞」"
    },
    {
        "message": "百日草红着脸说道。\\n看来是吉尼亚过来了。"
    },
    {
        "name": "ヒャクニチソウ",
        "message": "「但是，真的很开心……你有注意到吗？\\n吉尼亚肯定也喜欢团长你的吧？」"
    },
    {
        "message": "听到这句话，我的身体不由自主地反应起来。\\n埋在阴道里的阴茎跳动了一下。"
    },
    {
        "name": "ヒャクニチソウ",
        "message": "「啊呀……！嗯嗯……里面跳动起来了……\\n你这样反应，我有点嫉妒了」"
    },
    {
        "name": "ヒャクニチソウ",
        "message": "「团长，现在不是吉尼亚，\\n只想着我……只想着我，可以吗？」"
    },
    {
        "message": "我回答说当然可以，\\n然后重新开始动起了停下的腰部。\\n说实话，我一直在忍耐着。"
    },
    {
        "name": "ヒャクニチソウ",
        "message": "「嗯，啊，啊啊……里面在乱动……嗯嗯……！！\\n摩擦得好多，好厉害……！！」"
    },
    {
        "message": "用力地动着腰部。\\n肌肤相碰撞的巨大声音，传达着性交的激烈程度。"
    },
    {
        "name": "ヒャクニチソウ",
        "message": "「啊呀，啊啊……嗯，很好，呢\\n多动动腰部……用力一点……！\\n为了确保团长满意……！」"
    },
    {
        "name": "ヒャクニチソウ",
        "message": "「多啪啪地……来吧！\\n在我里面……让硬硬的东西感觉舒服……！\\n啊，嗯啊……！」"
    },
    {
        "message": "抓住双腿使其大幅张开。\\n这样就能更深入地交合了吧。"
    },
    {
        "name": "ヒャクニチソウ",
        "message": "「嗯，啊啊，好厉害，一直到最深处……到达了……！\\n团长的，真的好硬……啊，啊，啊啊啊……！」"
    },
    {
        "message": "百日草发出淫乱的喘息声。\\n尤其是她张开双腿被动地撞击着腰部，\\n让我异常满足征服欲望。"
    },
    {
        "name": "ヒャクニチソウ",
        "message": "「嗯，团长，请不要客气……！\\n我已经是团长的……人了……！\\n因为我是团长的女人……！」"
    },
    {
        "name": "ヒャクニチソウ",
        "message": "「这样想着……啊呀，多来几次，好吗！\\n让我……让我感到舒服……嗯嗯！」"
    },
    {
        "message": "百日草的话让我更加兴奋。\\n阴茎跳动着，血液流动，\\n又变得更加硕大一圈。"
    },
    {
        "message": "渐渐地接近了极致的瞬间。\\n而百日草自然地敏感地感受到了这一点。"
    },
    {
        "name": "ヒャクニチソウ",
        "message": "「团长，里面又变大了……嗯嗯……！\\n难道，快要射出来了吗？」"
    },
    {
        "name": "ヒャクニチソウ",
        "message": "「要射出来了吗……啊，太好了……！\\n请继续，直接在我里面……射出精子来吧……！」"
    },
    {
        "message": "仿佛在挤取精子一样，阴道内翻腾不止。\\n断断续续地收缩着，刺激着阴茎。"
    },
    {
        "name": "ヒャクニチソウ",
        "message": "「啊呜，射出来吧……精子，请射出来吧……！\\n全部，全部都在我里面……嗯，吐出来吧……！」"
    },
    {
        "name": "ヒャクニチソウ",
        "message": "「我会好好接住全部的……！\\n啊，啊啊……在我里面接住它们……！\\n嗯，呼啊，啊啊啊……！！」"
    },
    {
        "message": "对于她的话和阴道的紧缩，我无法反抗。\\n为了射在她体内，\\n我将阴茎的顶端擦拭到阴道深处。"
    },
    {
        "name": "ヒャクニチソウ",
        "message": "「呼啊，啊，团长……团长……！\\n嗯，啊，啊啊……啊啊啊啊……！！！！」"
    },
    {
        "name": "ヒャクニチソウ",
        "message": "「啊，啊……射出来了……在我里面……\\n颤抖着……啊啊……！」"
    },
    {
        "message": "阴茎一次次脉动着，喷射出精子，\\n被百日草的阴道温柔地包裹着。"
    },
    {
        "name": "ヒャクニチソウ",
        "message": "「没关系的……就这样，全部都给我吧？\\n全部都射进我里面……嗯嗯」"
    },
    {
        "message": "用力抵住她的腰，最终结束了长时间的射精。\\n紧紧地覆盖在她的身体上。"
    },
    {
        "name": "ヒャクニチソウ",
        "message": "「哈啊，哈啊……团长，太棒了哦？\\n你对我那么爱，谢谢你\\n嗯，亲亲……亲亲」"
    },
    {
        "message": "微笑着，百日草吻了过来。\\n同时紧紧地拥抱着她的身体。"
    },
    {
        "name": "ヒャクニチソウ",
        "message": "「团长，亲亲，嗯嗯……亲亲……哈啊，哈啊……\\n喜欢你，喜欢你很多哦？」"
    },
    {
        "message": "听到这句话，我感到一阵心动。\\n然后，我告诉百日草之前被吉尼亚阻止的那句话。"
    },
    {
        "message": "说起来，我还没有明确地告诉她。\\n用言语表达出来，我喜欢你。"
    },
    {
        "name": "ヒャクニチソウ",
        "message": "「……好开心！团长！\\n我也……我也，非常喜欢你！」"
    },
    {
        "message": "百日草用一种我从未见过的笑容说道，\\n紧紧地回抱着我，用力用力。"
    }
]