[
    {
        "message": "希望你能认真参加除了自己的课程。\\n放学后在教室里，我这样请求了西瓜藤。"
    },
    {
        "name": "スイカズラ",
        "message": "「诶，不要啦……好麻烦」"
    },
    {
        "message": "她的回答毫不客气。\\n但是，我不能在这里退缩。"
    },
    {
        "message": "虽然成绩本身很优秀，\\n但是在学校里上课就不能只有这些。"
    },
    {
        "message": "即使感到厌烦，认真参加其他课程，\\n总有一天会对西瓜藤有所帮助。"
    },
    {
        "name": "スイカズラ",
        "message": "「嗯……你真是很热心呢」"
    },
    {
        "message": "她好像很感兴趣地看着我。\\n虽然没有说什么特别的事情，\\n但如果我触动了她内心的某个东西，那就无妨了。"
    },
    {
        "name": "スイカズラ",
        "message": "「可以啊……我会考虑一下\\n不过……」"
    },
    {
        "name": "スイカズラ",
        "message": "「现在就……抱着我吧」"
    },
    {
        "message": "这个交换条件太过分了。\\n虽然犹豫了一下，但是无法抵挡那锐利的目光。"
    },
    {
        "name": "スイカズラ",
        "message": "「嗯……老师的，好大……啊……啊呀呀呀！」"
    },
    {
        "message": "咯吱，桌子发出了不愉快的尖叫声。\\n这声音让我不由自主地意识到了现在的情况。\\n它在诉说着这不是床。"
    },
    {
        "message": "不仅仅是听觉。\\n所有感官都让我尝到了背德的苦涩。"
    },
    {
        "name": "スイカズラ",
        "message": "「啊……呼……呵呵」"
    },
    {
        "message": "西瓜藤的红眼睛扭曲得看起来很开心。"
    },
    {
        "name": "スイカズラ",
        "message": "「对学生……动手了吧？」"
    },
    {
        "message": "瞬间，我的喉咙感到沉重而堵塞。"
    },
    {
        "name": "スイカズラ",
        "message": "「还有些学生留在社团活动中……\\n听，操场上传来了呐喊声」"
    },
    {
        "message": "意识被引导到窗外。\\n茜色的天空。清新而嘈杂的声音传来。"
    },
    {
        "name": "スイカズラ",
        "message": "「大家都很努力呢……可爱吧，你觉得可爱吗？\\n老师，外部指导员也在做这个呢」"
    },
    {
        "message": "不知道想说什么。\\n虽然不知道，但嘴唇却变得干燥起来。"
    },
    {
        "name": "スイカズラ",
        "message": "「因为老师很温柔……所以受到慕爱吧？\\n也有人向老师告白了吗？」"
    },
    {
        "name": "スイカズラ",
        "message": "「如果那样的孩子……看到现在的老师，会怎么想呢」"
    },
    {
        "message": "背脊传来不安和恐惧。\\n无意识地感受到了幻觉的气息。"
    },
    {
        "name": "スイカズラ",
        "message": "「那扇门，如果现在打开会怎样呢？\\n会被可爱的学生们看到什么样的地方呢？」"
    },
    {
        "name": "スイカズラ",
        "message": "「来吧，告诉我吧\\n如果是对学生动手的老师……应该很容易回答吧？」"
    },
    {
        "message": "无法回答。\\n喉咙被涌动的东西堵住，声音无法发出来。"
    },
    {
        "name": "スイカズラ",
        "message": "「呵呵……没办法啊，老师\\n那么……我来教你吧」"
    },
    {
        "message": "西瓜藤露出了肉食兽的笑容。"
    },
    {
        "name": "スイカズラ",
        "message": "「穿着制服的，那个小不良学生……\\n被放在桌子上……强行侵犯着」"
    },
    {
        "message": "身体一下子变得炙热。\\n不是兴奋，而是羞耻的热量。\\n侵袭着全身。\\n可悲的反驳滴落下来。"
    },
    {
        "message": "并不是强迫。也不是在侵犯。\\n只是为了不让西瓜藤逃课，\\n按照她提出的交换条件而已。"
    },
    {
        "name": "スイカズラ",
        "message": "「呵呵……老师，你太焦虑了」"
    },
    {
        "message": "转而，嘲笑变成了微笑。"
    },
    {
        "name": "スイカズラ",
        "message": "「对不起对不起\\n因为你的反应太有趣了，所以捉弄过头了」"
    },
    {
        "message": "在松弛的氛围中，发出了安心的叹息。\\n如果我也发火了，你打算怎么办呢？"
    },
    {
        "name": "スイカズラ",
        "message": "「老师……你不会做那种事吧？」"
    },
    {
        "message": "传达出了信任的感觉。\\n真是个卑鄙的回答。"
    },
    {
        "name": "スイカズラ",
        "message": "「嘛，就算被激怒后被强奸也没关系\\n我喜欢危险的事情……」"
    },
    {
        "name": "スイカズラ",
        "message": "「如果是老师的话……我觉得那样也挺有趣的」"
    },
    {
        "message": "果然很卑鄙。\\n被学生玩弄于股掌之间的耻辱，\\n温暖而甜美的感觉涌上心头。"
    },
    {
        "name": "スイカズラ",
        "message": "「喂……差不多该动了吧\\n要是不好好做到最后，我可就不去上其他课了哦？」"
    },
    {
        "message": "无法抵挡涌上心头的甜蜜。\\n身心都被学生引导着。"
    },
    {
        "name": "スイカズラ",
        "message": "「嗯啊……哈呢……就是这样\\n嗯嗯啊……哈啊……哈啊呢」"
    },
    {
        "message": "除了身体，小小的阴道中也传来爱液的声音。\\n在湿润而淫荡的拥抱感中，喘息声溢出。"
    },
    {
        "name": "スイカズラ",
        "message": "「老师……欺负你真的很舒服……呼……嗯……而且在这里做，特别兴奋……」"
    },
    {
        "name": "スイカズラ",
        "message": "「穿着制服……在放学后的教室里……和老师做爱什么的……呼……嗯……绝对危险……嘿嘿，让人毛骨悚然♪」"
    },
    {
        "message": "忘记了她是个寻求刺激的人。"
    },
    {
        "name": "スイカズラ",
        "message": "「嗯，老师也一起享受一下吧？既然已经插进来了……后悔可是很无聊的哦？」"
    },
    {
        "name": "スイカズラ",
        "message": "「而且，你看……老师的小弟弟……开心，开心地在高兴着呢。女生的小穴……会让人兴奋的哦？」"
    },
    {
        "message": "并不是这样。虽然西瓜藤很有魅力，但并不是沉溺于肉欲之中。只是为了上课而已。并不是被下半身所控制。"
    },
    {
        "message": "必须想办法挤出来。确实有必要挤出来。"
    },
    {
        "name": "スイカズラ",
        "message": "「是吗……呼……嗯……原来如此……♪」"
    },
    {
        "message": "红色的双眸中闪烁着妖异的光芒。"
    },
    {
        "name": "スイカズラ",
        "message": "「那么……嗯……嗯……这样的话，怎么样呢？」"
    },
    {
        "message": "阴道收缩。声音泄露出来。\n狭窄的蜜壶变得更加狭窄，\n纯洁的肉褶子缠绕在龟头的沟槽上。"
    },
    {
        "name": "スイカズラ",
        "message": "「其实，对学生进行性侵犯……会很舒服的吧？」"
    },
    {
        "name": "スイカズラ",
        "message": "「不成熟，不像大人一样……\n对于无法没有父母就无法生存的弱小生物……\n嗯……像这样将其变成自己的东西，非常令人兴奋」"
    },
    {
        "name": "スイカズラ",
        "message": "「你看……你看……小弟弟很高兴呢？\n学生的小穴，感觉很舒服……变成自己的形状，感觉很舒服\n老师的下半身已经完全变成了侵犯雌性的雄性了哦？」"
    },
    {
        "message": "意识被吸引过去。\n视线被西瓜藤红色的瞳孔吸引住。"
    },
    {
        "message": "从小小的嘴唇中溢出的温言，渗入心灵的褶皱。\n能够感受到某种东西正在融化。"
    },
    {
        "name": "スイカズラ",
        "message": "「不要撒谎……要诚实一点？\n我……希望你变得诚实\n我想听你说我的小穴……很舒服」"
    },
    {
        "message": "回想起来，西瓜藤也是个天才。\n即使不上课，每次考试都满分。\n在学业方面，是学园里的顶尖人物。"
    },
    {
        "message": "那么，就是这样了吗？\n如果是天才的话，只用低语的亲密言辞就能融化伦理吗？"
    },
    {
        "name": "スイカズラ",
        "message": "「不要忍耐……请好好告诉我？」"
    },
    {
        "message": "在摇曳的银发下，红色的眼睛湿润得淫荡。"
    },
    {
        "name": "スイカズラ",
        "message": "「这样抱着我……并不是为了上课吧？\n我的小穴，感觉很舒服……\n因为危险才让你感到舒服吧」"
    },
    {
        "message": "忍耐着。拼命忍住即将迸发的回答。\n但那是毫无意义的事情。\n身体自动地回应了西瓜藤的引诱。"
    },
    {
        "name": "スイカズラ",
        "message": "「啊，啊呜！啊，啊啊！果然，是这样的呢\n啊，啊呜！啊，啊啊！」"
    },
    {
        "message": "桌子发出悲鸣声，在傍晚的教室中回荡。\n腰部动作加速，不断刺入浅浅的阴道深处。"
    },
    {
        "message": "不用说，就是子宫口。\n被西瓜藤的亲密言辞引诱着，\n危险的本能超越理性迸发出来。"
    },
    {
        "name": "スイカズラ",
        "message": "「这、这个，太棒了！哈、呀！嗯、啊呜！\n绝对、太危险了！嗯啊、啊啊！想到了危险的事情！」"
    },
    {
        "message": "西瓜藤的微笑更加深沉。\n红色的双眸紧紧抓住了本能。"
    },
    {
        "name": "スイカズラ",
        "message": "「老、师！想要中出去！」"
    },
    {
        "name": "スイカズラ",
        "message": "「因为今天是危险日！啊，啊啊！\n想要里面射进来！用老师的精子，让我怀孕！」"
    },
    {
        "message": "于是，理性完全崩溃了。"
    },
    {
        "name": "スイカズラ",
        "message": "「啊，啊啊啊啊啊啊啊！\n来了！来了！深入里面了！阴茎，进来好多呢！」"
    },
    {
        "message": "刺激、欲望和射精的冲动加快了腰部的动作。\n已经无法停下身心。"
    },
    {
        "name": "スイカズラ",
        "message": "「就这样进来吧！可以让学生怀孕的哦！」"
    },
    {
        "name": "スイカズラ",
        "message": "「哈，啊啊啊！老师的宝宝！虽然还是学生！\n在教室里，穿着制服！\n接受老师的精子，受精了！\n太棒了！感觉一阵阵，停不下来呢！」"
    },
    {
        "name": "スイカズラ",
        "message": "「快点射出来，老师！赶快射出来啊！！\n用老师的精子，让我怀孕啊啊啊啊啊啊啊啊！」"
    },
    {
        "name": "スイカズラ",
        "message": "「嗯嗯～～～～～！子宫，已经充满了！\n呼啊啊啊啊啊啊啊啊啊啊！」"
    },
    {
        "message": "西瓜藤的娇声和操场上的部活声音，\n让阴茎不停地跳动。\n此刻此时此地，让人深刻感受到自己做了什么。\n真的是，疼得要命……。"
    },
    {
        "message": "但这是一种美好而甜蜜的痛楚。"
    },
    {
        "name": "スイカズラ",
        "message": "「……呵呵，如果是这种感觉，果然还是没关系的」"
    },
    {
        "message": "西瓜藤喃喃自语着，像是松了口气。\n这是什么意思呢。\n各种情绪在脑海中涌动，让人有些迷茫。"
    },
    {
        "name": "スイカズラ",
        "message": "「没什么……不用在意\n比起这个……约定」"
    },
    {
        "name": "スイカズラ",
        "message": "「你一直陪着我到最后……\n为了老师的努力，我也会去上其他的课程吧」"
    },
    {
        "message": "虽然她带着含蓄的表情让人在意，但暂且先高兴起来吧。"
    },
    {
        "message": "如果一直纠结于这个问题，只会让自己更加困扰。\n必须尽快离开这个地方。"
    }
]