[
    {
        "name": "スイカズラ",
        "message": "「有些想试试的事情\n需要你的帮助」"
    },
    {
        "message": "在熄灯后，西瓜藤来访并说道。"
    },
    {
        "message": "到底是什么呢。\n如果有我能做的事情，无论是什么都愿意协助。"
    },
    {
        "name": "スイカズラ",
        "message": "「谢、谢谢\n那就拜托了」"
    },
    {
        "message": "西瓜藤用手拍了一下我的胸口。"
    },
    {
        "message": "刹那间，我意识到自己的身体倒在了床上。\n这也是刺客的技巧之一吗。\n真是令人惊讶。"
    },
    {
        "message": "然而，很快我又遇到了更加惊讶的事情。"
    },
    {
        "name": "スイカズラ",
        "message": "「要不要做爱呢」"
    },
    {
        "name": "スイカズラ",
        "message": "「虽然我并不爱你，\n但是爱情这东西真是麻烦。\n因为没有经验，不知道该怎么处理」"
    },
    {
        "name": "スイカズラ",
        "message": "「所以，总之先做爱\n说不定这种烦恼就会消失了」"
    },
    {
        "name": "スイカズラ",
        "message": "「嗯，硬了……\n团长的小弟弟……好大啊」"
    },
    {
        "message": "只凭手法和低语，勃起的阴茎被西瓜藤纤细的手指引导着"
    },
    {
        "name": "スイカズラ",
        "message": "「那……要插进来了哦？」"
    },
    {
        "name": "スイカズラ",
        "message": "「呼啊……嗯呜……嗯呜呜呜呜……啊」"
    },
    {
        "message": "西瓜藤的阴道湿润而温暖。"
    },
    {
        "message": "与身材相符，浅窄之中紧紧缠绕着。带来无意识的喘息般的快感。"
    },
    {
        "name": "スイカズラ",
        "message": "「嘿嘿……好舒服\n小小的我，淫荡的小阴户……感觉到颤抖，好舒服」"
    },
    {
        "name": "スイカズラ",
        "message": "「可以的……就这样，全部感受吧……\n尽情享受，好舒服的感觉吧……」"
    },
    {
        "message": "我凑近过去，西瓜藤低声说道。"
    },
    {
        "name": "スイカズラ",
        "message": "「不用客气……我天生就是个淫荡的身体……」"
    },
    {
        "name": "スイカズラ",
        "message": "「我们家族就是这样的……作为刺客，从事间谍活动，利用身体是必要的」"
    },
    {
        "name": "スイカズラ",
        "message": "「所以，不用在意……不需要顾虑\n成年人之类的，无所谓\n好好地当个成年人的小鸡鸡……变得很可怜吧？」"
    },
    {
        "message": "甜蜜的低语也许也是与体质一样家传的东西。"
    },
    {
        "message": "诱惑、蜜罐。\n进入心灵深处的甘美手段。"
    },
    {
        "message": "作为成年男性的气概、自尊和道德观\n被温柔而纵容地削弱着。"
    },
    {
        "name": "スイカズラ",
        "message": "「啊……里面一阵抽搐」"
    },
    {
        "name": "スイカズラ",
        "message": "「团长的大家伙……稍微动一下就能感觉到\n一直到我最深处……子宫的地方\n好饱满……小鸡鸡，好帅」"
    },
    {
        "message": "低语声让我全身一颤。"
    },
    {
        "message": "无法用理性控制。\\n对于甜蜜的屈辱变得更加敏感。"
    },
    {
        "name": "スイカズラ",
        "message": "「你真是个敏感的人呢……那么，更加……敏感一点怎么样？」"
    },
    {
        "name": "スイカズラ",
        "message": "「首先……专注在嘴上\\n小小的我和你亲吻……要多多亲吻哦」"
    },
    {
        "name": "スイカズラ",
        "message": "「啊嗯……嘟嘟……吸吮……嗯咕……舔舐」"
    },
    {
        "message": "平时不会使用的彬彬有礼的说话方式也是一种技巧。"
    },
    {
        "message": "那些稍微带点疑问的从容不迫，\\n在像糖浆一样的西瓜藤的舌技下迅速融化了。"
    },
    {
        "name": "スイカズラ",
        "message": "「啊……团长的嘴巴……喜欢……亲吻、吸吮\\n喜欢你的味道……成年人的味道……男人的味道……」"
    },
    {
        "name": "スイカズラ",
        "message": "「在肚子深处……咕咕地翻腾着……\\n啾……吸吮……嗯咕咕……啾啦啦……吸吮」"
    },
    {
        "name": "スイカズラ",
        "message": "「团长……要更加……心跳加速吗？\\n多多地……尝试舌吻吧？」"
    },
    {
        "message": "舔舐着口腔，追随牙床的轨迹。\\n仿佛被西瓜藤触及灵魂一般的感觉。"
    },
    {
        "message": "此外，腰部也开始摇动。\\n她的两个嘴巴舔吮着我的舌头和阴茎。"
    },
    {
        "name": "スイカズラ",
        "message": "「啊……哈……嗯……\\n怎么样，团长……？\\n我的性爱……感觉好吗？」"
    },
    {
        "message": "西瓜藤离开我的嘴唇，滴下银色的线，用鼻子问道。"
    },
    {
        "message": "除了回答感觉好之外，没有其他选择。\\n即使是回答也变成了喘息之声，变得沙哑无力。"
    },
    {
        "name": "スイカズラ",
        "message": "「这样啊……感觉好啊」"
    },
    {
        "message": "西瓜藤眯起了眼睛。\\n眼瞳深处渗出了一丝温暖的东西。"
    },
    {
        "name": "スイカズラ",
        "message": "「如果感觉好的话……我会让你更加、更加舒服」"
    },
    {
        "name": "スイカズラ",
        "message": "「所以……再说一遍？」"
    },
    {
        "message": "鼻尖相触。\\n西瓜藤的双眸充满了视野。"
    },
    {
        "name": "スイカズラ",
        "message": "「和我做爱，感觉好……再说一遍？」"
    },
    {
        "message": "瞬间，上半身跳动起来。"
    },
    {
        "message": "西瓜藤开始摆弄我的乳头。"
    },
    {
        "name": "スイカズラ",
        "message": "「啾……没关系……没关系……不会害怕的哦？\\n男孩子也可以和女孩子在一起……」"
    },
    {
        "name": "スイカズラ",
        "message": "「乳头很舒服……变得淫荡了，变得淫荡的地方」"
    },
    {
        "name": "スイカズラ",
        "message": "「看着……集中哦，集中\\n这次，集中在乳头、阴茎和嘴巴上\\n啾……啾噗……嗯姆……嘟噗」"
    },
    {
        "message": "三点刺激。\\n从三个地方，不同的极致快感渗入大脑。"
    },
    {
        "name": "スイカズラ",
        "message": "「嘴巴，嘟噗嘟噗……乳头，咔哧咔哧……\n阴茎……噗噗……感受吧，团长……尽情地感受吧……」"
    },
    {
        "message": "舌头像在吃糖一样舔着。\n乳头像玩具一样被折磨。\n阴茎像小宝宝一样被哄着。"
    },
    {
        "message": "声音堵塞，呼吸变得急促。\n每一次呼吸都能闻到西瓜藤头发的香气，\n她甜蜜的唾液流入喉咙深处。"
    },
    {
        "message": "大脑被摧毁。\n西瓜藤彻底地、细致地打碎男人的气概和伦理。\n灵魂深处也被她染成了一片色彩。"
    },
    {
        "name": "スイカズラ",
        "message": "「团长……阴茎，涨起来了呢……\n龟头，鼓鼓的……精液上涌了起来……」"
    },
    {
        "name": "スイカズラ",
        "message": "「射精……想要吗？ 嘟噗……噗噗……嘟噗\n在我里面……种下宝宝的种子……想要射精吗？」"
    },
    {
        "message": "想要射出来，想要射出来，想要满足。\n心身都被一股念头凝固住。"
    },
    {
        "message": "但是，声音出不来。\n如果有这样的时间，我宁愿多啜饮她的唾液一秒钟。"
    },
    {
        "name": "スイカズラ",
        "message": "「这样啊……嘟噗……噗噗……\n那就射出来吧……在我里面，弄得鼓鼓的吧」"
    },
    {
        "message": "西瓜藤用眼神理解了我的可悲自私。"
    },
    {
        "name": "スイカズラ",
        "message": "「啾……嘟噗……噗……\n榨取宝宝的种子给你……\n不用忍耐哦？」"
    },
    {
        "message": "她不是用耳朵，而是用口中低语，\n西瓜藤加快了抽插的速度。"
    },
    {
        "name": "スイカズラ",
        "message": "「嗯啊……哈啊……嗯啊……\n唔呜……啊啊……呼啊……唔呜」"
    },
    {
        "message": "并不激烈。\n缓慢而深入地吸吮，\n像深深地吸引着一样充满爱意的动作。"
    },
    {
        "message": "无法忍耐。也不想忍耐。\n将阴茎、乳头和舌头都奉献给她，\n将心身交托于逼近的热情中。"
    },
    {
        "name": "スイカズラ",
        "message": "「啾……嗯噗……好了哦……让我……让我\n在子宫深处……啾……噗」"
    },
    {
        "name": "スイカズラ",
        "message": "「射得多一点……噗噗地射吧……？\n子宫里，充满了……啾啾……嗯呜……\n呼啊……嗯啊……哈呜」"
    },
    {
        "name": "スイカズラ",
        "message": "「好哦……给我吧\n啾……嘟噗……咀噜\n用硬硬的精子……在我身体里，种下宝宝的种子吧？」"
    },
    {
        "name": "スイカズラ",
        "message": "「嗯啊……对，就是那样……要不要一起出来呢？」"
    },
    {
        "name": "スイカズラ",
        "message": "「想象着侵犯我的卵子……一起进行种植，射精……一起多多地做吧……啾……嘟噗」"
    },
    {
        "message": "高潮明显同时到来。\n然而，西瓜藤在接受彼此高潮的同时，还继续吸吮着。"
    },
    {
        "message": "在被这种幸福感包围的同时，本能地完全侵犯着天真无邪的子宫。"
    },
    {
        "message": "一次又一次地重复，不停地。即使连接处已经染白，阴茎仍然持续跳动。"
    },
    {
        "name": "スイカズラ",
        "message": "「哈啊……哈啊……哈啊……都出来了吗？」"
    },
    {
        "message": "余韵过去后，当我的理智恢复时。\n西瓜藤用平常的声音询问道。"
    },
    {
        "message": "当然了，我这样回答。\n然后我也向她提出问题。"
    },
    {
        "message": "西瓜藤的困扰解决了吗？"
    },
    {
        "name": "スイカズラ",
        "message": "「太勉强了」"
    },
    {
        "message": "回答迅速。"
    },
    {
        "message": "然而，尽管没有达到期望的发展，但在她凝视着我的双眸中，并没有失望的表情。"
    },
    {
        "name": "スイカズラ",
        "message": "「团长，被我的责难刺激得太舒服了，你这样反应真不像话」"
    },
    {
        "name": "スイカズラ",
        "message": "「多亏了你……我对你更加喜欢了，烦恼的原因变得更加强烈了」"
    },
    {
        "name": "スイカズラ",
        "message": "「真是的……都是因为你，我又要为此烦恼一段时间了，真是麻烦……真的很麻烦」"
    },
    {
        "message": "西瓜藤摇了摇头，发出一声叹息。\n然而，在她嘴角浮现的只有轻快的苦笑。"
    }
]