[
    {
        "name": "コルベット",
        "message": "「团长大人……被盯得这么瞪瞪地看，\\n感觉动起来有点不方便，或者说，果然还是挺害羞的……\\n啊，并不是说不希望你看，只是……！」"
    },
    {
        "message": "穿上魔女装束的科尔维特被盯得太久了。\\n她一边不舒服地整理着衣服的下摆，一边脸颊泛红。\\n不过，更想好好欣赏她的身姿。"
    },
    {
        "message": "于是突然间想到，如果她是魔女，\\n我就提议成为她的使魔。\\n对于这个突飞猛进的提议，科尔维特歪了头。\\n魔女可以对使魔下达任何命令，我还加了一句。"
    },
    {
        "name": "コルベット",
        "message": "「诶？ 我要向团长大人……发号施令吗……！？\\n那、那是绝对不允许的……！\\n明明是被使用的一方的我，居然对团长大人下命令……」"
    },
    {
        "message": "虽然科尔维特一边摇着头，一边表示任何命令都会听从，\\n但她似乎对能听到任何命令感到很有吸引力。\\n不一会儿，她有些局促地窥视着这边，嘟哝着说出了一些话。"
    },
    {
        "name": "コルベット",
        "message": "「……任、任何命令都……会听从吗？\\n那个……那么，请把眼睛……闭上……！\\n嗯，就这样静静地……呢？ 嗯，啾」"
    },
    {
        "message": "按照她的吩咐闭上眼睛，感觉到嘴唇上有柔软的触感。\\n看来被吻到了，但动作没有按命令进行。\\n确认了这一点后，科尔维特多次把嘴唇贴在一起。"
    },
    {
        "name": "コルベット",
        "message": "「嗯，啾……啾……嗯……啾，扑哈……！\\n唔，团长大人……请睁开眼睛……嗯，那个……\\n请和我……发生关系……！」"
    },
    {
        "name": "コルベット",
        "message": "「请用团长大人的身体，多多地让我感觉舒服……！\\n紧紧地拥抱我……就算有点粗鲁也没关系，\\n让我的脑海……变得一片空白，做一些淫荡的事情……！」"
    },
    {
        "message": "羞愧地脸红着，科尔维特说道。\\n作为使魔，必须要实现主人的愿望。\\n按照她的要求，我紧紧地拥抱着她的身体。"
    },
    {
        "name": "コルベット",
        "message": "「啊，嗯……团、团长先生……嗯，啊！\\n好、好厉害……团长先生的肉棒……抬起头来……！\\n啊嗯……还、还站着不动吗……？ 唔啊……！」"
    },
    {
        "message": "从后面拥抱住她的身体，抓住一条腿将其抬起。\\n像钻入张开的双腿中那样，将腰拉向她。\\n然后直接将勃起的东西对准科尔维特身体的中心。"
    },
    {
        "message": "虽然听从了她的话，但有点兴奋，血液涌向头脑，\\n感觉有点过于粗暴。\\n突然担心科尔维特的身体，轻声问了一句。\\n现在还来得及回头的。"
    },
    {
        "name": "コルベット",
        "message": "「嗯，没、没事的……所以……现在别担心……\\n团长先生，身为我的主，务必听从我的命令……！\\n就这样……嗯，快一点把那个硬硬的……插进来……！」"
    },
    {
        "name": "コルベット",
        "message": "「我已经……无法忍耐了……！\\n那坚硬的东西，想要，想要得不得了……嗯，\\n脑海中，都是些淫荡的事情……所以，快点……！」"
    },
    {
        "message": "被像撒娇一样的命令，也没办法。\\n科尔维特现在的声音似乎有让理性变得淡薄的作用。\\n挺起腰部，将阴茎沉入泥泞之中。"
    },
    {
        "name": "コルベット",
        "message": "「啊，啊啊……！ 嗯嗯……！ 嗯嗯……！\\n哈啊，哈啊……！ 进来了……！\\n团长先生的，肉棒……啊啊，来了……！」"
    },
    {
        "message": "龟头穿越紧闭的阴道，深入她的深处。\\n湿润的阴道褶皱纠缠在整根阴茎上。\\n一边享受着快感，一边迅速开始摆动腰部。"
    },
    {
        "name": "コルベット",
        "message": "「啊，嗯……！ 这、这么快就动……啊！\\n明明刚刚才插进来……嗯，啊啊……！」"
    },
    {
        "message": "不会刻意刺激科尔维特的阴道。\\n今天决定按她的意愿，来点粗暴。\\n另一方面，我们能迅速感受到快感，心情也变得愉悦。"
    },
    {
        "name": "コルベット",
        "message": "「在我的里面……团长先生在暴动着……嗯，啊啊！\\n深入，感觉好像被猛烈地顶撞一样……！\\n嗯，啊啊，好厉害……好、激烈……嗯，嗯嗯……！」"
    },
    {
        "name": "コルベット",
        "message": "「这样的事……嗯……第一次……啊啊，！\\n团长先生，嗯，啊……好厉害，呀……！\\n嗯，啊啊，啊啊……！」"
    },
    {
        "message": "在强烈的刺激下，科尔维特无所顾忌地张开嘴，发出淫荡的声音。\\n似乎完全感受不到疼痛。\\n确认了这一点后，我伸出手臂触摸她的乳房。"
    },
    {
        "message": "每次扭动腰部，充满弹性的胸部都会摇晃，\\n从根本上用手掌充分揉搓。\\n柔软、有弹性的感触仅仅触摸就很舒服。"
    },
    {
        "name": "コルベット",
        "message": "「嗯，嗯……胸部也，不要那么用力……！\\n啊啊……嗯，啊啊，\\n这、这样会留下痕迹的……！\\n嗯，啊啊，太、太紧了……唔啊……！！」"
    },
    {
        "message": "毫不客气地揉搓丰满的乳房。\\n似乎是被侵犯的刺激激发，乳头挺立起来。\\n这次用指尖夹住挺立的部分进行刺激。"
    },
    {
        "message": "对于这样的胸部抚摸，科尔维特的身体颤抖了几下。\\n伴随着她的反应，阴道也紧紧地收缩，可以感受到强烈的收缩。"
    },
    {
        "name": "コルベット",
        "message": "「啊……！ 嗯，那里，啊，不要……！\\n乳头，被摘住了……嗯，啊啊……！\\n感觉，太强烈了……嗯，啊啊，嗯嗯……！！」"
    },
    {
        "message": "科尔维特发出沉闷的声音。\\n支撑她身体的腿和手臂的力量松弛，颤抖着。\\n看到她的样子，担心自己做得太过火了。\\n一边扶着她的身体，一边问她还好吗。"
    },
    {
        "message": "然后，科尔维特湿润的眼眸盯着这里，\\n带着粗重的呼吸，她说道。"
    },
    {
        "name": "コルベット",
        "message": "「团长先生现在是我的使魔，明白吗……？\\n所以，只需要听从主人的话……嗯，只要听主人的话就好了……！\\n嗯，不需要担心……！」"
    },
    {
        "name": "コルベット",
        "message": "「对于说出这种傲慢话的使魔小姐……就是这样……！\\n嗯，啾，啾啾……舔一舔……啰啦……啰啦啰……！」"
    },
    {
        "message": "在她陶醉的表情下，科尔维特突然伸出美丽的面容吻了过来。\\n直接伸入我的口中，\\n贪婪地吸吮着唾液。"
    },
    {
        "message": "对于这淫荡的行为，我的理性完全失去了。\\n加强腰部动作，也用嘴唇游走吸吮着舌头。\\n在激烈的深吻中，我们交融在一起。"
    },
    {
        "name": "コルベット",
        "message": "「嗯嗯，啾，啾啾啾……！ 啾啪啾啪……！\\n嗯嗯……呼啊，啊，啊啊，激烈的，好舒服……！\\n团长先生，变成了兽……啊啾，啾啾……！」"
    },
    {
        "name": "コルベット",
        "message": "「啊嗯，啾啾舔舔舔……！ 啾啪啾啪……！\\n嗯咕……啊，喜欢啊，吻，好舒服……！ 啾啪！\\n口腔里，也被团长先生的吻所感染……！」"
    },
    {
        "message": "吻增加了科尔维特的敏感度，她的阴道收缩着。\\n看起来她快要达到顶点了。"
    },
    {
        "name": "コルベット",
        "message": "「啊，要来了……被团长先生强烈侵犯，要高潮了……！\\n啊，团长先生，喜欢你……喜欢啊……！\\n嗯，啊，要高潮了，感觉好舒服……！」"
    },
    {
        "name": "コルベット",
        "message": "「啊，啊，啊啊……嗯，啊啊啊啊啊……！！！！！」"
    },
    {
        "name": "コルベット",
        "message": "「啊嗯嗯……！ 嗯嗯，啊啊，啊啊……！\\n高潮了……啊……\\n团长先生的精液……流到了里面……！」"
    },
    {
        "message": "把阴茎插入阴道，射精。\\n大量浑浊的精液喷射进了阴道。"
    },
    {
        "name": "コルベット",
        "message": "「嗯嗯……好厉害，好多出来了……嗯嗯……\\n不过，啊……团长先生的肉棒，还是硬的……\\n还有，还有……你还会让我感觉舒服吗？」"
    },
    {
        "name": "コルベット",
        "message": "「嗯嗯……再，再强烈一点，才行……\\n我的，命令……你会听从的，对吧……？」"
    },
    {
        "message": "被妖娆微笑的科尔维特引诱，\\n重新开始停下的腰部动作。"
    }
]