[
    {
        "name": "タケ",
        "message": "「总觉得回到了过去的感觉……\\n这个地方，在被封印之前什么都没有改变……」"
    },
    {
        "message": "凝视着水面上的月亮，タケ深有感触地低声说道。"
    },
    {
        "message": "这里是贝尔加莫特山谷的一个秘汤。\\n是タケ带我来的最喜欢的地方，\\n在欣赏周围美景的同时悠闲地享受着混浴。"
    },
    {
        "message": "然而，逐渐意识到自己的目光被其他东西吸引。\\n比月亮和红叶更加妖艳的东西就在身旁。"
    },
    {
        "name": "タケ",
        "message": "「……你在看着我呢\\n有什么事吗……？」"
    },
    {
        "message": "不慌不忙地追随着从月亮投射过来的目光。\\n坦率地承认自己对タケ火热的肌肤和湿漉漉的头发产生了迷恋。"
    },
    {
        "message": "而且，已经无法仅仅只是迷恋了。\\nタケ将纤细的肩膀拥入怀中，轻声在耳边低语着自己的渴望。"
    },
    {
        "name": "タケ",
        "message": "「就在这里，你要做吗……？\\n这种事情，还是回到旅馆再说吧……」"
    },
    {
        "message": "肩膀一颤，タケ红着脸低下了头。\\n传达出她罕见的羞耻和犹豫，虽然只是一瞬间。"
    },
    {
        "name": "タケ",
        "message": "「……不，没关系\\n您的要求，我很高兴……\\n请吧……团长大人，请抱紧我」"
    },
    {
        "message": "经过一点点的犹豫，心脏开始急速跳动。\\n在前戏结束后，我移开泳衣，让龟头触碰到タケ火热的肌肤上，\\n紧张感涌上心头，水面上泛起微澜。"
    },
    {
        "name": "タケ",
        "message": "「啊，团长大人……」"
    },
    {
        "message": "湿润的眼神将我拉近。\\n她纤细的身体与我紧密贴合，\\n双唇互相交融。"
    },
    {
        "name": "タケ",
        "message": "「嗯，啾……啾噗……你在里面……\\n啾，你的热量……呼，嗯呜呜呜」"
    },
    {
        "message": "当到达尽头时，\\n充盈的呼吸从她口中喷涌而出。"
    },
    {
        "message": "那甜美和舒适的阴道压力充满了幸福。\\nタケ也一样，她的喘息散发着淫靡的气息。"
    },
    {
        "message": "然而，她似乎仍然感到羞耻。\\n在抚摸她的乳房时，我安抚着她，告诉她只有我们两个人在这个时刻。"
    },
    {
        "name": "タケ",
        "message": "「呼……嗯呜……我知道\\n现在这个时代，知道这个秘汤的，大概只有我一个人吧……\\n除了动物之类的吧」"
    },
    {
        "message": "那么，他在担心什么呢？"
    },
    {
        "name": "タケ",
        "message": "「那个是……」"
    },
    {
        "message": "蒙着蒸汽的脸上，再次出现了犹豫。"
    },
    {
        "name": "タケ",
        "message": "「不……我会回答的\\n我不想拒绝团长大人的问题……」"
    },
    {
        "message": "摇了摇头，タケ勉强给出了答案。"
    },
    {
        "name": "タケ",
        "message": "「这个秘汤是和公主……和妹妹的回忆之地\\n只属于我们两个人的，秘密之地」"
    },
    {
        "message": "这就是她在求之时和现在表现出犹豫的原因吗？\\n她说出的话中带着怀旧的伤感。"
    },
    {
        "message": "下意识地道歉着。\\n虽然有点晚了，但行为还是中断吧。\\n不能玷污和妹妹的回忆之地。"
    },
    {
        "name": "タケ",
        "message": "「团长大人……」"
    },
    {
        "message": "タケ的脸颊变红了。\\n但那并不是羞耻的颜色。"
    },
    {
        "name": "タケ",
        "message": "「呵呵……您的好意，我心存感激\\n但是……不必担心我」"
    },
    {
        "name": "タケ",
        "message": "「我现在忠诚的对象不是公主，而是团长大人\\n我愿为您服务，满足您的要求才是我的愿望」"
    },
    {
        "name": "タケ",
        "message": "「我的身体也……就是这样说的\\n嗯……请尽情感受吧」"
    },
    {
        "message": "快感从连接处渗透开来。\\n被爱液包裹着的媚肉，仿佛在诉说着请不要离开一样缠绕着。"
    },
    {
        "name": "タケ",
        "message": "「这都是自作主张导致的……\\n您的关怀让我很高兴……\\n虽然本以为已经到了极限，\\n但我对团长大人的喜欢却越来越深了……」"
    },
    {
        "name": "タケ",
        "message": "「已经无法再等到宿舍了……呼啊啊嗯！」"
    },
    {
        "message": "腰部自行动了起来。"
    },
    {
        "name": "タケ",
        "message": "「呼啊、啊嗯！团长大人、团长大人啊……！\\n对、对了……请这样下去！深入我内部，爱我吧！嗯啊、呼啊啊嗯！」"
    },
    {
        "message": "在平时冷静的情况下，被タケ的热情告白激起了欲望。\\n纤细的身体颤抖着，水溅起来。"
    },
    {
        "name": "タケ",
        "message": "「肚子里好热……热热的，好舒服！\\n啊，啊呜！深处、入口都被你撕裂，好厉害……！」"
    },
    {
        "name": "タケ",
        "message": "「再多一点……请多多地来……！\\n我是你的人！嗯，啊啊啊！\\n身体和心灵都是团长大人的，只属于您……！」"
    },
    {
        "message": "羞耻消失了，犹豫也不再存在。\\nタケ娇声回荡在夜空中。"
    },
    {
        "name": "タケ",
        "message": "「啊，请……再一次亲吻我……！\\n再、再来一次吻……拜托了，拜托了……！」"
    },
    {
        "name": "タケ",
        "message": "「噗嘟……嗯呜，嘟噗呜呜……！\\n呜啊，啊……嗯咕咕，嗯呜呜呜！」"
    },
    {
        "message": "タケ的舌头缠绕在一起，仿佛在欢迎一样。\\n淫荡的唇音装点着水声的喧闹。"
    },
    {
        "name": "タケ",
        "message": "「我很幸福……嗯啾，噗呜呜！\\n啊，团长大人……我爱您，团长大人啊……！」"
    },
    {
        "name": "タケ",
        "message": "「一直、都想这样……一直、相连着……！\\n把一切都给您，嗯啾，噗呜！献上、噗噜呜呜！」"
    },
    {
        "message": "タケ已经不再看月亮。\\n她擦着鼻子，只看着我的双眸。"
    },
    {
        "message": "她用舌头舔出我的口水，送入自己的口中。\\n像爱液一样溢出的口水的甜蜜意识到连接处，\\n她意识到自己已经变得湿润，并且兴奋起来。"
    },
    {
        "name": "タケ",
        "message": "「噗啊……嗯呜！嗯啊，啊呜呜！\\n这么小的东西……您爱我吗……！」"
    },
    {
        "message": "不再是为了安抚她，而是任由欲望驱使，\\n用手指挑逗乳头。\\nタケ的娇声变得更高亢，双眸陶醉而迷离。"
    },
    {
        "name": "タケ",
        "message": "「啊呀，啊啊！嗯啊，啊啊呜！\\n胸部、肚子里……都被团长大人填满了……！」"
    },
    {
        "name": "タケ",
        "message": "「在这里，在这个地方……和公主的回忆之地，我……！\\n放声大笑地……！呼啊，啊啊啊！」"
    },
    {
        "name": "タケ",
        "message": "「啊，啊啊，想要……！请您，把我……弄得淫荡一点……！\\n团长大人，请随您喜欢地、淫荡地对待我……！」"
    },
    {
        "message": "甜美的声音让背脊一阵发麻。\\n热情燃烧着大脑和下腹部，从肚子底部滚动着精液。"
    },
    {
        "name": "タケ",
        "message": "「呼啊，哈啊呜！团长大人，好激烈……！\\n您用我来射精……！呼啊，哈啊，啊啊啊！」"
    },
    {
        "name": "タケ",
        "message": "「请……就这样，和我一起……！在这里，和我一起……！\\n在与公主的回忆之地……！给我！哈啊，啊啊！给我吧！」"
    },
    {
        "name": "タケ",
        "message": "「嗯，嗯呜呜啊啊啊呜呜呜嗯嗯……啊！！」"
    },
    {
        "message": "在娇声中，最后一次深入射精。"
    },
    {
        "message": "面对高潮和精液的热度，タケ敞开喉咙接受。\\n即使射精结束，她那淫靡而可爱的姿态仍然让人心醉。"
    },
    {
        "name": "タケ",
        "message": "「呼……嗯嗯……嗯嗯啊……里面，好热……\\n啊，啊啊，团长大人的种子，这么多……」"
    },
    {
        "name": "タケ",
        "message": "「啊……感谢您的慈悲\\n仿佛子宫都被浸泡在温泉中一样……」"
    },
    {
        "name": "タケ",
        "message": "「被您填满，我感到非常幸福……」"
    },
    {
        "message": "摇晃着娇小的乳房，タケ陶醉地呻吟着。"
    },
    {
        "name": "タケ",
        "message": "「一开始还担心会怎样……\\n但事实证明，担心是多余的\\n这样刺激的夜晚，是我生平第一次」"
    },
    {
        "name": "タケ",
        "message": "「再次……来到这里吧\\n那个时候，请务必再次寻求我，团长大人……」"
    }
]