[
    {
        "name": "ジュズダマ",
        "message": "「嘿嘿，今天……\\n为了我心爱的团长，我特意做了特别的巧克力」"
    },
    {
        "message": "这是什么样的巧克力呢。\\n我满怀期待地问笑着的珠珠玉，\\n她拿出一杯冰凉的巧克力饮料给我看。"
    },
    {
        "message": "但她没有把它递给我，\\n而是引导我走向床。"
    },
    {
        "name": "ジュズダマ",
        "message": "「就是这样……嗯、嗯嗯♪」"
    },
    {
        "message": "珠珠玉脱下衣服，将饮料洒在敞开的乳房上。"
    },
    {
        "message": "我立刻明白了她的意图。\\n食欲和性欲同时涌动，下体产生了变化。"
    },
    {
        "name": "ジュズダマ",
        "message": "「团长……情人节快乐♪\\n请尽情品尝我的巧克力……好吗？」"
    },
    {
        "message": "被她的微笑所吸引，我俯身覆盖在她娇小的身体上，吸吮着她的乳房。"
    },
    {
        "name": "ジュズダマ",
        "message": "「啊……嗯嗯……舔舔，好帅气♪\\n不用客气，没关系的……呼……啊嗯」"
    },
    {
        "name": "ジュズダマ",
        "message": "「胸部和乳头都可以随便舔舔……\n想要插入的时候，用帅气的阳具……\n可以插进来哦……♪」"
    },
    {
        "message": "没有忍耐力的阴茎立刻渴望着阴道的温暖。"
    },
    {
        "name": "ジュズダマ",
        "message": "「没关系的……就这样继续舔舔吧\n阳具由我来……嗯、嗯嗯」"
    },
    {
        "message": "珠珠玉一边喘着气，一边将阴茎对准阴道口。"
    },
    {
        "message": "那里已经湿润了。\n只需稍微用力，就会被牢牢地吸入。"
    },
    {
        "name": "ジュズダマ",
        "message": "「呼啊……比平时大好多！\n你的阳具，比平时更帅气！\n啊呜呜呜呜呜……！」"
    },
    {
        "message": "她娇喘声中透露出淫荡，羞涩的乳房颤抖着。\n乳头已经勃起，\n被巧克力饮料淫秽地包裹着。"
    },
    {
        "name": "ジュズダマ",
        "message": "「哈哈……呼呼，乳头被好好地看到了」"
    },
    {
        "message": "珠珠玉害羞地笑了起来，没有掩盖住她的乳房。"
    },
    {
        "name": "ジュズダマ",
        "message": "「更多，更多……可以舔舔吗？\n吸吮、咬一口都没关系的」"
    },
    {
        "message": "怜爱地将上半身拉近。\n再次狠狠地吮吸着纤细的乳房。"
    },
    {
        "name": "ジュズダマ",
        "message": "「啊、啊呜……比刚才更有感觉了\n肚子饱饱的……因为被阳具塞满了」"
    },
    {
        "name": "ジュズダマ",
        "message": "「正在做爱，感觉好厉害……\n嗯呼……嗯啊……电流般的刺激」"
    },
    {
        "message": "珠珠玉的反应非常敏感。对舌头的动作很容易产生反应。\n吸住乳头舔食巧克力，她发出细微的喘息声，\n舔食乳晕上的巧克力，甜蜜的汗水从皮肤上渗出。"
    },
    {
        "name": "ジュズダマ",
        "message": "「舔得真好……嗯啊……哈啊……啊呜\n舔得真好……团长大人♪」"
    },
    {
        "name": "ジュズダマ",
        "message": "「拼命地舔着……好可爱\n在小小的胸前，拼命地舔舔……\n哈啊，啊啊……我的巧克力，怎么样？好吃吗？」"
    },
    {
        "message": "当我用撩人的目光回答好吃时，\n慈爱的微笑变得更加深沉。"
    },
    {
        "name": "ジュズダマ",
        "message": "「嘿嘿嘿……非常开心♪\n肚子里，心里……都变得热热的♪」"
    },
    {
        "name": "ジュズダマ",
        "message": "「嘿，团长大人……\n能给我也喂点巧克力吗？」"
    },
    {
        "message": "珠珠玉不是伸出自己的手，\n而是看着我的嘴唇请求着。"
    },
    {
        "message": "我立刻明白了她的意图。\n舔掉附着在乳房上的巧克力，\n接近她期待颤抖的嘴唇。"
    },
    {
        "name": "ジュズダマ",
        "message": "「嗯……啾啾……啾噜噜♪」"
    },
    {
        "message": "张开嘴唇，将舌头和巧克力送入。\n珠珠玉立刻开始吮吸起来。"
    },
    {
        "name": "ジュズダマ",
        "message": "「啾噗……噗噗噗……\n好好吃……♪ 啾啾，吮吸♪」"
    },
    {
        "message": "即使巧克力已经没有了，接吻还没有结束。\n小小的舌头继续舔舐着我口腔和舌头上的微弱残留。"
    },
    {
        "name": "ジュズダマ",
        "message": "「啾噗……脑袋变得糊糊的\n你的口水和巧克力混合在一起……嗯啾啾，吮吸吮吸\n非常好吃呢……♪」"
    },
    {
        "name": "ジュズダマ",
        "message": "「再给我一点点……♪\n噗噗……啾啾……啾噗噗♪」"
    },
    {
        "message": "舌头交织的触感让意识陶醉其中。\n就像蛞蝓交配一样的贴合感。"
    },
    {
        "message": "巧克力很甜，而珠珠玉的唾液也很甜。\n舌头的抚摸感就像是一种赞美，\n她咬住我的舌头，将自己的唾液送入我的口中。"
    },
    {
        "name": "ジュズダマ",
        "message": "「嗯咕……嗯，嗯呢，嗯嗯呢呢呢♪」"
    },
    {
        "message": "可以听到吞咽的声音。\n随着喉咙的动作，蜜壶也开始甜甜地咬合。"
    },
    {
        "name": "ジュズダマ",
        "message": "「呸啊……哈啊……嗯呢……团长大人\n肚子里，咕咕地不停地翻腾……」"
    },
    {
        "name": "ジュズダマ",
        "message": "「你的，那个东西也变得好粗好大……\n嗯……看起来很舒服呢」"
    },
    {
        "name": "ジュズダマ",
        "message": "「嘿嘿……动一动的话，应该更舒服的♪\n团长大人……你也这么认为吧？」"
    },
    {
        "message": "对于这种诱人的邀请，我无法忍耐。\n立刻送入抽插。"
    },
    {
        "name": "ジュズダマ",
        "message": "「啊啊……啊……那个东西，刺激得好爽♪\n太棒了……好帅气♪ 呼……哈啊……啊呢」"
    },
    {
        "name": "ジュズダマ",
        "message": "「我的肚子里……已经湿透了哦\n嗯啊……嗯啊……尽情地擦拭吧♪」"
    },
    {
        "message": "原本就很狭窄的阴道因为收缩而更加狭窄。\n缠绕的紧密感和微笑令人心旷神怡。\n用大幅度的冲刺细致地摩擦着浅浅的肉壶。"
    },
    {
        "name": "ジュズダマ",
        "message": "「啊啊，好深……嗯啊……唔\n宝宝的房间……咚咚，顶到了头部」"
    },
    {
        "name": "ジュズダマ",
        "message": "「我喜欢这个……哈啊……唔\n能够感受到帅气的你……\n哈啊……嗯啊……越来越敏感了！」"
    },
    {
        "message": "每次触碰到尽头，小小的身体都会兴奋地颤动。\n乳房也在颤抖着。"
    },
    {
        "message": "当乳房再次吸附上去时，\n蜜壶也再次无尽地吸附着。"
    },
    {
        "name": "ジュズダマ",
        "message": "「啊啊，好可爱♪\n亲亲乳房，好可爱呢……♪」"
    },
    {
        "name": "ジュズダマ",
        "message": "「喝个饱吧？\n呼啊……嗯啊……啊！」"
    },
    {
        "name": "ジュズダマ",
        "message": "「只有你才能喝到……！\n只属于你的巧克力哦……！」"
    },
    {
        "message": "身体颤抖，用淫靡的表情接纳一切的珠珠玉。"
    },
    {
        "message": "在背德的情人节中，理性融化了。\n射精的欲望涌上心头，腰部动作加速。"
    },
    {
        "name": "ジュズダマ",
        "message": "「啊啊，啊呜！嗯呀，啊啊啊！\n阴茎，顶顶，好帅气……！嗯呀，啊啊啊！」"
    },
    {
        "name": "ジュズダマ",
        "message": "「肚子里，全部都在摩擦……！\n乳房也是，乳房也是，全部都舒服！真舒服呀！」"
    },
    {
        "message": "即使被男人全力摇晃着，\n珠珠玉还是夸奖着我，宠爱着我。"
    },
    {
        "name": "ジュズダマ",
        "message": "「太厉害了，团长大人……♪\n你真的……真擅长让女孩子幸福……！」"
    },
    {
        "name": "ジュズダマ",
        "message": "「好帅气呀♪\n好了好了……我会给你很多很多的！」"
    },
    {
        "message": "无尽的赞美让心身燃烧起来。\n下腹部的热量被温柔地拽出。"
    },
    {
        "name": "ジュズダマ",
        "message": "「啊，啊啊，啊啊啊！龟头，涨得……！\n嗯呜，啊啊！要出来了……！\n精液，哗哗地……！射进我里面……！」"
    },
    {
        "name": "ジュズダマ",
        "message": "「你能射出来，我好开心……！好了好了，让我来吧！\n哈啊呜！嗯啊，啊啊啊！\n深一点，好了好了……！在宝宝的房间里，让我来吧！」"
    },
    {
        "message": "宽容的诉求推动着一切。\n嘴唇吸住，腰部开始摆动。"
    },
    {
        "name": "ジュズダマ",
        "message": "「嗯呼，噗呼，嗯呜呜……！\n放出来吧！填满深处！嗯姆呜！\n我也要，要一起……！一起达到高潮吧！」"
    },
    {
        "name": "ジュズダマ",
        "message": "「好帅气的精子……喔，在宝宝的房间里射进来吧！\n哈姆呜，噗呼呜呜呜♪」"
    },
    {
        "name": "ジュズダマ",
        "message": "「哇……！哈啊……哈啊……！\n啊啊，小弟弟，加油中……！精液，哗哗地喷出来，好厉害♪」"
    },
    {
        "name": "ジュズダマ",
        "message": "「宝宝的房间……嘭嘭地，塞满了♪\n嘿嘿嘿……你喜欢我的情人节礼物吗？」"
    },
    {
        "message": "即使在高潮和精液摄入的颤抖中，\n他仍然用微笑关心着我，这份厚意让我很开心。"
    },
    {
        "message": "为了追求更多的幸福和甜蜜，\n我再次吸住沾满巧克力的乳房。"
    },
    {
        "name": "ジュズダマ",
        "message": "「哈呜……嗯呜呜♪\n这样贴在一起的话……宝宝的房间会被压扁的♪」"
    },
    {
        "name": "ジュズダマ",
        "message": "「现在，虽然非常敏感……嗯啊……啊呜呜♪\n真的，已经……\n要让女孩子多幸福到什么程度，你才满意呢？」"
    },
    {
        "name": "ジュズダマ",
        "message": "「嘿嘿嘿……团长，好帅气啊♪\n帅气的同时，也非常可爱♪」"
    },
    {
        "message": "在强烈的快感和幸福感之间，他露出慈爱的微笑，\n温柔地抚摸着我的头。"
    },
    {
        "name": "ジュズダマ",
        "message": "「好了好了……尽情地亲亲吧♪」"
    },
    {
        "name": "ジュズダマ",
        "message": "「我的身体和巧克力……\n只属于团长一个人……♪\n啊呜……嗯啊……哈啊……啊呜呜♪」"
    }
]