[
    {
        "message": "工作稍事休息，伸了个懒腰，\\n床上传来了一阵窸窸窣窣的声音。\\n我看了一眼，发现脸红的棉花露出了脸。"
    },
    {
        "name": "コットン",
        "message": "「哈……早、早上好……爸爸……\\n有点打扰你工作真对不起\\n我在床上躺着的时候就有点困了」"
    },
    {
        "name": "コットン",
        "message": "「那、那个……睡觉的时候做了个有点害羞的梦\\n等我冷静下来就出来，稍微等一下吧」"
    },
    {
        "message": "好奇棉花做了个什么害羞的梦，我问道，\\n棉花一瞬间结巴着说道，\\n真是心底里感到害羞。"
    },
    {
        "name": "コットン",
        "message": "「和、和爸爸……做了些色色的事情……梦中……\\n呜呜，你居然让我说出来，真是坏心眼……」"
    },
    {
        "name": "コットン",
        "message": "「但是既然让我说了……希望能继续做下去\\n因为我……喜欢爸爸……」"
    },
    {
        "message": "听到棉花的告白，我的心怦怦直跳。\\n我们默默地对视着，气氛变得紧张，\\n慢慢地走向床边，我抚摸着棉花的脸颊。"
    },
    {
        "name": "コットン",
        "message": "「爸爸……过来……嗯嗯嗯嗯！」"
    },
    {
        "name": "コットン",
        "message": "「啊啊，爸爸进来了……！\\n嗯呜呜……咕、啊啊……」"
    },
    {
        "message": "因为花瓣已经湿润，插入很顺利。\\n然而，棉花紧张地握住了我的手。"
    },
    {
        "name": "コットン",
        "message": "「对不起，有点害怕\\n握住爸爸的手就不那么害怕了……\\n可能是因为梦里，嗯，嗯，弄湿了吧……」"
    },
    {
        "name": "コットン",
        "message": "「但是，嘿嘿，好在顺利完成了\\n和爸爸成为了一体呢……」"
    },
    {
        "message": "看到棉花如此幸福地说话，\\n我也感到高兴起来。"
    },
    {
        "message": "因为是第一次，不敢太过冲动，所以暂时不动，\\n棉花却流露出痛苦的声音。"
    },
    {
        "name": "コットン",
        "message": "「爸爸……\\n我不知道这种时候该怎么办\\n所以，请爸爸随意……？」"
    },
    {
        "name": "コットン",
        "message": "「只要爸爸随意就好，\\n我就会很开心了……」"
    },
    {
        "message": "棉花的声音有些颤抖。\\n为了引导她这个不安的样子，\\n我开始缓慢地动起腰来。"
    },
    {
        "name": "コットン",
        "message": "「啊……嗯嗯，啊啊……\\n我，真的和爸爸在一起了」"
    },
    {
        "name": "コットン",
        "message": "「感觉好像在做梦的延续……\\n这、这也是梦吗？」"
    },
    {
        "message": "为了告诉她不是梦，\\n我轻轻地亲吻了棉花。"
    },
    {
        "name": "コットン",
        "message": "「啾……哈啊，爸爸……谢谢你\\n亲吻让我稍微安心了一点」"
    },
    {
        "name": "コットン",
        "message": "「所以……爸爸随意动一下？\\n我想更多地教我这是现实的事情」"
    },
    {
        "message": "对着棉花的问题，我点了点头，慢慢地动起腰来。\\n虽然是狭窄的阴道，为了不疼痛，\\n用阴茎轻轻摩擦着。"
    },
    {
        "name": "コットン",
        "message": "「哈啊……啊……嗯嗯……呼呼……\\n为、为什么会发出奇怪的声音呢……」"
    },
    {
        "name": "コットン",
        "message": "「明明不想射出来，\\n但是，爸爸的摩擦一次次地刺激着，\\n嗯嗯，身体深处燃烧起来了……」"
    },
    {
        "message": "握住棉花的手，感觉她热得像要烫伤一样，\\n我明白她正在感受着什么。"
    },
    {
        "name": "コットン",
        "message": "「爸爸，我不是变态吧……？\\n我确实，嗯嗯，可以做到……？」"
    },
    {
        "name": "コットン",
        "message": "「如果有什么奇怪的地方，哈啊，嗯……！\\n请好好告诉我哦？啊，嗯……！」"
    },
    {
        "message": "对棉花并没有什么奇怪的地方，\\n相反，我传达着非常舒服的感觉，\\n并继续动着腰。"
    },
    {
        "name": "コットン",
        "message": "「哈啊，哈啊，嗯……！\\n爸爸，那个，也可以摸摸胸部哦？\\n虽然不太擅长……」"
    },
    {
        "name": "コットン",
        "message": "「呀唔！乳头、这样戳戳的话、嗯嗯！\\n嗯呜、嗯呜、哈、嗯嗯嗯！」"
    },
    {
        "message": "按照棉花的愿望，开始抚摸胸部。\\n用指尖轻轻戳弄粉红色的乳头，\\n揉捏着小巧的胸部。"
    },
    {
        "name": "コットン",
        "message": "「啊啊，好开心……\\n能被喜欢的人，爸爸触摸到……」"
    },
    {
        "name": "コットン",
        "message": "「嗯嗯，别、哈啊……！\\n爸爸，再多摸摸我小小的胸部……」"
    },
    {
        "message": "一边揉捏着棉花的胸部，一边动着腰。\\n看到她感受到的样子，我也更加兴奋，\\n阴茎在阴道中跳动起来。"
    },
    {
        "name": "コットン",
        "message": "「啊啊……爸爸，现在，在肚子里，抖动着……\\n硬硬的东西，跳动着……嗯呜」"
    },
    {
        "name": "コットン",
        "message": "「爸爸，你高兴吗……？\\n啊……嗯嗯……啊，又跳动了一下……」"
    },
    {
        "message": "按照棉花所说，阴茎无法忍受刺激，\\n在阴道中不停地跳动着。\\n我对棉花露出笑容，告诉她她很有魅力，很漂亮。"
    },
    {
        "name": "コットン",
        "message": "「啊呜……爸爸，你这么直接地说出来……\\n啊呀，激烈起来了……嗯嗯嗯！ 呀！」"
    },
    {
        "name": "コットン",
        "message": "「没关系的……动得更多一点\\n按照爸爸喜欢的方式……不要客气……」"
    },
    {
        "message": "得到了棉花的允许，逐渐加快腰部的动作。\\n为了尽量不让棉花感到疼痛，\\n小幅度地抽送着阴茎。"
    },
    {
        "name": "コットン",
        "message": "「啊、呀、哈、嗯、啊、啊……！\\n爸爸，你的腰动得好厉害，看起来好开心……\\n啊呀，太开心了……再多一点……\\n动腰部，嗯嗯嗯，笑着，开心地，嗯！」"
    },
    {
        "name": "コットン",
        "message": "「当爸爸笑容满面时，我也感到很开心，啊呜！\\n那里越来越热，变得湿湿的」"
    },
    {
        "message": "按照棉花所说，阴道变得湿漉漉的，\\n完全接纳了阴茎。\\n抽送也进行得很顺利，\\n腰部的动作速度越来越快。"
    },
    {
        "name": "コットン",
        "message": "「嗯嗯！ 呀呀、啊、哈、呀呀……！\\n再多一点……！\\n比梦境还要舒服，嗯嗯嗯！」"
    },
    {
        "name": "コットン",
        "message": "「爸爸，把我填满……？\\n啊啊，嗯嗯，哈哈，呜啊啊！」"
    },
    {
        "message": "交合部分发出咕嘟咕嘟的水声，\\n激烈地交织在一起。\\n不知不觉中，棉花也自然地扭动着腰部，\\n追求刺激。"
    },
    {
        "name": "コットン",
        "message": "「哈啊，啊啊……！ 嗯嗯！\\n爸爸，感觉像是在漂浮在空中一样，嗯嗯！\\n身体变得轻盈，感觉好舒服……！」"
    },
    {
        "name": "コットン",
        "message": "「啊呜！ 爸爸，再来一点……！\\n用力地、猛烈地、爸爸的，我想要的！」"
    },
    {
        "message": "棉花甜蜜的请求融化了我的理性。\\n心脏怦怦直跳，射精感涌上心头，\\n稍有松懈就忍不住要射出来。"
    },
    {
        "name": "コットン",
        "message": "「爸爸，喜欢你，好喜欢！\\n想一直和你在一起！\\n一直，嗯嗯，像这样，想被爱着！」"
    },
    {
        "name": "コットン",
        "message": "「爸爸，爸爸！\\n紧紧地抱着我，嗯嗯，啊啊！\\n好喜欢你，所以，嗯嗯，啊啊啊！」"
    },
    {
        "message": "随着棉花的话语，阴道急剧收缩。\\n强烈的刺激传遍阴茎，终于达到极限。"
    },
    {
        "name": "コットン",
        "message": "「哈啊，嗯啊，爸爸，怎么了？\\n已经忍不住要射出来了吗……？\\n嗯，没关系的，射出来吧……」"
    },
    {
        "name": "コットン",
        "message": "「就这样，里面，嗯嗯！\\n啊啊，射进来吧……！」"
    },
    {
        "message": "棉花的一句话让我无法再忍耐。\\n到达极限，将阴茎戳入阴道深处，\\n然后开始射精。"
    },
    {
        "name": "コットン",
        "message": "「啊啊，深入里面！\\n不、不行，有什么东西要出来了！\\n我要、要来了！」"
    },
    {
        "name": "コットン",
        "message": "「啊啊，啊，嗯嗯啊啊啊啊！」"
    },
    {
        "name": "コットン",
        "message": "「嗯嗯嗯嗯！\\n啊啊，流出来了……！\\n好热的东西，好多都在里面……！」"
    },
    {
        "message": "射精进入阴道后，棉花全身抽搐。\\n因为能一起达到高潮而感到高兴，\\n精液继续流出。"
    },
    {
        "name": "コットン",
        "message": "「嗯嗯，呼呼……啊啊，嗯嗯……\\n爸爸的，好多……都出来了呢。」"
    },
    {
        "name": "コットン",
        "message": "「嘿嘿，肚子里好热呢……\\n爸爸，射了好多呢。」"
    },
    {
        "message": "棉花像是被热情所驱使一样低声说道。\\n射精结束后，我们自然地笑了起来。"
    },
    {
        "name": "コットン",
        "message": "「爸爸，比梦境还要舒服\\n太美妙了……太棒了」"
    },
    {
        "name": "コットン",
        "message": "「爸爸，你觉得怎么样？\\n感觉很舒服吗？」"
    },
    {
        "message": "我点头表示当然，棉花幸福地眯起眼睛。\\n然后慢慢地贴上了嘴唇。"
    },
    {
        "name": "コットン",
        "message": "「嗯嗯……呼呼……那就好……\\n爸爸也感觉很舒服的话……」"
    },
    {
        "name": "コットン",
        "message": "「嗯，啊，不、不行……放松下来，想睡觉了……」"
    },
    {
        "message": "棉花的眼皮合上，发出可爱的鼾声。\\n看着她的样子，我也变得困倦起来，\\n但我设法保持清醒，在她的脸颊轻轻亲了一下。"
    },
    {
        "message": "我就这样倒在床上，\\n一直看着棉花的睡脸，直到自然地入睡……。"
    }
]