[
    {
        "message": "塞涅利亚的脸庞被推倒在沙发上时，露出了我从未见过的表情。"
    },
    {
        "name": "サイネリア",
        "message": "「团长……请……教教我吧……教我各种各样的事情……」"
    },
    {
        "message": "她直视着我，眼睛湿润了起来。"
    },
    {
        "name": "サイネリア",
        "message": "「请和我，像从小到大一直梦想中的，大恋爱一样吧」"
    },
    {
        "message": "我感到理性在那句话中逐渐消失。由于被她渴望的本能所驱使，我伸出手触摸她的肌肤。"
    },
    {
        "name": "サイネリア",
        "message": "「……嗯，团长」"
    },
    {
        "message": "看着塞涅利亚接受了我的伸出的手，我明白她也在想着同样的事情。"
    },
    {
        "name": "サイネリア",
        "message": "「啊……嗯嗯！团，团长……阴茎啊，啊啊，进来了……进到我里面……！」"
    },
    {
        "message": "我把勃起的阴茎对准塞涅利亚腿根部的小凹陷处，慢慢把腰沉了下去。"
    },
    {
        "name": "サイネリア",
        "message": "「唔嗯嗯……！好厉害，好热呀……唔嗯嗯嗯！」"
    },
    {
        "message": "僵硬的龟头拨开了完美闭合的阴道……\n那种感觉既紧绷又纤柔。"
    },
    {
        "name": "サイネリア",
        "message": "「团长……鸡巴全都进来了吗？」"
    },
    {
        "message": "看到塞涅利亚的急躁样子，\n点了下头回应后，她的表情放松了那么一些。"
    },
    {
        "name": "サイネリア",
        "message": "「好，好极了……我和团长已经融为一体了……\n……啊，那个？」"
    },
    {
        "message": "塞涅利亚的僵硬消失了，如释重负地呢喃着，\n深情的眼中泪水盈盈。"
    },
    {
        "message": "看着她那样的样子，让我不知所措。\n我从未见过塞涅利亚流泪的模样……"
    },
    {
        "name": "サイネリア",
        "message": "「啊……不是这样的……呜呜，团长，我不是这个意思。\n所以请不要那么慌张」"
    },
    {
        "message": "看着我满头大汗的模样，\n塞涅利亚开心地告诉我说。"
    },
    {
        "message": "然而，从她的眼中还是流下了泪水。"
    },
    {
        "name": "サイネリア",
        "message": "「不是的……这是因为……我很开心」"
    },
    {
        "name": "サイネリア",
        "message": "「我终于实现了一直梦寐以求的情景……所以，这些眼泪是因为开心才流出来的哦？」"
    },
    {
        "message": "她一边说着，一边笑着哭着。理解了她的心情，我终于也能够安心下来。"
    },
    {
        "message": "接着，我注意到了塞涅利亚在流泪之前的表情。"
    },
    {
        "name": "サイネリア",
        "message": "「但是，这样啊……我……在人前真是很久以来的第一次哭了\\n在团长面前……我也能够哭泣」"
    },
    {
        "message": "听到塞涅利亚的低语，我不禁开心地露出了笑容。"
    },
    {
        "name": "サイネリア",
        "message": "「在团长面前，我也能够成为一个普通的女孩子\\n所以，那个……团长，继，继续……吗？」"
    },
    {
        "message": "这次，塞涅利亚羞涩地湿润了眼眶，说着。我点了点头，慢慢开始动起了腰。"
    },
    {
        "name": "サイネリア",
        "message": "「嗯嗯……丹吉欧的阴茎好大……啊啊啊！我的里面被搅动得满满的……嗯嗯嗯！」"
    },
    {
        "message": "阴道微微湿润，但还能感觉到一些僵硬。为了不伤害塞涅利亚，慢慢地轻抚她的身体。"
    },
    {
        "name": "サイネリア",
        "message": "「呜啊……嗯嗯，丹吉欧……呀啊！」"
    },
    {
        "message": "当碰触到微微隆起的乳房时，塞涅利亚发出了小小的声音。这样的天真状况，也很可爱。"
    },
    {
        "name": "サイネリア",
        "message": "「啊呀，嗯嗯，我的，是平的，抱歉……」"
    },
    {
        "message": "即使塞涅利亚不太自信，乳房的大小并不是问题，重要的是它是塞涅利亚的乳房。"
    },
    {
        "name": "サイネリア",
        "message": "「我的……嗯嗯，可以吗？呵呵，真高兴……嗯嗯嗯，可以，继续碰也没问题哦？」"
    },
    {
        "message": "小小的乳房，在手指用力的时候变得柔软而丰满。这样一来，乳头也开始凸起。可以看出塞涅利亚对乳房的爱抚非常敏感。"
    },
    {
        "name": "サイネリア",
        "message": "「啊啊啊，丹吉欧……嗯嗯……丹吉欧……我……嗯嗯，我……」"
    },
    {
        "message": "塞涅利亚扭动着腰部，显得有些不安。这样的姿态让我开始加快动作。"
    },
    {
        "message": "但是，我必须忍耐。我不想做出伤害塞涅利亚的事情。"
    },
    {
        "message": "也许是感受到了我的想法，塞涅利亚开口了。"
    },
    {
        "name": "サイネリア",
        "message": "「丹吉欧，没关系的哦？我的胸部、我的小穴…我的内心，全部都是丹吉欧的。」"
    },
    {
        "name": "サイネリア",
        "message": "「所以…请不要忍耐，想要尝试什么就尽管试吧？我希望丹吉欧能好好感受我的身体。」"
    },
    {
        "message": "听到塞涅利亚的话，我内心涌起了一股爱和欲望。接着，我的行动也开始变得积极主动起来。"
    },
    {
        "name": "サイネリア",
        "message": "「啊啊啊！丹、丹吉欧，好猛烈…你轻一点……啊啊啊！」"
    },
    {
        "message": "我无法忍受，开始猛烈地撞击塞涅利亚的身体。就像是在向着她的存在发出强烈的渴求一样。"
    },
    {
        "name": "サイネリア",
        "message": "「嗯啊、不要这么用力……好开心，丹吉欧…啊啊啊！」"
    },
    {
        "name": "サイネリア",
        "message": "「丹吉欧，你这样…求着我，让我感到开心…！」"
    },
    {
        "message": "沉浸在快感中，塞涅利亚像是在撒娇一般地呻吟着。她的声音，她的话语更加点燃了我的欲望。"
    },
    {
        "name": "サイネリア",
        "message": "「啊啊，丹吉欧的…那里，在我的里面颤颤巍巍的…！」"
    },
    {
        "name": "サイネリア",
        "message": "「好舒服…你的那里，感觉如何？嗯嗯，我也很舒服…！」"
    },
    {
        "message": "在黏膜的摩擦愉悦中，阴茎颤抖着。这股颤抖直接转化为对塞涅利亚的愉悦。"
    },
    {
        "name": "サイネリア",
        "message": "「我的那里，好舒服…丹吉欧，嗯嗯，更多…！让我的那里更加愉快吧…！」"
    },
    {
        "name": "サイネリア",
        "message": "「啊啊啊，我喜欢…！你，你的那里也…啊啊！」"
    },
    {
        "message": "塞涅利亚的身体扭动着。她的小乳房颤抖不已。"
    },
    {
        "name": "サイネリア",
        "message": "「你的那里，我喜欢…！更多，更多！啊啊，给我吧！丹吉欧…！」"
    },
    {
        "message": "当赛涅莉娅高声尖叫的瞬间，把龟头紧贴在阴道深处。"
    },
    {
        "name": "サイネリア",
        "message": "「啊呜！！呜呜，要，要射了……我……啊啊！！\n要射了！赛涅莉娅要射出来啦啦啦啦啦！！」"
    },
    {
        "name": "サイネリア",
        "message": "「嗯嗯呜，啊啊啊啊啊啊！！！！！」"
    },
    {
        "message": "龟头还压在阴道深处，喷涌而出的精液。"
    },
    {
        "name": "サイネリア",
        "message": "「啊呜，嗯嗯呜，啊啊啊……丹哥的小屌子，在颤抖着……精液，喷，喷出来了吗？」"
    },
    {
        "message": "赛涅莉娅用迷离的表情和声音呢喃道。\n阴道不断收缩，似乎在催促着射精的到来。"
    },
    {
        "name": "サイネリア",
        "message": "「啊啊……好舒服……暖暖的，充满了肚子里……感觉好舒服……」"
    },
    {
        "message": "赛涅莉娅凝视着虚空，陶醉其中。\n我紧紧抱着她的小身体，彼此静下心来稍作休息。"
    },
    {
        "name": "サイネリア",
        "message": "「丹哥……舒服吗？\n我的……小穴能让你射得很多次吗？」"
    },
    {
        "message": "我点了点头回应，看到赛涅莉娅微笑。"
    },
    {
        "name": "サイネリア",
        "message": "「太好了……呵呵，我也感觉很舒服，真的，就像在梦中一样呢。」"
    },
    {
        "name": "サイネリア",
        "message": "「但这不是梦……真的很开心……」"
    },
    {
        "message": "赛涅莉娅低声细语着，声音有些颤抖。"
    },
    {
        "name": "サイネリア",
        "message": "「啊啊……在丹哥面前，我会流泪的呢，呵呵，如果我再想哭的话，我会去丹哥的地方的」"
    },
    {
        "message": "我继续紧紧抱住赛涅莉娅，直到她的眼泪停止为止。"
    }
]