[
    {
        "message": "某天晚上，在床上休息时，\\n德国鸢尾来到了我的身边。"
    },
    {
        "name": "ジャーマンアイリス",
        "message": "「嘿嘿，今天也来了！……旁边可以吗？」"
    },
    {
        "message": "她毫不等待我的回答，突然坐到了床上并贴近了我。\\n她大胆的举动让我的心怦怦直跳。"
    },
    {
        "name": "ジャーマンアイリス",
        "message": "「嘿嘿，团长怎么了？\\n你的眼神有点淫荡哦。」"
    },
    {
        "message": "该出来的地方出来，该退缩的地方退缩。\\n被这样一个身材好的人靠近，当然会引起我的注意。\\n再加上想起之前的行为，让我异常不安。"
    },
    {
        "message": "然后，她开心地笑了起来。"
    },
    {
        "name": "ジャーマンアイリス",
        "message": "「团长，有一件事想请你……\\n上次是我主动的，今天能不能由团长来要求一下呢？」"
    },
    {
        "message": "她将手撑在墙上，挺起了修长的臀部。\\n然后拉开内衣，露出了隐藏的部分。"
    },
    {
        "name": "ジャーマンアイリス",
        "message": "「看看……怎么样？\\n我的这里，随时准备就绪♪」"
    },
    {
        "message": "看着她挑逗地扭动腰部，我忍不住变得无法抑制。\\n我抱住她的腿，将露出的阴茎对准她的秘处，\\n然后开始往里面推进……。"
    },
    {
        "name": "ジャーマンアイリス",
        "message": "「啊……啊啊啊……！」"
    },
    {
        "message": "我穿过德国鸢尾狭窄的阴道，一边推进着腰部。\\n阴茎感受到湿滑的粘膜触感，不由自主地发出小小的呻吟声。"
    },
    {
        "name": "ジャーマンアイリス",
        "message": "「嗯……呼……哈啊……好大……！\\n呼，团长的阴茎，今天也很有精神呢……哈啊！」"
    },
    {
        "message": "享受着淫荡的摩擦感，我继续推进着腰部，\\n很快龟头到达了尽头。"
    },
    {
        "name": "ジャーマンアイリス",
        "message": "「哈啊……呼……哈啊……！\\n最深处，有根粗大的东西……哈啊！」"
    },
    {
        "name": "ジャーマンアイリス",
        "message": "「这、这么热的东西，顶在里面……\\n……感觉团长对我很渴望，我很开心……」"
    },
    {
        "name": "ジャーマンアイリス",
        "message": "「哈啊……团长，你、你觉得怎样？\\n团长在我的小穴里，感觉舒服吗？」"
    },
    {
        "message": "当然，我回答道，她开心地发出一声叹息。"
    },
    {
        "name": "ジャーマンアイリス",
        "message": "「哈，太好了……\\n那么，请更加享受我的淫荡身体吧\\n团长，随你喜欢地动吧……哈……哈！」"
    },
    {
        "message": "将阴茎拉出来，再次猛烈地插入深处。\\n每次小幅度的冲刺，都会发出淫荡的水声。"
    },
    {
        "name": "ジャーマンアイリス",
        "message": "「哈……啊，哈，啊……\\n团长的阴茎……在里面摩擦着，啊，哈……」"
    },
    {
        "name": "ジャーマンアイリス",
        "message": "「从我里面溢出了淫荡的液体……\\n发出了令人害羞的声音……\\n啊……哈……哈……」"
    },
    {
        "message": "慢慢地往复着腰部，享受着柔软的阴道粘膜，\\n她转过头对我说道。"
    },
    {
        "name": "ジャーマンアイリス",
        "message": "「哈……呼……哈……团、团长……\\n还不够刺激吗？」"
    },
    {
        "name": "ジャーマンアイリス",
        "message": "「这、这样还不够……还是有点不满足……\\n更、更激烈一点……拜托了……」"
    },
    {
        "name": "ジャーマンアイリス",
        "message": "「没、没关系的……我的身体，完全没问题的……\\n请不要在意……尽情地把我的阴道搅拌吧……！」"
    },
    {
        "message": "看来，我的动作太慢了，让她有些焦躁。\\n既然如此，我紧紧固定住她的大腿\\n然后猛烈地将阴茎插入最深处。"
    },
    {
        "name": "ジャーマンアイリス",
        "message": "「啊啊！？深、深处……在颤抖……！\n啊，小弟弟，在里面猛烈地乱动……嗯呀！！」"
    },
    {
        "message": "改变角度，一次又一次地刺入，执着地搅拌着阴道内部。\n她抚摸着我的脸颊，用鼓励的眼神看着我。"
    },
    {
        "name": "ジャーマンアイリス",
        "message": "「还、还不够……小弟弟，请更加努力……！\n希望你在我的身体里疯狂地活跃起来……嗯哈！」"
    },
    {
        "message": "为了回应她的话，我加快了更激烈的冲刺。\n从连接处传来的淫荡声音进一步加速了。"
    },
    {
        "name": "ジャーマンアイリス",
        "message": "「哈啊……啊啊……！？\n小阴道里面湿湿的……好、好舒服……哈啊！」"
    },
    {
        "message": "一次又一次地冲刺着，享受着湿润粘膜的触感，\n她伤心地看着我说道。"
    },
    {
        "name": "ジャーマンアイリス",
        "message": "「哈啊，团、团长……我的身体，不只是小阴道哦？\n还有很多其他的东西可以享受……啊啊……哈啊……哈啊」"
    },
    {
        "message": "她这样说着，微微挺起了漂亮的胸部。"
    },
    {
        "message": "确实，只享受她性感的身体是有些可惜。\n为了尽情品味一切，我从背后揉捏着她的乳房。"
    },
    {
        "name": "ジャーマンアイリス",
        "message": "「呀啊……！\n那、那里……被触摸到，会感到一阵阵的颤抖……！」"
    },
    {
        "name": "ジャーマンアイリス",
        "message": "「会变得更奇怪的感觉……\n哈啊……呼呼……啊啊……！！」"
    },
    {
        "message": "一边享受着手掌的弹力，一边用指尖戳刺龟头\n她仰起上半身。"
    },
    {
        "name": "ジャーマンアイリス",
        "message": "「哈、哈啊！？\n在、在被插入的同时，还被玩弄乳头的话……\n我会变得无法忍受的……哈啊……啊啊……！！」"
    },
    {
        "message": "用两根手指捏住乳头并刺激，\n她的身体颤抖着，粘膜也猛烈地蠢动着。"
    },
    {
        "message": "溢出的爱液，热烈地缠绕在阴茎上。\n它成为润滑剂，使冲刺更加顺畅。"
    },
    {
        "name": "ジャーマンアイリス",
        "message": "「哈啊……哈啊……真好……就、就这样……！\n更加摧毁我的身体……哈啊！」"
    },
    {
        "message": "红着脸的ジャーマンアイリス请求着，\n我已经无法忍受了。\n忘记手下留情，用猛烈的冲击使阴茎疯狂地乱动。"
    },
    {
        "name": "ジャーマンアイリス",
        "message": "「呀啊！？啊啊，哈啊，呼呼，哈啊……！！\n啊啊，这、这样下去，我已经……！」"
    },
    {
        "name": "ジャーマンアイリス",
        "message": "「呀啊……！全身都感觉舒服……麻麻地发麻……！\n团长，我还想要更多！一直到最后的阳具……！\n啊，啊啊，阳具，加油，加油，嘶嘶嘶嘶！」"
    },
    {
        "message": "两性器摩擦时，湿湿的淫荡粘着声在房间里回荡。\n渐渐地，从下腹部深处涌上来的热热的东西被察觉到了。"
    },
    {
        "name": "ジャーマンアイリス",
        "message": "「太好了……要射了……！\n我想要团长的精液充满我的体内……\n加油，尽情地射出很多精液吧！！」"
    },
    {
        "name": "ジャーマンアイリス",
        "message": "「啊啊……呼呼……啊啊……哈啊……加、加油，加油，嘶嘶！\n我也快要高潮了……阳具一起来吧！\n哈啊，努力地一起高潮吧！！」"
    },
    {
        "name": "ジャーマンアイリス",
        "message": "「不行，不行……要射了……！\n团长的阳具太舒服了，我也快要高潮了……\n啊啊……哈啊……啊啊……！！」"
    },
    {
        "message": "她不停地溢出爱液，身体向后弯曲，发出尖细的娇声。\n她也快到极限了。"
    },
    {
        "message": "当插入最深处时，她的阴道更紧紧地吞噬着阳具。\n对于已经达到极限的阳具来说，这是最后的一击。"
    },
    {
        "name": "ジャーマンアイリス",
        "message": "「啊啊，哈啊，不、不行了，啊啊，哈啊呢……！\n要高潮了……高潮高潮……要来了……啊，啊啊……！！」"
    },
    {
        "name": "ジャーマンアイリス",
        "message": "「咕噜、嗯、嗯啊啊啊啊啊……！」"
    },
    {
        "message": "伴随着剧烈的快感，精液喷射进了阴道深处，她的全身颤抖着。"
    },
    {
        "name": "ジャーマンアイリス",
        "message": "「啊啊……团长的精液，好多……嗯嗯地……好激烈……哈啊，哈啊呢」"
    },
    {
        "name": "ジャーマンアイリス",
        "message": "「想要更多，想要你射得更多……团长的热情充满我……射精……加油，加油呢」"
    },
    {
        "message": "阴道黏膜像是有了意识的生物一样，不断收缩和膨胀，缠绕在阳具上。\n看起来，她也达到了高潮。"
    },
    {
        "name": "ジャーマンアイリス",
        "message": "「哈啊……啊啊……哈啊……啊啊呢……\n不、不行了……哈啊……呼呼呢」"
    },
    {
        "message": "身体上下起伏，喘息不止。\n腿部像是痉挛一样地颤抖着，似乎勉强能站立。"
    },
    {
        "name": "ジャーマンアイリス",
        "message": "「谢、谢谢呢……能得到这么多的渴望，我很开心呢……」"
    },
    {
        "name": "ジャーマンアイリス",
        "message": "「感谢的话，下次一定会做的。\n现在，我会给团长比之前更激烈的回报……期待着呢」"
    },
    {
        "message": "看着这样开心的她，\n她亲昵地抚摸着我的脸颊……"
    }
]