[
    {
        "message": "那一天。由于提交的战后处理文件存在问题，\\n给各位造成了麻烦。\\n虽然周围的人都友善地跟进，但心情仍然沮丧。\\n这样的夜晚，早点睡觉吧。想到这里，就打算上床睡觉了，突然……。"
    },
    {
        "name": "サイネリア",
        "message": "「团长，打扰一下\\n今天辛苦了」"
    },
    {
        "message": "塞涅利亚走到了办公室。\\n到底怎么了呢？"
    },
    {
        "name": "サイネリア",
        "message": "「嘿嘿，想着团长会不会情绪低落，\\n来鼓励一下」"
    },
    {
        "name": "サイネリア",
        "message": "「因为我一直都从团长身上得到了力量，\\n所以在这种时候，我也想尽一份力！」"
    },
    {
        "name": "サイネリア",
        "message": "「而且……我知道团长笑容的秘诀，\\n是团长教我的哦～？」"
    },
    {
        "name": "サイネリア",
        "message": "「那个夜晚，团长教给我知道的事情，我记得很清楚哦\\n所以……呵呵，来吧♪」"
    },
    {
        "name": "サイネリア",
        "message": "「团长，这种姿势真的好吗？\\n臀部的洞洞完全暴露，有点害羞呢～」"
    },
    {
        "message": "小小的塞涅利亚的屁股在晃动着。\\n从她的缝隙中滴落的爱液，\\n滴在这里已经坚硬的龟头上。\\n就像这样把腰放下去，对塞涅利亚说。"
    },
    {
        "name": "サイネリア",
        "message": "「了解了……会好好完成团长的色色要求的！嗯……太紧了……」"
    },
    {
        "message": "塞涅利亚开始扭动臀部，\\n嘴唇贴着的小缝条会愈加拓宽，\n紧绷的肉棒被紧紧含住……。"
    },
    {
        "name": "サイネリア",
        "message": "「嗯……还是很害臊的呢……\n啊……哈哈……不要一直盯着看啊……」"
    },
    {
        "name": "サイネリア",
        "message": "「呼啊……插进来了……嗯啊」"
    },
    {
        "name": "サイネリア",
        "message": "「嗯呀……！ 已、已经进去了……\n啊，哈……哈……在肚子深处……碰到了呢……」"
    },
    {
        "message": "塞涅利亚的缝隙流出大量的热热的汁液，\n已经吞没了肿胀的阴茎。但是，\n由于插入的震撼和羞愧，\n转向这边的尺寸相对较小的臀部在颤抖。"
    },
    {
        "name": "サイネリア",
        "message": "「呼……呼……团长……\n现在的表情非常淫荡啊……」"
    },
    {
        "name": "サイネリア",
        "message": "「可以变得这么淫荡……\n是因为我们……正在连接在一起的……地方……」"
    },
    {
        "message": "不是淫荡，而是美丽可爱啊。\\n咕噜噜的肉棒、溢出爱液的裂缝，\n轻微出汗的背和臀部，\n以及粉色彷徨不定的小屁屁的它们……"
    },
    {
        "name": "サイネリア",
        "message": "「呜……不，不要说那样的话……\\n真，真的好害羞啊……」"
    },
    {
        "message": "像刚出生的小鸟一样，颤颤巍巍的赛内里亚。\\n我抓紧她的腰，开始进行抽动。"
    },
    {
        "name": "サイネリア",
        "message": "「呀……！团，团长！」"
    },
    {
        "name": "サイネリア",
        "message": "「嗯呜……啊……团长，\\n突然间，太过激烈了……！嗯……嗯……肚子好痛」"
    },
    {
        "name": "サイネリア",
        "message": "「肚子里在扑通扑通的……\\n噫呀……碰到从未感受过的地方了……！」"
    },
    {
        "message": "身体像橡皮球一样弹跳着。\\n活塞运动越来越快，最终赛内里亚也——。"
    },
    {
        "name": "サイネリア",
        "message": "「嗯……我也要动起来……！」"
    },
    {
        "name": "サイネリア",
        "message": "「因为想让团长……感觉好一点，我也……\\n更，更加感受……开心的笑容……呜呀」"
    },
    {
        "name": "サイネリア",
        "message": "「啊……啊……团长！\\n我的提议竿，会变得很软喔！嘿嘿！」"
    },
    {
        "message": "赛内里亚说完后，开始扭动腰身。左右上下、纵横无尽地玩弄着那根阳具，使人欲火焚身。"
    },
    {
        "name": "サイネリア",
        "message": "「啊哈♪团长，很舒服吗？因为玩弄你的小鸡鸡，所以我的腰浮起来了喔」"
    },
    {
        "name": "サイネリア",
        "message": "「额嘿嘿，团长真的好色哦♪」"
    },
    {
        "message": "听了她的话，我也……回应说那你也……。面前那振动幅度很大的臀部，以及每一次的抽插都会飞溅出淫乱的爱液，这样的情景，简直就是淫乱的化身。"
    },
    {
        "name": "サイネリア",
        "message": "「没，没有办法咯……因为我变得调皮是，团，团长的错喔？」"
    },
    {
        "name": "サイネリア",
        "message": "「是团长……教我性感的事情，嗯……就因为那个，我也变得更性感了……」"
    },
    {
        "name": "サイネリア",
        "message": "「虽然被看到身体会……害羞到心跳加快，但是，那种心跳感，又让人感觉如此美妙，所以……因此……」"
    },
    {
        "message": "弯曲着的臀部停了下来。然后，赛内里亚咽了口唾沫……。"
    },
    {
        "name": "サイネリア",
        "message": "「请……更多地看着，这个淫乱的我吧……」"
    },
    {
        "message": "……就算你不说，也一览无余……。\\n吐槽完，我重新紧紧抓住了赛内里亚纤弱的腰。\\n然后，我用力顶插在被爱液弄失禁的秘处。"
    },
    {
        "name": "サイネリア",
        "message": "「啊唔！指、指挥官太、太激烈了……！」"
    },
    {
        "name": "サイネリア",
        "message": "「指、指挥官、您、您这是、兴奋了吗！\\n啊、啊啊、但是这、这样的话、太、太猛烈了啊～！」"
    },
    {
        "name": "サイネリア",
        "message": "「呼、哈啊、哈啊、肚子里砰砰地来了……\\n啊、啊、啊，身体使不出力来了，啊哈啊，使不出力……」"
    },
    {
        "message": "确实，赛内里亚言中之意。\\n她的身体像是断了线的木偶，\\n在我的冲刺下不停地跳跃着。"
    },
    {
        "message": "但是，那肉壁可是例外。\\n全身的肌肉仿佛全部集中在里面，\\n用强烈的膣压将阴茎勒紧，把我引向极致。"
    },
    {
        "name": "サイネリア",
        "message": "「啊、啊，指、指挥官、指、指挥官的、在抖呢……！\\n啊、啊、而且我也……！」"
    },
    {
        "name": "サイネリア",
        "message": "「肚子里的咕咕声一直不停！\\n这、这难道是……这难道是……！」"
    },
    {
        "name": "サイネリア",
        "message": "「哈、啊、啊、不要……！\\n我、我好像快要变成傻瓜了！」"
    },
    {
        "message": "这里也一样。\\n发不出声的呻吟声中，\\n一下子冲向射精的瞬间。"
    },
    {
        "name": "サイネリア",
        "message": "「噫！？来、来了，来了啊～！」"
    },
    {
        "name": "サイネリア",
        "message": "「爽、爽死了，啊、啊，来～！\\n啊、啊啊啊，我已经忍不住了……！」"
    },
    {
        "name": "サイネリア",
        "message": "「指、指挥官！指、指挥官！！」"
    },
    {
        "message": "——而赛内里亚的阴唇也停止了蠕动。\\n然后下一瞬间，她全身大汗淋漓，\\n最强的膣压袭击了我的阴茎。"
    },
    {
        "name": "サイネリア",
        "message": "「呀啊啊啊！不行了呜呜呜！指、指挥官！\\n要高潮了呜呜呜！不行啊啊啊啊！」"
    },
    {
        "name": "サイネリア",
        "message": "「要、要看着我、来吧！\\n看着这个淫荡的我、啊、啊啊！　高潮了！」"
    },
    {
        "name": "サイネリア",
        "message": "「啊、啊啊啊！啊、啊、啊啊啊啊——！！」"
    },
    {
        "name": "サイネリア",
        "message": "「嗯嗯……呼、呼……\\n指、指挥官……我、我又高潮了……」"
    },
    {
        "message": "赛内里亚接纳了大量白浊液体在阴道中，\\n她神情恍惚地低声呢喃。\\n她俯视着这边，微笑的脸……简直淫荡至极。"
    },
    {
        "name": "サイネリア",
        "message": "「呵呵……刚刚的指挥官，笑得好开心哦♪」"
    },
    {
        "message": "在赛内里亚的话语下，我回想起了今天的失误。\\n沉浸在行为中，完全从意识中消失了。"
    },
    {
        "name": "サイネリア",
        "message": "「嗯……指挥官……好黏呢……\\n居然可以射这么多……嘻嘻♪」"
    },
    {
        "message": "赛内里亚抽出了阴茎。\\n然后，一片粉红色美丽的隐秘部位出现在眼前。\\n她纤细的手指，把那张裂缝撑开。\\n粘稠的白浊液滴落下来，仿佛在展示一样……。"
    },
    {
        "message": "那淫秽的景象，让我的阴茎不禁有了反应。\\n接着——。"
    },
    {
        "name": "サイネリア",
        "message": "「咦？指挥官，刚才笑得那么开心……\\n这个表情……呵呵，还期待着淫荡的事吗～？」"
    },
    {
        "message": "赛内里亚妖媚地微笑着。\\n不同于她平常的开朗笑容，\\n却无比迷人。"
    },
    {
        "message": "这次，轮到我咽口水了。\\n赛内里亚带着淫靡的笑容说道。"
    },
    {
        "name": "サイネリア",
        "message": "「可以再来一次吗？」"
    }
]