[
    {
        "message": "朝昼晚，冬日智慧为我的工作提供了支持。\n这样做对我来说非常有帮助，但也出现了一些困扰的事情。"
    },
    {
        "name": "ウィンターコスモス",
        "message": "「今天的工作到此为止了，团长大人。\n…嗯？发生了什么吗？」"
    },
    {
        "message": "冬日智慧用奇怪的表情凝视着我。\n就像是臂弯的恋人一样，感受到了他的呼吸。"
    },
    {
        "message": "冬日智慧似乎喜欢这种位置关系，\n在我的身旁帮助我处理办公事务。"
    },
    {
        "message": "然而，这使我能够近距离看到冬日智慧的乳房，\n多次接触了她柔软的身体。\n在这种状态下整天度过，自控力也到达了极限。"
    },
    {
        "message": "抓住冬日智慧的手臂，将她的身体拉近，紧紧地注视着她。"
    },
    {
        "name": "ウィンターコスモス",
        "message": "「团，团长大人…！？」"
    },
    {
        "message": "吓了一跳的冬日智慧试图挣脱，但很快就松了下来。"
    },
    {
        "name": "ウィンターコスモス",
        "message": "「那，那个…今天的工作已经结束了，所以…没，没问题的。」"
    },
    {
        "message": "仅凭凝视，就将想要的一切传递给了冬眠海棠。"
    },
    {
        "name": "ウィンターコスモス",
        "message": "「啊啊，这样，穿上这身衣服……」"
    },
    {
        "message": "握住冬眠海棠，从下面插入。"
    },
    {
        "name": "ウィンターコスモス",
        "message": "「确实，要脱光了……嗯……」"
    },
    {
        "message": "已经无法抑制，不能再懒散的度日。"
    },
    {
        "message": "冬眠海棠的阴道紧紧地套住了硬绷的阴茎。\\n软滑感传输着愉悦。"
    },
    {
        "name": "ウィンターコスモス",
        "message": "「啊……嗯……呼……嗯……全，全都一下子……进去了……」"
    },
    {
        "message": "冬眠海棠的阴道已经被爱液湿润。\\n她自己也许已经兴奋了。"
    },
    {
        "name": "ウィンターコスモス",
        "message": "「和队长亲密地接触，感到非常安心……虽然有点……\\n啊啊……嗯……太……太爽了……」"
    },
    {
        "message": "冬天的红花的阴户紧紧地抓紧着阳具，\n快感涌上心头。"
    },
    {
        "name": "ウィンターコスモス",
        "message": "「团长大人，舒服吗？\n因为贴得这么近，团长大人的舒服感都传达过来了哦。」"
    },
    {
        "name": "ウィンターコスモス",
        "message": "「这样着急，是因为我让您觉得兴奋了吗？\n嘿嘿……有一点点高兴呢。」"
    },
    {
        "message": "就在这时，冬天的红花用她的阴户一次次夹紧了阳具。\n希望能够贪婪地品尝冬天的红花的身体，\n我紧紧地握住了她的乳房。"
    },
    {
        "name": "ウィンターコスモス",
        "message": "「呀！嗯！」"
    },
    {
        "message": "冬天的红花的乳房很柔软。\n捏住后能充分感受到柔软和弹性。"
    },
    {
        "name": "ウィンターコスモス",
        "message": "「突然这么强烈，让人吃惊吧，嗯……\n呵呵……」"
    },
    {
        "name": "ウィンターコスモス",
        "message": "「这么想触摸吗？\n没关系，尽情地碰吧……嗯……\n第一次和团长大人一起时，没有让您触碰过呢……」"
    },
    {
        "name": "ウィンターコスモス",
        "message": "「嗯……哈啊……团长大人从后面抱住……\n乳房也被揉弄着……非常、非常地贴近……」"
    },
    {
        "message": "冬天的红花把手搭在我的手臂上。"
    },
    {
        "name": "ウィンターコスモス",
        "message": "「这只手呢……团长大人用这只手轻轻地，捏住我感觉舒服的地方，嗯……\n摸着，呵呵，嗯……揉着……嗯……抚摸着……」"
    },
    {
        "name": "ウィンターコスモス",
        "message": "「团长大人的手，非常地喜欢呢……有点粗糙，嗯……\n但是很温柔，变得很放松……大，大手包裹着我……」"
    },
    {
        "name": "ウィンターコスモス",
        "message": "「啊……嗯……很舒服呢……在胸部被调戏呢，嗯……\n被弄得很舒服呢……团长大人，喜欢您哦……」"
    },
    {
        "name": "ウィンターコスモス",
        "message": "「啊啊！」"
    },
    {
        "message": "冬天的红花感到意外地被捏住了乳头，她的身体因此颤抖起来。"
    },
    {
        "name": "ウィンターコスモス",
        "message": "「啊啊，又，突然地……嗯……啊啊，那里，不行，因为很敏感所以……\n很难为情，嗯……那地方会……从前就已经这样了，啊啊……\n触碰了就会硬掉……很难为情的……」"
    },
    {
        "name": "ウィンターコスモス",
        "message": "「这样啊，只是摸乳头吗，嗯……啊啊，因为太难为情了，所以不可以……\n啊啊啊，好像很舒服，嗯……感觉到乳头在被处理，嗯……」"
    },
    {
        "name": "ウィンターコスモス",
        "message": "「虽然觉得很难为情，但是很舒服，感觉好奇怪……！」"
    },
    {
        "message": "就像那句话一样，每当搓动乳头时，\\n冬日的宇宙的阴道就会不规则地抽搐，\\n手指能够清晰地感受到她的快感。"
    },
    {
        "message": "发红的冬日的宇宙，怜惜地盯着我。"
    },
    {
        "name": "ウィンターコスモス",
        "message": "「仅有乳房那样的部位，啊啊！\\n不，团长大人，\\n我，嗯，想要你的……嗯，大量射精……啊！」"
    },
    {
        "name": "ウィンターコスモス",
        "message": "「想要团长大人让我体验更强烈的快感，嗯，这感觉真让人受不了！\\n呼，哈啊啊！不，不要过分地折磨我啊！\\n要给我更多的高潮啊，团长大人！」"
    },
    {
        "message": "热情的冬日的宇宙，腰部扭动着。\\n性器间轻微的摩擦，引来了一阵快感。"
    },
    {
        "name": "ウィンターコスモス",
        "message": "「求求您了，只要团长大人的，嗯，猛烈地折磨我，\\n不要让我自己动，哈，哈啊啊！\\n想要团长大人，猛烈，地突进向我……！」"
    },
    {
        "message": "与乞求着的冬日的宇宙相互凝视，视线交错。\\n渴望着激烈激交，燃烧着的侧脸。"
    },
    {
        "name": "ウィンターコスモス",
        "message": "「啊啊啊啊啊啊啊！」"
    },
    {
        "message": "为满足变得旺盛的情欲，\\n从下方用力地顶向了冬日的宇宙。"
    },
    {
        "name": "ウィンターコスモス",
        "message": "「啊啊啊！ 嗯嗯，嗯！ 嗯，啊啊，啊啊啊！\\n好强，好强……嗯，团长大人！」"
    },
    {
        "name": "ウィンターコスモス",
        "message": "「腰部，不停地颤动，停不下来，嗯，啊啊，啊啊，嗯！」"
    },
    {
        "name": "ウィンターコスモス",
        "message": "「深入，深入到底，嗯！每一次，都深入到底，都到了，嗯，嗯！\\n最深处，不停地，嗯，被触及到了！」"
    },
    {
        "message": "通过深入抽插，阴茎牢牢地摩擦，\\n大脑仿佛融化般的快感涌上心头。"
    },
    {
        "name": "ウィンターコスモス",
        "message": "「好厉害，嗯，啊啊，啊啊，好厉害，团长大人，嗯，好厉害，\\n嗯，那个，好舒服，嗯！ 嗯！」"
    },
    {
        "name": "ウィンターコスモス",
        "message": "「我要融化了，嗯，嗯，我要融化了，我，因为这份快感，\\n嗯，全身都要融化了！」"
    },
    {
        "name": "ウィンターコスモス",
        "message": "「就算这样，嗯，啊啊，嗯，我也，嗯，喜欢被团长大人，\\n这样对待，嗯，要负起，嗯，这个责任，嗯！ 嗯！」"
    },
    {
        "message": "忍住涌上的射精感，猛烈地抽送，\\n冬季骨朵紧紧抓住了我的手臂。"
    },
    {
        "name": "ウィンターコスモス",
        "message": "「啊啊，啊啊，啊啊啊！ 嗯，嗯，嗯！ 嗯！ 嗯，那个！\\n就是那个！ 团长大人的，嗯，啊啊啊！ 猛烈的，嗯！ 我喜欢！」"
    },
    {
        "name": "ウィンターコスモス",
        "message": "「太好了，感觉好舒服，好幸福，哈，哈，好喜欢！\\n爱你，爱啊，队长大人！」"
    },
    {
        "name": "ウィンターコスモス",
        "message": "「啊啊，不、不行，要、要出来了，我、要出来了！\\n感觉好，啊、啊啊啊啊啊！」"
    },
    {
        "name": "ウィンターコスモス",
        "message": "「哈啊啊！嗯，哈啊啊！嗯嗯！」"
    },
    {
        "message": "无法抗拒射精的欲望，将炽热的精液射入冬日蓝花的阴道中。"
    },
    {
        "name": "ウィンターコスモス",
        "message": "「嗯……哈，哈……热热的，好多，都出来了……」"
    },
    {
        "message": "冬日蓝花在高潮中身体痉挛地颤抖着。"
    },
    {
        "name": "ウィンターコスモス",
        "message": "「嘿嘿……被队长大人这样让人感到舒服，\\n让人感到愉快……真幸福」"
    },
    {
        "name": "ウィンターコスモス",
        "message": "「待在队长大人身边，总会有新的发现……\\n每次都让我重新爱上队长大人」"
    },
    {
        "name": "ウィンターコスモス",
        "message": "「这样……和喜欢的人……在一起，\\n能够一直……这样幸福……呢，对吧……」"
    },
    {
        "message": "冬天的秋海棠 murmurs like sleep—talking，\\nand entrusts her body to me as if sleeping."
    }
]