[
    {
        "message": "某个失眠的夜晚——。突然，黛茜来到了房间里。\\n不管是什么事情，当她走进房间时，她准确地指着我……"
    },
    {
        "name": "デージー",
        "message": "「嘻嘻嘻！看穿了黛茜的计策！\\n今天的团长大人非常疲劳！\\n正因为疲劳，才会用那样的眼神看着黛茜！」"
    },
    {
        "name": "デージー",
        "message": "「这就是女人的直觉！\\n果然是黛茜呢！懂得关心人的女性！太了不起了！」"
    },
    {
        "message": "先不论那双眼睛到底是什么样子，疲倦确实是存在的。\\n因为太疲倦了，反而无法入睡，非常困扰。"
    },
    {
        "name": "デージー",
        "message": "「这个时间居然房间里的灯一直亮着，又灭掉！\\n黛茜一下子就明白了！\\n这是团长大人的遗言啊！」"
    },
    {
        "message": "不过，我并没有死。"
    },
    {
        "name": "デージー",
        "message": "「常常受团长大人照顾，\\n这样的时候也想照顾到他\\n来吧来吧，安静地躺下吧！」"
    },
    {
        "message": "按照她的话躺在床上。\\n然而，依旧感觉不到一丝困意。"
    },
    {
        "name": "デージー",
        "message": "「我会给你做入睡的咒语\\n团长先生～你要入～睡～了哟～了哟～了哟」"
    },
    {
        "message": "很遗憾，我认为即使是靠人力激活回声也没有效果。"
    },
    {
        "name": "デージー",
        "message": "「哦哟哟？不会感到困倦吗？\n……既然如此，这就是最终奥义！」"
    },
    {
        "message": "这样说着，Daisy（デージー）滚进了被窝。\n然后……"
    },
    {
        "name": "デージー",
        "message": "「如果团长想要变得舒服并满足……\nDaisy知道该怎么做。」"
    },
    {
        "message": "Daisy的手指迅速碰触到阴茎。"
    },
    {
        "name": "デージー",
        "message": "「嗯嗯嗯～♪果然硬硬的呢\n一旦解决了这个，团长就可以睡觉了呢。」"
    },
    {
        "message": "正如Daisy所说，阴茎变得很硬。\n虽然由于疲劳而自然勃起……是这种模式吗。"
    },
    {
        "message": "在犹豫中，Daisy掏出了这边的阴茎，\n将其推向自己的阴道，然后一口气吞了下去。"
    },
    {
        "name": "デージー",
        "message": "「嗯嗯嗯呜呜……嗯嗯，这，这样怎么样？」"
    },
    {
        "message": "在这只胳膊中颤抖的黛茜。\\n虽然已经有插入的经验，\\n但是没有爱抚就插入是不合适的。"
    },
    {
        "name": "デージー",
        "message": "「没、没事的，团长先生，平时……嗯，\\n经常对我很好……这是我的感谢之情……！\\n团长先生，黛茜的事……今晚可以随心所欲哦？」"
    },
    {
        "message": "说着，黛茜将那小巧的乳房压向这里，\\n同时开始扭动纤细的腰。\\n对于这种坚持不懈的姿势，阴茎不由自主地反应了起来。"
    },
    {
        "name": "デージー",
        "message": "「嗯……！团长先生在动……！\\n是的，多动是好事……嗯\\n尽情享受黛茜的身体……♪」"
    },
    {
        "name": "デージー",
        "message": "「嗯……黛茜也觉得幸福」"
    },
    {
        "message": "在这边耳边，甜蜜的诱惑低语。\\n或许是因为疲劳，阴茎的刺痛很快就让理智消失了。\\n紧紧贴在彼此身上，\\n只是贪婪地享受快感，用力撞击着黛茜的腰。"
    },
    {
        "name": "デージー",
        "message": "「嗯……！就是这样……！\\n团长先生，继续这样……！ 更猛烈一点，嗯……！\\n现在只想着享受黛茜的身体，啊……！」"
    },
    {
        "message": "黛茜的手温柔地抚摸着头。"
    },
    {
        "name": "デージー",
        "message": "「乖乖，团长先生真是乖宝宝\\n啊，啊，哈，嗯，平时，团长先生，\\n比任何人都要努力……黛茜都知道」"
    },
    {
        "name": "デージー",
        "message": "「这是奖励哦\\n忘记工作和其他的事情，\\n现在只想着黛茜，想要黛茜的宠爱。」"
    },
    {
        "message": "爱液溢出，伴随着激烈的抽送，雌性的气味从连接处散发出来。\\n在这种淫秽而背德的空间里，\\n黛茜如同菩萨一般的温柔声音。\\n与快感同时，全身沉浸在一种宁静中，仿佛要融化了一般。"
    },
    {
        "name": "デージー",
        "message": "「哈哈，团长先生，好激烈……！\\n嗯……呵呵，真是可爱的样子♪\\n我会再多抚摸你的，抚摸抚摸♪」"
    },
    {
        "name": "デージー",
        "message": "「呵呵，不过……团长先生！\\n更深处更舒服哦！\\n所以……嗯，不要再抚摸了，\\n挺直身体，抱住黛茜的膝盖吧。」"
    },
    {
        "message": "从像是覆盖住黛茜一般的姿势，\\n转移到露出私密之处的姿势。\\n随着这个动作，阴茎更深入了。"
    },
    {
        "name": "デージー",
        "message": "「嗯……！ 阴部……全都露出来了……\\n嗯……啊啊……！ 仿佛要完全展开一样。」"
    },
    {
        "name": "デージー",
        "message": "「嘿，嘻嘻……！ 但是……\\n这样团长先生的脸可以看得更清楚嘛\\n来吧，团长先生，更多地动一动吧\\n和黛茜一起享受快感吧。」"
    },
    {
        "name": "デージー",
        "message": "「啊，啊，团长先生……嗯，好舒服的感觉！\\n团长先生，团长大人……！」"
    },
    {
        "name": "デージー",
        "message": "「看到团长先生享受的表情，\\n光是这样，黛茜也感到非常愉快！」"
    },
    {
        "name": "デージー",
        "message": "「但、黛茜也非常喜欢团长先生的那个，\\n这样看着面对面，用那个来戳……\\n黛茜，幸福，太幸福了会变得奇怪的……！」"
    },
    {
        "name": "デージー",
        "message": "「啊，黛茜也可以动吗？\\n已经无法保持静止了……嗯，嗯！\\n团长先生！好舒服的！」"
    },
    {
        "name": "デージー",
        "message": "「啊，哈，呼啊\\n黛茜，会变得更舒服的！\\n和心爱的团长先生一起，一起！」"
    },
    {
        "message": "伴随着激烈和淫秽的声音，\\n勃起的阴茎在狭窄的阴道口出入。\\n每当龟头刮到阴道壁，黛茜全身颤抖。\\n那颤抖传达到阴茎上，进一步刺激着肉欲。"
    },
    {
        "name": "デージー",
        "message": "「团长先生，要射的时候要说出来！\\n不然，只有黛茜一个人会射的！\\n如果不被告知要忍耐到这个时候，\\n黛茜，再也，再也！不能忍耐了！」"
    },
    {
        "message": "没关系，再坚持一会……一边呢喃着，\\n一边让黛茜感到安心。"
    },
    {
        "name": "デージー",
        "message": "「嗯……！我明白的……！\\n再坚持一点，呣……！ 呣……！\\n再坚持一点，我能忍耐的……！」"
    },
    {
        "name": "デージー",
        "message": "「啊，团长先生的那个，\\n把黛茜的小穴撑得满满的，\\n啊啊，激烈而剧痛！」"
    },
    {
        "message": "黛茜狭窄的阴道本已十分紧凑，\\n现在更加狭窄，紧紧收缩着。\\n已经到达极限的勃起。最后冲刺。腰部一下子加速。"
    },
    {
        "name": "デージー",
        "message": "「嗯呀呀！？队长，好激烈啊！\n啊啊，呀啊啊啊！像这样太难了……！」"
    },
    {
        "name": "デージー",
        "message": "「デージー，不是那么坚固的！\n啊啊，断掉，嘿啊，不行啊啊————！！！」"
    },
    {
        "name": "デージー",
        "message": "「队长！デージー就要来了！\n不行了！再也等不了啦————！！！」"
    },
    {
        "message": "我们也到极限了。我已经快要出来了……。\n艰难地对着デージー说到。\n但是，对于那句话，Deji已经来不及做出反应了。"
    },
    {
        "name": "デージー",
        "message": "「再这样下去就不行啦————！！！\n队长也一起来吧————！！！！」"
    },
    {
        "message": "伴随着悲鸣，Deji拼尽全力收缩他的命根子。\n无法忍受这种感觉，她热情洋溢地射出了她的欲望。"
    },
    {
        "name": "デージー",
        "message": "「啊啊啊啊啊啊啊————！！！」"
    },
    {
        "message": "命根子滴滴答答地打着颤，传入了小巧狭窄的阴道里，\n注入了大量的浊液。阴道瞬间充满了，\n热精液从阴道口和命根子之间的缝隙喷发出来。"
    },
    {
        "name": "デージー",
        "message": "「哈啊啊……啊啊啊……」"
    },
    {
        "message": "戴茜的身体一瞬间紧绷了起来，\\n然后立即放松下来。曾经紧紧夹住的阴道，\\n连同精液一起吐出了阴茎。\\n这是极乐的快感夺走了所有。"
    },
    {
        "name": "デージー",
        "message": "「哈啊，哈啊……一起，我们达到了高潮……\\n团长和戴茜……一起达到了高潮……\\n哈啊……哈啊……好幸福……」"
    },
    {
        "message": "我们两个都湿透了汗。\\n或许不能就这样睡着……\\n然而，无法抗拒的睡意袭来。\\n我几乎是栽倒在戴茜身上。"
    },
    {
        "name": "デージー",
        "message": "「哈啊……哈啊……团长，这样就可以睡着了吧？\\n戴茜也……和你一起入睡……」"
    },
    {
        "name": "デージー",
        "message": "「团长……今后，如果有不能入睡的夜晚，\\n就叫戴茜来……戴茜会立刻过来的\\n无论在哪里，无论在做什么，戴茜都会立刻过来」"
    },
    {
        "name": "デージー",
        "message": "「辛苦的事情、悲伤的事情、痛苦的事情、困难的事情，\\n团长的心情……我都想把一半分担给你」"
    },
    {
        "name": "デージー",
        "message": "「当然，开心的事情、快乐的事情……\\n还有那种事情，我们都是一起的哦？\\n无论做什么，我们一直在一起♪」"
    },
    {
        "message": "听到戴茜微笑的声音在耳边响起。\\n在那温柔的声音包围下，平静地沉入了睡梦之中。"
    }
]