[
    {
        "name": "ヤクノヒナホシ",
        "message": "「浪漫的景色呢\\n有团长在一起感动也倍增哦～☆」"
    },
    {
        "message": "久违的约会尾声，\\n是乘坐天鹅船游览。"
    },
    {
        "message": "登上夜空夜乌的天鹅船『星星号』，\\n踏着踏板驶向海面，\\n欣赏远处的约特霍尔克夜景――。"
    },
    {
        "message": "……然后，双唇不由自主地靠近。\\n接下来就随波逐流……。"
    },
    {
        "name": "ヤクノヒナホシ",
        "message": "「啾、嗯啾……啾噗☆\\n噗哈……团长大人，你亲得这么热情……\\n这样可就看不到夜景了哦」"
    },
    {
        "message": "虽然这样说着，夜空夜乌的腰一沉――。\\n已经充血到极限的男性操纵杆，\\n被小小的仓库收纳了起来。"
    },
    {
        "name": "ヤクノヒナホシ",
        "message": "「嗯啊啊啊☆　嗨啊啊啊啊！\\n嗯嗯……团长大人，好大哦……！」"
    },
    {
        "message": "滋滋滋……。\\n夜空夜乌的湿润之处已经充分湿透。\\n穿过脆弱的肉体，摩擦着蜿蜒的阴道褶皱，\\n一路向前推进。"
    },
    {
        "name": "ヤクノヒナホシ",
        "message": "「呼呼、嗯啊啊……！　啊啊啊……到了！\\n深处、到了哦……团长大人！」"
    },
    {
        "message": "夜空夜乌皱起了眉头，\\n原来是感觉到龟头碰到了一些硬硬的东西。\\n夜空夜乌的私房菜馆――\\n似乎已经侵入到了那个后院。"
    },
    {
        "name": "ヤクノヒナホシ",
        "message": "「哈啊，哈啊……团长酱☆　亲吻吧☆　亲吻……更多！」"
    },
    {
        "message": "那双逼近过来的薄唇。\\n毫不犹豫地迎了上去，舌尖侵入其中。"
    },
    {
        "name": "ヤクノヒナホシ",
        "message": "「嗯布……嘟噗噗，嘟啪……\\n呼呼，哈啊啊……舔舔，嘟噜噜……\\n团长酱……喜欢……喜欢呀☆」"
    },
    {
        "name": "ヤクノヒナホシ",
        "message": "「咂咂……吸吸，嘟噜噜☆\\n团长酱的舌头，好厉害……\\n扭动着动来动去……好性感……\\n嗯嗯，啊啊……我好喜欢呀☆」"
    },
    {
        "message": "喜欢你――。听到这句话，下体敏感地反应起来。\\n勃起还有很大的空间。\\n感受着不断膨胀的肉棒，\\n依然热烈而猛烈地侵入夜空夜乌的口中。"
    },
    {
        "name": "ヤクノヒナホシ",
        "message": "「哈啊啊，嘿啊啊……！\\n呜呜，夜酱的私房菜馆，\\n团长酱只有一个人坐满了哦……！」"
    },
    {
        "name": "ヤクノヒナホシ",
        "message": "「嗯啊啊，哈啊啊，嗯嗯嗯……！　但、但是……喜欢呀☆\\n私房菜馆……是团长酱包场的哦！\\n里面充满了……嗯嗯嗯……哈啊啊啊！」"
    },
    {
        "message": "肉竿和龟头被紧紧包裹住，已经无法忍耐。\\n就像去厨房取点菜一样，\\n贪婪地动着腰部。"
    },
    {
        "name": "ヤクノヒナホシ",
        "message": "「啊啊啊啊啊啊啊！团长酱！\n扭动腰部……太厉害了！\n啊、啊、啊！这、这样不行，不行……！」"
    },
    {
        "message": "没有什么是不可以的……不，这里没有任何禁忌。\n毕竟，这里是大海。周围没有人。\n即使发出激烈的喘息声，也不会受到责备。"
    },
    {
        "name": "ヤクノヒナホシ",
        "message": "「嗯嗯嗯……那、那倒是没错……！\n啊啊啊！……好、好害羞呀」"
    },
    {
        "message": "试着从积极的角度思考一下吧。\n因为不会被生气，所以可以尽情地喘息――不对，\n因为大海上没有人，所以可以尽情地喘息，多么美妙！"
    },
    {
        "name": "ヤクノヒナホシ",
        "message": "「哈！对了！哈哈……呼呼……就像是参加\n开心的船上派对一样……？」"
    },
    {
        "message": "虽然不太明白，但就是这个意思。"
    },
    {
        "name": "ヤクノヒナホシ",
        "message": "「嗯呜……我、我知道了，团长酱\n嗨酱……因为会喘息嘛？\n请毫不犹豫地，尽情享受吧！？」"
    },
    {
        "message": "这种积极的心态真是太棒了。这才是天鹅船上性爱的乐趣所在。\n为新的快乐之门干杯――\n用冲击着她深处的股间香槟瓶，代替庆祝的香槟，猛烈地抽插着。"
    },
    {
        "name": "ヤクノヒナホシ",
        "message": "「啊啊啊啊啊啊啊啊啊啊！」"
    },
    {
        "message": "夜空夜乌剧烈地喘息着。\n仿佛释放了一直以来的压抑。"
    },
    {
        "name": "ヤクノヒナホシ",
        "message": "「啊、啊啊……团长酱……这、这感觉好舒服……\n喘息而不再忍耐，我喜欢……\n在户外做爱……像是坐在船上一样……我喜欢！」"
    },
    {
        "name": "ヤクノヒナホシ",
        "message": "「团长酱……更多的……更多的……我想要阴茎啦！\n把阴道餐厅包场吧！\n阴道餐厅，让它更加满座吧！」"
    },
    {
        "message": "正中下怀。\n阴道餐厅，我会全力以赴地让它座无虚席。"
    },
    {
        "message": "紧紧拥抱着她的小巧身体，随着节奏开始扭动腰部。\n仿佛在标记她娇小的子宫口，\n仿佛在宣称只有自己能包场阴道餐厅一样，\n扭动、扭动、扭动！"
    },
    {
        "name": "ヤクノヒナホシ",
        "message": "「啊啊啊啊啊！\n哈啊啊啊啊！\n团长酱……团长酱！」"
    },
    {
        "name": "ヤクノヒナホシ",
        "message": "「啊啊啊……摩擦着……磨擦着……！\n团长酱的形状深深地刻在我心里！\n阴道餐厅的常客们都会注意到的！」"
    },
    {
        "name": "ヤクノヒナホシ",
        "message": "「不行……不行了……！快要……快要射了☆\n嗨酱的阴道餐厅！\n连天空上也要开分店了呢！」"
    },
    {
        "message": "没关系……越开越多的分店我都希望。\n紧紧抓住她的腰部，表达出这样的愿望。\n仿佛排气口般，发出连绵不断的淫荡声音。\n嘭！嘭！炸裂声一连串。"
    },
    {
        "message": "终于，阴道餐厅在天界开设了分店。"
    },
    {
        "name": "ヤクノヒナホシ",
        "message": "「嘿呀啊啊啊啊啊啊啊啊啊！」"
    },
    {
        "message": "夜空夜乌剧烈地仰起上半身，抽搐着，伴随着绚烂的喘息声。\n这是平时性爱中绝对不会发出的，引人注目的喘息声。"
    },
    {
        "message": "然而，在那个瞬间，船只突然倾斜了。"
    },
    {
        "name": "ヤクノヒナホシ",
        "message": "「啊，啊啊……团长酱……没、没事吧？\n跳进夜晚的海里……很危险的哦……」"
    },
    {
        "message": "夜空夜乌一边激烈地高潮，一边担心着我。\n爱意涌上心头，我重新抱紧她娇小的身体。\n为了传达平安无事，同时细微地扭动着腰部。"
    },
    {
        "name": "ヤクノヒナホシ",
        "message": "「啊，嗯啊，啊啊啊……没、没事了呢☆\n嗯呜，呜……啊啊啊\n不过，小、小鹿已经高潮了……\n扭动腰部，请稍微控制一下吧……」"
    },
    {
        "message": "这是个棘手的问题。\n就像一旦起步的天鹅船一样，\n这种扭动无法停下来。\n阴道餐厅三星评级的问题。"
    },
    {
        "name": "ヤクノヒナホシ",
        "message": "「嗯，啊啊……！团长酱的阳具头，\n是小鹿精选的最高金奖哦……！\n其他阳具头我不知道，也不想知道……\n总之是最高金奖哦……！」"
    },
    {
        "message": "夜空夜乌满含迷离的眼神，嘴里喃喃自语。\n虽然意识似乎有些飘忽，但她的腰部却在疯狂地摆动。\n——还能继续下去。\n阴道餐厅的结束，还远远没有到来。"
    },
    {
        "name": "ヤクノヒナホシ",
        "message": "「……啊，啊呀？\n团长酱……好像没有靠近港口……？」"
    },
    {
        "message": "在夜空夜乌的提醒下，我注意到了。\n确实比刚才更加接近港口了。\n那么……"
    },
    {
        "name": "ヤクノヒナホシ",
        "message": "「嗯嗯……原、原来如此。\n团长酱的腰摆得太激烈了……嗯呜呜……\n天、天鹅船向前驶去了……」"
    },
    {
        "message": "夜空夜乌凝视着我。\n她原本迷离的眼神中，闪烁着对更大快感的渴望。"
    },
    {
        "name": "ヤクノヒナホシ",
        "message": "「团长酱……我想到了一个好主意☆\n虽然已经很晚了，我们也该回约特露克了……」"
    },
    {
        "name": "ヤクノヒナホシ",
        "message": "「回去的时候，不用脚踩踏板，\n而是靠团长酱那厉害的腰摆\n让船前进回去……怎么样，可以吗？」"
    },
    {
        "message": "——好主意。\n为了满足夜空夜乌的期待，我再次调整姿势。\n抓住她的腰部，调整呼吸，与她深情地对视。\n好，开始！"
    },
    {
        "name": "ヤクノヒナホシ",
        "message": "「啊啊啊！这、这个……！\n正如夜空夜乌所期待的一样！\n团长酱的腰摆……太厉害了！\n船也在前进着！」"
    },
    {
        "message": "天鹅船，嗨酱的星之王前进着。\n动力源来自性爱。\n两人的腰部相互碰撞，性器与性器交织在一起，\n逐渐靠近港口。"
    },
    {
        "name": "ヤクノヒナホシ",
        "message": "「啊啊啊啊啊！又要高潮了☆ 又要高潮了☆ 又要高潮了☆\n团长酱……快、快一点……！」"
    },
    {
        "message": "我全力地摆动腰部，吸住夜空夜乌的嘴唇。\n舌头交织，不顾唾液溢出，\n只是贪婪地追求快感。"
    },
    {
        "name": "ヤクノヒナホシ",
        "message": "「嗯啊啊啊啊啊……！\n啊、啊啊……团长酱，再多一点……！\n嗨酱，还想更更更高潮呢……！」"
    },
    {
        "message": "舌头交织！腰部摆动！船只前进！\n与夜空夜乌合为一体，\n冲向名为极乐的终点！"
    },
    {
        "name": "ヤクノヒナホシ",
        "message": "「啊啊啊……！嗯呀啊啊啊啊……！\n团长酱……团长酱！\n喜欢，喜欢……\n喜欢喜欢喜欢喜欢！！！！」"
    },
    {
        "message": "——港口终于越来越近了。\n虽然感觉到了该抑制呻吟声的时机，\n但这种事情并不重要。"
    },
    {
        "message": "现在只想沉浸在天鹅船性爱中。\n即使是船，也想要沉浸其中。"
    },
    {
        "name": "ヤクノヒナホシ",
        "message": "「啊啊啊啊啊！团长酱……来了、来了！\n好刺激的感觉……！\n不是踩踏板，而是阴道划船！\n成为正式项目了呢……！！」"
    },
    {
        "message": "船上的性爱之航也该进入尾声了。\n船只已经被港口的灯光照亮。\n这种情况下，被别人看到也不奇怪。"
    },
    {
        "message": "终于，射精感觉达到了极限——。"
    },
    {
        "name": "ヤクノヒナホシ",
        "message": "「嗯啊啊啊啊啊……！！！！」"
    },
    {
        "message": "发出至今为止最激烈的声音，\n夜空夜乌陷入了巨大的高潮。\n——幸好是深夜。\n如果是白天，声音肯定会吸引港口的人们。"
    },
    {
        "name": "ヤクノヒナホシ",
        "message": "「哈、哈啊……\n哈、哈、哈……团长酱……」"
    },
    {
        "message": "我轻柔地拥抱着她疲惫的小身体，\n充满温柔和关怀。"
    },
    {
        "name": "ヤクノヒナホシ",
        "message": "「肚子里……好热呀……\n团长酱的……好多好多……\n性爱餐厅……真的是饱满呀……」"
    },
    {
        "message": "夜空夜乌温柔地抚摸着她的肚子。\n从她的表情中，可以感受到一丝母性。"
    },
    {
        "name": "ヤクノヒナホシ",
        "message": "「嘿嘿☆ 嗨酱，你懂的\n大概这个是宝宝……做好了☆」"
    },
    {
        "message": "听到这句话，我的心里充满了感激，我重新拥抱起夜空夜乌。\n她的皮肤上微微浮现出汗水。\n她的体温，她的存在，比任何东西都显得珍贵。"
    },
    {
        "message": "想象着与夜空夜乌一起走向未来，我的心变得炽热。\n怀着深沉而伟大的爱，\nHi—chan's Star Owl\n成功地返回了约特霍尔克——。"
    }
]