[
    {
        "message": "为什么会变成这样呢。"
    },
    {
        "name": "ウィン",
        "message": "「不用客气……可以更紧紧地抱住我哦？\\n也许是因为我加入骑士团的缘故，才导致这么冷吧」"
    },
    {
        "message": "回想起来，那就是起因。"
    },
    {
        "message": "今晚很冷，当我在颤抖着加班时，ウィン来了。\\n她口中推测自己可能是寒流的原因，出于责任感提出要温暖我。"
    },
    {
        "message": "到这里还好。虽然不清楚是否属实，但作为拥抱的理由也能理解。困惑的原因尚未消失。"
    },
    {
        "name": "ウィン",
        "message": "「你的身体有点发热了呢\\n果然裸体更容易察觉呢」"
    },
    {
        "message": "没错，我们现在正全裸拥抱着。\\n在提议后，ウィン毫不犹豫地脱下了衣服，\\n而我也顺从她的话语脱下了全身衣物。\\n突如其来的事情让我惊呆了，无法做出正常的反应。"
    },
    {
        "message": "这一点至今没有改变。不仅心情，身体也开始出现异常的反应。"
    },
    {
        "name": "ウィン",
        "message": "「不只是发热……变得非常硬了\\n我判断你对我的身体感到兴奋」"
    },
    {
        "name": "ウィン",
        "message": "「如果你想要的话……我不介意\\n这也可以成为更了解他人的交流机会吧……」"
    },
    {
        "message": "身为人类无法劝说异界之物。\\n将拥抱变成面对面的姿势，分开光滑的秘裂。"
    },
    {
        "name": "ウィン",
        "message": "「嗯……咕、呼呼……！」"
    },
    {
        "message": "在埋没的瞬间，紧张感传遍了ウィン短小的四肢。\\n她颤抖着紧紧抓住我，忍受着痛苦。\\n虽然她并非人类，但似乎能像人类一样感受到这种痛苦。"
    },
    {
        "message": "既然如此，应该采取同样的对策。\\n为了缓解情绪，轻轻地抚摸着她纤小的身体。"
    },
    {
        "name": "ウィン",
        "message": "「哈啊……哈啊……嗯……骑士团长……」"
    },
    {
        "message": "微弱的呼唤声渗入耳朵里。\\n仿佛被充塞感挤压出来的声音。\\n就这样，我继续抚摸着她一段时间。"
    },
    {
        "name": "ウィン",
        "message": "「没事了，已经没事了……」"
    },
    {
        "message": "ウィン慢慢地抬起头看着我。"
    },
    {
        "name": "ウィン",
        "message": "「谢谢你抚摸我\\n比起一开始……我感觉好多了\\n虽然还有些痛苦，\\n但是刺痛感好像稍微减轻了一点……」"
    },
    {
        "name": "ウィン",
        "message": "「我能感受到你在我的腹中\\n将ウィン的内部，扩张得很大……填满得满满的」"
    },
    {
        "name": "ウィン",
        "message": "「真的……你很兴奋呢\\n这样接纳我……我再次深刻地感受到了」"
    },
    {
        "message": "回答着低语。\\n虽然这是一次极其奇怪的全裸拥抱，\\n但我确实对ウィン感到兴奋。"
    },
    {
        "name": "ウィン",
        "message": "「嗯……是、是吗……」"
    },
    {
        "message": "怀中的温度稍微变得更加炽热了。\\n回答声中也有些微的颤动。"
    },
    {
        "message": "但那颤动在下一瞬间就消失了。"
    },
    {
        "name": "ウィン",
        "message": "「那么……请开始吧」"
    },
    {
        "name": "ウィン",
        "message": "「进行性交时，人会兴奋而体温升高吧？\\n如果用这个身体感到兴奋，应该也会有这种效果」"
    },
    {
        "message": "在我冷静下来的情况下被催促着。\\n确实如此，但是我再次意识到了它比羽毛还要轻盈，一瞬间有些犹豫。"
    },
    {
        "message": "然而，那只是一瞬间的事情。\\n正如刚才所说的，她虽然像人类一样，但她并不是人类。\\n她的身体虽小，但并不符合年龄的标准。"
    },
    {
        "message": "我要尊重她的判断。\\n我点头表示理解，慢慢地移动着ウィン的身体。"
    },
    {
        "name": "ウィン",
        "message": "「呼……嗯嗯……啊……啊啊……呃\\n你的……在里面……嗯啊……啊啊……果然很大……」"
    },
    {
        "name": "ウィン",
        "message": "「你的兴奋……越来越明显了\\n真的，因为ウィン而兴奋……\\n变得更加兴奋，变得更大了……」"
    },
    {
        "message": "她似乎不是怀疑而是谨慎。\\n我也多次低声耳语着同样的话。"
    },
    {
        "name": "ウィン",
        "message": "「呼啊……嗯嗯……是的呢……是这样的呢……」"
    },
    {
        "message": "声音和眼神再次波动起来。\\n狭窄的阴道变得更加湿润。"
    },
    {
        "message": "然后，发出的呻吟也变少了。\\n波动很快消失，\\n传达出她恢复了平静的感觉。"
    },
    {
        "name": "ウィン",
        "message": "「这次，我明白了……\\n但是这样一来，还有一点疑问……」"
    },
    {
        "message": "怎么了呢？\\n为了不打扰对话，将缓慢的摩擦变得更加宽松。"
    },
    {
        "name": "ウィン",
        "message": "「无论行为如何，我并不感到对你本身有危险……\\n请告诉我……\\n你是喜欢小女孩的吗？」"
    },
    {
        "name": "ウィン",
        "message": "「对像ウィン这样的小女孩，感到性兴奋……\\n在社会上应该是危险人物吧……」"
    },
    {
        "message": "又问了个难以回答的问题。"
    },
    {
        "message": "但是不能不回答。\\n总之，这种交流是为了更好地了解人类。\\n回答说没有错误的认识。"
    },
    {
        "name": "ウィン",
        "message": "「是吗……ウィン的理解没有错吧」"
    },
    {
        "message": "到底是什么呢？\\n感觉自己被冷静地侮辱着。\\n客观上来说，应该是我才是坏人。"
    },
    {
        "name": "ウィン",
        "message": "「那么……请更加激烈一点」"
    },
    {
        "message": "到底是什么呢……"
    },
    {
        "name": "ウィン",
        "message": "「如果能更加激烈一点，也许我会感到危险\\n对于有着危险嗜好的你来说，这种不感到危险的矛盾……\\n应该能够解决掉……」"
    },
    {
        "name": "ウィン",
        "message": "「不用担心我……分泌出女性的体液，疼痛也消失了……\\n如果感到危险，我会用蔓藤告诉你的……」"
    },
    {
        "message": "确实，如果用这根带刺的蔓藤来告诉我，\\n就无法继续进行危险的事情了吧。"
    },
    {
        "message": "似乎只能按照被告知的方式去做。\\n阴茎也变得焦躁起来。\\n点头表示明白后，将摩擦转为更加正式的动作。"
    },
    {
        "name": "ウィン",
        "message": "「呼……嗯啊……啊呜……啊、啊啊呜……！\\n好、好厉害……！ 嗯啊、啊啊！ 大、大的，蹭蹭……！\\n啊呜！ 啊啊！ 深入到……嗯啊、啊啊呜！」"
    },
    {
        "message": "前后摇动着ウィン的臀部，配合自己的深入。\\n狭窄而湿滑的肉壁感觉非常舒服。\\n那种狭窄和羽毛般的体重用背离感来装饰黏膜摩擦的快感。"
    },
    {
        "name": "ウィン",
        "message": "「顶到了……！ 嗯啊、啊啊！ 反复地、顶到了……！\\n呼啊、啊啊呜！ 非常湿润……！\\n在ウィン里面，雄蕊……粗暴地、擦拭着……！」"
    },
    {
        "name": "ウィン",
        "message": "「你很兴奋吧……！ ウィン的身体……！\\n小小的身体……被这样粗暴地……！ 虽然是骑士团长……！\\n嗯呀、哈啊呜！ 很危险，是个危险人物……呼啊、啊啊呜！」"
    },
    {
        "name": "ウィン",
        "message": "「然而，ウィン却……！ 呼呼，嗯嗯啊，哈啊呜！」"
    },
    {
        "message": "ウィン的阴茎收紧，缠绕在不相称的肉棒上。\\n蔓藤没有动的迹象。"
    },
    {
        "name": "ウィン",
        "message": "「嗯嗯，啊啊啊……！ ウィン感觉好舒服……！\\n明明是危险的事情……！ 却感觉很舒服……！」"
    },
    {
        "message": "从小小的嘴巴里传出的告白，让身体瞬间变得炙热。"
    },
    {
        "name": "ウィン",
        "message": "「哈啊，哈啊呜！ 嗯嗯嗯嗯呜呜……！\\n还要更快吗！ 呀，哈啊，啊啊呜呜呜！」"
    },
    {
        "name": "ウィン",
        "message": "「哈啊，啊啊啊！ 黏糊黏糊的……！\\n头脑、肚子里都……！ 虽然很危险，本应该很危险的……！」"
    },
    {
        "message": "短小的四肢紧紧抓住，狭窄的阴茎展现出雌性的反应。"
    },
    {
        "message": "精液被那种压迫感和可爱感冲击着。\\n握紧细小的臀部，进入最后的冲刺。"
    },
    {
        "name": "ウィン",
        "message": "「嗯嗯啊，哈啊啊！ 要射了吗！ 你也要射精……！\\n射进ウィン里面……！ 在小小的ウィン里面，好多……！」"
    },
    {
        "name": "ウィン",
        "message": "「啊，啊啊啊！请，请射出来……！\\n用你的精液，填满ウィン的肚子……！」"
    },
    {
        "name": "ウィン",
        "message": "「呼呼呼！嗯嗯嗯嗯嗯嗯嗯嗯……！」"
    },
    {
        "message": "怀中的ウィン收缩到了极限。\\n他紧紧地抱住腰部，注入精液。"
    },
    {
        "message": "被背德感和兴奋所染色的精液，迅速填满了狭窄的阴道。\\n不久后从连接处溢出，滴落在彼此的下半身上。"
    },
    {
        "name": "ウィン",
        "message": "「呼啊……哈啊……哈啊……哈啊……」"
    },
    {
        "message": "在余韵中，渐渐恢复了冷静。\\n不仅感到愉快，身体也变得温暖，但这次交合让人思考许多事情。"
    },
    {
        "message": "为了取暖、为了了解人性、为了解决矛盾。\\n回想起来，目的就是这样，感情方面似乎很贫乏。"
    },
    {
        "message": "当然，交合并不一定需要爱或好意，但有了这些感情会更加深入。"
    },
    {
        "message": "ウィン对此是怎么想的呢？如果认为没什么大不了的……会感到相当受伤。"
    },
    {
        "message": "这样想着，我凑近了脸……。"
    },
    {
        "name": "ウィン",
        "message": "「唔唔……明白了，矛盾的理由……」"
    },
    {
        "message": "他脸红得惊人，羞耻地避开了视线。"
    }
]