[
    {
        "message": "从那以后过了一段时间。\\n在这期间，芙姬清醒地审视了自己，重新认识了隐藏在内心深处的性格，\\n对于自己竟然下了如此认真的结论感到非常吃惊。"
    },
    {
        "name": "フキ",
        "message": "「一旦有了自觉，就无法将其视为不存在\\n抑制下去也不现实\\n但如果沉溺其中，实现正义也只是空中楼阁」"
    },
    {
        "name": "フキ",
        "message": "「那么，方法只有一个……平日照常生活，忍耐到极限\\n不会向你工作时的你和这里的大家……\\n更不会向除你之外的绅士们提出要求\\n我以我的天盖起誓」"
    },
    {
        "name": "フキ",
        "message": "「在那之后，一旦时机成熟……\\n你要负起责任」"
    },
    {
        "message": "这样安排下去，正是她作为她的原因。\\n可爱而且在某种意义上也显得高尚，没有拒绝的理由。"
    },
    {
        "message": "现在，芙姬完美地履行着自己的誓言。\\n白天是一位高尚的骑士，与以前一样。\\n保卫国家，消灭世界的害虫\\n继续做正义的花骑士。"
    },
    {
        "message": "然而，夜晚却不同。"
    },
    {
        "name": "フキ",
        "message": "「团长大人……今晚也请您照顾」"
    },
    {
        "message": "在回忆中，敲门声和芙姬的声音传来。\\n无法抑制心跳加速，怀着期待迎接进来。"
    },
    {
        "message": "一进门，就被贪婪地吻住了嘴唇，没有打招呼。\\n然后被推倒在床上，舌头舔着，衣服被脱掉了，\\n接下来只是交换着野兽般的呼吸，一次又一次地被榨取。"
    },
    {
        "name": "フキ",
        "message": "「嗯啊，哈啊……再来一次……♪\\n啊呜……嗯嗯嗯啊啊啊啊～♪」"
    },
    {
        "message": "带着淫笑，フキ含住了刚刚勃起的半软肉棒。\\n因为沐浴在精液中，阴道仍然热热的。"
    },
    {
        "message": "看到这样的情况，我也很快就恢复了热度。\\n感受到自己的勃起重新变得有力，フキ眯起了眼睛并露出了喜悦的表情。"
    },
    {
        "name": "フキ",
        "message": "「呵呵……果然是团长大人的阳具……♪\\n还能做到这种程度……我真是个幸福的人♪」"
    },
    {
        "name": "フキ",
        "message": "「还不够……再多一点……请让我榨取更多的精液♪\\n可以吗？不介意吧？\\n嗯……啊……请负起责任好吗？」"
    },
    {
        "message": "舔干口交的余味，フキ晃动着腰。\\n这个动作，是深知我的喜好。"
    },
    {
        "name": "フキ",
        "message": "「啊……嗯……咕嘟咕嘟，好舒服啊……♪\\n我也很舒服……嗯，啊……♪\\n滴落、擦拭着……\\n你的种子，渗透进我的小穴里，我喜欢这样……♪」"
    },
    {
        "name": "フキ",
        "message": "「在子宫里，你的精液，噼里啪啦地流淌着……♪\\n气味也很浓烈……身体、脸庞……全部都是你的……♪\\n哈啊……啊啊……小穴湿透了……♪\\n明明已经高潮了那么多次了……但还是变成了母狗一样的状态，停不下来了……♪」"
    },
    {
        "name": "フキ",
        "message": "「这一切……都是因为你……♪\\n你让我的阴道充满了你的精液，让你的阳具一次又一次地勃起……♪\\n啊……每晚都这么美好，团长大人……♪」"
    },
    {
        "message": "所有的一切，都是因为她暴露出了淫荡的本性。\\n享受着注入体内的快感，我呻吟着，扭动着胸部。"
    },
    {
        "message": "得出结论后，フキ每晚都会向我提出要求。\\n每个夜晚，她都变得更加大胆，甚至说出淫秽的话语。\\n没有男人能够抵挡得住这样的诱惑。"
    },
    {
        "name": "フキ",
        "message": "「真的非常感谢你……啊……啊啊啊……\\n好棒！胸部真好♪\\n子宫深处……痉挛着……\\n啊……又想要了……想要你的种子♪」"
    },
    {
        "message": "被她那样煽动的眼神看着，我的身体自然而然地紧绷起来。\\n我不会忍耐。\\n我和她一起动，让我们的黏膜充满体液。"
    },
    {
        "name": "フキ",
        "message": "「啊……啊啊！好开心……♪\\n明明想让你休息的……啊……」"
    },
    {
        "message": "你这是在刺激男人的本能吧。\\n她还擦了擦我的乳头，好像在摩擦着我的精液一样。"
    },
    {
        "name": "フキ",
        "message": "「啊……♪　原来你想让我怀孕吗……♪\\n啊……没关系的……我不介意♪」"
    },
    {
        "name": "フキ",
        "message": "「我告诉过你了吧……\\n只要你能满足我的淫荡身体，就算怀孕了也没有关系……♪\\n相反，这正是我所期望的……啊……♪」"
    },
    {
        "message": "是的，福基得出了这个结论。\\n即使意识到自己的淫荡，本质上还是认真的。"
    },
    {
        "name": "フキ",
        "message": "「其实……第一次的时候……应该是请你……呃\\n那时候太舒服了，忘记了……\\n但是现在……啊，啊嗯……现在的我……♪」"
    },
    {
        "message": "淫乱的眼神缠绕着本能。\\n腰部运动也发生了变化。"
    },
    {
        "name": "フキ",
        "message": "「全部都……取决于你……♪」"
    },
    {
        "message": "摆出妖艳的舌头，把子宫口擦拭到铃口上。"
    },
    {
        "name": "フキ",
        "message": "「我还没有……满足呢……啊……啊啊……\\n疼痛感还没有消失……每次感受到你的阴茎，就越来越严重了……♪\\n所以，只要你想要的话……无论多少次都可以……♪」"
    },
    {
        "name": "フキ",
        "message": "「直到我怀孕为止……\\n在子宫里，吐出你的种子也可以哦……♪」"
    },
    {
        "message": "肉欲在淫荡的引诱下一下子爆发了。"
    },
    {
        "name": "フキ",
        "message": "「啊呜、嗯啊、啊啊啊啊、啊呜、嗯嗯嗯！\\n好厉害……！　嗯啊、啊啊！　还有这样的……！　啊啊，啊啊啊！\\n宝宝的房间，一直在颤抖……！　哈呜、嗯嗯啊啊！\\n好舒服……，啊啊啊！　一定是来孕育我的……」"
    },
    {
        "name": "フキ",
        "message": "「这种事，绝对逃不掉！不想逃！\\n呼啊啊！好舒服！好舒服的感觉一直涌上来！\\n呼啊啊！太棒了！哈啊啊！更多，要更多！要搞疯我！」"
    },
    {
        "message": "我不打算放过你，也不打算停下来。\\n紧握住她的乳房，用力拉过她的手，\\n猛烈地顶进福希那让人羞耻的身体。"
    },
    {
        "name": "フキ",
        "message": "「嗯啊，啊啊啊！深入，深入最好！\\n这种感觉，太难忍受了！成为母性……团长大人的母性……！\\n啊啊，啊啊啊！撕开吧，团长大人！给我快感！」"
    },
    {
        "message": "福希发出诉求，狠狠地抽动着腰部。"
    },
    {
        "name": "フキ",
        "message": "「呼安，嗯啊啊！哈啊啊！一直顶到头！小穴，好棒！\\n明明已经高潮了好几次，小穴还是越来越痒！\\n嗯啊，啊安！团长大人，团长大人！呼啊安，哈啊安！」"
    },
    {
        "name": "フキ",
        "message": "「我……幸福呀！哈啊，嗯啊啊！\\n能让你看到我这个淫荡的样子，真是太幸福了！\\n哈啊啊，啊啊啊！看着吧，全部都看着吧！」"
    },
    {
        "name": "フキ",
        "message": "「全部都看着……阴茎，硬起来吧！\\n呼安啊，啊安，哈啊，啊啊啊！啊呀呀，啊呀！\\n顶进来吧！哈啊，啊啊啊！\\n喜欢这种快感！喜欢这种淫荡的感觉呀！呼啊安安！」"
    },
    {
        "message": "被压倒了。被拖入其中。\\n心身都被推向了极限。"
    },
    {
        "name": "フキ",
        "message": "「呼安，嗯嗯嗯！龟头膨胀了……！哈啊，安安！\\n要射了吧！再次射给我！\\n哈啊，啊啊！太开心了，团长大人！\\n快点给我！让子宫充满吧！」"
    },
    {
        "name": "フキ",
        "message": "「新的，塞进来！新鲜的最好了！\\n呼啊啊！好舒服！好舒服的感觉一直涌上来！\\n榨干你哦！就这样，全部都给我！让我得到恩惠吧！」"
    },
    {
        "name": "フキ",
        "message": "「呼啊啊！哈啊啊啊！嗯嗯嗯……♪」"
    },
    {
        "message": "同时达到高潮。\\n喷出精液的肉棒，被贪婪的收缩挤压着。"
    },
    {
        "message": "射精感和多幸感几乎让人失去意识。\\n结果，他献上了大量可怕的精液给福希。"
    },
    {
        "name": "フキ",
        "message": "「呼啊……啊……精液，好多……♪\\n虽然已经榨干了好几次……呼呼……♪」"
    },
    {
        "name": "フキ",
        "message": "「又稠又黏……非常浓郁……♪\n如果被这样子出来……我就……♪\n哈啊……嗯啊……嗯啊啊……♪」"
    },
    {
        "message": "没有休息的时间。\\n像之前一样，福希再次晃动着她的腰，甚至没有表现出任何余韵。"
    },
    {
        "name": "フキ",
        "message": "「哈啊，嗯啊啊！还不够……再来一次……♪\n我们要更多，团长大人……♪」"
    },
    {
        "name": "フキ",
        "message": "「即使怀孕也没关系……啊啊，让我怀上你的孩子吧……♪\n如果你的阴茎还能硬起来的话，就无论多少次都可以……♪\n让我生下你的宝宝吧♪呼呼呼♪」"
    },
    {
        "message": "与福希的交流将持续到今夜直到天亮。"
    }
]