[
    {
        "name": "ディモルフォセカ",
        "message": "「啊哈，是我呀～！」"
    },
    {
        "message": "伴随着热闹的声音，被揭开了被子。\\n一下子清醒的同时，我想要蜷缩身体。"
    },
    {
        "name": "ディモルフォセカ",
        "message": "「瞧瞧，太阳出来了……诶？\\n哎呀，团长君……\\n昨天明明很厉害的嘛……」"
    },
    {
        "message": "迪莫尔夫塞卡脸红了起来。明白了原因，无奈地辩驳着是不可抗力。"
    },
    {
        "name": "ディモルフォセカ",
        "message": "「就算不找借口也没关系的啊？\\n因为，你是个男孩子嘛……」"
    },
    {
        "name": "ディモルフォセカ",
        "message": "「而且，我嘛……如果团长君想要的话现在就可以……\\n我觉得，团长君的身体已经恢复了……」"
    },
    {
        "message": "确实，下半身神奇地已经恢复了。\\n虽然昨晚在她的体内不知道射了多少次。"
    },
    {
        "name": "ディモルフォセカ",
        "message": "「那么，我们开始吧\\n因为是早上呢，如果不小心会有人来的」"
    },
    {
        "message": "在昨晚之后，为了争夺主导权，她又伸手去脱我的衣服。\\n我握住那只手，有时也想要主动进攻一下。"
    },
    {
        "name": "ディモルフォセカ",
        "message": "「……呃，随便啦……别欺负我哦？\\n保证哦？嗯，要好好约定哦？」"
    },
    {
        "message": "迪莫尔弗塞卡突出了屁股，散发着性感的魅力。\\n这样下去，不知道能不能兑现约定。"
    },
    {
        "name": "ディモルフォセカ",
        "message": "「别瞪着我，如果要进来就进来吧……\\n因为这样很害羞啦……」"
    },
    {
        "message": "虽然一直盯着看也不错，但他把阴茎靠在私处上。\\n果然，昨晚的疲劳已经消失了。"
    },
    {
        "message": "他用力推进，嘈嘈的水声伴随着插入。"
    },
    {
        "name": "ディモルフォセカ",
        "message": "「原来后面插入的感觉是这样的啊……」"
    },
    {
        "message": "虽然身体已经交织了很多次，但这是我第一次主导。\\n感受到了前所未有的羞耻感。"
    },
    {
        "message": "这也是一种乐趣。\\n很高兴能看到从未见过的样子。"
    },
    {
        "name": "ディモルフォセカ",
        "message": "「别捣乱哦？刚才不是答应过了吗？」"
    },
    {
        "name": "ディモルフォセカ",
        "message": "「这个姿势会暴露一切哦？别恶作剧哦？」"
    },
    {
        "message": "可能会受到诱惑，但我无意故意违反约定。表达了一切都好，并开始享受阴道的感触。"
    },
    {
        "name": "ディモルフォセカ",
        "message": "「啊，嗯，嗯嗯！好厉害……顶进来……比我领导时还要深入……」"
    },
    {
        "name": "ディモルフォセカ",
        "message": "「嗯啊，啊啊啊！如果太用力，可能会承受不住身体……啊啊！」"
    },
    {
        "message": "握住主导权也是第一次，从后面插入也是第一次。感觉应该会有很大的不同。"
    },
    {
        "message": "单凭抽送就能有这样的反应，那么加上爱抚会是怎样的呢，很是期待。正好想到这个，开始揉起乳房。"
    },
    {
        "name": "ディモルフォセカ",
        "message": "「等等……里面还没适应呢……啊啊！乳房稍微等一下……嗯嗯！」"
    },
    {
        "message": "就算被求着等一下，男人要从乳房上移开手可不容易。仅仅看一眼就能将人的心俘虏，一旦触碰就会被拖入无底泥沼。有着某种毒气或妖气的存在。"
    },
    {
        "message": "被重力制服，开始自由地摆弄如今比往常更有重量感的果实。从背后来的话，揉得舒服程度迥然不同。"
    },
    {
        "name": "ディモルフォセカ",
        "message": "「啊啊！嗯嗯！嗯啊啊啊！乳头还没有……可以摸摸，但是……嗯啊！嗯啊！」"
    },
    {
        "name": "ディモルフォセカ",
        "message": "「现在的，不是假的……嗯啊！呃呃！呼……我是认真的……嗯啊！呼啊！」"
    },
    {
        "message": "即使是认真的，也无法停止对乳房的爱抚，而不碰乳头。用指尖轻触着那柔软的肉质，触摸到像露珠一样的突起。"
    },
    {
        "name": "ディモルフォセカ",
        "message": "「嗯啊啊！！不要说不行然后还做……啊啊！不是假的……啊啊啊！」"
    },
    {
        "name": "ディモルフォセカ",
        "message": "「不要……里面比平时更敏感……如果再弄乳头的话……嗯呼，呼呼」"
    },
    {
        "message": "迪摩菲斯卡的全身在颤抖。阴道的紧致感也变得更加明显，带来了更多的快感。"
    },
    {
        "message": "我想要给迪摩菲斯卡更多刺激，所以在亲密的情况下，我吹气到她的耳朵前。"
    },
    {
        "name": "ディモルフォセカ",
        "message": "「嗯呀啊！？耳朵，好刺激，好舒服……」"
    },
    {
        "message": "她的反应比我预想的还要好。我继续吹气。"
    },
    {
        "name": "ディモルフォセカ",
        "message": "「不行……这么多地方同时……嗯呀、嗯呀、嗯呀\\n啊啊啊，太舒服了……」"
    },
    {
        "name": "ディモルフォセカ",
        "message": "「呼呼，呼呼，呼呼，呼呼……啊啊啊啊啊！\\n别喷那么多次呀……」"
    },
    {
        "message": "迪摩菲斯卡感到非常可爱。不仅是她的身体，连声音也变得柔软。"
    },
    {
        "message": "为了进一步刺激她，在耳边凑近并低声说道。\\n好色的事情呢。"
    },
    {
        "name": "ディモルフォセカ",
        "message": "「嗯嗯嗯……！变得好色，都是队长的错……\\n我可不是这样的变态……」"
    },
    {
        "message": "再次低语着同样的话。\\n如果不是变态的话，也不会在一个晚上发生多次行为了吧。"
    },
    {
        "name": "ディモルフォセカ",
        "message": "「不是……变态的不是我……\\n是队长……呼呼，呼呼……」"
    },
    {
        "message": "迪摩菲斯卡的身体变得发热。\\n不仅仅是因为从阴茎传来的快感，她的身体和情绪也被燃烧起来，\\n散发出一种不可忽视的热度。"
    },
    {
        "message": "流汗的量也不同。\\n对于稍微有些出汗的我来说，她的身上则浮现出了珠状汗珠。"
    },
    {
        "name": "ディモルフォセカ",
        "message": "「我要疯了……嗯咕，嗯啊，啊啊！中间太痛了……队长！」"
    },
    {
        "message": "压迫感是如此之强。\n到了这一步，让人欲罢不能。"
    },
    {
        "message": "大概是女性最脆弱的地方，她伸出了手去碰她的阴蒂。"
    },
    {
        "name": "ディモルフォセカ",
        "message": "「嗯唉呀！？呼哇！嗯嗯！\n不，那里不要，请别碰我……！」"
    },
    {
        "message": "她的腿开始颤抖。\n在她几乎要倒下时，他扶着她继续爱抚。"
    },
    {
        "name": "ディモルフォセカ",
        "message": "「呼呼呼……阴蒂……不行……嗯咕！嗯嗯！\n不行，不行，不行……我要……要哭……！」"
    },
    {
        "message": "汗水掺杂着泪水和口水滴在了地板上。\n对阴蒂的刺激有点过头了吗？"
    },
    {
        "message": "停止爱抚，放慢抽送的频率。\n他紧紧拥抱她，温柔地对待她的身体。"
    },
    {
        "name": "ディモルフォセカ",
        "message": "「现在，不要停下来……\n如果要责备我，就一直责备到最后……让我感到羞耻……」"
    },
    {
        "name": "ディモルフォセカ",
        "message": "「即使暴露丑态也没关系……」"
    },
    {
        "message": "瞬间腿脚变得有力。\n像晃动巨臀的赘肉一样，用腰和欲望猛击。"
    },
    {
        "name": "ディモルフォセカ",
        "message": "「嗯啊！对，就是这样……嗯好！\n还有，再摩擦一下……！」"
    },
    {
        "message": "按照要求刺激阴蒂后，她的腿再次发软。\n可以感觉到阴道在蠕动，渴望精液。"
    },
    {
        "name": "ディモルフォセカ",
        "message": "「嗯啊！啊啊啊！呼咕！嗯咕！\n不行……身体……撑不住了……」"
    },
    {
        "name": "ディモルフォセカ",
        "message": "「各种地方都被责难得太过分了……\n变得一团糟了……呼咕啊，呼咕啊！」"
    },
    {
        "message": "感觉睾丸紧缩起来。\n在滴下爱液的阴道里，阴茎颤抖不已。"
    },
    {
        "message": "迪莫尔福塞卡的身体已经完成，\n这也是证明我即将投降的瞬间。"
    },
    {
        "name": "ディモルフォセカ",
        "message": "「啊啊啊！呼咕……咕咕咕！ 嗯，啊啊啊！\n不行了，不行了……兰乔君，不行了……！」"
    },
    {
        "name": "ディモルフォセカ",
        "message": "「我要……要射了……要射出来了……！」"
    },
    {
        "message": "被迪莫尔福塞卡的引诱所诱惑，精液开始涌上来。\n毫不忍耐地扭动着腰，一直奔向高潮的极限。"
    },
    {
        "name": "ディモルフォセカ",
        "message": "「嗯咕！啊！嗯咕！哈啊！呼咕！嗯嗯！\n里面、胸部、阴蒂……都要坏掉了啊啊啊……！」"
    },
    {
        "name": "ディモルフォセカ",
        "message": "「啊啊啊啊！嗯嗯！呼呜、呼呜……已经、不行了……\n嗯啊啊啊啊啊啊啊啊！」"
    },
    {
        "name": "ディモルフォセカ",
        "message": "「喘息、喘息、喘息、喘息……嗯嗯嗯！\n颤抖着……哈啊！嗯咕！嗯嗯呜呜呜……！」"
    },
    {
        "message": "紧紧拥抱着，无法控制痉挛的身体。\n这是因为承受了前所未有的刺激。"
    },
    {
        "message": "这也表现在阴道的收缩上，\n淫秽的肉缠绕住龟头和龟颈，不肯放开。\n尽可能地用力支撑着摇摇欲坠的迪莫尔福塞卡。"
    },
    {
        "name": "ディモルフォセカ",
        "message": "「哈啊、哈啊……责难得太过分了……\n这样，真的太过分了……」"
    },
    {
        "message": "我知道自己做得太过火了。\n冷静下来后应该道歉才对。"
    },
    {
        "name": "ディモルフォセカ",
        "message": "「被做到这种地步……我也无法保持沉默了……」"
    },
    {
        "name": "ディモルフォセカ",
        "message": "「接下来，轮到我让你高潮了……\n直到你射精为止，都不许离开这个房间……」"
    },
    {
        "message": "即使我的腿还在发抖，\n但他还是提出了攻守交换的第二回合。\n可以看出他有多认真。"
    },
    {
        "message": "希望你能在不影响工作的情况下解决这件事，\n但或许无法再这么说下去了。"
    }
]