[
    {
        "message": "过去从没感冒过一次，诺思波尔一直是非常健康的。\\n然而她却说出了一件不可思议的事情。"
    },
    {
        "name": "ノースポール",
        "message": "「其实……我的身体状态有些奇怪了」"
    },
    {
        "message": "听到这一让人难以置信的报告，我下意识地抓住她的肩膀问她怎么了。\\n她回答我时，眼神有些发热而湿润。\\n当我重复问她是不是感冒时，她摇了摇头否认了这个问题。"
    },
    {
        "name": "ノースポール",
        "message": "「和团长在一起的时候，胸腔深处会噗通一声有些奇怪的感觉……\\n脸颊也会变得发烫……\\n所以我向花骑士的大家求助，他们说这是恋爱病……」"
    },
    {
        "message": "她把同事告诉她的病症说出口后，诺思波尔的脸颊更加红了。\\n我也因为她而感到体温升高。"
    },
    {
        "name": "ノースポール",
        "message": "「拜托了……不仅仅是脸颊，我全身都变得火热了……\\n只有团长能治愈我……请拜托你了……」"
    },
    {
        "message": "确认不是病，我松了一口气。\\n而且，她这样请求我，正好符合我的意愿。"
    },
    {
        "name": "ノースポール",
        "message": "「唔……啊，啊啊啊啊……！」"
    },
    {
        "name": "ノースポール",
        "message": "「啊啊，顶到了……好深……」"
    },
    {
        "message": "诺思波尔的身体微微颤抖着，紧紧接受插入到阴道深处。\\n我紧握着她的双腿，坚决地将它塞进去。"
    },
    {
        "name": "ノースポール",
        "message": "「嗯，嗯嗯……啊啊……好高兴……能感受到全部……\\n感动得有点落泪呢……♪」"
    },
    {
        "message": "诺思波尔含着破处的疼痛，说出了那样的话。\\n对她来说，被这样连接在一起是一种巨大的喜悦。"
    },
    {
        "name": "ノースポール",
        "message": "「身体……比刚才热热的……\\n心脏也跳得好快……好多心动感呢……」"
    },
    {
        "name": "ノースポール",
        "message": "「恋爱的冲动好厉害呢……\\n虽然是第一次，疼得好厉害……但外面的感觉也不错……」"
    },
    {
        "name": "ノースポール",
        "message": "「嘿嘿……团长？接下来……想要继续的说♪\\n团长你也……不舍得停下来吧……对吧？」"
    },
    {
        "message": "诺思波尔用关注和期待的目光看着我，表示允许我抽送。\\n她向我传达，如果无法忍受疼痛，请告诉她，同时小心地动着腰部。"
    },
    {
        "name": "ノースポール",
        "message": "「啊啊……啊啊……团长，轻轻地动着……啊啊\\n在里面磨擦着……嗯啊」"
    },
    {
        "name": "ノースポール",
        "message": "「嗯咕嗯，嗯嗯……有点疼，但是……啊啊……\\n感觉有点奇怪……呜，啊啊……」"
    },
    {
        "name": "ノースポール",
        "message": "「团长，你……动着你的小弟弟……舒服吗？」"
    },
    {
        "message": "我回答说当然舒服。刚刚失去贞操的阴道虽然有些紧张，但是黏膜的摩擦却给我带来了刺激。"
    },
    {
        "name": "ノースポール",
        "message": "「嘿嘿……太好了……嗯，嗯嗯啊啊……我……我没事，所以……请多动一些……可以吗？我……我能够……忍耐住的……」"
    },
    {
        "message": "她这样说着，我希望诺思波尔能够享受到快感。为了让我们双方都感到舒服，我更加温柔地、细致地插入阴茎。"
    },
    {
        "name": "ノースポール",
        "message": "「咦……嗯嗯……那样的话……就像把小弟弟的顶端，在壁上摩擦一样……嗯啊啊……非常刺激……」"
    },
    {
        "name": "ノースポール",
        "message": "「全身都……非常热……嗯呀……尽管有些疼痛……却越来越不觉得了……哈啊，啊啊，嗯啊」"
    },
    {
        "name": "ノースポール",
        "message": "「热热的……比刚才还要强烈……能够感受到团长的存在……感到幸福……越来越厉害了……嗯呜呜……啊啊……发出了淫荡的声音呢……」"
    },
    {
        "message": "每一次摩擦都能清楚听到水声从连接处传来。明白诺思波尔感受到了快感，我的欲望也随之增强。"
    },
    {
        "name": "ノースポール",
        "message": "「嗯呃……啊啊……我……想更多地体会这种感觉……想要感受更多的幸福……希望你能让我感到舒服！」"
    },
    {
        "name": "ノースポール",
        "message": "「尽情地、再多一点……！\\n对我、多多地爱我吧……！」"
    },
    {
        "message": "疼痛完全消退后，诺思波尔开始渴望摩擦的快感。为了满足她的愿望，我将缓慢的动作变得更加热烈起来。"
    },
    {
        "name": "ノースポール",
        "message": "「啊呀呀……！顶顶地，不停地插进来……啊啊、哈啊啊！\\n那里发出了淫荡的声音……太棒了……哈呜呜！」"
    },
    {
        "name": "ノースポール",
        "message": "「我刚才还是处女的……\\n第一次就这样湿透了……好害羞呀！」"
    },
    {
        "message": "如果你觉得害羞不舒服的话，可以回到之前的动作。\\n我这样告诉她之后，诺思波尔更加红着脸摇了摇头。"
    },
    {
        "name": "ノースポール",
        "message": "「这样就好了……不用管，随意……\\n可以任意猛烈地戳进来吗……！」"
    },
    {
        "name": "ノースポール",
        "message": "「虽然感觉像是一个淫荡的女孩，很害羞……啊啊、嗯啊、哈啊啊！\\n像现在这样强烈地抽插……并不讨厌呦……嗯啊啊！」"
    },
    {
        "message": "诺思波尔仍然带着羞耻的表情说出淫秽的话语。\\n她主动寻求更激烈的冲击，加深了兴奋。"
    },
    {
        "name": "ノースポール",
        "message": "「啊呀啊、嗯嗯啊啊！啊啊、啊啊啊啊！\\n太、太棒了！太棒了！\\n好舒服、好舒服！\\n再多、再多一点！团长，求求你！好想要淫液喷溅啊！」"
    },
    {
        "message": "撒娇的声音绕着我的腰和手臂缠绕。\\n它缠绕在腰部的是欲望，让精液涌向上面。\\n缠绕在手臂上的是让我更进一步张开双腿，像捉不住似的把它握紧在手心里。"
    },
    {
        "name": "ノースポール",
        "message": "「啊啊……！嗯嗯……！啊啊啊啊……！\\n小穴、感觉要溶了一样……像和大鸡巴融为一体一样……嗯唔！\\n团长的，砰砰地捅进来的感觉，太舒服了啊……！」"
    },
    {
        "name": "ノースポール",
        "message": "「太幸福了……天要塌下来一样……啊啊、嗯唔……！\\n整个身体都充满了对团长的感情……！\\n这种感觉第一次……太幸福了简直要发疯了！」"
    },
    {
        "message": "再发疯也没关系。\\n我朝着发出的甜美声音说着，并不停地猛操着那里。"
    },
    {
        "message": "听着她甜美的娇声，感受到接合部摩擦的刺激，\\n我这里也快要到极限了。"
    },
    {
        "name": "ノースポール",
        "message": "「啊啊……！嗷呜呜呜……！大鸡巴，抽插得好猛烈……嗯唔……哦……！\\n如果在肚子里这样跳跃，我就……嘿唉唉唉……！」"
    },
    {
        "name": "ノースポール",
        "message": "「快要出来了……！小穴、被团长搅得多汁快烂掉了！\\n啊啊、嗯嗯……！」"
    },
    {
        "name": "ノースポール",
        "message": "「啊……呜呜呜……太、太爽了……！\\n里面、热热的，被灌满了好多精液……感觉到了……」"
    },
    {
        "message": "突然抽出，倾泻出憋了一会儿的全部生殖液，\\n玷污诺思波尔的阴道。\\n好像在教她第一次射精一样，\\n一直把精液喷洒到深处。"
    },
    {
        "name": "ノースポール",
        "message": "「呼……呼……啊啊……欲望已经平息了……但是……恋爱的病却越发严重了……」"
    },
    {
        "name": "ノースポール",
        "message": "「团长大人，我对您的喜爱之情……在心底变得更加强烈了……\n脑海中，也充满了幸福的感觉……\n嘿嘿……我……真是第一次感染上如此幸福的病啊……」"
    },
    {
        "message": "诺思波尔一边调整着呼吸，一边洋溢着喜悦之词，她第一次感染上了恋爱的病。"
    }
]