[
    {
        "name": "スズシロ",
        "message": "「我在书本上学了很多关于和服的知识哦？」"
    },
    {
        "message": "看来铃白真是个勤奋学习的人。\\n以她的个性，鉴于上次的事情，\\n她一定更加彻底地调查了各种知识。"
    },
    {
        "name": "スズシロ",
        "message": "「我学到了很多关于和服种类、不起皱的叠法，\\n还有礼仪等方面的知识」"
    },
    {
        "name": "スズシロ",
        "message": "「尤其是和服礼仪，我已经彻底学习过了，包括一些小知识点」"
    },
    {
        "message": "哦，不禁发出声音。\\n对于有什么小知识点，产生了兴趣，想问问她。"
    },
    {
        "name": "スズシロ",
        "message": "「嗯……好像是说，有位重要人物会拉扯着和服的腰带，\\n把女性的衣服脱掉之类的……\\n从古至今都有这样的约定俗成，书上写着呢」"
    },
    {
        "message": "突然被告知了出乎意料的小知识，无法做出反应。\\n虽然确实知道这样的情节，\\n但这不是一般书籍能得到的知识。"
    },
    {
        "name": "スズシロ",
        "message": "「所以如果团长对此感兴趣的话……\\n要不要我拉一下我系的腰带……？\\n我也很清楚之后会发生什么……\\n不用客气」"
    },
    {
        "message": "作为男性，我一定要亲身体验一下。\\n放弃了无趣的指责，\\n接受了铃白的提议，让她拉住了腰带。"
    },
    {
        "name": "スズシロ",
        "message": "「那、那就请……我会努力说出「啊～呢～」这样的礼仪用语的……」"
    },
    {
        "name": "スズシロ",
        "message": "「啊、啊……啊～呢～……果然还是太害羞了呜……！」"
    },
    {
        "message": "从敞开的和服中露出的肌肤和平时无法体验到的情景，阴茎完全勃起了。"
    },
    {
        "message": "铃白自己也从书本上获得了相关知识，理解了接下来的行为。所以毫不犹豫地将勃起的阴茎对准阴道口，一下子插了进去。"
    },
    {
        "name": "スズシロ",
        "message": "「嗯嗯……龟头硬硬地膨胀着……噗噗地进入了里面……啊啊……呼呼，嗯嗯……越来越深入了……」"
    },
    {
        "name": "スズシロ",
        "message": "「我的里面……已经完全适应团长先生的了……呜呜，想要快点进到最深处……已经开始动了哦……哈呜呜呜」"
    },
    {
        "message": "正如铃白所说，阴道肉紧紧缠绕着阴茎，不断收缩着，促使它插入到阴道深处。"
    },
    {
        "message": "在阴道粘膜的蠢动引导下，顺利地将肿胀的阴茎送达到最深处。"
    },
    {
        "name": "スズシロ",
        "message": "「哈啊……哈啊……硬硬的龟头……碰到最深处了，我知道……团长先生全部进来了，太开心了……已经忍不住了」"
    },
    {
        "name": "スズシロ",
        "message": "「果然，我里面已经专门为团长开发了……已经准备好了……」"
    },
    {
        "message": "在阴茎插入到根部之后，铃白的爱液不断增多。湿润的阴道内，温柔的收缩着，期待着摩擦运动。"
    },
    {
        "name": "スズシロ",
        "message": "「请、请团长……就这样用力抽送……尽情地摩擦进入里面……」"
    },
    {
        "message": "被铃白催促着进行抽送，只能动起来。慢慢地向后拉起腰部，再次向前推进，磨擦着阴道壁。"
    },
    {
        "name": "スズシロ",
        "message": "「啊啊、哈啊、嗯嗯……唔呜呜……肿胀的龟头……扎得好深……唔啊啊、哈呜呜……」"
    },
    {
        "name": "スズシロ",
        "message": "「团长的动作虽然不是很快……唔呜、啊啊啊……却猛烈地撞击到最深处……唔呜、啊呜呜……已经感到刺痛……有点奇怪的感觉了……」"
    },
    {
        "message": "为了充分感受阴道肉的阻力，继续仔细而有力地进行阴茎的往复运动。"
    },
    {
        "message": "甜蜜的麻痹感从连接处传遍腰部。在兴奋中，专注地爱抚着铃白，让刺激贯穿全身。"
    },
    {
        "name": "スズシロ",
        "message": "「嗯嗯……哈呜呜，团长进出的时候……唔啊啊……那里变得非常热……唔呜呜」"
    },
    {
        "name": "スズシロ",
        "message": "「好刺激的感觉……啊啊、嗯嗯……呼啊啊、呼啊啊……那淫荡的汁液……里面已经充满了，变得又滑又湿了……」"
    },
    {
        "name": "スズシロ",
        "message": "「团长……请更加淫荡一点……我希望你更加兴奋……让我无法忍耐地想要射精……请一直到最后……享受快感吧……」"
    },
    {
        "message": "每次抽送时，铃白都用甜美的声音呻吟着，她关注着我的快感。在湿润的阴道内进行摩擦运动已经足够刺激了，但她能给我鼓励的话语让我感到高兴。"
    },
    {
        "name": "スズシロ",
        "message": "「说起来……在小说里，女性总是会抵抗的……团长应该也会更加兴奋吧……对吧？」"
    },
    {
        "message": "这是一个经典的情节。既然有这个机会，我决定让她根据书中所学的知识来表演一下。"
    },
    {
        "name": "スズシロ",
        "message": "「好的……我会努力扭动身体的……嗯嗯、啊啊……请变得更加淫荡……」"
    },
    {
        "message": "铃白已经发出甜美的娇声，痛苦地扭动着。尽管她看起来非常痛苦，但还是努力说出了抵抗的话语，摇晃着头切换了心情。"
    },
    {
        "name": "スズシロ",
        "message": "「请、请不要再这样了……再插进去、抽送得更深的话，我会受不了的……啊、嗯啊啊！请、请放过我……！」"
    },
    {
        "message": "铃白的抵抗之言激起了我内心深处的虐待欲望。阴茎充血加剧，勃起更加坚硬了一圈。"
    },
    {
        "message": "我骑在她身上，问道：如果我不停止冲刺会怎么样呢？"
    },
    {
        "name": "スズシロ",
        "message": "「啊……那、那个……啊啊、啊呜呜、嗯嗯……！团、团长的硬硬的……更、更用力地抽送下去……我会、会变得更加……欲求不满的！」"
    },
    {
        "message": "不，你的反应是不同的。"
    },
    {
        "message": "虽然这样想，但能窥见铃白内心的一瞥，也是一种特别的滋味。兴奋感增加，我继续促进着进展。"
    },
    {
        "name": "スズシロ",
        "message": "「哈呜、啊啊啊……肚子里面，热烘烘的……呀呜呜！要、要射了……啊，快要射出来了……所以……已、已经忍不住了……呀啊啊！不行，不行了，团长……我已经无法抗拒了……！」"
    },
    {
        "message": "铃白被快感击败，很快放弃了抵抗。虽然抵抗时间很短，但她已经充分满足了我。"
    },
    {
        "message": "我追逐着她的高潮，同时猛烈地撞击着，准备喷出精液。"
    },
    {
        "name": "スズシロ",
        "message": "「呀啊，啊啊，呼啊啊，嗯嗯……这种事情，根本无法忍耐……啊、嗯嗯、啊啊！无法抵抗的！」"
    },
    {
        "name": "スズシロ",
        "message": "「腰部猛烈地冲击着……啊啊、哈啊啊、嗯嗯……我也非常兴奋……呀呜呜！子宫一直在疼痛，停不下来……！」"
    },
    {
        "message": "紧紧缠绕在我坚挺的阴茎上，饶有活力地收缩着的铃白的阴道肉壁。\n对于贪婪地追求精液的动作，我一下子产生了射精的欲望。"
    },
    {
        "name": "スズシロ",
        "message": "「啊呜呜……啊啊……我、我什么都不知道……深处了，与团长的顶端紧密贴合着……啊啊啊！」"
    },
    {
        "name": "スズシロ",
        "message": "「要来了，我、我要来了……精液在子宫中催促地喊要射出来……！\n要来了，哈啊……嗯啊啊！要来了啊啊啊啊啊啊啊！」"
    },
    {
        "name": "スズシロ",
        "message": "「哈啊……射精、来了……嗯嗯嗯嗯\n精液、涌进最深处……嗯嗯嗯嗯」"
    },
    {
        "message": "与铃白同时达到高潮，\n震颤的阴茎释放出炙热的浑浊液体。\n多次抽搐，将精液注入阴道内。"
    },
    {
        "name": "スズシロ",
        "message": "「好热……越来越多地充满了腹部……」"
    },
    {
        "name": "スズシロ",
        "message": "「子宫被团长的精液填满了……\n真的很高兴你能注入这么多给我……」"
    },
    {
        "message": "铃白一边全身微微抽搐，\n一边向我投来迷离的表情。\n她用湿润的呼吸来调整呼吸，\n并口述着被充满炙热精液的喜悦。"
    },
    {
        "name": "スズシロ",
        "message": "「能满足喜欢的人，真的感到非常幸福……\n还好我学习了这些……」"
    },
    {
        "name": "スズシロ",
        "message": "「我会再去学习的……当然，包括一些色色的事情……请期待吧……？团长先生……♪」"
    },
    {
        "message": "看着充满热情的铃白，我微笑着回答说期待着。"
    }
]