[
    {
        "message": "瓦伦邦经常不知不觉地待在房间的角落。虽然我已经注意尽量避免非法入侵，但目前还没有发生什么不便的事情……。"
    },
    {
        "name": "ヴァルンボン",
        "message": "「嗯……」"
    },
    {
        "message": "就算是我邀请他进房间，他也不会坐在椅子上，而是坐在房间角落的地板上，有点困扰。或者说，感觉有些难以相处。"
    },
    {
        "message": "能不能再靠过来一点呢。我这样说着递给他椅子，却被他摇头拒绝了。"
    },
    {
        "name": "ヴァルンボン",
        "message": "「嗯、嗯……瓦伦邦喜欢角落……那边太宽敞了，讨厌……」"
    },
    {
        "name": "ヴァルンボン",
        "message": "「……嗯……但是……」"
    },
    {
        "message": "瓦伦邦脸红了起来。"
    },
    {
        "name": "ヴァルンボン",
        "message": "「……如果是床的话，可以……」"
    },
    {
        "message": "瓦伦邦说着如果是床的话，真的来到了床边坐下。他们之间的距离缩短，很快就亲吻并贴肌肤了，时间一点也不长。"
    },
    {
        "name": "ヴァルンボン",
        "message": "「嗯……嗯……圆，看见了……」"
    },
    {
        "message": "瓦伦邦的身影映在一面大镜子上。\\n私处已经湿润，这边的肉棒顶端正对着它。"
    },
    {
        "message": "为什么会变成这种情况呢……。"
    },
    {
        "name": "ヴァルンボン",
        "message": "「『嗯……团长……你听我说……\\n瓦伦邦喜欢在镜子前面……』」"
    },
    {
        "message": "在轻轻挠痒了一段时间后，就在插入之前，\\n瓦伦邦说出了这样的话。"
    },
    {
        "name": "ヴァルンボン",
        "message": "「『嗯，嗯……和团长……连接的地方……\\n瓦伦邦也想要好好地看一看……』」"
    },
    {
        "message": "嘛，既然本人有这样的愿望，就只能满足了。\\n实际上，镜子里的瓦伦邦脸上带着紧张和羞耻的表情……\\n但同时又用着迷的眼神盯着镜子。"
    },
    {
        "name": "ヴァルンボン",
        "message": "「……嗯，嗯……嗯呜……哈呜……」"
    },
    {
        "message": "当用龟头擦拭和戳弄阴唇的褶皱和微小的肉芽时，\\n瓦伦邦每次都会微微颤抖着身体。"
    },
    {
        "name": "ヴァルンボン",
        "message": "「嗯……嗯……啊……\\n团长……还没有插进来吗？嗯……嗯……」"
    },
    {
        "message": "瓦伦邦痛苦地扭动着身体。\\n她的阴道口滴滴答答地流着爱液，涂湿了肉棒的顶端。\\n确实，我也快到极限了。"
    },
    {
        "name": "ヴァルンボン",
        "message": "「嗯……！」"
    },
    {
        "message": "重新紧紧抱住瓦伦邦的腰，\\n将肉棒深深地插入她的体内。"
    },
    {
        "name": "ヴァルンボン",
        "message": "「嗯，嗯……！」"
    },
    {
        "message": "小巧的瓦伦邦内部又紧又窄，\\n慢慢地挤压着肉棒。"
    },
    {
        "name": "ヴァルンボン",
        "message": "「嗯……啊……嗯……缩起来了……」"
    },
    {
        "message": "瓦伦邦也很辛苦吧，\\n她皱着眉头，忍受着疼痛的表情映在镜子里。\\n慢慢地，我拉近她的腰，用力向上顶……"
    },
    {
        "name": "ヴァルンボン",
        "message": "「啊……嗯……！」"
    },
    {
        "message": "终于完全插入到根部。\n内部温热而湿滑，她的脉搏传达着感觉。"
    },
    {
        "name": "ヴァルンボン",
        "message": "「嗯……呜……哈，哈……呜……\n嗯……有点痛……\n没关系，但是……嗯……」"
    },
    {
        "message": "瓦伦邦同时说出了坦率的话和坚强的话，\n闭上眼睛忍耐着。"
    },
    {
        "message": "毕竟立刻动起来也有些不好意思，\n暂时决定先爱抚她的身体。"
    },
    {
        "name": "ヴァルンボン",
        "message": "「嗯……？\n团长……不动吗……？」"
    },
    {
        "message": "没有回答问题，只是把手放在瓦伦邦的胸前。\n用指尖轻轻捏住上下起伏的纤细胸尖，\n摩擦着尖硬的芽。"
    },
    {
        "name": "ヴァルンボン",
        "message": "「嗯……！？\n嗯，啊呜……！」"
    },
    {
        "message": "瓦伦邦发出细而高的惨叫。\n在插入之前的爱抚只是轻柔的触摸，\n所以对强烈的刺激感到惊讶。"
    },
    {
        "name": "ヴァルンボン",
        "message": "「嗯……嗯哈，啊呜……\n嗯……团长，团长……啊，啊嗯……！」"
    },
    {
        "name": "ヴァルンボン",
        "message": "「嗯……那个……嗯……感觉到了……啊……嗯嗯……！」"
    },
    {
        "message": "两个乳头被揉捏着，瓦伦邦发出了娇喘声，身体扭曲着。"
    },
    {
        "message": "但是还是继续刺激了一会儿，然后等时机成熟，用一只手接触到了她的私处。"
    },
    {
        "name": "ヴァルンボン",
        "message": "「啊呜！」"
    },
    {
        "message": "比之前更大的惨叫声从瓦伦邦的口中传出。因为用指尖滚动她的肉芽。"
    },
    {
        "name": "ヴァルンボン",
        "message": "「啊呜、呀呀、那里……啊、啊、嗯！\n嗯、很深……啊、嗯嗯……！\n好舒服……啊……！」"
    },
    {
        "message": "随着臀部的动作，瓦伦邦的腰部开始扭动。\n由于突如其来的快感，我也到达了极限。"
    },
    {
        "name": "ヴァルンボン",
        "message": "「啊……嗯嗯……！\n嗯！团长……动了……啊、啊呜！」"
    },
    {
        "message": "不停地爱抚着瓦伦邦，同时开始猛烈地抽插。"
    },
    {
        "name": "ヴァルンボン",
        "message": "「嗯……嗯……呀呀……啊……嗯嗯……！」"
    },
    {
        "message": "瓦伦邦的手紧紧地握住了快感，她自己把裙子拉了上去。"
    },
    {
        "message": "因此，镜子清晰地映出了肉体之间的交合，毫无遮掩。"
    },
    {
        "name": "ヴァルンボン",
        "message": "「嗯嗯、嗯嗯、嗯……！\n嗯呀……好厉害……啊、啊啊！」"
    },
    {
        "message": "可以看出瓦伦邦的目光被连接处吸引着。\n阴唇卷曲得很淫荡，她湿润的眼睛注视着肉棒插入自己的身体。"
    },
    {
        "name": "ヴァルンボン",
        "message": "「嗯嗯、嗯嗯……！\n连接在一起了，知道吧……嗯呀……！\n这个，想看吧……嗯、嗯嗯……！」"
    },
    {
        "name": "ヴァルンボン",
        "message": "「嗯……呵呵……淫荡……」"
    },
    {
        "message": "平时安静的瓦伦邦突然露出淫靡的笑容。\n一种近乎变态的兴奋感沿着脊椎蔓延。"
    },
    {
        "name": "ヴァルンボン",
        "message": "「嗯嗯……！\n啊、啊啊……！？」"
    },
    {
        "message": "不再只是用指尖爱抚，他贪婪地在瓦伦邦的内部动着腰。"
    },
    {
        "name": "ヴァルンボン",
        "message": "「嗯……嗯……呀、呀呀……啊、大、大人，好厉害，好激烈，啊啊，激烈了……嗯呜、呀！」"
    },
    {
        "name": "ヴァルンボン",
        "message": "「嗯呜！啊、嗯！声音，嗯，好厉害……啊！扑哧扑哧地响着……啊、嗯呜！」"
    },
    {
        "message": "湿润的撞击声回荡着，瓦伦邦的身体弹跳着，一次又一次地猛烈冲刺。"
    },
    {
        "name": "ヴァルンボン",
        "message": "「镜子晃动着……啊、嗯呜、嗯、嗯呜！啊、嗯啊！」"
    },
    {
        "message": "连瓦伦邦的内部都不再感到拥挤和疼痛，充满爱液的粘膜带来强烈的快感。"
    },
    {
        "name": "ヴァルンボン",
        "message": "「啊、嗯呜、呼扬、嗯、嗯！」"
    },
    {
        "name": "ヴァルンボン",
        "message": "「嗯……嗯……大、人……！瓦伦邦，肚子里面，嗯……！颤颤，开始了……嗯、嗯……！」"
    },
    {
        "message": "通过那话语和阴道的动作，她知道自己即将达到高潮。我也快坚持不住了。"
    },
    {
        "message": "向着顶端，更加猛烈地相互撞击着腰部。"
    },
    {
        "name": "ヴァルンボン",
        "message": "「嗯！嗯！嗯……啊！啊！啊……呃、呃、呃！」"
    },
    {
        "name": "ヴァルンボン",
        "message": "「嗯、嗯、嗯嗯……呃！」"
    },
    {
        "message": "在最后一次深入的瞬间，炽热的白浊液体从肉棒中喷射出来，注入了瓦伦邦的深处。"
    },
    {
        "message": "几乎与此同时，瓦伦邦的身体也剧烈地抽搐了起来。"
    },
    {
        "name": "ヴァルンボン",
        "message": "「嗯……呃……呃、呃……」"
    },
    {
        "message": "为了防止瓦伦邦颤抖的身体滑落下来，我用手臂支撑着她。她的抽搐渐渐平息在我的怀中。"
    },
    {
        "name": "ヴァルンボン",
        "message": "「呃……呃……呃啊……哈啊……哈啊……」"
    },
    {
        "message": "她终于松了一口气，瓦伦邦深深地吸了一口气。"
    },
    {
        "name": "ヴァルンボン",
        "message": "「……啊……呼……\n……嗯……」"
    },
    {
        "message": "瓦伦邦透过镜子凝视着我，带着满足的余韵。"
    },
    {
        "name": "ヴァルンボン",
        "message": "「……感觉好吗……？」"
    },
    {
        "name": "ヴァルンボン",
        "message": "「嗯……瓦伦邦感觉很舒服……」"
    },
    {
        "name": "ヴァルンボン",
        "message": "「嗯……\n今天……我明白了……\n瓦伦邦和团长的配合，看起来很不错……\n就像我们已经做了很多次一样，感觉很舒服……」"
    },
    {
        "name": "ヴァルンボン",
        "message": "「嗯\n开心吗？」"
    },
    {
        "message": "这时，瓦伦邦终于转过肩膀，近距离地仰视着我。"
    },
    {
        "name": "ヴァルンボン",
        "message": "「嗯……谢谢你给我看镜子……\n因为我对此很感兴趣……想看一看\n嗯，嗯」"
    },
    {
        "name": "ヴァルンボン",
        "message": "「嗯……嗯！\n……团长\n你刚才说了什么来着？」"
    },
    {
        "name": "ヴァルンボン",
        "message": "「我们再见吧，我说过的……\n嗯！」"
    }
]