[
    {
        "name": "サフラン",
        "message": "「团、团长，这、这种装扮……好害羞……」"
    },
    {
        "message": "在安静的团长室里，坐在膝盖上的藏红花\\n脸颊泛红，显得十分害羞。"
    },
    {
        "message": "抱着她的脚时，我将它们展开……\\n红色的阴户完全裸露出来。"
    },
    {
        "name": "サフラン",
        "message": "「啊……不要这样展开啊……太害羞了……」"
    },
    {
        "message": "将阴茎放在裸露的洞口上。\\n柔软而温暖的感觉传了过来。"
    },
    {
        "name": "サフラン",
        "message": "「好、好大……这个可以进去吗？真的吗？」"
    },
    {
        "message": "看到男性器官，藏红花不禁发出惊叹的感叹。"
    },
    {
        "message": "平时沉稳大气的藏红花\\n也显然非常慌乱。"
    },
    {
        "name": "サフラン",
        "message": "「啊，轻、轻点……嗯！」"
    },
    {
        "message": "将男性器的弯曲顶端与秘唇中心对准，\n从下方向上突进进入她的阴道，\n藏红花的身体颤抖了一下。"
    },
    {
        "name": "サフラン",
        "message": "「啊啊啊啊，进来了……！\n好像、好像不真实……啊！」"
    },
    {
        "message": "阴茎顺着紧闭的阴道滑动着。"
    },
    {
        "name": "サフラン",
        "message": "「啊，啊，进、进来了吗？\n都进来了……嗯嗯……」"
    },
    {
        "name": "サフラン",
        "message": "「感觉好像有什么奇怪的东西在肚子里……\n团、团长先生……」"
    },
    {
        "message": "受到她撒娇般的声音的引诱，我开始缓慢地上下动着腰。"
    },
    {
        "name": "サフラン",
        "message": "「呀、呀啊……！啊、啊、\n在里面，我的里面，团长先生的……摩擦着……！」"
    },
    {
        "name": "サフラン",
        "message": "「嗯、嗯……感觉有点奇怪……\n……嗯嗯，肚子里面非常热呢……啊啊！」"
    },
    {
        "message": "为了让她清晰地感受到这种感觉，我加快了腰的动作。"
    },
    {
        "name": "サフラン",
        "message": "「啊啊啊，那、那种，动来动去的感觉……\n在我里面，团长先生在不停地搅动……嗯嗯！」"
    },
    {
        "message": "阴茎滑过阴道的褶皱时，\n体液不断地滴下来。"
    },
    {
        "name": "サフラン",
        "message": "「呼啊……嗯，不、不要……\n我、我这样，湿淋淋的……啊啊啊！」"
    },
    {
        "message": "看着交合的部位，藏红花无法隐藏自己\n感受到的事实，羞耻感涌上心头。"
    },
    {
        "name": "サフラン",
        "message": "「团长先生的……嗯，每次顶进我这里，\n嗯嗯，我这样，这么、舒服……啊啊！」"
    },
    {
        "name": "サフラン",
        "message": "「啊啊啊，这样的话，我……嗯，\n变得很、很淫荡的样子……」"
    },
    {
        "name": "サフラン",
        "message": "「嗯，不一样的……嗯嗯，\n团长先生，我……不是、这么淫荡的孩子的！」"
    },
    {
        "message": "虽然口头上否定，但她甜美的声音与\n阴道的紧缩同时发生。"
    },
    {
        "name": "サフラン",
        "message": "「啊啊啊，不行……\n这、这么紧，不该、不行的……啊啊啊！」"
    },
    {
        "message": "在矛盾的心与身体间，藏红花用一种焦灼的方式扭动着腰。\n这种刺激让阴茎立刻做出反应。"
    },
    {
        "name": "サフラン",
        "message": "「啊……团长的那个地方，\n在我里面乱动着，我能感觉到……」"
    },
    {
        "name": "サフラン",
        "message": "「团长，感觉好吗？」"
    },
    {
        "message": "我点点头，藏红花害羞地微笑。"
    },
    {
        "name": "サフラン",
        "message": "「有点高兴……你在我里面感到舒服」"
    },
    {
        "name": "サフラン",
        "message": "「我也……嗯，感觉，很好……」"
    },
    {
        "message": "藏红花深呼吸并吞下羞耻，然后坦率地坦白。\n为了让这位坦率的她更加愉快，\n我用快速的动作搅乱了她的内部。"
    },
    {
        "name": "サフラン",
        "message": "「啊啊啊啊，感，感觉好……\n那个地方这样动的话，\n在里面摩擦，感觉很好……！」"
    },
    {
        "message": "阴茎和阴道的摩擦快感让藏红花立刻沦陷。"
    },
    {
        "name": "サフラン",
        "message": "「啊…不要…我的阴蒂都硬了…」"
    },
    {
        "message": "听到她的喃喃自语，手开始刺激阴唇上方。当指尖捏挤时，藏红花的身体颤抖了一下。"
    },
    {
        "name": "サフラン",
        "message": "「呀，啊啊…团长这…啊啊啊啊！…那里不行…别…捏啊…嗯啊！」"
    },
    {
        "message": "受到刻意的刺激后，藏红花感受到小丘疙瘩膨胀了起来。"
    },
    {
        "name": "サフラン",
        "message": "「从未向任何人展露过的…这么淫荡的私处，却被…被团长看到了…啊啊啊啊呜」"
    },
    {
        "message": "藏红花身体颤抖，发出了妖艳的呻吟。"
    },
    {
        "message": "抚摸刺激阴蒂的手，转而伸向了她丰满的乳房。"
    },
    {
        "name": "サフラン",
        "message": "「嗯啊啊，这次是…那里？嗯，嘻嘻，团长…给大贵族的女儿做这种事…」"
    },
    {
        "name": "サフラン",
        "message": "「万一被…嗯啊，暴露出来的话…会很麻烦的哟？」"
    },
    {
        "message": "突然，藏红花带着调皮的微笑。\\n她脸上，不知怎么的显得异常开心。"
    },
    {
        "message": "在事情变得糟糕之前，继续捏揉着藏红花的乳房。\\n更进一步地，加大了力道。"
    },
    {
        "name": "サフラン",
        "message": "「啊啊…嘻嘻…好舒服…\\n嗯，真是的，感到安心…嗯」"
    },
    {
        "name": "サフラン",
        "message": "「再多一点…可以吗？\\n更多地…希望团长触摸我」"
    },
    {
        "message": "在她的请求下，用稍微大一点的力度抚摸着乳房。\\n是因为快感所致，她娇嫩的白皙肌肤渐渐泛红。"
    },
    {
        "message": "享受着乳房的触感，指尖轻轻触碰乳晕。\\n慢慢地，轻抚着，藏红花发出了一声叹息。"
    },
    {
        "name": "サフラン",
        "message": "「啊啊…那个地方没…嗯嗯，\\n感觉到颤动了起来…团长！」"
    },
    {
        "message": "避开乳头，只细细触摸周围。\\n藏红花纤细的腰身因为焦灼而微微动了起来。"
    },
    {
        "name": "サフラン",
        "message": "「团长…那、那里…好痒呐…\\n虽然很舒服…但还想要更多…」"
    },
    {
        "message": "难以忍受的刺激下，乳头更为凸起，\\n变得更加饱满。"
    },
    {
        "name": "サフラン",
        "message": "「再往前一点……乳头的尖端……想要被团长触摸啊……\\n感觉到刺痛的刺激，希望被团长触摸……嗯！」"
    },
    {
        "message": "藏红花自豪地展示着乳头。"
    },
    {
        "message": "为了满足她真诚的愿望，用食指轻轻触碰着那饱满的乳头。"
    },
    {
        "name": "サフラン",
        "message": "「啊啊啊啊啊……！」"
    },
    {
        "message": "揉搓着变得坚硬的乳头。"
    },
    {
        "name": "サフラン",
        "message": "「啊啊啊啊，好舒服……！\\n就像我的、乳头……啊啊，像是阴蒂一样……\\n好多好多的快感，呼，啊啊！」"
    },
    {
        "message": "被乳头的刺激，她的阴道紧缩了起来。\\n感受着阴道紧紧包裹住阳具的触感，腰部不由得剧烈地动了起来。"
    },
    {
        "name": "サフラン",
        "message": "「哎呀！连阳具也……！\\n啊、啊，好厉害，好激烈！」"
    },
    {
        "name": "サフラン",
        "message": "「我，感觉太好了……嗯嗯啊啊，\\n好像要疯掉了……啊啊啊！」"
    },
    {
        "message": "弄硬乳头的时候，她的深处涌出爱液。\\n与此同时，她的内部也变得更加紧缩，吞噬着阴茎不放。"
    },
    {
        "name": "サフラン",
        "message": "「啊，啊，胸部和下体，\\n嗯，这样……感觉太好了……」"
    },
    {
        "message": "不知不觉间，藏红花也开始贪婪地感受快感，\\n主动地挺动着自己的腰。"
    },
    {
        "name": "サフラン",
        "message": "「虽然是第一次……却感觉这么……」"
    },
    {
        "message": "混乱的头发的她，用充满困惑和羞耻的声音说道。"
    },
    {
        "message": "张开的双腿开始颤抖。\\n她的高潮即将来临。"
    },
    {
        "name": "サフラン",
        "message": "「啊，嗯，感觉，感觉奇怪！！\\n好像要……出来了！ 啊，啊啊啊啊」"
    },
    {
        "message": "亲吻她颈脖的地方，正处于快感的波涛中，\\n她的反应异常灵敏。"
    },
    {
        "name": "サフラン",
        "message": "「啊啊啊，团长，我想要更多，\\n就算我要疯掉也无所谓，再摩擦我的……哦哦，\\n别再逗弄我了……」"
    },
    {
        "message": "他猛烈地从下方顶了上去，与她的腰部运动同步。"
    },
    {
        "name": "サフラン",
        "message": "「啊，啊，啊啊啊啊，啊啊啊啊啊！」"
    },
    {
        "name": "サフラン",
        "message": "「啊啊啊，它在流出……好热……！」"
    },
    {
        "message": "仍然坚挺的阴茎一次又一次地射出精液。"
    },
    {
        "name": "サフラン",
        "message": "「啊啊啊啊，团长的精液……\\n正在流出，非常热……」"
    },
    {
        "message": "从连接处滴落下来的浑浊白液，\\n与她的爱液混合在一起，滴答滴答地滴落。"
    },
    {
        "name": "サフラン",
        "message": "「团长和我……现在已经合为一体了吧……」"
    },
    {
        "message": "她像撒娇一样把身体交给了团长。"
    },
    {
        "name": "サフラン",
        "message": "「我的身体还在痒痒的……因为团长的缘故，变得这么淫荡。」"
    },
    {
        "name": "サフラン",
        "message": "「所以……还要……再来一次？要做很多淫荡的事情……从现在开始，请多多疼爱我」"
    }
]