[
    {
        "message": "布拉基卡姆是不是又通宵了呢。为了担心她，我去了她的房间。去了之后，我看到了一幕令人难以置信的景象。"
    },
    {
        "name": "ブラキカム",
        "message": "「哎……团长先生……？」"
    },
    {
        "message": "双方都呆住了。先恢复过来的是我，我装作平静地轻轻关上了门。"
    },
    {
        "message": "然后回到了自己的房间。无意识地回想着刚才看到的景象，走廊上传来了狂奔的声音。"
    },
    {
        "name": "ブラキカム",
        "message": "「团，团，团，团长啊啊啊啊啊！我，我刚才看到了！？我看见了！？」"
    },
    {
        "message": "她的神情变得惊恐万状。与我相反，她猛地推开门，半裸的布拉基卡姆向我冲了过来。"
    },
    {
        "name": "ブラキカム",
        "message": "「怎么样！？知道了吗！？刚才你看见了！？」"
    },
    {
        "message": "我抓住她的领子，摇晃着她。在这样的情况下，我想努力使自己的情绪平静下来，回答她羞耻地绯红着脸。"
    },
    {
        "message": "看到了。看见了。她骑在枕头上，前后摆动着腰部，上下移动着。我认为那不是在练习性爱吗。"
    },
    {
        "name": "ブラキカム",
        "message": "「那、那个……那个……团、团长你这个笨蛋啊啊啊～！」"
    },
    {
        "message": "接着，被布拉基坎推倒在地。"
    },
    {
        "name": "ブラキカム",
        "message": "「这不是练习啦！因为我们没有努力嘛！\n要说搞基什么的简单得很，所以不需要这种东西啦！」"
    },
    {
        "name": "ブラキカム",
        "message": "「从现在开始，我来证明给你看！嗯呜……嗯呜啊啊啊……！」"
    },
    {
        "message": "她亲自把龟头贴在自己的秘裂上，布拉基坎成功地插了进去。\n迎接她的，是肉体的紧紧包裹和温暖。\n还有那已经渗出的爱液的触感。"
    },
    {
        "name": "ブラキカム",
        "message": "「呼呜……嗯啊，哈啊……我自己……被男性的东西插进来了诶……\n不用努力什么的……这种事情，很容易的诶……」"
    },
    {
        "name": "ブラキカム",
        "message": "「所以，就这样……嗯，舒服地继续啦……\n让你的男性的东西……舒服地，射精吧……」"
    },
    {
        "message": "在那之前，我有件事想确认一下。\n为了传达这个，我露出了自己的乳房来玩弄着。"
    },
    {
        "name": "ブラキカム",
        "message": "「呼，啊嗯，嗯啊……团、团长……嗯，嗯嗯啊\n别、别碍事啊……」"
    },
    {
        "message": "敏感的反应引起了布拉基卡姆的责备。\\n我无视他的挑衅，继续问道。"
    },
    {
        "message": "那个性爱练习，是为了与我交融吗？"
    },
    {
        "name": "ブラキカム",
        "message": "「嗯呜……！？」"
    },
    {
        "message": "布拉基卡姆结巴地回答了我，他的回答不是因为爱抚。\\n更浓烈的羞耻和对阴茎的紧紧包裹是他的回答。"
    },
    {
        "message": "但是，我希望听到他用言语回答。\\n我继续触摸着他的乳房，等待着他的回答。"
    },
    {
        "name": "ブラキカム",
        "message": "「呜呜～……是的……我在练习……」"
    },
    {
        "message": "布拉基卡姆的耳朵变得通红，他告诉了我。"
    },
    {
        "name": "ブラキカム",
        "message": "「之前我说过性爱很简单……可我真的很想……\\n所以从那天晚上开始，我们一直……做那种事情……」"
    },
    {
        "message": "他说出了微弱的回答。\\n尽管如此，效果却非常出色。"
    },
    {
        "name": "ブラキカム",
        "message": "「嗯……队长……！？\n阳具现在抽搐的……什么……还更大了！？」"
    },
    {
        "message": "当然，是因为兴奋。\n告诉她她的可爱之处之后，再次对她的乳房进行爱抚。"
    },
    {
        "name": "ブラキカム",
        "message": "「呼啊……啊呜，嗯……是吗……\n即使展示了那样的东西……还能让您感到高兴……」"
    },
    {
        "message": "在接受爱抚的同时，布拉基卡姆咕噜咕噜地发出热烈的呻吟。\n比以前更敏感了。\n看来不仅仅是通过腰的动作，而且也将自己的乳房作为安慰对象。"
    },
    {
        "message": "那就看看成果吧。\n当做是让我看看的陈述，他摆弄起勃起的乳头。"
    },
    {
        "name": "ブラキカム",
        "message": "「嗯，嗯……嗯，好的？\n一开始我就是那个想法……」"
    },
    {
        "name": "ブラキカム",
        "message": "「坚定地……感觉吧，队长。\n我会让您……充满舒适」"
    },
    {
        "message": "布拉基卡姆羞愧而欣喜地开始动起了腰。"
    },
    {
        "name": "ブラキカム",
        "message": "「呼啊……嗯……腰，一下一下的……动着……\n像吸嘴一样……」"
    },
    {
        "name": "ブラキカム",
        "message": "「全部，摸摸……摸得好多……捏紧……你的阴茎，在我里面擦着……唔，呼啊……呼唏……怎样呢？队长」"
    },
    {
        "message": "灵活地仅动着腰部，布拉基卡姆轻抚得很仔细。\n淫荡的水声从连接处漏出。"
    },
    {
        "message": "而且，还加上对乳房的反应。\n虽然拼命地动着，但偶尔还是让肌肤微微颤动起来，像有些苦恼一样。"
    },
    {
        "name": "ブラキカム",
        "message": "「没事的……没事的啦」"
    },
    {
        "message": "但即便如此，布拉基卡姆没有停下来。\n任凭她想怎么玩弄乳房。"
    },
    {
        "name": "ブラキカム",
        "message": "「胸部，舒服吗……唔呀，嗯……没事的啦。\n我会好好让你舒服的……」"
    },
    {
        "name": "ブラキカム",
        "message": "「所以全部……交给我来吧……？\n为了这个，我练习了很多……嗯……嗯呀……呵啊……啊嗯嗯」"
    },
    {
        "message": "伴随着她坚强的话语，摩擦的黏稠度和密度慢慢变强。\n情不自禁地声音嘶哑，爱抚变得更加强烈。"
    },
    {
        "name": "ブラキカム",
        "message": "「呼啊……啊嗯嗯！\n龟头，紧紧地……啊呀呀，啊嗯嗯！\n这，好厉害……好厉害但是……呼啊，啊嗯嗯！\n我，会努力的……努力的！」"
    },
    {
        "name": "ブラキカム",
        "message": "「老二，多舒服啊……\n在我的淫荡洞里，好满……嗯，啊嗯……啊嗯啊啊！\n好感觉啊……舒服死我了……！」"
    },
    {
        "message": "伴随着淫靡的摩擦声，布拉基卡姆扭动着腰体颤抖着享受着快感。\n揉弄着乳房的同时，用粘膜咬住，不断地磨擦着。"
    },
    {
        "message": "感觉融入了身体深处。\n身心都在性的热情中逐渐升温。"
    },
    {
        "name": "ブラキカム",
        "message": "「哈啊，啊啊……队长，好舒服的样子呢……♪\n好高兴……嗯啊，好高兴啊……♪\n肚子里面……抽动着……\n这样子，好像就要……要爱液横流了♪」"
    },
    {
        "name": "ブラキカム",
        "message": "「但是……因为这点不舒服才……嗯，嗯嗯嗯！\n所以我要激烈地……和团长干一次♪」"
    },
    {
        "message": "拒绝这个高兴的提议什么的，完全没有理由。\n已经根深蒂固地渴望着解脱。\n直接对他说出所想，心平气和地恳求他。"
    },
    {
        "name": "ブラキカム",
        "message": "「这样说还是有点害羞呢……\n只是因为是你，所以没关系的……♪」"
    },
    {
        "name": "ブラキカム",
        "message": "「把团长的精液，全部都……在这里，挤出来送给我吧♪」"
    },
    {
        "message": "脸颊因为羞耻而发烫，眼睛因为快感而湿润，\n布拉基卡姆已经开始疯狂地上下抽动起来。"
    },
    {
        "name": "ブラキカム",
        "message": "「啊啊啊，嗯嗯，啊呜，啊呜，啊啊啊啊！\n感觉好……想要感觉更多……！\n啪嗒啪嗒地……我在打手枪！」"
    },
    {
        "name": "ブラキカム",
        "message": "「啊啊！嗯嗯，啊啊！这个，我也很厉害的……！\n深深地插进去了……！\n嗯呀呀，啊啊，啊啊！好舒服，好舒服！」"
    },
    {
        "message": "这边也一样。\n握紧乳房，激烈而又仔细地摩擦着。\n根本无法忍耐。"
    },
    {
        "name": "ブラキカム",
        "message": "「对对对……！嗯呀呀，啊啊啊！根本忍不住了！\n打得滴溜溜的小弟弟……因为想要射精才这样的吧！」"
    },
    {
        "name": "ブラキカム",
        "message": "「我也、我也已经无法忍受了……！\n一起来吧，队长先生！\n和我一起……嗯，一起高潮吧……！」"
    },
    {
        "message": "想要这样。\n眼泪汪汪地仰望着，重复着刚才的恳求。"
    },
    {
        "name": "ブラキカム",
        "message": "「嗯，嗯呜……！我要挤出来了……！\n嗯呀呀！嗯呜呜，啊啊啊！射出来吧！队长先生，射出来吧……！」"
    },
    {
        "name": "ブラキカム",
        "message": "「啊呜呜……嗯嗯嗯嗯嗯嗯嗯嗯……！」"
    },
    {
        "message": "在极度收缩的高潮中，肉棒喷射出了精液。"
    },
    {
        "message": "一次又一次地搏动着。\\n在达到阴道的肉体和传达的情感的推动下，\\n我紧握着乳房忍耐着连续射精。"
    },
    {
        "name": "ブラキカム",
        "message": "「嗯，嗯啊……哈，啊啊～……♪\\n肚子，满满的……♪ 我，成功地……让你高潮了呢……♪」"
    },
    {
        "message": "余韵中闪烁着愉悦的眼神。\\n调整呼吸后，布拉基卡姆开心地凝视着这边。"
    },
    {
        "name": "ブラキカム",
        "message": "「团长大人……很舒服吧……？\\n射得这么多，一定很舒服吧……？」"
    },
    {
        "message": "当然了。\\n已经没有什么需要排出的了，\\n剩下的只有舒适的解放感和疲倦感。\\n这一切都要归功于她。"
    },
    {
        "name": "ブラキカム",
        "message": "「嘿嘿……不用客气♪」"
    },
    {
        "message": "是的，一切都要归功于她。\\n具体来说，要归功于她给我练习的机会。\\n所以，希望她今后也能继续给我练习。"
    },
    {
        "message": "在我传达这个时刻，布拉基卡姆的脸再次变红了。"
    },
    {
        "name": "ブラキカム",
        "message": "「呜呜呜……不要说那种话啦……\\n虽然会继续练习……\\n但是不想再让你看到了，所以不能说出来～」"
    },
    {
        "message": "看来，那个部分是不能妥协的。\\n我苦笑着欣赏她的可爱，然后安慰她度过了那个夜晚。"
    }
]