[
    {
        "name": "プリムラ",
        "message": "「团长……嗯……呵呵，这样抱得紧紧的，好痛苦啊？\n你这么用力抱着我」"
    },
    {
        "message": "关上房门后，立刻紧紧地抱住了普莉姆拉。\n虽然她也被压得喘不过气来，但还是把手搭在了我的腰上，\n并没有打算松开。"
    },
    {
        "name": "プリムラ",
        "message": "「啊，团长……请安静一点……」"
    },
    {
        "message": "普莉姆拉注意到了什么，小声地说道。\n这时，门的另一侧传来了声音。\n几个花骑士从走廊经过了房间。"
    },
    {
        "name": "プリムラ",
        "message": "「太好了，他们好像不是来办公室的事情呢。\n我还以为会被发现呢，吓了一跳。」"
    },
    {
        "message": "她这样说着微笑着。现在我们都在工作中。\n虽然太阳还很高，但我们已经忍不住互相拥抱在一起了。\n当然，如果被发现的话可就不好了。"
    },
    {
        "name": "プリムラ",
        "message": "「团长，那个……可以吻我吗？」"
    },
    {
        "message": "普莉姆拉带着期待的表情害羞地看着我。\n没有回答她，我直接吻了上去。"
    },
    {
        "name": "プリムラ",
        "message": "「啊……嗯，啾……嗯嗯……啾……\n……嗯，呼哈……呜呜，虽然是我想要的……但这是回礼\n……嗯，啾……嗯，啾！」"
    },
    {
        "message": "分开嘴唇后，她可爱地鼓起脸颊，主动吻了上来。\\n舌头相互缠绕的声音在我的脑海中回荡。\\n远处，可以听到花骑士们在训练中发出的声音。"
    },
    {
        "name": "プリムラ",
        "message": "「嗯……啾……团长，啊……嗯嗯……！\\n啾……啾啰……嗯嗯嗯……！　嗯嗯！！」"
    },
    {
        "message": "两人互相吸吮着对方的唇，身体紧密地贴在一起。\\n普莉姆拉赤裸的身体坐在我的膝盖上，皮肤光滑如丝\\n触感柔软宜人。"
    },
    {
        "name": "プリムラ",
        "message": "「嗯……团长，我已经忍不住了\\n嗯嗯……团长也是吧？\\n从刚才开始你的硬物就一直顶着我了吧？」"
    },
    {
        "message": "普莉姆拉说得好像很高兴似的。\\n微笑着，普莉姆拉自己扭动着腰\\n将阴茎顶端对准阴道口。\\n然后，她灵巧地扭动着腰部，让勃起的阴茎慢慢地进入了阴道。"
    },
    {
        "name": "プリムラ",
        "message": "「啊啊……嗯嗯……！！　进来了……！\\n哈啊、哈啊……嗯嗯……团长的热热的\\n又大又硬的家伙……在我的里面……撑得好满哦？」"
    },
    {
        "message": "普莉姆拉发出甜美的声音，缓缓地扭动着腰部。\\n感受到无数阴道皱褶抚摸勃起的阴茎，我咬紧了牙关。\\n否则，我很快就会射精。\\n我只想更多地品尝她的感觉。"
    },
    {
        "name": "プリムラ",
        "message": "「团长？　……嗯、啊啊！」"
    },
    {
        "message": "我贪婪地将头伸向前方\\n将面前可爱晃动的乳房埋在了脸中。\\n然后，用舌头舔舐着乳房。"
    },
    {
        "name": "プリムラ",
        "message": "「啊啊……团长，嗯！\n嗯，胸部……啊啊，感觉好舒服……\n嗯啊，啊啊……！！！」"
    },
    {
        "message": "这样爱抚乳房，乳头就会变得更加敏感。\n含住尖锐的乳头，用舌头舔着吸着。\n这时，随着娇喘声，普莉姆拉的阴道收缩了一下，\n紧紧地包裹住了阴茎。"
    },
    {
        "name": "プリムラ",
        "message": "「啊啊……啊……嗯……！\n乳头……啊啊！\n这么强烈的感觉……嗯，会让我变得奇怪的……！！」"
    },
    {
        "name": "プリムラ",
        "message": "「之前团长摸我的时候，\n嗯……那里的乳头就已经很舒服了……嗯！！」"
    },
    {
        "message": "普莉姆拉弓起背部，身体颤抖着。\n看到她的反应，我也忍不住开始动起了腰。\n连接处比之前更加湿润，\n让黏膜摩擦变得更加甜美。"
    },
    {
        "name": "プリムラ",
        "message": "「嗯……正在工作的时候，\n和团长……做这种事……！\n嗯啊……啊啊！团长也……嗯……很兴奋吗？」"
    },
    {
        "message": "普莉姆拉的话让我想起了现在正在进行的工作。\n但是，此时此刻，我只能想着眼前的她。\n我已经迷上了她，普莉姆拉。"
    },
    {
        "name": "プリムラ",
        "message": "「啊啊，你已经迷上我了吗？\n嗯，太好了……啊啊，太好了！」"
    },
    {
        "name": "プリムラ",
        "message": "「请继续沉迷下去吧！\n嗯，啊啊……请沉迷于我、普莉姆拉之中……啊啊！」"
    },
    {
        "message": "我抓住普莉姆拉的腰，不断地撞击着。\n阴道收缩着，像是在榨取精液一样。\n快感一点点涌上来，我感觉脑袋都要糊了。"
    },
    {
        "name": "プリムラ",
        "message": "「嗯嗯……啊啊啊……！\n好的……！嗯，就这样……里面……！嗯呜！\n射进来……拜托了！啊呜呜！」"
    },
    {
        "message": "普莉姆拉似乎察觉到了我的极限，发出了声音。"
    },
    {
        "name": "プリムラ",
        "message": "「请在我的小穴里，啊啊……射满、射满吧！\n嗯呜……啊啊啊！！！」"
    },
    {
        "name": "プリムラ",
        "message": "「我也……！嗯呜，我也要用团长的小弟弟，啊啊！\n射出来……！我要射出来……！！啊呜呜！」"
    },
    {
        "message": "普莉姆拉发出高亢的娇声，同时阴道紧紧地榨压着阴茎。\n仿佛在努力榨取精液一样。\n强烈的快感，射精感触手可及。"
    },
    {
        "name": "プリムラ",
        "message": "「啊呜呜，嗯呜呜……要射了！我要射了！\n啊呜呜，用团长的小弟弟……啊呜呜！\n要射了，要射了……！！！！」"
    },
    {
        "name": "プリムラ",
        "message": "「啊啊，嗯呜呜……！！啊呜呜，嗯……！\n啊，团长的小弟弟，颤颤地……在颤抖着……！」"
    },
    {
        "message": "我将阴茎顶在子宫口上，一次又一次地喷出精液。\n感受到子宫被热热的液体填满的感觉，\n普莉姆拉的身体颤抖不已。"
    },
    {
        "name": "プリムラ",
        "message": "「啊啊呜呜，团长的精子……嗯嗯，在我里面……\n嗯，好强烈，好多啊？」"
    },
    {
        "name": "プリムラ",
        "message": "「肚子里好热……\n射了这么多……团长，感觉怎么样？」"
    },
    {
        "message": "吐出所有的精液，我喘息着点头回答。\n强烈的快感让我的视线闪烁。"
    },
    {
        "name": "プリムラ",
        "message": "「那就太好了……嘻嘻\n我也是，团长的感觉真的很棒……\n非常、非常美好哦？团长」"
    },
    {
        "message": "普莉姆拉温柔地微笑着，额头上沁出汗珠。\n我不由自主地抱住她。\n从她的颈部传来甜美和微汗的气味。\n我们互相拥抱了一会儿。"
    },
    {
        "name": "プリムラ",
        "message": "「嗯……团长……以后也要这样，\n和我一起青春下去，好吗？」"
    },
    {
        "message": "普莉姆拉问我，我看着她点头回答。\n一直以来，我一直想和她一起追逐青春。"
    },
    {
        "name": "プリムラ",
        "message": "「谢谢你，团长\n我也……一直想和团长一起追逐青春」"
    },
    {
        "message": "我们相互凝视着，\n远处传来花骑士们的训练声。\n我已经忘记了自己正在工作。\n必须赶紧回去。"
    },
    {
        "name": "プリムラ",
        "message": "「啊……嗯……呵呵，呵呵呵呵……\n团长大人和大家在工作的时候，\n我偷偷地做了些淘气的事情。」"
    },
    {
        "message": "她罕见地露出了像是调皮捣蛋的孩子一样的微笑。\n然而，这样的表情也不坏。\n这是只有我能看到的，新她可爱的一面。"
    },
    {
        "name": "プリムラ",
        "message": "「这种事情也是青春的一部分嘛。」"
    }
]