[
    {
        "name": "サフラン",
        "message": "「嗯……啊，团长大人……啊」"
    },
    {
        "message": "无视了她的客套话，我跪下将嘴唇靠近了藏红花的手。\\n仿佛誓约仪式一般，但这并不是亲吻。\\n我含住了她的手指。"
    },
    {
        "message": "我感觉到了一种铁腥味。也就是血的味道。\\n舔完后，我瞥了一眼地上，\\n在那里，映入眼帘的是茶杯碎片。\\n此刻，阳光透过窗户洒在室内。这是下午茶的时间。"
    },
    {
        "name": "サフラン",
        "message": "「真、真的不像我吗……？\\n而且，居然还让你做这种事……嗯……啊……嗯啊……」"
    },
    {
        "message": "确实如此，但我用上目遣视回答，苦笑不止。\\n虽然只是临时的急救方法，但她身体的微妙蠕动让我心情愉悦。\\n我戏弄般地用舌头绕过粗细的手指。"
    },
    {
        "name": "サフラン",
        "message": "「那、那样舔下去的话……嗯，呜呜……啊，团长大人……稍微，等一下……\\n这、这样不行……嗯……是我太坏了……这以上的话……」"
    },
    {
        "message": "然而，恶作剧的心情逐渐变成了惊讶。\\n藏红花的声音和表情中，渗出了另一种情绪。"
    },
    {
        "name": "サフラン",
        "message": "「啊……嗯，这样吸吮着……\\n我，我想起了一些别的事……嗯呜\\n可现在不是这种情况……时间还不……啊，嗯……\\n这么明亮的……啊……呜呜……但是……」"
    },
    {
        "name": "サフラン",
        "message": "「啊……团、长、先……我，我已经……我已经不行了……\\n呼啊……啊呜……好痛苦……\\n肚子里面，隐隐作痛……啊呜……啊，啊呜……」"
    },
    {
        "message": "包在裤子里的大腿，划磨地湿润与雌性相互碰触。低视着这边的瞳孔浮现出无疑是发情的媚态。"
    },
    {
        "name": "サフラン",
        "message": "「嗯呜唔，啾呜……嗯九九九九～！」"
    },
    {
        "message": "为其所吞噬。插入口腔和秘裂，都伴随着那样的感觉。"
    },
    {
        "name": "サフラン",
        "message": "「嗯，吸唇呜……嗯咽，嗯啊……塞进来……来嘛……\\n就那样哦，嘬哇嘬哇地……多多多地做啊……」"
    },
    {
        "name": "サフラン",
        "message": "「我，不行了……\\n想要，想要……忍不住了……\\n嗯，咽唔呜呜……吸吸嘛，嗯口唔……呜呜…」"
    },
    {
        "message": "一边吮吸着手指，藏红花摇动着腰。\\n不仅表现出邀请的意思，更像是在自己摩擦着阴道。"
    },
    {
        "message": "面对如此淫荡的媚态，脑海中除了回应别无他法。\\n顺应她的期望，开始抽送起来。"
    },
    {
        "name": "サフラン",
        "message": "「嘻……嗯，咽唔呜呜……！\\n就那样……多多地，做啊……？\\n我的，小穴……已经，湿透了……呐」"
    },
    {
        "name": "サフラン",
        "message": "「啾，啾嘭……♪\\n舒服……好舒服哦……好多，好舒服……♪\\n啊，嗯……身体，好热啊……越来越想要你……♪\\n吸吸，咽咽，吮吮吮吮♪」"
    },
    {
        "message": "不仅声音和肌肤，连阴道内也充满了幸福感。\\n黏黏热热的爱液和阴道肉缠绕在阴茎上，\\n温柔地轻咬着，颤抖着摩擦。"
    },
    {
        "message": "而且，现在的藏红花穿着男装。\\n作为淫乱本身的雌性媚态，与这身装扮形成鲜明的反差，\\n更加激起了我的欲望和兴奋。"
    },
    {
        "name": "サフラン",
        "message": "「呼……嗯啊……嗯\\n啊……胸部也，为我做着……♪」"
    },
    {
        "message": "我也渴望着感受到藏红花的温暖。\\n在耳边轻语之际，她的蜜壶变得更加紧实。"
    },
    {
        "name": "サフラン",
        "message": "「呼……啊，太开心了……♪\\n嗯啊～……更多地，感受一下……兰陀先生……♪」"
    },
    {
        "message": "收紧蜜壶，用淫荡的舌头舔弄着手指，这位贵族的千金无比淫荡。\\n如果在这种情况下不兴奋，那么那个男人已经不再是男人。"
    },
    {
        "message": "在这无法抵挡的冲动中，\\n我用双指和阴茎品味着贵族千金的淫荡之躯。"
    },
    {
        "name": "サフラン",
        "message": "「呼啊嗯……嗯啊啊，真的好……真的好♪」"
    },
    {
        "message": "受到阴道深处和乳房的刺激，藏红花陶醉其中。\\n像婴儿一样吸附在指尖，迫切要求更多。"
    },
    {
        "message": "不知道是什么改变了她。\\n在逐渐沉溺其中的自我意识下，用剩余的理性提出了这个问题。"
    },
    {
        "name": "サフラン",
        "message": "「唉……嗯，因为你……舔了我的手指……」"
    },
    {
        "message": "作为发生的事件顺序，确实是这样的。\\n但是，肯定不仅仅是这样。\\n怂恿着，我温柔地捏了一下变硬的乳头。"
    },
    {
        "name": "サフラン",
        "message": "「呼啊啊……！\\n嗯啊，嗯嗯……我，我……已经忍不住了……！」"
    },
    {
        "name": "サフラン",
        "message": "「感受到你的指头舔我的舌头……\\n回想起直到现在的，许多淫荡的吻……\\n自然而然地，我的阴道就湿了起来……！」"
    },
    {
        "name": "サフラン",
        "message": "「深入胃的地方……子宫变得炙热……\\n呼啊，嗯啊……你的东西，让我渴望得疼痛……！\\n想要含住阳具……真的好想要……！」"
    },
    {
        "message": "无法忍受。冲动贯穿全身。"
    },
    {
        "name": "サフラン",
        "message": "「呼呼……嗯啊，啊啊……嗯嗯啊啊！\\n阳具，变得坚硬了……！\\n胸部也好刺激……！嗯啊，呼呼，啊啊！」"
    },
    {
        "name": "サフラン",
        "message": "「啊啊，啊啊啊……嗯，太开心了，团长先生……！\\n你也要感受……！\\n用手指，好好……舔一舔吧！让我的舌头和口水，充满感觉！\\n呼吸，嗯嗯，吸吮，舔舔，吮吮♪」"
    },
    {
        "message": "被小巧的抚摸和软肉的爱抚引出了淫荡的娇声，\\n即使如此，萨弗兰还在舔我。\\n这是她想要吗？我的心里充满了欢欣。"
    },
    {
        "message": "那种兴奋引起了更多的力量和欲望。\\n为了得到湿润和柔软，我们吞下自己的喉咙。"
    },
    {
        "name": "サフラン",
        "message": "「嘶哑着嗓子唱着龙咒，深深地突破了我的阴道和子宫！\\n啊，感觉到了，噢，私处被两方面……噢，哦，真的太棒了……！\\n咕嘟咕嘟地响着，呜……♪」"
    },
    {
        "name": "サフラン",
        "message": "「子宫、阴道都被侵犯着！\\n被犯着，被谁犯着……\\n呜呜地，嗯嗯……呜嘘！好舒服，好舒服啊……！」"
    },
    {
        "message": "指尖弥漫着喘息声和沉闷的鼻息。\\n我紧握着他的阴茎，用它来诉说我的需求，\\n我的父系身体沉浸在欢愉的深处。"
    },
    {
        "message": "我被完全吃掉了。我深深感觉到这一点。\\n那么，现在我只需要向更深处注入自己的一切。"
    },
    {
        "name": "サフラン",
        "message": "「呜咕……？嘶嘶……！嗯啊啊，啊啊！\\n啊，来了……完全和以前一样的动作……！嗯，嗯，啊啊啊！\\n我记住了你的方式……我知道了！」"
    },
    {
        "name": "サフラン",
        "message": "「请口交，我快要忍不住了！\\n眼看着阴道要爆炸了！\\n请像对待贪婪的私处那样对待它吧，让它高潮！」"
    },
    {
        "name": "サフラン",
        "message": "「请你射精……！\\n我要完全崩溃了……！\\n我要射精了……啊，哦……！」"
    },
    {
        "name": "サフラン",
        "message": "「嗯……嗯……嗯……呜唔嗯……哼……♪\\n插进去了……嗯……好热……到了……\\n呼啊，啊啊啊啊……能让我射精真幸福……♪」"
    },
    {
        "message": "被高温燃烧的精液瑟瑟发抖，萨弗兰的娇喘声越来越沉。\\n感受着他的手掌，散发着热气，仿佛在吞噬自己，\\n就像正在喝干正在盛放的精液一样。"
    },
    {
        "message": "刚有这样的感觉，萨弗兰终于想起了目前的时间。"
    },
    {
        "name": "サフラン",
        "message": "「哈、哈、啊……团长不好意思……」"
    },
    {
        "message": "这样回答是因为并不需要在意，\\n我以为她是在为中午那件事情道歉。"
    },
    {
        "message": "但是，事实并非如此。\\n因为萨弗兰重新吸在了我的手指上，\\n来回摩擦着充满精液的阴道。"
    },
    {
        "name": "サフラン",
        "message": "「啃啊……啃啊啊……♪\\n团长的手指……白色的，感觉它在膨胀……\\n但是，对不起……♪\\n我还想多吹一会儿……♪」"
    },
    {
        "name": "サフラン",
        "message": "「私处和奶子都还不够……\\n这样下去，我可能回不到工作状态了……♪」"
    },
    {
        "message": "最后这句话，大概是敷衍的。\\n展现出来的淫态，\\n已经让她忘记了工作应该回归和现在几点钟了。"
    },
    {
        "message": "脑海里只剩下舔着手指、插入阴道和热度的感觉了吗。"
    },
    {
        "name": "サフラン",
        "message": "「嗯、啾……说起来，也是因为你才受伤的吧……？」"
    },
    {
        "name": "サフラン",
        "message": "「与你在一起时，我只想到和你做爱……期待，身体和头发烫烫的……啊……所以，全都是你的错啦……♪」"
    },
    {
        "name": "サフラン",
        "message": "「贵族的女儿，变成了这样淫荡的样子……全都是团长的错呢……♪嗯、嗯、啾……所以，请负责一点呀，更加淫荡地……♪」"
    },
    {
        "message": "征服欲激发了全身。立即重新勃起的阴茎顶入，希望没有人会来看到，同时满足萨弗兰淫荡的要求。"
    }
]