[
    {
        "name": "ウィンターコスモス",
        "message": "「我感受到了命运。」"
    },
    {
        "message": "没有虫害讨伐任务，宁静而平和的夜晚。\n冬日雏菊走进房间，轻声自语。"
    },
    {
        "name": "ウィンターコスモス",
        "message": "「最初，团长大人在镇上给了我指路……\n那时我只是个迷路了的普通人，虚弱无比。」"
    },
    {
        "message": "冬日雏菊苦笑着怀念起过去来。"
    },
    {
        "name": "ウィンターコスモス",
        "message": "「下一次是在骑士团里再次相遇……\n这次我成为了花骑士。\n我还不太自信是否能成为一名合格的花骑士……」"
    },
    {
        "name": "ウィンターコスモス",
        "message": "「团长大人，我喜欢你。\n不仅仅是那种表面的感情……\n我希望你能做一些无法说出口的事情……那种喜欢的感觉」"
    },
    {
        "message": "冬日雏菊哀怨地向你倾诉。\n她的嘴唇微微颤抖。"
    },
    {
        "name": "ウィンターコスモス",
        "message": "「团长大人周围有许多女性吧？\n肯定有比我更有魅力的人吧……\n但那对我来说无所谓」"
    },
    {
        "name": "ウィンターコスモス",
        "message": "「我希望团长大人爱我……」"
    },
    {
        "message": "冬日雏菊最后的告白。\n他用拥抱回应了她。"
    },
    {
        "name": "ウィンターコスモス",
        "message": "「啊啊……嗯！」"
    },
    {
        "message": "将冬日雏菊放在床上，插入去的同时。"
    },
    {
        "name": "ウィンターコスモス",
        "message": "「啊……开心……能和团长大人，连接起来很开心……」"
    },
    {
        "message": "冬日雏菊的脸因为失去处女而扭曲。"
    },
    {
        "name": "ウィンターコスモス",
        "message": "「第一次……这么疼……\n但是，感觉团长大人正深深地铭刻在我的身体里……」"
    },
    {
        "name": "ウィンターコスモス",
        "message": "「即使我看起来很痛苦，也请不要停下来好吗？\n现在和团长大人这么贴在一起，我感到非常幸福……」"
    },
    {
        "message": "慢慢地插入冬日雏菊身体里，同时感受着她微笑时挤压的心情。"
    },
    {
        "name": "ウィンターコスモス",
        "message": "「嗯……啊、嗯嗯……啊……\n没关系……我、我、没、关、系……」"
    },
    {
        "message": "只把大约半根插入体内，便将阳具抽出。\n那里还粘着初破时的血。"
    },
    {
        "name": "ウィンターコスモス",
        "message": "「没关系的，与害虫战斗相比，这点小事不算什么。」"
    },
    {
        "name": "ウィンターコスモス",
        "message": "「那个……如果可以的话，就行了……\n能牵手吗？」"
    },
    {
        "message": "这时，冬天的红花拘谨地说出了。"
    },
    {
        "name": "ウィンターコスモス",
        "message": "「握住团长大人的手，能感到很安心……」"
    },
    {
        "message": "听到她这样说，我轻轻抓住伸过来的冬天的红花的手，\n她就闭上了眼。"
    },
    {
        "name": "ウィンターコスモス",
        "message": "「好温暖……」"
    },
    {
        "name": "ウィンターコスモス",
        "message": "「我还记得在第一次来到这个城镇时，迷路了焦急不安的时候……\n团长大人紧紧地握住我的手……\n我想要跟着这个人就可以安心了这样想着。」"
    },
    {
        "name": "ウィンターコスモス",
        "message": "「团长大人您好像不记得吧？」"
    },
    {
        "message": "说实话，是的。\n迷路指南我已经做过无数次了。\n虽然并不都记得清楚。"
    },
    {
        "name": "ウィンターコスモス",
        "message": "「但是，那正是好的\n不会因为帮助别人而沾沾自喜\n或者拿善意说事\n这才是真正的善良…那才是美好的。」"
    },
    {
        "message": "冬天的红花一边微笑一边交错起手指。"
    },
    {
        "name": "ウィンターコスモス",
        "message": "「只要牵着手，就没问题的，所以……」"
    },
    {
        "message": "我受到她的促使，重新开始插入冬天的红花。"
    },
    {
        "name": "ウィンターコスモス",
        "message": "「嗯……啊……嗯……」"
    },
    {
        "message": "阳具深深地插入冬天的红花的阴道。\n紧握的冬天的红花的手增添了力量。"
    },
    {
        "name": "ウィンターコスモス",
        "message": "「嗯……啊！」"
    },
    {
        "message": "那声音并非因为疼痛而发出的。"
    },
    {
        "name": "ウィンターコスモス",
        "message": "「终于连结在一起了呢……」"
    },
    {
        "message": "冬天的红花微笑地显得很开心。\n阴道深处有一股阴茎到达的感觉。"
    },
    {
        "name": "ウィンターコスモス",
        "message": "「与团长大人这样深入地连接在一起……好幸福\n只要团长大人能为我带来舒服的感觉……」"
    },
    {
        "message": "我慢慢地插动着，去领会冬天的红花的感受。"
    },
    {
        "name": "ウィンターコスモス",
        "message": "「嗯……啊，啊，我，我！我，我正在和团长大人……！」"
    },
    {
        "message": "不太习惯的冬天的红花紧紧地夹住了阴茎。"
    },
    {
        "name": "ウィンターコスモス",
        "message": "「哈，哈，哈啊！我真是太好了……！\n嗯！这样，能够被团长大人接受，嗯，真的太好了……！」"
    },
    {
        "name": "ウィンターコスモス",
        "message": "「曾经一度，我放弃了团长大人……哈，嗯！\n但是，没有放弃，真是太好了……！」"
    },
    {
        "name": "ウィンターコスモス",
        "message": "「再次与团长大人相会，嗯，能够传达这份感情，\n嗯，哈，嗯，喜欢的感觉，真是太好了……！」"
    },
    {
        "message": "在享受着欢快的Winter Cosmos的动作，慢慢地增加着冲击力，此时一切都开始变化了。"
    },
    {
        "name": "ウィンターコスモス",
        "message": "「大、长、大、我…变、怎么了…嗯！\n呼呼…刚刚还、那么疼痛…现在一点儿…都没有了…」"
    },
    {
        "message": "Winter Cosmos的表情中，已经完全看不到疼痛的痕迹了。"
    },
    {
        "name": "ウィンターコスモス",
        "message": "「团长大…我、我…第一次、虽然…嗯！\n啊啊…团长大！」"
    },
    {
        "name": "ウィンターコスモス",
        "message": "「求求你，请再更多一些，团长大人……\n我没事…不如说，想要更多…腰部…微微颤抖着…\n更多…希望有…」"
    },
    {
        "message": "从Winter Cosmos的阴道中，流出的液体明显不同于破处之血，渐渐地泄漏出来。"
    },
    {
        "name": "ウィンターコスモス",
        "message": "「这样子…第一次，可能是有些不妥，但是…\n我已经…不知道该怎么办了…」"
    },
    {
        "message": "每一次冲击都让阴茎被包裹在湿滑的愉悦感中。"
    },
    {
        "name": "ウィンターコスモス",
        "message": "「团长大人，你的感觉也很舒服吗？嗯…呼呼…你看起来…感觉相当不错…」"
    },
    {
        "name": "ウィンターコスモス",
        "message": "「请再多一些…更激烈一些…」"
    },
    {
        "message": "为了满足Winter Cosmos的要求，用力摆动腰部。"
    },
    {
        "name": "ウィンターコスモス",
        "message": "「嗯嗯…哈啊…啊…哈呜…啊…啊啊…」"
    },
    {
        "name": "ウィンターコスモス",
        "message": "「团长大人…太棒了…啊啊…感觉太好了…呼呼…全部…全部都擦到了…感觉非常舒服…」"
    },
    {
        "message": "阴茎被完全包裹在快感中，射精感迅速上升。"
    },
    {
        "name": "ウィンターコスモス",
        "message": "「嗯…呼呼…那样…再多一些吧！呼呼…没有关系…就算碎掉…团长大人…」"
    },
    {
        "name": "ウィンターコスモス",
        "message": "「嗯…啊啊…嗯！团长大人的…每一次摩擦…呜呜…会让我…变得奇怪起来！」"
    },
    {
        "name": "ウィンターコスモス",
        "message": "「身体…变得轻飘飘的…这样…实在是太舒服了…快到极限了！」"
    },
    {
        "message": "Winter Cosmos紧握住我的手。我也紧紧地握了回去。"
    },
    {
        "name": "ウィンターコスモス",
        "message": "「我…我…啊啊！团长大人！手！啊啊…！」"
    },
    {
        "message": "被射精感驱使着，我不停地摆动腰部，达到了极限。"
    },
    {
        "name": "ウィンターコスモス",
        "message": "「要一起…一起来…嗯…哈呼！嗯…哈啊！团长大人…我喜欢您，非常喜欢您！我爱您！嗯…啊啊！」"
    },
    {
        "name": "ウィンターコスモス",
        "message": "「不行了…要…要出来了…团长大人…我…啊…啊啊啊啊啊！」"
    },
    {
        "name": "ウィンターコスモス",
        "message": "「呜啊！啊啊，啊啊啊啊啊！」"
    },
    {
        "message": "我将炽热的精液倾注在Winter Cosmos抽搐收缩的阴道中。"
    },
    {
        "name": "ウィンターコスモス",
        "message": "「啊…嗯嗯…哈哈…嗯…」"
    },
    {
        "message": "Winter Cosmos不时地身体颤抖，喘着粗气。\n她的脸上充满了喜悦。"
    },
    {
        "name": "ウィンターコスモス",
        "message": "「射得够多了吧…」"
    },
    {
        "message": "从阴道里溢出的精液在床上留下了痕迹。"
    },
    {
        "message": "为了整理后事我试图站起来，\\n但冬天波斯菊却不肯松开手。"
    },
    {
        "name": "ウィンターコスモス",
        "message": "「就这样吧…不要紧的…\\n比起那个，请更加靠近我…再多一点点…好吗？」"
    },
    {
        "message": "听着冬天波斯菊撒娇，我无法抗拒，\\n苦笑着拥抱她，轻轻地抚摸着她的头。"
    }
]