[
    {
        "message": "仰躺着的队长身下骑着小小的黛姬。\\n然后，把笔直勃起的肉棒贴在了敞开的阴道缝里。"
    },
    {
        "name": "デージー",
        "message": "「啊啊啊……嘻嘻，这样子很舒服呢♪」"
    },
    {
        "message": "像随时都要唱起歌来的声音一样，黛姬用小桃色的凹陷处反复地摩擦肉棒的顶端。"
    },
    {
        "message": "不久，她把充血的肉棒进一步地卡进了更深的她体内。"
    },
    {
        "name": "デージー",
        "message": "「嗯嗯……嗯……啊啊，队长大人的小鸡鸡，已经被黛姬顺利地吞了进来♪」"
    },
    {
        "message": "年幼的阴道吞咽了半个肉棒，而身体似乎因刺激而松弛到位，突然仰躺在了队长身上。"
    },
    {
        "name": "デージー",
        "message": "「嗯……队长大人身体好温暖啊……嗯呼，在肚子里咕噜咕噜地，都快爆了呢。」"
    },
    {
        "message": "虽然她骑在身上，但重量却微不足道。"
    },
    {
        "message": "然而，尽管身体压迫感不大，黛姬用阴道抓紧了涨起的肉棒，快感滑动着直直地冲上来。"
    },
    {
        "name": "デージー",
        "message": "「嗯……团长的大鸡巴……好舒服啊……嗯嗯……」"
    },
    {
        "message": "黛芝也是一样的，身体躺在一旁，放松，闭上眼睛，全身沉浸在愉悦之中。"
    },
    {
        "name": "デージー",
        "message": "「黛芝玩弄阴道也很舒服……啊啊……所以团长也要帮忙啊！」"
    },
    {
        "message": "听到这话，意识到这可爱小姑娘并不明白这个行为的含义。"
    },
    {
        "message": "对她而言，这个行为只不过是令人愉悦的延续罢了。"
    },
    {
        "message": "也并非完全错误，但纯真到了这种地步，就变得十分可怕了。不，单纯是黛芝的专利吗？"
    },
    {
        "name": "デージー",
        "message": "「嗯？ 团长怎么了？」"
    },
    {
        "message": "察觉到团长在苦笑，黛芝像小鸟一样歪着头。"
    },
    {
        "message": "能理解想要放松，但不要拿其他人来满足这种需求。"
    },
    {
        "message": "那么，为了让您满意，决定宠坏Daisy（デージー）。"
    },
    {
        "name": "デージー",
        "message": "「嗯嗯呀！团长大人……！」"
    },
    {
        "message": "伸手触碰Daisy的胸部。\n那个地方充满了未来的可能性。"
    },
    {
        "name": "デージー",
        "message": "「唔啊！饶了我……啊啊……！\n真是厉害，团长摸乳房的感觉好舒服啊……」"
    },
    {
        "name": "デージー",
        "message": "「啊啊……不知道……\n团长的手掌真是太妙了……嗯呜呜。」"
    },
    {
        "message": "Daisy发出惊叹声，发出甜蜜的呼吸声。"
    },
    {
        "message": "小巧的身体不停地晃动，\n当注意到乳糜的中心时，用食指轻轻抚摸。"
    },
    {
        "name": "デージー",
        "message": "「……嗯呜呜呜！？\n唔啊啊啊……」"
    },
    {
        "message": "碰到那个部位，小小的身体跳了起来。\n看来非常舒适。"
    },
    {
        "name": "デージー",
        "message": "「好厉害，啊啊啊……好舒服，好深邃啊！」"
    },
    {
        "name": "デージー",
        "message": "「团长……再弄，那里……啊……嗯嗯嗯……好突然的快感啊！」"
    },
    {
        "message": "她的喉咙嗓音高亢，坦诚地发出感受的声音，\n那天真无邪的年轻使她对欲望毫不掩饰。"
    },
    {
        "message": "用食指的指腹轻抚着小麦色乳晕，\n立即尖起来了。"
    },
    {
        "name": "デージー",
        "message": "「啊啊……好舒服啊，真的好舒服……\n比一个人在玩弄自己时感觉更美好……！」"
    },
    {
        "name": "デージー",
        "message": "「现在……啊啊啊……团长……\n团长一定要帮我摸……嗯嗯！」"
    },
    {
        "message": "不自觉地大胆地透露出来，\n享受着身体的颤栗。"
    },
    {
        "message": "用指尖小心地摸着隆起的乳首。\n一遍又一遍的螺旋。\n"
    },
    {
        "name": "デージー",
        "message": "「啊啊……嗷嗷……！」"
    },
    {
        "message": "从小小的嘴唇中泄漏出来的声音，掺杂着比先前更加妖媚的情感。"
    },
    {
        "message": "不久，她意识到他的玉茎已经变得异常兴奋。\n黛姬身体痉挛着，晃动着她的腰部。"
    },
    {
        "message": "即使是幼小的身体，也引发了雌性的本能吗？\n或者这也是无意识的吗。"
    },
    {
        "message": "毫不在意地继续品尝着她的乳头，\n团长也拍打着他的臀部。"
    },
    {
        "name": "デージー",
        "message": "「啊！？啊啊啊……嗯嗯嗯、嗯嗯……！\n团长先生、先生……啊啊、黛姬感觉怪怪的呢……啊啊……！」"
    },
    {
        "message": "尖锐膨胀的龟头在幼小的阴道壁上磨擦。\n在未知的快感下，黛姬像上岸的鱼一样跳跃着身体。"
    },
    {
        "message": "如果不是团长压制着，\n黛姬的身体可能已经从床上滑落了。"
    },
    {
        "name": "デージー",
        "message": "「啊啊啊……先、先生……\n啊啊啊，好舒服啊……太舒服了……！\n真的、真的太好了啊啊啊……！」"
    },
    {
        "message": "甜蜜的叫声回响在房间里。\n他们之间的联系已经被爱液搞得湿漉漉的，弄脏了床单。"
    },
    {
        "message": "黛日的阴道湿淋淋的像蜂蜜，\n愈加甘露。"
    },
    {
        "message": "只有一半还不到的阴道，\n现在几乎全部都包裹着龟头。"
    },
    {
        "name": "デージー",
        "message": "「嗯嗯嗯……团长先生……团长先生……！」"
    },
    {
        "message": "垂涎于口角，\n已经无法言语除了团长。"
    },
    {
        "message": "每次抽插，皮肉都在硬龟头上磨擦拿，\n渐渐接近极限。"
    },
    {
        "name": "デージー",
        "message": "「团长先生……！团长先生……！\n太棒了啊啊、太好了啊……！」"
    },
    {
        "message": "最后一刻。\n嘶哑的黛日声音。"
    },
    {
        "name": "デージー",
        "message": "「射出来吧……在黛日的里面……！\n要精子……出来啊啊啊……！」"
    },
    {
        "name": "デージー",
        "message": "「团长先生，黛日喜欢你啊啊！\n啊啊啊啊啊啊啊啊啊啊啊！！！」"
    },
    {
        "name": "デージー",
        "message": "「嗯嗯嗯嗯！！！！」"
    },
    {
        "message": "将在年幼花蕾中积累的精液吐了出来。 "
    },
    {
        "message": "一旦达到了射精的感觉，就像高高波浪一样，无法再后退，只能向前推出。"
    },
    {
        "name": "デージー",
        "message": "「嗯嗯，呼呼……团长，对不起啊……」"
    },
    {
        "message": "黛茜在陶醉于快感的余韵中，轻声道歉。"
    },
    {
        "message": "最后一瞬间，黛茜说出的话。这不是无知、只追求快感的少女说的话。"
    },
    {
        "message": "看上去好像是被铺满了。"
    },
    {
        "name": "デージー",
        "message": "「黛茜想被团长抱着……想要团长的精液在里面……」"
    },
    {
        "name": "デージー",
        "message": "「不要假装不知道啊……黛茜想团长也这么想吧。」"
    },
    {
        "message": "黛茜像被责备的狗一样低声说道……\\n然而，黛茜继续说着。"
    },
    {
        "name": "デージー",
        "message": "「我、我没有恶意！\\n只是单纯喜欢团长而已！」"
    },
    {
        "message": "被这样说了，已经无言可对了。"
    },
    {
        "name": "デージー",
        "message": "「团长，你会原谅我吗？」"
    },
    {
        "message": "既然刚才已经说过了，没有恶意吧。"
    },
    {
        "message": "那也就没有生气的必要了。"
    },
    {
        "message": "她就是黛茜。\\n天真可爱、调皮的小女孩，就是她的专利。"
    }
]