[
    {
        "name": "スノーベリー",
        "message": "「队长的照顾，就由我来！」"
    },
    {
        "message": "雪莓鼓起脸颊，用有些懊恼的声音喊道。\\n突然怎么了呢。\\n不知道原因，我温柔地询问了一下。"
    },
    {
        "name": "スノーベリー",
        "message": "「我……看到队长被其他人照顾，\\n心里非常不爽」"
    },
    {
        "message": "雪莓似乎不喜欢别人替队长操心。\\n大概是看到其他花骑士在照顾他吧。"
    },
    {
        "message": "对于她这样的好胜心强的人来说，更加在意起来。\\n虽然我道歉说没有考虑周到，但她还是无法接受。"
    },
    {
        "name": "スノーベリー",
        "message": "「因为我是最喜欢队长的……\\n绝对不会输给任何人」"
    },
    {
        "message": "雪莓像撒娇一样地喊着，抱住了我。"
    },
    {
        "name": "スノーベリー",
        "message": "「我的感情是真的……希望队长能确认一下」"
    },
    {
        "message": "她用坚定的眼神看着我，那份认真表达出来。\\n我温柔地拥抱着脸红的雪莓，\\n决定接受她的心意。"
    },
    {
        "name": "スノーベリー",
        "message": "「啊呜……团长，好大……顶到入口了……嗯嗯嗯！」"
    },
    {
        "message": "硬而肥大的勃起，插入雪莓的阴道裂缝中。在狭窄而紧绷的阴道中，慢慢地朝着深处前进。"
    },
    {
        "name": "スノーベリー",
        "message": "「好硬……我的阴道被撑得好开……团长好大啊……肚子都鼓起来了！」"
    },
    {
        "message": "勃起稍微进入了狭窄的阴道，龟头被进一步阻挡。"
    },
    {
        "name": "スノーベリー",
        "message": "「嗯呜……团、团长？已经……全部进去了吗？」"
    },
    {
        "message": "雪莓眯起眼睛，身体绷紧。我告诉她只剩一点点了，并轻声让她放松身体。"
    },
    {
        "name": "スノーベリー",
        "message": "「放、放松？我、我知道了……嗯嗯呜，\\n试着放松身体的力量……」"
    },
    {
        "message": "说完，雪莓体内的紧张稍微缓解，阴道的收缩变得松弛。我继续用力，一口气突破雪莓的膜。"
    },
    {
        "name": "スノーベリー",
        "message": "「啊呜呜呜呜！深入阴道的……嗯咕，嗯啊啊！」"
    },
    {
        "message": "初次夺取的同时，龟头也传来了撞击宫颈的感觉。"
    },
    {
        "message": "为了忍受破处的疼痛，雪莓咬住了嘴唇。我温柔地抚摸着她这个不服输的女孩子的头发。"
    },
    {
        "name": "スノーベリー",
        "message": "「这样就……嗯，全部进去了吗？在我的里面……进去了吧？」"
    },
    {
        "message": "我点点头，称赞她能忍受住疼痛。雪莓眼眶泛泪，紧绷着身体，微微露出表情。"
    },
    {
        "name": "スノーベリー",
        "message": "「这点小事……算不了什么，我可不会输给疼痛……！」"
    },
    {
        "message": "即使在这种时候，她那不服输的性格也没有改变。我觉得这样很可爱。"
    },
    {
        "name": "スノーベリー",
        "message": "「比起那个……能和团长这样合为一体真是太开心了，我想要好好传达我的喜欢的心情……」"
    },
    {
        "message": "我也表达了我很高兴能和她连在一起的心情。然后，将一直在抚摸她头发的手移到下面，轻轻搭在丰满的乳房上。"
    },
    {
        "message": "为了尽快减轻疼痛，努力让狭窄的阴道适应阳具。"
    },
    {
        "name": "スノーベリー",
        "message": "「啊，嗯……胸部……被触摸，感觉很舒服呢\\n嗯……哈啊……更多地，揉揉我吧」"
    },
    {
        "message": "稍微用力，用手指揉搓着爱抚。\\n那柔软乳房贴在手上的触感，\\n真想一直确认下去，因为太舒服了。"
    },
    {
        "name": "スノーベリー",
        "message": "「啊呜，嗯嗯……团长的手好温柔……\\n被触摸的地方，酥酥麻麻的……变得热热的」"
    },
    {
        "name": "スノーベリー",
        "message": "「这样的话，我会……晕过去的……\\n阴道也不再疼痛了……哈呜」"
    },
    {
        "message": "逐渐松弛的未开发阴道。\\n虽然仍然很狭窄，\\n但与刚插入时相比已经更加适应了。"
    },
    {
        "name": "スノーベリー",
        "message": "「嘿，嘿……团长不动的话，不会舒服的吧？」"
    },
    {
        "message": "雪莓朝这边望着，说道。"
    },
    {
        "name": "スノーベリー",
        "message": "「我已经不疼了……多亏了团长，没事了……\\n现在，阴道很热……感觉很奇怪」"
    },
    {
        "name": "スノーベリー",
        "message": "「所以……可以动了吗？\\n团长的，那个……希望它舒服起来」"
    },
    {
        "message": "雪莓身体颤抖着，引导着我抽送。\\n看起来，疼痛已经几乎消退了。"
    },
    {
        "name": "スノーベリー",
        "message": "「我的内心充满了对团长的喜爱……\\n多多冲击……确认一下可以吗？」"
    },
    {
        "message": "继续爱抚她的乳房，我表示理解。\\n然后慢慢地将腰部前后滑动。"
    },
    {
        "name": "スノーベリー",
        "message": "「嗯嗯……！你的阴茎，进进出出地……啊呜！\\n刺激着我的阴道……嗯啊」"
    },
    {
        "name": "スノーベリー",
        "message": "「被团长插入时……阴道深处，收缩起来！\\n肚子里面好像要化成浆糊一样……呜呜，好热！」"
    },
    {
        "message": "每次在紧窄的阴道中往复运动，阳具都会感受到甜蜜的刺痛扩散开来。\\n为了增加舒适刺激，我们互相摩擦着阴道粘膜，用热情的腰部动作。"
    },
    {
        "name": "スノーベリー",
        "message": "「啊呜，嗯啊……！啊，嗯呀……！\\n这样，真的可以吗……阴道好痒痒的……扩张开来」"
    },
    {
        "name": "スノーベリー",
        "message": "「嗯呜……胸部也……\\n胸部也想要被揉揉……」"
    },
    {
        "message": "按照她的要求爱抚乳房，捏住可爱的突起并揉捏着。"
    },
    {
        "name": "スノーベリー",
        "message": "「啊呜……！嗯啊，乳头……好舒服\\n被你捏着，身体更……热起来了」"
    },
    {
        "message": "反复摩擦着粉红色的尖端，确认弹性。\\n当我用脚趾弹动乳头时，雪莓甜美的声音在房间里回荡。"
    },
    {
        "name": "スノーベリー",
        "message": "「嗬啊！呼呼……嗯呜！\\n胸部和阴道……感觉好舒服……\\n阴道好像要变得奇怪了！」"
    },
    {
        "message": "与刚才不同，随着我们的摩擦运动，耳边传来响亮的水声。\\n不知何时，连接处已经被彼此的体液润滑，\\n雪莓的爱液滴落到床单上形成了湿痕。"
    },
    {
        "message": "我告诉雪莓这个情况后，她的脸颊红透了，带着羞耻的表情。"
    },
    {
        "name": "スノーベリー",
        "message": "「因为……变成这样，都是因为我……太喜欢团长了」"
    },
    {
        "name": "スノーベリー",
        "message": "「嗯呜，啊啊……呼呼！因为是我最喜欢的团长的阴茎，\\n所以才会……这么流出来\\n因为对方是团长……所以……没办法！」"
    },
    {
        "name": "スノーベリー",
        "message": "「因为这份喜欢的心情……已经溢满了！」"
    },
    {
        "message": "刚发出声音的瞬间，阴道收缩起来，摩擦感激增。\\n随着雪莓开始感受到强烈快感，我也逐渐积聚起快感。"
    },
    {
        "name": "スノーベリー",
        "message": "「再多一点……想要更多地插入阴茎！\\n我也要用阴道夹紧……让团长感到舒服！」"
    },
    {
        "message": "阴道壁更加紧紧地收缩，刺激着阴茎。\\n这种快感激起了射精的欲望。"
    },
    {
        "name": "スノーベリー",
        "message": "「嗯、啊啊、啊呜！\\n我……好像变得奇怪了，\\n阴道里面在颤抖……呼、嗯嗯！」"
    },
    {
        "name": "スノーベリー",
        "message": "「淫液溢满而出！\\n已经无法控制阴道的漏水了……嗯嗯！」"
    },
    {
        "message": "阴道粘膜不断地痉挛。\\n狭窄的阴道像是在吸引着阴茎一样扭动着。"
    },
    {
        "name": "スノーベリー",
        "message": "「阴茎也在颤抖！\\n团长也很舒服吧……已经忍不住了吧？」"
    },
    {
        "message": "多次点头，也向对方传达着接近极限的信号。\\n由于快感让我无法集中注意力在乳房的爱抚上，\\n只能将意识集中在射精上。"
    },
    {
        "name": "スノーベリー",
        "message": "「那、那样的话……一起……和团长一起最好！\\n两个人一起……确认这份感觉！」"
    },
    {
        "name": "スノーベリー",
        "message": "「嗯嗯……！我、我要来了……无法忍受阴道的颤抖了……！\\n呼呀……！嗯嗯嗯！啊啊啊啊啊啊啊！」"
    },
    {
        "name": "スノーベリー",
        "message": "「嗯嗯嗯……！阳具在颤抖……在阴道里乱动着！」"
    },
    {
        "message": "浓稠的精液从战栗的阴茎喷射而出。迅速填满了雪莓的阴道，无法容纳的精液溢满而出。"
    },
    {
        "name": "スノーベリー",
        "message": "「好热……好多射进来了……团长好热，快要烫伤我了……」"
    },
    {
        "message": "经过几次射精后，终于停止了射精。在陶醉中，我与喘息着的雪莓对视着。"
    },
    {
        "message": "慢慢地抚摸着她那被高潮余韵所笼罩的头部，我说着这次很舒服。"
    },
    {
        "name": "スノーベリー",
        "message": "「我……最喜欢团长了……你明白吗？」"
    },
    {
        "message": "当然明白了，我回答着，紧紧地拥抱着她纤小的身体。"
    },
    {
        "name": "スノーベリー",
        "message": "「嗯……♪ 嘿嘿……团长的心意也传达给我了……我心中的疑虑也已经消失了」"
    },
    {
        "message": "我们分开身体，相互凝视着对方的脸庞。在那里，是雪莓微笑着眯起眼睛，充满喜悦的模样。"
    }
]