[
    {
        "name": "ジャーマンアイリス",
        "message": "「……报、报告了\\n我们与小红鸟合作，已经彻底消灭了发现的害虫\\n还、还有，团长……那个……」"
    },
    {
        "message": "德意志鸢尾从长时间的远征归来，向大家报告了战果。\\n然而，她的样子有些奇怪。"
    },
    {
        "message": "不知怎的，她不停地扭动身体，\\n她的眼睛湿润着，仿佛表达着某种心情。"
    },
    {
        "name": "ジャーマンアイリス",
        "message": "「……不、不行！\\n我已经忍不住了……！」"
    },
    {
        "message": "她这样说着，突然抱住了我。\\n还来不及反应，就被推倒在床上。"
    },
    {
        "name": "ジャーマンアイリス",
        "message": "「在远征期间，一直没有见到团长……\\n我忍耐不住了，胸口异常痛苦……」"
    },
    {
        "name": "ジャーマンアイリス",
        "message": "「因为今天不能见面，我要把所有的负担都给你还回去……！」"
    },
    {
        "message": "说完，她兴奋地把手放在我的衣服上……。"
    },
    {
        "name": "ジャーマンアイリス",
        "message": "「嗯嗯，嗯呼……啊啊啊……！\\n团长的，好大……嗯呜呜っ！」"
    },
    {
        "message": "德意志鸢尾小声呻吟着。\\n被强行暴露的阴茎深深地插入了她的阴道。"
    },
    {
        "name": "ジャーマンアイリス",
        "message": "「终、终于……与团长……融为一体了……\\n啊，感觉着……在里面亲密接触，感受着体温……哈啊！」"
    },
    {
        "message": "全部都被吞噬，龟头深入最深处。\\n她的阴道，热情地湿润着，仿佛在展现她的感情之强烈。"
    },
    {
        "name": "ジャーマンアイリス",
        "message": "「嗯……哈啊……嗯哈啊……呼……\\n怎、怎么样？我的阴道……」"
    },
    {
        "name": "ジャーマンアイリス",
        "message": "「想要看看我们连接的地方吗？\\n她曾经如此渴望……？ 嗯哈啊」"
    },
    {
        "message": "如同说话一样，热情的爱液从深处滴落，浸湿了勃起。\\n仿佛是久别重逢，泪流满面一般。"
    },
    {
        "name": "ジャーマンアイリス",
        "message": "「我会让你知道我的痛苦感情……\\n来吧……啊……嗯……哈啊」"
    },
    {
        "message": "她骑在我身上，双手撑在这里，腰部前后摇摆。\\n湿润的肉体发出湿吻的声音，下腹部轻微麻木。"
    },
    {
        "name": "ジャーマンアイリス",
        "message": "「啊，哈，呼，哈啊……呼哈啊！\\n团长也……阴茎，看起来很舒服呢……？」"
    },
    {
        "name": "ジャーマンアイリス",
        "message": "「可是……还远远不止这个吧……？\n因为无法在远征中见面……\n我想要你更深入地品味我的私处……啊」"
    },
    {
        "message": "说着，她开始上下摆动腰部，将阴茎插入和抽出。"
    },
    {
        "name": "ジャーマンアイリス",
        "message": "「啊……呼……啊……哦……\n团长的坚硬在里面摩擦得……嗯」"
    },
    {
        "name": "ジャーマンアイリス",
        "message": "「我的阴道肌肉……麻痹了……\n啊，感觉真爽……！」"
    },
    {
        "message": "每次抬起臀部，阴茎都被牢牢夹住。\n当龟头在她体内摩擦时，再次降下，完全包裹住整个肉棒。"
    },
    {
        "message": "在她陶醉的目光下，承受着淫荡的上下摆动，\n我也逐渐变得兴奋起来。"
    },
    {
        "name": "ジャーマンアイリス",
        "message": "「啊……呼……我好高兴……！\n能和团长再次如此融为一体……啊……！」"
    },
    {
        "name": "ジャーマンアイリス",
        "message": "「更多……我想要更多地感受……\n啊……嗯……呼……嗯嗯！」"
    },
    {
        "message": "与她的第几次着陆同时，她的全身颤抖不已。\n大量的爱液从阴道深处滴落，也从连接处渗了出来。"
    },
    {
        "name": "ジャーマンアイリス",
        "message": "「啊……嗯啊……啊啊……声、声音好大……！\n我的小穴，好像被阴茎吸住了……！」"
    },
    {
        "name": "ジャーマンアイリス",
        "message": "「真是不害臊的声音……\n啊，啊啊，腰，停不下来……嗯啊！」"
    },
    {
        "message": "她陶醉地看着我，全神贯注地扭动着腰部。\n每一次，她那身材火辣的身体上的丰满乳房都在晃动。"
    },
    {
        "message": "不仅仅是接受，我也想让她感受到我的存在。\n这么想着，我伸手去摸她在眼前翻滚的乳房。"
    },
    {
        "name": "ジャーマンアイリス",
        "message": "「嗯，啊啊……！团长，很好……\n也尽情地享受我的胸部吧……回忆起来吧……！」"
    },
    {
        "name": "ジャーマンアイリス",
        "message": "「我的身体，全部都属于团长的……！\n来吧……随着团长的喜好，尽情揉弄吧……啊啊……！」"
    },
    {
        "message": "在被挑逗的同时，我画出了大圆圈，揉捏着她的胸部。\n有弹性的乳房在我的手中变换着形状。"
    },
    {
        "name": "ジャーマンアイリス",
        "message": "「啊……啊啊……啊啊……！\n团长的动作……太淫荡了……嗯啊……！」"
    },
    {
        "message": "用掌心感受着健康的弹性，\n渐渐地，粉色的尖端露了出来。\n用指尖轻轻摩擦着那个尖端。"
    },
    {
        "name": "ジャーマンアイリス",
        "message": "「啊啊！？哦，那，那里，哈……！\n太敏感了，哦，哈……！」"
    },
    {
        "message": "德国鸢尾的声音颠倒，全身颤抖着。\n对于她的反应感到满意，我用手指捏住乳头并轻拉着。"
    },
    {
        "name": "ジャーマンアイリス",
        "message": "「嗯！？哦，不，不行，不行了……！\n被插着……下面，还有，玩弄……乳头……！」"
    },
    {
        "name": "ジャーマンアイリス",
        "message": "「嗯，嗯呼，哈……！\n身体的深处，像被火烧般炽热……！\n已经被搞得有点疯掉了……嗯呼！」"
    },
    {
        "message": "一边强烈刺激整个乳房，\n一边用手指挤压、捏拧着乳头来回磨擦，\n她的呻吟音调进一步提高。"
    },
    {
        "name": "ジャーマンアイリス",
        "message": "「哇啊……嗯哈……嗯……啊……！\n团长……哦，喜欢……喜欢你啊……！」"
    },
    {
        "name": "ジャーマンアイリス",
        "message": "「一直呆在你身边……\n不想分开了，绝对不行……哦，哈……！」"
    },
    {
        "message": "她带着湿润的眼眸凝视着我，用一种渴求的表情哀求着。\n对于她直接的表白，我的爱意进一步加深。"
    },
    {
        "message": "我也不想离开她。\n为了回应这份情感，我从下面用力冲刺着抬起腰。"
    },
    {
        "name": "ジャーマンアイリス",
        "message": "「呀啊！？啊，恩哈，哈……！\n啊，队，队长……好，剧烈……嗯呀！？」"
    },
    {
        "message": "突如其来的刺激，她发出了一声像是惨叫的喘息。\n而我不断地顶击着她，\n她的身体越发热乎，毛孔被打开，开始出汗。"
    },
    {
        "name": "ジャーマンアイリス",
        "message": "「哈……啊……哈……嗯哈……！\n里面，好多，龙根在磨擦……！\n我，我也，快要……来了……！」"
    },
    {
        "message": "在多次体验极佳的摩擦感中，阴茎根部热痛难耐。\n我告诉她高潮快到了……。"
    },
    {
        "name": "ジャーマンアイリス",
        "message": "「好，好啊……尽管放开吧，尽情射出来……！\n我会全部接住队长的精子，彻底解决掉的……哈啊！」"
    },
    {
        "message": "阴道粘膜仿佛在催促射精一样，紧紧地包裹着勃起的阴茎，热烈地揉搓着。\n我加快顶击的速度，一下子冲入了高潮。"
    },
    {
        "name": "ジャーマンアイリス",
        "message": "「啊啊！哈啊！太好了……太舒服了……！\n让……让更多阴茎在体内疯狂撞击……哈啊！」"
    },
    {
        "name": "ジャーマンアイリス",
        "message": "「啊，要射了……！我……我也快要射了……！\n拜…拜托了……队长也，一起……啊啊！」"
    },
    {
        "name": "ジャーマンアイリス",
        "message": "「嗯呜……嗯啊啊啊啊啊啊……！」"
    },
    {
        "message": "伴随着快感，欣喜的龙头迸发出激烈的浊液喷射。\n与此同时，德国鸢尾发出绝叫，身体猛然仰背。"
    },
    {
        "name": "ジャーマンアイリス",
        "message": "「啊啊……嗯啊……阴，阴茎在颤抖，直接往里面涌……\n精子，全部，都进来了……嗯啊啊」"
    },
    {
        "name": "ジャーマンアイリス",
        "message": "「一直，一直想要这个……\n远征期间，一直能够感受到团长热情的滋味，\n真是受不了呢……嗯嗯……」"
    },
    {
        "message": "在我品味幸福的同时，她的表情突然阴沉了下来。"
    },
    {
        "name": "ジャーマンアイリス",
        "message": "「但是……下一次，再去远征的话……\n和团长见不到面的日子，又要继续了……\n呜呜，真是讨厌啊……」"
    },
    {
        "message": "说着，她泪汪汪地仰视着我，满含切望的眼神。"
    },
    {
        "name": "ジャーマンアイリス",
        "message": "「团长，这是一生的请求\n能否……在长时间的远征中，减少一下我去的次数……求求您了」"
    },
    {
        "message": "德国鸢尾紧紧抱住我。\n我全身感受到她炽热的情感，更加充满了爱意……。"
    }
]