[
    {
        "name": "ブラキカム",
        "message": "「我，非常喜欢你～\n当然不仅仅是喜欢，是爱的那一种！」"
    },
    {
        "message": "她微笑地表达出来的感觉没有紧张。\n但那只是表面的样子。"
    },
    {
        "message": "她望着我，显然在努力不显得紧张，\n但从她的视线和两手轻抱自己的衣服的动作中，我能看出她的努力。\n她无法完全隐藏她想要保持平静的努力。"
    },
    {
        "message": "她的样子令人心动。\n我情不自禁地开玩笑般提议道。"
    },
    {
        "name": "ブラキカム",
        "message": "「嘿……要做那个……诶诶诶！？\n现在开始做吗！？」"
    },
    {
        "message": "瞬间，她的眼睛瞪大了。\n当我问她不喜欢吗时，她摇了摇头几秒钟后回答。"
    },
    {
        "name": "ブラキカム",
        "message": "「不、不是不喜欢！只是觉得……是不是有点早……？\n做这种事应该有更多步骤……\n啊，但总有一天会做这件事的……那就没关系……啊，但是但是！」"
    },
    {
        "message": "她终于无法忍耐情绪的波动，表情变化了好几次。\n但不持久。\n在紧张到不再隐藏答案的时候，她大声喊出来。"
    },
    {
        "name": "ブラキカム",
        "message": "「那、那个……如果你想的话……那我也，想……\n我，我我我我会接受的！\n我会让你感受到快乐的，团长先生！」"
    },
    {
        "name": "ブラキカム",
        "message": "「嗯咕……嗯、嗯嗯嗯嗯嗯……！」"
    },
    {
        "message": "爱抚之后的插入，用无法抑制的呻吟迎接。\\n布拉基卡姆四肢绷紧，紧握着床单。"
    },
    {
        "message": "就算如此，也没有停下来，抓住她的脚，一口气夹入。\\n虽然只是插入了稍微湿润的阴道，但是挤进去的痛苦很大，\\n而且也不想无谓地延长痛苦。"
    },
    {
        "name": "ブラキカム",
        "message": "「嗯啊、啊啊……与团长融为一体……\\n这样，好开心……开心但是……」"
    },
    {
        "message": "不过，到底是怎么回事呢。\\n一边用温柔的手抚摸着抓住的腿，慢慢地催促着。"
    },
    {
        "name": "ブラキカム",
        "message": "「果然……初次还是会痛呢……\\n身体好像要被撕裂一样呢……」"
    },
    {
        "message": "回应她发出的浅浅吐息，我对她的额头亲了一口，表示感激。\\n正因为布拉基卡姆能忍耐，我们才能够这样相连。"
    },
    {
        "name": "ブラキカム",
        "message": "「嘿嘿嘿……被你这样夸奖，好开心……♪\\n我，努力了哦，团长……」"
    },
    {
        "message": "然后，笑容和话语在那一刻停止了。"
    },
    {
        "message": "然后是与插入前一样的片刻后。\\n布拉基卡姆用拼尽全力的表情发出了这样的请求。"
    },
    {
        "name": "ブラキカム",
        "message": "「不、不、不要刚才的！\\n我没有努力，我没有努力！」"
    },
    {
        "name": "ブラキカム",
        "message": "「虽然是第一次有点疼但我没有努力！\\n对我来说很容易的！这是很重要的！\\n前言撤回！假装什么都没发生过吧！」"
    },
    {
        "message": "只能点头。\\n虽然无法完全相信刚才的话，\\n但是我们继续迈向下一步。"
    },
    {
        "name": "ブラキカム",
        "message": "「嗯……团长大人……？」"
    },
    {
        "message": "在抚摸乳房的瞬间，她回答了我的呼唤。\\n但是我没有回答，全神贯注地轻抚以舒缓紧张情绪。"
    },
    {
        "name": "ブラキカム",
        "message": "「这、这样也可以，没有关系的……\\n我没事的……动一下，也没关系的……」"
    },
    {
        "message": "我向她催促，放出了与之前相同的问题。"
    },
    {
        "name": "ブラキカム",
        "message": "「哈，啊呜……不，不是不喜欢……\\n但是，你……这样还不够吗？」"
    },
    {
        "name": "ブラキカム",
        "message": "「不动命令把那玩意儿搞起来，不然……就不行了哦……我也懂得这点儿啦……」"
    },
    {
        "message": "并非是那样的东西。微笑着，手掌滑动在柔嫩的皮肤上，不让它受伤。"
    },
    {
        "message": "不急于进行剌激的抽插。我想要的，并不是刺激，而是放松布拉基坎。毕竟，这是从我的戏弄开始的行为，我应该承担起责任。"
    },
    {
        "name": "ブラキカム",
        "message": "「那样也、无所谓的……嗯啊……嗯啊……」"
    },
    {
        "message": "而那样的付出，渐渐地显现出成果。"
    },
    {
        "name": "ブラキカム",
        "message": "「啊、呀……有点、有点热了呢……发痒诶……」"
    },
    {
        "message": "声音、反应，渐渐地浸透出诱人之意味。渐渐地，像是聚集成液滴。新的爱液在肉棒上交织在一起。"
    },
    {
        "name": "ブラキカム",
        "message": "「呼啊……这、好奇怪啊……我、我一点也不知道……用胸部、会变成这样的呢……呼啊……啊啊……变、变得、性感起来了……我，变得性感了呢……」"
    },
    {
        "message": "在享受爱抚的妖媚姿态之前，进入下一阶段。轻轻抬起那沉甸甸的乳肉，身体微微倾斜。"
    },
    {
        "name": "ブラキカム",
        "message": "「啊……？\\n……等、等一下啊！\\n这下要是做那种事的话我……！」"
    },
    {
        "message": "稍微有些惊慌地挣脱阻止，将嘴巴吸到了乳头上。"
    },
    {
        "name": "ブラキカム",
        "message": "「呼啊啊……！？」"
    },
    {
        "message": "身下的身体隆起，带着低吟般的喘息，摇了摇刘海。"
    },
    {
        "message": "毫不在意地继续进行行为。\\n揉捏乳房，用舌头卷起不知羞耻的勃起，\\n慢慢地擦着阴茎。"
    },
    {
        "name": "ブラキカム",
        "message": "「呼啊啊……！？\\n两个、都要舔吗……啊啊、啊啊！　不、不要……！\\n等一下，团长……」"
    },
    {
        "message": "已经软化的阴道揉搓，爱抚子宫口直至自己也甜甜地咬住。\\n与此同时，以甜密的舔吻回报乳头，认真地注入快乐。"
    },
    {
        "name": "ブラキカム",
        "message": "「这个、不行啊……啊啊，头脑都要乱了啊……\\n明明慢慢来的……啊啊，要变成怪物了啊……！」"
    },
    {
        "name": "ブラキカム",
        "message": "「汁，已经溢出来了……啊啊，龟头在滚动……奥穴也被磨擦着啊……呼啊啊……\\n咕噜咕噜地，听到了淫荡的声音……！」"
    },
    {
        "message": "正是如此，这个事实使我和她的水平都提升了。"
    },
    {
        "name": "ブラキカム",
        "message": "「呼……嗯啊，不要……不要……\\n会变得奇怪……浑身发麻，好厉害……！\\n感觉太强烈了……啊啊，嗯嗯，呜啊啊！」"
    },
    {
        "message": "到底什么不行呢？\\n一边用阴茎和舌尖纠缠不休，一边斜眼看着问道。\\n虽然体位有些困难，但她展示出来的妖媚样子让一切都值得。"
    },
    {
        "name": "ブラキカム",
        "message": "「啊啊……我，变得渴望了……\\n如果再……嗯嗯，会变得更淫荡……\\n变成不知羞耻的女孩了……」"
    },
    {
        "message": "得到了令人满意的答案。阴道紧紧缠住，表现出切肤之痛。\\n于是，我停止了爱抚和插入，坐直身子俯视着她。"
    },
    {
        "name": "ブラキカム",
        "message": "「啊啊……要结束了吗……？」"
    },
    {
        "message": "微微带有不满的提问。\\n当然，我摇摇头，再次牢牢抓住她的腿给予回答。"
    },
    {
        "name": "ブラキカム",
        "message": "「要变得……变得淫荡的孩子吗……」"
    },
    {
        "message": "迅速以同样的行动回应着她火热的表情。"
    },
    {
        "name": "ブラキカム",
        "message": "「呼啊啊啊啊……啊啊啊……啊啊啊啊！？\n队长太过激烈了！呼啊啊……啊啊啊！」"
    },
    {
        "message": "上身前倾，仿佛要将身体压扁。\n全力搅动着阴道。"
    },
    {
        "name": "ブラキカム",
        "message": "「这么突然……！呼啊嗯，啊啊啊！\n这是，不一样的……完全不同！\n里面湿湿的！呼啊，啊啊啊！」"
    },
    {
        "name": "ブラキカム",
        "message": "「阳具，全部都在磨蹭！声音都回响了！\n不行，不行！\n这样下去真的要，变得奇怪了呀！」"
    },
    {
        "message": "布拉基卡姆颤抖着喘息，语言词尾变得奇怪，\n激烈地摇动着乳房，结合部传来淫荡的水音。"
    },
    {
        "name": "ブラキカム",
        "message": "「嗯呜，嗯啊！好厉害！好厉害……！\n这样的话，我，我……呼呜，啊呜呜，嗯嗯啊啊！」"
    },
    {
        "message": "刺激着内壁，好像催促一样。\n激烈而温柔，微微抽搐的预兆渐渐出现。"
    },
    {
        "name": "ブラキカム",
        "message": "「这样的事情，我不知道啊！\n变得奇怪了……！哎呀，已经不行了……！\n不知道，不知道啊！好舒服啊！团长！」"
    },
    {
        "message": "面对逼近的事物，布拉基卡姆发出雌性的哭声。\n背脊突起的痴态，我也进入最后的准备阶段。"
    },
    {
        "name": "ブラキカム",
        "message": "「呼啊啊啊啊……不行，不行不行不行！\n队长，我，我已经……已经不行了呜呜呜呜呜……！」"
    },
    {
        "name": "ブラキカム",
        "message": "「呜啊啊，啊啊啊啊啊啊……！」"
    },
    {
        "message": "手指紧紧握住床单，承受着高潮的狂涛。\n在这痉挛中，我也吐出了精液。"
    },
    {
        "name": "ブラキカム",
        "message": "「呜啊啊……啊啊～……肚子，好热呀……\n好白呀……\n团长在哪呀……？一定在，对吧……？」"
    },
    {
        "message": "接受着失去焦点的目光，我抚摸着她的头作出回应。\n因为她深深陷入的表情和被汗水浸湿的头发，非常可爱。"
    },
    {
        "name": "ブラキカム",
        "message": "「呜啊～……我，已经到了呜……\n团长，你也到了呜……♪\n精液喷涌喷涌地……喷到了我身上……♪」"
    },
    {
        "name": "ブラキカム",
        "message": "「嘿嘿嘿……果然，做爱真的不容易呢～……\n就算不努力，我一下子就成功了呢～……♪\n再来，给你舒服一点好了……团长～」"
    },
    {
        "message": "布拉基卡姆在疲惫不堪中还在装作坚强。\n她的样子实在是太可爱了，我不停地抚摸她的头等她平静下来。"
    }
]