[
    {
        "name": "レオノチス",
        "message": "「我……有件事想告诉团长」"
    },
    {
        "message": "深夜，一脸认真的雷奥诺奇斯来到了房间里。"
    },
    {
        "message": "但是话语一直无法继续。\\n低下头，迟疑地眼神游移。\\n过了一会儿，仿佛下定决心般开口说话了。"
    },
    {
        "name": "レオノチス",
        "message": "「我喜欢你……团长大人……\\n从第一次见面起，你就说我的耳朵可爱……\\n我一直喜欢着你……！」"
    },
    {
        "message": "泪水涌上眼眶，\\n雷奥诺奇斯鼓起勇气向我表达了她的感情。\\n她胆小却努力的样子，以及那份坦率的情感打动了我的心。"
    },
    {
        "name": "レオノチス",
        "message": "「为了有朝一日成为自信的我……\\n我想从团长大人那里得到勇气……」"
    },
    {
        "message": "我接纳了雷奥诺奇斯的感情，温柔地拥抱着她的身体。"
    },
    {
        "name": "レオノチス",
        "message": "「团长大人的，大的……进来了……嗯嗯」"
    },
    {
        "message": "我将坚硬的阴茎顶在阴道口，轻轻往前推进。\\n当龟头被阴道吞没时，传来了一股热热的感觉。"
    },
    {
        "message": "慢慢地将勃起的阴茎插入，\\n将一半左右的阴茎埋入阴道内，停止动作。"
    },
    {
        "name": "レオノチス",
        "message": "「嗯……！已经全部进去了吗？\\n我……能接住团长大人了吗？」"
    },
    {
        "message": "摇了摇头。"
    },
    {
        "message": "感到强烈的抵抗感，必须用力才能继续前进。\\n当我告诉她可能会很疼时，\\n雷奥诺奇斯的身体颤抖了一下。"
    },
    {
        "name": "レオノチス",
        "message": "「疼……？难道说，我的身体接受不了吗？」"
    },
    {
        "message": "不是这样的。\\n如果可以忍受疼痛，也可以将剩下的一半埋入阴道内。"
    },
    {
        "name": "レオノチス",
        "message": "「那么……我会忍住的……\\n如果我能接受团长大人全部的话……应该没问题」"
    },
    {
        "message": "最后确认是否真的没问题，雷奥诺奇斯静静地点了点头。"
    },
    {
        "name": "レオノチス",
        "message": "「全部都插进去……想在团长大人的肚子里感受」"
    },
    {
        "message": "我尊重她的感受，紧握住她的腰，深入插入。\\n与其让疼痛持续，还不如让它在一瞬间结束。"
    },
    {
        "name": "レオノチス",
        "message": "「嗯嗯……啊啊，进到最深处了……嗯呜呜呜！！」"
    },
    {
        "message": "停下腰部的动作，用力一挺，夺取了第一次的证明。"
    },
    {
        "name": "レオノチス",
        "message": "「唔、嗯啊、呜呜！顶进去了……嗯嗯，肚子里……唔呜」"
    },
    {
        "name": "レオノチス",
        "message": "「这、这次团长大人的……全部都进去了吗？\\n确实在里面接住了吗？」"
    },
    {
        "message": "看着像要哭出来的雷奥诺奇斯确认着。\\n我肯定地点头，她松了口气地微笑着。"
    },
    {
        "name": "レオノチス",
        "message": "「嗯呜，太好了……和团长大人，融为一体了……」"
    },
    {
        "message": "尽管破处的疼痛让她眼含泪水，雷奥诺奇斯传达着喜悦。\\n然而，她的身体紧绷着，拼命忍受着疼痛。"
    },
    {
        "message": "雷奥诺奇斯确实是个爱哭鬼的性格，但从不流泪。\\n这份坚强也是她魅力的一部分。\\n夸赞着这一点，我继续抚摸着她可爱的耳朵。"
    },
    {
        "name": "レオノチス",
        "message": "「嗯……雷欧，你干得好，\\n虽然很痛……但想到指挥官的在里面，\n就感到很高兴…所以能忍耐下来啦。」"
    },
    {
        "message": "雷欧诺西斯说着，耳朵跳跃着显得可爱。为了减轻一些疼痛，伸出手在柔软的双丘上揉捏。"
    },
    {
        "name": "レオノチス",
        "message": "「啊哦、嗯…摸摸胸部吗？\\n啊、哈……额嗯、嘶嘶声。」"
    },
    {
        "name": "レオノチス",
        "message": "「你的手很温柔……啊、总觉得波动起来了…」"
    },
    {
        "message": "边揉搓全乳房边刺激。每次重复给予充满爱心的爱抚，雷欧诺西斯的耳朵都跳跃着。"
    },
    {
        "message": "直接说出这种反应很可爱。"
    },
    {
        "name": "レオノチス",
        "message": "「呼啊……！你说我可爱……哼哼\\n被指挥官这样说，身体……变热了。」"
    },
    {
        "name": "レオノチス",
        "message": "「胸部的波动越来越强劲……\\n啊、奇怪的感觉……！」"
    },
    {
        "message": "重复给雷欧诺西斯爱抚，她渐渐放松下来。温柔的上目望着这里。"
    },
    {
        "name": "レオノチス",
        "message": "「团长……你现在动一下也没关系了吧？」"
    },
    {
        "message": "雷奥内斯这样说着，催促着抽送。\\n我担心如果现在动了会疼，他轻轻地摇了摇头。"
    },
    {
        "name": "レオノチス",
        "message": "「还有点疼……因为你摸了我的胸，还说我可爱……身体有点痒痒的……」"
    },
    {
        "name": "レオノチス",
        "message": "「那个，团长你也不动的话……不会感觉舒服吧？\\n所以……别介意，动动腰吧？」"
    },
    {
        "message": "阴道的收紧确实会传递给阴茎强烈的刺激。\\n正如雷奥内斯所说，这样一动不动是很辛苦的。"
    },
    {
        "name": "レオノチス",
        "message": "「或者难道是因为……在我的里面不舒服……所以不想动吗！？」"
    },
    {
        "message": "我并没有这样想。为了不再说出更消极的话，我开始前后晃动腰部。"
    },
    {
        "name": "レオノチス",
        "message": "「啊呜呜，嗯呜呜，顶顶，来了……\\n在雷奥的里面……团长你的大家伙，\\n进进出出……嗯啊啊！」"
    },
    {
        "name": "レオノチス",
        "message": "「嗯啊啊，啊啊，果然……已经没那么疼了\\n里面摩擦的时候，有点刺痛……嗯嗯，\\n不疼，反而……嗯啊啊！」"
    },
    {
        "message": "轻柔地缓慢摆动腰部，擦拭着阴道黏膜。\\n小心地确保没有负担，\\n一次又一次地传递刺激。"
    },
    {
        "message": "在抽送的刺激下，雷奥内斯扭动着耳朵，发出呻吟声。\\n他的模样确实很可爱，不禁溢出了一些话语。"
    },
    {
        "name": "レオノチス",
        "message": "「团长……你又说我可爱了……\\n嗯呜呜，嗯呜呜，被称为可爱……我喜欢……\\n开心得胸口和那里……收缩起来了……！」"
    },
    {
        "message": "感觉变得更敏感，雷奥内斯发出更大的声音。"
    },
    {
        "message": "为了让他高兴，我一次又一次地表达真心的感情。\\n从我们第一次见面开始，\\n我就觉得雷奥内斯包括耳朵在内都很可爱。"
    },
    {
        "name": "レオノチス",
        "message": "「嗯呜呜，团长，你一直说我可爱……\\n哈呜呜，好厉害……收缩起来的感觉，停不下来了」"
    },
    {
        "name": "レオノチス",
        "message": "「嗯呜呜，为什么……\\n雷奥明明是第一次……却感觉如此舒服……嗯呜呜！」"
    },
    {
        "name": "レオノチス",
        "message": "「那里……嗯呜，好像在漏出来……\\n噼哧噼哧地发出声音……啊啊，奇怪的感觉，变得更强烈了……」"
    },
    {
        "message": "雷奥内斯的阴道已经放松下来，与阴茎融为一体。\\n作为他感到愉悦的证据，连接处变得更湿润，\\n腰部的进出也变得更加顺畅。"
    },
    {
        "name": "レオノチス",
        "message": "「啊啊，呜呜，身体好痒……\\n团长插进来的时候……雷奥内斯里面，麻痹了……呜呜」"
    },
    {
        "name": "レオノチス",
        "message": "「嘿，嘿……雷奥内斯的耳朵，可爱吗？\\n现在，团长在让我感到舒服……嗯呜，\\n抖动着，好多次哦？」"
    },
    {
        "message": "一遍又一遍地回答那句话。\\n每次听到对方的回答，雷奥内斯都会甜蜜地喜欢上。"
    },
    {
        "name": "レオノチス",
        "message": "「啊，嗯，嗯嗯……多说几次可爱吗？\\n那样的话……嘿、喜欢的感觉膨胀了起来……\\n肚子里面，变得热热的了……！」"
    },
    {
        "message": "一边不断地说着话语，抽送也逐渐加快。\\n疼痛已经完全消失了，变得能够坦然接受黏膜摩擦的刺激。"
    },
    {
        "name": "レオノチス",
        "message": "「嗯呜，啊啊，团长……嘿呀，\\n雷奥内斯好像要射出来了……呜呜！\\n那里，刺痛着……啊啊，啊啊，\\n好像……要射出来了……！」"
    },
    {
        "name": "レオノチス",
        "message": "「好害怕……虽然很舒服……但是呜呜，啊啊，好害怕……！\\n团长，请抓住雷奥内斯的手……握住！」"
    },
    {
        "message": "在腰部被猛烈地撞击的同时，雷奥内斯感受到了高潮的迹象。\\n为了让害怕的她安心，第一次接近高潮时，\\n紧紧地握住了她的手。"
    },
    {
        "name": "レオノチス",
        "message": "「嗯啊啊，就这样握着……哈啊啊，啊、\\n不、不要松开……！」"
    },
    {
        "name": "レオノチス",
        "message": "「团长在一起的话……雷奥内斯，不害怕的！」"
    },
    {
        "message": "阴道紧缩得更加紧密，仿佛在吸引着阴茎。"
    },
    {
        "name": "レオノチス",
        "message": "「啊，团长……嗯呀！团长，雷奥内斯……要来了……！」"
    },
    {
        "name": "レオノチス",
        "message": "「团长，团长……雷奥内斯不行了！啊啊！」"
    },
    {
        "name": "レオノチス",
        "message": "「啊啊……！团长也在雷奥内斯里面颤抖着……热热地顶着里面……」"
    },
    {
        "message": "被阴道的收缩弹出来，射出精液进入雷奥内斯的深处。一次又一次地脉动，污染着阴道。"
    },
    {
        "name": "レオノチス",
        "message": "「雷奥内斯那里……变得紧紧的，这个……感觉好舒服。团长……握住我的手，谢谢你」"
    },
    {
        "message": "雷奥内斯用力握住团长的手，开心地微笑着。她特别的耳朵也在颤抖着，表达着她的喜悦。"
    },
    {
        "message": "看着她展示出的真实反应，再次称赞她的可爱。"
    },
    {
        "name": "レオノチス",
        "message": "「咕……啊，那个……谢谢你，团长……」"
    },
    {
        "message": "泪眼汪汪地，可爱地发出雄性叫声的雷奥内斯。\\n害羞地移开视线，\\n但她的表情从这边看也很开心。"
    }
]