[
    {
        "name": "ホワイトパンジー",
        "message": "「啊，嗯……！\n嗯咕……嗯嗯……呜，啊咳……！」"
    },
    {
        "message": "当阴茎进入阴道时，\n白色三色堇的身体反射性地弯曲并僵硬了起来。"
    },
    {
        "name": "ホワイトパンジー",
        "message": "「嗯，嗯咕……嗯，啊，啊，啊呜呜……！」"
    },
    {
        "message": "唇紧抿着，仿佛在说『绝不会说『疼』』一样，\n皱起了眉头。"
    },
    {
        "message": "从连接处传来了破处的证明，\n告诉我们纯洁已被破坏。"
    },
    {
        "message": "但白色三色堇却拼命地保持微笑，\n向上看着。"
    },
    {
        "name": "ホワイトパンジー",
        "message": "「嗯，哈啊、哈啊……团长的小弟弟……嗯咕！\n好、好硬啊……啊、哈啊、哈啊……」"
    },
    {
        "name": "ホワイトパンジー",
        "message": "「再深点……我想要快点进来……\n啊、咕、嗯！」"
    },
    {
        "name": "ホワイトパンジー",
        "message": "「但不要忍耐……一下子插进来……\n嗯、哈啊哈啊……可以的哦……？」"
    },
    {
        "name": "ホワイトパンジー",
        "message": "「啊，我……呼，呼呼～\n想早点看到团长感觉很舒服的表情……」"
    },
    {
        "message": "白色三色堇倾首微笑着。\n明明应该感受到初次迎接男人的痛苦，\n但白色三色堇的温柔关怀令人心生爱意。"
    },
    {
        "name": "ホワイトパンジー",
        "message": "「……诶？啊……啊啊！」"
    },
    {
        "message": "为了缓解她的痛苦，\n手伸向丰满的乳房，轻柔地揉捏着。"
    },
    {
        "name": "ホワイトパンジー",
        "message": "「哈哇、哈哇！？\n团、团长，我会掉下去的……\n啊、咕噜……！」"
    },
    {
        "message": "手忙脚乱地将手臂绕在脖子上，\n她的双腿紧紧缠绕在腰间。"
    },
    {
        "message": "肉棒顺势一下子推进了阴道内，\n直到根部都深深地插入了进去。"
    },
    {
        "name": "ホワイトパンジー",
        "message": "「啊咕、咕……阴茎……全部……\n都、都进去了吧……？」"
    },
    {
        "message": "微微皱眉，苦笑着，\n目光注视着紧紧包裹住肉棒的秘裂。"
    },
    {
        "message": "同时，他用手轻轻揉捏着丰满的乳房，努力缓解白色三色堇的痛苦。"
    },
    {
        "name": "ホワイトパンジー",
        "message": "「啊，嗯嗯……！\n请、请不要这样揉我的胸部……呜，请……\n哈呼呼呼……」"
    },
    {
        "message": "他用力地从正面揉捏着，柔软的肉在指缝间卑鄙地凸起。"
    },
    {
        "message": "他轻轻地用手指夹住颤抖的乳头，柔软地扭动着，\n顿时下巴仰起，\n将自己的背部紧贴在墙上来回蠕动。"
    },
    {
        "name": "ホワイトパンジー",
        "message": "「啊，啊哈哈，啊哈啊啊……\n胸、胸部的尖端感到刺痛……\n身、身体失去了力气……嗯呼呼……」"
    },
    {
        "name": "ホワイトパンジー",
        "message": "「哎！？啊，啊唔……！\n请、请不要像挤奶牛一样捏我的胸部……啊，啊……」"
    },
    {
        "message": "他一边揉捏着两块乳肉，\n一边将乳头紧紧贴在一起擦动。"
    },
    {
        "name": "ホワイトパンジー",
        "message": "「啊呼呼，呼呼呼……胸、胸部的尖端……\n弯曲了起来……嗯哈哈哈……」"
    },
    {
        "message": "力量从手臂消失，身体差点滑落下去。"
    },
    {
        "message": "他慌张地将手臂环绕在小小的背后，紧紧地拥抱着她。"
    },
    {
        "name": "ホワイトパンジー",
        "message": "「啊啊啊啊啊啊啊啊～♪」"
    },
    {
        "message": "瞬间，白色三色堇的脸颊松弛下来，下巴向上翘起。"
    },
    {
        "message": "肉棒进一步深入阴道，身体紧密贴合，没有任何空隙。"
    },
    {
        "name": "ホワイトパンジー",
        "message": "「嗯哈～，嗯哈哈～♪\n团长的手臂……挺粗的呢……\n有种男人的感觉♪」"
    },
    {
        "name": "ホワイトパンジー",
        "message": "「这样紧紧地抱着……\n肚子里面就会咕噜噜地收缩起来……♪」"
    },
    {
        "message": "她幸福地微笑着，撒娇似地蹭着他的胳膊。"
    },
    {
        "message": "也许是因为她可爱的动作，我的胸口感到疼痛，\n肉棒不由自主地跳动起来。"
    },
    {
        "name": "ホワイトパンジー",
        "message": "「啊呀！？哈、哈啊！啊、啊啊啊……！！」"
    },
    {
        "message": "小小的身体被紧贴在墙上，肉棒猛烈地扭入阴道中。"
    },
    {
        "name": "ホワイトパンジー",
        "message": "「啊，啊啊！团、团长，好厉害……好厉害……！啊，嗯啊！」"
    },
    {
        "name": "ホワイトパンジー",
        "message": "「有力地，用力地顶着我的小穴……啊，呼呼……感觉好刺激……♪」"
    },
    {
        "message": "双腿紧紧缠绕在腰间，拼命接受肉棒的冲刺。"
    },
    {
        "message": "两个阴部紧密接触时，爱液从连接处飞溅出来，丰满的乳房颤动不已。"
    },
    {
        "name": "ホワイトパンジー",
        "message": "「嗯咕嗯！胸、胸部也……？哈哈哈，没关系的……请更多地揉揉吧……！」"
    },
    {
        "message": "正面将两个乳房压扁，像揉面团一样揉捏搓弄。"
    },
    {
        "name": "ホワイトパンジー",
        "message": "「我、我啊，啊啊……！被、被团长揉揉胸部，我……喜欢的！」"
    },
    {
        "name": "ホワイトパンジー",
        "message": "「被、被粗暴对待时，啊啊，嗯啊……！肚子深处感到剧烈的颤动……！！」"
    },
    {
        "message": "作为长女一直保持着挺直的身姿的白色三色堇。"
    },
    {
        "message": "每当坚强的面具被肉棒顶端磨擦着子宫深处时，\\n仿佛崩溃一般摇摇欲坠。"
    },
    {
        "name": "ホワイトパンジー",
        "message": "「团长的阴茎，更、更多地给我！\\n啊，啊哈哈，哈啊啊！」"
    },
    {
        "name": "ホワイトパンジー",
        "message": "「更加狂热地爱抚我……\\n啊，啊啊，要疯狂地爱抚我呀～……！」"
    },
    {
        "message": "一直被压抑的欲望如同决堤般，\\n激烈而淫荡地依偎。"
    },
    {
        "name": "ホワイトパンジー",
        "message": "「啊，啊哈哈……好、好舒服……\\n团长的阴茎在我的阴道里磨擦得好爽……\\n深入内部亲吻着真是太舒服了……！」"
    },
    {
        "message": "猛烈颤动的阴道肉也像撒娇一样紧紧抓住肉棒。"
    },
    {
        "message": "紧紧抱住褶皱的龟头，\\n舔舔地揉搓着亀头。"
    },
    {
        "name": "ホワイトパンジー",
        "message": "「呼啊～♪ 团长的阴茎顶端，\\n噗嗤～地变得更大了……哈啊，哈啊，哈啊！」"
    },
    {
        "name": "ホワイトパンジー",
        "message": "「好、好像要射了呢……啊，啊嗯呀♪\\n我、我也是一样的……\\n心里快要爆炸了……！」"
    },
    {
        "message": "她转向我，用妖娆的手臂缠绕在我的脖子上。"
    },
    {
        "name": "ホワイトパンジー",
        "message": "「射的时候，请紧紧抱住我……\\n拜、拜托了……嗯，嗯呼呼♪」"
    },
    {
        "message": "为了回应她急切的请求，我紧紧地抱住她颤抖着的身体，将肉棒猛力地插入到最深处。"
    },
    {
        "message": "瞬间，阴道收缩得像在欢欣鼓舞一样，紧紧地包裹住整根阴茎。"
    },
    {
        "message": "而当丰满的乳房连同坚硬的乳头一起被胸部压扁时，腰部内部爆发了。"
    },
    {
        "name": "ホワイトパンジー",
        "message": "「嗯啊啊啊啊呀呀呀……♪ 射精了〜♪\\n团长的，热热的阴茎奶射精了〜」"
    },
    {
        "name": "ホワイトパンジー",
        "message": "「被紧紧抱着的时候就射了♪\\n我，露出了放荡的表情射了哦〜♪」"
    },
    {
        "message": "在怀里，小小的身体一次又一次地跳动着。"
    },
    {
        "message": "我用力将双腿紧紧缠绕在腰间，仿佛要保证一滴精液都不洒落似的，用下体磨擦着。"
    },
    {
        "name": "ホワイトパンジー",
        "message": "「哈啊……哈啊啊……好、好幸福……♪」"
    },
    {
        "message": "射精结束后，她转向我露出淫荡的表情。"
    },
    {
        "name": "ホワイトパンジー",
        "message": "「可、可是肚子里的咚咚声还没有平息……♪ 哈啊哈啊……更、更想被团长宠爱了……」"
    },
    {
        "message": "然后她有点害羞地抬起眼睛，忐忑不安地玩弄着手指。"
    },
    {
        "name": "ホワイトパンジー",
        "message": "「那、那个……那个……下次也能让我撒娇吗……？你、你会爱我吗……？」"
    },
    {
        "message": "看到这样可爱的请求，原本已经软弱无力的肉棒竟然有了反应。"
    }
]