[
    {
        "name": "モケ",
        "message": "「团长！！\n莫克要开始了！！」"
    },
    {
        "message": "莫克闯进房间时，露出了平常的无忧无虑的笑容，大声喊道。"
    },
    {
        "name": "モケ",
        "message": "「只能去做了！现在就是时候！」"
    },
    {
        "message": "完全无视我们的困惑，莫克扑向了这边。\n到底发生了什么事呢？"
    },
    {
        "name": "モケ",
        "message": "「团长怎么了？\n不想和莫克一起吗？」"
    },
    {
        "message": "不是不想，而是到底在做什么呢。"
    },
    {
        "name": "モケ",
        "message": "「要做爱啦！」"
    },
    {
        "message": "对于我们的问题，莫克明快地回答道。"
    },
    {
        "message": "莫克是否真正理解自己说出的话的意义呢？"
    },
    {
        "message": "大概你还不明白吧。"
    },
    {
        "name": "モケ",
        "message": "「诶？嗯，总之，性爱很有趣，而且据说感觉非常舒服！」"
    },
    {
        "message": "果然你还是不明白。但是，我觉得莫克不会撤回一旦产生兴趣的事情。虽然我试着解释了，但莫克的意志很坚定。"
    },
    {
        "name": "モケ",
        "message": "「喂喂团长！别闲着了！我想让你教我性爱！」"
    },
    {
        "name": "モケ",
        "message": "「嗯呼……啊啊……！！团、团长……嗯嗯、啊啊啊！！」"
    },
    {
        "message": "当把阴茎的顶端对准莫克小小的秘裂时，慢慢地往下沉入。"
    },
    {
        "message": "那个地方很小，紧紧地闭合着。它像是在拒绝异物的侵入一样紧紧地夹住阴茎。"
    },
    {
        "name": "モケ",
        "message": "「啊啊……在莫克的阴道里……嗯嗯，团长的阴茎……啊啊，进来了……嗯嗯，啊啊，感觉有点奇怪……」"
    },
    {
        "message": "感受到这种初次的触感，莫克大口地呼出一口气。"
    },
    {
        "name": "モケ",
        "message": "「哦，原来如此，这就是性交……嗯嗯，彼此摩擦着阴道啊……嗯嗯，然后呢？接下来要怎么做呢？」"
    },
    {
        "message": "即使没有处女膜破裂的疼痛，莫克的表情却很明亮。不仅没有恐惧，反而促使行为继续进行。"
    },
    {
        "message": "莫克总是带头冲锋。不畏失败的莫克，在这样的时刻也充满了勇气。"
    },
    {
        "name": "モケ",
        "message": "「嗯嗯嗯……动起来了？嗯嗯，我只需要保持不动吗？哼嗯，好的……嗯嗯」"
    },
    {
        "message": "为了不给小小的莫克留下伤痕，慢慢地开始动起腰来。阴茎的龟头与阴道壁摩擦在一起的感觉。"
    },
    {
        "name": "モケ",
        "message": "「啊啊，团长的阴茎好大……男人的阴茎原来是这样的呢……嗯嗯……」"
    },
    {
        "message": "莫克将目光投向连接处，仔细观察着。观察的同时，不时从那里传来快感的叹息和小小的喘息声。"
    },
    {
        "message": "在她的表情和正在进行的行为之间，我的头脑仿佛要沉浸在一种背离道德的官能中。"
    },
    {
        "message": "而且，看起来，陷入这种迷醉状态的不仅仅是我一个人。"
    },
    {
        "name": "モケ",
        "message": "「啊……团长……啊，团长……\n怎、怎么了……奇怪……嗯，\n莫克觉得奇怪……嗯」"
    },
    {
        "message": "不知不觉间，莫克的表情变得迷离，\n伴随着粗重的呼吸低语着。"
    },
    {
        "name": "モケ",
        "message": "「啊……真的呢……\n果、果然如团长所说，嗯，\n感觉好舒服呢……」"
    },
    {
        "name": "モケ",
        "message": "「莫克的小洞洞……嗯，变得热热的……啊，\n团、团长……啊，小洞洞好舒服……嗯！」"
    },
    {
        "message": "原本试图抵抗异物侵入的阴道，\n现在却柔软地缠绕在阴茎上。"
    },
    {
        "message": "感受到这一点后，稍微加快了腰部的动作。\n随之，爱液从阴道深处溢出。"
    },
    {
        "name": "モケ",
        "message": "「啊……啊！\n好、好舒服！\n团长……啊，阴茎好舒服……！」"
    },
    {
        "name": "モケ",
        "message": "「团长的阴茎，在小洞洞里摩擦着，\n嗯，太好了！好舒服！」"
    },
    {
        "message": "莫克的身体颤抖着，\n喘息着尖叫。\n看起来已经沉迷于粘膜摩擦之中。"
    },
    {
        "name": "モケ",
        "message": "「嗯嗯，啊啊！嗯嗯！\\n感觉好……啊啊！团长，好舒服！\\n性……啊啊，好舒服！！」"
    },
    {
        "message": "她那样喘息的样子，比平时的莫克想象的更加淫荡，\\n更加美丽地映入眼帘。"
    },
    {
        "name": "モケ",
        "message": "「呼啊……嗯嗯！？！？\\n团、团长？唔唔！\\n为、为什么要摸莫克的胸部？」"
    },
    {
        "message": "无法忍耐地伸手到莫克的乳房上。\\n莫克似乎不明白我的行动意味着什么，\\n一边喘息着，一边歪着头询问。"
    },
    {
        "name": "モケ",
        "message": "「嗯嗯！但是……啊啊，被摸胸部，\\n啊啊，好舒服！啊啊！！」"
    },
    {
        "name": "モケ",
        "message": "「呜呜呜……这也是，嗯嗯，性……吗？\\n啊啊，被摸胸部，好舒服……啊啊！」"
    },
    {
        "message": "乳房的尖端。捏住那尖尖的乳头，\\n莫克背脊弓起，发出喘息声。"
    },
    {
        "name": "モケ",
        "message": "「呼啊，啊啊……那里，嗯嗯，被捏住的话，\\n啊啊！莫克的……嗯嗯，\\n会痉挛起来……啊啊！」"
    },
    {
        "name": "モケ",
        "message": "「好舒服！团长，莫克……啊啊！\\n好舒服呀……！再多一点点！」"
    },
    {
        "message": "初次感受到快感，摩擦着身体。\\n更加追求快感，阴道紧紧地热情地收缩着阴茎。"
    },
    {
        "name": "モケ",
        "message": "「啊啊……嗯嗯，啊啊……！\\n好舒服！真的好……啊啊，好舒服！」"
    },
    {
        "name": "モケ",
        "message": "「告诉我……嗯嗯，团长……！\\n给摩擦，更多更多的、让人舒服的事情……啊啊！」"
    },
    {
        "name": "モケ",
        "message": "「想要摩擦教我很多很多的性爱……！」"
    },
    {
        "message": "从摩擦喘息尖叫的湿润眼眸中，滑落下一滴泪水。\\n毫无疑问，那是被教会快感的女人的泪水。"
    },
    {
        "name": "モケ",
        "message": "「啊啊……嗯嗯，摩擦又……又变得奇怪了！\\n团长……团长……！！\\n摩擦……啊啊，嗯嗯，好奇怪……！」"
    },
    {
        "message": "突然，摩擦的身体开始微微颤抖。\\n看来她即将被快感的波涛吞没。"
    },
    {
        "name": "モケ",
        "message": "「团长……嗯嗯，团长！！\\n再靠近一点点……啊啊！」"
    },
    {
        "name": "モケ",
        "message": "「紧紧地……嗯嗯啊啊，紧紧地抱着……！！！！」"
    },
    {
        "message": "在开始行动时，莫克似乎第一次感受到了一种陌生的恐惧。"
    },
    {
        "message": "作为回应，我靠近她的身体，紧紧地抱住她，以至于感到疼痛。"
    },
    {
        "name": "モケ",
        "message": "「啊啊……嗯嗯，团长……啊啊，嗯嗯……团长……啊啊啊……！！」"
    },
    {
        "message": "莫克紧紧地抓住我的身体。她的小手紧紧地抓着我的背。这种疼痛，在这个时刻却让我感到无比珍贵。"
    },
    {
        "name": "モケ",
        "message": "「啊啊，团长……嗯嗯，要出来了，啊啊，阴道……啊啊，有什么东西要出来了！」"
    },
    {
        "name": "モケ",
        "message": "「团长，团长……！啊、啊啊嗯嗯嗯嗯！！！！！！」"
    },
    {
        "name": "モケ",
        "message": "「啊啊，啊啊啊啊啊……！！！！！！」"
    },
    {
        "message": "就在莫克发出更加强烈的喘息声的瞬间，我也到达了极限。在她的小小阴道里不断射精。"
    },
    {
        "name": "モケ",
        "message": "「啊、嗯嗯……啊啊啊……！在阴道里，嗯嗯，阴茎……抽搐着……」"
    },
    {
        "name": "モケ",
        "message": "「团长……嗯嗯……阴茎怎么了？\\n嗯嗯，进入阴道里……变得温暖了……」"
    },
    {
        "message": "莫克一边紧紧抓住我，一边低声问道。\\n在那强烈的快感下，我无法回答他的问题。"
    },
    {
        "name": "モケ",
        "message": "「嗯嗯，难道……团长也很舒服吗？\\n嗯嗯，阴茎感到舒服了吧」"
    },
    {
        "message": "这是女性的本能吗。\\n莫克意识到这一点后，露出了开心的微笑。"
    },
    {
        "name": "モケ",
        "message": "「莫克也觉得性爱……非常舒服……嗯！\\n真的非常舒服！」"
    },
    {
        "message": "呼吸恢复正常后，莫克展现出了前所未有的笑容，\\n满脸笑容地说道。"
    },
    {
        "name": "モケ",
        "message": "「呵呵呵，团长……再和莫克做爱吧！\\n这是和莫克的约定！」"
    },
    {
        "message": "对于毫不掩饰地说出这样的话的莫克，我有些惊讶。\\n但我也露出微笑，轻轻点头回应他。"
    }
]