[
    {
        "name": "ビワ",
        "message": "「向团长坦白碧莓的秘密……你能听吗？」"
    },
    {
        "message": "夜晚，碧莓走进房间，脸红羞涩地说道。\\n但是，她的表情中透露出一丝喜悦，微笑浮现在她的脸上。"
    },
    {
        "name": "ビワ",
        "message": "「你知道吗，碧莓……我喜欢团长\\n非常非常地……喜欢……！」"
    },
    {
        "name": "ビワ",
        "message": "「所以我想要更加……更加更加和团长变得亲近……\\n想要和你亲近……团长，可以吗？」"
    },
    {
        "message": "碧莓颤抖着问道。\\n为了消除她的颤抖，我轻轻地拥抱住了她。"
    },
    {
        "name": "ビワ",
        "message": "「团长……我喜欢你……\\n我会向团长展示很多只有你一个人能看到的碧莓的秘密哦？\\n用尽全力地品味吧？」"
    },
    {
        "name": "ビワ",
        "message": "「嗯嗯……呼啊，呼啊啊……！！！！」"
    },
    {
        "message": "我将龟头压在碧莓紧窄的阴道口上。\\n慢慢地将阴茎沉入那泥泞之中。"
    },
    {
        "name": "ビワ",
        "message": "「呼啊啊，嗯嗯，啊啊……！　团长，进入碧莓的里面了！\\n啊啊，好大，我知道……！　嗯嗯……！」"
    },
    {
        "name": "ビワ",
        "message": "「嗯嗯，啊啊……碧莓里面……扩张着……嗯嗯！」"
    },
    {
        "message": "为了不伤害碧莓的身体，我已经做了相当的按摩，\\n但是碧莓的阴道非常狭小，紧紧地夹住我的阴茎，让我感到疼痛。"
    },
    {
        "name": "ビワ",
        "message": "「团长的……啊啊，碧莓里面变得很紧，\\n嗯，啊啊啊啊啊……！」"
    },
    {
        "message": "受到插入的刺激，碧莓紧紧抓住床单。\\n她似乎在努力控制着颤抖的四肢。"
    },
    {
        "name": "ビワ",
        "message": "「嗯嗯，团长，请停下来……好吗？\\n碧莓愿意接受团长的任何事情，\\n所以……所以，请对碧莓做任何你想做的事情？」"
    },
    {
        "message": "这听起来像是碧莓的真诚请求。\\n我想回应她的心意。重新开始动作。"
    },
    {
        "name": "ビワ",
        "message": "「啊啊啊……嗯嗯，团长，再进来……啊啊！\\n嗯嗯……团长，谢谢你……嗯嗯……！」"
    },
    {
        "message": "不久后，阴茎的顶端到达碧莓的阴道深处。\\n可以感觉到龟头轻轻敲击子宫口。"
    },
    {
        "name": "ビワ",
        "message": "「啊啊，啊啊啊，哈哈，哈哈……！　嗯嗯！\\n团长的……嗯嗯，顶着深处……啊啊，碰到了……！」"
    },
    {
        "name": "ビワ",
        "message": "「肚子里……嗯嗯，满满的……呵呵呵，得意地笑着」"
    },
    {
        "message": "碧莓这样说着，露出了笑容。\\n但是，她的身体似乎仍在颤抖着感受插入的刺激。"
    },
    {
        "message": "我从后面轻轻地抱住碧莓的身体，她也察觉到了并靠近我。"
    },
    {
        "name": "ビワ",
        "message": "「嗯……团长……嗯嗯嗯嗯……」"
    },
    {
        "message": "我想尽量温柔地触摸碧莓柔软的身体，希望能够舒缓她的紧张感。"
    },
    {
        "name": "ビワ",
        "message": "「嗯……嗯嗯，团长……啊……嗯嗯」"
    },
    {
        "message": "用从后面伸过去的手臂轻抚碧莓的肚子。\\n碧莓微微扭动身体，好像有点痒痒的感觉。\\n然后慢慢地将手掌向上滑动。"
    },
    {
        "name": "ビワ",
        "message": "「啊……嗯嗯嗯嗯……！！\\n团长……啊，嗯……！」"
    },
    {
        "message": "不久后，指尖触摸到了微微隆起的地方。\\n用指腹轻轻按压那柔软的部位。"
    },
    {
        "name": "ビワ",
        "message": "「嗯嗯……啊啊……团长……嗯嗯，啊啊……那里……啊啊，好痒痒……嗯嗯！」"
    },
    {
        "name": "ビワ",
        "message": "「不、不要这样……嗯嗯……别碰我……嗯嗯！」"
    },
    {
        "message": "虽然她说是痒痒的感觉，但她的反应却有点舒服的样子。\\n我继续用指腹轻抚上去，可爱的乳头变得挺立起来。"
    },
    {
        "message": "这次我用手指弹弄她挺立的乳头。\\n碧莓的身体像是被电到一样颤抖着。\\n这明显是一种不同于之前颤抖的反应。"
    },
    {
        "name": "ビワ",
        "message": "「哈呜……嗯嗯……啊啊！！\\n那、那里……别用手指戳我……啊啊，嗯嗯！」"
    },
    {
        "name": "ビワ",
        "message": "「啊啊……嗯嗯……团长，好奇怪……嗯，\\n团长戳弄碧莓的乳头的话……嗯嗯，\\n碧莓的身体……会颤抖起来……嗯嗯！」"
    },
    {
        "name": "ビワ",
        "message": "「嗯嗯嗯……刚才还觉得痒痒的……嗯嗯，\\n身体突然变得热乎乎的……！」"
    },
    {
        "message": "正如她所说，碧莓的身体颤抖着。\\n我问她是不是感觉舒服，碧莓点了点头。"
    },
    {
        "name": "ビワ",
        "message": "「嗯……碧莓觉得很舒服……团长戳弄碧莓的乳头，\\n感觉好舒服……！ 嗯嗯，啊啊……！」"
    },
    {
        "message": "用手掌轻抚着碧莓小巧的乳房，从中心开始一直向上抚摸。\\n刚才还是敏感的地方，现在似乎变成了能够感受到快感的地方。"
    },
    {
        "name": "ビワ",
        "message": "「团长，嗯嗯，啊啊，团长……啊啊……！\\n碧莓感觉有些奇怪……下腹部……热热的，刺痛着……！」"
    },
    {
        "name": "ビワ",
        "message": "「好痒痒……好难受……嗯嗯……\\n团长，嗯嗯……好难受呀……嗯嗯！」"
    },
    {
        "message": "似乎阴道也能感受到快感。\\n碧莓微微地轻扭着屁股，仿佛在确认感觉一样。"
    },
    {
        "message": "之前的紧张仿佛消失了一样，\\n阴道湿润地包裹着阴茎。"
    },
    {
        "message": "确认后慢慢开始动起腰来，开始抽送。"
    },
    {
        "name": "ビワ",
        "message": "「啊啊……啊啊，嗯嗯……团长……啊啊！！\\n嗯嗯，团长在里面……啊啊，动起来了，嗯嗯！」"
    },
    {
        "name": "ビワ",
        "message": "「在碧莓里面磨擦着……嗯嗯……啊啊……\\n碧莓的身体更加颤抖了……啊啊！」"
    },
    {
        "message": "阴道紧紧地收缩着，不停地给予阴茎快感。\\n紧紧地、却又温柔的刺激让我感觉快要达到极限。"
    },
    {
        "name": "ビワ",
        "message": "「啊啊……嗯嗯……啊啊……团长……啊啊！\\n碧莓里面磨擦着……啊啊……嗯嗯……！」"
    },
    {
        "name": "ビワ",
        "message": "「那个，好厉害……好舒服……非常，啊啊……舒服！\\n再多一点……啊啊，想要更多！」"
    },
    {
        "message": "碧莓身体上的紧张完全消失了。\\n剩下的只有身体上快感带来的颤抖。"
    },
    {
        "message": "插拔的速度自然而然地加快。\\n随着速度增加，我忍耐的极限也逼近了。"
    },
    {
        "name": "ビワ",
        "message": "「啊啊！嗯嗯，嗯嗯……！！\\n嗯嗯，好深、好多次地进入着……嗯嗯……！！」"
    },
    {
        "name": "ビワ",
        "message": "「扑哧扑哧地……啊啊啊！好多次地进入着！\\n啊啊，嗯嗯……团长，啊啊，碧莓好舒服！」"
    },
    {
        "message": "这边也一样。\\n为了更多地享受快感，咬紧后槽牙忍住射精。"
    },
    {
        "name": "ビワ",
        "message": "「啊啊……啊啊，嗯嗯……！团长、团长！\\n嗯嗯……喜、喜欢……好喜欢……！！！」"
    },
    {
        "name": "ビワ",
        "message": "「团长的事情……啊啊，嗯嗯……，非常非常、\\n非常喜欢……嗯嗯啊啊……！」"
    },
    {
        "message": "碧莓嘴巴中泄露出的秘密之言。\\n听到那句话，忍耐的极限竟然轻而易举地降临了。"
    },
    {
        "name": "ビワ",
        "message": "「啊啊啊啊，嗯嗯……团长，啊啊，好喜欢……！\\n非常喜欢……啊啊，嗯嗯，啊啊啊啊啊……！！！！！！」"
    },
    {
        "name": "ビワ",
        "message": "「啊啊，嗯嗯，嗯嗯，啊啊啊啊啊……！！！！！」"
    },
    {
        "message": "将龟头顶在碧莓的阴道深处，\\n一股股精液喷涌而出。"
    },
    {
        "name": "ビワ",
        "message": "「啊啊，嗯嗯……在肚子里面……嗯嗯，\\n好热的东西……在流出来……嗯嗯……」"
    },
    {
        "name": "ビワ",
        "message": "「团长的……喷涌声、跳动的感觉，我都能感受到……\\n哈啊，哈啊……嗯嗯，团长，难道你……射精了？」"
    },
    {
        "message": "深吸一口气，点头回答。\\n然后，碧莓开心地微笑了起来。"
    },
    {
        "name": "ビワ",
        "message": "「太好了……团长感觉很舒服……太好了……」"
    },
    {
        "message": "紧紧拥抱着微笑的碧莓，我们一起躺在床上。"
    },
    {
        "message": "休息了一会儿，\\n身旁的碧莓开心地咯咯笑了起来。"
    },
    {
        "name": "ビワ",
        "message": "「又……有了一个很棒的秘密……\\n与团长的，秘密……呼呼呼，咧嘴笑着」"
    },
    {
        "message": "看着碧莓笑着说出这番话，\\n我默默祈祷这个秘密不要被任何人揭露出去。"
    }
]