[
    {
        "name": "ローズマリー",
        "message": "「真是的……你也太强硬了吧\n一般来说，这个时间会带女人回来吗？而且还是用武力」"
    },
    {
        "name": "ローズマリー",
        "message": "「如果是个稍微有点谨慎的女人，应该会大声喊救命的\n嘛……这里的花骑士们可能不懂这个道理」"
    },
    {
        "message": "罗斯玛丽困惑地摇了摇头。"
    },
    {
        "message": "断然地说，\n我们并不是因为那样妖艳的理由才把你带来的。"
    },
    {
        "message": "为了让她这个整天窝在实验室里的女孩子稍微休息一下。\n虽然我理解她对研究的热情，但总是过着那样的生活迟早会把身体搞垮的。"
    },
    {
        "name": "ローズマリー",
        "message": "「原来如此……感谢你担心我\n但是……」"
    },
    {
        "message": "罗斯玛丽一边点头赞同我的说法，一边触碰着我\n在脸颊上、脖子上，用手指轻轻地划过。"
    },
    {
        "name": "ローズマリー",
        "message": "「真的，你没有那个意思吗？\n还是……我没有那么有魅力吗？」"
    },
    {
        "message": "我并不是在说那样的话。我也可以冷冰冰地回答她。\n但是，看着她不安地眨动的眼睛，我咽下了话语。"
    },
    {
        "name": "ローズマリー",
        "message": "「我并不在意……\n就算变成色情的话也无所谓」"
    },
    {
        "name": "ローズマリー",
        "message": "「不知道呢……团长\n是否想要抱我呢……？」"
    },
    {
        "name": "ローズマリー",
        "message": "「嗯啊啊啊啊啊！\n这个，真是……！」"
    },
    {
        "name": "ローズマリー",
        "message": "「插入，原来是这么紧的东西啊……！\n还是说，只有你特别吗……啊呜！」"
    },
    {
        "message": "阴茎侵入时，从罗斯玛丽的口中发出低沉的声音。\n说实话，她似乎没有太多余裕。"
    },
    {
        "message": "如果身体状况不好的话，今天最好休息一下。\n第几次提出建议后，得到了一如既往的回答。"
    },
    {
        "name": "ローズマリー",
        "message": "「哈、哈啊……这次性爱结束后，我会休息的……\n所以，请不要担心……」"
    },
    {
        "name": "ローズマリー",
        "message": "「不，相反，如果你不抱我，我就不会休息……\n交换，哈啊、这是条件……」"
    },
    {
        "message": "这就是这样连接在一起的原因。\n虽然想让她休息，但这样做只会本末倒置。"
    },
    {
        "name": "ローズマリー",
        "message": "「……果然还是不行吗？」"
    },
    {
        "message": "对着那悲伤的声音，我摇了摇头。并没有做什么不好的事情。\\n我并不是不情愿地拥抱她。"
    },
    {
        "message": "我向她传达了这一点，并开始抽送。\\n在第一次的基础上，我小心翼翼地避免给疲惫的她增加负担。"
    },
    {
        "name": "ローズマリー",
        "message": "「嗯，啊，阴茎，动起来，给我……\\n嗯，谢、谢、你……」"
    },
    {
        "name": "ローズマリー",
        "message": "「但是，也不用勉强自己哦？\\n我意识到自己没有魅力……」"
    },
    {
        "name": "ローズマリー",
        "message": "「不在乎打扮，也不在乎发型……\\n从来没有用过香水……身上弥漫的气味都是化学品」"
    },
    {
        "message": "我没有否定她温和的话语。\\n虽然对她有些抱歉，但我一直觉得自己对这方面没有兴趣。"
    },
    {
        "name": "ローズマリー",
        "message": "「我确实没有兴趣……啊，直到遇见你之前，是的\\n嗯，啊啊……！」"
    },
    {
        "name": "ローズマリー",
        "message": "「但是，与你相遇后，我意识到了……\\n我没有作为女性的魅力。」"
    },
    {
        "message": "就算用口头说出来，也肯定传达不了这样的事情吧。\\n他的口气如此认真。"
    },
    {
        "message": "既然如此，我能做的事情并不多。\\n为了实现其中之一，我伸手到摇晃的乳房上。"
    },
    {
        "name": "ローズマリー",
        "message": "「咕……啊，胸部……吗？\\n啊，确实那里，很大，我有自觉……！」"
    },
    {
        "name": "ローズマリー",
        "message": "「虽然觉得它过于庞大而碍事……\\n但是如果你对它感兴趣的话，也不错，嗯嗯……！」"
    },
    {
        "message": "一边像抚摸一样运用腰部，一边揉捏乳房。\\n将手指沉入隐藏在白衣下的柔软之中。"
    },
    {
        "name": "ローズマリー",
        "message": "「咕呜……啊啊……很好，尽情地品味吧……\\n你的手让我感到很安心……」"
    },
    {
        "message": "双手因丰满乳房的触感而麻木。\\n在温暖和柔软中立刻陷入了迷恋。"
    },
    {
        "name": "ローズマリー",
        "message": "「哈啊……团长，\\n难道你已经陷入了狂热吗？」"
    },
    {
        "message": "连回答的时间都不够了。\\n作为代替，更加激烈地爱抚乳房。"
    },
    {
        "name": "ローズマリー",
        "message": "「啊，啊啊，嗯嗯！\\n是吗，嗯……\\n嗯呜呜，胸部，你喜欢吗……？」"
    },
    {
        "name": "ローズマリー",
        "message": "「如果是这样的话，没有比这更开心的事了……！\\n因为团长对我这个女人如此着迷……」"
    },
    {
        "message": "对于自己被粗暴蹂躏的乳房，罗斯玛丽陶醉其中。"
    },
    {
        "message": "因为这样的可爱而心情变得炽热，下体的欲望也随之高涨。"
    },
    {
        "name": "ローズマリー",
        "message": "「啊呜，阴茎变粗了……！\\n我的阴道也变宽了……！」"
    },
    {
        "name": "ローズマリー",
        "message": "「越来越兴奋了……！\\n呵呵……我现在非常幸福……」"
    },
    {
        "name": "ローズマリー",
        "message": "「虽然在研究方面或许可以做些什么……\\n但作为女人，我觉得自己无法给予你任何东西……」"
    },
    {
        "name": "ローズマリー",
        "message": "「然而，你却这样……\\n让我变得更加兴奋，阴茎也变得更大……！」"
    },
    {
        "message": "倾诉出来的热情是平时无法感受到的。"
    },
    {
        "message": "因为过去的经历而变得冷漠的她的心。\\n就像它重新燃起了一样，散发着炽热的温度。"
    },
    {
        "name": "ローズマリー",
        "message": "「每当你爱我一次……\\n啊，我的内心深处，都会变得炙热起来……！」"
    },
    {
        "name": "ローズマリー",
        "message": "「心灵和身体都像火焰一样欢喜……！\\n啊，请给我更多，将你的热情注入我身体中……！」"
    },
    {
        "message": "在她充满渴望的热情下，我的意识也开始沸腾。\\n我将所有沸腾的泡沫都扔向了眼前的她。"
    },
    {
        "name": "ローズマリー",
        "message": "「呀啊，啊啊啊啊啊啊啊！\\n阴茎，势头太猛烈了！」"
    },
    {
        "name": "ローズマリー",
        "message": "「嗯嗯，哈啊，更用力地摩擦阴道壁吧！\\n粘膜互相摩擦，将你刻印在我身体里……呀啊啊！」"
    },
    {
        "message": "被热情所驱使，她紧紧地收缩着阴道肌肉，撒娇地依偎着我。"
    },
    {
        "name": "ローズマリー",
        "message": "「请让我把你记在我的阴道里……！\\n将你的阴茎塑造成我的形状……！」"
    },
    {
        "name": "ローズマリー",
        "message": "「我想永远记住这一刻……！\\n即使结束了，我也想感受到你的热情……！」"
    },
    {
        "message": "随着撞击而晃动乳房，\\n罗斯玛丽尖叫着。"
    },
    {
        "message": "阴道也像字面上的反应一样。\\n像挤压一样的微痉挛和吸附，让我也无法忍受。"
    },
    {
        "name": "ローズマリー",
        "message": "「哈，阴茎在颤抖……！\\n我知道，它要出来了……？」"
    },
    {
        "name": "ローズマリー",
        "message": "「啊，请出来吧……！\\n用你炽热的精液填满我的阴道！」"
    },
    {
        "message": "被释放的情感之热，让我把龟头深深地插入了里面。\\n为了释放欲望，我已经准备好了。"
    },
    {
        "name": "ローズマリー",
        "message": "「啊……啊啊啊！就这样，出来吧！\\n我也要来了……一起来吧！」"
    },
    {
        "name": "ローズマリー",
        "message": "「啊，来了，来了！阴道在颤抖……！\\n啊，嗯啊啊！嗯呜呜呜――」"
    },
    {
        "name": "ローズマリー",
        "message": "「嗯呜，嗯啊啊啊啊啊！\\n精液，好多，出来了！」"
    },
    {
        "message": "射精全力以赴地寻求和吸附深处。"
    },
    {
        "message": "罗斯玛丽颤抖着接受了一切。\\n她的眼睛完全放松在欢喜中。"
    },
    {
        "name": "ローズマリー",
        "message": "「哈，哈……嗯，团长，你知道吗……？\\n我的身体和心灵都渴望这种热情，我已经忍不住了……」"
    },
    {
        "name": "ローズマリー",
        "message": "「所以，就是这样……」"
    },
    {
        "message": "即使在高潮中颤抖着，阴道也不会放开龟头。\\n为了不让一滴流失，它强烈地吸引着它。"
    },
    {
        "name": "ローズマリー",
        "message": "「团长的温暖，让我感到亲切……\\n我会把全部都喝光的……」"
    },
    {
        "message": "罗斯玛丽发出了微弱的声音。\\n明显可以看到她很疲惫。"
    },
    {
        "name": "ローズマリー",
        "message": "「啊，不要那么担心我……\\n我们已经约好了，我要休息了……」"
    },
    {
        "name": "ローズマリー",
        "message": "「但如果可以的话……和你在一起会很好，呢\\n彼此相互交织在一起……」"
    },
    {
        "message": "对于事后附加的条件，我苦笑了。\\n被这样温柔地撒娇，反而让我更想顺从。"
    },
    {
        "name": "ローズマリー",
        "message": "「和团长在一起的时候，我才能最放心地休息……\\n所以，就这样一直待到早上吧……」"
    },
    {
        "message": "声音戛然而止。"
    },
    {
        "message": "她沉浸在床里，\\n进入了平静的睡眠。"
    }
]