[
    {
        "name": "シャコバサボテン",
        "message": "「哎呀～，约会真开心呢～♪\n果然布洛萨姆山真厉害～\n建筑也可爱，逛吃也很不错\n调整了行程，放假真是值得的～」"
    },
    {
        "message": "确实很开心。\n考虑到每天都是工作，可以说是难得的一天。"
    },
    {
        "message": "自然而然地露出笑容，沿着回到仙人掌和骑士团的路。\n太阳早已西斜，代之以浮现的月亮照亮夜路。\n若细细凝视，可以看到骑士团建筑在夜景中浮现。"
    },
    {
        "name": "シャコバサボテン",
        "message": "「嗯嗯，按计划顺利归还了呢\n虽然还有点早，但今天陪我真的谢谢你\n真的好开心！感觉活着真好！」"
    },
    {
        "name": "シャコバサボテン",
        "message": "「你呢，感觉如何？\n因为是第一次好好逛这个城市，可能带你到处跑了一圈\n累得筋疲力尽了吗？」"
    },
    {
        "message": "没有那回事。很开心。\n我将刚才的想法，作为对她的回答说了出来。\n并且，还表达了对行程调整的感谢。"
    },
    {
        "name": "シャコバサボテン",
        "message": "「嘻嘻～，不客气♪\n你这么说我也觉得自己努力是值得的！」"
    },
    {
        "message": "这样说着，仙人掌将目光投向逐渐靠近的骑士团建筑。\n被月光照亮的脸颊，似乎微微泛红。\n是在害羞吗。不由自主地被视线吸引。"
    },
    {
        "name": "シャコバサボテン",
        "message": "「……那么，接下来呢？\n如果觉得开心的话……\n会不会想要再延续那份心情……呢？」"
    },
    {
        "name": "シャコバサボテン",
        "message": "「嘻嘻……其实呢，我通常这个时间都已经睡着了\n但是今天特别一点……如果你陪我的话\n熬夜也可以吧～我是这么想的♪」"
    },
    {
        "message": "那就是说，也没有拒绝的理由了。\n既然我也希望能让这个时间稍微延长一点。"
    },
    {
        "name": "シャコバサボテン",
        "message": "「啊……嗯嗯……嘿嘿，被摸得好多了……♪\n没关系……过来吗？团长」"
    },
    {
        "message": "在爱抚中喘息不止，心脏急速跳动。\n被这份急速跳动所驱使，进入了她的身体。"
    },
    {
        "name": "シャコバサボテン",
        "message": "「啊呜……嗯嗯，啊啊……好舒服……一口气进来吧……\n哈啊，嗯嗯……嗯嗯嗯嗯……！」"
    },
    {
        "message": "低沉的呻吟声在房间中传开。\n爱液和紧紧的包裹使肉棒被包裹着。"
    },
    {
        "message": "从仙人掌颤抖的嘴唇中，透出了痛苦的呼吸声。\n轻抚着她的脸颊，问道：没事吧？\n满是汗水的脸颊上浮现出了笑容。"
    },
    {
        "name": "シャコバサボテン",
        "message": "「嘻嘻……第一次，给你了……♪」"
    },
    {
        "message": "心身更加燃烧起来。\n从传达过来的声音和表情中，传递出了喜悦。"
    },
    {
        "name": "シャコバサボテン",
        "message": "「终于……来到了这里\n嘻嘻……我，一直以来都是在追求这个目标的哦」"
    },
    {
        "name": "シャコバサボテン",
        "message": "「和你约会……感受到快乐的心情，一起感受着……\n而且想更多地感受到它，\n这样的心情，一起分享……」"
    },
    {
        "message": "润湿的视线流向连接点，然后抬头看着这边。\n瞳孔深处，闪烁着炽热的东西。"
    },
    {
        "name": "シャコバサボテン",
        "message": "「嘻嘻……我努力的成果有了回报♪\n能完成真是太好了……活着真是太好了，这样想着♪」"
    },
    {
        "message": "夸张却有一种非常真挚的韵味。\n扩散到胸膛，对她的爱欲不断增加。"
    },
    {
        "name": "シャコバサボテン",
        "message": "「啊……嗯……好的……？\n胸部也要……多摸摸吗……？」"
    },
    {
        "message": "仔细地抚摸着上下起伏的乳房。"
    },
    {
        "message": "不太用力，也不会疼。\n一边确认她皱眉，一边用指尖轻柔地触摸着。"
    },
    {
        "name": "シャコバサボテン",
        "message": "「啊……嗯……没关系……刚才也被你摸过了……\n刚才那个时候……没有说嫌弃吧……？」」"
    },
    {
        "name": "シャコバサボテン",
        "message": "「所以，就算是现在……啊，嗯……没关系，团长\\n我，很好……感觉很舒服……\\n感觉很舒服，已经习惯了……\\n你也一起……感觉舒服吗？」"
    },
    {
        "message": "可以看到痛苦的颜色逐渐淡化。\\n阴道的紧张逐渐松弛，\\n呼吸和肌肤中混入了光泽。"
    },
    {
        "name": "シャコバサボテン",
        "message": "「啊，那里……嗯，会抖起来……呼，嗯嗯……\\n龟头，好喜欢……嗯，喜欢被轻柔地抚摸……\\n小豆豆，很舒服呢……呼，啊嗯\\n好像到达了肚子的深处……嗯，嗯啊」"
    },
    {
        "name": "シャコバサボテン",
        "message": "「疼痛消失了……\\n能感受到你的形状……能感受到你的热度……\\n啊，嗯嗯，团长原来……嗯，这么大呀……♪」"
    },
    {
        "message": "赞美让我感到高兴，我也不由自主地回应了同样的感受。"
    },
    {
        "message": "即使仰望也不会变形，像是她本身一样的乳房触摸起来很舒服。\\n敏感地勃起的乳头也很可爱，\\n一不小心就会变得粗暴。"
    },
    {
        "name": "シャコバサボテン",
        "message": "「那么，怎么样？ 粗暴一点也可以哦……？」"
    },
    {
        "message": "仙人掌陶醉地眯起眼睛，回答着。\\n视线再次流转，\\n移向男性的手指触摸的乳房，然后是没有痛苦的连接部分。"
    },
    {
        "name": "シャコバサボテン",
        "message": "「把你给我……好吗？\\n告诉我，我们正在连接着……♪」"
    },
    {
        "message": "被上目遣视邀请，一股寒意从脊梁骨上涌起。"
    },
    {
        "message": "想要这样，想要被这样对待。\\n身体随着热情和欲望的驱使，渴望着仙人掌。"
    },
    {
        "name": "シャコバサボテン",
        "message": "「啊……嗯……啊啊……嗯嗯……！\\n啊啊……嗯……嗯嗯……来了……啊啊……喜欢这个，喜欢呀！\\n啊啊……嗯……啊啊啊！」"
    },
    {
        "message": "已经没有处女的顽固了。\\n缠绕在一起，欢愉着，黏膜摩擦带来深刻的快感。"
    },
    {
        "name": "シャコバサボテン",
        "message": "「嗯……嗯……摩擦得好舒服……喜欢呀，团长大人！\\n全部都很舒服呢……咕嘟咕嘟的，好棒呀！\\n啊啊，嗯，嗯，啊啊！」"
    },
    {
        "name": "シャコバサボテン",
        "message": "「里面自己就收缩了起来……！我，想要得到……！\\n啊啊，好厉害，好厉害……！\\n这种感觉，我不知道……啊啊，嗯，啊啊，哈啊啊！」"
    },
    {
        "message": "每次往返时缠绕得更紧密，深入内部。\\n腰部颤抖，呼吸急促。\\n敏感度也增加了，阴道内的情况在脑海中浮现。"
    },
    {
        "message": "咬紧、像甜蜜的咬痕一样缠绕的肉褶。\\n爱液不断地流出，作为润滑油引发更多的快感。\\n想要更多回应，全身充满力量。"
    },
    {
        "name": "シャコバサボテン",
        "message": "「嗯嗯啊啊啊！胸部也一起……嗯嗯，啊啊！\\n啊啊啊，嗯嗯，团长大人你变大了呢……♪\\n啊啊……哈啊，嗯嗯！好棒呀，真的很舒服呢！」"
    },
    {
        "name": "シャコバサボテン",
        "message": "「再来一次！因为我知道你已经很热了！\\n呼啊啊，啊呜呜，啊啊啊！这个，要来了……！\\n第一次就要来了哦！呼啊啊，啊呜呜，嗯啊啊！」"
    },
    {
        "message": "腰部的动作更加剧烈。手指的动作也变得有力。\\n下腹部煮沸着热情，急切地穿透仙人掌。"
    },
    {
        "name": "シャコバサボテン",
        "message": "「呼啊，啊呜，团长先生也要来了吗……！？\\n哈啊，嗯呜呜，我知道的哦……知道的！\\n龟头涨大了……哈啊，啊啊，啊啊啊！\\n拜托了！全部都要哦！哈，啊啊呜！」"
    },
    {
        "name": "シャコバサボテン",
        "message": "「就这样让我来吧！因为我要来了，要多次、多次地来！\\n啊啊，啊啊，嗯嗯嗯嗯嗯嗯嗯嗯嗯嗯！\\n团长先生，团长先生！过来吧！要多多射出来呀！」"
    },
    {
        "name": "シャコバサボテン",
        "message": "「哈啊啊啊啊！啊啊啊呜呜呜呜呜呜……！」"
    },
    {
        "message": "同时达到了极点。\\n将达到极点的身体深深埋入床中，\\n迈向更深处，喷出精液。"
    },
    {
        "name": "シャコバサボテン",
        "message": "「嗯嗯，嗯呜，嗯啊……哈，哈哈……♪\\n好多，都出来了……嗯嗯，嗯啊……感觉被塞满了……哈呜，哇啊啊……♪」"
    },
    {
        "name": "シャコバサボテン",
        "message": "「嘿嘿……真是好多呢……嗯呜\\n装不下了，都溢出来了……啊，好厉害……♪\\n好多……黏黏糊糊的，变得一团糟了呢……♪」"
    },
    {
        "message": "视线模糊地凝视着颤抖的阴茎插入的连接部位。"
    },
    {
        "message": "彼此的体液污染了，被溢出的精液染成了白色。\\n仍然炙热，只是因为我们彼此之间的激情，\\n教会了我无与伦比的淫荡。"
    },
    {
        "name": "シャコバサボテン",
        "message": "「哈啊……哈啊……嘿嘿，怎么说呢……\\n这种事情，我也觉得……很美丽呢……♪」"
    },
    {
        "message": "仙人掌满脸沁出汗水和泪水微笑着。"
    },
    {
        "name": "シャコバサボテン",
        "message": "「虽然很特别……但并不是特别的\\n虽然很普通……但也不是那么容易得到的……」"
    },
    {
        "name": "シャコバサボテン",
        "message": "「所以，我觉得它很美丽……\\n努力终有回报，活着真好啊……」"
    },
    {
        "name": "シャコバサボテン",
        "message": "「啊啊，好幸福……成为最棒的熬夜了\\n谢谢你，团长先生……我爱你♪ 嘿嘿♪」"
    }
]