[
    {
        "name": "イエローパンジー",
        "message": "「喂，别……自己随便，张开腿啊～！啊，啊呜！？」"
    },
    {
        "message": "黄色三色堇羞怯地扭动着身体。\\n但是，与这些话相反，她几乎没有抵抗。"
    },
    {
        "message": "然后把两条腿推开，\\n把肉棒的顶端压在痉挛的秘裂上。"
    },
    {
        "name": "イエローパンジー",
        "message": "「等等……嗯、嗯咕！」"
    },
    {
        "message": "当龟头深入阴道时，她惊恐地仰起身体。"
    },
    {
        "message": "然后抱起两条腿，更深地插入肉棒。"
    },
    {
        "name": "イエローパンジー",
        "message": "「团长……啊呜、嗯！\\n我的里面……被撑开了……咕、咕呜！」"
    },
    {
        "name": "イエローパンジー",
        "message": "「进来了……啊、啊……\\n再进来的话……不、不要啊……！\\n嗯啊啊啊啊啊！！」"
    },
    {
        "message": "紧紧地拥抱着浮起的臀部，让两个下体紧密贴合。"
    },
    {
        "message": "感受到肉棒顶端突破处女膜的触感，\\n她没有表现出疼痛的样子。"
    },
    {
        "message": "相反地，她焦躁地扭动着腰部，多次喘着热气。"
    },
    {
        "name": "イエローパンジー",
        "message": "「嗯、哈、哈……\\n下、下体……好热……嗯嗯嗯！」"
    },
    {
        "name": "イエローパンジー",
        "message": "「这个笨蛋……\\n啊、啊呜……\\n明明没有打算把第一次给团长的……」"
    },
    {
        "message": "眼角浮现出泪水，可爱地瞪着我。"
    },
    {
        "message": "『原本没有打算给你』这句话，\\n意味着『迟早会给你』。"
    },
    {
        "message": "仿佛触及到了隐藏在言辞背后的\\n黄色三色堇的情感，\\n肉棒疯狂地乱动起来。"
    },
    {
        "name": "イエローパンジー",
        "message": "「呼啊、呼啊！？\\n你、你在让我抖个不停啊……啊、啊、啊！」"
    },
    {
        "message": "她紧紧地握住床单，腰部断断续续地抬起。"
    },
    {
        "name": "イエローパンジー",
        "message": "「嗯、咕、呜……啊、哈……\\n这、这个暴躁的家伙……」"
    },
    {
        "name": "イエローパンジー",
        "message": "「啊、嗯……\\n你、你这么强烈地……是因为我的里面感觉很舒服吗？」"
    },
    {
        "message": "咬着手指，用悲伤的眼神看着我。"
    },
    {
        "message": "我正视着她的目光，大力点头。"
    },
    {
        "name": "イエローパンジー",
        "message": "「！？ 傻、傻瓜……团长的变态……\\n嗯、嗯嗯嗯～！」"
    },
    {
        "message": "害羞地闭上眼睛，紧紧地咬住手指，留下了痕迹。"
    },
    {
        "message": "不久后，她慢慢地睁开眼睛，\\n羞怯地向我抬起了目光。"
    },
    {
        "name": "イエローパンジー",
        "message": "「我、我想要在我的小穴里感受到快感……」"
    },
    {
        "message": "听到这个问题，我轻轻晃动了一下肉棒作为回答。"
    },
    {
        "name": "イエローパンジー",
        "message": "「喂、喂，啊，啊呜！\n还、还没允许你动呢……！」"
    },
    {
        "name": "イエローパンジー",
        "message": "「哈、哈……\n真是的，团长你真是没救了……真是的……」"
    },
    {
        "message": "在发热的脸上，眼神变得迷离。"
    },
    {
        "message": "迷迷糊糊地伸出手臂环住我的脖子。"
    },
    {
        "name": "イエローパンジー",
        "message": "「虽然、虽然我本来想等到我们正式交往之后再给你的……\n不、不过算了……嗯，哈」"
    },
    {
        "name": "イエローパンジー",
        "message": "「这、这只是个早晚的问题嘛……呼，呼呼……\n不、不再在意了……代、代替的话」"
    },
    {
        "message": "用力抱紧我，额头贴在一起。"
    },
    {
        "name": "イエローパンジー",
        "message": "「哈呼……哈呼呼……如果不能让我感到舒服的话，\n我可不会原谅你哦……」"
    },
    {
        "name": "イエローパンジー",
        "message": "「用、用团长的……那个东西……\n让我感到舒服……？」"
    },
    {
        "message": "受到羞耻的凝视，胸口燃起了热情。"
    },
    {
        "message": "被强烈的欲望驱使，想要把黄花菜搞得一团糟，\\n从一开始就粗暴地动起了腰。"
    },
    {
        "name": "イエローパンジー",
        "message": "「啊呜呜……！\\n就、就算这样，这、这么激烈也太过分了啦……！\\n啊、啊、啊啊！」"
    },
    {
        "message": "紧紧抓住纤细的腰部，不停地用肉棒刺激着阴道。"
    },
    {
        "message": "黄花菜咬紧下唇，\\n腰部抽搐不已。"
    },
    {
        "name": "イエローパンジー",
        "message": "「嗯、嗯、嗯……！　啊、啊……\\n我的小穴渴望着团长的阳具……\\n贴得更紧一点……嗯、嗯！」"
    },
    {
        "name": "イエローパンジー",
        "message": "「不、不行……啊、啊呜！\\n声音要出来了……嗯、嗯啊！」"
    },
    {
        "message": "虽然想要感受快感，但又不想被听到声音，\\n一次又一次地摇头，咬紧下唇。"
    },
    {
        "message": "然而，当专注地刺激阴道上方时，\\n身体像弹簧一样狂躁起来，轻而易举地张开了大口。"
    },
    {
        "name": "イエローパンジー",
        "message": "「嗯、嗯嘶……那、那里、不要……\n啊，啊，肚子好难受……\n声音忍不住了……啊，啊哈啊！」"
    },
    {
        "name": "イエローパンジー",
        "message": "「为什么还要揉胸部啊……别、别再揉了……\n不要扭动乳头啊……啊，啊，啊呜呜！」"
    },
    {
        "message": "直接揉碎了正在发育的谦虚乳房。"
    },
    {
        "message": "紧紧抓住根部，\n用手指滚动着硬而尖的乳头。"
    },
    {
        "name": "イエローパンジー",
        "message": "「不、不要，停不下来了……！\n淫荡的声音、已经停不下来了……啊啊啊！」"
    },
    {
        "message": "大量的爱液渗出到阴道中，\n像打开了闸门一样喘息着。"
    },
    {
        "message": "被那甜美的声音震撼着耳膜，腰部开始热烈地滚动起来，\n逐渐让肉棒麻痹了。"
    },
    {
        "name": "イエローパンジー",
        "message": "「以前……别的女孩子……啊，啊啊！\n看到沉迷于恋爱话题的我……嗯、嗯呜！」"
    },
    {
        "name": "イエローパンジー",
        "message": "「为什么那么沉迷于那个啊……啊，啊哈哈……\n我想到了，现在我明白了……嗯、嗯嗯！」"
    },
    {
        "name": "イエローパンジー",
        "message": "「知道了这种舒服的感觉，我就会陷入狂热！啊，啊……我要陷入狂热了！」"
    },
    {
        "message": "紧紧地抱住颤抖着浮起的腰部，将肉棒扭进阴道的深处。"
    },
    {
        "message": "然后淫肉疯狂地收缩，紧紧地缠绕在竿上。"
    },
    {
        "message": "就像在乞求精液一样扭动着，腰部深处开始融化。"
    },
    {
        "name": "イエローパンジー",
        "message": "「啊，啊，啊……？队长的小弟弟，又变大了……？啊，啊呜！」"
    },
    {
        "name": "イエローパンジー",
        "message": "「好、好奇怪！我、我变得奇怪了！从、从肚子里涌出来的东西好厉害……嗯啊啊啊！」"
    },
    {
        "message": "保持着弓形的姿势，不停地颤动和抽搐。"
    },
    {
        "message": "在忙乱而颤动的褶皱面前，将竿子一直推到根部，就像在说绝对不会放开一样，阴道壁狂热地收缩。"
    },
    {
        "name": "イエローパンジー",
        "message": "「啊，咕……啊，啊……好、好厉害的东西要爆炸了！」"
    },
    {
        "message": "瞬间，龟头和龟颈被粗暴地擦碎，\\n迎来了突然的极限。"
    },
    {
        "name": "イエローパンジー",
        "message": "「啊，啊嗯噫噫噫噫！\\n啊，热热的涌进了我的小穴里！？」"
    },
    {
        "name": "イエローパンジー",
        "message": "「好像要融化了！？ 肚子里，啊嗯，嗯嗯♪\\n好像要融化了呜呜呜呜呜！！」"
    },
    {
        "message": "接收大量的精液在阴道中，幸福地滴下脸颊，\\n抽搐着。"
    },
    {
        "message": "舌头伸得邋遢地扭动着，\\n浮起的腰部一次又一次地颤动着。"
    },
    {
        "message": "射精结束后，像断了线的玩偶一样把背靠在床上。"
    },
    {
        "name": "イエローパンジー",
        "message": "「你、你到底要怎么办啊，团长……\\n这、这样下去就回不去了啊……哈哈哈……」"
    },
    {
        "message": "眼睛含泪地看着，困惑地瞪着我。"
    },
    {
        "name": "イエローパンジー",
        "message": "「知道了，太舒服了……\\n这样的话，再也回不到普通的生活了……」"
    },
    {
        "message": "说着话，用伸出的手夹住脸颊，\\n把脸拉到自己面前。"
    },
    {
        "name": "イエローパンジー",
        "message": "「哈啊、哈啊、哈啊！\\n你、你要负责任的，不然我不会原谅你的！」"
    },
    {
        "name": "イエローパンジー",
        "message": "「你必须一直让我感觉舒服，\\n知道吗！？\\n知道了吗！？」"
    },
    {
        "message": "脸变得通红，但目光没有移开。"
    },
    {
        "message": "没有回答她可爱的请求，\\n反而轻抚着黄三色堇的头。"
    }
]