[
    {
        "name": "ノイバラ",
        "message": "「今天的工作就到这里了\\n团长，辛苦了」"
    },
    {
        "message": "背负着阳光尚未沉没的光芒，\\n诺伊巴拉鼓励着我，但我并不累。\\n毕竟，我并没有做什么了不起的工作。"
    },
    {
        "message": "文件工作只是简单确认，到中午就结束了，\\n之后只是看了一会儿花骑士的训练。\\n根本没有出击，所以也不需要指挥或命令。"
    },
    {
        "message": "这一切都要归功于诺伊巴拉。\\n她在担任女王代行的同时，\\n还在我毫不知情的情况下，\\n提前处理了骑士团的各种事务。"
    },
    {
        "message": "而且所有处理都没有错误，比我作为团长更加熟练和恰当。\\n对于需要报告的事项，\\n她给予明确简洁的解释，甚至不需要我思考就能理解。"
    },
    {
        "name": "ノイバラ",
        "message": "「哎呀呀……你看起来惊讶了呢\\n这么快就结束了，你觉得惊讶吗？\\n还是说，你不明白我为什么要做这样的事情？」"
    },
    {
        "message": "我意识到自己张开嘴巴说出这些话，\\n也意识到自己再次陷入了那种状态。\\n诺伊巴拉总是走在我的前面。"
    },
    {
        "name": "ノイバラ",
        "message": "「对于前者来说，只要有适当的安排就不难\\n至于后者……呵呵♪」"
    },
    {
        "message": "诺伊巴拉露出妖娆的笑容，靠近我的身体。\\n她用纤指轻抚着我的裤子下面的阴茎，\\n并在耳边低语着。"
    },
    {
        "name": "ノイバラ",
        "message": "「为了实现那个夜晚的约定……♪\\n团长大人，现在是时候了吧？\\n我已经为此准备了充足的时间\\n今天，直到满意为止，我都会给你看梦境」"
    },
    {
        "name": "ノイバラ",
        "message": "「呵呵……硬硬的东西，在入口处摩擦着呢……？\\n黏黏的汁液也溢出来，发出淫荡的声音……\\n就这样……好像要一直进去一样呢……♪」"
    },
    {
        "message": "诺伊巴拉反复抚摸着我的乳房、肌肤和下体。\\n紧密贴合的温暖和柔软刺激着我的感官，\\n热情的触碰流向我的脑海和肉棒。"
    },
    {
        "message": "她帮我脱下衣服，用口和手缓缓地爱抚着，\\n然后进一步演变成这种淫乱和媚态的爱抚。\\n毋庸置疑，已经到了极限。"
    },
    {
        "name": "ノイバラ",
        "message": "「那么……是时候插入了吧♪\\n请把一切都交给我，好吗？」"
    },
    {
        "message": "她轻声细语，慢慢地吞咽下去。"
    },
    {
        "name": "ノイバラ",
        "message": "「嗯……看吧，团长大人，请感受一下……♪\\n您那雄伟的阳具……已经进入了我的体内……」"
    },
    {
        "name": "ノイバラ",
        "message": "「噗嗤、噗嗤地……你能感觉到湿润吧？\\n我也很期待呢……」"
    },
    {
        "message": "她温柔地注入了缓慢而甜蜜的插入感，甚至没有确认连接部位。\\n她掌握着阴茎的位置和弯曲角度，\\n每一寸都被她熟练地满足着肉襞的感触。"
    },
    {
        "message": "就在那种感觉中，如同接吻一般被邀请深入阴道。"
    },
    {
        "name": "ノイバラ",
        "message": "「嗯……啊……♪」"
    },
    {
        "message": "与此同时，湿热的甜息沉落到鼻尖。\\n蕴含的热量，向诺伊巴拉传达着她自身的愉悦。"
    },
    {
        "name": "ノイバラ",
        "message": "「团长大人……真是舒服呢……」"
    },
    {
        "message": "我点了点头。除此之外，我想不到其他事情了。"
    },
    {
        "message": "俯视着我的反应，她湿润的眼眸微微眯起。\\n守望着。就是这样的眼神。"
    },
    {
        "name": "ノイバラ",
        "message": "「啊……正如我所想象的那样的表情……呵呵♪\\n真是太开心了……」"
    },
    {
        "name": "ノイバラ",
        "message": "「为了这一天，我一遍又一遍地在脑海中进行模拟训练……\\n怎样才能让你感到愉悦呢……\\n怎样才能让你感到舒服呢……」"
    },
    {
        "message": "两个坚硬的乳头相互摩擦，\\n诺伊巴拉开始抽插和爱抚。"
    },
    {
        "name": "ノイバラ",
        "message": "「嗯……一次又一次地……反复试错……\\n听说过社交界的……贵族淫乱的生活，也加以融入了其中……\\n这就是，那个……嗯，嗯啊……啊呜……」"
    },
    {
        "name": "ノイバラ",
        "message": "「本来是在浴室里进行的……但在封闭的地方，你的身体状况可能会不稳定……\\n今夜，就变成了这样的形式了……」"
    },
    {
        "message": "对于这份心意，我无法回报。"
    },
    {
        "message": "喉咙被快感的呻吟堵塞，溢出来的是女性般的喘息声。\\n诺伊巴拉用她那吞下一切再吐出来的腰部动作，\\n以及利用乳房和肌肤进行大胆淫荡的爱抚，慢慢融化着我的理智。"
    },
    {
        "name": "ノイバラ",
        "message": "「哈啊，啊啊……你的脸已经迷醉了起来……\\n里面的你也变得紧绷起来……\\n啊……你是在享受吧……？」"
    },
    {
        "name": "ノイバラ",
        "message": "「请继续……感受吧……\\n现在的我，既不是女王的代理，也不是花骑士……\\n只是一个单纯想让心爱的人感到愉悦的女人而已……♪」"
    },
    {
        "message": "就在那种感觉中，如同接吻一般被邀请深入阴道。\\n蕴含的热量，向诺伊巴拉传达着她自身的愉悦。\\n全身心都开始强烈地渴望着诺伊巴拉。"
    },
    {
        "name": "ノイバラ",
        "message": "「呵呵……阴茎越来越勃起了起来……\\n龟头也变得鼓胀……\\n脸也迷醉了起来……呼吸也急促了」"
    },
    {
        "name": "ノイバラ",
        "message": "「嗯嗯……我知道的哦♪ 这种情况早有预料……\\n好了……接下来，让我们继续吧」"
    },
    {
        "message": "诺伊巴拉改变了腰的运动。\\n速度、快慢、紧缩都在变化。\\n这些都是对我内心的回应。"
    },
    {
        "name": "ノイバラ",
        "message": "「嗯……嗯，呼啊……啊啊，啊呜……嗯，啊，啊啊♪\\n慢慢地，慢慢地……加快了，对吧……？\\n将精液引导到龟头上……让它像梦一样喷出来……♪」"
    },
    {
        "message": "用柔软的肉体抚摸胸膛，用自己的乳头亲吻，\\n诺伊巴拉滴下爱液并扭动着腰部。\\n眼中闪烁着不变的理智和溢满奉献之色。"
    },
    {
        "name": "ノイバラ",
        "message": "「哈啊，啊呜……嗯嗯……实现你的理想……是我的快乐……\\n那才是我的希望……♪」"
    },
    {
        "name": "ノイバラ",
        "message": "「所以，现在……\\n我会满足你的淫荡理想……\\n哈啊，啊呜……啊啊，不对呢……呵呵，完全不一样……」"
    },
    {
        "message": "阅读着这里的官能感，抽插逐渐变得激烈起来。\\n但诺伊巴拉的笑容依旧不变，\\n只在满溢的喜悦和快乐中微微泛起。"
    },
    {
        "name": "ノイバラ",
        "message": "「哈啊……嗯，啊啊……我想要实现\\n你的理想，实现梦想\\n所以就这样……嗯嗯，哈啊，啊呜，啊，啊啊」"
    },
    {
        "message": "诺伊巴拉稍稍沉入上半身。\\n乳房被压扁，嘴唇贴近耳边。\\n全身因听到的喘息和吐息而兴奋起来，\\n接下来的低语成为最后一击。"
    },
    {
        "name": "ノイバラ",
        "message": "「在子宫里……喝饱了\\n呵呵……怀孕也没关系哦」"
    },
    {
        "message": "于是，所有的理性都被漂白了。\\n之后，只剩下射精和快感，迷人的笑容占据了我的心身。"
    },
    {
        "name": "ノイバラ",
        "message": "「团长大人……已经到极限了吧……？\\n要出来了吧……要射出来了吧……」"
    },
    {
        "name": "ノイバラ",
        "message": "「阴茎在颤抖……嗯，精液要出来了……\\n不要忍住……全部都在我里面……请尽情地……射进来吧♪」"
    },
    {
        "name": "ノイバラ",
        "message": "「嗯，嗯嗯……好舒服啊……♪\\n热热的，喷喷地来了……\\n好多，势头也很猛烈……啊啊，团长大人真是太棒了」"
    },
    {
        "message": "诺伊巴拉也达到了高潮。\\n她注视着我承受着爆发射精的感觉，\\n全身颤抖着，充满幸福的样子。"
    },
    {
        "message": "即使如此，连接处仍然紧密地贴合着接收精液。\\n轻轻地扭动腰部，促使精液流出。\\n真正如梦般的奉献。"
    },
    {
        "name": "ノイバラ",
        "message": "「这个表情……啊，看来你很喜欢呢……\\n但是，结束还为时过早吧……？」"
    },
    {
        "message": "放松的脸颊被诺伊巴拉的纤细手指抚摸着。\\n她紧紧地收缩着阴道，摇动着腰部，\\n教会了我永不衰退的阳具。"
    },
    {
        "name": "ノイバラ",
        "message": "「想要更多地品尝我……阴茎在说着这样的话……\\n你自己呢，怎么样……？」"
    },
    {
        "message": "她的话语仿佛无边无际地延伸着。\\n否定根本不可能。"
    },
    {
        "name": "ノイバラ",
        "message": "「那么……就这样继续下去吧\\n果然如此，\\n明天的工作……其实已经做完了\\n所以……就算睡过头，也没关系哦♪」"
    },
    {
        "message": "这就是无微不至的意思吧。\\n不安和愿望，全部都提前满足了。\\n那么，剩下的只需要接受这份爱了。"
    },
    {
        "name": "ノイバラ",
        "message": "「来吧……梦境还没有结束\\n尽情享受吧……我会让你沉醉其中\\n尽情地……撒娇吧，团长大人♪」"
    },
    {
        "message": "于是，一切都成为现实。\\n甚至感到说出来都觉得害羞，我依赖着她，\\n实现了理想中的一切。"
    }
]