[
    {
        "name": "ツバキ",
        "message": "「在这里……没关系的\\n在这种时候有人在，谁都不会想到\\n所以……可以吗，团长……？」"
    },
    {
        "message": "在宣布了磷光石结果的那个晚上。\\n荣获第三名的花骑士椿，\\n用湿漉漉的声音低语着。"
    },
    {
        "message": "在高高突起的臀部中央，\\n湿润闪亮的红肉孤单地张开嘴巴。\\n将自己的肉插入瞄准的那个地方。"
    },
    {
        "name": "ツバキ",
        "message": "「嗯咕……呜啊啊啊啊……！」"
    },
    {
        "message": "到底从什么时候开始期待了呢。"
    },
    {
        "message": "成为了真正的蜜壶的椿的阴道肉，\\n流下爱液的泪水，吞噬着肉棒。"
    },
    {
        "name": "ツバキ",
        "message": "「哈、哈、喔……！\\n呼、呼呼……这、这次……没问题了，团长……？」"
    },
    {
        "message": "椿以不自然的姿势仰视着完全插入的肉棒。\\n那双眼睛完全染上了官能，\\n听到询问的声音，脑髓都要麻痹了。"
    },
    {
        "name": "ツバキ",
        "message": "「第一次……要迎接到最深处，\\n花了一些时间……」"
    },
    {
        "name": "ツバキ",
        "message": "「这次的确变得柔软了呢……\n呼，呵呵……能够立刻迎接你，真是太好了……」"
    },
    {
        "name": "ツバキ",
        "message": "「你能感受到我里面的感觉吗……？\n已经变得这么热了……\n团长的形状也能清楚地感受到……」"
    },
    {
        "message": "她兴奋和喜悦的情绪使得大腿张开的样子，以及眼前展开的光滑背部都染上了朱红色。"
    },
    {
        "name": "ツバキ",
        "message": "「从结果公布的广场上……带我出来了……\n嗯嗯，非常感谢你……\n多亏了你，我得以洗雪当时的屈辱……」"
    },
    {
        "message": "确实是应柔软喜欢安静的椿的请求，\n把她带出来了。\n但是，没想到会变成这样……"
    },
    {
        "message": "在我传达那件事的瞬间，椿的眉毛微微动了一下。"
    },
    {
        "name": "ツバキ",
        "message": "「……那种事情，无所谓吧」"
    },
    {
        "message": "伴随着持有者低沉的声音，阴道肌肉紧紧地包裹着阴茎。"
    },
    {
        "name": "ツバキ",
        "message": "「现在……嗯，请看着我……\n在你面前……这样张开双腿，湿润的我……\n……请不要移开视线」"
    },
    {
        "message": "嘟噜嘟噜地发出下流的声音，\n椿开始主动吞吐着肉棒。"
    },
    {
        "name": "ツバキ",
        "message": "「好厉害……有声音呢……？\n是团长的小弟弟，被我的小穴吃掉的声音……！」"
    },
    {
        "name": "ツバキ",
        "message": "「而且……看啊……呼呼！\n我的小穴肉，也在啃咬着小弟弟呢……」"
    },
    {
        "message": "肉棒在阴道的肉里摩擦着。\n那热热的肉体的动作，仿佛在迎合着这边的激情。"
    },
    {
        "message": "她保持着痛苦的姿势不变，\n紧绷的臀部在眼前诱人地摇摆着。"
    },
    {
        "name": "ツバキ",
        "message": "「所以说啊……呼呼，嗯嗯！\n团长一定……哈啊……会满足的……」"
    },
    {
        "message": "她的行动似乎是为了隐藏某些东西。\n也就是说，她似乎不打算说出来。"
    },
    {
        "message": "在兴奋和羞耻中，被婚纱包裹的肢体变得通红。\n她是一个渴望被贪婪地吞噬的祭品，就是这样的状态。"
    },
    {
        "name": "ツバキ",
        "message": "「嘿……团长？\n肯定，现在的我很美味吧……？\n你想吃我吗……？」"
    },
    {
        "message": "如果你不想说，那也没关系。\n如果你不想说，我会逼你说出来。"
    },
    {
        "name": "ツバキ",
        "message": "「诶……团长？」"
    },
    {
        "message": "一边告诉她，一边用力捏紧她紧致的臀部，\n开始粗暴地抽插。"
    },
    {
        "name": "ツバキ",
        "message": "「嗯，嗯嗯嗯啊啊啊啊啊啊……！\n团长的小弟弟，来了啊啊啊啊啊♪」"
    },
    {
        "message": "没有手下留情。\n因为给予这里免罪符的是椿。"
    },
    {
        "message": "蹂躏着她的阴道，仿佛要剥夺她的一切，\n用狂暴的肉棒让椿陷入淫乱之中。"
    },
    {
        "name": "ツバキ",
        "message": "「啊、啊、嗯嗯啊啊……！\n我的、我的小穴……被擦得好痒痒！\n咚咚地摇晃着我的身体……！」"
    },
    {
        "name": "ツバキ",
        "message": "「哈啊啊啊……而且、而且好粗！\n每次阴蒂被顶到……\n都越来越舒服呢呜呜呜呜！」"
    },
    {
        "message": "从高贵的椿口中喷发出一连串粗俗的言辞。\n每一句话都让肉棒变得坚硬而炽热。"
    },
    {
        "message": "深入，将肉棒的热度送入更深处。"
    },
    {
        "name": "ツバキ",
        "message": "「腰的声音，好厉害！\n砰砰地激烈地相撞……好舒服！」"
    },
    {
        "message": "紧紧包裹住的阴道仿佛已经与肉棒融为一体。"
    },
    {
        "message": "一拉开腰部，就像吸附着不想放开一样，\n一推进去就柔软地吞噬着。"
    },
    {
        "message": "每次如此浓郁的抽插，\n被拽出来的爱液从微小的间隙中飞溅而出。"
    },
    {
        "name": "ツバキ",
        "message": "「哈、哈、哈……！\n我、我们淫荡的汁液……弄脏了房间……！\n还有衣服……重要的、重要的衣服啊……！」"
    },
    {
        "message": "一眼看到爱液流向，肉棒立刻变得更加蠢动。"
    },
    {
        "message": "紧接着，按照直觉闪现的指引，改变了腰部的动作。"
    },
    {
        "name": "ツバキ",
        "message": "「……诶？为、为什么突然……？\n难、难道……又是什么事吗……？」"
    },
    {
        "message": "椿发出绝望的声音。\n是的，和上次一样。\n这是让椿开口说话的最好方式。"
    },
    {
        "name": "ツバキ",
        "message": "「那、那样……呜呜呜……\n动一下……请动一下！」"
    },
    {
        "message": "被阻止了膨胀的快感，\n焦躁不安的她再次主动起来。"
    },
    {
        "message": "随着她的动作，我也往后退。\n结果，只有秘裂的入口被反复摩擦。"
    },
    {
        "name": "ツバキ",
        "message": "「哈啊……嗯……呜呜呜呜……\n不要这样，不要欺负我……」"
    },
    {
        "message": "椿哀怨地扭动着腰部。\n官能感比上次更加强烈。无法忍耐几秒钟。"
    },
    {
        "message": "然而，我也是一样。\n在这种沉闷的感觉中，我的分身一直流泪。\n如果可能的话，希望能早点结束。"
    },
    {
        "name": "ツバキ",
        "message": "「呜……呜呜呜呜……\n又、又是这种事情……太过分了……」"
    },
    {
        "message": "看到椿发出嘶嘶声寻求动作的瞬间，\n一股想要完全侵占阴道的冲动涌上心头，但我拼命忍住。"
    },
    {
        "message": "我知道婚纱是通往广场的钥匙。\n全身都在忍耐冲动，等待着那一刻。"
    },
    {
        "name": "ツバキ",
        "message": "「呜……咕噜，我、我说……我说了啊！」"
    },
    {
        "message": "而这次，发出声音的还是椿先一步。"
    },
    {
        "name": "ツバキ",
        "message": "「我、我想要穿着这身打扮，和团长在一起……！\n穿着婚纱，想要被团长抱住……」"
    },
    {
        "name": "ツバキ",
        "message": "「从结果公布开始，就一直在想象着……\n虽然有自制力……但身体却越来越湿润……\n所、所以啊……！」"
    },
    {
        "message": "她可爱的心意断断续续地流露出来。\n看到她试图传达这份心意，我的心痛得厉害。"
    },
    {
        "message": "为了回应椿的心情，\n我紧紧地拥抱着她。"
    },
    {
        "name": "ツバキ",
        "message": "「啊，团长……」"
    },
    {
        "message": "这套衣服非常适合花骑士椿。\n我在她耳边低语，为让她哭泣而道歉。"
    },
    {
        "name": "ツバキ",
        "message": "「嗯，好开心……我……对时尚之类的事情没什么兴趣……所以不确定这身打扮是否适合我……」"
    },
    {
        "name": "ツバキ",
        "message": "「团长能这么说，我……」"
    },
    {
        "message": "椿欣喜若狂地颤抖着。\n为了传达给她超越言语的东西，我毫不犹豫地插入了肉棒。"
    },
    {
        "name": "ツバキ",
        "message": "「嗯嗯嗯！阿、阿茎……！\n终于……等了好久……！」"
    },
    {
        "message": "朱红色的肢体在比之前更强烈的冲击下剧烈摇晃。\n腋下原本触及不到的乳房，前后剧烈地晃动着。"
    },
    {
        "name": "ツバキ",
        "message": "「哈，嗯嗯嗯！\n你、你也会玩弄我的胸部吗……！？\n啊啊，嗯，呜呜呜呜！」"
    },
    {
        "message": "对着眼前来回揉搓着的乳房，我咬紧了下唇。"
    },
    {
        "name": "ツバキ",
        "message": "「今、今天不会很痛的……！\n嗯嗯啊啊！更粗暴一点！\n哈呜呜呜呜！」"
    },
    {
        "name": "ツバキ",
        "message": "「嗯嗯，我的胸部……\n被变得淫荡起来了……！\n乳头每次被玩弄都会刺痛得发麻！」"
    },
    {
        "message": "椿在痛苦的姿势中发出快感的喘息声。\n那声音和彼此的热情，交织在一起的性器，\n宣告着彼此的极限。"
    },
    {
        "name": "ツバキ",
        "message": "「团长，啊啊，团，长！\n深、深一点……拜托了！」"
    },
    {
        "name": "ツバキ",
        "message": "「那里，啊……想要全部接受！\n团长宝宝的汁液……！」"
    },
    {
        "message": "感受到持有者的喘息声，龟头感受到子宫的颤动。\n像是求食的雏鸟一样\n张开嘴巴等待着，将肉棒推入深处。"
    },
    {
        "name": "ツバキ",
        "message": "「呀啊啊啊！进、进来了……！」"
    },
    {
        "message": "龟头被子宫口吞噬，被吸入的感觉。\n那强烈的刺激下，门户迅速崩溃。"
    },
    {
        "name": "ツバキ",
        "message": "「咕、咕噜……！\n一边按住……一边倒进来——」"
    },
    {
        "name": "ツバキ",
        "message": "「——嗯嘻嘻嘻嘻～♪」"
    },
    {
        "message": "按照期望，用全部体重压住，\n将一切都注入子宫中。"
    },
    {
        "name": "ツバキ",
        "message": "「啊，啊啊啊……\n射精了……精液……\n全部，都在我里面～……」"
    },
    {
        "name": "ツバキ",
        "message": "「从上面，精液流进来了……\n噗噗地，积聚在宝宝的房间里……」"
    },
    {
        "message": "朦胧的视线注视着被肉棒封住的连接处。\n嘴角浮现出满足的笑容。"
    },
    {
        "name": "ツバキ",
        "message": "「终于……进来了～……\n这是，属于我的……团长的……\n我最想要的，和团长的……」"
    }
]