[
    {
        "name": "イヌタデ",
        "message": "「汪～汪～……好暗啊，主人～\\n你还在那里吧？\\n我好害怕呢～♪」"
    },
    {
        "message": "虽然被蒙上了眼睛，看不到眼睛，但脸颊却泛起了红晕。\\n恐怕她正眯起眼睛露出高兴的表情吧。"
    },
    {
        "message": "看到她这样的样子，我叹了口气。\\n虽然是我们制造了这个机会，但她沉迷其中的样子还是让人担心。"
    },
    {
        "message": "因此今晚，为了让她自己反省一下，我想出了一个计策。"
    },
    {
        "name": "イヌタデ",
        "message": "「嘿……那个孩子来了吗？」"
    },
    {
        "message": "在告诉她已经叫上妹妹之后，狗耳女孩的发情消失了。\\n虽然是谎言，但对于被蒙住视线的她来说无从核实。"
    },
    {
        "name": "イヌタデ",
        "message": "「啊、啊啊……被看到了吗？这、这种事……」"
    },
    {
        "message": "要把淫荡的姐姐的身姿烙印在妹妹清澈的眼瞳里吗？\\n即使看到了被欺负、湿润的腿，流着口水和爱液的样子，也无所谓吗？\\n每次问她，狗耳女孩的小身体都会颤抖。\\n然后……。"
    },
    {
        "name": "イヌタデ",
        "message": "「如果这样……我就、我就……♪\\n太过分了，主人～♪」"
    },
    {
        "message": "计划失败了。"
    },
    {
        "name": "イヌタデ",
        "message": "「呼……嗯啊……被那孩子看着……\\n阴茎，要插进去了哦♪」"
    },
    {
        "message": "已经成为了毒盘。\\n一边紧握着小屁股，一边将勃起的阴茎塞进去，吐出责难的话语。"
    },
    {
        "message": "看着，看着，看着。\\n妹妹被白色、蓬松的毛发包裹着，\\n凝视着吞下肉棒而陶醉的姐姐。\\n听到了淫荡的声音。"
    },
    {
        "name": "イヌタデ",
        "message": "「不可以说那种话哦，主人～\\n因为我……无法逃脱呢？」"
    },
    {
        "name": "イヌタデ",
        "message": "「主人把我按在墙上……\\n还戴上眼罩……什么都做不了……\\n嗯、啊……为什么要在中途停下来呢？」"
    },
    {
        "message": "在浅浅的阴道里停止抽插。\\n同时用手抚摸屁股，玩弄已经变硬的乳头。"
    },
    {
        "name": "イヌタデ",
        "message": "「呼、嗯啊……不要、不要摸弄啦\\n在那孩子面前……屁股和胸部被虐待的话……\\n什么都看不见，比平时……我、我呜呜呜」"
    },
    {
        "message": "问着会怎样，扭动乳头给予安慰。"
    },
    {
        "name": "イヌタデ",
        "message": "「啊啊……嗯嗯……！\\n好舒服，要、要出来了……！」"
    },
    {
        "name": "イヌタデ",
        "message": "「肚子里面好难受，汁液都流出来了！\\n明明有那个孩子在，却忍不住了……啊呜呜呜！」"
    },
    {
        "message": "于是，我对不在场的她的妹妹说话了。"
    },
    {
        "name": "イヌタデ",
        "message": "「啊、啊啊……不要看、不要看！\\n不要看姐姐的淫汁！\\n拜托你了，主人大人！」"
    },
    {
        "message": "半勃起的阴茎小幅度晃动，擦拭着爱液。\\n同时发出淫荡的声音，我继续命令着想象中的妹妹。"
    },
    {
        "message": "看吧，看吧，这就是你的姐姐。\\n在妹妹面前感受快感，半勃起的阴茎感到沮丧。\\n同时滴落着淫荡的声音和体液。"
    },
    {
        "name": "イヌタデ",
        "message": "「啊呜呜……好过分啊！\\n明明那孩子什么都不知道……\\n居然要利用我的身体，来进行性教育……！」"
    },
    {
        "message": "我用了一些不太容易的词汇。\\n差点就回到了本来的状态。"
    },
    {
        "message": "而且，妹妹没有性知识这件事，说实话怎么看都有问题。\\n那个孩子比犬田手还要成熟。\\n恐怕作为一只狗，她也到了该谈恋爱的年龄了吧。或许在姐姐不知道的时候，已经交了一个或两个男朋友也不奇怪。"
    },
    {
        "name": "イヌタデ",
        "message": "「啊啊……主人，为什么不说话呢？\\n那个孩子……还在看吗？\\n看到姐姐害羞的地方了吗？」"
    },
    {
        "message": "看到她不安的样子，我的虐待欲望又回来了。\\n总之，这是教育，当然是理所当然的回答。"
    },
    {
        "name": "イヌタデ",
        "message": "「教、教育♪」"
    },
    {
        "message": "她的肉感较少的臀部颤抖着，蜜壶更加紧致。\\n看来已经成为了某种关键词。"
    },
    {
        "message": "于是我更加半途不废地进行抽插。\\n不是在阴道内，而是细致地刻画入口并下达命令。"
    },
    {
        "name": "イヌタデ",
        "message": "「嗯嗯，解释给我听……难道是要让那孩子教我被欺负的方法吗？」"
    },
    {
        "name": "イヌタデ",
        "message": "「如果那样做了，之后会被嘲笑的哦\\n会被妈妈……告状的哦\\n嗯呜，嗯呜……如果那样做了，我，我！」"
    },
    {
        "message": "如果不行也没关系。\\n告诉那个不在的妹妹，姐姐没用，\\n将阴茎抽出到龟头勉强脱离。"
    },
    {
        "name": "イヌタデ",
        "message": "「不要……不要告诉那孩子那种事情！」"
    },
    {
        "name": "イヌタデ",
        "message": "「但是，不能完全进入里面，也很痛苦呢……嗯\\n被调教得感觉很舒服……\\n想要被摩擦到最深处，可是很痒呢……」"
    },
    {
        "message": "于是我用力握住了她的屁股和乳房。"
    },
    {
        "name": "イヌタデ",
        "message": "「唔唔……嗯，选吧……选什么呢？」"
    },
    {
        "message": "是作为姐姐的尊严，还是作为淫荡的母狗的快感呢。\\n在妹妹面前做出选择吧，\\n用龟头刺进她渴望的阴道口。"
    },
    {
        "name": "イヌタデ",
        "message": "「哈啊，啊啊……调教，被主人调教着♪\\n这样的事情……就算在那孩子面前，也忍不住……嗯，嗯呜……嗯呜呜」"
    },
    {
        "message": "手紧紧贴在墙上，屁股像是在示意一样颤抖着。\\n这是母狗寻求快感的动作。"
    },
    {
        "name": "イヌタデ",
        "message": "「对不起，做了不好的姐姐……♪」"
    },
    {
        "message": "比插入之前更加沉溺其中，那是欢喜的声音。"
    },
    {
        "name": "イヌタデ",
        "message": "「看啊，看啊♪ 姐姐被调教着呢……♪\\n被主人亲吻着小穴的入口，\\n还被妹妹说了坏话……♪」"
    },
    {
        "name": "イヌタデ",
        "message": "「可是……我感觉好舒服哦？\\n下面已经湿湿的……好想要阴茎啊♪\\n明明知道有妹妹在，却无法忍耐♪」"
    },
    {
        "name": "イヌタデ",
        "message": "「对不起，对不起……♪\\n但是姐姐是主人的母狗……\\n哈啊，哈啊……没办法的呢♪」"
    },
    {
        "message": "看着犬田手坚定的样子，欲望从下腹迅速膨胀到全身。\\n满意地拍打着她的屁股，粗暴地进入了她想要的地方。"
    },
    {
        "name": "イヌタデ",
        "message": "「呼啊啊啊……！太开心了，来了，来了！\\n主人的阴茎，深深地进入了肚子里♪」"
    },
    {
        "name": "イヌタデ",
        "message": "「顶得好深！正中我想要的地方！\\n姐姐，好舒服啊！\\n充满爱意的调教，好舒服啊！」"
    },
    {
        "message": "尖叫声充斥着房间。\\n缠绕在我的身体上，\\n下腹部变得更重，粗暴地抽插着。"
    },
    {
        "message": "紧紧包裹着的小蜜穴，很快展示出前兆，\\n如同对妹妹的宣言一样，期待着精液的注入。"
    },
    {
        "name": "イヌタデ",
        "message": "「被耐心地折磨着，感觉好舒服……\\n我快要来了！\\n在那个孩子面前射出来！被调教得射出来了！」"
    },
    {
        "name": "イヌタデ",
        "message": "「好好地看着……\\n看姐姐能够让主人射精的地方！\\n看姐姐的母狗子宫被爱意的精子注入的地方！」"
    },
    {
        "name": "イヌタデ",
        "message": "「妹妹看着，姐姐变得不行了哦哦！\\n呼啊啊，太好了啊啊啊啊啊啊啊啊～～！」"
    },
    {
        "name": "イヌタデ",
        "message": "「嗯嗯唔，《用力抵在里面……被直接注进来了噢……♪」♪」"
    },
    {
        "message": "用顶着墙的力向后突出腰部。\\n用龙头撬开子宫的口，一股大量的精液填满了子宫。"
    },
    {
        "name": "イヌタデ",
        "message": "「呼呼……肚子里好像鼓胀起来了♪\\n主人的精子……好热，好热噢♪」"
    },
    {
        "name": "イヌタデ",
        "message": "「啊啊……成为主人精子的容器，姐姐好喜欢呢♪\\n受到调教之后……感觉好幸福哦？\\n下次也一起这样做吧……嘿嘿～♪」"
    },
    {
        "message": "哎呀，那可行不通呢。从物理上来说的话。\\n吐完之后，意识和身体都迅速冷却了下来。"
    },
    {
        "message": "结果，无法缓解犬田手的性癖。\\n既然如此，也没有必要一直撒谎了。"
    },
    {
        "name": "イヌタデ",
        "message": "「那个孩子，不在吗？」"
    },
    {
        "message": "在抚摸着刚经历高潮的身体时，揭开了他的真实目的。\\n回过来的声音，尽管因疲劳而有些紊乱，但意外地冷静。"
    },
    {
        "name": "イヌタデ",
        "message": "「呵呵……我知道的哦？\\n因为那孩子身上没有任何气味\\n是不是忘记了我的嗅觉有多好了，主人♪」"
    },
    {
        "message": "被她的机敏表情看穿后，我就突然问她为什么没有指出来呢，\\n不是母狗而是女人的狡猾在她的脸上浮现。"
    },
    {
        "name": "イヌタデ",
        "message": "「因为光是想象就让我非常兴奋♪\\n所以，请不要说她不在，\\n我觉得假装她在身边受到调教更舒服♪」"
    },
    {
        "message": "回想起来，犬田手只说过那个孩子，没有说过这个孩子。\\n也就是说，这是我对姐妹之间羁绊的轻视。"
    },
    {
        "name": "イヌタデ",
        "message": "「果然，今天的调教非常舒服喵♪\\n以后也要再来一次好吗？主人♪」"
    }
]