[
    {
        "name": "ブラックバッカラ",
        "message": "「这是什么鸡巴？哈哈，好硬啊……♪你这么想要我吗……？」"
    },
    {
        "message": "身体被按在床上，衣服被掀起，露出了阴茎。"
    },
    {
        "message": "她红着脸妖艳地笑着，那张脸真是诱人，让人背脊发凉。"
    },
    {
        "name": "ブラックバッカラ",
        "message": "「呵呵，你的鸡巴，在我的手中噗通噗通地跳动着？快点给我用吧～♪」"
    },
    {
        "name": "ブラックバッカラ",
        "message": "「没办法，我会让你舒服的……但是，做好觉悟吧？」"
    },
    {
        "message": "柔滑的手掌滑过阴茎，轻轻包裹住龟头。"
    },
    {
        "message": "然后从上方盖上一层，五根手指灵活地动了起来。"
    },
    {
        "name": "ブラックバッカラ",
        "message": "「现在我会给你一种你从未经历过的快感……一旦尝试过，你就完蛋了」"
    },
    {
        "name": "ブラックバッカラ",
        "message": "「你再也离不开我了……呵呵，没有我你就无法生存了……♪」"
    },
    {
        "message": "妖艳地眯起眼睛，诱人地舔了舔嘴唇。"
    },
    {
        "name": "ブラックバッカラ",
        "message": "「好痛苦啊……？\\n就算你自己安慰，如果不让我给你舒服，你是无法达到高潮的……\\n嘿，光是想象就很棒吧？」"
    },
    {
        "message": "她把脸埋在颈部，用舌头舔了舔下颚。"
    },
    {
        "message": "然后暂时松开手从龟头上移开，\\n用握紧的拳头顶住阴茎的顶端。"
    },
    {
        "name": "ブラックバッカラ",
        "message": "「即使你变成这样，我也不会照顾你的哦……\\n这是对自作欲情的你的惩罚。\\n只有这一次我才会让你感到快感哦？」"
    },
    {
        "name": "ブラックバッカラ",
        "message": "「为了一时的快乐而堕入地狱……\\n真是最卑微的样子♪」"
    },
    {
        "message": "拳头向下按压，\\n阴茎慢慢地沉入手掌中形成的空洞。"
    },
    {
        "message": "既不用太用力，也不能太轻，\\n令人痒痒的快感穿过整个阴茎。"
    },
    {
        "name": "ブラックバッカラ",
        "message": "「哈哈♪你在抬起屁股干嘛？\\n就算你这样我也不会好好对待你的……？」"
    },
    {
        "message": "用舌尖轻轻舔舐乳头，然后再将松开的拳头轻压在阴茎顶端。"
    },
    {
        "name": "ブラックバッカラ",
        "message": "「看吧…舔舔…舔舔…令人焦躁的刺激让阴茎变得充血起来…越来越无法思考了…♪」"
    },
    {
        "name": "ブラックバッカラ",
        "message": "「嘿嘿，你注意到了吗？你一直在看着我…只能想着我了吧…？呵呵♪」"
    },
    {
        "message": "仿佛逐渐改变自己的身体，感受到一种背离道德的快感，阴茎开始痉挛。"
    },
    {
        "name": "ブラックバッカラ",
        "message": "「呵呵，阴茎开始哭泣了吗？」"
    },
    {
        "message": "像猫咪撒娇一样蹭脸颊到下巴，紧握住阴茎。"
    },
    {
        "message": "然后只用拇指沾满淫液抚摸龟头，轻轻地抚摸多次。"
    },
    {
        "message": "从战斗时的大胆动作转变为细腻的手法，阴茎几乎要射精了。"
    },
    {
        "name": "ブラックバッカラ",
        "message": "「啊，嗯？什么，怎么了？」"
    },
    {
        "message": "明明被这样玩弄着，黑色巴卡拉却让人爱不释手。"
    },
    {
        "message": "受到这样的感情驱使，不知不觉中我抚摸着她光滑的黑发。"
    },
    {
        "name": "ブラックバッカラ",
        "message": "「喂，喂，别……别对我温柔……！」"
    },
    {
        "message": "我抱住她挣扎着想挣脱的头部。"
    },
    {
        "message": "然后，像撒娇一样蹭在她白皙的脸颊上，突然她的小肩膀抽搐了一下。"
    },
    {
        "name": "ブラックバッカラ",
        "message": "「嗯，嗯！……啊，哈啊，哈啊……这、这家伙……」"
    },
    {
        "message": "垂下眼角，幸福地微笑着。"
    },
    {
        "name": "ブラックバッカラ",
        "message": "「被这样撒娇，我的心都要融化了♪呼，呼……」"
    },
    {
        "name": "ブラックバッカラ",
        "message": "「没办法，就算不惩罚你，也要让你舒服一下……嗯咻咻♪」"
    },
    {
        "message": "眼睛微微眯起，用妖娆的舌尖伸出，轻轻捏弄着挺立的乳头。"
    },
    {
        "name": "ブラックバッカラ",
        "message": "「就在这一刻，只有现在，你是我的东西……」"
    },
    {
        "message": "瞬间，将乳头含入口中，脸颊紧绷着吸吮。"
    },
    {
        "name": "ブラックバッカラ",
        "message": "「啧嘟噜噜噜噜噜呜呜呜呜呜呜呜呜！」"
    },
    {
        "message": "一阵刺激穿过胸部，不由自主地令背部挺起。"
    },
    {
        "name": "ブラックバッカラ",
        "message": "「你是我的东西，这意味着可以随意对待你的身体♪亲亲、舔舔、舔来舔去」"
    },
    {
        "name": "ブラックバッカラ",
        "message": "「所以我要让其中一个乳头变得不对称地更大♪亲亲、吮吮、啧嘟噜呜呜！」"
    },
    {
        "name": "ブラックバッカラ",
        "message": "「我要按照我的意愿重新塑造你的身体！哈哈，太棒了♪亲亲、亲亲、舔舔舔舔……！」"
    },
    {
        "message": "一边多次吸吮乳头，一边猛烈地抚摸着阴茎。"
    },
    {
        "message": "细腻的动作瞬间变得凶猛，肉棒立刻开始刺痛起来。"
    },
    {
        "name": "ブラックバッカラ",
        "message": "「嗯，啾啾……就这样涂满手掌的淫液……嗯，嗯……啾啾啾！」"
    },
    {
        "name": "ブラックバッカラ",
        "message": "「哈啊，哈啊，怎么样？黏腻感增加了，感觉好极了♪」"
    },
    {
        "name": "ブラックバッカラ",
        "message": "「啾啪，吮吸着，呵呵……阴茎颤抖着、欢喜地颤动着！」"
    },
    {
        "message": "被拖延着，积蓄的快感一下子膨胀起来。"
    },
    {
        "message": "背部弓起来，随时都可能喷射出精液。"
    },
    {
        "name": "ブラックバッカラ",
        "message": "「嗯？吮吸着、吮吸着、快要射了吗？哈哈哈，吮吸着、舔舔、啾啾、舔舔！」"
    },
    {
        "name": "ブラックバッカラ",
        "message": "「不错吧？可怜兮兮地射出来吧♪啾啾，舔舔……但是，射精的时机由我来决定……！」"
    },
    {
        "name": "ブラックバッカラ",
        "message": "「现在，你是我的东西！吮吸着、吮吸着、吮吸着！所以，你没有任何自由可言！」"
    },
    {
        "message": "这样说着，用拇指按压龟头，让指甲深深刺入。"
    },
    {
        "name": "ブラックバッカラ",
        "message": "「喔，现在就是时机！哈哈哈！\\n在我的阴茎上留下我的痕迹，一起射精吧！」"
    },
    {
        "message": "被指甲猛烈地折磨着龟头，强烈的刺激刺激着欲望，\\n已经无法再忍耐下去了。"
    },
    {
        "name": "ブラックバッカラ",
        "message": "「哈哈哈！射精了♪射精了♪♪\\n还留着我的爪痕，可怜兮兮地射精了♪\\n嗯嘟嘟嘟嘟嘟～♪」"
    },
    {
        "message": "即使射精了，也不停止对阴茎的抚摸。"
    },
    {
        "message": "一边用力吸吮乳头，一边试图榨干所有的精液。"
    },
    {
        "message": "被这种进一步增强快感的行为激烈地撩拨着胸口，\\n当我意识到时，已经紧紧抱住了黑色巴卡拉。"
    },
    {
        "name": "ブラックバッカラ",
        "message": "「嘿嘿♪射精了还被摆布，感觉要疯掉了吧？\\n没关系，再撒娇一点♪」"
    },
    {
        "message": "一边埋着脸在光滑的颈部，一边不停地颤抖着。"
    },
    {
        "message": "布拉克巴卡拉大口喘着热气，身体颤抖着。"
    },
    {
        "name": "ブラックバッカラ",
        "message": "「啊……哈啊啊……♪ 真是可爱的反应呢……本来想这次就结束的，看来不行啊」"
    },
    {
        "name": "ブラックバッカラ",
        "message": "「让你一直成为我的东西，子宫咚咚地跳个不停……♪」"
    },
    {
        "message": "用无奈地摩擦着大腿，轻抚着射精结束的阴茎顶端。"
    },
    {
        "name": "ブラックバッカラ",
        "message": "「呵呵，做好心理准备吧？从现在开始，我会花很长时间，让你只能被我来满足……」"
    },
    {
        "message": "带着兴奋的表情傻笑着，用甜蜜而热烈的气息吹向耳边。"
    },
    {
        "message": "受到这样的刺激，再次紧紧抱住布拉克巴卡拉。"
    }
]