[
    {
        "name": "チェリーセージ",
        "message": "「啊啊！？ 团长，你在做什么……？」"
    },
    {
        "message": "当我在樱花齿的膝窝后面用力支撑一下，她娇小的身体轻而易举地被抬了起来。"
    },
    {
        "name": "チェリーセージ",
        "message": "「啊啊啊啊啊！！！！」"
    },
    {
        "message": "樱花齿为了保持被抬起的身体平衡，双手撑在桌子上。"
    },
    {
        "message": "我能感觉到她小小的手掌在颤抖着，紧紧地握着。"
    },
    {
        "name": "チェリーセージ",
        "message": "「团长的阴茎……好厉害，进得好深……哈啊啊！！！」"
    },
    {
        "name": "チェリーセージ",
        "message": "「这个姿势……嗯嗯，好厉害……太紧了……嗯嗯，插得好深……！」"
    },
    {
        "message": "贴在樱花齿的臀肉上，团长的腰部与她紧密贴合，炽热的阴茎刺入了少女娇小的花蕊。"
    },
    {
        "name": "チェリーセージ",
        "message": "「嗯嗯，我的身体……啊啊，被团长轻易地拉近了……呜呜」"
    },
    {
        "message": "站在无法站稳的地面上，樱花齿的身体颤抖着。"
    },
    {
        "message": "这并不是因为恐惧，而是因为从她女性部位传来的快感。"
    },
    {
        "name": "チェリーセージ",
        "message": "「团长，可以了吗？请尽情地享受我的身体，让我感到快乐吧。」"
    },
    {
        "message": "樱花齿说着媚态十足的台词，眼眶湿润。"
    },
    {
        "name": "チェリーセージ",
        "message": "「啊，因为我想更依赖团长，所以，请团长随心所欲地……」"
    },
    {
        "name": "チェリーセージ",
        "message": "「那个……请使用吧」"
    },
    {
        "message": "能够任意支配美丽少女的身体，满足了满足感和征服欲望。"
    },
    {
        "message": "我用力地把手放在她的膝窝后面，将阴茎在少女的中心磨擦着。"
    },
    {
        "name": "チェリーセージ",
        "message": "「啊……啊啊！阴茎……在我里面搅动着！好厉害……好舒服！啊啊啊！」"
    },
    {
        "name": "チェリーセージ",
        "message": "「团长的阴茎，嗯啊……好大……好硬……嗯，真棒……！」"
    },
    {
        "message": "少女一边呻吟着一边说道。"
    },
    {
        "message": "手掌放在桌子上颤抖着，臀肉因快感而战栗。"
    },
    {
        "name": "チェリーセージ",
        "message": "「啊，嗯，好舒服……嗯嗯，被团长宠爱着……啊，好开心！」"
    },
    {
        "name": "チェリーセージ",
        "message": "「被宠爱得满满的……啊啊，好开心！」"
    },
    {
        "message": "她的喜悦之情表露无遗，欢乐的泪水从连接处滴落下来。"
    },
    {
        "message": "看着地毯上淫秽的污渍，樱花齿感到羞耻，脸颊发烫。"
    },
    {
        "name": "チェリーセージ",
        "message": "「嗯嗯……呼啊，团长的房间，弄脏了……嗯啊，对、对不起……啊啊」"
    },
    {
        "name": "チェリーセージ",
        "message": "「但、但是，停不下来……！淫荡的失禁，停不下来！」"
    },
    {
        "message": "每当从少女的阴道中抽出过大的阴茎时，清澈的汁液就会喷涌而出。"
    },
    {
        "message": "每一次，阴道都会收缩，紧紧地夹住阴茎。"
    },
    {
        "name": "チェリーセージ",
        "message": "「嗯……团长，感觉舒服吗？」"
    },
    {
        "message": "似乎察觉到了阴茎的颤动，樱花齿问道。"
    },
    {
        "message": "尽管少女的身体很小，但她的阴道却能带来巨大的快感。"
    },
    {
        "name": "チェリーセージ",
        "message": "「嗯、好开心……啊啊，更多、更多地使用它吧……！」"
    },
    {
        "name": "チェリーセージ",
        "message": "「我的、嗯嗯，小穴，希望团长多多使用它！」"
    },
    {
        "message": "在被赋予雌性的快感之后，淫荡的言辞从她的喉咙中传出。"
    },
    {
        "name": "チェリーセージ",
        "message": "「嗯嗯啊啊，呼啊啊，希望你多多宠爱我的小穴！」"
    },
    {
        "message": "听到直率的少女话语，阴茎膨胀加剧。"
    },
    {
        "message": "硬挺的龟头在少女的阴道肉壁上磨擦。"
    },
    {
        "name": "チェリーセージ",
        "message": "「呜啊啊……啊呜……啊啊啊！」"
    },
    {
        "message": "阴茎顶端敲击子宫口，少女小小的阴道轻易地被充满。"
    },
    {
        "message": "瞬间，樱桃骑士的大腿用力收紧。"
    },
    {
        "name": "チェリーセージ",
        "message": "「啊、啊呜……啊呜……！」"
    },
    {
        "message": "脚趾紧紧握住，下半身肌肉不断地松弛和紧绷。"
    },
    {
        "name": "チェリーセージ",
        "message": "「呜啊、团长大人……啊、我、我要出来了……！」"
    },
    {
        "name": "チェリーセージ",
        "message": "「呜啊啊……！好厉害、好、好舒服啊！」"
    },
    {
        "message": "沉浸在快感波涛中的少女的淫穴，紧紧收缩，握住阴茎。"
    },
    {
        "name": "チェリーセージ",
        "message": "「啊啊……好舒服……头、都空白了……」"
    },
    {
        "message": "樱桃骑士口水滴落，迎接高潮。"
    },
    {
        "message": "即使确认这一点，腰部的动作也不会停止。"
    },
    {
        "name": "チェリーセージ",
        "message": "「嗯嗯……啊啊！？团、团长大人、现在、现在别让阴茎乱动啊……！」"
    },
    {
        "message": "反复抽送阴茎，贪婪地享受着收缩的阴道内感觉。"
    },
    {
        "name": "チェリーセージ",
        "message": "「啊啊……好厉害、好舒服啊……阴茎、好像在乱动一样……啊啊！」"
    },
    {
        "message": "腰部撞击小屁股时，干燥的声音在房间里回响。"
    },
    {
        "message": "发出喘息声的少女，被无法抑制的快感淹没。"
    },
    {
        "name": "チェリーセージ",
        "message": "「嗯嗯嗯……在漏、漏啊、停不下来了！壳、壳长的鸡巴太舒服勾起阴道了！」"
    },
    {
        "message": "滴答滴答的汁液声变成身下在喊叫中涌出的巨大污点。"
    },
    {
        "name": "チェリーセージ",
        "message": "「团长每次在子宫亲吻时，喷、喷喷地就已经流出来了！」」"
    },
    {
        "name": "チェリーセージ",
        "message": "「对不起、啊啊啊……团长，很抱歉……啊啊！」"
    },
    {
        "name": "チェリーセージ",
        "message": "「可是，因为喜欢……！所以就让自己变得淫荡了起来啊……啊啊啊！」"
    },
    {
        "message": "听到樱桃骑士直言不讳的告白，引发了更强烈的兴奋。"
    },
    {
        "message": "感受到即将到来的高潮，没让其白白浪费，阴茎加速刺击着。"
    },
    {
        "name": "チェリーセージ",
        "message": "「哎唷唷！？又、又、又来了！我、我又快要高潮了啊！」"
    },
    {
        "name": "チェリーセージ",
        "message": "「这、这次、要一起……要和团长一起来……！想和团长一起变得更舒服啊！」"
    },
    {
        "message": "为了回应少女的期待，她咬紧牙关等待着那一刻的到来。"
    },
    {
        "name": "チェリーセージ",
        "message": "「啊啊啊！团长，我喜欢你……！团长，啊啊啊！」"
    },
    {
        "message": "樱桃骑士喊出名字的瞬间，阴道的收缩比之前更加强烈。"
    },
    {
        "name": "チェリーセージ",
        "message": "「要来了！我要高潮了！！！！！」"
    },
    {
        "name": "チェリーセージ",
        "message": "「嗯嗯嗯，呼啊啊啊啊啊！！！！！」"
    },
    {
        "message": "伴随着尖锐的喘息声，樱桃骑士再次迎来了高潮。"
    },
    {
        "message": "与此同时，阳具尖端迸发出浆液。"
    },
    {
        "name": "チェリーセージ",
        "message": "「啊啊啊，好热，好多……！在我的小穴里，充满了精液……！」"
    },
    {
        "name": "チェリーセージ",
        "message": "「嗯嗯，啊啊啊……！肚子，噗通噗通地……」"
    },
    {
        "message": "将龟头紧贴在最深处，滴滴答答地将精液注入子宫。"
    },
    {
        "message": "从腰部深处传来的快感扩散到全身，视野中闪烁着红色和黄色。"
    },
    {
        "name": "チェリーセージ",
        "message": "「啊啊啊，呼啊啊……」"
    },
    {
        "message": "少女放松下来，发出甜蜜的呼吸声，被团长扶着悬浮在空中的腿开始抽搐。"
    },
    {
        "message": "在剧烈的动作中，团长温柔地从后面拥抱着少女的纤细身体。"
    },
    {
        "name": "チェリーセージ",
        "message": "「团长，先生……我，我很开心吗？」"
    },
    {
        "message": "樱桃骑士微笑着融入了迷离的表情，询问道。"
    },
    {
        "message": "通过紧紧拥抱回答她的问题，少女害羞地耸耸肩膀。"
    }
]