[
    {
        "name": "レオノチス",
        "message": "「队长……你对我感到失望了吧？」"
    },
    {
        "message": "情况不明，感到困惑。\\n难道发生了什么让雷奥诺斯感到失望的事情吗？"
    },
    {
        "message": "思考了一下，却没有想起来，于是问了个原因。"
    },
    {
        "name": "レオノチス",
        "message": "「上次的晚上，我变得很奇怪……\\n队长，你一定很失望吧？」"
    },
    {
        "message": "看起来是因为我第一次感到舒服而感到失望，\\n他陷入了沮丧之中。"
    },
    {
        "message": "即使否定了这样的想法，\\n雷奥诺斯还是越来越消极。"
    },
    {
        "name": "レオノチス",
        "message": "「你觉得我是个淫乱的母猫吧！？」"
    },
    {
        "message": "终于说出了这样的话。"
    },
    {
        "message": "无论用言语如何安慰，他似乎不会相信。\\n为了解开这样消极的误解，我轻轻地拥抱着沮丧的雷奥诺斯。"
    },
    {
        "name": "レオノチス",
        "message": "「嗯啊……被你抱住了……队长的热量，直接传到了我身上……\\n又会被认为是色情，会被讨厌的啦……」"
    },
    {
        "message": "将勃起的阴茎紧贴着秘裂，如果讨厌的话就不会这样了。"
    },
    {
        "name": "レオノチス",
        "message": "「嗯嗯，好硬啊……\\n不喜欢的人……队长不会变成这样吗？」"
    },
    {
        "message": "点头肯定。然后将阴茎对准阴道口，\\n慢慢地将硬而肥大的阴茎插入雷奥诺斯的阴道内。"
    },
    {
        "name": "レオノチス",
        "message": "「啊呜……团长的硬邦邦的东西……\\n在我的里面扩张着进来了……」"
    },
    {
        "name": "レオノチス",
        "message": "「肚子……被紧紧地夹住了\\n形状都能感觉到了……呜啊啊！」"
    },
    {
        "message": "用龟头扩张着紧密的阴道肉，\\n强烈地向上推进雷奥诺斯的阴道深处。\\n受到最深处的压迫，甜美的喘息声在房间里回荡。"
    },
    {
        "name": "レオノチス",
        "message": "「哈……哈啊……不要……\\n肚子被团长宠爱着……\\n感觉好奇怪……会变得很奇怪的……\\n一定会被认为是淫乱的母猫吧！？」"
    },
    {
        "message": "依然担心着自己是否会被讨厌。\\n焦虑的表情和垂下来的特征性耳朵说明了这一点。"
    },
    {
        "message": "因为想着雷奥诺斯，才会这么兴奋。\\n一边让滚烫的阴茎不停地颤抖，一边说道。"
    },
    {
        "name": "レオノチス",
        "message": "「嗯啊……团长的也……好像很舒服地颤抖着……\\n这么说来，是我让团长兴奋了吗？」"
    },
    {
        "message": "两个人都因为感到快感而变得混乱。\\n这意味着我们都在想着对方。"
    },
    {
        "message": "所以我告诉雷奥诺斯，不需要担心什么。"
    },
    {
        "message": "听到我的话，雷奥诺斯向我投来了一瞥。"
    },
    {
        "name": "レオノチス",
        "message": "「那么，我……真的真的，没有被讨厌吗？」"
    },
    {
        "message": "当然了。我没有任何讨厌雷奥诺斯的理由。\\n为了不让被害妄想扩大化，我明确地告诉了她。"
    },
    {
        "name": "レオノチス",
        "message": "「嘿嘿……原来如此，我没有被团长讨厌呢\\n对不起，明明让你变得这么大，还怀疑你……」"
    },
    {
        "message": "雷奥诺斯松了一口气，露出了安心的表情。"
    },
    {
        "message": "但是，那口气，那眼神，那肌肤，\\n逐渐开始带着热度敞开了。\\n从缠绕的阴道里传来了淫荡的声音。"
    },
    {
        "name": "レオノチス",
        "message": "「怎么了……啊，啊啊啊啊，身体变得热起来了……！\\n因为放心了嘛……嗯，嗯嗯」"
    },
    {
        "message": "雷奥诺斯一边小幅晃动着腰部，一边紧紧地抱住我。\\n阴道壁轻轻擦过龟头，传来令人烦躁的刺激。"
    },
    {
        "name": "レオノチス",
        "message": "「听我说，团长……可以动哦……\\n一直等着我真是太感谢了……\\n在雷奥里面多多享受哦？」"
    },
    {
        "message": "听到雷奥诺斯的话，插入到根部的阴茎开始抽送。"
    },
    {
        "name": "レオノチス",
        "message": "「啊、啊、摩擦好强……嗯啊、啊啊……\\n龟头肿胀的地方，卡在里面了……嗯啊啊」"
    },
    {
        "name": "レオノチス",
        "message": "「嗯呜、感觉很硬……那里会痉挛……！」"
    },
    {
        "message": "与第一次相比，虽然还有些许紧张，\\n但阴道很快就适应了勃起。"
    },
    {
        "message": "没有感到疼痛的迹象，\\n雷奥诺斯发出甜美的声音接受着快感。"
    },
    {
        "name": "レオノチス",
        "message": "「团长，好厉害啊，啊，啊啊啊，好舒服！\\n嗯，嗯嗯……再深入一点！」"
    },
    {
        "message": "腰部上下晃动，不断地顶到更深处。\\n看到这样的动作，雷奥诺斯更加狂乱地喘息着。"
    },
    {
        "name": "レオノチス",
        "message": "「呀啊！那个……太好了……嗯啊啊……\\n在里面顶到更深的地方，太舒服了……！」"
    },
    {
        "message": "雷奥诺斯对快感做出了真实的反应，并发出了欢乐的声音。\\n看到这一幕，既感到高兴又感到兴奋。"
    },
    {
        "name": "レオノチス",
        "message": "「那、团长……如果我说想要亲吻呢？你会觉得我很淫荡而讨厌我吗？」"
    },
    {
        "message": "他向我投来充满不安和期待的目光。\\n我说不可能会讨厌你，并主动和他接吻了起来。"
    },
    {
        "name": "レオノチス",
        "message": "「嗯啊♪　啾、啾啰、啾皮、嗯……\\n咔嗒……嗯啾，喜欢……哈，啾啰、啾啾♪」"
    },
    {
        "name": "レオノチス",
        "message": "「呀啊！变得更加强烈了……咔嗒♪\\n被顶着的同时……里面被擦得好舒服，哈啊啊」"
    },
    {
        "message": "两人摩擦着彼此的粘膜，同时接吻。\\n深深的吻中，似乎可以感受到彼此的心跳。\\n自然而然地，抽送的速度也加快了。"
    },
    {
        "name": "レオノチス",
        "message": "「啊……！嗯，吸、吮……啊啊！\\n队长，变得好猛烈了！\\n腰的动作变得更快了……嗯呜，嘟噜噜，嘟噜」"
    },
    {
        "name": "レオノチス",
        "message": "「这、太舒服了……啊啊，嗯呜！\\n雷也……腰、动起来了……！」"
    },
    {
        "message": "看着她发出含糊不清的声音而扭曲的身体，我越来越兴奋。"
    },
    {
        "message": "随着激烈的冲击，雷欧诺克斯的腰前后左右摇晃。\\n由于摩擦而产生的刺激反弹回来，甜美的麻痹感扩散到阴茎上。"
    },
    {
        "message": "随着积极的腰部运动，愉悦感不断上升，\\n被积压的欲望之火从内心深处升腾而起。"
    },
    {
        "name": "レオノチス",
        "message": "「啊、队长、嗯啊啊、肚子里……好刺激！\\n深处也在收缩……！\\n这、啊啊、和之前一样……啊啊啊！」"
    },
    {
        "name": "レオノチス",
        "message": "「又、又来了……身体里面传来刺痛，\\n好像要飞出去一样……哈啊、嗯呜呜」"
    },
    {
        "message": "阴道痉挛剧烈收缩。\\n同时被蠢动的阴道粘膜包裹着龟头，\\n我也不断地猛烈抽送直到达到极限。"
    },
    {
        "name": "レオノチス",
        "message": "「啊、嗯、嗯、嗯啊！\\n这样下去，就停不下来了……！\\n想要队长的，热乎乎的液体……想要啊！」"
    },
    {
        "name": "レオノチス",
        "message": "「团长，求求你了……给我……？\\n在里面放进去好热的东西……？」"
    },
    {
        "name": "レオノチス",
        "message": "「已经不害怕了……虽然第一次很害怕……\\n身体变得麻痹后，脑子里就满是团长了……\\n啊啊、嗯啊、记住了……哈呜」"
    },
    {
        "message": "绕在脖子上的雷欧诺克斯的双臂被用力压住。\\n紧密贴合彼此的肌肤和连接部位，\\n阴道肉的蠕动像榨取一样袭击着阴茎。"
    },
    {
        "name": "レオノチス",
        "message": "「团长也来了，和雷一起感受快感吧！\\n团长也一起……呜啊啊！」"
    },
    {
        "name": "レオノチス",
        "message": "「转、嗯啊啊……想要好热的东西！\\n呜啊啊、啊啊、嗯啊啊啊啊啊！」"
    },
    {
        "name": "レオノチス",
        "message": "「嗯呜呜、这个、啊呜、好厉害……好舒服……\\n身体麻痹了……喜欢，哈呜呜」"
    },
    {
        "name": "レオノチス",
        "message": "「里面也……有很多热的东西在流出来……\\n头脑和身体都被团长充满了……」"
    },
    {
        "message": "颤抖着背脊沉浸在高潮中的雷欧诺克斯。\\n颤抖的嘴唇接住了射入阴道的精液。"
    },
    {
        "message": "同时紧紧收缩着阴道壁，促使射精直到完全排空。\\n然后，放精一直持续到阴茎的芯部变得软弱无力。"
    },
    {
        "name": "レオノチス",
        "message": "「哈呜呜……和团长一起感到了快感……\\n嗯呜呜，好幸福……」"
    },
    {
        "message": "雷欧诺克斯幸福地叹了口气，放松了身体的紧张。\\n把脸颊靠在我的肩上，慢慢调整呼吸。"
    },
    {
        "name": "レオノチス",
        "message": "「嗯，不知怎么的……比第一次更加淫荡了……」"
    },
    {
        "message": "雷欧诺克斯害羞地低声说道。我告诉你，无论变得多么混乱，都不会在意，所以请放心。"
    },
    {
        "name": "レオノチス",
        "message": "「嗯……我知道团长不会对我失望的」"
    },
    {
        "message": "说着微笑的雷欧诺克斯，用放松的双臂加倍用力。"
    }
]