[
    {
        "message": "今天的文件工作，老实说一点进展都没有。\\n原因很简单，是因为我一直在看着今天帮忙的椿的身影。"
    },
    {
        "name": "ツバキ",
        "message": "「……团长，你从刚才开始完全没有动过手呢？」"
    },
    {
        "message": "看到这么可爱的样子，工作的心情都没了。\\n想要尽可能地久久地看着椿的身影。\\n如果可以的话，还想触碰一下那个身影。"
    },
    {
        "name": "ツバキ",
        "message": "「你、你在说什么啊！现在还早呢……\\n刚才不是说有文件要在今天之内处理完吗？」"
    },
    {
        "message": "椿以一副厌烦的表情说着，但我已经束手无策了。\\n就连这样的表情我现在也觉得美丽。\\n甚至想试试更多地被她责备一下。"
    },
    {
        "name": "ツバキ",
        "message": "「你在说些什么蠢话？\\n那样下去文件永远都不会处理完的\\n真是的……请你认真点」"
    },
    {
        "message": "被她认真地责备了。\\n确实这样下去会影响工作。\\n决定尽快处理完文件。"
    },
    {
        "message": "试图转换思维，但是却无法集中注意力。\\n叹了口气，椿也同样叹了口气。\\n回头一看，她脸红着朝我走过来。"
    },
    {
        "name": "ツバキ",
        "message": "「没办法呢……但是……这也算是我的工作，类似的东西\\n知道吗？请不要误会哦？\\n今天……那个，特别的，对吧？」"
    },
    {
        "message": "说着，椿白皙柔软的手指伸向了这边的下半身，\n然后以缓慢的动作松开了腰带。"
    },
    {
        "name": "ツバキ",
        "message": "「嗯，真是的……让人勃起成这样……\n还没到晚上呢……而且还在工作中哦？\n你不觉得害羞吗？」"
    },
    {
        "message": "看着已经坚硬勃起的阴茎，椿说道。\n虽然有些害羞，但此刻比起害羞，\n更让人眼花缭乱的是她眼前美丽的身姿。"
    },
    {
        "name": "ツバキ",
        "message": "「美、美丽什么的……你也说出口了……\n你不觉得害羞吗？真是的……」"
    },
    {
        "message": "对于这一点并不感到害羞。\n对美丽之物称赞其美丽是很自然的事情吧。"
    },
    {
        "name": "ツバキ",
        "message": "「这种事无所谓啦……！\n比起这个快点结束吧？\n一直这样下去的话，\n工作就完不成了……嗯嗯」"
    },
    {
        "message": "说着，椿抬起臀部将阴茎顶端对准了秘裂。\n她体内的凹陷处似乎已经湿润如泥。"
    },
    {
        "name": "ツバキ",
        "message": "「嗯，啊啊……好大……！\n啊啊，就这样……插进去……啊啊啊……！」"
    },
    {
        "message": "阴茎的顶端被埋入凹陷中。\n紧密闭合的阴道张开，顺势深入。\n被温暖的触感包裹着的阴茎猛地跳动起来，带来快感。"
    },
    {
        "name": "ツバキ",
        "message": "「啊……嗯，在我里面跳动着……\n呵呵，真是精力充沛呢……团长……\n感觉舒服吗？那么，我就这样动起来了……嗯」"
    },
    {
        "message": "椿缓慢地开始摆动腰部。\n阴茎表面被抚摸的感触非常舒适。\n这样下去的话很快就要射出来了。"
    },
    {
        "name": "ツバキ",
        "message": "「啊，嗯，不要忍着，请直接射出来……\n快点解决掉吧……不然的话，\n我得回到办公室去了……啊」"
    },
    {
        "message": "然而我伸出手臂触摸了椿的乳房。\n无论怎么触摸，柔软的感触都让人无法厌倦。"
    },
    {
        "name": "ツバキ",
        "message": "「啊，呜呜……已经够了……啊啊啊，\n别这样，摸得这么淫荡……嗯嗯！！」"
    },
    {
        "message": "最让人害羞的是椿因为乳房被触摸而羞涩地看着我。\n我非常喜欢她的反应。\n变得无法抑制，开始主动抽动腰部。"
    },
    {
        "name": "ツバキ",
        "message": "「啊啊，呜呜……啊啊，等一下，团长！\n我来动……嗯，团长……啊啊！\n不要……动了……不行……！！啊啊！」"
    },
    {
        "message": "椿因为乳房的爱抚和突如其来的腰部动作发出娇声。\n虽然她示意我停下来，但我没有打算停下。\n而且这样她肯定会更快地感到快乐。"
    },
    {
        "name": "ツバキ",
        "message": "「嗯嗯，那、那是……没错……但是……啊啊！\n不行……太深了……我……嗯嗯！」"
    },
    {
        "message": "快感让椿扭动身体。\n我松开她的乳房，握住她的双手。\n她试图倾身过来，不让我看到她的脸，\n但我阻止了她的动作。"
    },
    {
        "name": "ツバキ",
        "message": "「啊呜呜，团、团长……？\n嗯，这个，啊啊，不要……啊啊，嗯嗯……！！！」"
    },
    {
        "message": "我想更仔细地看看椿感受自己的阴茎时的表情。"
    },
    {
        "name": "ツバキ",
        "message": "「你为什么要做这种事！？\n啊啊，嗯嗯……！不要，这么深入……！\n啊啊……团长……哈啊啊……！」"
    },
    {
        "message": "我凝视着发出妖艳声音的椿。\n从连接处不断涌出她的爱液，\n发出淫荡的声音。"
    },
    {
        "name": "ツバキ",
        "message": "「不要，啊啊，不要盯着看……！\n我的这种下流地方……啊啊，不要……！\n别看……啊啊，不要……啊啊！！」"
    },
    {
        "message": "椿身体颤抖，发出娇声。\n我知道她已经到了极限，\n当她迎来高潮时，我告诉她。她焦急地看着我。"
    },
    {
        "name": "ツバキ",
        "message": "「嗯，这、这种事……就算你说……！\n我已经……啊啊，快到极限了……！！\n啊啊，团长……嗯啊啊！！」"
    },
    {
        "name": "ツバキ",
        "message": "「啊啊，我、我已经来了……啊啊……！\n我已经……啊啊，我也……！\n要射了……啊啊，要射了！！！」"
    },
    {
        "message": "看着椿坦诚的样子，我也到了极限。"
    },
    {
        "name": "ツバキ",
        "message": "「嗯……啊，握住我的手……啊啊，紧紧地握住……嗯嗯啊啊！！」"
    },
    {
        "message": "我更加用力地握住椿的双手。\n她的手在颤抖着。\n我也用同样的力气将下半身向上顶起。"
    },
    {
        "name": "ツバキ",
        "message": "「我的……事情……嗯，别放开……！\n嗯啊，啊啊……要射了……啊啊，团长！」"
    },
    {
        "name": "ツバキ",
        "message": "「啊啊，嗯啊！！射了……射了射了！！\n呼唔，啊啊……嗯啊啊啊啊！！！！」"
    },
    {
        "name": "ツバキ",
        "message": "「嗯啊啊……哈哈，哈哈……啊……我、我射出来了……\n啊，嗯嗯……哈哈，哈哈……嗯嗯！！」"
    },
    {
        "message": "达到高潮的椿仰起身子。\n身体微微抽搐，发出深沉而热烈的呼吸。"
    },
    {
        "name": "ツバキ",
        "message": "「太棒了，太舒服了……啊啊，好像要融化了一样……嗯啊，啊啊……」"
    },
    {
        "name": "ツバキ",
        "message": "「在团长的注视下……嗯，被团长的小弟弟……\n让我感受到了很多快乐……哈哈，哈哈……」"
    },
    {
        "message": "椿低声呢喃着。\\n我也用陶醉的声音告诉她，感觉非常棒。\\n她望着我微笑着。"
    },
    {
        "name": "ツバキ",
        "message": "「是吗……那个……那个，真的……好……」"
    },
    {
        "message": "但她的微笑很快消失了，变成了快要哭出来的表情。\\n看着她脸红得发紫，我知道她恢复了原样。"
    },
    {
        "name": "ツバキ",
        "message": "「你、你……为什么要做这种事情给我！？\\n这样……太丢脸了……！！」"
    },
    {
        "message": "看着她脸红着大声斥责，我开始担心自己是不是做得太过分了。\\n我再次道歉说自己又一次得意忘形了。"
    },
    {
        "name": "ツバキ",
        "message": "「呜呜……为什么我会喜欢上这样的人呢」"
    },
    {
        "message": "听到椿的台词，我心里一惊，不知道为什么，感到开心。\\n总之，我一再道歉说对不起。\\n这时，椿突然停下了动作。"
    },
    {
        "name": "ツバキ",
        "message": "「不，不用道歉了……不是那个意思\\n那个……不是这个意思」"
    },
    {
        "message": "椿小声地喃喃自语着。\\n然后她下定决心地看着我，\\n脸红得发紫的同时说道。"
    },
    {
        "name": "ツバキ",
        "message": "「并不是因为讨厌被称为团长而感到困扰」"
    },
    {
        "message": "我轻轻地拥抱着表情不安的椿，她静静地将脸埋在我的胸前，我温柔地抚摸着她的头。"
    }
]