[
    {
        "name": "デンドロビウム",
        "message": "「呵呵，发出了淫荡的声音呢……♪」"
    },
    {
        "name": "デンドロビウム",
        "message": "「你听到了吗……？\n淫荡的汁液在我的手上起泡沫……嘬嘬的……」"
    },
    {
        "message": "她用丰满的乳房压迫着，玩弄着浸满淫汁的阴茎。"
    },
    {
        "message": "她脸上泛起淡淡的红晕，一次又一次地喘着热气。"
    },
    {
        "name": "デンドロビウム",
        "message": "「怎么样？\n这样被女孩子这样抚摸着阴茎……舒服吗？」"
    },
    {
        "message": "她眯起眼睛，露出得意洋洋的笑容，凑近我的脸。"
    },
    {
        "message": "仅仅被她好奇的目光注视着，我就感到背脊一阵发凉，不由自主地颤动了一下腰部。"
    },
    {
        "name": "デンドロビウム",
        "message": "「呵呵，看来很舒服呢……\n这个孩子代替队长回答了♪」"
    },
    {
        "message": "她一边说着，一边用食指轻抚着龟头，仿佛在夸奖肉棒一样。"
    },
    {
        "message": "同时，用拇指和中指做成的环压在龟头上，转动着来回擦拭。"
    },
    {
        "name": "デンドロビウム",
        "message": "「啊哈♪ 阴茎更加颤抖起来了♪」"
    },
    {
        "name": "デンドロビウム",
        "message": "「呵呵，队长真是个老实可爱的人呢……对吧？」"
    },
    {
        "message": "轻柔地持续揉捏着阴茎，不施加过多力度，仿佛用棉花般包裹着。"
    },
    {
        "message": "那种微弱的快感在胸中膨胀，最终以一种抗议的眼神望向树兰。"
    },
    {
        "name": "デンドロビウム",
        "message": "「呵呵，为什么不用力地抚摸阴茎而露出这样的表情呢？」"
    },
    {
        "name": "デンドロビウム",
        "message": "「好吧……我来回答你。因为这是为了队长而进行的教学。」"
    },
    {
        "message": "微微挑起眉毛，歪了歪头。"
    },
    {
        "message": "另一只手也伸向阴茎，用食指轻柔地抚摸着颤动痉挛的龟头。"
    },
    {
        "name": "デンドロビウム",
        "message": "「未来，团长可能会和很多女孩子交往。\\n那时，如果你射得太快，会感到遗憾吧……？」"
    },
    {
        "name": "デンドロビウム",
        "message": "「因此，我作为下属，将教导团长如何持久……\\n明白了吗？」"
    },
    {
        "message": "轻轻用指甲刮过龟头。"
    },
    {
        "message": "一股阵阵的快感积聚在龟头上，\\n我不禁握紧了拳头。"
    },
    {
        "name": "デンドロビウム",
        "message": "「学费就是看团长享受的表情……\\n来吧，更多地呻吟吧……♪」"
    },
    {
        "message": "发出甜蜜的呼吸声，俯身靠近。"
    },
    {
        "message": "这样一来，被胸部压迫着的乳房，\\n软绵绵地挤压着乳头朝这边凸出。"
    },
    {
        "message": "被这淫荡的景象吸引住了目光，无法移开。"
    },
    {
        "name": "デンドロビウム",
        "message": "「……哎呀？你对我的胸感兴趣吗？」"
    },
    {
        "message": "故意晃动身体，胸部扑簌扑簌地晃动。"
    },
    {
        "message": "柔软的乳肉在胸前波动，\\n给人无法抗拒的触感。"
    },
    {
        "name": "デンドロビウム",
        "message": "「呵呵，淫荡的汁液止不住地流出来了呢……？\\n这样下去很快就会射精了……\\n无法满足女孩子了哦……？」"
    },
    {
        "message": "说着，用握着阴茎的手反手握住了红肿的龟头。"
    },
    {
        "message": "就像拧开水龙头一样，反复扭动着阴茎。"
    },
    {
        "name": "デンドロビウム",
        "message": "「龟头很舒服吧……？\\n刚才用手指揉搓时也有很好的反应呢……」"
    },
    {
        "name": "デンドロビウム",
        "message": "「所以，重点在这里……转圈圈♪」"
    },
    {
        "message": "手的动作迅速加快。"
    },
    {
        "message": "用中指和无名指抓住龟头，\\n用整个手掌反复擦拭龟头。"
    },
    {
        "message": "那熟练的动作不由自主地增强了快感，\\n让我无奈地颤抖着腰部。"
    },
    {
        "name": "デンドロビウム",
        "message": "「啊……看起来好舒服的表情……哈啊……哈啊……」"
    },
    {
        "message": "逐渐使眼睛变得湿润，脸颊松弛下来。"
    },
    {
        "name": "デンドロビウム",
        "message": "「哈啊啊……我真是个糟糕的老师啊……\\n明明忍耐对团长有好处的……\\n嗯呼呼……」"
    },
    {
        "name": "デンドロビウム",
        "message": "「看到你那么伤心的、可爱的表情……\\n哈啊哈啊，哈啊啊……！」"
    },
    {
        "message": "突然，用力将两个乳房紧紧贴在一起，\\n手上下有力地抽动着龟头。"
    },
    {
        "name": "デンドロビウム",
        "message": "「哈啊，嗯哈啊！我们下次再来学习忍耐吧……\\n我不能再对你这么坏了……」"
    },
    {
        "name": "デンドロビウム",
        "message": "「好了，随时都可以射出来哦……♪」"
    },
    {
        "message": "仔细地只擦拭龟头，\\n体内开始积聚炽热的岩浆。"
    },
    {
        "message": "同时，阴囊收缩着抬起，欲将精液送入尿道。"
    },
    {
        "name": "デンドロビウム",
        "message": "「呵呵，睾丸抬起来了呢……那么」"
    },
    {
        "message": "就在那一瞬间，手离开了龟头，紧握住了阴茎。"
    },
    {
        "name": "デンドロビウム",
        "message": "「哈哈……！我会引导你的奶水的……！快点射精吧？已经忍耐的时间结束了哦……？」"
    },
    {
        "message": "强行挤压着根部盘旋的精液。"
    },
    {
        "message": "随着粗暴的动作，渐渐抬起臀部，龟头疯狂地张合着。"
    },
    {
        "name": "デンドロビウム",
        "message": "「啊、啊……！小弟弟想要射精想要射精地哭泣♪」"
    },
    {
        "name": "デンドロビウム",
        "message": "「现在，我会让你感到舒服的……所以，请不要哭泣……？」"
    },
    {
        "message": "眼神温柔地眯起，热切地注视着滴下爱液的阴茎。"
    },
    {
        "message": "然后，缓缓用另一只手掌按住龟头的顶端，来回揉搓。"
    },
    {
        "name": "デンドロビウム",
        "message": "「哈哈……小弟弟又变大了呢……啊，啊……！」"
    },
    {
        "message": "无法忍受给予龟头的强烈刺激，精液迸发而出。"
    },
    {
        "name": "デンドロビウム",
        "message": "「啊，啊♪ 呼……呼……射了好多次了呢……♪」"
    },
    {
        "name": "デンドロビウム",
        "message": "「我的手上沾满了热乎乎的奶汁……嘻嘻，好像要烫伤了呢……♪」"
    },
    {
        "message": "凝视着从阴茎尖端喷涌而出的白色浊流，眼神迷离，不断地喘息着。"
    },
    {
        "name": "デンドロビウム",
        "message": "「嗯……嗯……♪ 让我们尽情射精吧，一滴都不要剩下……？否则之后残留在里面的奶汁会渗出来，弄脏内裤的……」"
    },
    {
        "message": "更加强劲地从根部抚摸着阴茎，促使射精更进一步。"
    },
    {
        "message": "当所有精液都射尽之后，Dendrobium媚眼迷离地眯起双眼凝视着我。"
    },
    {
        "name": "デンドロビウム",
        "message": "「呼……嗯呼……虽然我想要好好忍耐下去……\n但还是放弃了……」"
    },
    {
        "message": "微微挑起嘴角，开心地笑了起来。"
    },
    {
        "name": "デンドロビウム",
        "message": "「看着那痛苦的小弟弟，我就忍不住了……\n所以，我决定改变一下学习的方式」"
    },
    {
        "message": "闭上一只眼，竖起沾满精液的食指。"
    },
    {
        "name": "デンドロビウム",
        "message": "「我们要通过性经验的累积来锻炼忍耐力……\n所以，下次你再想要做爱的时候，请立刻叫我哦♪」"
    },
    {
        "name": "デンドロビウム",
        "message": "「我会运用我所掌握的所有性知识，\n让团长的小弟弟感到舒服，好好锻炼它……\n嘻嘻♪」"
    },
    {
        "message": "这样说着，我靠近颤抖着的阴茎尖端，\n轻轻地亲吻了一下。"
    }
]