[
    {
        "message": "夜晚，伴随着轻快的敲门声，昂希朱姆露出了脸。"
    },
    {
        "name": "オンシジューム",
        "message": "「团长，辛苦了！今天一定很辛苦吧！」"
    },
    {
        "message": "今天从早上开始有一场大规模的训练，她也参加了。\\n"
    },
    {
        "message": "我向你表示辛苦了，昂希朱姆满脸笑容地说道。"
    },
    {
        "name": "オンシジューム",
        "message": "「嘻嘻～团长，谢谢你！」"
    },
    {
        "name": "オンシジューム",
        "message": "「那么，作为对努力了一整天的团长的奖励，\\n我给你一个礼物！嘿！」"
    },
    {
        "message": "话音刚落，昂希朱姆就扑向了我的胸口。\\n我们的嘴唇相互交织，然后——。"
    },
    {
        "name": "オンシジューム",
        "message": "「嗯啊，啊啊，咕……！」"
    },
    {
        "message": "昂希朱姆将自己坚挺的阴茎对准了自己的秘处。\\n已经被爱液润湿的裂缝，\\n紧紧地吞噬着那勃起的家伙。"
    },
    {
        "name": "オンシジューム",
        "message": "「进去了啊……」"
    },
    {
        "message": "当完全吞下时，昂斯吉姆发出了安心的叹息。\\n然后露出了得意洋洋的笑容，\\n接着激烈地贴上了嘴唇。"
    },
    {
        "name": "オンシジューム",
        "message": "「嗯……咕噜……团长……啊……啾嘭……」"
    },
    {
        "message": "昂斯吉姆的舌头穿过唇间。\\n被那热烈的呼吸和甜蜜的香气所迷惑，我有些晕眩。"
    },
    {
        "name": "オンシジューム",
        "message": "「呵呵，因为今天努力了很多，\\n我也要给你～很多的奖励♪」"
    },
    {
        "name": "オンシジューム",
        "message": "「啾嘭、嗯……啊……团长，啊，啊……\\n不、嗯……哈、哈……」"
    },
    {
        "message": "这是一次持续很久很久的深吻，让我无法呼吸。\\n无法继续呼吸，即使想要分开嘴唇，\\n昂斯吉姆也不会放开我。"
    },
    {
        "name": "オンシジューム",
        "message": "「哈哈……不行啦，团长。\\n还远远不够呢……啾嘭、啾……」"
    },
    {
        "name": "オンシジューム",
        "message": "「啾……嗯咕……啊哈……嗯啾……嗯呼♪\\n团长，团长，哈哈……♪ 噗哈」"
    },
    {
        "message": "舌头疯狂地缠绕在一起，\\n同时，奥尔西吉姆用力压着胸部。"
    },
    {
        "name": "オンシジューム",
        "message": "「啧……啰嗦……嘿嘿，团长，你知道我在做什么吗？\\n团长……啧……嗯……你喜欢我的胸部对吧……啧」"
    },
    {
        "message": "奥尔西吉姆调皮地笑着。\\n明明知道她在窥视着这边的情况，却依然保持着天真无邪的笑容，与这淫荡的情景形成鲜明对比，令人兴奋。"
    },
    {
        "name": "オンシジューム",
        "message": "「嗯……啧……摸我没关系哦？……嗯……\\n对，就是这样，团长……很好，你很厉害……啊呜……」"
    },
    {
        "message": "当从下方揉捏起柔软的隆起时，\\n奥尔西吉姆发出了切肤之声。\\n这娇喘声让阴道中的阴茎也产生了反应。"
    },
    {
        "message": "随着阴茎变得更大、更硬，\\n她的紧致也逐渐增强。"
    },
    {
        "name": "オンシジューム",
        "message": "「嗯嘻嘻……♪ 团长，你的小弟弟变大了呢？\\n因为在我里面，所以我很清楚 嗯嘟……哈啊……」"
    },
    {
        "message": "奥尔西吉姆是个积极乐观的人，\\n但今天的她比平时更加主动。\\n舌头缠绕在一起，毫不停歇，\\n还主动示爱。"
    },
    {
        "name": "オンシジューム",
        "message": "「呵呵……啧……因为……啧……嘴巴……啧，\\n啧啪，哈啊哈啊……因为我听到了树兰花小姐说这样做会很好！」"
    },
    {
        "name": "オンシジューム",
        "message": "「为了不让男人逃脱，\\n只需要让他们牢牢记住我的身体……咦！」"
    },
    {
        "message": "还在教导什么呢。\\n不过，这个教导确实也没错，\\n就让它流传下去吧。"
    },
    {
        "name": "オンシジューム",
        "message": "「嘻嘻～♪ 看来是正确的呢！\\n团长的这里，在我的肚子里，非常高兴！」"
    },
    {
        "name": "オンシジューム",
        "message": "「给团长奖励，把团长变成我的东西～，\\n而且，我也很舒服！！ 这可是一举三得的事情哦！」"
    },
    {
        "name": "オンシジューム",
        "message": "「为了让你不会忘记我♪\\n团长，这种感觉……可不能忘记哦？」"
    },
    {
        "message": "说着，奥尔西吉姆开始动起了腰部。\\n可能还不太熟练，上下运动有些生硬。\\n然而，这种不熟练的动作可爱又令人兴奋。"
    },
    {
        "name": "オンシジューム",
        "message": "「嗯……嘬，吮……吸……\\n啊哈，团长……别忘了亲吻♪ 嗯……嘬……」"
    },
    {
        "message": "舌头疯狂地缠绕在一起，\\n同时，奥尔西吉姆用力压着胸部。"
    },
    {
        "message": "随着阴茎变得更大、更硬，\\n她的紧致也逐渐增强。"
    },
    {
        "name": "オンシジューム",
        "message": "「团长，团长……哈，哈……！」"
    },
    {
        "name": "オンシジューム",
        "message": "「想要更多，团长\\n团长也动一下，哈，啊啊，嗯……！\\n好的，好的，团长」"
    },
    {
        "message": "突然，奥尔西吉姆纤细的手指抓住了\\n因为太过专注于亲吻而变得僵硬的手。"
    },
    {
        "name": "オンシジューム",
        "message": "「嗯……，团长……\\n再多一点……好吗？」"
    },
    {
        "message": "慢慢地将这只手引向自己双丘的顶端。\\n那个尖端已经变得坚硬到穿透衣物都能感觉到。"
    },
    {
        "name": "オンシジューム",
        "message": "「咧嘻嘻……这也是因为团长的原因哦\\n和团长这样做，才会这么硬……唉！？」"
    },
    {
        "message": "话音未落，就紧紧地捏住了乳头。"
    },
    {
        "name": "オンシジューム",
        "message": "「啊，啊，等一下，再多一点……啊，啊……\\n轻一点，轻一点……」"
    },
    {
        "message": "奥尔西吉姆渴望着温柔的爱抚，摇了摇头。\\n虽然也想温柔对待，但我也忍不住想要动了。"
    },
    {
        "message": "我把手放在反弯的奥尔西吉姆的腰上，\\n紧紧地固定住他的身体，\\n他开始摇动腰部，摆脱迷惘。"
    },
    {
        "name": "オンシジューム",
        "message": "「啊！？不行，不行！团长！\\n太激烈了，好、啊、啊！」"
    },
    {
        "name": "オンシジューム",
        "message": "「不要，太奇怪了，我、我变了！\\n明明有点痛，为什么这么舒服？\\n啊、啊、啊、啊啊！」"
    },
    {
        "message": "奥尔西吉姆对突然变化的腰部动作感到困惑。\\n但他发出的声音很快带上了甜蜜的味道。"
    },
    {
        "message": "作为证明，奥尔西吉姆也剧烈地摇动着腰部。\\n每一次抽送都会让爱液溢出来，发出湿湿的淫荡声音。"
    },
    {
        "name": "オンシジューム",
        "message": "「好！好的，团长！好舒服！」"
    },
    {
        "name": "オンシジューム",
        "message": "「团长，更舒服一点！\\n在我里面，更、更舒服一点！」"
    },
    {
        "message": "奥尔西吉姆的眼神被快感所迷离。\\n作为信号，阴道更加紧紧地收缩。"
    },
    {
        "name": "オンシジューム",
        "message": "「来吧，再来一点！团长！再多一点！」"
    },
    {
        "message": "为了对抗那种紧迫感，我也拼命地进行着冲刺。\\n我紧紧捏住她的乳头，每一次都让她的身体颤抖不已。\\n她的阴道也紧紧收缩着，强烈地夹住我的阴茎。"
    },
    {
        "message": "更深入、更深入地突进进去……！\\n尽管有这样的想法，但被奥尔西吉姆的阴道肉壁压迫着，\\n我的阴茎立刻被射精感支配了起来。"
    },
    {
        "name": "オンシジューム",
        "message": "「啊、啊、团长！团长，在里面抖动了！？\\n这是要射出来了吗？嗯、嗯……！」"
    },
    {
        "message": "正如奥尔西吉姆所说，射精已经近在眼前。"
    },
    {
        "name": "オンシジューム",
        "message": "「嗯、嗯嗯……团长，可以射出来了！\\n但是，不能有一滴浪费哦！\\n全部都要给我才行！」"
    },
    {
        "message": "当然，一滴都不能剩下……都要射进去。\\n无法发出声音，我只是点了点头回答，\\n然后专注于那一点，疯狂地抽送着。"
    },
    {
        "name": "オンシジューム",
        "message": "「嗯啊！？好激烈，好激烈啊，团长！」"
    },
    {
        "message": "巨大的压力加在阴茎上。\\n爱液从阴道和阴茎的缝隙中溢出，\\n发出湿湿的水声。"
    },
    {
        "message": "如果不小心说出话来，就会射出来。\\n无视奥尔西吉姆的声音，继续抽送着。"
    },
    {
        "name": "オンシジューム",
        "message": "「啊、啊……！不行！我、我已经……！」"
    },
    {
        "message": "奥尔西吉姆已经到达极限。\\n我也快要射精了。"
    },
    {
        "message": "最后的冲刺。\\n啪啪啪啪――！！\\n肌肤相互碰撞发出淫秽的声音，\\n向着巅峰奔驰。"
    },
    {
        "name": "オンシジューム",
        "message": "「嗯啊！」"
    },
    {
        "message": "突然，奥尔西吉姆身体一弯曲。\\n阴道瞬间松弛，像是断了线的玩偶。\\n紧接着……"
    },
    {
        "name": "オンシジューム",
        "message": "「来、来了！」"
    },
    {
        "name": "オンシジューム",
        "message": "「嗯啊啊啊啊啊啊！！」"
    },
    {
        "message": "滋滋滋滋滋――！！\\n伴随着更大的声音，奥尔西吉姆达到了极限。\\n由于她强烈的收缩，我的阴茎也到达了极限。"
    },
    {
        "name": "オンシジューム",
        "message": "「啊、好厉害……好厉害，好多……都出来了……」"
    },
    {
        "message": "大量的浑浊液体喷射进奥尔西吉姆的体内。\\n一边颤抖着腰部，按照约定，直到最后一滴都注入其中。"
    },
    {
        "message": "然而，肉棒在欲望的驱使下，在阴道内不停地跳动着，无法控制地喷出最后一滴，仿佛永远停不下来。"
    },
    {
        "name": "オンシジューム",
        "message": "「哈哈……团长，你射了吧……？」"
    },
    {
        "message": "奥尔西吉姆看着我的脸，扭动着腰部。她带着陶醉的表情，似乎在享受着腹部被精液充盈的感觉。"
    },
    {
        "name": "オンシジューム",
        "message": "「哇……这么多……嘻嘻，你真是让我感受到了很多呢？」"
    },
    {
        "message": "当我抽出阴茎时，大量的浑浊液体从她的秘裂中溢出。奥尔西吉姆用手指捧起它。"
    },
    {
        "name": "オンシジューム",
        "message": "「这就是说……团长，你记住我的身体了吗？」"
    },
    {
        "message": "我当然记住了，回答道。"
    },
    {
        "name": "オンシジューム",
        "message": "「我也完全记住了♪\\n这种感觉，一辈子都不会忘记的吧～」"
    },
    {
        "name": "オンシジューム",
        "message": "「……但是，团长……我还远远没有玩够呢。我还想和团长一起玩更多！」"
    },
    {
        "name": "オンシジューム",
        "message": "「所以团长！从现在开始，一直陪着我吧♪ 因为我的团长只有你了！嗫嗫～♪」"
    },
    {
        "message": "看着微笑着的奥尔西吉姆，我答应了我们会一直在一起。我不会离开，会一直和奥尔西吉姆在一起……"
    },
    {
        "name": "オンシジューム",
        "message": "「谢谢你，团长…… 嘴唇亲上了。」"
    },
    {
        "message": "紧紧相拥着，我和奥尔西吉姆的嘴唇相接。那是今晚最温柔的吻。"
    },
    {
        "message": "也许是因为柔软的触感让我感到安心，舒适的疲劳感和强烈的睡意袭上心头。然后，在沉睡中……"
    },
    {
        "name": "オンシジューム",
        "message": "「我爱你，团长……」"
    },
    {
        "message": "听到奥尔西吉姆在我怀里低声呢喃。"
    }
]