[
    {
        "name": "シンビジューム",
        "message": "「啊，那些文件我放在那边了\n另外，书架也整理好了\n这样找资料会更方便了」"
    },
    {
        "message": "晚上整理文件的时候，\n辛比茱姆走进了房间并帮忙。\n她总是这样关心每个人，我真是佩服她。"
    },
    {
        "name": "シンビジューム",
        "message": "「不用在意！\n……这次的事情，我也有自己的考虑……」"
    },
    {
        "message": "辛比茱姆低下头，小声地说道。\n她的态度似乎有些不同寻常，让我产生了疑问。\n顺便问一下，辛比茱姆来这个房间是为了什么事情呢？"
    },
    {
        "name": "シンビジューム",
        "message": "「啊……那个……嗯……」"
    },
    {
        "message": "她张开嘴想要说些什么，但关键的话却说不出口。\n视线也落在脚下，不停地四处看着。\n仔细一看，她的脸颊似乎染上了红晕。\n我问她是不是发烧了，辛比茱姆摇了摇头。"
    },
    {
        "name": "シンビジューム",
        "message": "「不、不是的！　没事的！　我没有发烧！\n那个，给您添麻烦了，非常抱歉！」"
    },
    {
        "message": "那么她到底有什么事呢。\n我再次问道，辛比茱姆紧紧地握住双手掌心。\n然后，她抬起了一直低着的脸。"
    },
    {
        "name": "シンビジューム",
        "message": "「团长……那个……那个！\n有件事……我想拜托团长！」"
    },
    {
        "message": "从她的眼神中可以看出她已做好了觉悟。\n然而，也许是因为脸颊发热的缘故，她的眼睛有些湿润。\n感受到她那种表情中的奇特魅力，我不由自主地发出了声音。"
    },
    {
        "name": "シンビジューム",
        "message": "「啊……嗯……团长大人的……已经这么……\n非常坚硬……很棒呢……嗯……」"
    },
    {
        "message": "辛比茱姆坐在上面，凝视着那坚硬而挺立的阴茎，发出声音。\n平时她温和而有些内向。\n而此刻，她却主动迎接这一切，陶醉其中。"
    },
    {
        "name": "シンビジューム",
        "message": "「因、因为……呜呜……那、那个，我想要……\n和团长大人……做爱……忍不住了……\n对、对不起……」"
    },
    {
        "message": "没有什么需要道歉的。\n相反，对我们来说是件令人高兴的事情。\n然而，她与平时的形象相比，确实让我感到惊讶。"
    },
    {
        "name": "シンビジューム",
        "message": "「呜呜，团长大人……我已经无法忍耐了……\n而且这样继续下去，太过害羞了……！\n所以……所以可以了吗？」"
    },
    {
        "message": "在那之前，我请求她再次说出刚才上床前说的台词。\n我想再次听到她亲口说出来。\n请求后，辛比茱姆的眼睛因为害羞而湿润起来。"
    },
    {
        "message": "然而很快，她用那样的眼神俯视着我开口了。"
    },
    {
        "name": "シンビジューム",
        "message": "「团长大人……请和我……发生性关系……\n请让我和团长大人发生性关系！」"
    },
    {
        "message": "点头后，辛比吉姆抬起臀部，将阴茎的顶端对准自己的凹陷处。\\n然后慢慢地坐下开始插入。\\n很快，一股温暖而舒适的感触在勃起的表面蔓延开来。"
    },
    {
        "name": "シンビジューム",
        "message": "「呼啊……啊啊啊！！进来了……进来了……！\\n团长的……又粗又硬……嗯嗯嗯！」"
    },
    {
        "message": "无法抑制对期待已久的感触，辛比吉姆发出声音。\\n阴道紧紧地包裹住阴茎，却柔软地抚摸着勃起。"
    },
    {
        "name": "シンビジューム",
        "message": "「团长，我被撑得好大……好多都顶到了\\n嗯……团长，感觉如何？\\n都……都插进去了哦……啊啊啊！」"
    },
    {
        "message": "听到辛比吉姆的话，我看向连接处。\\n小小的裂缝张开，完全吞没了阴茎。"
    },
    {
        "name": "シンビジューム",
        "message": "「插到这里了……啊……深处，好多都顶到了……\\n啊啊啊，好舒服……嗯嗯！！」"
    },
    {
        "name": "シンビジューム",
        "message": "「我的……变成了团长的形状了哦？\\n啊啊……嗯嗯嗯……！！」"
    },
    {
        "message": "辛比吉姆很认真地报告自己的情况和快感。\\n这种时候，她就像平常一样。"
    },
    {
        "name": "シンビジューム",
        "message": "「我一个人享受太多了……对不起……！\\n那么，那个，我要动了哦？」"
    },
    {
        "name": "シンビジューム",
        "message": "「嗯……啊啊……呼唔……！\\n团长，这样……可以吗？\\n感觉……舒服吗？啊啊！！」"
    },
    {
        "message": "辛比璟开始扭动腰部。\\n快快地前后移动腰部，不断插入。\\n在顺畅的动作摩擦下，不禁发出了呻吟。"
    },
    {
        "name": "シンビジューム",
        "message": "「嗯，好，太好了……团长，看起来很舒服……\\n那么，再来……啊呀，让你更舒服一点，好吗？\\n尽情享受吧……啊呀，变得更舒服吧……嗯！」"
    },
    {
        "message": "辛比璟的腰部动作稍微加快。\\n对于她熟练的腰部动作感到惊讶。\\n询问之后，辛比璟再次害羞地坦白了。"
    },
    {
        "name": "シンビジューム",
        "message": "「实际上……我一个人在练习过……嗯！\\n为了让团长感到舒服……把被子卷起来……\\n然后骑在上面……呜呜……」"
    },
    {
        "message": "想象辛比璟一个人进行淫荡的特训。\\n我真的很想在旁边看看。\\n我并不讨厌认真的孩子。"
    },
    {
        "name": "シンビジューム",
        "message": "「进行了淫荡的特训……真的很抱歉……\\n但是，那个……想和团长发生性关系……\\n希望能让团长感到很舒服……！」"
    },
    {
        "name": "シンビジューム",
        "message": "「啊啊……！那、那样不好吗！？\\n变、变得不检点了吗！？\\n对、对不起团长！」"
    },
    {
        "message": "辛比璟突然冷汗涔涔地冷静下来。\\n伸出手去摸动摇着的乳房，触碰到随着腰部运动而摇摆的乳房。\\n她身体一僵，紧绷起来。"
    },
    {
        "name": "シンビジューム",
        "message": "「呀！？……嗯，团长，先生？」"
    },
    {
        "message": "就这样用手掌揉捏乳房。那个又大又柔软的地方变得松松垮垮的。触摸起来很舒服。"
    },
    {
        "name": "シンビジューム",
        "message": "「嗯，啊……团长，先生？那个，你，你生气了吗？你对我有意见吗？」"
    },
    {
        "message": "对于这个问题，我当然点头。反而感到非常高兴。因为这意味着我深深地被辛比秋所爱着。"
    },
    {
        "name": "シンビジューム",
        "message": "「……谢谢！团长先生！嗯……太好了……能让团长先生高兴」"
    },
    {
        "name": "シンビジューム",
        "message": "「呼啊，嗯嗯……团长……先生……！啊啊啊……！！」"
    },
    {
        "message": "随着辛比秋的腰部动作，我也加快了腰部的抽送。在乳房的爱抚下，阴道一直颤抖着，不断地收紧着阴茎。"
    },
    {
        "name": "シンビジューム",
        "message": "「啊啊，团长先生……啊啊啊，好厉害，摩擦着！嗯啊，啊啊……！！嗡嗡地……在身体里回响着！」"
    },
    {
        "message": "随着射精感的增强，腰部的动作变得更快。我沉迷于在她的阴道中摩擦阴茎的快感。"
    },
    {
        "message": "兴奋度增加，不由自主地用手揉捏乳房。\\n乳肉从指缝间挤出的景象令人淫荡。"
    },
    {
        "name": "シンビジューム",
        "message": "「嗯啊啊，团长，先生……啊啊！\\n喜欢……这个，感觉好舒服……啊啊，好厉害，好喜欢！」"
    },
    {
        "name": "シンビジューム",
        "message": "「被搅动着肚子里……啊啊！\\n脑海里全是团长先生，满满的……！」"
    },
    {
        "message": "希望能变成那样，我用力抬起腰部。\\n辛比秋用迷醉的表情凝视着虚空。\\n只是单纯地寻求快感，摇摆着腰部。"
    },
    {
        "name": "シンビジューム",
        "message": "「啊啊，团长先生，喜欢你！\\n啊啊，非常喜欢！」"
    },
    {
        "name": "シンビジューム",
        "message": "「请让我感到舒服！ 啊啊！\\n我也，啊啊，和团长先生一起，感到舒服……！」"
    },
    {
        "name": "シンビジューム",
        "message": "「和团长先生一起感到舒服……啊啊！\\n啊啊，要来了……嗯嗯，团长先生，我要高潮了……！\\n啊啊……呼啊啊啊啊……！！！！！」"
    },
    {
        "name": "シンビジューム",
        "message": "「啊啊……嗯嗯嗯……！！！\\n团长先生的精子……在我体内，啊啊……流出来了」"
    },
    {
        "message": "辛比秋降下腰部，深深吞下阴茎。\\n就在那一瞬间，大量的精子喷射进阴道内。\\n阴茎跳动着，被阴道温柔地包裹着。"
    },
    {
        "name": "シンビジューム",
        "message": "「哈啊，哈啊……嗯，哈啊啊……团长先生……\\n团长先生的精子，嗯，全部都射进我里面了吗？」"
    },
    {
        "message": "辛比秋用陶醉的表情询问着。\\n我努力点头回答她的问题。\\n然后，她的嘴角放松了下来。"
    },
    {
        "name": "シンビジューム",
        "message": "「太好了……我能让团长先生感到舒服……\\n真的，太开心了……你能和我一起感到舒服，谢谢你了」"
    },
    {
        "message": "想要道谢的应该是我才对。\\n不过，以后请不要忍耐太多，随时都可以约我。\\n请不要害羞地告诉我，请随时来找我"
    },
    {
        "name": "シンビジューム",
        "message": "「是、是的……！那个，虽然很害羞……\\n在痛苦之前，请、请让我提出请求！」"
    },
    {
        "message": "这样说着，辛比秋回以微笑。"
    }
]