[
    {
        "name": "カトレア",
        "message": "「真是的…就算是圣诞节也要给我带来紧急工作，那个上官是不是蠢货？」"
    },
    {
        "message": "卡特蕾雅抱怨着。我答应她，在年末的几天里不会给她带来麻烦事，笑着安抚她。"
    },
    {
        "name": "カトレア",
        "message": "「唉…你真是个好人，就算是圣诞节也可以任性一下的」"
    },
    {
        "message": "比如对卡特蕾雅来说。我这样问道，她瞪大了眼睛。"
    },
    {
        "name": "カトレア",
        "message": "「…嗯，没错\n今天就…就算我任性一次…也会原谅我的」"
    },
    {
        "message": "她撇开了视线。脸颊和耳朵微微泛红。"
    },
    {
        "message": "让我振作起来吧。\n那么，我马上说出第一个任性的要求。"
    },
    {
        "name": "カトレア",
        "message": "「…什么啊」"
    },
    {
        "message": "请在工作结束之前，等在床上。"
    },
    {
        "message": "我这样说完后，卡特蕾雅红着脸坚定地点头。"
    },
    {
        "message": "工作结束，深夜时分。等待的卡特蕾雅，在很少前戏的情况下被我推倒了。"
    },
    {
        "name": "カトレア",
        "message": "「嗯…可以了吗？过来…我会接住你的」"
    },
    {
        "message": "这罕见的温柔让疲惫的身心燃烧起来。已经无法忍耐了。"
    },
    {
        "name": "カトレア",
        "message": "「呼……啊，啊呜呼！」"
    },
    {
        "message": "随着一次猛烈的插入，两个丰满的乳房抖动不止。仅仅看到这一幕就让我几乎快射精了。"
    },
    {
        "message": "而且，她又是如此迎合并湿润的阴道真是令人兴奋。丰满的阴道充满了爱液，褶皱紧紧地包裹着她。用肉体与汁液紧紧地拥抱着我。"
    },
    {
        "message": "恐怕在床上等待的时候，她就有这样的想法了。"
    },
    {
        "name": "カトレア",
        "message": "「嗯…小弟弟，突然动了一下，难道…你快要射了吗？」"
    },
    {
        "message": "说实话，有点射出来了。"
    },
    {
        "message": "只是一想到插入时的卡特蕾雅，我就不禁流了出来。"
    },
    {
        "name": "カトレア",
        "message": "「是吗…嘻嘻♪那么…你打算怎么办？我任性的时候要结束了吗？」"
    },
    {
        "message": "不可能。我希望她能更任性一点。"
    },
    {
        "name": "カトレア",
        "message": "「那就…来吧。现在的我只属于圣诞节…为了不后悔，呢♪」"
    },
    {
        "message": "听到那甜蜜的话语，我想起了以前见过的女性形象。"
    },
    {
        "name": "カトレア",
        "message": "「啊，啊呜…虽然很慢…但是动作很大。随你喜欢…随意动吧」"
    },
    {
        "message": "那个女性形象被称为圣母。她用慈爱的微笑将乳房给予婴儿的样子。"
    },
    {
        "name": "カトレア",
        "message": "「嗯呜…吸我的胸部吗？嘻嘻，像个宝宝一样♪」"
    },
    {
        "name": "カトレア",
        "message": "「但是…嗯呜，宝宝是不会这样吸的吧？这种，淫荡的吸法…绝对不会♪」"
    },
    {
        "message": "抓住摇晃的乳房，狠狠地吮吸。"
    },
    {
        "message": "情感过于激动，力量无法控制。用全力揉搓，全力吸附。"
    },
    {
        "name": "カトレア",
        "message": "「就算这样用力吸…奶水也不会出来哦？你的奶水…只是稍微流了一点点♪」"
    },
    {
        "message": "对于粗暴的爱抚和吸吮，回应的却是一种戏弄般的说辞。平时肯定会被责备的。"
    },
    {
        "message": "今晚为什么这么温柔呢？贪婪地同时吮吸着两个乳头，我问道。"
    },
    {
        "name": "カトレア",
        "message": "「嗯啊…那个，哈啊…因为是圣诞节嘛」"
    },
    {
        "message": "也就是说，这是一份礼物吗。"
    },
    {
        "name": "カトレア",
        "message": "「不对，我…嗯啊…现在的我不是圣诞老人…」"
    },
    {
        "name": "カトレア",
        "message": "「我只是想在圣诞节的神圣之夜…和你一起度过…紧紧地贴在一起…想要更深入地连接」"
    },
    {
        "name": "カトレア",
        "message": "「明明说了想要，突然就有工作交给我了…因为你看起来很疲倦！」"
    },
    {
        "message": "娇喘声湿润而淫荡，花蜜甜美地颤动。大脑被这种仿佛在挑逗的动作刺激得发热。"
    },
    {
        "name": "カトレア",
        "message": "「只是连接在一起已经让我讨厌了…我想要温柔对待你…我想要听到你的任性请求！」"
    },
    {
        "name": "カトレア",
        "message": "「所以…来吧！再多一点！更多、更多，因为我允许你任性！今晚，无论什么事情都会原谅你！」"
    },
    {
        "message": "这是致命的诱惑。"
    },
    {
        "name": "カトレア",
        "message": "「呼啊，啊啊！好激烈！全部都在摩擦着！呵啊，啊啊！里面、入口，全部都在！啊，好厉害！」"
    },
    {
        "name": "カトレア",
        "message": "「但是…嗯呜，啊啊！这样下去会喷奶的！奶水都要喷出来了…会很快结束的哦！你还是可以接受吗！？」"
    },
    {
        "message": "出不来。忍住。现在的卡特蕾雅无法考虑控制。"
    },
    {
        "name": "カトレア",
        "message": "「能忍住吗？这么激烈的…刚才也有一点出来了吧！」"
    },
    {
        "message": "忍不住。不想放松。"
    },
    {
        "name": "カトレア",
        "message": "「有什么不明白的就说出来！啊，啊啊！那就祈祷一下，让它不要再出来了吧！」"
    },
    {
        "message": "请不要让卡特蕾雅出来。请用魔力解决一下。"
    },
    {
        "name": "カトレア",
        "message": "「你在说什么啊！？在这种情况下，怎么可能做到那种事情！」"
    },
    {
        "message": "我说过会听你的任性请求。"
    },
    {
        "name": "カトレア",
        "message": "「哈啊呜！哎呀！笨蛋，真是个笨蛋！再激烈一点吧！啊，啊呜！胸部也是，这样子太过了！嗯啊，啊啊！」"
    },
    {
        "message": "感受到追求卡特蕾雅的大量精液涌来。想要抵达卡特蕾雅的子宫，每一次冲刺都能感受到龟头的紧绷。"
    },
    {
        "message": "再忍耐几秒钟。如果射出来了，那是因为卡特蕾雅没有听从我的任性请求。"
    },
    {
        "name": "カトレア",
        "message": "「这个…太任性了！」"
    },
    {
        "message": "果然会生气吧。一瞬间我也这么想过。"
    },
    {
        "name": "カトレア",
        "message": "「好吧，我就给你演示一下！」"
    },
    {
        "message": "紧接着，有个东西进入了喷口。"
    },
    {
        "name": "カトレア",
        "message": "「盖子…我给你盖上了！应该不会再出来了吧！合适的时候…唉，啊呜！我给解开吧！」"
    },
    {
        "name": "カトレア",
        "message": "「啊呜，嗯啊！怎么回事，试了一下才发现不简单啊！果然是我！正是因为世界爱着我…！」"
    },
    {
        "message": "想喝牛奶。"
    },
    {
        "name": "カトレア",
        "message": "「牛…牛奶！？」"
    },
    {
        "message": "因为想喝，请给我拿来。"
    },
    {
        "name": "カトレア",
        "message": "「喂，什么！你在搞什么啊！嗯啊，啊啊啊！\n牛…牛奶！？不可能会有的啦，笨蛋！」"
    },
    {
        "message": "因为被盖住，精液只会越积越多。\n阴茎都快要爆炸了。\n给我挤出来点牛奶吧。"
    },
    {
        "name": "カトレア",
        "message": "「啊啊，啊啊啊！你自己难道不觉得奇怪吗！？」"
    },
    {
        "message": "我明白但又不明白。\n在阴茎内膨胀的压力和卡特蕾雅的包容力下，我的意识变得支离破碎。"
    },
    {
        "message": "只有一件事是确定的。\n我想喝卡特蕾雅的牛奶。"
    },
    {
        "name": "カトレア",
        "message": "「那种事……嗯呀，啊啊！别老是敲子宫口了！一边吸乳头，一边做那种事……！」"
    },
    {
        "name": "カトレア",
        "message": "「啊啊，真是的！知道了，知道了啦！我听你的，给你演示一下！嗯啊，啊啊啊啊！」"
    },
    {
        "name": "カトレア",
        "message": "「现在不行但是……我会让你喝的！用你的牛奶……嗯呀，出来就好了吧！」"
    },
    {
        "message": "那就这样吧。"
    },
    {
        "name": "カトレア",
        "message": "「嗯啊啊啊唔，啊唔唔唔啊啊啊！？\n好、好厉害！要、要射了射了射了唔！\n这种事绝对不行！在高潮的时候被射进去绝对不行！\n呼啊，啊啊啊啊！够了，就这样吧！」"
    },
    {
        "name": "カトレア",
        "message": "「快点，解开吧！阴茎的盖子，解开哦！\n唔啊，啊啊，哈啊！啊啊啊！\n准备好了，准备好让我挤出奶来吧！\n数到三就解开哦！」"
    },
    {
        "message": "只是点头。\n心无旁骛地喘息着兽性的气息，一边依偎着子宫口和乳头一边点头。"
    },
    {
        "name": "カトレア",
        "message": "「一……！唔啊，啊啊啊！二……呼啊，哈啊啊！\n唔啊，啊啊，啊啊！我也……呜呀，要疯了！\n呼啊，啊！三！唔啊啊！够了！」"
    },
    {
        "name": "カトレア",
        "message": "「唔啊，啊，啊，啊，啊啊啊！\n请……请射出来！全部都射出来嘛嘛嘛嘛嘛！」"
    },
    {
        "name": "カトレア",
        "message": "「唔唔唔唔唔唔唔唔！\n哗哗，好厉害！唔啊，唔唔！\n你的阴茎，射精得像个笨蛋一样！\n呼啊啊，哈哈哈哈哈哈哈！」"
    },
    {
        "message": "龟头被烫伤。\n挤出如此炽热的精液以至于我真的这么想。\n一边紧抓着乳房吸吮乳头，一边反复进行着这样的射精。"
    },
    {
        "message": "为了让所有制造出来的精子都能到达卡特蕾雅那里，\n我用力挤压着肉棒，一次又一次地挤出精液，彻底弄脏卡特蕾雅。\n在解放的感觉下，我的心灵和身体都变得支离破碎。"
    },
    {
        "name": "カトレア",
        "message": "「呼啊……哈啊……好黏稠……像胶水一样粘着……\n从来没有过这么浓稠的牛奶……哈啊……哈啊……哈啊啊啊」"
    },
    {
        "message": "彼此的呼吸都几乎停止了。\n只是沉浸在一种融合的余韵中。"
    },
    {
        "name": "カトレア",
        "message": "「……现在轮到我了哦」"
    },
    {
        "message": "在理智稍稍恢复之际，卡特蕾娅用小声甜蜜的语气撒娇过来。"
    },
    {
        "name": "カトレア",
        "message": "「真的，想要做的事情……让我来吧\n和你……更多地接触」"
    },
    {
        "name": "カトレア",
        "message": "「今晚……不要放开我\n我可是满足了你那么任性的请求……\n这样做也可以吧？」"
    },
    {
        "name": "カトレア",
        "message": "「对吧……我的主人？ 嘻嘻♪」"
    }
]