[
    {
        "message": "后悔了。\\n那个夜晚，无法推测出优卡莉丝的心情，\\n让她被挑衅了，我后悔不已。"
    },
    {
        "name": "エウカリス",
        "message": "「啊……团长」"
    },
    {
        "message": "回到房间，优卡莉丝如约等候着。\\n她坐在床边，抬起头看着出现的我。\\n紧张和期待从她的表情中传达出来。"
    },
    {
        "message": "我走近她，抓住她的肩膀直视着她。"
    },
    {
        "name": "エウカリス",
        "message": "「那么……请告诉我叫我过来的理由吧\\n在等待的时候，我一直……渴望着那个」"
    },
    {
        "message": "她也直视着我。微微干燥的嘴唇是紧张的象征，发红的脸颊是期待的象征吧。"
    },
    {
        "message": "作为回应，我明确地告诉了她今晚要做的事情。"
    },
    {
        "name": "エウカリス",
        "message": "「好的……我明白了♪\\n请全身心地……尽情地……侵犯我吧♪」"
    },
    {
        "name": "エウカリス",
        "message": "「嗯……啊，啊啊啊啊！」"
    },
    {
        "message": "紧握住乳房，用力将其按在墙上。\\n没有时间让它适应，立刻开始往复运动。"
    },
    {
        "name": "エウカリス",
        "message": "「啊呜呜……这么突然……啊啊，啊呜呜\\n团长大人……您是认真的吗？\\n您是认真地对待我……唔呜，啊呜呜！？」"
    },
    {
        "name": "エウカリス",
        "message": "「胸部被粗暴对待着……\\n顶进去……咕噜咕噜……指头深入其中……咕，嗯啊，啊啊\\n这就是团长大人的全力……啊啊，哈啊啊♪」"
    },
    {
        "message": "羞耻地暴露出敏感部位，尤卡莉丝的脸颊泛起羞耻之色。\\n如翠玉般的眼眸也湿润起来，凝视着自己被侵犯的私处。"
    },
    {
        "message": "欲望因此而高涨。\\n我将她抓住的双腿再度分开，将下半身更深地插入其中。"
    },
    {
        "name": "エウカリス",
        "message": "「啊呜呜……真的，像是被侵犯一样……！\\n团长大人强壮的东西，全部都……哈啊，啊呜，嗯嗯啊啊\\n没有逃脱的余地吗……？」"
    },
    {
        "name": "エウカリス",
        "message": "「我就这样……被团长大人全力地侵犯着……\\n再次注入那炽热的东西……嗯啊，啊啊……太美妙了，团长大人……嗯呜，嗯啊！？」"
    },
    {
        "message": "对于她因追求全力而说出的话语，我用手指捏住勃起的乳头回应。\\n以此安抚她，让她知道不会中途退缩。"
    },
    {
        "name": "エウカリス",
        "message": "「刚才那个，好刺激……！\\n温柔的团长大人对待我的乳房……这么粗暴地\\n哈啊，啊啊……真是太美妙了！」"
    },
    {
        "name": "エウカリス",
        "message": "「我，好开心……！\\n开心得，开心得，肚子里越来越热！\\n能感觉到吗，团长先生……呜，我很湿润！」"
    },
    {
        "name": "エウカリス",
        "message": "「啊啊，声音也好刺激……！\\n每次被搅动的时候，肚子里发出淫荡的声音……呜哇哇地流出来了！\\n好羞耻、又肮脏的声音……嗯，啊，啊呜呜！」"
    },
    {
        "message": "为了更加激发出那个声音，我更加用力地动着腰。甚至想要充满整个房间。\\n最重要的是，希望洁癖症的尤卡莉丝也能听到。"
    },
    {
        "name": "エウカリス",
        "message": "「不行，不行啦！\\n这么肮脏、淫荡的声音一旦被激发出来就不行了！\\n汁液都溢出来了……流到地板上了，你知道吗！」"
    },
    {
        "name": "エウカリス",
        "message": "「我，这样……嗯，嗯嗯，好害羞！\\n啊啊，呀呜呜……！？\\n舔脖子……呀呜呜！？」"
    },
    {
        "message": "舔过眼前的脖颈瞬间，发出了类似呻吟的声音。\\n那个音色与从舌头上滴下的羞耻汗混合在一起，刺激着欲望。"
    },
    {
        "message": "我想侵犯尤卡莉丝。\\n不是因为约定了才这样，而是本能开始呼喊着。"
    },
    {
        "name": "エウカリス",
        "message": "「呼呼呼！？ 在肚子里膨胀了……！？\\n你舔我的汗，感到兴奋了吗……！？\\n明明只是汗水，又肮脏又恶心……嗯，别啊！ 舔来舔去的话不行哦！」"
    },
    {
        "message": "羞耻的汗水甘甜而刺激，扩大了味觉和兽欲。\\n为了掩盖洁癖症的台词，我将欲望施加在阴道、乳房和脖颈上。"
    },
    {
        "name": "エウカリス",
        "message": "「嗯咕，嗯啊啊！肚子里，咕咕地……嗯，啊啊！？\n入口和深处……啊啊，我好像要坏掉了！\n啊，唔咕，嗯咕……呼，哈啊啊！」"
    },
    {
        "message": "解释起来就像是之前晚上的挑逗一样。\n煽动这边，激发兴奋并追求全力以赴。"
    },
    {
        "message": "即使我做出了承诺，她也会变成这样。\n这就是尤卡莉丝作为花骑士的性格。\n那么，我也只能全力以赴回应。"
    },
    {
        "name": "エウカリス",
        "message": "「啊啊啊，安安安安安安啊啊啊！？\n变得激烈了……！\n肚子深处，砰砰地来……呼呀，哈啊啊，啊啊啊！」"
    },
    {
        "name": "エウカリス",
        "message": "「我要坏掉了……要坏掉了！\n像兽一样被侵犯……我，我……！\n已经无法忍受了……！嗯咕，嗯啊啊！团长，再多一点！」"
    },
    {
        "message": "全力地冲击子宫口。\n用尽全身将尤卡莉丝压在墙上，贪婪地占有她。"
    },
    {
        "name": "エウカリス",
        "message": "「请再多一点，团长大人……！\n用全力……直到最后……侵犯我吧！\n胸部被压扁也没关系！阴道被摧毁也没关系！」"
    },
    {
        "name": "エウカリス",
        "message": "「全部，全部给我……！\n热情……用团长大人的热情……把我，摧毁吧！」"
    },
    {
        "message": "恳求让理性崩溃。\n不回应任何人的话语，只是将射精的欲望撞向眼前的女体。"
    },
    {
        "name": "エウカリス",
        "message": "「啊啊啊……！\\n哈呜啊……嗯嗯……呜呜……！\\n好热，好热！身体都要燃烧起来了！小穴都要融化了！」"
    },
    {
        "name": "エウカリス",
        "message": "「我想要这个！更想要！\\n给我更热的！我想要团长大人！」"
    },
    {
        "name": "エウカリス",
        "message": "「侵犯我，一直侵犯我！\\n把我的小穴和子宫都摧毁吧……！\\n全部刻在里面，侵犯我吧！啊啊，啊啊啊，啊啊呜呜！」"
    },
    {
        "message": "平时的面容已经消失殆尽。\\n只剩下对眼前的肉体和快感的贪婪。"
    },
    {
        "name": "エウカリス",
        "message": "「哈啊，啊啊……好热，好热，好热！\\n我快要……射了……！\\n让我高潮吧，团长大人！」"
    },
    {
        "name": "エウカリス",
        "message": "「子宫渴望团长大人的精子！\\n我能感受到你真心射精的渴望！\\n啊啊，要来了！要来了！嗯，嗯啊啊啊！」"
    },
    {
        "message": "本能呼喊着向恳求寻找机会。\\n为了满足燃烧的兽欲，彼此的身体紧紧相连。"
    },
    {
        "name": "エウカリス",
        "message": "「啊～！啊～！啊啊啊啊～！要射了！要射要射要射～！\\n我要来了！不行了……！」"
    },
    {
        "name": "エウカリス",
        "message": "「要来了……！」"
    },
    {
        "message": "随着尖叫声，欲望的堤坝被冲垮。\\n撕开子宫，将精液喷射进空间。"
    },
    {
        "name": "エウカリス",
        "message": "「呼……嗯嗯，嗯，嗯嗯，嗯嗯……啊啊，啊啊啊啊……\\n好热……好热呢……抽搐着……热流涌入……\\n子宫在欢愉中颤抖着……哈，啊啊啊」"
    },
    {
        "message": "将奄奄一息的艾尤卡莉丝拉近，\\n压碎臀肉，注入自己的体液。\\n蠕动的阴道肉帮了忙，但这还不够。"
    },
    {
        "name": "エウカリス",
        "message": "「嗯，嗯嗯……用已经高潮过的小穴来抚摩吗\\n即使已经高潮过了还被擦弄，虽然很辛苦……但我不在乎……嗯嗯，嗯嗯」"
    },
    {
        "name": "エウカリス",
        "message": "「被、被团长大人全力侵犯，真的好厉害，呢……♪\\n这样的事情，我……已经上瘾了♪」"
    },
    {
        "message": "迷醉的眼神注视着交合的部位。\\n被彼此体液的混合物粘稠地弄脏，\\n正在涂抹精液的地方。"
    },
    {
        "message": "尽管如此，艾尤卡莉丝似乎没有察觉到自己的疲劳。\\n但即便如此，我也没有任何怜悯之心。"
    },
    {
        "name": "エウカリス",
        "message": "「啊，那个……感觉又……变大了吗？」"
    },
    {
        "message": "告诉终于注意到的艾尤卡莉丝还不够射精。\\n责难和折磨着达到高潮的阴道内，摩擦着精液使勃起恢复。\\n那么，这边还保留着余力。"
    },
    {
        "name": "エウカリス",
        "message": "「啊，太棒了……团长大人♪」"
    },
    {
        "message": "在极致的高潮中，她的表情变得迷离而陶醉。"
    },
    {
        "name": "エウカリス",
        "message": "「请……直到我干涸♪\\n一滴不剩地，全力以赴……请将我的身体完全侵犯♪」"
    },
    {
        "message": "如此，我与艾尤卡莉丝沉溺其中，直到天亮。"
    },
    {
        "message": "剩下的只有令人窒息的淫臭和彼此肮脏的身体。\\n还有满足的艾尤卡莉丝笑容。"
    }
]