[
    {
        "name": "エウカリス",
        "message": "「团长，让我更加感受到你的热情吧……」"
    },
    {
        "message": "艾尤卡莉丝走进房间，紧紧地贴在我身上。\\n透过被胸脯挤压的乳房，传来了内心激荡的鼓动。"
    },
    {
        "name": "エウカリス",
        "message": "「今夜，我特地为了这个而来……\\n想要在这冰冷的身体里点燃热情……」"
    },
    {
        "name": "エウカリス",
        "message": "「所以，请……拜托了」"
    },
    {
        "message": "她纤细的手指像是在寻求接触，紧紧地握住了我的手指。\\n颤抖着紧张，但还是鼓起勇气，用力地握住了我的手。"
    },
    {
        "name": "エウカリス",
        "message": "「用团长的热情，温暖我深处……」"
    },
    {
        "name": "エウカリス",
        "message": "「呼……嗯啊啊啊啊啊啊……！」"
    },
    {
        "message": "她将紧致的秘裂对准了勃起的肉棒，\\n艾尤卡莉丝坐了下去。"
    },
    {
        "name": "エウカリス",
        "message": "「嗯呜……终于，团长的热情进入了我体内……\\n充满全身，甚至到指尖……」"
    },
    {
        "message": "握紧的手中充满力量。\\n传递着热情，回应着收到的温暖，\\n将升高的体温传达给我。"
    },
    {
        "message": "然而，同时也感受到了痛苦。\\n为了缓解它，用阴茎抚摸湿润的处女膜。"
    },
    {
        "name": "エウカリス",
        "message": "「嗯，那、那样的话，那个、那个东西动起来……\\n啊啊，请等一下……」"
    },
    {
        "name": "エウカリス",
        "message": "「如果是真的话……请让我来动，\\n可是……」"
    },
    {
        "message": "看着她一脸懊恼的表情，我告诉她不用勉强。\\n现在只需要休息，让身体适应就好了。"
    },
    {
        "name": "エウカリス",
        "message": "「不、不可能这样……嗯！」"
    },
    {
        "message": "无视我的话语，艾尤卡莉丝自己开始动了起来。\\n虽然动作有些生疏，但还是摩擦着黏膜。"
    },
    {
        "name": "エウカリス",
        "message": "「无论做什么事情，都会全力以赴……这就是我……\\n否则，对不起团长大人……」"
    },
    {
        "name": "エウカリス",
        "message": "「团长大人，请不要手下留情……！\\n我想要全力以赴……！」"
    },
    {
        "message": "艾尤卡莉丝咬紧牙关，用力摇动着腰部，声音哽咽。\\n她的拼命让我开始怀疑自己是否做出了错误的选择。"
    },
    {
        "message": "她渴望着我全力以赴。\\n或许不需要顾虑和关心也说不定。"
    },
    {
        "name": "エウカリス",
        "message": "「再深入一点，把阴茎插进我的阴道里……！\\n更深一点，用力地抽送，直到最深处……！」"
    },
    {
        "name": "エウカリス",
        "message": "「我会立刻准备好我的阴道……\\n嗯嗯，请，请了……！」"
    },
    {
        "message": "强烈的摩擦使得爱液溢出，污染了彼此的身体。\\n那湿润闪亮的光泽非常淫荡，在每次抽送时都会扩散开来。"
    },
    {
        "name": "エウカリス",
        "message": "「求求你，请求你了……！\\n不要手下留情……！」"
    },
    {
        "name": "エウカリス",
        "message": "「用阴茎深入我的内部……\\n请把团长的热量传递给我……！」"
    },
    {
        "message": "她的呼喊近乎乞求。\\n艾尤卡莉丝被汗水和爱液弄脏了身体，\\n向我要求更加激烈的动作。"
    },
    {
        "name": "エウカリス",
        "message": "「嗯啊，团长先生……团长先生！\\n我、我已经感到非常舒服了，知道吗？」"
    },
    {
        "name": "エウカリス",
        "message": "「阴道松弛开来……啊呜，阴茎，被紧紧地……\\n自己……嗯啊啊！」"
    },
    {
        "message": "如字面所说，柔软的阴道肌肉紧紧地包裹住了阴茎。\\n俯视下来的眼神已经迷离不清。"
    },
    {
        "message": "快感传来，声音不禁泄露出来。\\n不知不觉中攻守已经颠倒，一不留神就会先达到高潮。"
    },
    {
        "name": "エウカリス",
        "message": "「请放心……！\\n我的阴道已经准备好了……！」"
    },
    {
        "name": "エウカリス",
        "message": "「团长先生的认真阴茎，现在的话，哈啊，\\n我可以接受了……！」"
    },
    {
        "message": "即使被他热烈的呼吸催促着，我也只能忍耐。\\n无法强烈动作的理由已经改变。"
    },
    {
        "message": "为了不伤害不习惯的身体。\\n这是刚才的理由。\\n但是，现在太舒服了，无法动弹。"
    },
    {
        "name": "エウカリス",
        "message": "「哎呀……呵呵，团长先生，难道……」"
    },
    {
        "message": "头顶上的艾尤卡莉丝露出了笑容。\\n总觉得有些不好的预感。"
    },
    {
        "name": "エウカリス",
        "message": "「我会被……搞疯的吗？」"
    },
    {
        "message": "眼中闪烁着虐待的光芒。\\n同时，腰部的摩擦变得更加剧烈，\\n毫不留情地抽插着肉棒。"
    },
    {
        "name": "エウカリス",
        "message": "「怎么了……？\\n刚才还是处女的小穴，嗯……会输掉吗？」"
    },
    {
        "name": "エウカリス",
        "message": "「那么，太过了，太过了……呵呵\\n啊，好羞愧……嗯，真是可悲」"
    },
    {
        "name": "エウカリス",
        "message": "「这样下去，没有认真就会射出来吗……？\\n像个废物一样，精液喷喷而出吗……？」"
    },
    {
        "message": "突然变得含含糊糊地笑了起来。\\n暴力的抽插无情地带来快感。"
    },
    {
        "message": "这样下去真的会达到高潮。\\n但是，被折磨的话，\\n内心会产生反抗的情绪。"
    },
    {
        "name": "エウカリス",
        "message": "「嗯哈啊，好可怜的团长先生\\n真是……嗯啊啊！？」"
    },
    {
        "message": "不能先结束。为了这个决心，我猛地抬起腰部。\\n按照你的愿望，用全力撞击子宫深处。"
    },
    {
        "name": "エウカリス",
        "message": "「嗯，啊啊啊！？是的，是的！\n就是这样才对！」"
    },
    {
        "message": "艾尤卡莉丝发出欢喜的声音，仿佛整个身体都被抬升起来。"
    },
    {
        "name": "エウカリス",
        "message": "「再多一点，再多一点，给我真心的阳具……！\n贪婪地享受我的阴道……嗯，啊啊啊啊！」"
    },
    {
        "message": "随着愉悦的增加，爱液溢出，汗水四溅。\n为了追求快感，猛烈地撞击着欢愉之穴。"
    },
    {
        "name": "エウカリス",
        "message": "「啊，好热，好热！\n阴道仿佛在燃烧……团长先生，团长先生，请再给我更多！」"
    },
    {
        "name": "エウカリス",
        "message": "「我会更深入地接纳你的阳具……嗯呜呜，吞咽它！\n我会接受一切，展示给你看！」"
    },
    {
        "message": "既像撒娇，又像煽动。\n仿佛要挤出所有的快感一样。"
    },
    {
        "message": "彼此不断地向对方的性感区域发送彻底的刺激。\n这样的抽送不可能持续太久。"
    },
    {
        "name": "エウカリス",
        "message": "「哈，哈啊……啊，呀啊，阴道在颤抖……！\n快感快要爆发出来了……！」"
    },
    {
        "name": "エウカリス",
        "message": "「嗨，想要更多，想要更多的感觉……！\n团长，我想品尝你的味道……！」"
    },
    {
        "message": "收缩的阴道预示着结束。\n这边的疼痛早已到达极限。"
    },
    {
        "name": "エウカリス",
        "message": "「啊，阴茎膨胀起来了，嗯呜啊……\n团长也是一样吗……！？」"
    },
    {
        "name": "エウカリス",
        "message": "「虽然有点舍不得……但没关系……！\n请，就这样……请射进来……！」"
    },
    {
        "message": "优卡莉丝滴下口水，双手紧紧握住。\n对于她紧抓的动作，我也做好了觉悟。"
    },
    {
        "name": "エウカリス",
        "message": "「一起，啊呜呜，一起达到高潮吧！\n拜托了，请拜托了……！」"
    },
    {
        "name": "エウカリス",
        "message": "「用团长的炽热精液……！\n温暖着我里面……嗯啊啊啊！？」"
    },
    {
        "name": "エウカリス",
        "message": "「啊啊，啊啊，呀啊啊！？\n哈啊，热热的……嗯呜呜！？」"
    },
    {
        "message": "握住纤细的手指，一口气解开了阻挡龟头的堰坝。"
    },
    {
        "name": "エウカリス",
        "message": "「啊啊，热，热呀……\n团长的，热热的……在肚子里，积蓄着……嗯嗯！」"
    },
    {
        "message": "受到搏动的阴茎射精的冲击，优卡莉丝仰起下巴。\n她的皮肤不断地抽搐着，一直喃喃自语着热热的，好热。"
    },
    {
        "name": "エウカリス",
        "message": "「哈哈，哈哈哈……谢谢你，团长先生」"
    },
    {
        "message": "渐渐地余韵平息下来，优卡莉丝露出满足的表情。\n她身上散发出一如既往的温雅气质。"
    },
    {
        "name": "エウカリス",
        "message": "「能够真心爱着我，我真是幸福呢……\n那么全力以赴地……啊」"
    },
    {
        "message": "陶醉中的眼神突然睁大。\n她环顾了一下自己的身体，立刻脸红如火。"
    },
    {
        "name": "エウカリス",
        "message": "「啊，啊啊……我，又搞糟了……\n弄脏了身体……而且还……」"
    },
    {
        "name": "エウカリス",
        "message": "「虽然想要你认真对待，\n但说出贬低团长先生的话……实、实在是对不起！」"
    },
    {
        "message": "恐怕她在说那个挑衅的事情，\n但我并没有特别在意。"
    },
    {
        "message": "她一旦投入其中，就会全力以赴。\\n如果那也是她全力回应的结果，\\n反而觉得可爱。"
    },
    {
        "name": "エウカリス",
        "message": "「请不要再太宠我了\\n虽然我也陷入了热情之中……」"
    },
    {
        "name": "エウカリス",
        "message": "「但是……呵呵，谢谢您\\n那个，虽然不是为了道歉……」"
    },
    {
        "message": "摇晃着被精液和爱液弄脏的腰部，\\n她的眼神微微动了一下。\\n那是一种乞求般害羞的眼神。"
    },
    {
        "name": "エウカリス",
        "message": "「这样在浴室里……\\n能让我洗一下您的身体吗……？」"
    },
    {
        "name": "エウカリス",
        "message": "「因为好像被我弄脏了……\\n而且还想感受团长大人的温度……」"
    }
]