[
    {
        "name": "アルストロメリア",
        "message": "「嗯……嗯哈……团长，随时都可以哦？\\n进入我……吗？」"
    },
    {
        "message": "阿尔斯特罗梅利亚纤细的腰被紧紧抱住，\\n阴道湿润的秘裂被阴茎顶端压迫着。"
    },
    {
        "name": "アルストロメリア",
        "message": "「嗯呐、咕、呜……啊、啊啊！？\\n进、进来了哟……团长的小弟弟在我里面呢……」"
    },
    {
        "message": "从来没有被任何人触碰过的蜜壶非常狭窄。"
    },
    {
        "message": "阴道紧紧地夹住着顶着阴道壁努力前进的阴茎。"
    },
    {
        "name": "アルストロメリア",
        "message": "「呀……呀啊……肚子塞满了呢……嗯、嗯咕！」"
    },
    {
        "message": "不久后，阴茎充满了阴道内部。"
    },
    {
        "message": "宽大张开的秘裂痉挛着，\\n一道象征破处的血滴垂落下来。"
    },
    {
        "name": "アルストロメリア",
        "message": "「哈……哈……！\\n好、疼痛……下体好像要撕裂开了……」"
    },
    {
        "message": "他喘息着，皱起眉头，痛苦地扭动着屁股。"
    },
    {
        "message": "考虑到这对她来说是第一次性交，\\n那种痛苦无法想象。"
    },
    {
        "message": "为了减轻疼痛，手臂伸向丰满的乳房。"
    },
    {
        "name": "アルストロメリア",
        "message": "「啊！？胸、胸部，嗯、嗯嗯！」"
    },
    {
        "name": "アルストロメリア",
        "message": "「不、不行……哈哈……别这样揉来揉去的……\\n啊、啊！\\n明明说了不行为什么还要摸摸摸呢～！？」"
    },
    {
        "message": "像揉面团一样揉捏乳房，\\n下巴仰起，颤抖着。"
    },
    {
        "message": "渐渐从那可爱的脸上消失了痛苦的表情，\\n脸上泛起淡淡的红晕。"
    },
    {
        "name": "アルストロメリア",
        "message": "「呜哇！？捏、捏住乳头……啊、啊啊！？用手指戳戳乳头不行～」"
    },
    {
        "name": "アルストロメリア",
        "message": "「被戳戳的话……嗯、嗯咕！\\n身体会抽搐的～！」"
    },
    {
        "message": "用手从下方揉捏乳房，用指腹滚动乳头，\\n身体一次次痉挛。"
    },
    {
        "message": "微微带着热度的颈脖上滑下一滴汗水。"
    },
    {
        "message": "舔去那滴汗水，背脊颤抖着仰起。"
    },
    {
        "name": "アルストロメリア",
        "message": "「啊……啊啊！？不、不可以舔啦！\\n因为很脏出汗了！别、别……嗯呼呼！」"
    },
    {
        "message": "轻咬了一下小耳朵，纤细的肩膀猛地抖动起来。"
    },
    {
        "name": "アルストロメリア",
        "message": "「嗯……嗯嗯……唔、唔唔……」"
    },
    {
        "message": "突然低下头，发出哽咽声。"
    },
    {
        "message": "那些眼泪引发了不安。"
    },
    {
        "name": "アルストロメリア",
        "message": "「不、不是的……不是因为悲伤才哭的……哈哈」"
    },
    {
        "name": "アルストロメリア",
        "message": "「突然被做了那么色色的事情，吓了一跳而已……\\n这些眼泪是开心的眼泪……」"
    },
    {
        "message": "不由自主地凑近她的脸，她朝我露出幸福的笑容。"
    },
    {
        "name": "アルストロメリア",
        "message": "「你看，我以前……\\n受伤后一直处于长时间的沉睡中，对吧……？」"
    },
    {
        "name": "アルストロメリア",
        "message": "「所以和心爱的团长，像这样，嗯、嗯嗯地做着\\n那种事情，感觉非常新鲜……开心……嗯、嗯呼呼」"
    },
    {
        "name": "アルストロメリア",
        "message": "「当身体麻痹时呢……\\n那份情感就会溢出来……嘿、嘿嘿……」"
    },
    {
        "message": "看着她害羞地笑着，我在阴道里的阳具剧烈地抽搐。"
    },
    {
        "name": "アルストロメリア",
        "message": "「啊、啊呜！？　已、已经……抖得厉害了……\\n因为是坏坏的小弟弟嘛……」"
    },
    {
        "message": "她突然用娇羞的眼神朝我看过来。"
    },
    {
        "name": "アルストロメリア",
        "message": "「可以了吗？开始动吧……嗯、哈啊哈啊……\\n谢谢你哦？为了我而忍耐着……」"
    },
    {
        "name": "アルストロメリア",
        "message": "「但是，你不用再忍耐了……嗯、嗯咕……\\n多亏你揉揉我的胸部，现在不疼了……」"
    },
    {
        "name": "アルストロメリア",
        "message": "「所以，请、啊……多多进来……\\n给我带来更多快感……」"
    },
    {
        "message": "在她可爱的请求下，我再也无法忍耐。"
    },
    {
        "name": "アルストロメリア",
        "message": "「呼啊、呼啊啊！？\\n那根肉棒顶在子宫深处……\\n啊、啊！」"
    },
    {
        "name": "アルストロメリア",
        "message": "「里面也被肉棒磨得好痛快……\\n啊、啊！头脑变得飘飘然～！」"
    },
    {
        "message": "她的脸上露出淫荡的表情，身体一次次地颤抖着。"
    },
    {
        "message": "看着丰满的乳房狂乱地摇晃，我的兴奋感更加高涨。"
    },
    {
        "name": "アルストロメリア",
        "message": "「啊、嗯啊啊！\\n更猛烈一点……唔、唔，下体麻痹了……！」"
    },
    {
        "message": "她带着快要哭出来的表情喘息着，转过肩膀看向我。"
    },
    {
        "name": "アルストロメリア",
        "message": "「啊、啊、啊……奇怪吧？\\n听说第一次会很痛，但完全没有这样的感觉……」"
    },
    {
        "name": "アルストロメリア",
        "message": "「哈啊、哈啊……也许是因为队长对我很重要吧……？\\n啊、啊呜！」"
    },
    {
        "name": "アルストロメリア",
        "message": "「通过做爱可以相互传达感受吗……？啊、哈啊！\\n那、那样的话！我！每天都想和队长做爱……！」"
    },
    {
        "message": "微笑着眯起眼睛，幸福地笑了起来。"
    },
    {
        "name": "アルストロメリア",
        "message": "「一直守护着队长和城市……一起走下去……\\n太阳下山后就要做爱了……呣啊、啊！」"
    },
    {
        "name": "アルストロメリア",
        "message": "「那、那样的话……哈、哈呜！\\n每天都确认队长喜欢我……嗯呼呜！\\n让胸部暖洋洋的！啊、啊啊！」"
    },
    {
        "message": "阿尔斯特罗梅利亚跃动着身体，继续述说着自己的未来。"
    },
    {
        "message": "她的感受在全身流转，给肉棒带来了甜蜜的快感。"
    },
    {
        "name": "アルストロメリア",
        "message": "「哈啊、哈啊啊！\\n阴茎……又在我里面抖动了……\\n嗯、嗯呼～」"
    },
    {
        "name": "アルストロメリア",
        "message": "「我、我知道的……这是说，小弟弟想要射出来了吧？\\n哈啊、哈啊！」"
    },
    {
        "name": "アルストロメリア",
        "message": "「好、好的……射很多出来吧！\\n用团长的精子把我的小穴填满吧！\\n啊、啊啊、啊啊啊……！」"
    },
    {
        "message": "听到这话，我使出最后的力气开始动腰。"
    },
    {
        "message": "用龟头摩擦着柔软的肉壁，将顶端敲击在阴道深处。"
    },
    {
        "message": "渐渐地，阴茎的感觉消失了，腰部却变得炽热起来。"
    },
    {
        "name": "アルストロメリア",
        "message": "「啊、啊啊、啊啊……！\\n我、我也……想要变得软绵绵的……！\\n啊、啊、啊！有什么东西在我的体内爆炸了……！！」"
    },
    {
        "name": "アルストロメリア",
        "message": "「啊……啊啊啊！射、射精了……！\\n用团长的精子……我的小穴被填满了……嗯、嗯嗯！」"
    },
    {
        "message": "背脊不停地颤抖着，舌头无力地伸出来。"
    },
    {
        "message": "被快感迷得面容狰狞，肉棒在阴道中跳动着。"
    },
    {
        "name": "アルストロメリア",
        "message": "「啊啊！啊、啊呜……又、又射出来了……哈啊哈啊！」"
    },
    {
        "name": "アルストロメリア",
        "message": "「身体的力量……嗯呼……都消失了呢……哈啊啊……」"
    },
    {
        "message": "最后一滴精液全部喷射进了阴道里，\\n阿尔斯特罗梅利亚一边看着我的脸，轻轻地微笑着。"
    },
    {
        "name": "アルストロメリア",
        "message": "「嘿嘿……一直在寻找幸福的未来……原来就在这里呀……」"
    },
    {
        "name": "アルストロメリア",
        "message": "「啊！？发、发生什么了突然间……？\\n这么紧紧地抱住我，好、好疼呀……」"
    },
    {
        "message": "为了抓住那份幸福，\\n我一直紧紧地拥抱着阿尔斯特罗梅利亚温暖的身体。"
    }
]