[
    {
        "message": "那个晚上\\n美丝莲来到了房间。\\n她的表情似乎下定了决心——。"
    },
    {
        "message": "面对着那种不寻常的氛围，\\n我想知道发生了什么事……不知不觉中，我这样问道。"
    },
    {
        "name": "ミスミソウ",
        "message": "「哎呀哎呀，没有那么严重的事情啦\\n只是普通的事情而已，你不用这么认真地听着……\\n不过……」"
    },
    {
        "name": "ミスミソウ",
        "message": "「哎呀哎呀……\\n对不起，我还是希望你能认真听我说\\n因为这是件重要的事情」"
    },
    {
        "message": "美丝莲深深地吸了口气。\\n在一瞬间的寂静之后——。"
    },
    {
        "name": "ミスミソウ",
        "message": "「团长，我喜欢你\\n我……喜欢你」"
    },
    {
        "name": "ミスミソウ",
        "message": "「在和你在一起的时候，\\n不知不觉中，我喜欢上了你」"
    },
    {
        "message": "美丝莲扑进了我的怀里。\\n她洗发水的香味刺激着我的鼻腔。\\n然后，她继续埋着头，贴在我的胸前。"
    },
    {
        "name": "ミスミソウ",
        "message": "「今晚，我不打算回去\\n请不要放开我，一直到最后——嘘……」"
    },
    {
        "message": "美丝莲抬起头，唇相接。\\n然后——。"
    },
    {
        "name": "ミスミソウ",
        "message": "「我，我第一次……给男人看到裸体……团长，这，这不会奇怪吧？」"
    },
    {
        "message": "美丝莲小心翼翼地问道。\\n白皙无瑕的肌肤，以及滴落淫液的淫靡女性器官。\\n纯洁与淫荡，截然相反的事物共存的景象，令人难以抗拒地迷人。"
    },
    {
        "message": "虽然有些奇怪，但是你的身体很美……。\\n我这样说完后，美丝莲用双手捂住脸颊，身体颤抖着。\\n害羞而不习惯被夸奖的她真是可爱。\\n我享受着她可爱的反应，将阴茎对准她的私处——。"
    },
    {
        "name": "ミスミソウ",
        "message": "「不不不，请，请不要说那么漂亮……\\n那、那里普通一点就好了——呀呀！？」"
    },
    {
        "name": "ミスミソウ",
        "message": "「啊啊……进来了……！\\n这、这是……团长的，阴，阴茎吧……？」"
    },
    {
        "message": "放开遮住脸颊的手就能看见。\\n我这样说完后，美丝莲小心翼翼地放开了手。"
    },
    {
        "name": "ミスミソウ",
        "message": "「啊……真的进来了……\\n团长的，那个，进入了我里面……呀」"
    },
    {
        "name": "ミスミソウ",
        "message": "「但、但是……还会更深入吧？\\n而且，还会动起来……出入运动……\\n我、我在书上预习过，知道的……」"
    },
    {
        "message": "不管在哪里买这样的书，还是先听从美丝莲的话吧。……这样说着，我将全身的重量压在那一瞬间膨胀起来的男根上，一口气插入到根部。"
    },
    {
        "name": "ミスミソウ",
        "message": "「嗯……咳……！啊、啊、等……等一下、好、好紧……嗷！」"
    },
    {
        "name": "ミスミソウ",
        "message": "「啊……哈、哈、哈、哈……全部……全、全都进去了」"
    },
    {
        "message": "美丝莲面庞上涌起欣慰之情。——然而，正如她之前所说，真正的表演才刚刚开始。首先，我用手握住面前的乳房。虽然它并不是特别大，却有着明显的存在感。"
    },
    {
        "name": "ミスミソウ",
        "message": "「嗯……摸，摸着呢？啊呀，哈哈，好、好痒……但、但是很舒服……」"
    },
    {
        "message": "我用整只手爱抚着整个乳房，逐渐使其湿润后，再用手指轻弹乳头——。"
    },
    {
        "name": "ミスミソウ",
        "message": "「咿……咿，那个，也、也很舒服……」"
    },
    {
        "name": "ミスミソウ",
        "message": "「啊哈……请、请继续，团长大人…………啊，不要、不要误会！我并不是那么淫荡的孩子……只因为和团长大人在一起……」"
    },
    {
        "message": "为了打断美丝莲的辩解，我用唇封住了她的嘴唇。然后慢慢晃动腰部，同时继续爱抚乳房。"
    },
    {
        "name": "ミスミソウ",
        "message": "「嗯……嗯吧……呼、舌头……\n咕噜吧……吧……吧唧……舔、哈啊、团长大人……」"
    },
    {
        "name": "ミスミソウ",
        "message": "「嗯……吧唧、咕噜吧……哈啊\n吧唧啪……啊哈，我喜欢这样的亲吻，再来一次……\n哈……！不、不要，团长大人，我是那个……」"
    },
    {
        "message": "美丝莲害羞地摇了摇头。\n这样高兴地缠绕舌头，溢出爱液的样子，\n真可爱，又淫荡。"
    },
    {
        "name": "ミスミソウ",
        "message": "「可、可爱什么的，才不是呢……\n不、不是那样的……」"
    },
    {
        "name": "ミスミソウ",
        "message": "「呀！？团长大人，你在舔哪里！？\n呼啊，那里是禁止的～！」"
    },
    {
        "message": "我用舌头在美丝莲的腋下游走。\n微微的汗味和淡淡的咸味，\n让我异常兴奋。"
    },
    {
        "name": "ミスミソウ",
        "message": "「不、不要，为什么要舔那里……呀！\n不行，不行啦～！」"
    },
    {
        "name": "ミスミソウ",
        "message": "「好、好害羞啊……\n这种事，绝对不行～！」"
    },
    {
        "message": "对于扭曲肢体的美丝莲来说，\n正是因为她的身体如此迷人，\n让我想要舔遍她的每一寸——这样告诉她。"
    },
    {
        "message": "刚说完，美丝莲的脸比以往更红，\n因为羞耻而流下的汗水和爱液溢出，\n她的阴唇也翻腾起伏。\n反应如我所料。很明显……"
    },
    {
        "name": "ミスミソウ",
        "message": "「不、不是那样的……\n不是啦……但是……好开心」"
    },
    {
        "name": "ミスミソウ",
        "message": "「能听到你这样说，\n真、真的……好开心……」"
    },
    {
        "message": "美丝莲轻轻地把手放在我的脸颊上。\n停下了腰的动作，随着她温柔的引导，\n我们亲吻在一起。"
    },
    {
        "name": "ミスミソウ",
        "message": "「啾……呵呵，团长大人\n我……喜欢你……」"
    },
    {
        "message": "美丝莲慢慢开始扭动起腰来。\n我也跟着重新开始抽送。"
    },
    {
        "name": "ミスミソウ",
        "message": "「嗯……啊、哈、哈啊……\n团长大人，你、你可以更用力……不、不行！\n请、请来吧……！」"
    },
    {
        "name": "ミスミソウ",
        "message": "「哈啊、哈啊……更猛烈一点，\n我也……更猛烈一点……」"
    },
    {
        "message": "美丝莲加快了抽送的速度。\n那纯洁的裂缝，似乎还有些疼痛，\n从她的表情中，也能看出些许苦楚。"
    },
    {
        "message": "然而，腰的动作变得越来越快。\\n追求更强烈的快感，贪婪地抚摸着我的阴茎，\\n她的阴道喷溅出爱液，紧紧地夹紧着。\\n接近极限了——我感觉到了。"
    },
    {
        "name": "ミスミソウ",
        "message": "「啊哈、哈、哈……\\n团长，里面在抖动着……！」"
    },
    {
        "name": "ミスミソウ",
        "message": "「我、我知道的……！\\n最后，啊哈、哈、我忍不住了，\\n男人会、会射精对吧？」"
    },
    {
        "message": "美丝莲被激烈地撞击着腰部，身体在快感中扭动。\\n对她的问题，我点了点头。\\n然后告诉她时机已经接近了。"
    },
    {
        "name": "ミスミソウ",
        "message": "「啊哈、哈、我没事！\\n团长的精子，全部都要……！」"
    },
    {
        "name": "ミスミソウ",
        "message": "「请在我体内尽情释放吧\\n全部，全部都……！」"
    },
    {
        "message": "美丝莲的阴道更加紧缩。\\n到极限了，已经无法再忍受——我的阴茎发出了哀鸣。\\n咬紧后牙，告诉自己再坚持一会儿，再坚持一会儿。"
    },
    {
        "name": "ミスミソウ",
        "message": "「啊、哈、哈、哈……\\n我好像变得很淫荡……虽然很害羞，\\n但是，团长，我……好像是这样的……」"
    },
    {
        "name": "ミスミソウ",
        "message": "「啊哈♪ 啊、啊、好舒服……\\n腰部自己动起来，啊、啊、啊……太棒了～！」"
    },
    {
        "message": "从平时的优等生御罪草无法想象的混乱方式，\\n加速了我的欲望。无法忍耐。\\n既然如此，就干脆——"
    },
    {
        "message": "毫不犹豫地，将腰撞击在御罪草身上。\\n拼命地，任由思绪驰骋，\\n为了尽可能多地喷出精子——"
    },
    {
        "name": "ミスミソウ",
        "message": "「啊、不行、不行、啊、啊、啊！\\n团长，团长！」"
    },
    {
        "name": "ミスミソウ",
        "message": "「呀啊啊啊啊―――！！！」"
    },
    {
        "message": "御罪草在快感中颤抖着。\\n精液以惊人的力量喷射进她的体内。\\n射精的痛苦伴随着一丝疼痛，\\n仿佛阴茎的顶端要裂开一样，持续不断。"
    },
    {
        "name": "ミスミソウ",
        "message": "「呼啊，啊啊啊，团长……！」"
    },
    {
        "message": "御罪草的阴道也是如此。\\n几乎可以说是痉挛，颤动着肉褶，\\n紧紧地夹住我的阴茎。"
    },
    {
        "message": "射精停止需要相当长的时间。\\n我们忘记了呼吸，继续忍受着席卷而来的快感风暴。"
    },
    {
        "name": "ミスミソウ",
        "message": "「哈、哈……哈啊～……」"
    },
    {
        "message": "突然间，御罪草全身的力量消失了。\\n就像是线断了的操纵人偶一样。与此同时，我的身体也突然失去了力量。\\n如同倒塌一般，我倒在她的身上。"
    },
    {
        "name": "ミスミソウ",
        "message": "「哈啊……哈啊……好厉害……\\n和书上看到的完全不一样……」"
    },
    {
        "name": "ミスミソウ",
        "message": "「啊……因为对方是……喜欢的人吗？\\n嗯……哈啊，哈啊……身体无法用力……」"
    },
    {
        "message": "御罪草在我耳边喘息着。\\n肩膀颤抖着，她继续说道。"
    },
    {
        "name": "ミスミソウ",
        "message": "「哈啊，哈啊……或许是准备不足吧……\\n没、没想到会这么没有余裕……\\n团长，我表现得还好吗？」"
    },
    {
        "message": "我轻轻地吻了一下有些害羞的御罪草。\\n然后告诉她，不仅表现得很好，而且非常舒服。\\n她的脸颊因为这次美妙的经历而变得红扑扑的。"
    },
    {
        "name": "ミスミソウ",
        "message": "「不不，非常舒服什么的……\\n不用夸得那么过分，没关系的\\n因、因为是第一次嘛，应该没有那种事情……」"
    },
    {
        "name": "ミスミソウ",
        "message": "「……但是，嘿嘿♪\\n被这样夸奖，我很开心\\n谢谢你，团长」"
    },
    {
        "message": "御罪草害羞地露出微笑。\\n我尽情地拥抱着她。"
    }
]