[
    {
        "name": "プルモナリア",
        "message": "「不知道何时会分别\n作为花骑士，我们总是与死亡紧密相连」"
    },
    {
        "message": "夜晚结束工作后，普罗红萝卜轻声说道。"
    },
    {
        "name": "プルモナリア",
        "message": "「即使今天度过了平安的一天，明天又会如何呢\n我是葬礼屋的女儿，所以非常清楚这一点」"
    },
    {
        "message": "葬礼屋的女儿。\n或许因为这样的出身，普罗红萝卜总能感受到死亡的临近，\n比其他人更多地思考死亡本身。"
    },
    {
        "name": "プルモナリア",
        "message": "「所以……所以……我……」"
    },
    {
        "message": "一直流畅地说着话的她，在这里第一次停顿了。\n她低下头，静静地思考着什么。\n看到这一幕，我问普罗红萝卜想要传达什么，想要做什么。"
    },
    {
        "name": "プルモナリア",
        "message": "「我想……活得没有遗憾……\n所以……团长，我……想做一件事」"
    },
    {
        "message": "仿佛下定决心一样说完，普罗红萝卜靠近了我。\n然后令人惊讶的是，她伸出手臂触碰到了我的下腹部。\n突如其来的举动让我完全无法动弹。"
    },
    {
        "name": "プルモナリア",
        "message": "「我喜欢团长……非常喜欢……\n所以，想要做这样的事情……想要做色色的事情……\n不想在和团长做色色的事情之前死去……不，绝对不行！」"
    },
    {
        "message": "听到这句话，我理解了她为什么刚才会谈论死亡。\n这样拙劣的邀请词竟然奇妙地适合普罗红萝卜。\n对于这个邀请，已经不需要再解释原因了。"
    },
    {
        "name": "プルモナリア",
        "message": "「啊……团长……」"
    },
    {
        "message": "我凝视着躺在床上的普罗红萝卜，她正在用自己的勃起压在自己的大腿根部。\n"
    },
    {
        "message": "我告诉普罗红萝卜，从现在开始我已经无法停下来了。\n现在还可以回头的。"
    },
    {
        "name": "プルモナリア",
        "message": "「嗯……是我邀请你的哦？\n当然要继续下去了\n而且……如果在这里停下来，我一定会后悔的」"
    },
    {
        "name": "プルモナリア",
        "message": "「我说过……不想后悔……明天可能就会死掉哦？\n所以没关系……我愿意为了和团长做这件事情而付出生命」"
    },
    {
        "message": "我一瞬间以为她又在说那种拙劣的笑话，但她是认真的。\n既然如此，我也只能下定决心了。"
    },
    {
        "message": "我把阴茎的顶端对准她的阴道。\n为了尽量不给她带来疼痛，我慢慢地往前推进。"
    },
    {
        "name": "プルモナリア",
        "message": "「嗯……啊……嗯……嗯……！\n团，团长……进来了……嗯……嗯……！」"
    },
    {
        "message": "此前从未允许任何入侵的阴道被阴茎侵入。\\n龟头穿过紧闭的阴道。"
    },
    {
        "name": "プルモナリア",
        "message": "「啊，啊……啊……哈，哈……哈啊啊……！」"
    },
    {
        "message": "我被她毫无保留地展示出来，看着她献出了自己的处女之身。\\n对于能够独占从未有人见过的普鲁莫纳利亚的支配欲望，我的心被驱使着。\\n如果可以的话，我想一口气把阴茎插入最深处。"
    },
    {
        "name": "プルモナリア",
        "message": "「哈，哈，哈……啊……嗯嗯……！\\n团长……在我里面……抽搐……哈……\\n已经……全部进去了吗？」"
    },
    {
        "message": "阴茎只是插入到阴道中间位置。\\n我传达了这个消息后，她的表情稍微有些不悦。"
    },
    {
        "name": "プルモナリア",
        "message": "「……你太在意了……你是个了不起的人……\\n不用太在意的……哈」"
    },
    {
        "message": "低声嘀咕着，普鲁莫纳利亚注视着我说道。"
    },
    {
        "name": "プルモナリア",
        "message": "「团长……过来……把阴茎插到最深处，可以吗？」"
    },
    {
        "message": "听到这句话，我咽下了口水。\\n在我抑制冲动、忍耐的时候，这是不公平的。"
    },
    {
        "message": "我诱惑地一下子把腰挺了出去。\\n龟头正好顶到阴道深处，整根阴茎都埋入了阴道内。"
    },
    {
        "name": "プルモナリア",
        "message": "「啊，啊……深……嗯，碰到肚子里了……！\\n哈啊……哈啊……这样一来，我把处女给团长了……」"
    },
    {
        "name": "プルモナリア",
        "message": "「团长……很好，就这样……动动腰部？\\n这还没结束吧？就这样……嗯，啊……！」"
    },
    {
        "message": "还没说完就开始插拔起阴茎。\\n狭窄的阴道刺激着勃起的阴茎。"
    },
    {
        "name": "プルモナリア",
        "message": "「嗯……嗯……嗯……」"
    },
    {
        "message": "滑腻的感触从阴茎表面传来。\\n仅仅这样已经很舒服了。"
    },
    {
        "message": "但是，虽然持续了一段时间，\\n普鲁莫纳利亚的反应并没有好转。"
    },
    {
        "message": "我想让她也感到更舒服一些。\\n怀着这样的想法，我伸手触摸了普鲁莫纳利亚的乳房。"
    },
    {
        "name": "プルモナリア",
        "message": "「嗯，啊……！？」"
    },
    {
        "message": "轻轻触碰到那个小而柔软的地方，\\n普鲁莫纳利亚的身体瞬间颤抖了一下。"
    },
    {
        "message": "看到她的反应，我更加用手掌努力地爱抚着乳房。\\n渐渐地，乳头变得挺立起来。"
    },
    {
        "message": "用指尖轻弹刺激那尖锐的部位。\\n同时我开始动起腰，普鲁莫纳利亚的反应逐渐变得更强烈。"
    },
    {
        "name": "プルモナリア",
        "message": "「啊，啊……嗯嗯……团长……那里，啊啊！\\n嗯，不要……感觉奇怪……嗯，啊啊！」"
    },
    {
        "message": "然后我用指尖紧紧捏住她的乳头。\\n在阴道紧紧收缩的同时，普鲁莫纳利亚发出可爱的声音。"
    },
    {
        "name": "プルモナリア",
        "message": "「嗯，哈啊……！ 嗯，啊啊……！\\n那、那个……啊啊，嗯，那个，好厉害……！\\n抖抖地……啊啊，抖抖地，来了……！ 啊啊……！」"
    },
    {
        "message": "看着她背弯起来、喘息着享受快感的样子，我的阴茎自然而然地加快了进出的速度。\\n我想看到普鲁莫纳利亚更加享受的样子。"
    },
    {
        "name": "プルモナリア",
        "message": "「呼啊、啊啊……嗯嗯，啊啊！ 团长……啊、啊、团长……！ 嗯、嗯啊！\\n我、啊啊，我……！」"
    },
    {
        "name": "プルモナリア",
        "message": "「好舒服……啊啊，感觉越来越舒服了……！\\n嗯嗯，头脑、啊啊，头脑……一片空白……！！」"
    },
    {
        "message": "终于展现出放松的表情，感动转瞬间变成了快感。\\n每一次阴茎刺入阴道深处，她都会颤抖着享受快感。"
    },
    {
        "name": "プルモナリア",
        "message": "「啊，啊啊……好厉害，啊！啊啊……！\\n感觉不一样了，好舒服……！！」"
    },
    {
        "name": "プルモナリア",
        "message": "「团长的、阴茎每次撞击到深处……！啊啊！\\n我、嗯，会感到很舒服……！刚才、没有这样的感觉……！」"
    },
    {
        "name": "プルモナリア",
        "message": "「嗯，啊啊……不行，好舒服……！\\n被团长记住了、嗯，那个舒服的地方……！\\n嗯、啊啊，呼啊啊……！！」"
    },
    {
        "message": "她已经沦为被阴茎刺入阴道深处的快感所迷惑。\\n既然变成这样了，只能继续刺激那里。\\n离开乳房，专注于抽送。"
    },
    {
        "name": "プルモナリア",
        "message": "「啊啊，嗯嗯啊啊！啊、啊啊、嗯……！\\n那样的、啊啊，砰砰地……不行……啊啊、嗯啊！」"
    },
    {
        "name": "プルモナリア",
        "message": "「团长，啊啊、不行不行……！！嗯、啊啊！\\n那么猛烈地、啊啊，砰砰地……不行！啊啊！」"
    },
    {
        "message": "肌肤相碰撞的剧烈声音和床的吱嘎声在房间里回荡。\\n但已经无法停止这个动作了。"
    },
    {
        "name": "プルモナリア",
        "message": "「什么都……啊，什么都想不到了……！\\n嗯，只有团长……！只能想着团长……！」"
    },
    {
        "message": "阴道紧紧地夹住了阴茎。\\n她的身体变得紧绷，显然已经到了极限。"
    },
    {
        "message": "但我也一样。\\n一直到最后一刻，我拼命地抽送着享受她的感觉。"
    },
    {
        "name": "プルモナリア",
        "message": "「啊，团长……嗯嗯，好喜欢……啊啊，团长！\\n喜欢，喜欢喜欢……！好喜欢……！」"
    },
    {
        "name": "プルモナリア",
        "message": "「啊、嗯嗯、啊啊……团长……！\\n啊、啊啊、好舒服的感觉，来了……啊啊！\\n呼啊、啊啊、啊啊啊呀……！！！！」"
    },
    {
        "name": "プルモナリア",
        "message": "「嗯、嗯嗯嗯……！！\\n啊啊、哈哈、哈哈……啊啊……！」"
    },
    {
        "message": "在抵达阴道深处的同时达到了高潮。\\n每次阴茎跳动，从龟头喷出浑浊的液体。"
    },
    {
        "name": "プルモナリア",
        "message": "「哈、哈、哈……啊啊……太厉害了……！\\n在肚子里，团长的……在颤抖着……！\\n流出来了……我知道……嗯嗯！」"
    },
    {
        "message": "第一次体验到阴道内射精的感觉，普鲁莫纳利亚发出了声音。\\n她倒在床上，像是被她的身体所覆盖。"
    },
    {
        "name": "プルモナリア",
        "message": "「嗯嗯……团长……太棒了，好舒服……\\n团长也觉得舒服吗？」"
    },
    {
        "message": "我多次点头回答了那个问题。\\n由于快感太过强烈，我的脑海仍然在沸腾。"
    },
    {
        "name": "プルモナリア",
        "message": "「是吗……嘻嘻，是吗……太好了」"
    },
    {
        "message": "普鲁莫纳利亚的手环绕在我的身体上，微微凉意透过皮肤传来。\\n这温度稍稍冷却了我的头脑。"
    },
    {
        "message": "虽然这是她的愿望，但我突然开始在脑海的一角思考，我真的做对了吗？"
    },
    {
        "name": "プルモナリア",
        "message": "「……团长，下次……再来一次好吗？\\n不然的话……我可能会后悔死\\n想和团长……做更多色色的事情」"
    },
    {
        "message": "听到这样的话，我的犹豫被完全抹去了。"
    }
]