[
    {
        "name": "イオノシジウム",
        "message": "「啊啊～，啊啊～……」"
    },
    {
        "message": "床上传来低沉的呻吟声。\n一位被誉为美人的花骑士展示出了她放荡的姿态。"
    },
    {
        "message": "为了找到舒适的姿势，我仰卧着，然后趴在床上。\n她特意在夜晚造访，显得毫无防备，\n这让我感到有些困扰。"
    },
    {
        "name": "イオノシジウム",
        "message": "「团长～……我有点……\n变得热起来了～」"
    },
    {
        "name": "イオノシジウム",
        "message": "「嘿，可以脱掉吗？\n在团长面前，我不需要装模作样吧？」"
    },
    {
        "message": "我苦笑着回应她像是在开玩笑一样的口气，同时尽量避开视线。"
    },
    {
        "name": "イオノシジウム",
        "message": "「嗯……虽然听起来像是在开玩笑？\n但团长你也在意吧？\n我注意到你的眼神了哦？」"
    },
    {
        "message": "对于她戏弄般的眼神，我内心叹息。\n聪明的她怎么可能不察觉，\n我决定靠近床边。"
    },
    {
        "name": "イオノシジウム",
        "message": "「团长的眼神，每次我动一下，它就闪烁着、闪烁着♪\n嘿嘿～♪ 裙子里面看到了吗？\n这样就兴奋了……嗯」"
    },
    {
        "message": "肌肤接触的瞬间，イオノシジウム发出了一声小声。\\n没有拒绝的样子，她毫无防备地展开了身体。"
    },
    {
        "name": "イオノシジウム",
        "message": "「嗯呃，好、好大……嗯呃，嗯呃……嗯嗯！」"
    },
    {
        "message": "抬起腿，将阴茎深入秘处。"
    },
    {
        "message": "低头枕在枕头上，イオノシジウム看着我。\\n她的表情和眼神中没有痛苦，只有甜蜜的快感在酝酿。"
    },
    {
        "name": "イオノシジウム",
        "message": "「嗯，嗯呃……嗯！\\n……啊，啊，进去了，是吧……全部\\n啊，深处，刺痛……啊，啊」"
    },
    {
        "message": "感受到阴道深处的触感，イオノシジウム微微颤抖着让床发出声响。\\n俯视连接处，我的分身已经完全进入她的体内。"
    },
    {
        "name": "イオノシジウム",
        "message": "「啊，完全……呵呵\\n团长的，阴茎……全部，都进入了我的体内♪」"
    },
    {
        "name": "イオノシジウム",
        "message": "「又大又粗的阴茎……嗯呃\\n让下面的嘴巴充满它……\\n这么……兴奋，是吧♪」"
    },
    {
        "message": "脸上带着开心的笑容，再次调戏般地说着。\\n我回以同样的话语作为回应。"
    },
    {
        "name": "イオノシジウム",
        "message": "「呵呵……如果那些对我抱有幻想的人，看到现在的我会怎么样呢？\\n呵呵，呵呵呵……什么？」"
    },
    {
        "message": "她优雅的面容发出了鼻音。"
    },
    {
        "name": "イオノシジウム",
        "message": "「不让他们看到就好了……对吧？\\n现在抱着我的是团长，其他人都无关紧要」"
    },
    {
        "name": "イオノシジウム",
        "message": "「还是……嘻嘻♪\\n你是更喜欢温柔的我吗？\\n想要我扮成猫吗？」"
    },
    {
        "message": "直视着这边，毫不羞愧地说道。\\n对于她的态度，我苦笑着摇了摇头，腰部前后摆动起来。"
    },
    {
        "name": "イオノシジウム",
        "message": "「啊、啊、嗯、啊、这样……啊\\n就这样，我很满足」"
    },
    {
        "message": "感受到透过湿润的爱液传来的快感，イオノシジウム的声音变得沙哑。\\n接触到的皮肤慢慢变得发热。"
    },
    {
        "name": "イオノシジウム",
        "message": "「呼，感觉真好～……就只是躺在床上而已\\n被团长摩擦着肚子，啊，感觉真好～」"
    },
    {
        "name": "イオノシジウム",
        "message": "「啊，呵，团长，还要做其他的吗？\\n啊，胸部已经有点刺痛了\\n啊，好痛苦哦」"
    },
    {
        "message": "イオノシジウム挥动着诱人的乳房。\\n那从中央露出的粉红色乳头，牢牢吸引住了我的欲望。"
    },
    {
        "name": "イオノシジウム",
        "message": "「啊呜，嗯咕，团长，腿、张得太开了……\\n稍微、有点、不舒服……！」"
    },
    {
        "message": "想要抓住乳房就会变成这样。\\n我将上身压在她身上，五根手指沉入交叠的两个果实中。"
    },
    {
        "name": "イオノシジウム",
        "message": "「好、好哦，没、没关系……！\\n只要能让我感觉舒服，什么都可以……\\n嗯啊，啊啊，嗯呜」"
    },
    {
        "name": "イオノシジウム",
        "message": "「如果你能给我这种感觉，\\n就算有点痛苦也没关系……\\n嗯啊，嗯呜，真是太棒了！」"
    },
    {
        "message": "用一只手掌紧握着两个乳房，\\n从子宫深处带出イオノシジウム的快感。\\n随着溢出的爱液甜美的滋味，阴茎变得更加坚硬，粘膜摩擦在腰部扩散开来。"
    },
    {
        "name": "イオノシジウム",
        "message": "「哈啊，揉啊，压榨啊……\\n哈啊，啊啊，嗯呜，好多、嗯呜、嗯嗯！」"
    },
    {
        "name": "イオノシジウム",
        "message": "「可以随意对我做任何事哦？\\n更多地、更多地、按照你的喜好……！\\n小穴和胸部都、啊啊、任你喜欢！」"
    },
    {
        "message": "她像是在献上自己一样躺着，\\n完全沉浸在快感和性欲之中的イオノシジウム。"
    },
    {
        "message": "虽然阴道紧紧地收缩着，发出哭泣声，\\n但抓住的脚和撞击的腰，\\n甚至俯视的其他部位都没有任何力量。"
    },
    {
        "name": "イオノシジウム",
        "message": "「啊啊～，啊啊啊～！\\n还不够，还要更多！\\n我想要更舒服，团长大人……！」"
    },
    {
        "message": "诉求只是一种要求。\\n虽然可以随心所欲地满足，但也会产生一些疑问和好奇心。"
    },
    {
        "name": "イオノシジウム",
        "message": "「嗯呜，嗯呜呜，又、又把腿、张开了……！\\n啊啊，你这样靠近，想做什么？」"
    },
    {
        "message": "抓住脚作为支点，用阴茎搅动着阴道，并询问着。\\n让我随心所欲地做是因为只是想懒散吗？\\n还是有其他的理由呢？"
    },
    {
        "name": "イオノシジウム",
        "message": "「哈啊，哈啊，就、就是这样……当然了」"
    },
    {
        "message": "仰望着可爱的样子，形成了一丝惊喜的笑容。"
    },
    {
        "name": "イオノシジウム",
        "message": "「团长大人，我喜欢你……所以，呢\\n非常喜欢团长大人，嗯呜、嗯呜、嗯呜\\n想要这样，让我感受到很多快乐」"
    },
    {
        "name": "イオノシジウム",
        "message": "「哈啊，什么？你想确认一下吗？\\n哈啊，嗯呜，呵呵，没办法\\n我的团长大人呢……哈啊，啊啊！」"
    },
    {
        "message": "在充满淫靡笑容的好意之言中，\\n身体燃烧起来，抽送的速度加快。\\n回应的势头变得凶暴，仿佛贪婪地索取一般。"
    },
    {
        "name": "イオノシジウム",
        "message": "「啊啊，啊呀，团长大人……！\\n摩擦、穿越、哈啊，阴道，嗯呜呜，好像要燃烧起来了！」"
    },
    {
        "message": "没有回应那像是惊叫般的娇声，\\n为了专心进行抽插，再次用力抓住了乳房。"
    },
    {
        "name": "イオノシジウム",
        "message": "「哈呜呜，胸部，感觉真好……！\\n啊啊，舒、服……！ 嗯呜呜，热量传达过来了！」"
    },
    {
        "name": "イオノシジウム",
        "message": "「这样一来，头部和阴道都好像在蒸煮一样！\\n哈啊，啊啊，啊啊啊，诱惑太过分了吧！」"
    },
    {
        "name": "イオノシジウム",
        "message": "「啊啊，啊呀呀，嗯啊啊啊，这样一来，马上就要高潮了！\\n啊啊，阴道都要疯掉了！\\n被阳具燃烧着，变得疯狂起来了！」"
    },
    {
        "message": "带着紧迫感的声音和收缩的媚肉的颤动，预示着前兆的到来。\\n将感受到的一切压碎，\\n将上半身的重量倚靠在脚上，将浑浊的热量推入阴道深处。"
    },
    {
        "name": "イオノシジウム",
        "message": "「哈啊，嗯啊，哎呀，好热，好热！\\n哈啊，啊啊，好热啊，阳具在颤抖……！\\n啊呀呀，嗯呜呜，嗯咕咕！」"
    },
    {
        "name": "イオノシジウム",
        "message": "「要来了，好厉害的东西，阴道好热！\\n啊啊啊啊啊呜呜呜呜！」"
    },
    {
        "name": "イオノシジウム",
        "message": "「啊啊，热，好热好热好热呀呀！\\n小穴要烧焦了呜呜呜呜呜呜……！」"
    },
    {
        "message": "吐出的白色岩浆，使得イオノシジウム的皮肤抽搐不已。"
    },
    {
        "message": "被那优雅的花骑士所吸引，\\n不断射精，将热量送入她的阴道深处。"
    },
    {
        "name": "イオノシジウム",
        "message": "「哈啊，哈啊，哈啊，太舒服了」"
    },
    {
        "message": "一边注视着她陶醉的表情，向她表示感谢。\\n因为太高兴了，有点粗暴地对待了她。"
    },
    {
        "name": "イオノシジウム",
        "message": "「嗯……不用在意我说的话哦？\\n我也有责任在那个时候说出来\\n一直诱惑你，还表白什么的……呵呵，让你太辛苦了」"
    },
    {
        "name": "イオノシジウム",
        "message": "「但是……我也觉得那个时候说出来是对的\\n毕竟，想做的事情最好马上去做，对吧」"
    },
    {
        "message": "瞥了一眼，イオノシジウム的脸颊放松下来。\\n视线所及的连接处被溢出的精液弄脏，\\n淫荡地将彼此的身体连接在一起。"
    },
    {
        "name": "イオノシジウム",
        "message": "「团长大人，你对我爱得那么多……\\n呵呵，还给了我好多热量\\n……亲亲抱抱，做了好多好多」"
    },
    {
        "name": "イオノシジウム",
        "message": "「如果可以的话，就想一直这样融化在一起…一直黏黏糊糊地在一起，黏黏糊糊♪啊…真是太舒服了～♪」"
    }
]