[
    {
        "name": "カトレア",
        "message": "「唉……麻烦」"
    },
    {
        "message": "若是骑士团的人听到交给她新装的反应，必定会感到失望，但考虑到她的性格，这种感想也算可以理解。"
    },
    {
        "message": "不过，用自己长期相处的眼光看，可能会看到一些不同的东西。我苦笑着问道，她并非全然不高兴。"
    },
    {
        "name": "カトレア",
        "message": "「嘛，只是一点点而已嘛」"
    },
    {
        "message": "说得毫不羞涩。她应该是有自觉的。"
    },
    {
        "name": "カトレア",
        "message": "「荣誉勋章那些我倒是不在乎，\\n但我喜欢这套衣服的到来方式，\\n多亏了你……这样的地方吧」"
    },
    {
        "message": "能让这位难搞的小姐高兴，已经是最大的心愿了。渴望奖赏的心情也油然而生。"
    },
    {
        "name": "カトレア",
        "message": "「明明最开始就打算穿这套衣服，\\n还特意用烦琐的说辞」"
    },
    {
        "name": "カトレア",
        "message": "「不过嘛，偶尔这样也不错，\\n就当是对你努力的奖励吧，\\n那么，我主人，你究竟期望怎样的奖赏呢♪」"
    },
    {
        "message": "浮现在脑海的有两个。犹豫了数十秒。\\n虽然两者都很有吸引力，\\n但这次我故意选择了不太适合高傲的她的东西。"
    },
    {
        "name": "カトレア",
        "message": "「真是让人生气……你是不是太喜欢我的胸了」"
    },
    {
        "message": "俯视而来的苦笑既令人愉悦又有些害羞。\\n虽然这是事实，但对于现在这个像婴儿一样的自己，也有些许羞耻。"
    },
    {
        "message": "然而，这种满足感和兴奋感弥补了一切。\\n那丰满到近乎威胁的丰胸和握住挺立的愚息的纤指，让幸福感油然而生。"
    },
    {
        "name": "カトレア",
        "message": "「说实话，有点意外……我早就有心理准备了哦？\\n会像平常一样被搞得一团糟吧？」"
    },
    {
        "message": "确实如此。偶尔这样也不错。\\n因为交往时间长了，除了插入之外，有时也想要其他的。"
    },
    {
        "name": "カトレア",
        "message": "「嗯～嘛……好吧，无所谓，其实\\n也算是给你的奖励……实际上，感觉很满足呢」"
    },
    {
        "name": "カトレア",
        "message": "「肉棒那边特别，嘛♪」"
    },
    {
        "message": "瞬间，腰部颤动了一下。\\n卡特蕾亚的食指如同展开了汁液一般，抚摸着龟头。"
    },
    {
        "message": "知道怎么做吗？\\n抬头看着她，她的脸颊泛起了淡淡的朱红。"
    },
    {
        "name": "カトレア",
        "message": "「登脱比姆和布拉克巴卡拉教给我的\\n是手交，对吧？」"
    },
    {
        "name": "カトレア",
        "message": "「好像是这样……用指头做个环，然后压在尖端……\\n像这样，刺刺地，像是转动一样……」"
    },
    {
        "message": "尽管有些拙劣，但熟练的指法让声音溢出。"
    },
    {
        "message": "不仅是被手淫的阴茎，\\n下半身也传来愉悦的涟漪。"
    },
    {
        "name": "カトレア",
        "message": "「登脱比姆说得没错\\n肉棒，感觉真好，真好，嗡嗡地颤抖……\\n宫缩液也很多……黏糊糊的，非常淫荡♪」"
    },
    {
        "name": "カトレア",
        "message": "「平时都能持久，怎么了？\\n接下来会吸奶吧？\\n可惜的是这么大的奖励，没问题吗？」"
    },
    {
        "message": "甚至对于像她这样傲慢难搞的女孩来说，\\n被她奚落的同时被她手淫，让我强烈地意识到。"
    },
    {
        "name": "カトレア",
        "message": "「因为是我，所以才会这样吗？\\n呵呵……我一点都不觉得不好♪」"
    },
    {
        "message": "似乎意外地让她感到愉悦。\\n头顶的嘴角上扬，手指的动作变得不同。"
    },
    {
        "name": "カトレア",
        "message": "「给你加个奖励\\n接下来是……布拉克巴卡拉♪」"
    },
    {
        "message": "环被解开，这次用整个掌心轻轻握住并慢慢套动。"
    },
    {
        "name": "カトレア",
        "message": "「看嘛……挑逗挑逗……♪\\n让肉棒感受到令人焦躁的刺激♪\\n越来越无法思考了……♪」"
    },
    {
        "name": "カトレア",
        "message": "「呵呵……眼神变得迷离了♪\\n脑海中，充满了我……？已经无法离开我了？\\n没有我，好像就无法继续生活了？」"
    },
    {
        "message": "就算变成那样也没关系。\\n不，已经变成那样了。\\n灵魂已经哀求我完全交托给她。"
    },
    {
        "message": "但是，仅仅这样还不够。\\n为了充分享受这美好的奖励，\\n我俯身凑近她的乳头，狠狠地吸了上去。"
    },
    {
        "name": "カトレア",
        "message": "「嗯……终于来了呢\\n拼命地吮吸……啊……嗯\\n英俊的骑士团长，变成了宝宝呢……♪」"
    },
    {
        "message": "俯视着的赤色双眼逐渐迷离。"
    },
    {
        "name": "カトレア",
        "message": "「可爱的地方真多呢……\\n肉棒，被随意摆布，\\n在还没喝到奶的小奶球上，这么撒娇……♪」"
    },
    {
        "message": "卡特蕾亚也变得兴奋起来。\\n在撒娇的过程中，乳头早早地勃起，\\n甜腻的吐息摇动着前发。"
    },
    {
        "name": "カトレア",
        "message": "「啾啾啾，真是个能手……好孩子好孩子\\n真的……就像两个说的那样\\n看到这么可爱的地方……\\n一开始，其实并没有这样的打算……」"
    },
    {
        "message": "头被抱过来。\\n就算乳房被挤扁，卡特蕾亚也毫不在意，她把嘴唇贴近耳朵。\\n然后，注入了一记过于强烈的一击。"
    },
    {
        "name": "カトレア",
        "message": "「我来告诉你……\\n离不开的是我这边……\\n不能没有你，也是我这边……」"
    },
    {
        "name": "カトレア",
        "message": "「好喜欢你，你知道吗……好喜欢♪」"
    },
    {
        "message": "心脏咚咚地跳动着。\\n身心的感觉提高，所有的刺激都倍增。\\n轻柔的爱抚让精液瞬间显现。\\n为了忍耐住，身体紧绷，把脸埋在乳房里。"
    },
    {
        "message": "但那柔软和丰满唤起了幼小心灵的感觉。\\n作为成年人培养出来的自制心融化了。"
    },
    {
        "name": "カトレア",
        "message": "「龟头，砰砰地……想出来了？ 忍不住了吗……？\\n在我怀里撒娇，想要喝奶奶，想要喷喷喷的吗？」"
    },
    {
        "message": "点头，吸着乳头。\\n没有技巧，只是想撒娇所以吸着。"
    },
    {
        "message": "与此同时，双眸变得湿润。\\n并不是因为痛苦或悲伤，而是一种类似于乡愁的温暖切望涌上心头。"
    },
    {
        "name": "カトレア",
        "message": "「高兴得流泪呢……♪\\n那么，就这样……给你两个一起撸吧♪」"
    },
    {
        "message": "两个是什么意思。\\n在怀疑的言语表达之前，卡特蕾娅就把这话砸了过来。"
    },
    {
        "name": "カトレア",
        "message": "「这可是我的原创……\\n是因为你才想到的，\\n你觉得不需要负责任吗？」"
    },
    {
        "message": "带着一种自上而下的目光，但连母性的微笑都让人感受到，\\n指尖轻抚着铃口。"
    },
    {
        "name": "カトレア",
        "message": "「世界所喜爱的我的力量……尽情品味吧♪」"
    },
    {
        "message": "紧接着，全身一阵紧缩。\\n从摆弄铃口的指尖传来，一股热热的东西灌入其中。"
    },
    {
        "name": "カトレア",
        "message": "「嘿～，进入肉棒啦～？\\n我的炽热魔力……滑溜地就进去了♪」"
    },
    {
        "message": "仿佛被炽热的羽毛轻抚般的快感。\\n尿道中，甚至深入睾丸的地方都被温柔地挑逗着。\\n这个动作一次又一次地重复。"
    },
    {
        "name": "カトレア",
        "message": "「肉棒也在高兴地哭泣♪\\n就这样，肉棒的外面，肉棒的里面……\\n两者都会让你感到愉悦♪」"
    },
    {
        "name": "カトレア",
        "message": "「咕噜咕噜……刮刮……滑滑……渗渗……♪\\n肉棒，好舒服……肉棒，好舒服……♪」"
    },
    {
        "message": "在魔力的作用下，尿道受到折磨，同时用纤细的手指全力套弄着肉棒。\\n已经习惯了的手法温柔地擦过龟头，\\n这个动作与魔力的热度一起刻印在尿道内。"
    },
    {
        "name": "カトレア",
        "message": "「想要的时候，就射吧……我，随时都可以……♪\\n想要射的时候……嗯……啊……♪\\n只要说出想要射，就好了……」"
    },
    {
        "message": "不行。\\n用泪眼求饶。"
    },
    {
        "name": "カトレア",
        "message": "「呵呵……♪\\n那么……嗯♪，数到八的时候……就让你射出来吧\\n在那之前，忍耐一下……！」"
    },
    {
        "message": "为什么是这么个不切实际的数字。\\n是有什么重要的意义吗。"
    },
    {
        "message": "那种疑虑果然无法用言语表达。\\n在极致的快感中，语言中枢被灼烧，\\n对拥抱和乳房乳头的甜蜜感觉让自我完全融化了。"
    },
    {
        "name": "カトレア",
        "message": "「一一……二一……努力，加油啊，加油♪\\n两个人也是这么说的……\\n忍耐的时候，会有更舒服的奶水喷出来吧……♪」"
    },
    {
        "message": "在天堂与地狱的倒计时中，思考功能已经消失。\\n被卡托蕾亚填满，沉浸在卡托蕾亚的怀抱中沦陷。"
    },
    {
        "name": "カトレア",
        "message": "「三……嗯♪ 哦……！\\n肉棒，好厉害！好像要爆炸了……！\\n差不多，要来了哦……！ 六……七……！」"
    },
    {
        "name": "カトレア",
        "message": "「八，一一……！ 八一……！ 来吧……射出来！\\n舒服的奶水，尽情地喷发吧♪」"
    },
    {
        "name": "カトレア",
        "message": "「啊，不行……！ 咬人是犯规的……！\\n呼呜，嗯呜呜呜呜……♪」"
    },
    {
        "message": "颤抖的叱咤被漠视。\\n肉棒在卡托蕾亚的手中狂热地蠢动。"
    },
    {
        "message": "追逐着被抽出的魔力，精液飞溅而出。\\n悸动不止。\\n被魔力摆弄的睾丸全力运作，\\n仿佛将所有体液都转化成了精液一样。"
    },
    {
        "message": "在痛苦和超越痛楚的快感中支离破碎。\\n紧紧拥抱着卡托蕾亚，只能在吮吸乳头的愉悦中度过。"
    },
    {
        "name": "カトレア",
        "message": "「真是的……都是因为你，轻松就高潮了嘛」"
    },
    {
        "message": "她嘴唇微微翘起，带着一丝怨恨，但她的指尖却温柔至极，正好与嘴巴的表情相反。"
    },
    {
        "name": "カトレア",
        "message": "「就这样……全部放出来吧。虽然黑色巴克拉一直说要硬来到最后，但这个我会帮你放过的。」"
    },
    {
        "message": "依然滴着精液，变得敏感不已的肉棒，被卡托蕾亚温柔地摆弄着。无法停止沉溺在撒娇的心情中。"
    },
    {
        "name": "カトレア",
        "message": "「好了好了……尽情撒娇吧。等你冷静下来，我会一直在这里安慰你的……♪」"
    },
    {
        "name": "カトレア",
        "message": "「但这种事今天就到此为止……下次可是轮到我了，要做好回报的准备哦……♪」"
    }
]