[
    {
        "name": "カトレア",
        "message": "「好了……做好准备吧！今天我要给你报仇！」"
    },
    {
        "message": "开门见山地说出来。当然，我已经知道你来的目的。"
    },
    {
        "message": "但是，也有些事情我不明白。为什么是今晚呢？从那天起已经过了相当长的时间了。"
    },
    {
        "name": "カトレア",
        "message": "「我向树兰和另外一个人学到了一些东西。他们看起来经验丰富，应该能把你打得落花流水！」"
    },
    {
        "name": "カトレア",
        "message": "「如果你明白就快点脱掉吧！这次我要……把你的奶水全部挤出来！」"
    },
    {
        "name": "カトレア",
        "message": "「嗯……今天也很大呢。没关系，就这样深入……呼，嗯嗯嗯嗯嗯！」"
    },
    {
        "message": "抓住卡特莉亚的纤腰，用坚挺的肉棒侵入。从发出的呻吟声中，可以感受到无法掩盖的快感。"
    },
    {
        "message": "听着她那迷人的声音，我意识到了一个事实。丰满的乳房从娇美的背后溢出。"
    },
    {
        "name": "カトレア",
        "message": "「呵呵……你在看吗？我的，胸部♪」"
    },
    {
        "message": "卡特莉亚露出了故意做作的笑容。\\n甚至还摇晃着乳房给你看。"
    },
    {
        "name": "カトレア",
        "message": "「看吧，你想摸对吧？我就原谅你了哦？」"
    },
    {
        "name": "カトレア",
        "message": "「就像上次那样……多揉揉胸部，\\n把我弄得软绵绵的不就好了吗？」"
    },
    {
        "name": "カトレア",
        "message": "「把手指插进去，挤压着……感觉很舒服吧？\\n即使我说够了，你还是一次又一次地……用乳房让我高潮了对吧？」"
    },
    {
        "message": "卡特莉亚摆动着臀部，故意引人注目。\\n当然，丰满的乳房也随之晃动，像水果一样悬挂着。"
    },
    {
        "name": "カトレア",
        "message": "「但是……哈啊啊，啊呜……今晚不同哦\\n要用到学到的全部技巧……呼，嗯嗯\\n我要……让你软绵绵的……」"
    },
    {
        "message": "紧握住桌子边缘，\\n卡特莉亚收紧阴道，全身颤动。"
    },
    {
        "message": "逐渐地，越来越激烈。全身大幅度运动。\\n准确地擦拭龟头，扭动臀部吞噬着肉棒。"
    },
    {
        "name": "カトレア",
        "message": "「看吧，看吧……！你明白我的意思吧……！\\n抖动着，弯曲着……嗯呜，说着很舒服」"
    },
    {
        "name": "カトレア",
        "message": "「摸了胸部，会更……啊啊，会更舒服的哦？\\n我的，胸部……哈，嗯嗯，知道你已经迷上了吧」"
    },
    {
        "name": "カトレア",
        "message": "「呼呼呼，呼，忍耐什么的，根本不可能吧？\\n赶快感受快乐吧……把奶水挤出来啦！\\n呼啊啊……啊啊啊……嗯嗯，嗯嗯！」"
    },
    {
        "message": "臀肉拍打在脚根处。\\n眼前的背部被汗水湿透，混杂着喘息的快感弥漫开来。\\n对于那个确实可见的沉甸甸的果实，欲望几乎要爆发出来。"
    },
    {
        "message": "双手、意识、肉棒都记住了她的乳房带来的快感。\\n如果沉迷其中，我们彼此能够产生多少快感呢，\\n即使此刻也能够回味起来。"
    },
    {
        "name": "カトレア",
        "message": "「啊，你在做什么……呼啊啊，嗯啊啊！？」"
    },
    {
        "message": "然而，无法忍受诱惑的诱惑。"
    },
    {
        "name": "カトレア",
        "message": "「稍微……嗯嗯啊，你是故意拖延吗？\\n如果要碰的话就……哈啊啊，啊啊，好好地碰一下吧」"
    },
    {
        "message": "将插入的动作交给卡特蕾雅，指尖轻轻晃动。\\n在腰侧、果实根部上来回划动。"
    },
    {
        "message": "绝对不会用力。像抚摸细毛一样地移动。\\n绝对不会触碰那丰满的本体。"
    },
    {
        "name": "カトレア",
        "message": "「嚣张……嗯嗯……明明又忍不住了……啊呜呜」"
    },
    {
        "message": "到底是谁忍不住呢？\\n我一边将手指滑入腋下和乳肉之间，一边问道。"
    },
    {
        "message": "她从刚才开始就只说乳房的事情。\\n现在她的目光还停留在我的双手上。"
    },
    {
        "name": "カトレア",
        "message": "「那是因为……嗯，被你们两个说要用自己的武器……啊嗯\\n并不是因为我想要你们碰我什么的……」"
    },
    {
        "message": "她的目光离开了我的身体。动作也变得迟缓。\\n趁着这个机会，我从根部轻轻抚摸了一次乳房。"
    },
    {
        "name": "カトレア",
        "message": "「啊啊啊……」"
    },
    {
        "message": "只有一次爱抚。\\n但这一次，阴道的肉壁紧紧收缩，背部颤抖起来。"
    },
    {
        "message": "满足于这种充满情欲的景象，我再次挠痒了丰满乳房的根部和腰腹。"
    },
    {
        "name": "カトレア",
        "message": "「哈啊啊……哈啊……卑鄙……呜呜……\\n这样，哈啊，啊啊……太卑鄙了……」"
    },
    {
        "message": "是一声忧伤的喘息声。视线回到了我的双手上。"
    },
    {
        "name": "カトレア",
        "message": "「哈啊、哈啊、不会输的，不会输的……呃\\n明明上次已经这样对我了，\\n今晚又来这样……啊，受不了……嗯，嗯唔！？」"
    },
    {
        "message": "再次的爱抚。这次指尖触及到乳晕附近。\\n坚挺的乳头告诉她已经到了极限。"
    },
    {
        "message": "只要你放弃复仇，我愿意满足你的一切愿望。\\n我低声说着，重新开始抽插停下的动作。"
    },
    {
        "name": "カトレア",
        "message": "「唔……嗯唔唔！放弃什么……啊啊！\\n明明已经说过一次了，怎么可能做到呢……！」"
    },
    {
        "name": "カトレア",
        "message": "「哈啊啊，但是，嗯唔唔……这样下去的话……呃\\n啊，不行，不行……不能说出来！」"
    },
    {
        "message": "卡特蕾雅颤抖着头，犹豫不决。\\n但是，她的视线始终没有移动。\\n眼神在诉说着想要被触摸的渴望。"
    },
    {
        "message": "也许，此刻她只能想到这个了。\\n甚至忽略了阴道内的摩擦，\\n一直凝视着让人焦虑的手。"
    },
    {
        "name": "カトレア",
        "message": "「……如果我放弃了，你会摸我的胸吗？」"
    },
    {
        "message": "几秒钟后，我听到了低声的恳求。"
    },
    {
        "message": "我也想触摸。我想沉溺在卡特蕾雅的怀抱中。所以请你放弃吧。\n我这样回答道。\n我真是个卑鄙的转移话题。"
    },
    {
        "name": "カトレア",
        "message": "「那么……啊，放弃吧\n所以……请对我的胸部多关照一下……」"
    },
    {
        "message": "她的目光不再注视着我的手指，而是看向了我。\n在她炽热而湿润的眼眸中，冲动迸发，肉棒和双手贪婪地探索着卡特蕾雅的身体。"
    },
    {
        "name": "カトレア",
        "message": "「啊啊啊！啊！嗯嗯……来了！\n胸部……嗯啊，摸摸它，让我感受到更多快感……！」"
    },
    {
        "message": "俯身覆盖在她身上，揉搓着乳头，任由欲望驱使。"
    },
    {
        "message": "她的反应非常强烈。\n紧紧的收缩和湿润的爱液，迎接着剧烈的抽插。"
    },
    {
        "name": "カトレア",
        "message": "「啊呜……嗯呜！我不可能忍受这样……！\n这么舒服……啊啊，胸部，你的手，我都记住了……！」"
    },
    {
        "name": "カトレア",
        "message": "「因为你之前给了我很多快感……\n你教会了我什么是舒服的……！\n我的胸部已经被你开发出来了……嗯呜啊啊！」"
    },
    {
        "name": "カトレア",
        "message": "「啊啊，如果不是你的话就不行了……啊呜！\\n再多摸摸我，摸摸我……！\\n胸部，想要被强奸！嘿，拜托了……！」"
    },
    {
        "message": "卡特蕾雅对期待已久的爱抚发出雌性的叫声。\\n她的眼神已经失去了焦点。"
    },
    {
        "message": "被揉搓着已经成熟的果实，擦弄着乳头，\\n在紧绷的肉棒往复中只会喘息。\\n在淫荡而官能的痴态中，射精欲望不断上升。"
    },
    {
        "name": "カトレア",
        "message": "「呼咕、嗯啊、阴茎好厉害……！\\n深入到最深处……啊呜，啊啊！\\n到达了……最深处，正好碰到了！」"
    },
    {
        "name": "カトレア",
        "message": "「这个不行啦！我要射出来了！\\n哈啊，啊呜，等、等一下！我还不想射出来……！\\n别结束……还想被摸更多呢！」"
    },
    {
        "name": "カトレア",
        "message": "「哈啊啊，阴茎，涨起来了……！？\\n奶水，涨上来了！哈啊啊，不行，不行……！\\n还不要射出来……拜托了，拜托你！」"
    },
    {
        "message": "无法回应卡特蕾雅摇头的请求。\\n在不断收缩的阴道内输给了对方，将彼此推向极限。"
    },
    {
        "name": "カトレア",
        "message": "「啊呜呜！不要，不要啦！不要不要不要……！\\n奶水，不能喷出来啦啦啦……！」"
    },
    {
        "name": "カトレア",
        "message": "「呼咕……嗯嗯呜呜……！」"
    },
    {
        "message": "依然贴合在一起，将精液挤入子宫口。\\n扩散的多重幸福感让他们无法进行其他动作。"
    },
    {
        "message": "紧握着桌子边缘，卡特蕾雅也忍受着极致的高潮。\\n双腿用力伸直，臀部抬起。"
    },
    {
        "name": "カトレア",
        "message": "「哈啊、哈啊、哈啊……这个、笨蛋」"
    },
    {
        "message": "呼吸渐渐平稳，等待他们的只有余韵中摇曳的谩骂。"
    },
    {
        "name": "カトレア",
        "message": "「为什么要射出来呢……\\n明明我想要再忍耐一下……胸部，还想要更舒服一点的……\\n明明，我有说过的……」"
    },
    {
        "message": "但是，卡特蕾雅也应该达到了极致。\\n在她回答的瞬间，卡特蕾雅的眼神变得锐利起来。"
    },
    {
        "name": "カトレア",
        "message": "「完全不够啊！笨蛋！」"
    },
    {
        "name": "カトレア",
        "message": "「明明上次那么想要让我舒服到不行……！\\n结果今天只有一次！？这样怎么可能够！」"
    },
    {
        "name": "カトレア",
        "message": "「而且，你还故意让我焦急等待！？\\n负责到天亮为止！\\n快，立刻站起来……！」"
    },
    {
        "name": "カトレア",
        "message": "「啊！？马上就不行吗！？\\n好吧……那我来帮你一下……！」"
    },
    {
        "message": "可惜，早上还没结束。"
    },
    {
        "message": "超强的魔力强制勃起。异常的精液生成量。\\n行为持续到吸取了重要的东西，\\n射精次数超过了上次她的高潮次数。"
    },
    {
        "name": "カトレア",
        "message": "「下次不要再拖延了，好好摸我对不对？哼！」"
    },
    {
        "message": "她在阳光下离开房间时留下了这句话。"
    }
]