[
    {
        "name": "シンビジューム",
        "message": "「团长大人……突然失礼了……\n那个，那个……请让我帮您揉背吧……！」"
    },
    {
        "message": "在我结束工作、想要放松时，出现在我面前的是辛比秋姆。\n她红透了耳朵，偷偷地瞄着我。"
    },
    {
        "name": "シンビジューム",
        "message": "「我来给您打理一下……所以……\n请交给我吧！」"
    },
    {
        "message": "她这样说着，开始用肥皂泡沫轻柔地洗起了我的身体。\n纤细灵活的指尖仔细地洗着我的背部。\n在享受着舒适的触感的同时，也对她积极主动的样子感到惊讶。"
    },
    {
        "name": "シンビジューム",
        "message": "「嗯……团长，那个，之前也是……让我来洗吧」"
    },
    {
        "message": "纤细的指尖从背后滑过。\n与此同时，背部传来柔软的触感。\n我才注意到辛比秋姆的样子与平时不同。"
    },
    {
        "name": "シンビジューム",
        "message": "「对不起……团长大人，我……我……\n之前的事情，一直忘不了……身体自己就会变得热起来……」"
    },
    {
        "message": "听到这句话，我终于明白了辛比秋姆的行动。\n看来她是在向我示好。"
    },
    {
        "name": "シンビジューム",
        "message": "「所以……所以……团长大人……！\n请抱着我……嗯、抱着我一次吧！\n再一次地……吃掉我吧……！」"
    },
    {
        "name": "シンビジューム",
        "message": "「啊啊……嗯，团长……请插进来……！\n在我这里……把团长的硬的……插进去……\n插进去，我想要你插进去」"
    },
    {
        "message": "当她把屁股朝这边推出来时，辛比秋姆自己撑开了阴道。\n看着她贪欲地晃动的屁股，阴茎很容易就有了反应。"
    },
    {
        "message": "在平时端庄的她和现在的反差让我头晕目眩。\n无法忍耐，我把勃起的阴茎对准那个凹陷处，\n然后一下子抽送了进去。"
    },
    {
        "name": "シンビジューム",
        "message": "「嗯，啊啊……！ 啊啊，嗯嗯……！\n团长的……啊啊，硬的来了……！」"
    },
    {
        "name": "シンビジューム",
        "message": "「硬的，一直深入到我里面……啊啊，进来了……嗯嗯！\n充满了我的腹部……嗯嗯」"
    },
    {
        "message": "感受到插入的触感，辛比秋姆的身体颤抖了起来。\n她的阴道已经湿透了，汁液从连接处溢出。\n那是足以沿着她的大腿流下来的量。"
    },
    {
        "name": "シンビジューム",
        "message": "「一直……啊啊，一直都想要这个……！\n团长的……阿、阴茎……一直都想要得不得了……！」"
    },
    {
        "message": "辛比秋姆嘴里传出淫秽的言语。\n在快感中，她的头脑仿佛已经麻痹了，平时绝对不会说出口的话\n也轻而易举地从喉咙中溢出来了。"
    },
    {
        "name": "シンビジューム",
        "message": "「嗯，嗯……团长，我……无法忍耐\n请动起来……！ 阴茎，在我里面……\n多多地抽送吧……！」"
    },
    {
        "message": "并没有特意刺激她。\n但是辛比秋姆已经无法忍耐了。\n她自己不停地扭动着屁股，迫切地要求着进出。"
    },
    {
        "message": "我无法抑制住对她这样的样子的兴奋。\n不知不觉中，我开始猛烈地摆动腰部，被欲望驱使着。"
    },
    {
        "name": "シンビジューム",
        "message": "「啊啊……嗯，团长……！\n嗯嗯，啊啊……来了！」"
    },
    {
        "name": "シンビジューム",
        "message": "「嗯，这个……啊啊，好舒服……！\n果然，嗯，好舒服……！」"
    },
    {
        "message": "辛比秋姆的身体颤抖着，迎合着强烈的进出。\n为了支撑身体重量而用力的腿部也在快感中颤抖。"
    },
    {
        "name": "シンビジューム",
        "message": "「阴茎，在深处不断地刺激……！\n啊啊，阴茎……好舒服，\n嗯啊，阴茎在里面……紧紧地抓住了……！」"
    },
    {
        "name": "シンビジューム",
        "message": "「啊啊……嗯，喜欢……！\n这个，非常喜欢……\n团长，请再给我更多……阴茎，再多一点……」"
    },
    {
        "message": "对于阴茎有力的进出，辛比秋姆很快就适应了。\n看来她一直渴望着这种快感。"
    },
    {
        "name": "シンビジューム",
        "message": "「因为……无法忘记\n被团长拥抱的事情……被团长吃掉的时候……！\n我的身体，嗯，已经牢牢记住了」"
    },
    {
        "name": "シンビジューム",
        "message": "「不知不觉中……啊啊，我的里面……自己就湿了起来……\n为了被团长拥抱做好准备……自己就开始了！」"
    },
    {
        "name": "シンビジューム",
        "message": "「这样的淫荡……太不像话了……明明是不可以的……\n虽然很害羞……但是，忍不住了」"
    },
    {
        "message": "辛比秋姆感到羞耻，连耳朵都红透了。\n但是这种羞耻似乎也成为了她现在的兴奋源泉。"
    },
    {
        "message": "每次说出害羞的告白，阴道就会紧紧地夹住阴茎。\n而在上面的秘穴也会颤动不已。"
    },
    {
        "name": "シンビジューム",
        "message": "「啊啊啊，嗯……团长……嗯啊！\n啊啊，嗯嗯……」"
    },
    {
        "message": "用力揉捏着辛比秋姆渴望的臀肉。\n然后双手抓住臀部，用力抽送腰部。"
    },
    {
        "name": "シンビジューム",
        "message": "「呼啊啊，啊啊……团长，\n啊啊啊，嗯嗯……！屁股……呃啊啊，用力一点的话……\n啊啊啊，嗯嗯……」"
    },
    {
        "message": "辛比秋姆被抚摸着屁股，扭动着背部喘息。\n似乎是括约肌发力的缘故，秘穴和阴道都紧紧收缩着。"
    },
    {
        "message": "强烈的紧缩感让人无法抵挡。\n对喘息着的辛比秋姆，请求她更加紧紧夹住阴道。"
    },
    {
        "name": "シンビジューム",
        "message": "「诶……嗯，那、那种……事情……」"
    },
    {
        "message": "面对淫荡的请求，辛比秋姆稍稍犹豫了一下。\n但是，当他强劲地摸着屁股摇动腰部时，\n辛比秋姆颤抖着身体表示同意了。"
    },
    {
        "name": "シンビジューム",
        "message": "「我、我知道了……嗯，阴、阴道……我会紧紧夹住的……！\n嗯，嗯嗯嗯……啊啊，这样可以吗？」"
    },
    {
        "message": "可以感觉到辛比秋姆的下肢变得紧绷。\n与此同时，阴道也紧紧收缩着。\n阴茎被夹紧，快感传遍全身。"
    },
    {
        "name": "シンビジューム",
        "message": "「呼啊啊，啊啊……这、这样的话，啊啊！\n连我也……啊啊，感觉到了……呼啊啊啊！！」"
    },
    {
        "message": "辛比秋姆因快感而身体抽搐。\n在这样的她身上，一边说着更加紧紧夹住的话，一边摇动腰部。"
    },
    {
        "name": "シンビジューム",
        "message": "「我、我知道了……嗯嗯嗯……！嗯，啊啊！\n嗯嗯嗯，啊啊，嗯……！嗯嗯嗯嗯……！！」"
    },
    {
        "message": "每次辛比秋姆用力收紧括约肌时，可爱的秘穴都会抽搐。\n在目睹这样淫靡的景象时，\n继续在辛比秋姆的阴道中摩擦着阴茎。"
    },
    {
        "name": "シンビジューム",
        "message": "「啊啊啊，嗯嗯……团长，先生……！\n阴道，怎么样？感觉舒服吗？」"
    },
    {
        "name": "シンビジューム",
        "message": "「我、已经……到极限了……！\n阴茎，夹得太紧了……太舒服了……啊啊！\n我要……要射了……啊啊！」"
    },
    {
        "message": "为了迎接射精，把阴茎插入辛比秋姆的阴道深处。"
    },
    {
        "name": "シンビジューム",
        "message": "「嗯，阴茎夹得好紧……\n请射进来吧……把精液射进我的小穴里……！」"
    },
    {
        "name": "シンビジューム",
        "message": "「啊啊，要射了……！我要射了……！\n啊啊，嗯，啊啊啊……！」"
    },
    {
        "name": "シンビジューム",
        "message": "「嗯，啊啊……哈哈，哈哈，哈哈……！\n团长先生，嗯嗯，我……已经射了……嗯……」"
    },
    {
        "message": "辛比秋姆大口喘息着，身体颤抖着。\n同时，在她的阴道里喷出大量的精液。"
    },
    {
        "name": "シンビジューム",
        "message": "「团长先生……嗯，我感觉非常舒服……\n脑袋里一片空白……嗯……\n团长先生，你感觉舒服吗？」"
    },
    {
        "name": "シンビジューム",
        "message": "「你有把精液射进我的里面吗？」"
    },
    {
        "message": "我从后面抱住她的身体，回答了她的问题。\n因为太舒服了，精液比平时更多。"
    },
    {
        "name": "シンビジューム",
        "message": "「呵呵，那太好了\n嗯……啊，团长大人的……在我里面，渐渐变小了」"
    },
    {
        "message": "辛比秋姆有些寂寞地说道\n不久后，她用撒娇的声音，抬头看着我"
    },
    {
        "name": "シンビジューム",
        "message": "「那个，团长大人……那个……能再来一次吗？\n这样……这么淫荡的事情是不行的吗？」"
    },
    {
        "message": "对于她谦虚而妖媚的问题，我不禁笑了出来\n辛比秋姆的身体，似乎还在痒痒地渴望着"
    }
]