[
    {
        "name": "パフィオペディルム",
        "message": "「最近，我有一种感觉……和你在一起时，特别强烈\\n不同于战斗的喜悦……心脏的跳动也不同」"
    },
    {
        "message": "下班后的夜晚。\\n表达了感谢得到了直率的眼神回应。"
    },
    {
        "name": "パフィオペディルム",
        "message": "「为了确认那是什么，我才让你帮忙\\n虽然不习惯办公室工作……但看来，这样做是值得的」"
    },
    {
        "message": "视线靠近。\\n顺势而至，没有机会反问的速度。"
    },
    {
        "name": "パフィオペディルム",
        "message": "「……啾」"
    },
    {
        "message": "一瞬间被柔软的触感击垮，思维变得空白。\\n就在她注视着我时，\\n拟兰让我握住她的乳房。"
    },
    {
        "name": "パフィオペディルム",
        "message": "「……也就是说，是这样的吧\\n但还不够……还不确定\\n我想要明确心脏跳动的原因……」"
    },
    {
        "name": "パフィオペディルム",
        "message": "「如果能确信这一点，我会变得更强\\n所以……你能帮我吗？」"
    },
    {
        "message": "从丰满的乳房深处传来激动的跳动。\\n思维追上了毫无疑问的发展，我向眼前的她确认。"
    },
    {
        "name": "パフィオペディルム",
        "message": "「啊……希望你抱着我\\n我经过一番考虑，才采取这样的行动……你不会拒绝的吧？」"
    },
    {
        "name": "パフィオペディルム",
        "message": "「嗯，好强壮……肚子好像要爆炸了……嗯，嗯嗯嗯」"
    },
    {
        "message": "拟兰是处女。"
    },
    {
        "message": "从某种意义上来说，这是可以预料的。\\n她沉迷于战斗的喜悦，变得痴迷。\\n或许正因为没有遇到过这样的机会，才走到了现在。"
    },
    {
        "name": "パフィオペディルム",
        "message": "「哈啊，哈啊，哈啊……啊，你就是那个人吗……」"
    },
    {
        "message": "拟兰微闭双眼，没有流露出初次破处的痛苦。\\n她热切的眼神和呼吸传达着她内心的情感。"
    },
    {
        "name": "パフィオペディルム",
        "message": "「真是个凶器啊……\\n腹部发热……虽然曾被害虫的脚刺穿过，但这次更甚\\n呵呵……你藏着一把厉害的凶器啊」"
    },
    {
        "name": "パフィオペディルム",
        "message": "「你打算用这把凶器……如何对待我？\\n因为是第一次……你可以认为我不会反击哦？」"
    },
    {
        "message": "她用挑战的眼神仰视着我。\\n处女的紧缩也像是在挑战一样地收紧着。\\n虽然是无意识的紧绷，但我们感受到了那份挑衅。"
    },
    {
        "message": "于是，我用力抓住了丰满的乳房。\\n以那丰满的乳房为支点，向着热爱战斗的雇佣兵发起挑战。"
    },
    {
        "name": "パフィオペディルム",
        "message": "「嗯……嗯嗯嗯！\\n好、好强硬……呜呜，嗯嗯啊啊！」"
    },
    {
        "message": "通过强势的腰部运动，让自己适应他的形状。\\n压制他身上的优越感，拒绝对处女的怜悯。"
    },
    {
        "name": "パフィオペディルム",
        "message": "「嗯嗯……很好，不错……！\\n当然，我也考虑到了这种情况……！来吧，团长……！\\n让我看看更多……你给我看吧！」"
    },
    {
        "name": "パフィオペディルム",
        "message": "「我想看到你有男人味的一面……！\\n无论是什么事情……都想要你告诉我！」"
    },
    {
        "message": "拟兰毫不责备他强硬的态度，欣然接受。\\n对于从鼻尖传来的愿望，欲望沸腾，迫使他寻求更多的行为。"
    },
    {
        "name": "パフィオペディルム",
        "message": "「咕噜……嗯嗯！？ 腹部深处，有一种扭动感……\\n这也……相当刺激……呼呼，嗯嗯啊」"
    },
    {
        "message": "她从未触碰过的腹部深处。\\n用龟头揉捏着接纳男性的阴道深处。\\n她的身体痉挛着，锻炼有素的下半身紧紧地包裹住肉棒。"
    },
    {
        "message": "虽然有一种像挤压一样的压迫感，但强硬已经不再需要。\\n从接纳男性的肉壶中，润滑剂般的甜蜜渗出来。"
    },
    {
        "name": "パフィオペディルム",
        "message": "「啊，呼，原来如此……我，湿了吗？\\n被你，攻击着我的腹部深处……嗯，呜呜……有一种扩张感……被你攻击着，扩散开来」"
    },
    {
        "name": "パフィオペディルム",
        "message": "「这就是，快感吗？腹部深处，疼痛起来了……嗯\\n深处……疼痛起来了……嗯，嗯啊啊！？」"
    },
    {
        "message": "为了引出那种触感，我把嘴唇贴在触摸过的乳房上。"
    },
    {
        "name": "パフィオペディルム",
        "message": "「胸部……你的舌头，在蠕动着……呼啊啊，啊啊嗯\\n一阵阵的刺激，涌上来了……身体里面，发麻的感觉……嗯嗯啊啊，呼啊，啊啊！」"
    },
    {
        "message": "从柔声中已经溢出了艳丽的气息。这是煽动我们欲望的女声。"
    },
    {
        "message": "寻求战斗，寻求刺激，独自赴战场的女神。\\n用与战斗时相同的声音，让我听到女性的喘息声。\\n让我感觉到她对于男性气概的满足。"
    },
    {
        "name": "パフィオペディルム",
        "message": "「啊啊，呼……嗯嗯，涌动起来了……嗯\\n腹部和胸部……嗯，呼啊，团长，为什么只有这个……嗯嗯啊啊\\n嗯嗯啊啊……最初的强硬在哪里呢？」"
    },
    {
        "message": "并没有触碰到坚硬尖锐的乳头。\\n只是对阴道进行了刺激和压迫。"
    },
    {
        "name": "パフィオペディルム",
        "message": "「呼啊，呼啊，原来如此……确实是重要的事情\\n无论是战斗……还是这样的事情，都是重要的」"
    },
    {
        "message": "察觉到这边的心思，帕菲奥佩迪鲁姆笑容更深。\\n在那双细长的眼瞳深处，性的火焰摇曳着。"
    },
    {
        "name": "パフィオペディルム",
        "message": "「在逗弄我吗……诱惑着我？\\n你想要我，用你的嘴巴……说出来，就是这样吗？」"
    },
    {
        "message": "面前这火热的美貌，并没有令人感到懊恼。"
    },
    {
        "message": "就这样，阴道肉紧紧缠绕着。\\n让视线迷离，湿润起来，战场女神乘着男人的欲望降临。"
    },
    {
        "name": "パフィオペディルム",
        "message": "「腹部……胸部……都感到无比焦躁\\n令人愉快的地方，被拖延着……已经无法忍受了\\n想要被你攻击……已经无法忍受了」"
    },
    {
        "name": "パフィオペディルム",
        "message": "「再来，更激烈一些……在腹部里搅动\\n乳头变得坚硬……渴望你的舌头，疼痛着……」"
    },
    {
        "name": "パフィオペディルム",
        "message": "「团长……啊，团长\\n请继续……让我感到舒服」"
    },
    {
        "message": "平时的威严融化，寻求女性的快乐。\\n在那眼神和身体的甜蜜中，男人的欲望爆发了。"
    },
    {
        "name": "パフィオペディルム",
        "message": "「啊啊，啊啊，啊啊啊啊！？\\n来了……！　感觉好的地方，全部来了……！」"
    },
    {
        "message": "吮吸乳头，蹂躏阴道。\\n为了让帕菲奥佩迪鲁姆陷入混乱的双重刺激，\\n全身心地强行爱抚着。"
    },
    {
        "name": "パフィオペディルム",
        "message": "「啊啊，嗯嗯啊，身体……崩溃了……！\\n太舒服了，要坏掉了……！\\n啊啊啊啊啊啊啊！」"
    },
    {
        "name": "パフィオペディルム",
        "message": "「团长，团长……！我好舒服……！\\n胸部和腹部里都好舒服……！\\n全部，全部……要变得奇怪了！\\n啊啊，啊啊，团长，请让我变得奇怪！」"
    },
    {
        "message": "女神期待的表情让心脏和欲望失控。\\n肉体相连处传来的撞击声和爱液泡沫的声音，\\n也让这边无法抑制住即将到来的预兆。"
    },
    {
        "message": "帕菲奥佩迪鲁姆是否知道那个地方的感觉呢？\\n沉迷于进攻的思维，让这个问题脱口而出。"
    },
    {
        "name": "パフィオペディルム",
        "message": "「当然，我知道……只要是你，我都不介意……！\\n啊啊，我明白……你的那个，已经紧绷着\\n想要射进我的腹部深处吧！？」"
    },
    {
        "name": "パフィオペディルム",
        "message": "「我也想要……！你的那个，我想要……！\\n射进来吧……精液，射进我的里面……啊\\n啊啊，出来吧！啊，嗯啊啊！」"
    },
    {
        "message": "回答促使勃起得到释放。\\n同时攻击颤抖的女神花蕊，将欲望推向深处。"
    },
    {
        "name": "パフィオペディルム",
        "message": "「呼啊啊，啊啊啊嗯，我也要来了！　要射了，要射了！\\n被你攻击着……啊，啊啊啊，啊啊啊啊！\\n要射了呜呜呜呜呜呜呜呜……！」"
    },
    {
        "name": "パフィオペディルム",
        "message": "「呼啊啊啊，嗯嗯啊……啊啊，哈啊啊啊啊\\n我、我……高潮了……我刚刚……高潮了\\n被你攻破了……高潮了♪」"
    },
    {
        "message": "达到巅峰，彼此的身体紧绷着。\\n一边被挤压着，一边将精液喷射进子宫口。"
    },
    {
        "name": "パフィオペディルム",
        "message": "「嗯……啊啊，射了好多呢\\n肚子里好像要烧起来了……呼，呼呼呼」"
    },
    {
        "message": "在余韵中发出无力的声音。\\n但从她的表情中，传递出一种渗透的幸福。"
    },
    {
        "message": "相互凝视着，彼此调整呼吸。\\n当余韵渐渐消退时，帕菲奥佩迪鲁姆像是恳求般地向我靠近。"
    },
    {
        "name": "パフィオペディルム",
        "message": "「嘿，这次……你能主动来个吻吗？」"
    },
    {
        "message": "被她的呼吸所引诱，我吻上了湿润的喘息之唇。"
    },
    {
        "message": "当然，并不是深情款款的那种。\\n只是轻轻触碰的浅吻而已。"
    },
    {
        "name": "パフィオペディルム",
        "message": "「啾……呵呵，果然不一样呢」"
    },
    {
        "message": "帕菲奥佩迪鲁姆眯起了眼睛。\\n用鼻子轻轻触碰，舔了舔自己的嘴唇，露出妖娆的笑容。"
    },
    {
        "name": "パフィオペディルム",
        "message": "「和一开始的感觉不同\\n我想是因为我的心变得更加坚定了吧……」"
    },
    {
        "name": "パフィオペディルム",
        "message": "「对你的感情……我有了明确的认识\\n不仅仅是模糊地喜欢，而是真真切切地……\\n除了战斗，我还喜欢其他东西……感觉好幸福」"
    },
    {
        "message": "然后，她再次投来几次眼神。\\n那种热情与战斗时的激昂有些相似，但又确实不同。"
    },
    {
        "name": "パフィオペディルム",
        "message": "「我喜欢你……团长\\n想要永远在一起……这样想着\\n呵呵……虽然我有点怀疑这样真的能变得更强大♪」"
    }
]