[
    {
        "message": "夜晚，房间里来了个安香。\\n太阳已经完全落下，差不多是该结束工作的时间了。\\n有什么事吗？"
    },
    {
        "name": "オンシジューム",
        "message": "「嘻嘻♪ 其实我有个请求要向团长提出来～\\n你知道嘛，我想请你尝尝这块巧克力！」"
    },
    {
        "message": "说着，她递给我一块巧克力。\\n顺便一提，安香最近好像很努力地做糕点。\\n既然是尝尝味道，我愿意随时帮忙。"
    },
    {
        "name": "オンシジューム",
        "message": "「怎么样？怎么样？\\n……诶？团长，你的眉头皱起来了哦！？\\n发生什么了发生什么了！？糟糕！？难吃吗！？」"
    },
    {
        "message": "嘴里的巧克力非常苦涩，非常苦。\\n而且口感极差，一直停留在口腔中，苦味不断扩散。\\n看着我捂住嘴忍耐的样子，安香显得很慌张。"
    },
    {
        "name": "オンシジューム",
        "message": "「不、不会吧！？这么苦！？对不起对不起！\\n嗯，到底哪里出错了呢……\\n有多苦？我也来尝尝！」"
    },
    {
        "message": "她这样说着，把双手搭在我的脸颊上。\\n我正在想着她要做什么，她突然凑过来，贴上了嘴唇。\\n当我们的嘴唇接触时，立刻感受到了另一种温暖的触感在口中弥漫开来。"
    },
    {
        "name": "オンシジューム",
        "message": "「嗯……啾……啾……嗯——嗯嗯嗯！？\\n呼哈，哇——！ 这确实很苦！团长对不起！\\n……嗯？团长，你脸红了哦？怎么了？诶，要抱抱吗？」"
    },
    {
        "message": "可爱而又淫靡的味道让我的心跳无法控制。\\n不知不觉中，我紧紧地抱住了安香纤细的身体。"
    },
    {
        "name": "オンシジューム",
        "message": "「啊，嗯……团，团长，请，请等一下……啊啊！\\n硬，硬硬的东西，碰到了，碰到了屁股……呼啊，啊啊！\\n那个，那个，你是打算要进来吗？ 啊，嗯嗯嗯……！！！」"
    },
    {
        "message": "将坚硬的阴茎对准安香的凹陷处。\\n然后一下子抽出腰部，让勃起的阴茎侵入她的裂缝。\\n可以感觉到她的下半身因为插入而紧张而紧绷。"
    },
    {
        "name": "オンシジューム",
        "message": "「嗯嗯，啊啊……团长，嗯嗯……啊啊啊！\\n进来了哦……嗯，这样，啊啊，\\n进、进到最深处了……嗯，不、不行呀……啊呢……！！」"
    },
    {
        "message": "勃起的顶端轻轻触碰到安香最深处。\\n伴随着可爱的声音，整个阴道收缩起来，在阴茎上传递出舒适的触感。"
    },
    {
        "name": "オンシジューム",
        "message": "「团长，嗯……怎么突然这样了？\\n这么硬……是因为那个吻而兴奋了吗？\\n我可没有那个意思……吓了一跳」"
    },
    {
        "message": "对突然的行为感到困惑的安香，我再次道歉。\\n但是，我已经无法控制这种兴奋。\\n然后开始缓慢地动起腰来。"
    },
    {
        "name": "オンシジューム",
        "message": "「呼啊，啊啊……嗯嗯嗯……！！\\n还、还在道歉的同时，嗯，动着腰部……嗯嗯！\\n这样做，真是卑鄙呢……呼啊，嗯嗯……！！」"
    },
    {
        "name": "オンシジューム",
        "message": "「啊，嗯嗯，啊啊啊……好厉害，团长的，啊啊\\n我的，我的深处……好多好多都到了……啊啊！\\n那、那个……嗯呢，不行了……啊啊……那个是、不可以的……啊！」"
    },
    {
        "message": "在阴道的深处微微动着腰部。\\n用阴茎的顶端刺激着阴道深处，\\n安香颤抖着声音喘息着。"
    },
    {
        "name": "オンシジューム",
        "message": "「啊，啊……那里，就那里……！\\n啊啊，嗯……但是，嗯，好厉害……好舒服……\\n团长的阴茎……啊啊，果然，好舒服呀……！」"
    },
    {
        "message": "不知不觉中，她注视着这边的眼神充满了快感。\\n看到她迷醉的表情，我更加有信心，将腰部的动作变得大胆起来。"
    },
    {
        "name": "オンシジューム",
        "message": "「啊啊，嗯嗯……啊，强烈的感觉，好棒……！\\n脑海中……嗯嗯，有些，变得一片空白……啊啊！」"
    },
    {
        "message": "安香将手放在墙上，因为快感而颤抖着。\\n看到她可爱的样子让我无法自持。\\n我伸出手臂去触摸更多她可爱的身姿。"
    },
    {
        "name": "オンシジューム",
        "message": "「啊啊，嗯嗯嗯！ 嗯嗯……！\\n这样的话，嗯嗯，边摸胸部边……嗯，\\n那、那样是不行的……啊啊！」"
    },
    {
        "message": "指尖传来柔软的触感。\\n年轻的胸部水润而富有弹性，仅仅触摸就让人感到舒适。\\n安香将目光投向自己的胸部，凝视着对胸部的爱抚。"
    },
    {
        "name": "オンシジューム",
        "message": "「嗯嗯，啊啊啊！ 胸部也……怎么会……啊啊！\\n这样下去，我会、我会变得奇怪的……呜呜呜……不行，现在不行……！」"
    },
    {
        "message": "在抚摸乳房的指尖上，有一点硬突起。\\n通过对胸部的爱抚，乳头似乎立刻有了反应。\\n用指尖捏住突起的乳头。"
    },
    {
        "name": "オンシジューム",
        "message": "「咿呀！ 嗯嗯……这样，啊！\\n唔唔，被团长触摸一下就会立刻感到……啊！\\n啊啊，嗯嗯……已经……！」"
    },
    {
        "name": "オンシジューム",
        "message": "「唔呜呜……就、就这样吧……嘿！」"
    },
    {
        "message": "说着，安香将身体更往前倾。\\n然后，她的上半身紧贴在墙上。\\n当然，这里已经没有空间让我的手进去了。"
    },
    {
        "name": "オンシジューム",
        "message": "「嘻嘻♪ 这样胸部就被保护住了\\n团长，你认输了吗？ 嘻嘻～♪」"
    },
    {
        "message": "确实，这样已经无法触碰到乳房了。\\n但是，因为这个姿势的关系，她的臀部向这边突出。\\n仿佛在挑逗一样晃动着可爱的臀部。"
    },
    {
        "name": "オンシジューム",
        "message": "「等、等一下……我没有挑逗……！\\n嗯，啊啊，团长……啊啊，呼啊……！\\n臀、臀部……啊啊，被摸到了……嗯呜！！」"
    },
    {
        "message": "这次我开始抚摸她的臀部。\\n用整个手掌感受光滑的触感，轻抚着她的臀肉。\\n安香的下半身不禁颤动了起来。"
    },
    {
        "name": "オンシジューム",
        "message": "「啊啊……嗯嗯，哈呜呜……！\\n明明胸部已经被保护住了……嗯！\\n这、这样的话，臀部都暴露出来了……啊啊呜呜！」"
    },
    {
        "message": "正如她所说，突出的臀部完全暴露在原本应该隐藏起来的地方。\\n不仅是连接处，连另一个秘密洞穴也尽收眼底。"
    },
    {
        "message": "每次将阴茎顶到阴道深处时，\\n那个秘密洞穴都会可爱地收缩起来。"
    },
    {
        "name": "オンシジューム",
        "message": "「啊呜呜……我的羞耻之处……嗯，不要这么盯着看……嗯，团长的淫荡……！啊呜呜呜……啊啊！」"
    },
    {
        "message": "虽然她说出了责备的台词，但她的声音中并没有那种色彩。而且，她也没有逃避对我的臀部的爱抚。"
    },
    {
        "name": "オンシジューム",
        "message": "「嗯，不要停下来……嗯，不要说出这样的话？因为……嗯，团长看起来很高兴，感觉很舒服」"
    },
    {
        "name": "オンシジューム",
        "message": "「而且，我已经……忍耐到极限了……嗯！团长的阴茎……我想要更深入地插进去……！」"
    },
    {
        "name": "オンシジューム",
        "message": "「所以，请给我……嗯，请给我更多的阴茎？团长……啊啊，嗯呜呜……想要进行淫荡的事情……！」"
    },
    {
        "message": "对于她的请求，我更加剧烈地动起了腰部。每当耻骨碰触到她的臀肉时，臀部会剧烈地摇晃。"
    },
    {
        "name": "オンシジューム",
        "message": "「啊啊，嗯，好厉害……！！嗯，那个，好舒服……啊啊！我的里面，啊啊，被搅拌得很充实……！」"
    },
    {
        "name": "オンシジューム",
        "message": "「团长，团长……！啊啊！好舒服！一起……一起，更淫荡地……！让我们更快乐一点……啊啊，团长，啊呜呜……！！」"
    },
    {
        "message": "阴道紧紧地夹住了阴茎。仿佛在促使射精一样的动作下，很快就达到了极限。"
    },
    {
        "name": "オンシジューム",
        "message": "「嗯啊啊！啊啊……团长，要射了……！\n我要高潮了呜呜……！啊啊！啊啊！\n要射了，要射了……嗯嗯，啊啊！！！！！！」"
    },
    {
        "name": "オンシジューム",
        "message": "「呼啊啊……啊，哈哈，哈哈，哈哈……！\n嗯，流出来了……团长的精子，好多好多……嗯嗯！」"
    },
    {
        "message": "龟头一直顶在阴道深处，不停地射精。\n每当阴茎搏动时，大量的浑浊液体就注入阴道内。"
    },
    {
        "name": "オンシジューム",
        "message": "「哈哈……团长，感觉舒服吗？\n嘻嘻，我也非常舒服呢……」"
    },
    {
        "message": "她那湿润的眼神朝这边看来。\n我忍不住将自己的唇覆盖在她的唇上。"
    },
    {
        "name": "オンシジューム",
        "message": "「嗯，吧唧……吧唧……嗯嗯，嘻嘻」"
    },
    {
        "message": "当我们的嘴唇相互交织时，安香开始轻笑起来。\n我问她怎么了，她朝我露出了灿烂的笑容。"
    },
    {
        "name": "オンシジューム",
        "message": "「团长，原本苦味的巧克力，现在有点甜了吧」"
    },
    {
        "message": "本应留在口中的苦味，\n正如安香所说，不知不觉间变得甜蜜起来。"
    }
]