[
    {
        "name": "シンビジューム",
        "message": "「啊啊啊，这，好害羞……」"
    },
    {
        "message": "当肉棒顶在她的秘肉上时，就像在挖掘一样，\\n那尖端被插入其中。"
    },
    {
        "name": "シンビジューム",
        "message": "「这，这样做吗……啊，啊啊啊……\\n没，没关系……团长，请随意，\\n做你想做的事情……」"
    },
    {
        "message": "シンビジューム温和的声音在耳边回荡。"
    },
    {
        "message": "她的衣服被脱掉，乳房暴露出来，\\n腰部进入张开的阴部。"
    },
    {
        "name": "シンビジューム",
        "message": "「嗯咕……啊，啊啊啊……\\n我，我可以忍住……我，嗯，嗯咕……」"
    },
    {
        "message": "诚实的她坦白说想要发生性关系，\\n一开始感到困惑。"
    },
    {
        "message": "但是，尽管害羞，她接受了所期望的事情，\\n展示了她的私处。"
    },
    {
        "message": "在她颤抖着因害羞而接受肉棒的过程中，\\n我感受到了她的可爱之处。"
    },
    {
        "name": "シンビジューム",
        "message": "「啊，啊唔……这样，可以吗？\\n我，不动……嗯哈，啊啊啊啊……」"
    },
    {
        "message": "虽然害怕插入的肉棒，但她拼命忍住。"
    },
    {
        "name": "シンビジューム",
        "message": "「唔唔……啊，啊啊啊啊！」"
    },
    {
        "message": "当肉棒完全插入时，她因疼痛而流泪。"
    },
    {
        "message": "从连接处的缝隙中，流下了代表纯洁的初血。"
    },
    {
        "name": "シンビジューム",
        "message": "「请不要停下……嗯呜，请继续。没关系……\\n为了团长，我会努力的……」"
    },
    {
        "message": "她坚定地奉献自己的决心应该受到尊重。\\n扭动腰部，抽送着肉棒。"
    },
    {
        "message": "尽量温柔地进行行为，直到最后。"
    },
    {
        "message": "这也是回报她决心的唯一方式。"
    },
    {
        "name": "シンビジューム",
        "message": "「啊啊啊……啊哈……」"
    },
    {
        "message": "一边用龟头擦拭着流淌出来的初次破碎的血液，一边将其作为阴道插入的润滑剂。"
    },
    {
        "name": "シンビジューム",
        "message": "「呜呜……啊，啊啊啊……」"
    },
    {
        "message": "慢慢地深入，她也开始感受到了，用平时听不到的高亢而甜蜜的声音哀鸣着。"
    },
    {
        "name": "シンビジューム",
        "message": "「啊，啊啊，请不要看。不要看那个地方……」"
    },
    {
        "message": "不急于插入，仔细地传达给她阴道的状态。"
    },
    {
        "message": "于是辛比秋脸红得发烫，害羞地低下了头。"
    },
    {
        "message": "与此同时，阴道的力量突然松弛，肉棒顺利地滑入深处。"
    },
    {
        "name": "シンビジューム",
        "message": "「啊啊……嗯，呜呜……！」"
    },
    {
        "message": "覆盖住肉棒根部的辛比秋形状美丽的褶皱。"
    },
    {
        "message": "那端正的阴唇形状，更加增加了兴奋度。"
    },
    {
        "name": "シンビジューム",
        "message": "「啊啊……嗯、嗯！」"
    },
    {
        "message": "随着抽送，辛比秋的腰微微动了一下。"
    },
    {
        "message": "扭曲着整齐排列的褶皱，肉棒逐渐被吐出。"
    },
    {
        "name": "シンビジューム",
        "message": "「嗯……呼呼……啊、啊啊啊啊！哈啊……！」"
    },
    {
        "message": "这次阴道紧紧收缩，像要将肉棒推出一样。"
    },
    {
        "name": "シンビジューム",
        "message": "「呼呼，啊、啊啊啊啊……」"
    },
    {
        "message": "随着辛比秋的呼吸，阴裂张开，露出肉芽和尿道附近粉色柔软的肉体。"
    },
    {
        "name": "シンビジューム",
        "message": "「啊，啊啊啊啊……麻木了……呜，呜呜呜……」"
    },
    {
        "message": "不动身体，将肉棒停在半途中，\n辛比玖姆的褶皱蠕动着，缠绕在肉棒上。"
    },
    {
        "message": "就像有意识的生物一样，吞噬着那根竿子，\n将爱液黏黏地包裹住。"
    },
    {
        "name": "シンビジューム",
        "message": "「啊，呼哇，啊啊啊啊……啊啊啊啊……嗯咕！」"
    },
    {
        "message": "这样的动作似乎带来了更多刺激，\n辛比玖姆发出了粗糙的娇声。"
    },
    {
        "message": "即使没有抽送，她也在努力攀升。"
    },
    {
        "name": "シンビジューム",
        "message": "「啊咕咕……只是停在那里，却这么、\n刺痛……啊、呵呜、啊哈哈、啊啊啊啊……」"
    },
    {
        "message": "被自己肉体内部传来的酥麻感触，\n扭动着身体痛苦地颤抖着。"
    },
    {
        "name": "シンビジューム",
        "message": "「呼……啊、啊啊啊啊……嘿咕！」"
    },
    {
        "message": "随着她粗重的呼吸，腰部开始摆动。"
    },
    {
        "name": "シンビジューム",
        "message": "「嗯嗯！哈啊！啊咕噜！啊啊……啊啊，嗯！」"
    },
    {
        "message": "喘息声在房间里回荡。"
    },
    {
        "message": "平时无法想象的淫态。"
    },
    {
        "message": "辛比玖姆感受到性器相互摩擦的快感，\\n逐渐被支配。"
    },
    {
        "name": "シンビジューム",
        "message": "「啊啊！呼哇，啊啊啊啊！\\n嗯咕……啊、啊啊啊啊！！呼、哈啊！」"
    },
    {
        "message": "腰部的动作也变得剧烈。"
    },
    {
        "message": "随着抽送，从肉棒上抽出时，\\n辛比玖姆白浊的爱液形成环状缠绕在上面。"
    },
    {
        "name": "シンビジューム",
        "message": "「哈啊！呀！啊咕噜！\\n啊、啊啊啊啊！呀！嗯、嗯嗯！」"
    },
    {
        "message": "彼此的腰部相互碰撞的声音。"
    },
    {
        "message": "每一次，电流从辛比玖姆的背后传来，\\n她享受着剧烈的快感而仰仗反弹。"
    },
    {
        "message": "阴茎深入，与她粗糙的阴道肉擦在一起。"
    },
    {
        "name": "シンビジューム",
        "message": "「啊啊！嗯呀！啊啊啊啊！呼呼，啊啊啊啊！\\n咕呼呼！哈啊啊！」"
    },
    {
        "message": "那是一种强烈的紧缩感。"
    },
    {
        "name": "シンビジューム",
        "message": "「哈啊！腰部颤抖着……啊呀！太好了！\\n哈啊！嗯哈！！」"
    },
    {
        "name": "シンビジューム",
        "message": "「啊咕呜！啊哈哈，啊，啊啊啊啊啊！」"
    },
    {
        "message": "阴茎从根部开始蠕动，像波浪一样颤动。"
    },
    {
        "message": "积蓄的欲望凝聚成白色粘液，喷射而出。"
    },
    {
        "name": "シンビジューム",
        "message": "「啊啊啊！出来了……啊，啊啊啊！」"
    },
    {
        "message": "随着咚咚的声音，从龟头尖端喷射出的精液，充满了新娘兰的阴道。"
    },
    {
        "name": "シンビジューム",
        "message": "「呼哇……黏黏的液体……啊啊啊！」"
    },
    {
        "message": "张开嘴巴，摇晃着肩膀，发出无尽甜美的喘息声。"
    },
    {
        "name": "シンビジューム",
        "message": "「呜咕……啊啊啊！不行，要溢出来了……！呜呜，哈啊……」"
    },
    {
        "message": "当抽出插入的肉棒稍微退后一点时，从阴道褶皱间泄出泡沫白浊液体。"
    },
    {
        "name": "シンビジューム",
        "message": "「呼哇……要出来了……啊啊啊！」"
    },
    {
        "message": "那是从松弛无力的阴道口滴落下来，滴答滴答地弄湿了肉棒根部和床单。"
    },
    {
        "name": "シンビジューム",
        "message": "「啊啊啊！原来这就是性交的感觉吗……」"
    },
    {
        "message": "兰花以一副失魂落魄的表情看着我。"
    },
    {
        "name": "シンビジューム",
        "message": "「是的，太棒了……」"
    },
    {
        "message": "她微笑着向我笑了笑。"
    }
]