[
    {
        "name": "スノードロップ",
        "message": "「嗯……团长先生？\\n你、盯得太多了吧……？」"
    },
    {
        "message": "雪滴有些局促地把两根手指对在一起，嘀咕着这样的话。"
    },
    {
        "message": "不可以看吗。\\n我直视着问道，\\n她的脸颊更红了。"
    },
    {
        "name": "スノードロップ",
        "message": "「没、没有关系啦……\\n但是，就算穿着和服很少见……\\n工作时一直这样的话，有点……」"
    },
    {
        "message": "她的反应可爱极了。\\n停下手中整理工作的动作，不由自主地靠近了一步。"
    },
    {
        "message": "就这样，把手放在火热的脸颊上。\\n那双眼睛游移过来，朝我看了过来。"
    },
    {
        "name": "スノードロップ",
        "message": "「团、团长先生……」"
    },
    {
        "message": "再问一次。不可以看吗？"
    },
    {
        "name": "スノードロップ",
        "message": "「唔……没关系啦……\\n被看得太多只是有点害羞……\\n但是，那个……嗯，很高兴……」"
    },
    {
        "message": "看着变得更加可爱的雪绒花，我的身体也变得火热起来。\\n但这并不是羞耻，而是对她的欲望之热所致。"
    },
    {
        "name": "スノードロップ",
        "message": "「我虽然有心理准备……但果然还是会这样吗……？」"
    },
    {
        "message": "我坚定地点头，没有任何犹豫。\\n稍稍松开握紧的手，\\n目光从湿润的连接处上移，落在她可爱羞涩的表情上。"
    },
    {
        "name": "スノードロップ",
        "message": "「唔，我知道了……但请稍微克制一下好吗……？」"
    },
    {
        "message": "我向她诉说并说服自己，\\n雪绒花接纳了我的肉棒。"
    },
    {
        "name": "スノードロップ",
        "message": "「啊呜……嗯嗯嗯嗯呜……！\\n呼……嗯呜……全部都进去了……\\n啊啊，好厉害……嗯呜，碰到里面了……」"
    },
    {
        "name": "スノードロップ",
        "message": "「团长的，好热……变得好厉害了……\\n又大又粗又长……我，好像要发疯了……」"
    },
    {
        "message": "充盈的感觉从握在一起的手指传来。\\n这一切都要归功于雪绒花。"
    },
    {
        "name": "スノードロップ",
        "message": "「唔……再说这种话……真是害羞呢……」"
    },
    {
        "message": "视线转移了。\\n就像是在逃避我的目光一样。"
    },
    {
        "message": "但我不想让她逃走，也没有放她离开的打算。\\n毕竟，没有不看的选择。"
    },
    {
        "name": "スノードロップ",
        "message": "「嗯啊……唔……胸部吗……？\\n唔……啊……揉的方式好色情……呼，啊，唔」"
    },
    {
        "message": "我轻轻地用手指触摸着被和服遮掩的美丽胸部。\\n湿润的触感中透露出欲望。\\n大概是因为穿着晴着的缘故吧。"
    },
    {
        "name": "スノードロップ",
        "message": "「唔……啊……不要说那种话……\\n不要一直说下去……啊，唔，唔……热的感觉停不下来……哈，唔」"
    },
    {
        "name": "スノードロップ",
        "message": "「团长，你的手指……真是太淫荡了……\\n下一次，要碰哪里呢……就像这样……啊，唔，嗯嗯！？」"
    },
    {
        "message": "我伸出手指，毫不掩饰地触摸着勃起的乳头。"
    },
    {
        "name": "スノードロップ",
        "message": "「果然，就是这里……嗯，嗯嗯……！顶端也在动……！\\n啊，嗯……触摸的方式真是太淫荡了」"
    },
    {
        "name": "スノードロップ",
        "message": "「它变硬了，好像在教导我一样……嗯，嗯……我感到害羞……头脑有些混乱……」"
    },
    {
        "message": "羞耻和快感的呻吟声溢出，和服外泄的肢体泛起淫靡的波澜。\\n而且，还一边骑在我身上含着阴茎。\\n直截了当地说，这是一种下体的不良风姿。"
    },
    {
        "name": "スノードロップ",
        "message": "「嗯……这、这么多吗……？」"
    },
    {
        "message": "她的询问方式充满了恐惧。"
    },
    {
        "name": "スノードロップ",
        "message": "「刚才的我……这么多……嗯，这么多吗……？」"
    },
    {
        "message": "重复这句话是因为无法亲口说出来。\\n如果是评价对方还可以，但无法用这样的话评价自己。"
    },
    {
        "message": "那就由我来说出来吧。\\n向满脸红晕因羞耻和快感而湿润的她传授这个知识。"
    },
    {
        "name": "スノードロップ",
        "message": "「呼啊啊……唔、唔唔、唔啊啊！\\n里面、动起来……唔、唔啊啊！\\n不行、不行！说淫荡、说淫荡的话，不可以啊！」"
    },
    {
        "message": "我牵着她的手，不放开地抬起腰部。"
    },
    {
        "message": "整天盯着穿和服的雪绒花，\\n通过这样告诉她我的阴茎变得如此勃起，\\n搅动着湿润的蜜壶，顶着阴道深处。"
    },
    {
        "name": "スノードロップ",
        "message": "「啊啊、唔、嗯、啊啊！团长，好厉害……！\\n我竟然能让你……呼、唔、嗯啊啊！」"
    },
    {
        "name": "スノードロップ",
        "message": "「这、这感觉……好开心！啊啊！\\n团长，你高兴的样子……！\\n啊、啊、啊啊！我能感受到你的快乐！」"
    },
    {
        "message": "在雪绒花的表情和声音中，除了羞耻之外还混杂着其他情感。\\n被阴茎摇撼的身体透出一丝妖艳，\\n从被顶击而发出的声音中溢出甜蜜。"
    },
    {
        "name": "スノードロップ",
        "message": "「唔、嗯、啊啊！我、我……明明很害羞的……唔、嗯嗯啊！\\n团长你高兴，我也会忍不住高兴起来……！」"
    },
    {
        "name": "スノードロップ",
        "message": "「哈、唔、不用了……好了，请随意地享受我吧……！」"
    },
    {
        "message": "从羞耻的深处涌出欢喜和期待。\\n俯视着我的眼神开始变得淫荡起来。"
    },
    {
        "name": "スノードロップ",
        "message": "「哈、唔、可以尽情地看吗！\\n胸部也、尽情地……唔、嗯嗯啊啊！\\n里面也、请随意地搅动！」"
    },
    {
        "name": "スノードロップ",
        "message": "「如果你高兴，我也很开心！\\n呼啊啊、唔、啊啊啊！请全部都品尝吧！」"
    },
    {
        "message": "听到这句话，欲望一下子燃烧了起来。"
    },
    {
        "name": "スノードロップ",
        "message": "「啊啊啊！团长先生……嗯呜呜，又又又大了！\n呼啊啊，顶到了！龟头进来了！」"
    },
    {
        "name": "スノードロップ",
        "message": "「好舒服！小穴好舒服！\n再搅动一下……！想要更多！呼啊啊，啊啊啊！」"
    },
    {
        "name": "スノードロップ",
        "message": "「哈，啊呜呜，嗯嗯！喜欢，非常喜欢……！\n团长先生，喜欢……可以的，全部都可以！喜欢被弄乱！喜欢团长先生让我变得乖乖的！」"
    },
    {
        "message": "快感和欢愉驱散了羞耻，引发出淫荡的姿态。\n视线再也无法离开。瞳孔已被快感之泪湿润。"
    },
    {
        "message": "将她那样的一切都收入眼底，牢牢铭记在心中品味。\n全身充满了深深的爱欲之热。彼此相互升华，犹如汹涌的波澜即将来临。"
    },
    {
        "name": "スノードロップ",
        "message": "「呼啊，啊啊呜呜！团长先生，团长先生！\n我，我已经……已经不行了！快感要来了！」"
    },
    {
        "name": "スノードロップ",
        "message": "「请让我高潮！哈，啊啊呜呜呜！用阳具让我高潮！\n把快感塞进来……呼啊，啊啊呜呜，啊啊，啊啊啊！」"
    },
    {
        "message": "手指之间传递着力量。\n像被吸引一样，顶入吸紧的肉壶。"
    },
    {
        "name": "スノードロップ",
        "message": "「呼啊啊，啊啊呜呜！要高潮了，要高潮了！\n我，我……要高潮了呜呜呜呜呜呜！」"
    },
    {
        "name": "スノードロップ",
        "message": "「呼啊啊，啊啊啊！哈啊啊啊啊啊……！」"
    },
    {
        "message": "极致的娇声甜蜜地回荡着。\n这甜蜜声音推动着我的射精，将精液喷射到最深处。"
    },
    {
        "name": "スノードロップ",
        "message": "「啊，嗯嗯……精子……啊，哆哆嗦嗦地……来了……\n嗯，嗯……热热的，充满了……嗯嗯，嗯嗯」"
    },
    {
        "name": "スノードロップ",
        "message": "「哈，啊啊……你真的这么兴奋吗……？\n诶诶诶……好开心……♪\n虽然害羞……但是很开心，团长先生……♪」"
    },
    {
        "message": "余韵中洋溢着喜悦的笑容。"
    },
    {
        "message": "我也很开心。\n回应她的话语，调整呼吸看着她。"
    },
    {
        "message": "被汗水浸湿的肌肤，在敞开的和服上显得格外美丽。\n虽然不再有欲望，但她那光彩照人的美丽和可爱已经完全吸引住我。"
    },
    {
        "name": "スノードロップ",
        "message": "「呵呵……果然，你一直盯着我看呢」"
    },
    {
        "message": "如果一直盯着我看，就会被她用温柔的声音责备。\n嗯，确实是这样。"
    },
    {
        "message": "果然，射精过一次后理性就开始恢复了。\n我自己都觉得自己的目光太无礼了。\n现在已经没有必要再刻意煽动羞耻感了，\n于是我试图离开雪花的身体。"
    },
    {
        "name": "スノードロップ",
        "message": "「……嘿嘿，团长先生♪」"
    },
    {
        "message": "但是，她却没有松开。\n明明她自己指出了这一点，却像是故意不松手一样紧紧抱住我。"
    },
    {
        "name": "スノードロップ",
        "message": "「现在才……说这个吗？\n早就被你看光摸遍了，\n现在突然变得害羞起来什么的也没有啊」"
    },
    {
        "name": "スノードロップ",
        "message": "「所以……直到早上为止，随便……看我也没关系\n虽然很害羞，但我会忍耐的……\n团长先生喜欢的事情……我想让你满足♪」"
    },
    {
        "message": "听从她的话语，在那个夜晚里尽情享受了雪花的身体。\n从字面上来说，每一个角落，\n都细致入微地、尽情地享受了她。"
    }
]