[
    {
        "message": "终于浏览完最后的文件，结束了今天的工作。\n因为长时间坐着整理文件，身体变得僵硬。\n正要大伸一下懒腰休息片刻时，门突然被敲响。\n还没来得及回答是谁，门就打开了。"
    },
    {
        "name": "オンシジューム",
        "message": "「嘿团长！工作做完了吗～？」"
    },
    {
        "message": "安西珠姬带着灿烂的笑容走进了房间。\n看到她下班后的笑容让我心情平静下来。"
    },
    {
        "name": "オンシジューム",
        "message": "「哦？怎么了～？被我的笑容迷住了吗？\n团长你可是很喜欢我的嘛～！嘻嘻～♪」"
    },
    {
        "message": "她伸出手比出V字形，跳跃着过来。\n虽然不否认，但现在我跟不上她这种兴奋的状态。\n看来我的身体比想象中更疲劳。"
    },
    {
        "name": "オンシジューム",
        "message": "「咦～？团长怎么了？累了吗～？」"
    },
    {
        "message": "安西珠姬好像注意到了我的疲劳，\n担心地凑过来看着我。\n我告诉她我在工作结束后有点累。"
    },
    {
        "name": "オンシジューム",
        "message": "「原来如此～，工作辛苦了呢……啊，对了！\n嘻嘻……团长团长！我想到一个好主意！」"
    },
    {
        "message": "听到安西珠姬的主意，我感到有些惊讶。\n本以为会被她强行拉着四处走。\n然而，她的提议出乎意料。"
    },
    {
        "name": "オンシジューム",
        "message": "「今天我会好好宠爱团长！然后然后！给你很多的疗愈！这是作为团长的妻子的义务吧！！」"
    },
    {
        "name": "オンシジューム",
        "message": "「嗯嘻嘻～那么，让我们一起感受快乐吧～嗯……嗯嘻嘻，好厉害，团长已经这么硬了……我已经准备好享受了」"
    },
    {
        "message": "躺在床上仰卧着，恩斯吉姆跨坐在上面。正如她所说，下半身已经有了明显的反应。虽然应该很累，但这种反应无法控制。"
    },
    {
        "name": "オンシジューム",
        "message": "「不用忍耐没关系……因为我接下来会让团长感到舒服……刚才不是说要宠爱你、疗愈你吗？」"
    },
    {
        "message": "原来恩斯吉姆所说的疗愈就是这样的。平时她更多地是撒娇的一方，但看来今天是反过来了。"
    },
    {
        "name": "オンシジューム",
        "message": "「那么我要插进去了哦？嗯……你看着我的小穴被阴茎填满的样子吧？嗯嗯……啊啊……进来了……啊啊！怎么样？阴茎进入的地方……啊啊，看得见吗？」"
    },
    {
        "message": "恩斯吉姆双腿大开，腰部下降。从这边可以清楚地看到连接处。她的小花瓣完全张开，正试图吞下勃起的阴茎。感受到情欲一下子高涨起来的景象展现在眼前。"
    },
    {
        "name": "オンシジューム",
        "message": "「啊啊……团长的阴茎……又硬又大呢。我的里面感觉好宽敞……啊啊……嗯嗯！」"
    },
    {
        "name": "オンシジューム",
        "message": "「等着我……我会全部都插进去的……啊啊……嗯嗯……！！」"
    },
    {
        "message": "慢慢地下蹲。\\n坚硬勃起的阴茎温暖而滑腻的感触扩散开来。\\n在那舒适的感觉下，不由自主地发出了叹息声。\\n不久，阴茎完全插入到阴道深处。"
    },
    {
        "name": "オンシジューム",
        "message": "「嗯呜呜……进来了，团长的小弟弟……！\\n团长那么大，正摩擦着我最舒服的地方……嘻嘻」"
    },
    {
        "message": "龟头顶到阴道深处时，阴道紧紧收缩。\\n就像在甜蜜地咬着阴茎一样的感觉。\\n只是静静躺着就能得到的快感让人眯起了眼睛。"
    },
    {
        "name": "オンシジューム",
        "message": "「团长看起来也很舒服～♪ 嘻嘻～♪\\n虽然只是刚刚插进来，但我也好舒服……嗯呜，\\n我们两个……肯定是非常合拍的～」"
    },
    {
        "name": "オンシジューム",
        "message": "「但是，真正舒服的还在后面哦？\\n嗯……要多动一点，让小弟弟更舒服～♪」"
    },
    {
        "message": "带着像捉弄孩子一样的微笑，\\nOnshijuumu开始缓慢地动起了腰部。\\n湿润的阴道褶皱在阴茎表面滑动、抚摸。"
    },
    {
        "name": "オンシジューム",
        "message": "「啊，嗯呜……呼呼，好厉害……啊啊！\\n嘻嘻……摩擦得好多呢……啊啊，好舒服……！\\n我果然也……会感到舒服的」"
    },
    {
        "message": "阴茎因为粗糙的触感而颤动。\\n快感从腰部深处传遍全身。\\n然而，Onshijuumu也同样感受到了快感。"
    },
    {
        "name": "オンシジューム",
        "message": "「嗯呜，团长也好像很舒服呢……嗯呜呜！\\n能让你开心，我很高兴……啊啊……嗯呜」"
    },
    {
        "name": "オンシジューム",
        "message": "「更舒服一点哦？\\n用我的小穴，让你的小弟弟……更舒服一点哦？」"
    },
    {
        "message": "看到Onshijuumu的奉献态度，我的脑海中涌起了热情。\\n今天，我想要依赖她一下。\\n已经因为快感而淡化的羞耻心。"
    },
    {
        "name": "オンシジューム",
        "message": "「嗯，团长不需要动哦？\\n只需要考虑如何更舒服……！\\n哈啊，啊啊，哈啊……嗯嗯……嗯？ 怎么了？」"
    },
    {
        "message": "轻轻伸出手臂，像撒娇一样。\\n想要触摸她的乳房。\\n看到伸出的手，明白了我的意图吗，\\nOnshijuumu温柔地笑了回来。"
    },
    {
        "name": "オンシジューム",
        "message": "「嘻嘻，想摸胸部吗？\\n可以哦，尽情地依赖我的胸部吧？」"
    },
    {
        "message": "说着话，她向前倾身，使乳房更容易触碰。\\n很快，柔软的感触传到了手掌上。\\n心里被柔软的感触填满了。"
    },
    {
        "name": "オンシジューム",
        "message": "「胸部……嗯，好舒服哦？\\n团长，摸胸部的技巧真的很好呢……啊啊\\n真是非常淫荡的触摸方式……嗯嗯……啊呢」"
    },
    {
        "message": "揉捏乳房时，乳头很快变得坚硬。\\nOnshijuumu的身体告诉我它是多么敏感。"
    },
    {
        "name": "オンシジューム",
        "message": "「嘻嘻，这样……团长也会很开心吧？\\n我不会对团长有任何隐瞒……嗯啊\\n胸部和小穴都感觉真是太舒服了」"
    },
    {
        "message": "乳房的刺激使阴道紧紧地夹住了阴茎。\\n我一直在忍耐，不让自己在这种刺激下射精，\\n但是已经接近极限了。"
    },
    {
        "name": "オンシジューム",
        "message": "「嗯，团长……好像快要感觉很舒服了？\\n你的小弟弟一直在颤抖着\\n我也能感受到它的震动哦？」"
    },
    {
        "message": "看来她也察觉到我已经接近极限了。\\n坦率地告诉她我快要射精了。"
    },
    {
        "name": "オンシジューム",
        "message": "「是吗，你已经快要射精了……嗯，\\n没关系，就这样让我用我的小穴帮你射吧？\\n就这样……啊，舒服地射出很多精子吧」"
    },
    {
        "message": "说完后，Onshijuumu的腰开始剧烈地动起来。\\n我无法抵抗，只是揉捏着她的乳房。"
    },
    {
        "name": "オンシジューム",
        "message": "「嗯，可以了，要射了吗？给我精子吧？\\n我会这样，嗯，摇动腰部，\\n让你的小弟弟感到舒服的……！」"
    },
    {
        "name": "オンシジューム",
        "message": "「团长感到舒服的表情，让我看看！\\n嗯……啊啊，团长……啊啊，嗯嗯……！\\n啊，啊……呼啊啊啊啊……！！！！」"
    },
    {
        "name": "オンシジューム",
        "message": "「啊啊，嗯，哈啊，哈啊……！\\n太厉害了，从你的小弟弟里射出了很多精子……！」"
    },
    {
        "name": "オンシジューム",
        "message": "「哗哗地……在我的小穴里，白色的东西流出来了……你知道吗？\\n啊啊……嗯嗯，太厉害了，还在流出来……！」"
    },
    {
        "message": "阴茎一次次地跳动着，每一次都喷出大量的浑浊液体。\\n我立刻感觉到它从连接处溢出来了。"
    },
    {
        "name": "オンシジューム",
        "message": "「嘻嘻～，团长的表情看起来好舒服哦？\\n射得爽吗？」"
    },
    {
        "message": "我点头回答她的问题。\\nOnshijuumu注视着我，仿佛在观察着这样的我。\\n沉醉的头脑仍然在向她诉说着想要撒娇的愿望。"
    },
    {
        "name": "オンシジューム",
        "message": "「诶？嘻嘻～，没关系，我抱紧你！\\n嗯……好，紧紧地抱住你……！！」"
    },
    {
        "message": "她倾身过来紧紧地抱住我。\\n有一段时间我无法松开Onshijuumu的身体。"
    },
    {
        "name": "オンシジューム",
        "message": "「团长，你被好好疗伤了吧……对吧？\\n嘻嘻～……偶尔这样也挺好的」"
    },
    {
        "message": "Onshijuumu害羞地低声说道。"
    }
]