[
    {
        "message": "与树兰一起观看花骑士们的训练。\n确实是这样的计划，\n但不知不觉间变成了这样。"
    },
    {
        "name": "デンドロビウム",
        "message": "「大家的拳法都还不够好。\n知道吗？拳法就是要这样挥舞」"
    },
    {
        "message": "在篝火下，树兰的夜间教室开始了。\n看起来她已经忍耐不住了。\n站在击打用人偶前的她，张开脚，握紧拳头摆出架势。"
    },
    {
        "message": "然后，调整呼吸。从平时的呼吸到击打用的呼吸。\n周围的空间是否在扭曲？\n花骑士们围绕着她，屏息以待。"
    },
    {
        "name": "デンドロビウム",
        "message": "「…嘿！」"
    },
    {
        "message": "然后释放出来。\n不，只是事后才明白已经释放出来了。\n心里总觉得，在挥动的姿势和打击声中，\n似乎有些微小的差距。"
    },
    {
        "name": "デンドロビウム",
        "message": "「呼……拳法就是要这样挥舞。\n大家明白了吗？\n虽然是用武器战斗，但既然不知道何时会失去武器，\n还是应该学会无器械的战斗方式」"
    },
    {
        "message": "毫无疑问是正确的观点，但没有人点头认同。\n大家都呆呆地看着人偶。\n而那个人偶，则被看不见的快速击打拳法所摧毁，\n从内部破碎得一塌糊涂。"
    },
    {
        "name": "デンドロビウム",
        "message": "「那么，继续训练吧。\n…团长，让你久等了\n………………团长？」"
    },
    {
        "name": "デンドロビウム",
        "message": "「你好像喘不过气来……等等，你是不是记起了什么……难道……嗯，我还是确认一下……」"
    },
    {
        "message": "你是兴奋了吗？被轻声问道，我只点了点头回答。"
    },
    {
        "message": "当然，这让人困惑不已，但树兰并没有就此打住。"
    },
    {
        "name": "デンドロビウム",
        "message": "「虽然这不是我的口头禅……但我忍不住要说出来\n你真的……没办法呢」"
    },
    {
        "message": "那就这样吧。\n在被假装休息带到我的房间里，我甜蜜地回答道\n然后深入秘密之处。"
    },
    {
        "name": "デンドロビウム",
        "message": "「嗯嗯……！这么硬……啊啊啊啊啊！」"
    },
    {
        "message": "树兰因为充塞感而颤抖着。\n腰部立刻开始动起来。"
    },
    {
        "name": "デンドロビウム",
        "message": "「嗯呜……没那么轻松吧？呼……啊啊啊」"
    },
    {
        "name": "デンドロビウム",
        "message": "「而且，还有屁股一起……嗯呜，你什么时候……嗯呜，这样摸我……嗯呜，啊啊啊」"
    },
    {
        "message": "稍微弯曲的膝盖在抽插和爱抚中颤抖着。\n在虚弱的身姿下，下腹部的热量凝结起来。"
    },
    {
        "name": "デンドロビウム",
        "message": "「呼……在里面，大力地……哈，嗯啊啊……\n团长……嗯，那个……不行，不可以……」"
    },
    {
        "message": "湿润的眼瞳向这边流动。\n深处闪烁着一种责备般的颜色。"
    },
    {
        "name": "デンドロビウム",
        "message": "「那个……是违反礼仪的哦？」"
    },
    {
        "message": "这是怎么回事呢。\n真的不明白，不由自主地腰部和手停了下来。"
    },
    {
        "message": "我俯视着茫然失措、调整呼吸的树兰。\n她双手撑在墙上，似乎在忍耐着什么。"
    },
    {
        "name": "デンドロビウム",
        "message": "「哈啊，哈啊……再说一次……是违反礼仪的\n那个……不可以……\n虽然对我来说还好……\n但对其他女性来说，是不可以做的事情」"
    },
    {
        "message": "她的表情像是位老师。\n果然还是不明白这个意思。心中涌起了不安。"
    },
    {
        "message": "请告诉我详细一点。\n如果有冒犯到你的地方，请让我道歉。\n在不安的驱使下，我这样询问道。"
    },
    {
        "name": "デンドロビウム",
        "message": "「如果你不明白的话……我来告诉你\n在进行那个的时候……想着其他女性是违反礼仪的」"
    },
    {
        "message": "她的口气有些拘谨。"
    },
    {
        "name": "デンドロビウム",
        "message": "「没关系……不需要隐藏\n你……在想着她们……在我体内变得更大了」"
    },
    {
        "message": "口气依然拘谨。\n带着掩饰和遮掩的语气。"
    },
    {
        "name": "デンドロビウム",
        "message": "「因为……你现在兴奋的原因是，\n看到了在训练场流汗的……她们吧？」"
    },
    {
        "message": "这个指责让我意识到了她隐藏着什么。\n她现在正承受着与我相同的东西。"
    },
    {
        "message": "这是一种不安。\n担心自己是否对别人产生了兴奋，\n这种可爱的不安感让我感激不尽。"
    },
    {
        "name": "デンドロビウム",
        "message": "「啊，啊呜，嗯呜，嗯嗯啊！团，团长……！？」"
    },
    {
        "message": "在爱欲的膨胀中重新开始抽插。\n比刚才更加激烈、深入，搅动着沸腾的情感。"
    },
    {
        "name": "デンドロビウム",
        "message": "「你听到我说的话了吗！？违反礼仪……可是，突然这样……啊，啊啊啊！」"
    },
    {
        "name": "デンドロビウム",
        "message": "「我很伤心……！竟然成为这样不称职的学生……！哈啊啊，唔，啊，唔，嗯嗯嗯啊啊！」"
    },
    {
        "message": "对于那个评价我无法认同。因为从一开始就存在误解。"
    },
    {
        "name": "デンドロビウム",
        "message": "「你、你在做什么……嗯，嗯啊，唔唔！屁股又……嗯，嗯啊！这么用力握着……！」"
    },
    {
        "message": "将两指深入臀肉中，她被拉近身体，自己也向前推进。伴随着溢出的爱液声音，向树兰耳语着真相。"
    },
    {
        "name": "デンドロビウム",
        "message": "「是、是我吗！？哈啊，啊啊，啊啊啊！」"
    },
    {
        "message": "以惊讶的眼神回应她的刺击。她挥舞拳头所展现出的力量和美丽，正是我所沉迷的。"
    },
    {
        "name": "デンドロビウム",
        "message": "「果然……唔，啊啊！你就是个没办法的人……！」"
    },
    {
        "message": "瞬间，不安从尖叫声中消失了。"
    },
    {
        "name": "デンドロビウム",
        "message": "「明明没有魅力……！哈啊，啊啊啊！\\n但是，好开心……！好开心！」"
    },
    {
        "name": "デンドロビウム",
        "message": "「不再说什么了……！如果是因为我而兴奋的话……哈啊，啊啊，啊啊啊！请全部都对我发泄出来……！」"
    },
    {
        "message": "就像一种反应一样，蜜壶紧紧地勾引着我。这样的反应也很可爱。我全身充满力量，用有力的抽插回应着。"
    },
    {
        "name": "デンドロビウム",
        "message": "「呼啊啊，安安安安安安安安啊啊啊啊！太好了，你很厉害呢！阴茎真舒服！再多一点，再多一点！不需要顾虑！」"
    },
    {
        "name": "デンドロビウム",
        "message": "「睾丸碰到屁股了感觉到了！嗯呀，啊啊嗯！原来在那里积蓄着吗……？因为我而兴奋吗？我的精液……嗯呼，嗯啊，啊啊啊！」"
    },
    {
        "message": "就像在告诉我一样，轻轻敲击着子宫口。欲望让我不由自主地这样做。"
    },
    {
        "name": "デンドロビウム",
        "message": "「嗯呼，嗯啊，啊嗯，嗯嗯啊啊！哈啊，啊嗯，那样的话，在那里！在那里射出来……！」"
    },
    {
        "name": "デンドロビウム",
        "message": "「我也很开心，快要达到高潮了……！哈啊，啊嗯嗯！请让我达到高潮吧，团长先生！用你的阴茎让我达到高潮！」"
    },
    {
        "message": "伴随着恳求的腰部摆动。精液一下子涌上来，深入刺突变成了射精的往复。"
    },
    {
        "name": "デンドロビウム",
        "message": "「呼啊啊啊！你被我激发起来的阴茎……！用你强壮的阴茎让我达到高潮！哈啊啊，啊啊啊！请让我达到高潮，团长先生！」"
    },
    {
        "name": "デンドロビウム",
        "message": "「我已经无法忍耐了！！要射了，要射了！我的阴道……啊，啊啊啊！要射了！」"
    },
    {
        "name": "デンドロビウム",
        "message": "「就这样，深入……尽情地射进来吧！呼啊啊，啊，啊……嗯呼呼呼呼呼……！」"
    },
    {
        "name": "デンドロビウム",
        "message": "「呼啊啊……热热的，好厉害……浓稠而黏黏的……精液，好开心……哈啊，啊，啊……♪」"
    },
    {
        "message": "拉近臀部，自己也向前推进，一次又一次地射精到最深处。"
    },
    {
        "message": "从连接处溢出来，滴答滴答地滴落下来，但脉动却没有停止。就像在告诉我一样，把最后一滴也塞进去。"
    },
    {
        "name": "デンドロビウム",
        "message": "「哈啊……哈啊……呵呵♪好激烈……你知道吗？我的腿都软了……膝盖都笑了起来……我……被你打败了……♪」"
    },
    {
        "message": "放松的目光中已经看不到不安的色彩。这样一来，应该能撤回对我评价不好的学生了吧。"
    },
    {
        "message": "然而，就在我安心下来时，想起了一件事情。"
    },
    {
        "message": "那是训练场上的花骑士们。\n毕竟也是夜间训练，作为骑士团长必须要看到最后。\n刚刚我想着必须赶快回去的时候。"
    },
    {
        "name": "デンドロビウム",
        "message": "「呵呵……果然是个不听话的学生呢。\n这可是违反礼仪的哦，团长先生♪」"
    },
    {
        "message": "被视线束缚住。\n接着，复活的阴道肉缠绕在阴茎上，臀部也开始扭动，\n精液和爱液混合的黏膜摩擦袭击而来。"
    },
    {
        "name": "デンドロビウム",
        "message": "「我和你的交合还没有结束……嗯，嗯嗯……\n所以……考虑那些孩子们是违反礼仪的哦♪」"
    },
    {
        "name": "デンドロビウム",
        "message": "「来吧……再一次，好吗……？\n毕竟你这么恳求我\n……不会拒绝吧？ 呵呵♪」"
    },
    {
        "message": "被她妖媚的笑容轻易地吸引住。\n既然如此，已经无法停下来了，\n那个晚上我一次都没有离开房间。"
    }
]