[
    {
        "name": "デンドロビウム",
        "message": "「团长，你刚才一直偷偷地看着这边，到底怎么了？」"
    },
    {
        "message": "树兰一边不停地整理文件放回书架，一边说道。这句话让我心跳加速。因为她说中了我的心思。"
    },
    {
        "name": "デンドロビウム",
        "message": "「这样下去，工作永远也做不完哦？」"
    },
    {
        "message": "她说得没错，我无言以对。但是，从刚才开始，我感觉到树兰身上飘来了一股甜蜜的香气，这让我无法集中精神工作。"
    },
    {
        "message": "比起文件的内容，我只关注着她。我轻轻摇头，试图摆脱这种状态，用深呼吸来平静自己过热的身体。"
    },
    {
        "name": "デンドロビウム",
        "message": "「在这种情况下，要求你集中注意力可能有点困难呢……那么，我们换个思路吧？」"
    },
    {
        "message": "说着，树兰走近坐在椅子上的我。还没来得及问她打算做什么，她纤细的手臂就伸了过来。她的手触碰到的地方竟然是我的下半身。"
    },
    {
        "name": "デンドロビウム",
        "message": "「啊……呵呵，果然已经硬了呢。真是……没办法呢。」"
    },
    {
        "message": "树兰低声嘀咕着，脸颊微微泛起红晕。"
    },
    {
        "name": "デンドロビウム",
        "message": "「啊啊……嗯嗯……呵呵，那么就开始吧……啊啊，要插进来了哦……啊啊嗯！团长……先生……嗯嗯……！！！」"
    },
    {
        "message": "当树兰跨坐在这里时，她的腰部浮起，慢慢将勃起的阴茎对准自己的凹陷处，缓缓下降。"
    },
    {
        "name": "デンドロビウム",
        "message": "「嗯嗯……啊啊，哈哈……哈哈……进来了哦……团长先生……」"
    },
    {
        "name": "デンドロビウム",
        "message": "「非常硬、非常大呢……呵呵呵……在我里面可爱地颤抖着……这么舒服吗？」"
    },
    {
        "message": "瞥了一眼连接处，阴茎完全沉入凹陷中。只能点头对树兰带来的愉悦感觉。但是，真的可以做这样的事吗？"
    },
    {
        "name": "デンドロビウム",
        "message": "「没关系的，解决完会更能集中精力工作的吧？而且……嗯，嗯……呵呵呵♪」"
    },
    {
        "message": "树兰一边说着一边缓慢地左右晃动腰部。阴茎表面被粗糙的阴道褶皱轻抚着。快感让我咬紧了后牙。"
    },
    {
        "name": "デンドロビウム",
        "message": "「这样硬着的话还能继续工作吗？当然……嗯，如果团长先生能做到的话，就算回去工作我也没关系哦？」"
    },
    {
        "message": "已经做到这一步，现在停下来也无济于事。无法再工作了，请求继续下去。"
    },
    {
        "name": "デンドロビウム",
        "message": "「呵呵，不要露出那样寂寞的表情\n为了让团长先生能够专心工作\n我会好好让您舒服的」"
    },
    {
        "name": "デンドロビウム",
        "message": "「所以请放心……嗯，阴茎……请享受吧\n嗯……啊啊……嗯，嗯……嗯呜呜……！」"
    },
    {
        "message": "微微笑着，树兰改变了腰部的动作，开始上下摆动\n阴茎在阴道中滑动的感觉，让双方的呼吸变得急促"
    },
    {
        "name": "デンドロビウム",
        "message": "「啊啊……那样啊啊，那样啊！\n太棒了……很多很多，啊啊，团长先生的阴茎\n啊啊……擦得好多哦？」"
    },
    {
        "message": "树兰一边上下晃动着腰部\n一边向前倾身窥视着这边的情况\n刚才感觉到的甜美气息变得更加浓烈"
    },
    {
        "name": "デンドロビウム",
        "message": "「团长先生……啊啊……嘻嘻，感觉舒服吗？\n这样就可以射出很多很多精子了吧？」"
    },
    {
        "message": "被投以炽热的目光，随着羞耻感，我的兴奋感进一步升高\n虽然感到害羞，想要转移目光\n但树兰不允许我这样做"
    },
    {
        "name": "デンドロビウム",
        "message": "「嗯，不可以，团长先生……啊啊\n请好好看着这边\n请让我看到团长先生享受的表情」"
    },
    {
        "name": "デンドロビウム",
        "message": "「而且……嗯，能看到团长先生享受的表情\n会更加舒服，而且精子也……会射得更多哦？」"
    },
    {
        "message": "看着我颤抖的脸庞，树兰充满爱意地凝视着\n她柔软的身体紧贴着我，像是在献身一般"
    },
    {
        "message": "如果继续盯着她的眼睛，我感觉自己很快就要达到极限\n一旦移开目光，就能看到她丰满的胸部\n压在我的胸膛上，被挤扁了"
    },
    {
        "message": "看到这淫荡的景象，我不禁咽了口唾液\n内心涌起了想要用手触摸的欲望"
    },
    {
        "name": "デンドロビウム",
        "message": "「这样明显的反应…呵呵，这种地方也很可爱\n如果是故意做出来的话，满分哦」"
    },
    {
        "message": "树兰轻轻地抬起上半身\n然后，丰满的乳房晃动着悬挂下来\n我忍不住伸出手，用手掌揉捏着胸部"
    },
    {
        "name": "デンドロビウム",
        "message": "「啊……嗯嗯……这样下流的触摸方式……啊啊！\n嗯……啊啊，嗯嗯……！！」"
    },
    {
        "message": "用手掌轻轻推起来\n这沉甸甸的胸部一只手根本无法完全包裹住"
    },
    {
        "name": "デンドロビウム",
        "message": "「别这样，一心一意地……啊啊……哈呢……！\n如果你这样展示给我看……我会更想疼爱你哦？」"
    },
    {
        "message": "每次揉捏乳房，阴道都会紧紧收缩刺激着阴茎\n这次我把嘴唇靠近另一只乳头，轻轻吮吸起来"
    },
    {
        "name": "デンドロビウム",
        "message": "「啊啊啊！？嗯嗯……！\n乳头……啊啊，这么突然……嗯嗯……！」"
    },
    {
        "name": "デンドロビウム",
        "message": "「就算这样……嗯……也不会有奶水的哦？\n呵呵……不过，嗯嗯，你很厉害」"
    },
    {
        "name": "デンドロビウム",
        "message": "「再吸一点可以哦？啊啊，就这样……用力一点，啊啊！\n就这样……嗯，还用舌头……嗯嗯……！\n对，嗯嗯，呼呼，哈啊……你很厉害哦……很淫荡呢」"
    },
    {
        "message": "树兰的身体因为对乳头的口爱而颤抖着\n下半身也痉挛地抽搐着，阴道比之前更加紧窄"
    },
    {
        "name": "デンドロビウム",
        "message": "「那么，我也要给团长教一些淫荡的事情\n让你感到舒服的事情……嗯，啊啊！！」"
    },
    {
        "message": "在吸住乳房的这边耳边，树兰用妖媚的声音低语\n然后，腰的动作一下子变得快速而猛烈"
    },
    {
        "name": "デンドロビウム",
        "message": "「啊啊……嗯嗯……！！\n哈啊，哈啊……怎么样？舒服吗？」"
    },
    {
        "message": "每次树兰降下腰时，肌肤相互碰撞发出拍击声\n与身体颤抖的冲击相比，彼此性器的摩擦快感更加强烈"
    },
    {
        "message": "因为过于快感而不自觉地从乳头上松开口\n从口中脱出的乳头微微红肿，尖锐地感受到快感"
    },
    {
        "name": "デンドロビウム",
        "message": "「嗯，呵呵，这是给你努力吮吸我的乳房的感谢\n啊啊，就这样，享受多多吧？」"
    },
    {
        "name": "デンドロビウム",
        "message": "「啊啊，啊啊……用我的，我的阴道……让你的……阳具……感到舒服……！\n嗯啊啊，啊啊……团长，啊……！」"
    },
    {
        "message": "为了回应那上升起的快感，我主动用腰部向上推送。\n知道阴茎顶端触碰到阴道深处。\n在那一瞬间，树兰的背弓起并发出细致的娇声。"
    },
    {
        "name": "デンドロビウム",
        "message": "「啊啊诶……！嗯，啊啊诶！\n这真是太棒了，我也好舒服……团长……！」"
    },
    {
        "name": "デンドロビウム",
        "message": "「啊，我要高潮了……！啊，团长，请射进来吧……！\n全部都在我的里面……精子……啊啊诶， 啊啊！」"
    },
    {
        "message": "树兰的身体不断颤抖着。\n保持这个姿势，迎接着极限的时刻。"
    },
    {
        "name": "デンドロビウム",
        "message": "「啊，要高潮了……要高潮了……！！！\n呼，啊啊啊……嗯啊啊啊啊……！！！！！」"
    },
    {
        "name": "デンドロビウム",
        "message": "「啊啊诶……哈啊，哈啊……嗯，太棒了……！\n可以感受到大量精液注入子宫里了……嗯嗯」"
    },
    {
        "message": "两人的耻骨贴得紧密，一起达到了高潮的时刻。\n阴道不断收缩，紧紧地刺激着阴茎。"
    },
    {
        "name": "デンドロビウム",
        "message": "「团长的阳具……已经完全插入到我的深处了\n嘻嘻……非常舒服，我真的很喜欢这根阳具哦？」"
    },
    {
        "name": "デンドロビウム",
        "message": "「而且，团长的性技也非常高超，\n让我也陷入了狂热之中」"
    },
    {
        "message": "树兰靠近我，紧紧地拥抱着我。\n我们彼此交换着呼吸，仿佛被她柔软的身体所包围。"
    },
    {
        "name": "デンドロビウム",
        "message": "「嘻嘻，阳具变得柔软了呢……这样你就可以回去工作了」"
    },
    {
        "message": "听到树兰说出的那句话，我想起了一些事情。\n原来现在是在工作中啊。"
    },
    {
        "name": "デンドロビウム",
        "message": "「如果阳具再次变硬，请告诉我哦？\n直到它变得柔软，我会帮你挤压的，嘻嘻♪」"
    },
    {
        "message": "听着她的低语，我闭上了眼睛，思考着是否能够集中精力工作。\n树兰身上甜蜜的气息中，不知何时掺杂着淫荡的味道。"
    }
]