[
    {
        "name": "アルストロメリア",
        "message": "「团长，怎么样？很棒吧♪」"
    },
    {
        "message": "阿尔斯特罗梅利亚穿着的是她最近购置的礼服。\\n这套专为她定制的礼服非常适合在华丽的场合穿着，\\n从平时充满活力的她身上，可以感受到一丝别样的优雅。"
    },
    {
        "name": "アルストロメリア",
        "message": "「团长一直盯着我看，感觉好有趣呢～♪\\n有点性感呢……看，大腿……一闪而过」"
    },
    {
        "message": "阿尔斯特罗梅利亚瞬间掀起裙子，露出了敏感的部位。\\n那双洁白的大腿诱人动人，深深地印在脑海中。"
    },
    {
        "name": "アルストロメリア",
        "message": "「看到了吗？看不见吧～？\\n来，我给你展示到这里……怎么样？很性感吧～？嘿嘿♪」"
    },
    {
        "message": "阿尔斯特罗梅利亚挑逗地把裙子提得离下身只差一点点，露出了内衣。\\n重要的部位似乎要露出来，却又看不见，真是让人着迷。"
    },
    {
        "name": "アルストロメリア",
        "message": "「如果团长有这个意思的话，今后也会……呀！？」"
    },
    {
        "message": "我忍不住将阿尔斯特罗梅利亚按倒在床上。\\n我迫不及待地移开她的礼服，贪婪地吮吸着她的身体。"
    },
    {
        "name": "アルストロメリア",
        "message": "「等、等一下团长，太突然了、嗯嗯！啊啊！\\n团、团长，脸、脸、嗯！变得认真起来了，所以、啊啊！」"
    },
    {
        "message": "被你这样诱惑，要我忍耐实在是不可能的事情。"
    },
    {
        "name": "アルストロメリア",
        "message": "「今晚，嗯……本来只是想给你看看礼服的……嗯！」"
    },
    {
        "message": "无视阿尔斯特罗梅利亚的话，我慢慢地插入进去。现在再找借口已经没有用了。"
    },
    {
        "name": "アルストロメリア",
        "message": "「但、但是……啊啊！这么强硬地……嗯嗯！啊啊！啊啊！团、团长的小弟弟，已经、已经进来了……嗯嗯！」"
    },
    {
        "message": "阿尔斯特罗梅利亚并没有拒绝这个行为。相反，她将自己交托给了我。"
    },
    {
        "name": "アルストロメリア",
        "message": "「啊、啊啊！深处，嗯嗯！顶到、顶到最深处了……！」"
    },
    {
        "message": "不久，龟头到达了最终目的地——阴道深处。她的阴道已经湿透，所以进入得很顺利。"
    },
    {
        "name": "アルストロメリア",
        "message": "「不、不要……这样说，好像我想要做那种事一样……！\n不是那样的……嗯……没有那么湿……」"
    },
    {
        "message": "虽然阿尔斯特罗梅利亚在撒谎，但从连接处渗出的爱液的量说明了真相。"
    },
    {
        "name": "アルストロメリア",
        "message": "「因、因为！喜欢的人强行逼近，被强迫的话，心跳加速是理所当然的吧？所以……」"
    },
    {
        "message": "阿尔斯特罗梅利亚和我默默地对视着。我们彼此理解对方的感受，感受到彼此现在想要什么。"
    },
    {
        "name": "アルストロメリア",
        "message": "「……嗯，可以的」"
    },
    {
        "message": "阿尔斯特罗梅利亚微笑着点头，开始动起了腰部。"
    },
    {
        "name": "アルストロメリア",
        "message": "「啊、嗯，那个，很好……团长，那个，好厉害啊……好舒服啊……」"
    },
    {
        "name": "アルストロメリア",
        "message": "「小穴感觉好舒服……嗯呜……被团长硬邦邦的阴茎亲吻得不停抽搐……！」"
    },
    {
        "message": "仅仅几次抽送，湿润的阴道肉不停地紧紧夹住阴茎。阿尔斯特罗梅利亚似乎非常容易感受到快感。"
    },
    {
        "name": "アルストロメリア",
        "message": "「啊、嗯嗯……因为，团长，你露出了认真的表情……嗯呜……虽然被袭击了，但是，嗯嗯……这么温柔地，嗯嗯……感觉舒服……嗯呜呜……」"
    },
    {
        "name": "アルストロメリア",
        "message": "「哈、哈哈、嗯嗯……！团、团长……嗯嗯……哈、哈哈……没关系的……那个，嗯嗯……很好……」"
    },
    {
        "name": "アルストロメリア",
        "message": "「哈、哈……团长……再、再来……更多……？」"
    },
    {
        "message": "阿尔斯特罗梅利亚像是被热情冲昏了头，渴望着更多快感。于是我伸手到她的乳房上。"
    },
    {
        "name": "アルストロメリア",
        "message": "「呼！？呼啊啊啊啊！」"
    },
    {
        "message": "我缓慢地扭动着腰部，享受着她乳房的柔软。"
    },
    {
        "name": "アルストロメリア",
        "message": "「啊、哈……胸部……这样，温柔地，揉捏着，嗯嗯……啊、不行，嗯嗯……哈、哈，头脑都变得飘飘然了……」"
    },
    {
        "message": "火辣辣的阿尔斯特罗梅利亚扭动着身体，我紧紧抓住她试图逃离的乳房，用力揉捏着。"
    },
    {
        "name": "アルストロメリア",
        "message": "「嗯嗯呜呜！那个，嗯嗯，啊啊！」"
    },
    {
        "name": "アルストロメリア",
        "message": "「啊……哈、哈，嗯嗯……用力揉捏……嗯嗯……喜欢……团长……喜欢……」"
    },
    {
        "name": "アルストロメリア",
        "message": "「啊、哈、哈……嗯嗯……嗯、嗯，舒服……嗯嗯……哈、啊、啊！」"
    },
    {
        "message": "我渴望着让喘息的阿尔斯特罗梅利亚更加喘息，那种虐待心情涌上心头，我开始折磨她的乳头。"
    },
    {
        "name": "アルストロメリア",
        "message": "「啊、嗯嗯！哈啊！啊、嗯嗯，啊啊！不行，团长，那个，嗯嗯呜呜！感觉，好舒服，嗯嗯！会感觉很舒服的！别这样，摸弄着，嗯嗯呜呜！」"
    },
    {
        "message": "我感受着阿尔斯特罗梅利亚剧烈扭动的身体，满足了我的虐待心情，用手指捏住她的乳头，轻轻地揉弄着。"
    },
    {
        "name": "アルストロメリア",
        "message": "「啊……团长！嗯嗯呜呜！那个，啊啊，啊啊，嗯嗯呜呜！乳头很敏感的，别这样摸弄……！好刺激，感觉好舒服！」"
    },
    {
        "name": "アルストロメリア",
        "message": "「啊、哈啊！不要，别摸弄乳头了，不要啊啊！哈、哈啊！不要再这样了！啊、嗯嗯呜呜！」"
    },
    {
        "message": "她到底在拒绝什么呢？她期待着被这样对待吧。"
    },
    {
        "name": "アルストロメリア",
        "message": "「我期待着的！我期待着的，可是嗯嗯呜呜！哈、哈，这样一下子，我就会高潮了！嗯嗯……已经，快要高潮了！」"
    },
    {
        "name": "アルストロメリア",
        "message": "「虽然还不想高潮，嗯嗯！哈啊！虽然还不想高潮的！已经快要高潮了，所以不行啦！啊、啊啊啊啊！」"
    },
    {
        "message": "既然如此，我开始用力抽送。"
    },
    {
        "name": "アルストロメリア",
        "message": "「嗯、嗯、哈啊、哈啊、嗯嗯！\n呼！嗯嗯！嗯！哈啊！剧烈地，嗯嗯呜呜！」"
    },
    {
        "name": "アルストロメリア",
        "message": "「团长，你真坏！啊啊啊！\n那个，啊，嗯嗯呜呜！呼啊，哈啊！剧烈地，嗯呜，嗯嗯呜呜！」"
    },
    {
        "name": "アルストロメリア",
        "message": "「这样，这么剧烈的话！我会，嗯！\n感觉很舒服的，嗯，感觉很舒服！哈，啊啊！就要，就要到了哦！」"
    },
    {
        "message": "感受着射精的感觉涌上心头，继续抽插着阴道。"
    },
    {
        "name": "アルストロメリア",
        "message": "「团长，好厉害！哈、剧烈地！\n哈、呼啊，呼、哈啊啊！\n深入到最深处，麻痹了！」"
    },
    {
        "name": "アルストロメリア",
        "message": "「哈、哈、阴道，嗯嗯！好害怕，要坏掉了……！\n顶着顶着，嗯，我的阴道，要坏掉了！嗯嗯呜呜！」"
    },
    {
        "message": "脸红的阿尔斯特罗梅利亚\n紧紧握住床单，剧烈地喘息着。"
    },
    {
        "name": "アルストロメリア",
        "message": "「啊啊，啊啊，团长，嗯！团长！\n嗯、哈啊！被团长粗暴对待，好喜欢！好喜欢！\n嗯、哈啊哈啊！就算坏掉了，我的阴道坏掉了也没关系！\n再多一点，再多一点！」"
    },
    {
        "name": "アルストロメリア",
        "message": "「啊、啊啊、哈啊！哈啊、哈啊、哈啊！\n啊、啊、啊、啊啊！\n不、不行，到极限了！团长，我，到极限了！\n身体里的快感，要爆发了！」"
    },
    {
        "message": "全身心地地地地地地地地地地地地地地地心心心心心心心心心心心心地将阴茎猛烈地撞击到阴道深处，一次又一次。"
    },
    {
        "name": "アルストロメリア",
        "message": "「不行，不行，不行！团长，不、不行，团长！\n因为太舒服了，满脑子都是快感，什么都想不到……啊啊啊！\n要射了，要射了，因为太舒服了！」"
    },
    {
        "name": "アルストロメリア",
        "message": "「要、要射了！团长！嗯！\n要射了！嗯、哈啊！这个、要射……哈啊、哈啊、哈啊！\n啊、嗯嗯！这个，要射了，嗯嗯呜呜！啊啊啊啊啊啊啊！」"
    },
    {
        "name": "アルストロメリア",
        "message": "「呼啊啊啊！哈、哈、哈……嗯！嗯嗯呜呜……！」"
    },
    {
        "message": "将精液注入到阿尔斯特罗梅利亚高潮的阴道中。\n脑海被射精的快感填满。"
    },
    {
        "name": "アルストロメリア",
        "message": "「哈啊、哈啊……好厉害……团长……\n好厉害……哈啊、哈啊……流出来了……嗯……\n我的小穴，被填满了……哈啊、哈啊……」"
    },
    {
        "message": "阴茎一次又一次地搏动，伴随着快感喷射出所有的精液。\n从阴道中溢出的精液缓缓流淌出来。"
    },
    {
        "name": "アルストロメリア",
        "message": "「哈啊、哈啊……团长，请毫不犹豫地射得太多了……\n太强硬了……」"
    },
    {
        "message": "阿尔斯特罗梅利亚只是口头上抱怨着不满。\n即使是在享受快感中说出这样的话，也没有说服力。"
    },
    {
        "name": "アルストロメリア",
        "message": "「可是，和我想象的完全不一样……但是我觉得非常幸福」"
    },
    {
        "name": "アルストロメリア",
        "message": "「就连稍微有点强硬的团长……也好帅呢\n我对他重新产生了好感……嘿嘿♪」"
    },
    {
        "message": "阿尔斯特罗梅利亚满意地微笑着。"
    }
]