[
    {
        "message": "炎热的中午，发生了一件事。"
    },
    {
        "name": "イオノシジウム",
        "message": "「好热啊……好热啊～快要融化了～啊～好～热～」"
    },
    {
        "message": "离子银懒散地躺着。"
    },
    {
        "message": "而且，还只穿着内衣。完全不顾这边的注意，脱掉衣服，一遍又一遍地晒着满是汗水的皮肤。简直是对眼睛的毒药。"
    },
    {
        "name": "イオノシジウム",
        "message": "「无所谓吧～除了你以外，没人在这里吧～让我随心所欲吧～」"
    },
    {
        "message": "毫不羞怯的反驳是信任的证明，还是表达好意的方式。平时的话可能会感到高兴，顶多苦笑一下就算了。"
    },
    {
        "message": "但现在不同了。我也被炎热所困扰。理智变得迟钝，迫切地想要优先处理其他事情而不是工作。离子银的光滑肌肤一直在我脑海中挥之不去。"
    },
    {
        "name": "イオノシジウム",
        "message": "「嗯～？队长，怎么了～？你的眼神有点……话说，你为什么靠近过来……」"
    },
    {
        "name": "イオノシジウム",
        "message": "「……嗯？」"
    },
    {
        "message": "我根本无法忍耐。\\n一边抓住内衣，一边向她袭来。"
    },
    {
        "name": "イオノシジウム",
        "message": "「不、不可以！？不能插进去！？那么粗大的东西绝对不行……」"
    },
    {
        "message": "本来就不可能不插进去。"
    },
    {
        "name": "イオノシジウム",
        "message": "「嗯，嗯嗯嗯嗯～～！？」"
    },
    {
        "message": "他强行脱下湿透的内衣，紧紧抱住湿漉漉的身体，\\n握住屁股一口气插入。"
    },
    {
        "message": "同时晃动着イオノシジウム，享受粘膜和皮肤的贴合。\\n通过视觉和触觉感受平时无法见到的裸体。"
    },
    {
        "name": "イオノシジウム",
        "message": "「哈啊……嗯……呀……不、这样……不行啊……\\n团长……冷静点啊……」"
    },
    {
        "name": "イオノシジウム",
        "message": "「因为害羞……不要摩擦……不要看……\\n嗯，嗯啊……啊……不要，不要啊……」"
    },
    {
        "message": "她主动暴露出肌肤。\\n当我提出不合理的要求时，她更加紧紧抓住我的四肢。"
    },
    {
        "name": "イオノシジウム",
        "message": "「那、那个……嗯，嗯嗯」"
    },
    {
        "message": "她做出了遮掩身体的动作。\\n我兴奋地注视着她挤压的乳房和大腿，等待她说下去。"
    },
    {
        "name": "イオノシジウム",
        "message": "「就算是我……裸体，也很害羞的呢……」"
    },
    {
        "message": "刚才明明只穿着内衣自信满满的啊。"
    },
    {
        "name": "イオノシジウム",
        "message": "「不行，内衣和全裸是不同的！\\n就像绿绮的胸部和马齿苋一样完全不同！」"
    },
    {
        "message": "如果是那样的话，我只能接受了。\\n虽然比喻方式有点问题，但无论如何，要做的事情都不会改变。"
    },
    {
        "name": "イオノシジウム",
        "message": "「嗯嗯……等一下……所以，请停下来，别再继续了……\\n现在，我正在工作中……\\n如果有人进来看到了……怎么办啊」"
    },
    {
        "name": "イオノシジウム",
        "message": "「白天这样子……要是被看到了……\\n晚上，我会陪你的……现在，请忍耐一下吧」"
    },
    {
        "message": "这是一个无法询问的问题。\\n因为我也感到很热。"
    },
    {
        "name": "イオノシジウム",
        "message": "「什么，胡闹……嗯咕噜，咕噜……！？」"
    },
    {
        "message": "用吻堵住了鸣叫的嘴巴。\n立刻用舌头游走，搅动着与阴道不同的粘膜。"
    },
    {
        "name": "イオノシジウム",
        "message": "「呼呼，嗯咪噢……咔噜，嗯啊……\n话，听我说啊……咔噜，啾啾，嗯呜呜」"
    },
    {
        "name": "イオノシジウム",
        "message": "「呼呼，哈啊……嗯呜，啾布呜，嗯嗯呜……\n太强硬了啦……忍一下……嗯呜，吹吹」"
    },
    {
        "message": "在接吻的间隙，离开她的脸颊，依旧试图劝阻的イオノシジウム。\n一边侵犯她的口腔，一边将唾液和言语一同灌入。"
    },
    {
        "name": "イオノシジウム",
        "message": "「嗯咕噜，嗯咕，嗯啊……想做的事，现在就想做……？\n那个……和我一样……」"
    },
    {
        "message": "怀中的热量升高。\n在扭曲的乳房之间，传来了加速跳动的心脏声。"
    },
    {
        "name": "イオノシジウム",
        "message": "「竟然说出那种话……啾啾，嗯呜，咪呜呜呜\n兰长先生，你真是个卑鄙的家伙……」"
    },
    {
        "message": "紧紧抱住变得更加强烈。イオノシジウム的热量进一步升高。\n无论是卑鄙还是什么，\n对于引发了我方欲望的她，需要为此负责任。"
    },
    {
        "name": "イオノシジウム",
        "message": "「确实，我也有错……但就算这样说……啾、啾啾……因为很热嘛……没办法，对吧……？」"
    },
    {
        "name": "イオノシジウム",
        "message": "「在你面前，我觉得没关系的呢……可是，竟然是这样的……啾、噗噗、嗯咪呜、嗯嗯嗯」"
    },
    {
        "message": "就这样，她展示出了被汗水浸湿的官能肌肤。情欲自然而然地产生了。发情也是理所当然的。希望有自制力的人才是有问题的。"
    },
    {
        "name": "イオノシジウム",
        "message": "「呼呼，嗯啊……啊呜\\n团长大人……你变得奇怪了哦……？\\n啊，是因为炎热才变成这样的」"
    },
    {
        "message": "炎热和离子交叉的原因。已经不再言语，只用粗暴的呼吸贪婪地拥抱她。"
    },
    {
        "name": "イオノシジウム",
        "message": "「嗯，呼啊……啾、啾啾……嗯嗯咕\\n被这样侵犯，我也……呼啊……好热，团长大人，好热……」"
    },
    {
        "name": "イオノシジウム",
        "message": "「你的汗水的气味……让我头脑变得混乱\\n啊，不行……我也、已经……不行了」"
    },
    {
        "message": "离子交叉的声音、表情、体温都在热量中官能地融化。明白自己被我们注入的热量所感染，这激发了兴奋和欲望。"
    },
    {
        "message": "双臂充满力量。腰部也充满了热量。对抱起的身体产生了冲动，紧握着臀肉进行剧烈的抽插。"
    },
    {
        "name": "イオノシジウム",
        "message": "「啊、啊呜！嗯啊、啊呜、啊呜！\\n肚子里好热……！被你粗大的东西抽动，热意一直传到脑袋呜呜！」"
    },
    {
        "name": "イオノシジウム",
        "message": "「不行，不行！什么都想不到了……！\\n太舒服了不行……！\\n哈啊呜、啊嗯……吸吮、亲亲啊啊啊！」"
    },
    {
        "message": "被涂满唾液的紧贴的双唇。\\n被热情所驱使，自己贪婪地享受着的イオノシジウム。\\n与刚才相反，这次她展现出了强硬的一面。"
    },
    {
        "name": "イオノシジウム",
        "message": "「亲亲、吸吮……嗯呜、嗯嗯啊、吸吮啊啊啊、亲亲啊啊\\n呼呼，嗯嗯啊……团长的唾液，好热哦……♪\\n哈啊，好好吃……虽然是唾液却好好吃哦……♪」"
    },
    {
        "name": "イオノシジウム",
        "message": "「好舒服，好热又舒服呀……\\n再给我……！一直到最后都要热热的……！\\n你要看不起我嘛……♪」"
    },
    {
        "name": "イオノシジウム",
        "message": "「忍耐什么的、被别人看到什么的，都不重要了！\\n请让我舒服起来，团长先生……！」"
    },
    {
        "message": "不需要等到被请求，我本来就打算这样做。"
    },
    {
        "name": "イオノシジウム",
        "message": "「嗯呜、嗯咕呜、亲亲、吸吮啊啊……♪\\n连肚子深处也要一起呀……♪亲亲、亲亲啊啊啊♪」"
    },
    {
        "message": "汗水和性器深深相连，交换着唾液中的热量。\\n爱液和肉体发出淫荡的声音，增加着快感和兴奋。"
    },
    {
        "message": "然后，我们互相交融着无法逃脱的切痛，拥抱变得更加紧密。\\n黏膜的结合已经到了极限。"
    },
    {
        "name": "イオノシジウム",
        "message": "「啾啾、啾噗噢、嗯啊啊……嗯咕、嗯呣♪\\n好厉害，好厉害……！\\n这个、要来了……啊，舒服的感觉要来了……」"
    },
    {
        "name": "イオノシジウム",
        "message": "「啾啾、嗯呣呣、让我高潮吧……团长先生，让我高潮吧♪\\n啾啾、嗯呣呣、嗯嗯呣……啊啊啊～♪」"
    },
    {
        "name": "イオノシジウム",
        "message": "「呼哇……热热的来了……你的，来了♪ 哈啊，啊～♪」"
    },
    {
        "message": "迎接我们的是相互交融的高潮。\\n没有任何间隙，全部都分享着。"
    },
    {
        "message": "深入子宫内爆发的快感波动。\\n紧贴的肌肤颤抖着，变成了粗糙的呼吸声，喷洒在彼此的脸上。"
    },
    {
        "name": "イオノシジウム",
        "message": "「哈啊……哈啊……哈啊……这、可能有点危险……团长先生……」"
    },
    {
        "message": "因为腹部的悸动而四肢颤抖，イオノシジウム呼唤着我。"
    },
    {
        "message": "沾满汗水，脸颊泛红，目光模糊地聚焦在高潮的余韵上。\\n以这样的表情，她继续发出像水糖一样的声音。"
    },
    {
        "name": "イオノシジウム",
        "message": "「这个，我……陷进去了……」"
    },
    {
        "name": "イオノシジウム",
        "message": "「话说回来，想要更多……再来一次吧……\\n汗水淋漓的情况下，想和团长继续做爱……」"
    },
    {
        "message": "她愉快的请求点燃了兴奋的余火。"
    },
    {
        "message": "射精后的阴茎瞬间勃起，\\n超越了极致高潮的松弛感，全身充满力量。"
    },
    {
        "name": "イオノシジウム",
        "message": "「变大了……好开心……♪」"
    },
    {
        "message": "但是，最好还是补充一些水分。\\n我有信心一直进行下去，直到脱水症状出现。"
    },
    {
        "name": "イオノシジウム",
        "message": "「呵呵……这样的事情也是我喜欢的，团长先生♪」"
    },
    {
        "name": "イオノシジウム",
        "message": "「快点去喝吧？\\n当然……还连着呢\\n这样就能马上……继续做爱了♪」"
    },
    {
        "message": "这样一来，就能立即做想做的事情。\\n我欣然同意，一边抱着她，一边走向水源。"
    },
    {
        "name": "イオノシジウム",
        "message": "「呵呵～♪ 满身汗水的性爱……我喜欢上了呢♪」"
    },
    {
        "message": "两个因炎热而糊涂的男女。\\n他们忘记了重要的事实，事后会感到后悔。"
    },
    {
        "message": "水源在房间外面。"
    }
]