[
    {
        "name": "シンビジューム",
        "message": "「团长，辛苦了，工作这么晚\\n这个……如果可以的话，请您……请收下」"
    },
    {
        "message": "她这样说着，递给我巧克力和杯子蛋糕。\\n看起来都很好吃，而且外观也很可爱。"
    },
    {
        "name": "シンビジューム",
        "message": "「最近，我和温室兰一起做的哦？\\n当然，这些也是手工制作的……嗯，是、我自己的……」"
    },
    {
        "message": "信义花害羞地微笑着，但又带着一丝自豪。\\n再次凝视着她，她穿着可爱的围裙连衣裙。\\n这样温柔亲切的她，非常适合这个样子。"
    },
    {
        "name": "シンビジューム",
        "message": "「真、真的吗？\\n嘿嘿，能让团长开心真是太好了\\n我也很喜欢这件衣服哦？」"
    },
    {
        "message": "她稍微张开双臂，为了更容易看到服装而摆出姿势。\\n看到她的样子，我的心变得热烘烘的。\\n忍不住，我轻轻地将信义花的身体拥入怀中。"
    },
    {
        "name": "シンビジューム",
        "message": "「团、团长……嗯……突然怎么了？」"
    },
    {
        "message": "被突然抱住，信义花的身体紧绷起来。\\n我后悔地松开了抱着她的肩膀。\\n然而，出乎意料的是，她还是把脸埋在了我的胸前。"
    },
    {
        "name": "シンビジューム",
        "message": "「难道……你有点色色的心情了吗？\\n那、那个……那我……可以、可以哦？」"
    },
    {
        "message": "羞怯地抬起头来的信义花的眼睛微微泛着热情。"
    },
    {
        "name": "シンビジューム",
        "message": "「嗯啊啊，啊啊……团、团长……嗯！\n啊啊……好、好硬……嗯，进入我里面……啊，啊……！」"
    },
    {
        "message": "将龟头对准阴道口，往前滑动。\n感受到异物侵入的触感，信义花的身体紧绷起来。"
    },
    {
        "name": "シンビジューム",
        "message": "「啊啊……！进来了……嗯，嗯啊啊……！\n进、进到最深处了……嗯，嗯呜，哈啊，哈啊……！」"
    },
    {
        "name": "シンビジューム",
        "message": "「好大……嗯，又粗又大……哈啊，哈啊……！\n团长的，好有力量呢……嗯」"
    },
    {
        "message": "当完全插入时，信义花湿润的眼睛朝这边微笑。\n感受到她可爱的反应更加让我心热起来，忍不住开始缓慢地动起腰来。"
    },
    {
        "name": "シンビジューム",
        "message": "「啊，嗯……啊啊……！\n团、团长……嗯，这、这样下去……嗯……就在这里，做吗？」"
    },
    {
        "message": "在粘膜的摩擦声中，信义花问道。\n她像是被压在桌子上一样。"
    },
    {
        "name": "シンビジューム",
        "message": "「床……嗯，能不能忍到床上去？\n呼啊，啊啊……嗯，嗯啊啊……！」"
    },
    {
        "message": "很抱歉，我无法忍受。\\n我的心和身体都渴望着她。"
    },
    {
        "name": "シンビジューム",
        "message": "「啊，嗯……但是，这里，嗯嗯……！\n我、我要工作了……在桌子上……嗯，啊啊啊……！」"
    },
    {
        "name": "シンビジューム",
        "message": "「如、如果弄脏了……啊啊，嗯嗯……！\n会、会很麻烦的吧，嗯，嗯嗯……？」"
    },
    {
        "message": "虽然或许确实如此，但现在这些都变得微不足道。\n此刻我全神贯注地沉迷于眼前柔软的身体。"
    },
    {
        "name": "シンビジューム",
        "message": "「呼啊，嗯……你这么专注于我吗？\n啊啊……嗯，我、我很高兴……！\n啊啊，团长大人……对我、对我有如此多的需求……！」"
    },
    {
        "message": "腰部的动作逐渐变得更加有力和快速。\n不知不觉间连接处已经湿透，\n阴茎的进出变得更加顺畅。"
    },
    {
        "name": "シンビジューム",
        "message": "「啊，啊啊……啊啊嗯……！\n团长，你的、深处好多地方都碰到了……好舒服……！啊啊嗯！\n嘿、嘿嘿的汁液……嗯，会不断地流出来……！」"
    },
    {
        "name": "シンビジューム",
        "message": "「哈、哈、嗯……弄脏了桌子……嗯\n对、对不起……但是，嗯，汁液停不下来！\n啊啊，哈、哈啊，嗯……感觉太好了，停不下来……！」"
    },
    {
        "message": "信义花仰起身子大声呻吟。\n身体一跳动，那对丰满的乳房剧烈地摇晃着。"
    },
    {
        "message": "一边扭动着腰部，一边伸手触摸那对乳房。\n手掌感受到了湿润而有弹性的触感。"
    },
    {
        "name": "シンビジューム",
        "message": "「嗯，啊啊……啊，啊……！\n可以的……嗯，团长，\n请更多地、更多地品味我吧……！」"
    },
    {
        "message": "毫不犹豫地享受着年轻的胸部，尽情揉捏。\n手中柔软的变形和能够按自己意愿塑造的愉悦让我不禁发出了叹息。"
    },
    {
        "name": "シンビジューム",
        "message": "「嗯，嗯……随、随你喜欢的方式……来吧！\n团长……嗯，做那种淫荡的事情……嗯\n我、我……嗯，因为喜欢你……啊，嗯嗯……！！！」"
    },
    {
        "message": "面对淫荡的告白，肉棒兴奋地颤抖着。\n她的脸颊似乎因为羞耻而变得通红。\n她为了让我高兴而真诚地说出了那些话吧。"
    },
    {
        "name": "シンビジューム",
        "message": "「团长的，嗯，啊啊……在我体内颤抖着……！\n嗯，看起来很舒服……嗯，呵呵，我很高兴……！」"
    },
    {
        "name": "シンビジューム",
        "message": "「请更、更加地享受吧……！\n用我的身体……在我体内……啊啊，更多地感受快感吧……！」"
    },
    {
        "message": "在揉捏乳房的手上，与信义花的手相互重叠。\n一边紧握住乳房，一边将腰部猛烈地撞击着她。"
    },
    {
        "name": "シンビジューム",
        "message": "「啊啊，啊啊……深入到、啊啊……里面了……！\n嗯，啊啊，我也、太舒服了……！」"
    },
    {
        "name": "シンビジューム",
        "message": "「团长的……强壮的……啊啊，好舒服……啊啊，好舒服……！」"
    },
    {
        "message": "从信义花的眼中流出了快感的泪水。\n每当龟头撞击到阴道深处时，阴道紧紧收缩，刺激着阴茎。"
    },
    {
        "message": "当接近极限时，我看到她把巧克力和杯子蛋糕放在桌子上。\n看到这一幕，我不禁笑了出来。"
    },
    {
        "name": "シンビジューム",
        "message": "「嗯，啊……团、团长先生？\n嗯，你、你有什么事吗？」"
    },
    {
        "message": "我告诉了询问的信义花我刚才想到的事情。\n这样下去就好像在吃信义花一样。"
    },
    {
        "message": "听到这句话，信义花妖艳地回以微笑。"
    },
    {
        "name": "シンビジューム",
        "message": "「请……吃掉我……团长先生\n嗯……请把我吃得美味……」"
    },
    {
        "message": "听到这句话，射精感一下子涌上心头。\n为了尽可能多地品味她，我用力地动着腰。"
    },
    {
        "name": "シンビジューム",
        "message": "「啊啊，啊啊……！嗯嗯……请、请吃掉我……！啊啊……！」"
    },
    {
        "name": "シンビジューム",
        "message": "「团长先生……啊啊，要来了……啊啊，要来了……！」"
    },
    {
        "name": "シンビジューム",
        "message": "「啊啊，呼……啊啊……！！！！！！！」"
    },
    {
        "name": "シンビジューム",
        "message": "「啊，啊……嗯嗯……哈啊啊……哈啊……\n团、团长先生的……要出来了嗯……在我里面……呵呵呵……」"
    },
    {
        "message": "将阴茎的顶端按压到阴道深处，然后射精。\n每次勃起脉动时，大量的精液被喷射出来。"
    },
    {
        "message": "在颤抖着达到高潮的同时，信义花接受了所有的精子。\n她紧紧抓住我的身体，感受着快感的波动。"
    },
    {
        "name": "シンビジューム",
        "message": "「嗯，团长先生……您满意了吗？\n您觉得舒服吗？」"
    },
    {
        "message": "当我回答肯定时，信义花开心地微笑着。"
    },
    {
        "name": "シンビジューム",
        "message": "「嗯，那个……我的味道，您觉得怎么样？」"
    },
    {
        "message": "对于她害羞地再次询问，我告诉她是最美味的。"
    },
    {
        "name": "シンビジューム",
        "message": "「是吗……呵呵♪\n如果您再想吃的话，随时告诉我哦？\n我会好好准备的！」"
    }
]