[
    {
        "message": "——莉莉伍德・埃伦贝尔克骑士学校・讲堂的休息室——。"
    },
    {
        "message": "距离毒蝮特别讲演还有一点时间。\\n现在是导览小姐可能会来到休息室的情况。\\n如果被小姐叫到，毒蝮就必须前往讲堂的舞台。"
    },
    {
        "name": "トリカブト",
        "message": "「……？这个门锁坏了吗……？\\n嘻嘻……这边有很多化妆用具……\\n……那边的镜子好大……」"
    },
    {
        "message": "在这样的情况下，毒蝮对休息室的摆设充满了兴趣。\\n……但是，我明白了。\\n她之所以在室内走来走去，说话增多，是因为她紧张。"
    },
    {
        "message": "要想办法解除她的紧张感吗……。思考着的时候，突然被拉住了袖口。"
    },
    {
        "name": "トリカブト",
        "message": "「……嘿嘿，团长……」"
    },
    {
        "message": "毒蝮仰视着这边，眼神有些撒娇。这难道是……。"
    },
    {
        "name": "トリカブト",
        "message": "「……团长，要做爱吗……？」"
    },
    {
        "name": "トリカブト",
        "message": "「嘻嘻……好厉害的东西……\\n很色情的东西……」"
    },
    {
        "name": "トリカブト",
        "message": "「镜子里映出了我敞开的阴道……\n队长，怎么样……？\n接下来队长的阴茎会进入这里……」"
    },
    {
        "message": "被三叶草引诱着要进行性行为，拒绝是不可能的。\n甚至可以说，在「性」这个字眼出现的时候，八成已经勃起了。"
    },
    {
        "message": "于是，三叶草提议在休息室的大镜子前，映照着彼此连接部位进行交合。"
    },
    {
        "message": "然而，被导游少女看到这样的景象是不妥的，所以在进行行为之前，我确保门锁好了。"
    },
    {
        "name": "トリカブト",
        "message": "「啊啊……我的阴道期待着队长的阴茎……\n已经开始抽搐了……\n看，我的浓汤正在大量溢出……」"
    },
    {
        "message": "从镜子中映出的三叶草的密穴中，淫秽的体液滴答滴答地滴落。\n渴望着被肉棒刺激的时刻即将到来。"
    },
    {
        "name": "トリカブト",
        "message": "「嗯，队长……进来吧……？\n用阴茎，给我阴道一个热情的吻……？」"
    },
    {
        "message": "在热情的驱使下，我将三叶草的身体压低。\n性器与性器逐渐靠近。"
    },
    {
        "message": "然后——映在镜子中的两人的性器，\n伴随着湿糊糊的水声，融为一体。"
    },
    {
        "name": "トリカブト",
        "message": "「啊啊……啊啊……！进来了……！\n团长，看……看一下镜子……\n团长的，胀得鼓鼓的龟头，\n把我的小穴撑得这么开……！」"
    },
    {
        "name": "トリカブト",
        "message": "「啊啊啊，团长的体温传达进来了……\n嗯嗯嗯，啊呜呜……！」"
    },
    {
        "message": "插入的瞬间，包裹住龟头的是一股灼热得仿佛要烧伤的热度。\n那股热乎乎、黏黏糊糊的触感，带来了剧烈快感的刺激。"
    },
    {
        "name": "トリカブト",
        "message": "「啊啊……啊啊……好、镜子里面……变得好厉害了……！\n我的小穴，越来越吞噬着那根阴茎……！」"
    },
    {
        "message": "有力地跳动着的雄性象征，\n深深地陷入那无辜的裂缝之中。\n映在镜子里的，是一幅过于背离道德的景象。"
    },
    {
        "message": "这种身体差异。性器的发育差异。但是，这……真是太好了。\n或许是因为客观地看待自己平时进行多么不道德的性行为，\n勃起力量增加了三成……不，四成。"
    },
    {
        "name": "トリカブト",
        "message": "「嗯咕……啊啊啊……！\n团长，到了……\n龟头……深深地……到我最里面……！」"
    },
    {
        "name": "トリカブト",
        "message": "「啊啊啊啊啊……团长，看一下镜子……\n太厉害了……连接在一起了……嗯呜，啊啊……\n我的小穴里，有根粗大的阴茎……\n插得根根齐刺入底部了……」"
    },
    {
        "message": "映在镜子中的淫乱交合部――相互连接的性器\n仿佛彼此追求着一样，齐齐颤动着。"
    },
    {
        "name": "トリカブト",
        "message": "「啊啊啊……为什么呢……\\n明明还没有被猛烈冲击，只是团长的阴茎进入而已，\\n就这样感觉这么舒服……这么幸福……」"
    },
    {
        "message": "另外，在与三叶虫发生性行为时，\\n有几点需要注意。"
    },
    {
        "message": "第一。要轻柔地插入，以免伤害到小小的阴道。\\n第二。务必进行多次中出，通过炽热的精液，\\n让她的肚子不会感到寒冷。\\n然后第三点是——。"
    },
    {
        "name": "トリカブト",
        "message": "「嗯嗯……哈啊，啊啊啊！ 团长，要射了……！\\n阴茎在里面，好幸福……！\\n啊啊……要射了、要射了、要射了！」"
    },
    {
        "message": "颤抖！颤抖！\\n三叶虫的小小身体，在突如其来的高潮中跳跃！腾空！\\n软绵绵的阴道肉像是要挤取精液一样，\\n紧紧地收缩着！"
    },
    {
        "message": "第三点注意——。\\n那就是，卷入这甜美的阴道收缩中，\\n忍住不要立即射精！"
    },
    {
        "name": "トリカブト",
        "message": "「啊啊啊啊啊……！\\n团长，喜欢你……喜欢你、喜欢你、喜欢你……！」"
    },
    {
        "message": "忍住射精的感觉，开始配合『喜欢你』的节奏摆动腰部。\\n每当我向上抽送腰部时，三叶虫的身体就会弹跳起来。"
    },
    {
        "name": "トリカブト",
        "message": "「啊、啊、啊啊啊啊……！\\n猛烈冲击开始了……！\\n啊啊，团长……喜欢你、喜欢你……！」"
    },
    {
        "message": "镜子里发生了令人惊讶的事情。\\n肉棒露出、埋没、露出、埋没……。\\n一次又一次地挖掘着三叶虫的裂缝。"
    },
    {
        "message": "噗滋！咕滋！妞滋！噗滋！\\n淫荡的汁液声在房间里回荡。\\n竿部分湿湿的爱液闪闪发光，\\n随着腰的摆动四处飞溅。"
    },
    {
        "name": "トリカブト",
        "message": "「啊啊啊……！\\n我的小穴，记住了团长的形状……！\\n阳具的形状，在小穴里感受到了呜呜呜……！！」"
    },
    {
        "message": "正如三叶虫所说。\\n或许是几乎每天不停地进行性交的结果，\\n她的阴道已经逐渐适应了我的阴茎形状。"
    },
    {
        "message": "小穴的觉醒——确实应该这样解释这个现象。\\n刚开始进行性交时，我非常享受她紧窄的感觉。\\n但是随着进出的次数增多，不仅变得紧窄，\\n还能够品尝到像融化般甜蜜的紧缩感。"
    },
    {
        "name": "トリカブト",
        "message": "「团长……想要……\\n想要在里面……！\\n啊啊啊……！\\n热热的精液，射进我的肚子里……！！」"
    },
    {
        "message": "我也快到极限了。\\n好吧，就像解除演讲压力一样，\\n给你一个最棒的中出礼物吧。"
    },
    {
        "message": "……下定决心的时刻就在那一刻。"
    },
    {
        "message": "咚咚，咚咚。"
    },
    {
        "name": "トリカブト",
        "message": "「……咦！？」"
    },
    {
        "message": "控制室的门被敲响了。一个引导员小姑娘走了进来！\\n在门的另一边传来声音：\\n'毒蝮大人，我来接您了'。"
    },
    {
        "name": "トリカブト",
        "message": "「唔啊啊，她来了……啊嘿呀啊啊……但是，在这么好的地方，\\n性交……我停不下来呜呜呜……！！」"
    },
    {
        "message": "扑通！扑通！扑激哩！\\n淫秽的水声迸发出来。\\n爱液和忍耐汁混合成性感的鸡尾酒，地板上一片黏糊糊。\\n而且因为性交的热情，镜子也起了雾，两个人都满身大汗。"
    },
    {
        "name": "トリカブト",
        "message": "「呜呜呜……团长，该怎么办……啊嘿呀啊啊！\\n如果在骑士学校被发现在做爱，\\n可能会被开除的呜呜……！」"
    },
    {
        "message": "――好的。首先，在继续性交的同时，\\n通过门告诉引导员小姑娘'我们马上过去'就可以了。\\n所以，继续深入毒蝮的阴道。"
    },
    {
        "name": "トリカブト",
        "message": "「啊啊啊啊啊……！！\\n那里……更深一点，更深一点……！\\n我快要不行了……！！」"
    },
    {
        "message": "毒蝮发出了异常激烈的声音。\\n――但，这样不太好。"
    },
    {
        "message": "在门的另一边，引导员小姑娘开始慌张起来：\\n'毒蝮大人！？已经不行了吗……您，您还好吗！？'。"
    },
    {
        "name": "トリカブト",
        "message": "「……啊！……啊啊！」"
    },
    {
        "message": "毒箭蝾螈因极度兴奋而痉挛得连声音都发不出来。刚准备代她传达『我马上过去』的下一瞬间。"
    },
    {
        "message": "导游少女说：『没有回应……那就打开门吧！』"
    },
    {
        "name": "トリカブト",
        "message": "「啊啊……哈啊啊～……」"
    },
    {
        "message": "毒箭蝾螈露出满足的笑容。但没关系。因为门被锁住了……"
    },
    {
        "message": "嘎啊啊……"
    },
    {
        "message": "——门居然开了……！？"
    },
    {
        "message": "看来钥匙坏了。再开一点点，就能看到骑士团长和花骑士在镜子中交合的样子了！"
    },
    {
        "message": "我集中精神，血液不仅流向下体，也涌向脑袋，拼命地思考。突破这种局面的方法。就是……！！"
    },
    {
        "name": "トリカブト",
        "message": "「嗯啊啊啊！？\n等、等一下……啊啊啊啊……！」"
    },
    {
        "message": "——就是通过『加快腰的动作』！\n用充血的红黑怪物刺在毒蝾螈最敏感的地方！刺刺刺！不停地刺！！"
    },
    {
        "name": "トリカブト",
        "message": "「啊啊啊……！！\n要来了，要来了，要，要，要来，来，来，嗯嗯嗯……！」"
    },
    {
        "name": "トリカブト",
        "message": "「要……来了……！\n啊呜呜呜呜唔唔呜唔呜唔唔嗯嗯嗯……！！！！」"
    },
    {
        "message": "这简直就是庆祝成功演讲前的预祝。\n通过尿道口发射浓厚的庆祝炮，将毒蝾螈的秘密花园染成浑浊的白色。"
    },
    {
        "name": "トリカブト",
        "message": "「啊啊，啊，啊……啊啊，啊……」"
    },
    {
        "message": "那种水压，不，射精压可能太强了，\n毒蝾螈的全身猛地颤动！剧烈地跳动！\n如同爆炸般的喷水，使得模糊的镜子变得清晰。"
    },
    {
        "message": "大门已经打开了一半以上——好的，差一点就停下来了！\n导游小姐说，『要、要去吗……嗯嗯，您来了吗？\n那么，请跟我走到舞台旁边。』\n她的脚步声渐行渐远。"
    },
    {
        "message": "而不是停止性交，而是加速性交来避免危机——。\n正是这种逆转思维带来了成功。"
    },
    {
        "name": "トリカブト",
        "message": "「等等，好……好激烈啊啊……」"
    },
    {
        "message": "紧紧拥抱着气息奄奄的三叶虫。\\n难道是很痛吗？"
    },
    {
        "name": "トリカブト",
        "message": "「……嗯，没有那回事……\\n脑海中一片空白……\\n感觉变得轻松了……」"
    },
    {
        "message": "初衷是『解除三叶虫的紧张』，\\n看来已经达到了。\\n她亲切地抚摸着自己的肚子。"
    },
    {
        "name": "トリカブト",
        "message": "「肚子里暖洋洋的……\\n充满团长的精液\\n……这样一定可以平静地进行演讲了……」"
    },
    {
        "name": "トリカブト",
        "message": "「……谢谢，团长\\n一直以来，一直都很喜欢你……」"
    },
    {
        "message": "亲吻了三叶虫的脖颈。\\n她转过头，露出笑容。"
    },
    {
        "name": "トリカブト",
        "message": "「如果演讲成功的话……我想要奖励\\n回程的马车上，一直做爱到回到基地……\\n除了中出以外，是违反规则的、黏黏糊糊浓厚的那种……」"
    },
    {
        "message": "回答当然是肯定的。\\n但在此之前，必须成功完成演讲这个重要任务。"
    },
    {
        "message": "将阴茎抽出，与毒蝎手牵手走出。\\n这个孩子的辉煌舞台就在眼前。"
    }
]