[
    {
        "name": "カトレア",
        "message": "「我可是备受世界爱戴的人，不可能成为第一的\\n理所当然的事情……对吧？」"
    },
    {
        "name": "カトレア",
        "message": "「确实……还有其他的方式吗？\\n你的花骑士已经登上巅峰了\\n奖励之类的……那个，给我也可以吗？」"
    },
    {
        "message": "以那种高高在上的态度，\\n却期待着她渴望地向我索求的情景浮现在脑海中。"
    },
    {
        "message": "虽然因为使命感而陷入了模糊状态，但大概是一个小时前的事情了。\\n至少，应该已经过去那么久了。"
    },
    {
        "name": "カトレア",
        "message": "「嗯、嗯呼……不、不要……放过我……嗯呜、哼呜」"
    },
    {
        "message": "被沉醉于那低沉嗓音中，从回忆中回到现实。\\n重新开始停顿了两秒钟的爱抚，揉捏着柔软的肉体。"
    },
    {
        "name": "カトレア",
        "message": "「啊啊啊、呀、笨、笨蛋……呜\\n不要再揉了……唔、嗯、乳头也是、呀、唔」"
    },
    {
        "name": "カトレア",
        "message": "「哈、啊、全部都麻痹了……\\n我、我明明已经高潮了好几次了\\n啊啊啊、不行、不行，又要来了，要来了呜呜」"
    },
    {
        "message": "卡特蕾雅的全身，尤其是下半身，一阵紧缩。\\n虽然听不见，但传来了喷涌的声音。\\n差不多该进入下一个阶段了。"
    },
    {
        "name": "カトレア",
        "message": "「嗯啊、啊啊、哈啊啊……啊啊、停下来、停下来呀\\n现在，如果插进去的话……那么大的东西，不行的\\n还不行……不行、不行、不行呃」"
    },
    {
        "name": "カトレア",
        "message": "「呼啊啊啊啊啊……！？」"
    },
    {
        "message": "顶着收缩反应的阴道，顶入坚硬的东西。\\n忍受住了像抓住乳房一样被挤压的感觉。"
    },
    {
        "message": "这也成为了对卡特蕾雅的进一步打击。"
    },
    {
        "name": "カトレア",
        "message": "「啊、嗯嗯唔、两个都……嗯、嗯唔\\n只能选一个嘛……」"
    },
    {
        "name": "カトレア",
        "message": "「不然的话，我……嗯唔唔，太舒服了，\\n会被你弄坏的……」"
    },
    {
        "message": "即使插入到根部，也没有停歇。\\n刺激乳房到不会产生疼痛的敏感程度。"
    },
    {
        "message": "无论摸多久都不会厌倦，只是一味地煽动男性的重量感。\\n忍受着令人眩晕的幸福和兴奋，\\n从根部到尖端揉捏着。"
    },
    {
        "name": "カトレア",
        "message": "「哈啊啊啊……嗯唔、嗯嗯啊啊\\n胸部、嗯啊啊、不行……要融化了呃\\n止不住地颤抖……哈、啊啊啊、要消失了呀……」"
    },
    {
        "name": "カトレア",
        "message": "「被那样弄得高潮了……啊呜\\n啊啊、还是这样……呼啊、嗯呜、好舒服」"
    },
    {
        "message": "卡特蕾雅没有任何反抗。\\n准确来说，她已经没有任何抵抗的力气了。"
    },
    {
        "name": "カトレア",
        "message": "「哈啊、哈啊，当然嘛……嗯呜、嗯呜」"
    },
    {
        "name": "カトレア",
        "message": "「光是胸部就让我变得这么糊涂……嗯呜、嗯啊、哈啊、啊呜\\n你以为我……被你弄了多少次高潮了？」"
    },
    {
        "message": "她在耳边低语着，我不知道她是否还记得。"
    },
    {
        "name": "カトレア",
        "message": "「别说些蠢话……\n你根本不可能知道吧」"
    },
    {
        "message": "那就好。\\n对着迷糊的卡特蕾雅说完，我用指尖轻轻擦拭着坚硬的乳头。"
    },
    {
        "name": "カトレア",
        "message": "「嗯、嗯呜、什么都好……啊呀、不要动那里啊」"
    },
    {
        "message": "在一次次的高潮中，子宫口紧紧吸住龟头。\\n我晃动着腰部，同时用指尖擦拭着坚硬尖锐的乳头。"
    },
    {
        "message": "浅浅地、小而频繁地动着腰和双手，紧贴着黏膜和皮肤。\\n认真地注入快感。"
    },
    {
        "name": "カトレア",
        "message": "「嗯啊，慢慢地、渐渐地……来了……啊呜\\n哈啊，又要高潮了，要高潮了……」"
    },
    {
        "name": "カトレア",
        "message": "「这么容易就……嗯呜、哈啊\\n要发疯了……！停下来啦……！」"
    },
    {
        "message": "卡特蕾雅的身体开始做准备。\\n如果忽略插入的时刻，那就是第一次插入。"
    },
    {
        "name": "カトレア",
        "message": "「笨蛋、笨蛋……！哈啊、啊呜、嗯嗯嗯嗯呜呜！」"
    },
    {
        "message": "听着回荡的高潮声，我紧紧拥抱着卡特蕾雅。\\n看着她被展示出来的样子，精液越发浓稠。"
    },
    {
        "message": "但是，我再次忍住了。\\n我绝不会在这里射出来。"
    },
    {
        "name": "カトレア",
        "message": "「哈啊、啊啊、又高潮了……\\n为什么，你不射出来呢……」"
    },
    {
        "name": "カトレア",
        "message": "「现在……我高潮了哦？\\n被你这样对待，我的小穴都紧紧收缩了……」"
    },
    {
        "name": "カトレア",
        "message": "「牛奶……你在忍耐吗？\\n只让我高潮……嗯，真卑鄙，笨蛋」"
    },
    {
        "message": "与平时的她截然不同，嘟哝着的口气。\\n将丰满的身体贴上来，低声回答。"
    },
    {
        "name": "カトレア",
        "message": "「嗯……要是高潮了，就结束了吧？」"
    },
    {
        "message": "男性的射精是件麻烦事。\\n迎来明显的射精现象后，行为也会走向尾声。"
    },
    {
        "message": "这是无法忍受的。\\n对于荣获光华祭第一的卡特蕾雅来说，这并不是奖励或祝福。\\n希望她能享受到无数次高潮的快感。"
    },
    {
        "message": "因此，不会轻易结束。\\n这种自负和喜悦告诉我，只有我一个人能触碰到她，\\n我想让卡特蕾雅更加愉悦。"
    },
    {
        "name": "カトレア",
        "message": "「这……让我很开心，但是」"
    },
    {
        "message": "最重要的是，她主动向我索取奖励。\\n这意味着更深入的接触，以及这种行为的表达。"
    },
    {
        "name": "カトレア",
        "message": "「唔，虽然也对，但是……\\n但是这样……稍微，手下留情一点……」"
    },
    {
        "message": "不要手下留情，这样对卡特蕾雅没有回报。\\n直截了当地回应，擦拭着平静下来的媚肉。"
    },
    {
        "name": "カトレア",
        "message": "「呼呜，胸部，又……嗯嗯呜\\n阴茎也……只有舒服的地方」"
    },
    {
        "name": "カトレア",
        "message": "「啊啊，唉呜，已经变成傻瓜了……啊啊呜\\n啊啊，这样的话……嗯呜，嗯嗯呜」"
    },
    {
        "message": "每次揉搓着勃起得让人心疼的乳头，纤细的肩膀都会因快感而颤抖。\\n但还不够，扭动着腰部搅动着蜜壶。"
    },
    {
        "name": "カトレア",
        "message": "「嘶呜，啊啊，嗯呜呜，阴茎，不行，不行，不行\\n小穴要溶化了……要消失了！」"
    },
    {
        "name": "カトレア",
        "message": "「已经够了……已经，够了！没关系的！\\n我，变得开心了……因为被你夸奖，感觉很舒服……！」"
    },
    {
        "name": "カトレア",
        "message": "「所以……嗯呜呜，快让我高潮吧！\\n嘶呼，啊啊呜呜，已经到极限了！\\n身体要崩溃了……头都要疯掉了！」"
    },
    {
        "message": "摇着头，卡特蕾雅拒绝了快感。\\n但是，身体并没有这么说。"
    },
    {
        "message": "将乳房压在双手之间，腰部迎接着阴茎。\\n因为她向我诉说着还不够的需求，所以我有责任回应。"
    },
    {
        "name": "カトレア",
        "message": "「啊呜呜……嗯嗯！变大了……！\\n求求你……放过我吧……！已经高潮了，好多次了！\\n嘶呼呼，嗯嗯啊啊，哈啊呜，啊呜，嗯嗯啊！」"
    },
    {
        "message": "卡特蕾雅小声地哭泣着，身体不断收缩。\\n她的模样像个幼儿，完全看不到平时的样子。"
    },
    {
        "message": "这样的姿态让射精的欲望膨胀。\\n她咬紧牙关忍耐着，追求更多的快感。"
    },
    {
        "name": "カトレア",
        "message": "「哈啊啊，啊呜呜……又高潮了！又高潮了！\\n不行，不行不行不行……！\\n哈啊啊……啊呜，啊呜，好痛苦！感觉不到舒服的感觉了！」"
    },
    {
        "name": "カトレア",
        "message": "「啊啊啊，已经无法忍受了！不要再忍住奶水了……嗯嗯，快射出来吧！\\n阴茎结束并射精吧！拜托了！」"
    },
    {
        "message": "雌泣声侵入耳中，促使射精。\\n被连续的高潮挤压的肉棒发出哀鸣。\\n已经接近极限了。"
    },
    {
        "name": "カトレア",
        "message": "「啊啊啊，又要高潮了……小穴抖动着……！\\n啊啊啊，又来了，又来了……！\\n你也一起……拜托！一起高潮吧！」"
    },
    {
        "name": "カトレア",
        "message": "「这是最后一次……别让我再高潮了！\\n哈啊，啊啊啊，射出奶水，奶水……！\\n啊啊，哈啊啊……拜托了，请结束吧！」"
    },
    {
        "name": "カトレア",
        "message": "「嗯嗯呜呜……哈啊啊，啊啊啊啊呜呜呜呜……！」"
    },
    {
        "message": "被极度收缩，精液从龟头喷射而出。\\n一旦开始，就无法停止。"
    },
    {
        "name": "カトレア",
        "message": "「啊啊，啊啊啊，射出来了……\\n你的奶水，来了……我好想要……啊啊，啊啊啊」"
    },
    {
        "name": "カトレア",
        "message": "「子宫好像被烧伤了……\\n进入到最深处了……啊啊，这样就结束了吗……？」"
    },
    {
        "message": "对于陷入迷糊状态的卡特蕾雅，咬紧后牙。\\n这种想法太没出息了。"
    },
    {
        "message": "虽然受到言语和身体的诱导，但还是应该忍耐住的。\\n因为忍耐了，恢复可能不会那么快。\\n或许应该喝一两瓶壮阳药才好。"
    },
    {
        "name": "カトレア",
        "message": "「不要说可怕的话……\\n现在已经这样了，啊啊……做得太过分了」"
    },
    {
        "message": "拥抱着摇摇欲坠的卡特蕾雅，确认她的身体。\\n在反复的高潮中，下腹部湿润，\\n张开的嘴和颤抖的舌尖，喘息不已。"
    },
    {
        "name": "カトレア",
        "message": "「啊啊……大腿湿透了\\n小穴变得邋遢……奶水流下来了……发生了很棒的事情」"
    },
    {
        "message": "看到如此景象，暂时满足了一下。\\n然后询问了一下感想。"
    },
    {
        "name": "カトレア",
        "message": "「……为了复仇」"
    },
    {
        "message": "没有得到答案，只传达了这样的事情。\\n垂下的双手抓住了床单。"
    },
    {
        "name": "カトレア",
        "message": "「记住吧……接下来，轮到你了……」"
    }
]