[
    {
        "name": "トリカブト",
        "message": "「团长……来吗……？嘿嘿，团长……」"
    },
    {
        "message": "凝视着眼前摇曳着的圆润身影。\\n向右，向左，再向右。\\n一旦被这视线捕捉住，就不容易放开。"
    },
    {
        "name": "トリカブト",
        "message": "「我没问题的……剩下的就由团长决定了」"
    },
    {
        "message": "三叶虫摇晃着小屁股，逼迫着你做出选择。"
    },
    {
        "message": "光滑如剥皮蛋般的肌肤——。\\n尽管小巧，但诱人的曲线在左右摇摆。"
    },
    {
        "name": "トリカブト",
        "message": "「无论是阴道还是臀部……我都没问题\\n为了让团长高兴，我准备好了两个都……」"
    },
    {
        "message": "——阴道还是肛门？\\n对于这个世界上最具魅力的选择之一，\\n我的脑海中涌起一阵刺痛。"
    },
    {
        "name": "トリカブト",
        "message": "「团长，仔细看看好吗？阴道和臀部……\\n不管哪个都会一起感受到快感的……」"
    },
    {
        "message": "阴道还是臀部。这是个大问题。\\n但是，不要忘记。\\n这次的性交只是为了让三叶虫\\n增加自信而已。"
    },
    {
        "message": "为了给三叶虫增加自信，赋予她在人前展示的勇气。\\n为此，她参加了才华祭典「贵族之优雅」，并站在庆典上作为被称赞的「天之花令嬢」。"
    },
    {
        "message": "没问题。我事先已经确认了卫兵的巡逻时间，不会被目击到的。"
    },
    {
        "name": "トリカブト",
        "message": "「啊啊……团长的目光好色情……\\n嗯呜，只是被看着，宝宝就会……怀上了……」"
    },
    {
        "message": "宝宝。造人。\\n——是啊，现在是时候回到原点了。\\n阴道还是肛门？\\n为了让三叶虫增加自信……"
    },
    {
        "message": "——答案出来了。"
    },
    {
        "message": "扎扑噗噗噗噗噗……\\n将坚硬有力的阴茎深深插入三叶虫柔弱的阴道口中。"
    },
    {
        "name": "トリカブト",
        "message": "「嗯啊啊……！！\\n哈啊，嗯嗯……团长的小弟弟，好喜欢……\\n在宝宝的里面，塞满了呢……」"
    },
    {
        "name": "トリカブト",
        "message": "「嗯呜，好厉害……深深地，嗯呜……！\\n哈啊……团长，慢一点，等等？\\n小弟弟太大了……宝宝有点……难受」"
    },
    {
        "message": "当然不会强迫。\\n再说三叶虫的身体还太小，无法进行这样的交合。"
    },
    {
        "name": "トリカブト",
        "message": "「呼呼……直到阴道的刺痛消失……\\n你能在这里看着吗？」"
    },
    {
        "message": "三叶虫额头上冒出汗珠，双手放在自己的秘处上，\\n左右分开，向外扩张。"
    },
    {
        "message": "首先映入眼帘的是，\\n咬住红黑色阴茎的狭窄阴道。\\n淡粉色的蜜壶……\\n那里已经湿透了，溢出的爱液滴在大腿上。"
    },
    {
        "message": "然后是紧闭的后门。\\n这里也很浅色，渴望地颤抖着。"
    },
    {
        "name": "トリカブト",
        "message": "「啊……被团长看到了全部……\\n嗯啊……虽然很害羞，但心跳加速……\\n要溢出来了呜呜……」"
    },
    {
        "name": "トリカブト",
        "message": "「团长……差不多可以了\\n阴道深处有一种酥酥麻麻的感觉……\\n在说要团长的小弟弟……\\n所以，请猛烈一点……！」"
    },
    {
        "message": "——等待着这句话。\\n团长用双手抓住三叶虫纤细的腰，开始前后运动。\\n轻柔地、频繁地进入深处。\\n将龟头擦拭在阴道褶皱上。"
    },
    {
        "name": "トリカブト",
        "message": "「啊啊啊啊啊！嗯啊啊团长……\\n深、深处，这么温柔地、一次又一次地刺激……\\n嗯嗯呜！忍不住了……哈啊啊啊啊！！」"
    },
    {
        "message": "三叶虫紧紧抓住才华祭的颁奖台。\\n然而，膨胀的龟头继续进攻。\\n在最深处，不停地戳击着三叶虫的子宫口。"
    },
    {
        "name": "トリカブト",
        "message": "「啊啊啊！嗯呀啊啊啊！\\n啊啊啊团长，深处，喜欢……喜欢啊啊啊！\\n我，不行了，要高潮了呜呜呜呜……！」"
    },
    {
        "message": "颤抖！颤抖！小小身体在快感中跳动。\\n与此同时，三叶虫被覆盖着，\\n从背后紧紧地拥抱着。"
    },
    {
        "name": "トリカブト",
        "message": "「嗯嗯……嗯啊啊！从后面抱着……啊啊啊！\\n阴茎，在深处，来回磨擦……！\\n团长，好温暖……好温柔……好舒服呀呀呀呀！！」"
    },
    {
        "message": "三叶虫的纤细身体一次又一次地波动，她达到了巅峰。\\n她脚下形成了一滩爱液的水洼，\\n展示出快感的强烈程度。"
    },
    {
        "name": "トリカブト",
        "message": "「因为……在外面做的话，会比平时更兴奋……\\n而且，还是在才华祭的会场……颁奖台上，这样……」"
    },
    {
        "name": "トリカブト",
        "message": "「颁奖台的顶端……明天，我要站在那里……\\n可是，我……紧紧抓住那里，\\n品尝着团长的阴茎\\n嗯嗯啊啊……这样的事情，怎么可能不兴奋呢！」"
    },
    {
        "message": "明天，三叶虫将站在这个颁奖台上。\\n作为才华祭的巅峰『天之花令嬢』，\\n向聚集在会场的众多观众传达信息。"
    },
    {
        "message": "三叶虫感到不安也是可以理解的。\\n正因如此，在实际会场上提前乱了一下，\\n可以减轻颁奖典礼时的紧张感――。\\n这种开放式后入位姿势，就是出于这样的想法而产生的策略。"
    },
    {
        "name": "トリカブト",
        "message": "「嗯嗯、嗯嗯、嗯嗯！团长，扭动腰部……好厉害！\\n啊啊啊啊啊好棒……喜欢阴茎！\\n哈、哈啊啊……又要高潮了！要高潮了呀呀呀……！！」"
    },
    {
        "message": "三叶虫小腔道更加紧紧地夹住了肉茎。\n睾丸收缩了。阴茎膨胀了。\n一种像融化般的超现实感降临，射精的麻木感涌上心头——。"
    },
    {
        "name": "トリカブト",
        "message": "「……！！ 哈啊，哈啊……团长，有人来了……！」"
    },
    {
        "message": "三叶虫的声音将我拉回现实。\n——确实有人来了。\n两个火炬的光亮正朝这边走来。"
    },
    {
        "name": "トリカブト",
        "message": "「哈啊，嗯嗯……可能是在会场巡逻的卫兵们\n啊啊啊……团长，如果被发现了，会被骂的……」"
    },
    {
        "message": "巡逻时间改变了……必须设法熬过去。\n稍微思考了一下，再次覆盖在三叶虫身上。\n——好，就这样。\n这样一来，领奖台就成为防护墙，可以隐藏身体！"
    },
    {
        "name": "トリカブト",
        "message": "「嗯呜呜呜……！\n团长，这个姿势……好深入啊……！\n嗯啊啊，宝宝的房间，\n咕哩咕哩……用力地，啊啊啊啊……」"
    },
    {
        "message": "三叶虫捂住嘴巴，抑制着呻吟声。\n火炬的光亮越来越近。\n龟头顶端推动子宫口，挖掘，敲击！"
    },
    {
        "name": "トリカブト",
        "message": "「嗯啊啊……里面，深入啊……\n啊啊啊啊，哈啊，啊啊啊……\n团长，抽出来……抽出来吧……」"
    },
    {
        "message": "卫兵们已经近在眼前。火炬的光亮隔着领奖台，\n在不远处晃动着。\n声音听起来清晰可辨。卫兵有两人。都像少女一样。"
    },
    {
        "message": "少女们正在兴致勃勃地谈论恋爱，但如果其中一人突然偷看到颁奖台的背后……那就糟糕了。"
    },
    {
        "name": "トリカブト",
        "message": "「唔……阿托……拔出来……拔出来……我，马上就要……要射了哦……」"
    },
    {
        "message": "这不好了。如果トリカブト达到高潮，会被卫兵发现。这里需要小心，必须把膨胀的雄性象征拔出来。"
    },
    {
        "message": "稍微退了一下腰。但是——这个选择是错误的！"
    },
    {
        "name": "トリカブト",
        "message": "「～～～～～啊啊啊！阿托……拔出来的时候也好舒服哦……！」"
    },
    {
        "message": "トリカブト的阴道已经紧紧地收缩着。在这种情况下慢慢地抽出肉棒，就像是细心地爱抚着阴道壁一样。"
    },
    {
        "message": "咕嘟噜……发出黏黏的声音，肉棒沾满了淫液，在暴露在外的瞬间。"
    },
    {
        "name": "トリカブト",
        "message": "「呼啊啊啊啊啊啊啊啊啊……！」"
    },
    {
        "message": "似乎已经无法忍耐，トリカブト发出了全力的娇声，回荡在周围。——结束了。一切都结束了。脑海中闪过冰冷的手铐和铁栅栏的影像。"
    },
    {
        "message": "然而，天空并没有放弃我和三叶草！"
    },
    {
        "message": "就在三叶草达到巅峰的同时，正在谈恋爱的卫兵少女们发出了大笑声：「嘻嘻嘻嘻嘻！」"
    },
    {
        "message": "恋爱谈话的笑声与三叶草的喘息声相互碰撞，彼此抵消了！"
    },
    {
        "message": "作为证明——火炬的光芒，就像什么都没发生一样离开了领奖台。仿佛再次促使站后入位一样，会场再次充满了寂静。"
    },
    {
        "name": "トリカブト",
        "message": "「哈啊，哈啊……团长……」"
    },
    {
        "message": "三叶草虽然边喘息边露出安心的表情。暂时脱离了危机。现在可以安心地重新开始站后入位了。"
    },
    {
        "message": "正当她再次要开始动腰时，脚下传来了滴答……的水声。竟然是爱液形成的水坑变得相当大了。"
    },
    {
        "name": "トリカブト",
        "message": "「团长……别看太多\\n我在快被卫兵发现的时候，\\n因为太兴奋……不小心尿了出来……」"
    },
    {
        "name": "トリカブト",
        "message": "「尿了出来……？潮水……？虽然不太明白，\\n但是……非常非常舒服……」"
    },
    {
        "message": "沉浸在快感中的诱惑尖嘴蛇，我的心急剧地跳动。\\n我想再次引导它达到巅峰。\\n我想向它灌输浑浊的爱意，\\n并希望它拥有坚定无比的勇气。"
    },
    {
        "message": "将激情注入阴茎，深深地插入诱惑尖嘴蛇的蜜穴中。"
    },
    {
        "name": "トリカブト",
        "message": "「～～～～～～～～啊啊！？！？\\n团长……又、又这么深入……！」"
    },
    {
        "message": "炽热。狭窄。黏稠。\\n诱惑尖嘴蛇的阴道立刻收紧，\\n猛烈地吸取精液。"
    },
    {
        "name": "トリカブト",
        "message": "「啊啊啊！团长的阴茎……摩擦在里面……嗯啊啊！\\n啊，啊！又要达到顶点了！要到了！要到了！」"
    },
    {
        "message": "抵达肉竿。进攻子宫口。\\n忍受着射精的欲望，一次又一次地撞击诱惑尖嘴蛇柔软的臀部。"
    },
    {
        "name": "トリカブト",
        "message": "「嗯啊啊！阁下已充盈在我的花蕊中……！\\n嗯嗯嗯，呼啊啊！不行了……\\n要到了，要到了……要要要要到了！」"
    },
    {
        "message": "阴道再次紧密地收缩——\\n在诱惑尖嘴蛇的深处，白色液体爆发了。"
    },
    {
        "name": "トリカブト",
        "message": "「啊啊啊啊啊啊啊啊啊啊啊啊啊啊……！！」"
    },
    {
        "message": "毒蝎仰起身子，向夜空发出极致的呻吟声。\\n全身颤抖着，大颗大颗的汗珠浮现……\\n然而，她的表情却幸福地融化了。"
    },
    {
        "name": "トリカブト",
        "message": "「团长……团长……」"
    },
    {
        "message": "插入的同时，从背后紧紧拥抱住毒蝎。\\n充满深情地。"
    },
    {
        "name": "トリカブト",
        "message": "「我……已经没事了\\n团长的心意，我感受到了……\\n不再有不安……\\n明天一定能够，在大家面前，好好地……说话」"
    },
    {
        "message": "满足的表情中所述的话语——。\\n那肯定是毒蝎真心的话吧。\\n抚摸着她的头，她轻轻地眯起了眼睛。"
    },
    {
        "name": "トリカブト",
        "message": "「登上舞台、感到紧张时，就想着团长的那个东西……\\n站上领奖台、发表演讲时也是如此……\\n把团长的那个东西充满脑海，\\n紧张和不安……肯定就感受不到了」"
    },
    {
        "message": "这也是一种解决办法吧。\\n担心毒蝎在典礼上会说出「那个东西」——\\n只有这一点让人担心。"
    },
    {
        "name": "トリカブト",
        "message": "「团长……谢谢你\\n我、我、我好喜欢你……」"
    },
    {
        "message": "听到这句话，再次紧紧抱住毒蝎。\\n然后，她体内的伙伴再次充血起来。"
    },
    {
        "name": "トリカブト",
        "message": "「呵呵……团长，你好强壮……\\n但是，要适可而止，\\n打扫卫生……很辛苦的」"
    },
    {
        "message": "听到这话我一下子就惊了。\\n汗水、爱液、小水、潮水、忍耐汁，还有精液。\\n才华祭的舞台上，都被各种体液弄得湿湿的。\\n行为结束后，必须立刻清理干净。"
    },
    {
        "name": "トリカブト",
        "message": "「嗯……但是清理还要几次……\\n直到我和团长都满意了，再来做爱……」"
    },
    {
        "name": "トリカブト",
        "message": "「那么团长……阴茎……给我吗？」"
    },
    {
        "message": "在毒蝎的催促下，我开始前后摆动腰部。\\n站在颁奖台的巅峰，她正大胆地对着观众讲话——\\n我心中描绘着她那尊贵的雄姿……。"
    }
]