[
    {
        "name": "スイセイラン",
        "message": "「随性兰……已经，忍不住了哦……」"
    },
    {
        "message": "回到房间后映入眼帘的景象。\\n那是躺在床上的随性兰的身影。"
    },
    {
        "message": "我惊讶地呆立在原地。\\n好像察觉到了这边的呆然，随性兰坐起身来，我们的目光相遇了。"
    },
    {
        "name": "スイセイラン",
        "message": "「团长大人……您回来了吗……」"
    },
    {
        "message": "问她在做什么，感觉很俗气。\\n随性兰明显是在安慰自己。\\n看到她的样子，我感到兴奋，无法移开视线。"
    },
    {
        "name": "スイセイラン",
        "message": "「这个……那个……从成为团长大人的特别之后……\\n您一次都没有，向随性兰发出过请求……\\n我就忍不住了……」"
    },
    {
        "name": "スイセイラン",
        "message": "「为了能被团长大人袭击……一个人做着这样的事情……」"
    },
    {
        "message": "湿润的呼吸和发热的身体。看着随性兰湿润的眼眸，\\n我也完全被她勾起了欲望。"
    },
    {
        "message": "随着激动的情绪，我追求起了随性兰的身体。"
    },
    {
        "name": "スイセイラン",
        "message": "「啊啊……好厉害，已经这么硬了……嗯啊！」"
    },
    {
        "message": "我抓住随性兰的双臂，将充血而紧绷的阴茎插入她的阴道。\\n已经准备好的阴道顺利地迎接着肉棒的进入。"
    },
    {
        "message": "期待已久的插入让阴道黏膜欢喜地缠绕在紧紧的阳具上。"
    },
    {
        "name": "スイセイラン",
        "message": "「随性兰里面……已经被团长大人填满了哦……\\n开心得肚子都收紧了……哈啊呢」"
    },
    {
        "message": "敲击着阴道深处的触感传达到龟头上。\\n在那压迫下，随性兰发出了愉悦的声音。"
    },
    {
        "name": "スイセイラン",
        "message": "「嗯啊啊……！ 啊啊……阴茎到底部了……哈啊\\n顶端一下子被顶住了……好舒服呢」"
    },
    {
        "name": "スイセイラン",
        "message": "「团长大人的硬的……在随性兰里面抖动着……嗯嗯\\n感觉很舒服，是在给我快感吧……」"
    },
    {
        "name": "スイセイラン",
        "message": "「看来阴茎很喜欢随性兰呢……真开心呢……\\n嘛，随性兰的小穴是团长大人专属的……特别的呢……\\n当然，理所当然啦……」"
    },
    {
        "message": "正如随性兰所说。\\n与阳具紧密贴合的阴肉，完美地契合着我的尺寸。\\n令人心旷神怡，甜蜜地收紧着的阴道黏膜收缩，\\n甜美的麻痹感不断扩散到全身。"
    },
    {
        "message": "立刻行动起来，想要享受快感。\\n随性兰对我的要求点头同意。"
    },
    {
        "name": "スイセイラン",
        "message": "「随性兰也想早点感到舒服……想要被团长大人……一直等待着呢……」"
    },
    {
        "name": "スイセイラン",
        "message": "「用团长大人的阳具……爱着随性兰……希望被多多爱护……」"
    },
    {
        "message": "被她恳求着进行抽送，我的自制力完全崩溃了。重新加强握力，开始按照欲望的节奏进行抽插。"
    },
    {
        "name": "スイセイラン",
        "message": "「嗯啊啊……团长大人的，好大啊……嗯啊\\n里面，被撑得好宽敞呢……」"
    },
    {
        "name": "スイセイラン",
        "message": "「顶端的鼓胀部分……完全卡住了……\\n阴道很舒服……嗯嗯，啊啊……」"
    },
    {
        "message": "同时摇动着腰部，相互增强快感。每一次勃起插入阴道，随性兰都会立刻发出甜美的声音作为回应。"
    },
    {
        "name": "スイセイラン",
        "message": "「哈呜呜……顶进去……再拉出来……嗯啊\\n就这样……在随性兰里面，好多好多阳具……嗯嗯啊啊……请摩擦着！啊啊，啊啊……！」"
    },
    {
        "name": "スイセイラン",
        "message": "「还远远不够……呼，还不够满足……更多、更多地想要！\\n团长大人的……更多地……在随性兰的里面动起来……嗯嗯啊啊」"
    },
    {
        "message": "频繁的抽送摩擦着阴道粘膜，\\n随性兰却表示不够满足。"
    },
    {
        "message": "随性兰渴望更热情的动作，并告诉了我原因。"
    },
    {
        "name": "スイセイラン",
        "message": "「因为一直，一直都很寂寞……所以请多多……\\n对随性兰，多多疼爱吧！」"
    },
    {
        "message": "她用可爱的语言向我求索。\\n让她不再感到寂寞，必须弥补这份遗憾。\\n我答应了她，并加快了摩擦运动。"
    },
    {
        "name": "スイセイラン",
        "message": "「啊啊，嗯啊啊……阳具……好激烈，嗯嗯！\\n这样……好厉害，感觉被团长大人爱着呢……\\n嗯呜，啊啊啊，哈啊啊！」"
    },
    {
        "name": "スイセイラン",
        "message": "「阴道被激烈地摩擦着……\\n汁液像是失禁一样……停不下来呢……！」"
    },
    {
        "message": "淫秽的水声从连接处传来。\\n黏稠的爱液缠绕在阴茎上，提高了摩擦所带来的敏感度。"
    },
    {
        "name": "スイセイラン",
        "message": "「呀啊，啊啊……咕噜咕噜的，淫荡的声音……\\n太好了……身体变得热热的……啊啊啊」"
    },
    {
        "name": "スイセイラン",
        "message": "「嗯啊啊，呀啊啊！深处……刺痛起来……\\n随性兰，渴望团长大人的精液了……！」"
    },
    {
        "message": "被炽热融化的阴道紧紧吸附在阴茎上。\\n被沸腾般的快感所驱使，我也忍不住要喷出精液了。"
    },
    {
        "name": "スイセイラン",
        "message": "「这么疼痛……无法抑制……哈啊，嗯嗯，啊呜……\\n阳具，好舒服……小穴，咚咚地跳动着……嗯啊，啊啊！」"
    },
    {
        "name": "スイセイラン",
        "message": "「就这样深入，想要被多次戳击……！\\n嗯啊，哈啊啊，呼啊啊……！已经……忍不住了……哈呜\\n炽热黏稠的精液……想要在最深处，喷射出来！」"
    },
    {
        "message": "被随性兰引导着追求射精的阴茎逐渐接近极限。\\n我也早已失去理智。\\n直到释放积蓄的热量，我一直用力抽送着。"
    },
    {
        "name": "スイセイラン",
        "message": "「哈啊啊，嗯哈啊啊，啊啊啊啊……！\\n好厉害，随性兰……\\n好舒服，快要……要来了……嗯嗯呜」"
    },
    {
        "name": "スイセイラン",
        "message": "「小穴在颤抖……已经到极限了……嗯哈啊啊……！\\n团长大人，团长大人啊啊……呀啊啊啊啊啊！！」"
    },
    {
        "name": "スイセイラン",
        "message": "「嗯啊啊啊啊啊……脑袋一片空白……呼呀呀呀」"
    },
    {
        "message": "我用力拉住随性兰的手臂，将悸动的阴茎顶在她身上。\\n毫不犹豫地将炽热的精液注入最深处。"
    },
    {
        "name": "スイセイラン",
        "message": "「这个……太厉害了……小穴一直在收缩着……\\n炽热的东西，就这样……全部都在里面……嗯嗯呜」"
    },
    {
        "message": "迎接巅峰，阴道不断痉挛。\\n随性兰接纳了喷射而出的浑浊液体。"
    },
    {
        "name": "スイセイラン",
        "message": "「团长大人的精液……能够射出这么多……真的很开心呢……\\n随性兰的肚子变得鼓鼓的……」"
    },
    {
        "name": "スイセイラン",
        "message": "「能够给我这么多精液喷射……是因为我特别吗……？\\n因为我是随性兰所以才特别吗……？」"
    },
    {
        "message": "在舒适的倦怠感中，我毫不犹豫地回答了肯定。\\n大量注入的浑浊液体就是证明。"
    },
    {
        "name": "スイセイラン",
        "message": "「特别的存在之间……应该会有很多次性爱吧……\\n就连从彗星那本书上也是这样描写的……」"
    },
    {
        "message": "确实可能是这样，我苦笑着肯定了。"
    },
    {
        "name": "スイセイラン",
        "message": "「所以，以后团长大人也要……经常约我出来哦……\\n随性兰随时都可以做色色的事情哦……」"
    },
    {
        "message": "虽然会因为性欲而主动引诱，\\n但我向随性兰保证不会再让她感到寂寞。"
    }
]