[
    {
        "name": "カトレア",
        "message": "「去洗个澡吗？\\n明明工作还没做完，你说的话真是悠闲啊。」"
    },
    {
        "name": "カトレア",
        "message": "「不过嘛……也无所谓啦，反正\\n你看起来挺热的嘛……好吧，你去吧？\\n琐碎的事情我会帮你做好的」"
    },
    {
        "message": "炎热的傍晚。\\n想要冲洗身体的灼热感觉，告诉了卡特蕾雅后得到了回答。\\n然而，她误解了重要的一点。"
    },
    {
        "message": "没有人说要一个人去。"
    },
    {
        "name": "カトレア",
        "message": "「等、等一下……这样强行……！\\n我没关系啦……而且还是穿着泳衣，都会出汗的……呜呜，什么啊！？」"
    },
    {
        "message": "让卡特蕾雅试着碰到了勃起的下体。\\n当然，原因是她自己。\\n这样低声说着，把脸红了的她强行带进了浴室。"
    },
    {
        "message": "然后两人一起洗着淋浴，开始了上次的回报。"
    },
    {
        "name": "カトレア",
        "message": "「嗯呜……嗯啊，上次被带进来的回报……\\n哈啊，啊啊……胸部，已经不行了……呜呜，为什么，这么有感觉呢……呼啊啊，唔呜呜」"
    },
    {
        "name": "カトレア",
        "message": "「明明只是在泳衣外面……热起来停不下来\\n喂、喂你……这样摸我……乳头在哪里……呜\\n嗯，明明知道的嘛……唔呜，唔啊\\n一边擦着屁股一边揉捏吗……太变态了吧！」"
    },
    {
        "message": "在淋浴声中，卡特蕾雅的辱骂和娇声回荡在浴室里。\\n尽管身体被冷水冲刷着，但火热感却愈发增长。\\n不由自主地压迫着屁股的触感助长了这种感觉，\\n双方都无法再忍耐多久。"
    },
    {
        "name": "カトレア",
        "message": "「嗯……一边揉一边插进来……嗯，嗯嗯嗯呜呜呜呜！」"
    },
    {
        "message": "将泳衣往一边拉开，挤进准备好的阴道。\\n面对迎接的热度，腰部不禁颤抖起来。"
    },
    {
        "message": "然而，这还远远不够满足。\\n为了触碰到想要触碰的一切，\\n用鼠径部摸屁股，用双手品尝丰满的乳房。"
    },
    {
        "name": "カトレア",
        "message": "「这个……太大了，太过分了……呃\\n比上次还粗……深深地插进来了\\n嗯啊……哈呀，啊啊，明明在洗澡，却这么热」"
    },
    {
        "name": "カトレア",
        "message": "「骑士团长，你……不觉得害羞吗？\\n只是看到下属穿泳衣就……嗯，嗯呜\\n哈啊，嗯……稍微停下来吧……」"
    },
    {
        "message": "卡特蕾雅的柔软肉体被揉进泳衣里，\\n尽管她用言语辱骂，但她十分享受这种感觉。"
    },
    {
        "message": "除了淋浴水之外的液体湿润了连接处。\\n这种黏膜接触和摩擦帮助顺利进行行为。"
    },
    {
        "name": "カトレア",
        "message": "「哈啊……嗯呜，嗯嗯呀……一点都停不下来……\\n胸部和阴茎都……嗯啊，哈啊，啊啊啊\\n为什么……这么……\\n上次不是忍住了吗……」"
    },
    {
        "name": "カトレア",
        "message": "「我察觉到了……直到把你带到这里，我一直都忍住了……\n唉，啊，为什么今天……\n工作还没……做完呢……呼啊，啊呜！？」"
    },
    {
        "message": "透过泳衣摩擦着变硬的乳头。\n揉捏着无法被水滑动的重量感，\n同时追求着硬度和柔软度。\n同时，身体上下移动，阴道肉也摩擦在一起。"
    },
    {
        "message": "停不下来。确实如此。\n我也无法忍耐。这也是事实。\n但是果然，原因在于卡特蕾雅。"
    },
    {
        "name": "カトレア",
        "message": "「你、你在说什么……我什么都没……呃\n和上次一样……并没有做什么特别的事情啦……」"
    },
    {
        "message": "泳衣换了。\n用手指拨开湿漉漉的红发，低声在耳边说道。"
    },
    {
        "name": "カトレア",
        "message": "「这、这种事情……嗯呜，啊啊……\n会变成这样……你……难道不正常吗！？」"
    },
    {
        "message": "变得不正常的是卡特蕾雅。\n这样告诉她，加强了插入和爱抚。"
    },
    {
        "name": "カトレア",
        "message": "「啊呜，嗯嗯啊……哈啊，啊啊！　咕呜，嗯啊，啊啊，啊呜呜！\n好激烈……！　胸部好热，好像要融化一样！　哈啊，啊呜呜！」"
    },
    {
        "message": "一直想碰触着穿着新泳衣的卡特蕾雅。\n新鲜而迷人，想象力增加了，与白天的炎热和火辣相互作用。"
    },
    {
        "message": "因此，我无法忍耐。\\n比上次更了解她，也更亲近她的内心，\\n所以我一直低语着，希望能在同一个地方再次亲密相处。"
    },
    {
        "name": "カトレア",
        "message": "「啊，唔……这么想碰我……一直到这个地步……呼呼……嗯嗯，你一直都在看着我吗？」"
    },
    {
        "message": "回应是愉悦的反应。\\n敏感度提高，光泽度增加，刺激着我。\\n揉捏乳房的手也变得有力起来。"
    },
    {
        "name": "カトレア",
        "message": "「啊，胸部……嗯嗯，全部都被揉捏了……呼呼，不行，太舒服了！\\n为什么会这样呢？笨蛋……唔啊啊！」"
    },
    {
        "message": "混杂在娇喘声中的懊恼可能是先前说过的话引起的。\\n即使是透过泳衣的爱抚，也对卡特莉娅丰满的乳房产生了充分的刺激。"
    },
    {
        "name": "カトレア",
        "message": "「明明还没有好好摸呢……\\n胸部不一样……！泳衣碍事……！\\n啊啊，到这个地步了吗……嗯嗯，唔啊啊！」"
    },
    {
        "name": "カトレア",
        "message": "「啊，唔，笨蛋，真是个笨蛋……！\\n我的胸部，被弄成这样……！\\n要负责任哦……笨蛋，笨蛋！」"
    },
    {
        "message": "从某种意义上来说，是宽恕和自觉的话语。\\n即使在淋浴中，也让身体的热度和爱意升腾起来。"
    },
    {
        "name": "カトレア",
        "message": "「我已经无法再装作坚强了……因为你摸我我很开心！\\n你这样看着我……也很开心！」"
    },
    {
        "name": "カトレア",
        "message": "「所以，一直到最后……因为是强行带进来的，一直到最后……！\\n请用你的手，让我感到舒服……！」"
    },
    {
        "name": "カトレア",
        "message": "「我的胸部和身体全部……都是你开发出来的！\\n所以请好好……好好对待我……！拜托了，请对我好！」"
    },
    {
        "message": "紧迫的热量在这一刻迸发出来。\\n欲望和好意燃烧起来，我全力地爱抚着紧紧拥抱着的卡特莉娅。"
    },
    {
        "name": "カトレア",
        "message": "「呼啊啊，啊呜呜，嗯嗯啊，哈啊啊，全部都来了！\\n胸部也全部都……感觉好舒服！」"
    },
    {
        "name": "カトレア",
        "message": "「好舒服，好舒服……！我喜欢被你爱着！\\n被触摸到就会融化掉！哈啊，啊呜呜！\\n喜欢，喜欢你，所以不行！感觉太舒服了，要发疯了！」"
    },
    {
        "message": "这边也一样。\\n用力抽插着屁股，发出比淋浴还要大的声音，相互引诱着彼此的高潮。"
    },
    {
        "name": "カトレア",
        "message": "「我知道这种感觉……！\\n和你一样，我也……嗯呜，我也……！\\n哈啊，啊呜呜！不行了！不行了，要来了！」"
    },
    {
        "name": "カトレア",
        "message": "「不行，不行不行，要来了！射出来吧！\\n奶水，请给我……全部都放进去……！\\n啊啊啊啊啊啊啊……！」"
    },
    {
        "name": "カトレア",
        "message": "「哈啊，啊啊……啊啊，噗噗地，涌出来了♪\\n热热的奶水……深处，被敲打着……\\n啊啊，子宫好满足……哈啊，啊呜呜♪」"
    },
    {
        "message": "紧紧拥抱着卡特莉娅，只用腰部向前推进，将炽热的热量喷洒而出。\\n在她颤抖的接纳中，感受到她可爱的爱意，肉棒不断地跳动着。"
    },
    {
        "message": "然而，无法完全满足她的一切。\\n卡特莉娅透过被握住的乳房朦胧地俯视着这意味着什么。"
    },
    {
        "name": "カトレア",
        "message": "「啊，啊……滴答滴答地……滴落在地板上\\n明明都说了全部都给我……你要好好……给我射出来才行啊……」"
    },
    {
        "message": "虽然卡特莉娅努力了，但这样下去也太过分了吧。"
    },
    {
        "name": "カトレア",
        "message": "「当然啦，是吧？你太过于享受了……连站立都快要站不稳了……\\n腿都在颤抖了……已经没有力气了啦……」"
    },
    {
        "name": "カトレア",
        "message": "「身体也太热了，让人受不了……你也是一样吧……？\\n明明已经洗过澡了……没有意义的嘛……笨蛋」"
    },
    {
        "message": "对此我也表示同感。虽然是因为爱意和欲望而屈服，但这确实是一个相当愚蠢的情况。"
    },
    {
        "message": "不过，多亏了这一点，我的愿望得以实现。向卡特莉娅道谢后，我们准备重新洗净彼此的身体，再次冲个淋浴。"
    },
    {
        "message": "就在我从她的乳房上移开手的瞬间。"
    },
    {
        "name": "カトレア",
        "message": "「啊……诶？」"
    },
    {
        "message": "短暂而清晰，听得出困惑和依依不舍。"
    },
    {
        "message": "我扭过头去询问她发生了什么，卡特莉娅的目光流转过来。\\n在湿漉漉的前额下，眼睛闪烁着无奈的湿润。"
    },
    {
        "name": "カトレア",
        "message": "「喂、你不会……摸我一下吗？」"
    },
    {
        "message": "她那样看着自己被泳衣包裹着的胸部，\\n用一种不太像她的撒娇口吻说道。\\n我不能不回应她。"
    },
    {
        "message": "于是我放弃了剩下的工作和冷却身体的火热，\\n一直触摸着卡特莉娅，直到她满意为止，深入而热烈地。"
    }
]