[
    {
        "name": "エノコログサ",
        "message": "「……团长，你现在忙吗？」"
    },
    {
        "message": "恩草一副沮丧的样子走进了房间。"
    },
    {
        "name": "エノコログサ",
        "message": "「没什么沮丧的……只是过来看看而已」"
    },
    {
        "message": "恩草一边没有好好看着我，一边抱住了我。"
    },
    {
        "message": "顺便提一下，最近因为忙碌，我没有好好和恩草交流过。"
    },
    {
        "message": "想起这件事，我理解了为什么恩草脸上没有笑容。问她要不要去床上，恩草默默点头。"
    },
    {
        "name": "エノコログサ",
        "message": "「快点插进来……团长的小弟弟，等不及了……嗯……就这样，顶进去……啊啊啊！！」"
    },
    {
        "message": "我迅速地撑开已经湿润的阴道。恩草只凭着插入的刺激就痉挛着身体感到愉悦。"
    },
    {
        "name": "エノコログサ",
        "message": "「啊……我的肚子鼓鼓的……热热的，好舒服……我知道你在颤抖，明白了……」"
    },
    {
        "name": "エノコログサ",
        "message": "「团长的小弟弟，好久不见了\n最近一直被忽略，感到寂寞呢……」"
    },
    {
        "message": "果然如我所料。\n恩草生气的原因是因为一直没有被关注到。"
    },
    {
        "name": "エノコログサ",
        "message": "「既然之前没有照顾到我，现在要来弥补吗？」"
    },
    {
        "message": "迎接勃起的阴茎的阴道已经湿透并颤抖着欢愉。\n阴道壁用无数肉褶缠绕住男性器官。"
    },
    {
        "message": "似乎因为被搁置了一段时间，情绪变得高涨，再也无法等待下去。"
    },
    {
        "name": "エノコログサ",
        "message": "「我已经感觉要高潮了\n现在就想要团长疼爱我，我的小妹妹已经紧紧地夹住了他」"
    },
    {
        "message": "恩草的阴道活跃地蠕动着，强烈地向这边迎来。\n因为忙碌而无法照顾她，今天我必须要努力了。"
    },
    {
        "message": "从包裹着阴茎的阴道壁中抽出腰部，再次插入。"
    },
    {
        "name": "エノコログサ",
        "message": "「嗯啊……嗯……小弟弟，好舒服啊！\n再擦一点我的小妹妹，想要依靠团长……」"
    },
    {
        "message": "刚才沉闷的表情消失了，现在只感受到了身体交融的喜悦\n接受着快感。"
    },
    {
        "message": "以一定的节奏前后摆动着腰部，搅动着黏黏的蜜壶。"
    },
    {
        "name": "エノコログサ",
        "message": "「呜哇！团长大人，也希望你能在我的小妹妹里\n感受到快乐，唔那啊！！」"
    },
    {
        "name": "エノコログサ",
        "message": "「那样的话我会更开心呢……唔\n快乐快乐地，小妹妹也会变得开心……啊，啊啊呃」"
    },
    {
        "message": "连接处摩擦声变得更加剧烈。\n从阴道中溢出的爱液也随着剧烈程度增加而增多。"
    },
    {
        "message": "当阳具有力地插入时，恩草发出了愉悦的声音。\n像是在呻吟一样。"
    },
    {
        "name": "エノコログサ",
        "message": "「啊，嗯啊，看吧，嗯……果然，嗯……\n汤汁，溢满了，嗯……」"
    },
    {
        "name": "エノコログサ",
        "message": "「小妹妹，哭泣了，嗯……\n因为被团长大人的阴茎猛烈地刺激着而感到开心，所以在哭泣，嗯啊！！」"
    },
    {
        "message": "看着恩草开心地笑，我感到了深深的爱。\n一边注意不要放慢节奏，一边用柔软的手指轻抚着肚脐周围。"
    },
    {
        "name": "エノコログサ",
        "message": "「船长……嗯，如果现在摸我的肚子，不行……感觉有点毛骨悚然，奇怪的感觉。」"
    },
    {
        "message": "用轻柔的触碰，细致地抚摸着腹部周围。\n这样一来，恩草的身体变得紧绷，阴道壁紧紧地夹住了阴茎。"
    },
    {
        "name": "エノコログサ",
        "message": "「嗯！船长的手好温暖……又痒又舒服……啊，嗯呃，嗯……被触碰到感到安心……」"
    },
    {
        "name": "エノコログサ",
        "message": "「啊，啊，呼……我一直都……想被船长这样对待……啊呃，现在……！？」"
    },
    {
        "message": "正当指尖触碰到肚脐下方时，恩草的阴道痉挛了一下。\n意外的刺激让我吃了一惊，差点射精。"
    },
    {
        "name": "エノコログサ",
        "message": "「嗯啊……现在，肚子里有一种紧缩的感觉……船长的手指让我感到了……想要精液的欲望……」"
    },
    {
        "message": "阴道内部剧烈地颤动，抽送的阴茎不断深入。\n龟头被子宫口吸引，等待着的是贪婪的吸吮。\n正如恩草所说，仿佛在渴望精液一般。"
    },
    {
        "name": "エノコログサ",
        "message": "「船长真坏……用如此淫荡而温柔的手法让我的小弟弟意识到了，绝对……\n我肯定忍不住我的小妹妹了，肯定……」"
    },
    {
        "name": "エノコログサ",
        "message": "「要负起责任……在我的小妹妹里\n直到我说饱为止\n给我注入船长的奶汁……」"
    },
    {
        "name": "エノコログサ",
        "message": "「……来吧，快点……把阳具顶进去\\n在我的阴道里，射出团长的爱液，噗噗地喷射出来……！！」"
    },
    {
        "message": "恩草的双腿紧紧缠绕在腰上。\\n诱使阳具更深入阴道，决心不松开直到射精。"
    },
    {
        "message": "在那淫靡的请求下，欲望进一步膨胀。"
    },
    {
        "name": "エノコログサ",
        "message": "「嗯啊，来了……嗯，再深入一点，嗯……\\n我会用力吸吮，让你在我体内感到舒服……」"
    },
    {
        "name": "エノコログサ",
        "message": "「团长大人……我已经无法忍耐了，嗯……肚子里想要团长的精液……」"
    },
    {
        "message": "阴道因为激烈的抽送而颤抖着痉挛。\\n无数肉褶同时袭击阳具，感受到刺激时快感迸发。"
    },
    {
        "name": "エノコログサ",
        "message": "「来吧，团长的阳具，给我满满的\\n阳具的爱液，让我喝个饱饱！！」"
    },
    {
        "name": "エノコログサ",
        "message": "「呼嗯啊啊啊……！！\\n来了，嗯……团长的爱液……\\n在肚子最深处……噗噗地……！！」"
    },
    {
        "name": "エノコログサ",
        "message": "「我也……要高潮了，嗯……\\n感受到满满的精液，要高潮了……嗯嗯～～！！」"
    },
    {
        "message": "感受到射精的力量在阴道深处，恩草也达到了巅峰。\\n她呆呆地凝视着精液注入的连接处。"
    },
    {
        "name": "エノコログサ",
        "message": "「我想要……变得满满的，像是鼓胀的肚子……\\n再多一点，奶汁……阴茎奶汁，再多喝一点，好吗……」"
    },
    {
        "message": "刚刚射精完的阴茎，被阴道更加缠绕。\\n迷人的蠕动似乎要榨干最后一滴精液，\\n将剩下的精液全部注入恩草体内。"
    },
    {
        "name": "エノコログサ",
        "message": "「嗯嗯……啊啊！不行，团长先生……\\n团长先生的阴茎奶汁全部都要由我来喝掉，明白吗……」"
    },
    {
        "message": "最后阴道紧紧收缩，轻微的射精感笼罩全身。\\n虽然说是射精，但已经只剩下像是余汁一样稀薄的东西了。"
    },
    {
        "message": "射精停止后，恩草满意地放松了双腿的力量。\\n正如她所期望的，已经没有一滴精液剩下。"
    },
    {
        "name": "エノコログサ",
        "message": "「阴道因为团长先生的精液而鼓胀起来了呢\\n嘿嘿，肚子饱饱的，感觉好热……真幸福啊……」"
    },
    {
        "name": "エノコログサ",
        "message": "「谢谢你，团长先生……\\n阴茎奶汁真好喝，真是大餐一顿呢～……」"
    },
    {
        "message": "恩草微笑着抚摸着肚子。\\n看起来她似乎稍微弥补了一些。"
    }
]