[
    {
        "name": "コーレア",
        "message": "「那个……团长大人？或许是我的错觉……\n总觉得，好像被注视着」"
    },
    {
        "name": "コーレア",
        "message": "「这身打扮，有什么奇怪的地方吗？\n因为是平时不同的服装，所以被盯着感到害羞……」"
    },
    {
        "message": "没有任何奇怪的地方。我告诉科蕾亚，她脸红得太可爱了。\n因为太适合你了，所以我不由自主地被吸引了进去。"
    },
    {
        "message": "看着她害羞地扭动身体，我竟然想要捉弄她。\n"
    },
    {
        "name": "コーレア",
        "message": "「捉、捉弄吗？\n那个……也就是说，你喜欢这身打扮……是这个意思吧？」"
    },
    {
        "message": "看着科蕾亚垂眼看着我，我点头表示肯定。\n"
    },
    {
        "name": "コーレア",
        "message": "「如果团长大人这么说的话……\n虽然很害羞，但没关系……」"
    },
    {
        "name": "コーレア",
        "message": "「请对我……做、做很多捉弄的事情」"
    },
    {
        "message": "科蕾亚的脸颊更红了。\n虽然害羞，但她似乎愿意把自己交给我。"
    },
    {
        "message": "竟然得到了许可，期待和欲望越来越高。\n按照欲望，任意地追求和玩弄她的身体。"
    },
    {
        "name": "コーレア",
        "message": "「啊啊，嗯，被团长大人……在各种地方……玩弄着……\n进行着淫荡的恶作剧……」"
    },
    {
        "name": "コーレア",
        "message": "「而且……嗯，顶端，硬硬的……撞在入口上……\n哈呜……进、进去了……呼、嗯呜呜……」"
    },
    {
        "message": "一边抚摸着科蕾亚的乳房和下腹部，\n一边将勃起的阴茎顶端插入其中。"
    },
    {
        "message": "因为感受到刺激而湿润的阴道顺利地接受了插入。"
    },
    {
        "name": "コーレア",
        "message": "「啊啊……越来越深入了……\n团长大人的大家伙……嗯嗯……撑开了肚子里面……似乎触及最深处……呼、啊嗯呜」"
    },
    {
        "message": "探入纠缠的阴道肉壁，用龟头压迫着科蕾亚的最深处。"
    },
    {
        "name": "コーレア",
        "message": "「啊啊……嗯嗯……呀呜呜呜呜……！\n最深处，被硬硬的东西顶起来了……」"
    },
    {
        "name": "コーレア",
        "message": "「我的里面，紧紧地贴着团长大人的……\n非常、非常地愉悦……」"
    },
    {
        "message": "活跃地收缩着阴道粘膜。\n正如她所说，感受到插入到阴道深处的愉悦而颤抖着。"
    },
    {
        "message": "在带来甜蜜刺激的同时，我也变得兴奋起来。\n龟头紧贴着子宫口摩擦，扭动着腰部，让科蕾亚感受更加强烈。"
    },
    {
        "name": "コーレア",
        "message": "「啊啊……团、团长大人……在这里这样刺刺的话……嗯呜呜\n这种淘气的玩法，好厉害……我马上就会感到舒服……呼啊」"
    },
    {
        "message": "发出甜美的声音，在我的怀里扭动着的科蕾亚。\n对于可爱她的反应，我无法抑制住抽送的欲望。"
    },
    {
        "message": "一边玩弄乳房，一边将手移到下腹部再移到局部。\n同时动起腰部开始进行黏膜摩擦。"
    },
    {
        "name": "コーレア",
        "message": "「哈啊，呼呼，硬硬的东西在动……嗯嗯\n胸部和阴道入口一起被玩弄……嗯，啊啊」"
    },
    {
        "name": "コーレア",
        "message": "「身体越来越热……啊啊，呼呼，嗯嗯……\n团长大人的恶作剧……好多好多的感觉……」"
    },
    {
        "message": "在刺激着敏感区域的同时进行着阴道粘膜的摩擦，\n科蕾亚发出愉悦的声音并继续扭动着。"
    },
    {
        "name": "コーレア",
        "message": "「啊啊，哈呜，嗯呜呜，嗯啊啊……\n团长大人……好主动……啊呜，嗯呜呜……\n发出淫荡的声音，一直不停地出来……」"
    },
    {
        "name": "コーレア",
        "message": "「能让你这么兴奋……我很高兴……嗯啊……\n我变得不守妇道了……好害羞……呜呜」"
    },
    {
        "message": "她的诉求真诚，身体也如实地回应着。\n乳房和敏感区域都在各自的位置上勃起，\n颈部散发出浓郁的羞耻汗臭。"
    },
    {
        "message": "想要看到更加淫乱的科蕾亚。想要感受她的快感。\n我告诉她，希望她能更舒服，\n然后用手指摩擦着已经坚挺的敏感区域。"
    },
    {
        "name": "コーレア",
        "message": "「咿呀！那里……啊……嗯嗯……\n被摩擦到，会电一样……麻痹起来……呜呜」"
    },
    {
        "name": "コーレア",
        "message": "「咿啊，哎呜，阴蒂很敏感的……啊啊\n如果现在被调戏，我……咿呀，啊啊啊」"
    },
    {
        "message": "一触碰到阴蒂，科蕾亚的声音变得更高。\n她剧烈地扭动身体，对加剧的快感发出欢喜的声音。"
    },
    {
        "name": "コーレア",
        "message": "「嗯嗯，啊啊，团长大人……这样的话……啊啊\n我会变得奇怪的……呜呜，嗯呜呜」"
    },
    {
        "name": "コーレア",
        "message": "「胸部和阴蒂……全部都很舒服……\n小穴也湿答答的……嗯呜，哈啊，啊啊！」"
    },
    {
        "message": "通过积极而热情的爱抚和抽送，科蕾亚变得淫乱。\n我在她耳边低语着这可爱而淫荡的样子。"
    },
    {
        "name": "コーレア",
        "message": "「呜呜……好害羞……\n明明知道自己很淫荡……\n越来越兴奋……变得更强烈了……」"
    },
    {
        "name": "コーレア",
        "message": "「团长大人，你真是太厉害了……啊啊，嗯嗯呜\n能被你这样摆弄，我好开心……呀呜呜\n完全沉浸其中了……」"
    },
    {
        "name": "コーレア",
        "message": "「想要更多……想要你对我做更淫荡的恶作剧……\n期待着被团长大人调戏……\n我的小穴已经痒痒的了……」"
    },
    {
        "message": "科蕾亚用甜美而迷人的声音向我示意。\n她紧紧包裹着勃起的阴茎，昭示着她的兴奋。"
    },
    {
        "message": "感受到她对我的兴奋，我的兴奋也随之升华。\n我渴望继续爱抚科蕾亚，直到快感爆发。"
    },
    {
        "message": "在她紧绷的阴道中反复摩擦，\n我告诉她希望她能感受更多快感，\n并加强了爱抚的力度和腰部的动作。"
    },
    {
        "name": "コーレア",
        "message": "「呀呜！啊啊啊！团长大人，好激烈！啊啊！呜呜！\n湿答答的小穴……哈啊！啊呜呜！\n被你的阳具刺激着……啊啊！」"
    },
    {
        "name": "コーレア",
        "message": "「就这样，请继续！哈啊！嗯嗯呜！啊啊啊！\n胸部和阴蒂都要被摆弄得很多……请恶作剧我\n做更淫荡的事情……我想要更多……呜呜！」"
    },
    {
        "message": "科蕾亚因快感而愉悦，变得兴奋起来。\n她甜美而淫荡的声音引发了我的阳具跳动反应。"
    },
    {
        "message": "每一次用阴茎在被热粘液包裹的阴道中摩擦，强烈的快感就在全身蔓延。\n在这种状态下被她央求，欲望瞬间爆发。"
    },
    {
        "message": "我捏住她用手指刺激的阴蒂，\n并反复揉捏着。"
    },
    {
        "name": "コーレア",
        "message": "「呀啊啊！好厉害……啊啊，嗯嗯呜呜呜！\n团长大人……那个、太舒服了……啊啊啊！\n我要高潮了、要高潮了……！」"
    },
    {
        "message": "她的阴道紧紧包裹着我的勃起阳具。\n仿佛在吸吮精液一般的蠕动袭来，\n我也被推向了极限。"
    },
    {
        "name": "コーレア",
        "message": "「要高潮了！唔、啊啊、阴道颤抖着高潮了……啊啊！\n团长大人，我……不行了……！\n呼啊、啊啊、啊啊啊啊……！」"
    },
    {
        "name": "コーレア",
        "message": "「要高潮了，唔唔！啊啊、呜呜、唔呜呜、要高潮了、啊啊、要高潮了！\n唔哈啊、呼啊啊、呼啊啊啊……！！」"
    },
    {
        "name": "コーレア",
        "message": "「唔呜呜呜……啊啊，脑海一片空白……唔呜呜……」"
    },
    {
        "name": "コーレア",
        "message": "「阴道……一直在颤抖……被团长大人弄到高潮了……」"
    },
    {
        "message": "在高潮的冲击下，科蕾亚的阴道不停地收缩。\n她喉咙发出颤音，尝到了爆发性快感的强烈。"
    },
    {
        "name": "コーレア",
        "message": "「炙热的精液，充满了我的腹中……这种满足感，真的好幸福……」"
    },
    {
        "message": "沉醉在甜美的声音中，我也感受到了余韵。\n在舒适的懒散氛围中，我们彼此调整着因兴奋而急促的呼吸。"
    },
    {
        "name": "コーレア",
        "message": "「哈啊……哈啊……被团长大人……玩弄了好多淘气的事情……」"
    },
    {
        "message": "科蕾亚疲倦地将身体靠在我身上低声说道。\n虽然无法看清她的表情，但她沉浸在余韵中的声音中包含着喜悦。"
    }
]