[
    {
        "message": "夜晚，我正在房间里，门被有力地敲响。\\n我说可以进来后，奥利维迅速地走进了房间。"
    },
    {
        "name": "オウバイ",
        "message": "「团长，晚上好！\\n有件重要的事情……现在可以吗？」"
    },
    {
        "message": "我点了点头，关上门。\\n就在那一瞬间，奥利维扑到了我的怀里。\\n虽然感到困惑，但我还是问她为什么要这样做。"
    },
    {
        "name": "オウバイ",
        "message": "「那个，奥利维喜欢团长！\\n所以，嗯……想要表达这份感情……」"
    },
    {
        "message": "听到这样的话，我明白了奥利维的决心。\\n为了不伤害她，我温柔地拥抱着她，\\n低声表达感激之情。"
    },
    {
        "name": "オウバイ",
        "message": "「呀……呜、呜呜……\\n那、那就是说……团长会接受奥利维吗？\\n啊、啊哈哈，感觉像在做梦一样……团长！」"
    },
    {
        "message": "看着奥利维红着脸，\\n我对她的拥抱感到十分可爱。\\n然后，我低声对她说要去床上，\\n我们一起移动过去。"
    },
    {
        "name": "オウバイ",
        "message": "「团长……请收下奥利维……\\n啊、呀、啊啊啊啊啊……！」"
    },
    {
        "name": "オウバイ",
        "message": "「进来吧……嗯嗯！\\n团长的东西，进入了奥利维的里面……！\\n好热啊……嗯嗯！」"
    },
    {
        "message": "阴茎进入奥拜狭窄的阴道。\\n我告诉她我已经完全进入时，\\n奥拜虽然面容因痛苦而扭曲，\\n却微笑着向我靠近。"
    },
    {
        "name": "オウバイ",
        "message": "「嘿嘿……团长大人，奥拜……做得好吗？\\n太好了……第一次，能献给心爱的团长大人」"
    },
    {
        "name": "オウバイ",
        "message": "「嗯嗯……团长大人，好热啊……\\n而且，那里有点刺痛……\\n我、动不了了……哈啊啊……」"
    },
    {
        "message": "奥拜全身颤抖着。\\n看来因为疼痛还无法动弹。\\n为了不伤害她，\\n我必须主动引导。"
    },
    {
        "name": "オウバイ",
        "message": "「只要团长大人感到舒服，\\n我就很开心了……」"
    },
    {
        "name": "オウバイ",
        "message": "「所以，请不要在意奥拜……嗯嗯！\\n随意地，对待我吧……」"
    },
    {
        "message": "奥拜的关心让我心里热乎乎的。\\n正因如此，为了不让她感到痛苦，\\n我一边顾及身体，一边缓慢地动着腰部。"
    },
    {
        "name": "オウバイ",
        "message": "「嗯！　啊、啊、啊……啊、嗯嗯……\\n团长大人，不、不用在意奥拜……\\n嗯嗯嗯！」"
    },
    {
        "name": "オウバイ",
        "message": "「但是，我、很高兴……！\\n啊，团长大人的温柔传达给了我……！」"
    },
    {
        "message": "当阴茎在阴道中缓慢往复时，欧白的肚子波动了一下。\n还有点疼吗？她的表情有些扭曲。"
    },
    {
        "name": "オウバイ",
        "message": "「嗯嗯……不要客气……\n和喜欢的人交织在一起，\n真的，好幸福……」"
    },
    {
        "name": "オウバイ",
        "message": "「而且我也很紧张……有点，有点害羞……\n啊啊，这样张开腿……\n唔，没有地方可以藏起来……」"
    },
    {
        "message": "为了让欧白安心下来，我握住了她的手。\n这样做的同时，她的表情变得柔和了一些，\n我重新开始抽送腰部。"
    },
    {
        "name": "オウバイ",
        "message": "「嗯……哈啊……啊……啊啊……\n团长先生……啊啊，团长先生……」"
    },
    {
        "name": "オウバイ",
        "message": "「嘿嘿，团长先生的手好温暖……\n被你紧紧抱住，感觉很安心……哈啊……」"
    },
    {
        "message": "随着欧白表情的放松，阴道也逐渐放松，\n阴茎的往复变得更加顺畅。\n忍住焦躁的心情，\n这次开始爱抚她的腹部和胸部。"
    },
    {
        "name": "オウバイ",
        "message": "「嗯嗯……被触摸到，感觉有点奇怪……\n身体会不由自主地反应起来……啊，哈啊……」"
    },
    {
        "name": "オウバイ",
        "message": "「因为是团长先生，是我喜欢的人在触摸我，\n心跳加速得停不下来……真的好开心……」"
    },
    {
        "message": "欧白的表情从痛苦转变为热情。\n阴道中的爱液渗出，\n让阴茎更容易往复。"
    },
    {
        "name": "オウバイ",
        "message": "「嗯嗯……啊……啊啊！\n刚才的声音……嗯嗯！\n不、不想发出这样的声音……！」"
    },
    {
        "name": "オウバイ",
        "message": "「声音，出来了……啊啊……发出淫荡的声音，\n真的……啊啊啊……！」"
    },
    {
        "message": "欧白的声音变得更加高亢，变得甜美起来。\n身体也弯曲起来，从连接处传来水声，\n爱液溢出不停。"
    },
    {
        "name": "オウバイ",
        "message": "「嘶……咕噜咕噜的声音……\n这、这样的声音，我从没听过……\n欧白的身体怎么了呢……」"
    },
    {
        "name": "オウバイ",
        "message": "「团长先生，请不要听到这个……！\n这、这样淫荡的声音……啊啊……！」"
    },
    {
        "message": "虽然欧白感到害羞，\n但我告诉她感受到的是好事。\n一边说着希望她更加感受，\n一边继续爱抚她的胸部。"
    },
    {
        "name": "オウバイ",
        "message": "「触摸欧白小小的胸部，嗯嗯！\n即使摸着，也不会有什么乐趣……啊啊！」"
    },
    {
        "name": "オウバイ",
        "message": "「已、已经忍不住声音了……\n啊啊……团长先生，嗯嗯！」"
    },
    {
        "message": "欧白的身体开始轻微抽搐。\n或许已经适应了快感，\n阴道壁也舒服地缠绕在阴茎上。\n我觉得差不多了，开始渐渐加快腰部的摆动。"
    },
    {
        "name": "オウバイ",
        "message": "「啊啊……团长先生……！\n身体深处，嗯嗯，有坚硬的东西……！\n进来了……啊啊啊……！」"
    },
    {
        "name": "オウバイ",
        "message": "「碰到深处……身体变得热热的……\n呼唔，声音也出来了，忍不住了……」"
    },
    {
        "message": "疼痛完全消失了，\n欧白发出甜美的娇声，接纳着阴茎。\n稍微松了口气，反而射精感增强，\n接近极限。"
    },
    {
        "name": "オウバイ",
        "message": "「团长先生，欧白的身体从内部变得热热的……\n感觉有点伤感……呜呜……」"
    },
    {
        "name": "オウバイ",
        "message": "「团长先生，你也感到伤感吗……？\n差不多到极限了吗……？」"
    },
    {
        "message": "一边摆动腰部，一边告诉欧白射精即将来临，\n她开心地微笑着。"
    },
    {
        "name": "オウバイ",
        "message": "「团长先生……请射进来……！\n就这样，进入欧白的内部……嗯嗯！\n我想要，团长先生的精液……！」"
    },
    {
        "name": "オウバイ",
        "message": "「这是欧白感到舒服的证明，\n请好好注入进来……啊啊啊！」"
    },
    {
        "message": "被欧白要求射精，\\n背脊传来一阵颤抖。\\n加快阴茎的往复速度，朝着射精迈进。"
    },
    {
        "name": "オウバイ",
        "message": "「嗯嗯，深处，一下一下地碰到……！\\n团长先生的呼吸……嗯，变得很激烈，啊啊！\\n要射出来了，对吧……嗯嗯！」"
    },
    {
        "name": "オウバイ",
        "message": "「好开心……射出来，射出来吧……！\\n在欧白的里面……嗯嗯！」"
    },
    {
        "message": "将阴茎推入阴道最深处，阴道内翻腾不已，\\n下半身感受到强烈的刺激。\\n忍耐达到极限，射精开始了。"
    },
    {
        "name": "オウバイ",
        "message": "「嗯嗯嗯，啊啊啊，团长先生，喜欢你……！\\n非常喜欢你……啊啊啊啊啊啊！」"
    },
    {
        "name": "オウバイ",
        "message": "「哈啊，嗯啊，啊啊……！\\n流出来了……热热的东西，进入欧白的里面……！\\n嗯嗯啊啊啊，哈啊啊……」"
    },
    {
        "message": "将精液注入欧白的阴道内。\\n一瞬间，眼前一片白茫茫的感觉，但保持清醒，\\n直视着欧白。"
    },
    {
        "name": "オウバイ",
        "message": "「团长先生……啊啊啊……\\n好多，好多呢……这么多……\\n啊啊，好开心……」"
    },
    {
        "name": "オウバイ",
        "message": "「欧白很幸福……把初次献给了心爱的人，\\n仿佛置身于梦中一般……」"
    },
    {
        "message": "告诉欧白，这不是梦，而是真实的现实，\\n一边抚摸着她的脸颊。\\n然而，她仍然像做梦一样。"
    },
    {
        "name": "オウバイ",
        "message": "「嘿嘿……因为真的很幸福\\n就像身处恋爱小说中一样……\\n能迎来这样美好的时光真是太好了」"
    },
    {
        "message": "我对欧白幸福地笑着。\\n看起来我已经满足了她的心愿，\\n真是太好了，我松了口气。"
    },
    {
        "name": "オウバイ",
        "message": "「团长先生……可以再任性一点吗\\n可以再紧紧地抱住我一会吗……」"
    },
    {
        "message": "我回答说当然可以，并拥抱住欧白。\\n欧白发出开心的声音，\\n也紧紧地回抱着我。"
    },
    {
        "name": "オウバイ",
        "message": "「一直，一直……在一起哦……团长先生\\n嘿嘿……欧白很幸福……」"
    }
]