[
    {
        "name": "コーレア",
        "message": "「嘿嘿……团长大人，你为什么这么担心呢？」"
    },
    {
        "message": "并不是担心。\n对着靠过来的科蕾亚的笑容回答道。\n被她某种与平时不同的魅力所吸引，\n只是心脏稍微有些悸动而已。"
    },
    {
        "name": "コーレア",
        "message": "「是呢……可能和平时有些不同\n但是，请放心……我不会做奇怪的事情♪\n请不要担心，安静地待着好吗？」"
    },
    {
        "message": "是的。没有必要担心。\n我能想到她看起来与平时不同的原因。\n在躺在床上之前，她向我提出了一个请求。"
    },
    {
        "name": "コーレア",
        "message": "「再次请求，团长大人\n今晚，请让我……恶作剧一下」"
    },
    {
        "name": "コーレア",
        "message": "「为了保险起见，我再说一遍，不是什么恶作剧哦？\n只想对团长大人一个人……\n是那种能让您感到舒服的恶作剧\n如果不喜欢的话，我不会勉强的……」"
    },
    {
        "message": "不，她向我提出这个要求，我也感到很高兴。\n尽情地，按照自己想要的方式吧。"
    },
    {
        "name": "コーレア",
        "message": "「嘿嘿，谢谢您♪\n为了让团长大人喜欢上我，我会全力以赴地恶作剧的」"
    },
    {
        "name": "コーレア",
        "message": "「团长大人的……变得非常硬了，真棒……\n啊呃、嗯嗯……」"
    },
    {
        "message": "科蕾亚的阴道缓缓吞噬着肿胀的阴茎。\n传来的是温暖而柔软的肉体触感。\n像是甜蜜地咬合一般，腰部开始颤抖。"
    },
    {
        "message": "舒适的热度和紧紧包裹感逐渐靠近根部。\n渴望着与她深度交融的甜美麻痹感。"
    },
    {
        "name": "コーレア",
        "message": "「啊啊……嗯啊……啊啊……\n再稍微一点点，团长大人的……全部都会进来的……\n好硬好大呢……我会接住它……」"
    },
    {
        "name": "コーレア",
        "message": "「呼呼……啊啊，嗯嗯呜，嗯呜呜呜呜呜……」"
    },
    {
        "message": "科蕾亚继续下降，\n将阴道肉体缠绕在阴茎上，迎接它完全进入。"
    },
    {
        "name": "コーレア",
        "message": "「硬硬的……一直到根部，进入了腹中……\n团长大人的，果然好厉害……很威风……」"
    },
    {
        "name": "コーレア",
        "message": "「里面扩张成团长大人的形状……充满了……\n这样被塞得满满的话……\n不知怎么的，反而感到安心了……」"
    },
    {
        "message": "科蕾亚朝这边微笑着。\n在吞噬了阴茎之后展现出的平静笑容\n引起了兴奋，阴茎跳动起来。"
    },
    {
        "name": "コーレア",
        "message": "「嗯嗯……好像已经等不及了呢……\n既然如此，就马上来个恶作剧吧……♪」"
    },
    {
        "name": "コーレア",
        "message": "「硬硬的，要多摩擦一下……我也会努力动腰的……\n请享受更多的快感，团长大人……」"
    },
    {
        "message": "科蕾亚将手放在这里的胸前，\n用指甲反复刺激着，像是抓痒一样。\n同时配合着手指的动作，自己也开始晃动腰部。"
    },
    {
        "name": "コーレア",
        "message": "「哈啊……啊啊……嗯嗯……\n就像团长大人之前对我做的那样……\n我也会这样……来个淘气的玩笑……」"
    },
    {
        "name": "コーレア",
        "message": "「就算是男人……嗯呜、嗯啊啊……\n乳头被擦到了……感觉很舒服，对吧……？」"
    },
    {
        "name": "コーレア",
        "message": "「问了花骑士们，\n想知道什么样的恶作剧能让团长大人高兴……嗯呜\n他们告诉了我一些方法……」"
    },
    {
        "message": "科蕾亚观察着这边的反应，\n手指不断地运动和摩擦。"
    },
    {
        "message": "我点头肯定地回答她的问题，\n坦率地传达着快感很强烈。\n胸前的刺痛和连接处传来的摩擦刺激，\n让我变得更加兴奋。"
    },
    {
        "name": "コーレア",
        "message": "「太好了……嗯呜、啊啊……啊啊啊啊……\n就这样……多玩弄一下龟头吧……\n一边紧紧地夹住里面……\n一边用力擦动硬硬的部分……哈呜、啊啊啊……」"
    },
    {
        "message": "科蕾亚确认了这边的反应，\n更积极地进行所谓的恶作剧般的爱抚。\n之前只是轻轻抓痒乳头的手指动作，\n现在加入了捏和拉扯等动作。"
    },
    {
        "message": "被强烈的刺激所促使，不禁发出呻吟声。\n阴茎也一直被送入无尽的快感中，\n任由科蕾亚摆布，继续品味着甜美的快乐。"
    },
    {
        "name": "コーレア",
        "message": "「嘿嘿……乳头，好痒痒哦……\n就是这样，捏着、玩弄着……很舒服吧……」"
    },
    {
        "message": "感受到传达过来的快感，我颤抖着脊梁骨回答说实在太舒服了。\n科蕾亚的脸红了起来，露出了喜悦的表情。"
    },
    {
        "name": "コーレア",
        "message": "「啊呜、啊啊……请多多享受这种感觉……\n团长大人，如果您看起来很舒服的话……嗯呜！\n我也会很开心……肚子里会变得热热的……」"
    },
    {
        "name": "コーレア",
        "message": "「看嘛……就像这样揉弄乳头的尖端……\n嗯嗯、啊啊……阴茎会抖动起来哦……\n有点可爱呢……捉弄起来，感觉很有趣的……」"
    },
    {
        "name": "コーレア",
        "message": "「哈啊……嗯啊啊……嗯哈啊……\n腰部也一边转圈圈……一边淫荡地动起来……啊啊啊！\n团长大人，变得非常淫荡的表情了呢……嗯嗯！」"
    },
    {
        "message": "正如科蕾亚所说。\n从刚才开始弥漫全身的强烈快感，\n阴茎的颤动无法停止。"
    },
    {
        "message": "这样下去，我可能会一个人达到高潮。\n这种事情我无法忍受。\n我告诉科蕾亚，希望她稍微控制一下戏弄我的手势。"
    },
    {
        "name": "コーレア",
        "message": "「嗯呜、啊啊……\n这种淫荡的戏弄……真的希望我变得更温柔吗……？」"
    },
    {
        "message": "她问我问题，我在麻木的理性中思考。\n答案没有改变。"
    },
    {
        "name": "コーレア",
        "message": "「但是……呼……嗯啊啊，嗯呜呜……\n团长大人的表情……我希望你不要停下来……」"
    },
    {
        "message": "科蕾亚的指责让我的心跳加速，我立刻意识到了。\n"
    },
    {
        "message": "无法忍受的是我的理性。\n卑鄙的欲望渴望着对乳头和阴茎持续不断的刺激。"
    },
    {
        "name": "コーレア",
        "message": "「嘿嘿……果然，你真的不希望停下来吧……\n请不要顾虑……请更加享受吧……」"
    },
    {
        "name": "コーレア",
        "message": "「哈呜……啊啊啊……嗯嗯呜呜……\n团长大人，一直以来都让我撒娇……\n在这种时候……请多多宠爱我吧……」"
    },
    {
        "message": "科蕾亚的腰部动作变得剧烈起来。\n前后左右地猛烈晃动着腰部，\n用抓住乳头尖端的指尖施加着强大的力量。"
    },
    {
        "name": "コーレア",
        "message": "「呼啊啊……哈啊啊……嘿呜呜……嗯嗯呜呜……\n感觉真好，不要忍住……嗯啊啊、啊啊啊、哈呜呜……\n团长大人，请尽情射出炽热的精液……\n啊呜、哈呜呜、嗯啊啊！」"
    },
    {
        "message": "无法忍受。\n欲望欢欣鼓舞，化为白热凝固。\n对于迅速升起的射精欲望，\n科蕾亚深深地展现出迷人的笑容。"
    },
    {
        "name": "コーレア",
        "message": "「啊啊，胀起来了！嗯，啊啊，啊啊！太开心了，团长大人！\n乳头和阴茎都要感受到很多！嗯哈啊！\n请在我的阴道里射出……请尽情射出吧！\n团长大人会好好看着的……啊呀，呼啊啊！」"
    },
    {
        "name": "コーレア",
        "message": "「白色浓稠的精液……尽情地喷射吧……！\n我想要全部都在里面……！\n嗯嗯，哈啊啊，啊啊啊……呀呀呀呀呀呜！！」"
    },
    {
        "name": "コーレア",
        "message": "「呼啊啊……啊啊，嗯嗯呜呜……！\n阴茎在里面跳动着……热热的东西一直流出来……」"
    },
    {
        "message": "快感爆发，精液喷涌而出。\n从战栗的阴茎中，一次又一次地注入热量的凝固体。"
    },
    {
        "message": "在那股热量的冲击下，科蕾亚达到了高潮。\n她将所有的浑浊液体都喷射出来，将她的内部染成了白色。"
    },
    {
        "name": "コーレア",
        "message": "「精液的量好多……\n团长大人的热量渗透进了我的身体……好暖和……」"
    },
    {
        "name": "コーレア",
        "message": "「团长大人……我的恶作剧，您觉得如何呢……\n满意吗……？」"
    },
    {
        "message": "感受到激烈的兴奋渐渐平息，我回答说非常舒服。\n顺从地接受也不错。\n我已经尽情享受了她给予我的快感，直到射出所有精液。"
    },
    {
        "name": "コーレア",
        "message": "「嘿嘿……我也非常舒服……\n如果您能开心，我随时都会恶作剧的哦……」"
    },
    {
        "message": "科蕾亚微笑着看向我，她的表情依然令人心醉。\\n在她平日不同的笑容中，我一直被迷住了。"
    }
]