[
    {
        "message": "下班后，我和雷乌科菲尔姆玩着用硬币进行的简单游戏。\\n突然间，我意识到我们两个人独处在房间里。"
    },
    {
        "name": "レウコフィルム",
        "message": "「哈哈，这下我赢了……好险好险……嗯？\\n怎么了？我的脸上有什么东西吗？」"
    },
    {
        "message": "她注意到我一直盯着她的脸。\\n但不知为何，我无法移开视线。\\n我凝视着雷乌科菲尔姆那美丽的嘴唇。"
    },
    {
        "message": "如果能够贴在那饱满的粉红色嘴唇上吻一下，\\n会有多幸福呢？这样邪恶的想法浮现在脑海中。\\n明知不可为，却无法摒弃这样的念头。"
    },
    {
        "name": "レウコフィルム",
        "message": "「嗯……嗯……好吧……团长，再来一局吧\\n时间不多，就用抛硬币决胜负吧\\n如果你赢了，我就答应你心里所想的事情」"
    },
    {
        "message": "听到她仿佛察觉到了我在想什么的话语，我瞬间感到有些慌乱。\\n雷乌科菲尔姆露出了自信的微笑。\\n看来她真的察觉到了，但既然如此，我不能退缩。"
    },
    {
        "name": "レウコフィルム",
        "message": "「你已经做好准备了吧……那么……来吧！\\n……呵呵，正反面，选哪个？」"
    },
    {
        "message": "我知道犹豫也没有用，立刻回答说是正面。\\n雷乌科菲尔姆慢慢地打开手掌，藏着硬币。\\n硬币出现时，果然是正面朝上。"
    },
    {
        "name": "レウコフィルム",
        "message": "「正面……我输了……团长……嗯……亲……嗯嗯！\\n嗯……呵呵，不要这样突然亲过来……亲、嗯、亲\\n亲……啊哈，你是这么想亲吻吗？呵呵呵」"
    },
    {
        "message": "笑着责备着我的莱科菲尔姆，但我已经停不下来了。\\n我一次又一次吮吸着她柔软的唇，她也逐渐回应了我的吻。\\n不知不觉间，我们紧密地贴在一起，沉浸在亲吻中。"
    },
    {
        "name": "レウコフィルム",
        "message": "「嗯，不行……我已经忍不住了……\\n团长你刚才也忍不住夺走了我的唇吧？\\n所以……所以你不能抱怨……看，已经这么硬了……」"
    },
    {
        "message": "莱科菲尔姆坐在我身上，用手触摸着勃起的地方说道。\\n被她触碰到那个地方后，我已经无法动弹了。"
    },
    {
        "message": "看到我这样的样子，她得意地笑了起来。\\n然后慢慢将阴茎的顶端对准自己的中心。\\n两个粘膜相互接触发出湿润的声音，让我不禁感到背脊一阵发凉。"
    },
    {
        "name": "レウコフィルム",
        "message": "「你不能动哦？\\n硬币是反面的嘛……嗯，啊啊……！」"
    },
    {
        "message": "按照她的话，现在轮到莱科菲尔姆来实现她的想法了。"
    },
    {
        "name": "レウコフィルム",
        "message": "「那么……开始吧……嗯，啊啊……嗯呜……！\\n我的里面，啊啊，被撑开了……嗯呜，啊啊！」"
    },
    {
        "message": "阴茎的顶端一边推开莱科菲尔姆的阴道，一边进入其中。\\n那个地方湿润而温暖。\\n感受到舒适的触感，我不禁屏住了呼吸。"
    },
    {
        "name": "レウコフィルム",
        "message": "「嗯，啊啊……好厉害……好大……嗯呜呜……\\n我是第一次所以不太清楚，大家都是这样吗？\\n嗯呜，啊啊……我的肚子里已经充满了团长」"
    },
    {
        "message": "整个阴茎都被温暖的感触所包裹着。\\n我瞥了一眼连接处，发现它完全嵌入了阴道中。"
    },
    {
        "name": "レウコフィルム",
        "message": "「呵呵，真开心……和团长融为一体了\\n嗯……你也有这样的想法吗？」"
    },
    {
        "message": "如果说没有的话那就是谎言。\\n每当莱科菲尔姆来到夜间房间时，我偶尔会想象总有一天会变成这样。"
    },
    {
        "name": "レウコフィルム",
        "message": "「真的吗？呵呵，好开心……\\n也就是说我们彼此怀有淫荡的想法……嗯\\n那么今天……或许不需要顾虑了」"
    },
    {
        "message": "莱科菲尔姆慢慢开始动起了腰部。\\n粗糙的阴道温柔地抚摸着勃起的表面。"
    },
    {
        "name": "レウコフィルム",
        "message": "「啊，嗯……怎么样，感觉如何……\\n因为我从来没有这样动过腰，所以不知道做得好不好……\\n怎么样，团长……感觉舒服吗？」"
    },
    {
        "message": "莱科菲尔姆笨拙地动着腰部。\\n然而，现在这样的样子只让我感到无比珍爱。\\n最重要的是，仅凭这样的动作就给阴茎带来了强烈的刺激。"
    },
    {
        "name": "レウコフィルム",
        "message": "「呵呵，看起来很舒服呢……嗯，那么再多一点……\\n嗯，啊啊，啊啊……！嗯呜呜……！」"
    },
    {
        "name": "レウコフィルム",
        "message": "「太厉害了……这就是男女交合的感觉……嗯\\n男人进入自己体内的触感……啊啊\\n嗯，这样、这样舒服……真是令人惊讶……」"
    },
    {
        "message": "从莱科菲尔姆的腰部动作中可以看出硬度逐渐减弱。\\n随着她的腰部运动，嘭嘭的水声开始响起。"
    },
    {
        "message": "我注视着连接处，那个地方已经湿透了，\\n似乎使粘膜摩擦更加顺畅。"
    },
    {
        "name": "レウコフィルム",
        "message": "「啊呜，嗯呜……对不起，弄脏了我的……\\n啊，嗯呜，但是，停不下来……嗯呜，啊啊！\\n从深处，嗯嗯，越来越多地溢出来了……啊啊！」"
    },
    {
        "message": "阴茎顶端碰到阴道深处时，莱科菲尔姆发出了娇声。\\n阴道紧紧收缩着，夹紧了阴茎。"
    },
    {
        "name": "レウコフィルム",
        "message": "「呼啊，哈啊……不行，不行……！\\n这个感觉太舒服了……脑袋一片空白……嗯……」"
    },
    {
        "message": "莱科菲尔姆停下腰部的动作，露出迷醉的表情。\\n看着她，我拿起床边掉落的硬币。\\n说这里再来一次决胜，然后抛硬币决定。"
    },
    {
        "name": "レウコフィルム",
        "message": "「诶？什、什么……嗯，反面……」"
    },
    {
        "message": "在她面前翻开的硬币显示正面朝上。\\n告诉她这是我的胜利后，我顶起了腰部。"
    },
    {
        "name": "レウコフィルム",
        "message": "「嗯，啊啊……！？不、不要……！\\n啊，啊啊，嗯呜呜……现在、不能动了……！！\\n嗯，嗯呜……啊啊！不行，不行不行不行……！」"
    },
    {
        "message": "紧绷的声音传出，但莱科菲尔姆的腰部动作没有停下。\\n游戏是我赢了。"
    },
    {
        "name": "レウコフィルム",
        "message": "「啊啊，嗯嗯……嗯嗯……！\\n深处，团长君顶到了……啊，嗯嗯！！\\n好厉害……啊，那个，太舒服了！！」"
    },
    {
        "message": "莱科菲尔姆身体颤抖着。每次我顶起腰部时，她都发出可爱的声音。我越来越想让她感到舒服。"
    },
    {
        "message": "我忍不住伸出手臂，触摸了莱科菲尔姆的乳房。之前一直在晃动着，引起了我的注意。"
    },
    {
        "name": "レウコフィルム",
        "message": "「呼啊，啊啊……这样，这样同时……！\\n嗯，啊啊，这样，现在摸胸部的话……！\\n嗯，啊啊……会变得奇怪、奇怪的……！」"
    },
    {
        "message": "莱科菲尔姆因为对乳房的爱抚而身体绷紧。阴道紧紧收缩着，像是握住了阴茎不放。"
    },
    {
        "name": "レウコフィルム",
        "message": "「啊啊，团长君……团长君……！啊啊！\\n真的，我这样下去……啊啊！会感到舒服的！\\n嗯，啊啊，可以吗？可以吗？」"
    },
    {
        "message": "湿润的眼眸凝视着我。我点头回答她炽热的目光，然后用指尖刺激她的乳头。"
    },
    {
        "name": "レウコフィルム",
        "message": "「呼啊，啊啊，团长君！那个，啊啊，那个……！\\n嗯嗯……啊啊！！」"
    },
    {
        "message": "为了让她达到高潮，我的腰部动作更加有力。\\n同时加强对乳房的刺激，我渐渐感觉到莱科菲尔姆的身体在颤抖。"
    },
    {
        "name": "レウコフィルム",
        "message": "「啊啊，要……要射了……团长君，要让我射了……！\\n啊啊，要……要射了……团长君！请紧紧地抱住我……！\\n用力一点，用力一点……啊啊，我要射了……！」"
    },
    {
        "message": "我用力揉捏她的乳房，如她所说。\\n然后猛烈地抬起腰部。"
    },
    {
        "name": "レウコフィルム",
        "message": "「嗯啊，喜欢你，团长君……啊啊！\\n喜欢你，喜欢你喜欢你……啊啊，嗯嗯……！\\n啊，啊，啊啊啊……嗯呀呀呀呀……！！！！」"
    },
    {
        "name": "レウコフィルム",
        "message": "「嗯啊啊啊啊……！！啊啊，啊啊……！\\n脑袋一片空白……啊啊……这么，舒服……！\\n嗯，哈哈，哈哈，哈哈……啊啊啊……」"
    },
    {
        "message": "我将大量精液注入到莱科菲尔姆的阴道中。\\n我的阴茎在阴道中搏动着，被阴道的收缩刺激着。"
    },
    {
        "name": "レウコフィルム",
        "message": "「呼啊，嗯嗯……太厉害了……你在里面乱动着……\\n这么舒服，我从来没想到过……」"
    },
    {
        "name": "レウコフィルム",
        "message": "「没想到会有这么舒服的事情……我不知道呢\\n呼啊……头还有点晕晕的……嗯嗯……」"
    },
    {
        "message": "莱科菲尔姆倒在我身上。\\n我紧紧地抱住她柔软的身体，同时调整呼吸。"
    },
    {
        "name": "レウコフィルム",
        "message": "「嗯呃……明明只是个简单的游戏，没想到会变成这样\\n哈哈，真抱歉，我太入迷了」"
    },
    {
        "message": "她道歉的时候，耳朵都红透了\\n虽然装作平静，但显然很害羞"
    }
]