[
    {
        "message": "我在意着Janome Erica是否能与其他团员打成一片，便邀请她进了房间。\\n直截了当地问了一句，得到了出乎意料的反应。"
    },
    {
        "name": "ジャノメエリカ",
        "message": "「……呜……咕、嗯嗯……」"
    },
    {
        "message": "Janome Erica从眼角滑落了泪水。虽然突然发生的事情让她有些慌乱，但还是问了原因。"
    },
    {
        "name": "ジャノメエリカ",
        "message": "「对不起……不是那样的……\\n您对我关心，让我……非常、非常开心……」"
    },
    {
        "name": "ジャノメエリカ",
        "message": "「谢谢您……您让我在您的心中得到了救赎\\n没有您，我已经无法……存在了……」"
    },
    {
        "message": "我轻轻地拥抱着颤抖着说话的Janome Erica。\\n她的身体比外表看起来更加纤小。"
    },
    {
        "name": "ジャノメエリカ",
        "message": "「啊啊……我非常想念您，团长大人\\n一直、一直想和您在一起」"
    },
    {
        "name": "ジャノメエリカ",
        "message": "「嗯呜！　哈、啊、啊啊啊啊……！」"
    },
    {
        "message": "我努力穿越那狭窄得仿佛要发出吱吱声的肉壁。\\n感受到了比勃起的阴茎还要强大的压力。"
    },
    {
        "name": "ジャノメエリカ",
        "message": "「哈啊，哈啊……团长大人……这个，是……嗯，嗯……\\n好像已经进到了肚子里了……」"
    },
    {
        "name": "ジャノメエリカ",
        "message": "「但是……嗯，哈……啊啊……和团长大人，融为一体了呢……\\n嗯，嗯，好开心……」"
    },
    {
        "message": "因为疼痛而呼吸不稳的Janome Erica。\\n为了减轻疼痛，我慢慢动起腰部，并轻轻抚摸她的头。"
    },
    {
        "name": "ジャノメエリカ",
        "message": "「哈啊，哈啊，团长大人，请给我……给我更多的爱……\\n光是这样的话……身体会变得不安分的……」"
    },
    {
        "name": "ジャノメエリカ",
        "message": "「虽然是第一次……虽然很痛……但心情却很激动，\\n感觉有些飘飘然的，\\n不知道该怎么办才好……！」"
    },
    {
        "message": "Janome Erica变得异常兴奋，前所未有。\\n她可能并没有深刻理解自己现在在做什么。\\n正因如此，她原本的本性得以显露出来。"
    },
    {
        "name": "ジャノメエリカ",
        "message": "「我，到底怎么了呢……哈啊……呼……\\n自己都不太明白了……嗯，呼……」"
    },
    {
        "name": "ジャノメエリカ",
        "message": "「团长大人……这里的我……和团长大人连接在一起的地方……\\n已经湿了……难道是我的身体出了问题吗」"
    },
    {
        "message": "我向她传达着这并不奇怪，并用缓慢的前后摆动腰部。\\n紧紧缠绕着阴茎的肉壁，展现出她的天真无邪。"
    },
    {
        "name": "ジャノメエリカ",
        "message": "「嗯！哈啊……团长大人……进到了……我的……里面……嗯……啊啊……」"
    },
    {
        "name": "ジャノメエリカ",
        "message": "「我的……那里……啊……团长大人，对我，给予了很多的爱……嗯啊……」"
    },
    {
        "message": "与平时看到的Janome Erica截然不同，面前是妖艳的身姿。每一次腰部的冲击都引起高亢的声音，激起了我的情感。"
    },
    {
        "name": "ジャノメエリカ",
        "message": "「哈啊，哈啊，那里……嗯，水流出来了……噗噗地发出声音……啊啊，啊」"
    },
    {
        "name": "ジャノメエリカ",
        "message": "「被团长大人戳到肚子里面的时候……嗯，自己不由自主地发出声音！嗯呜呜」"
    },
    {
        "message": "随着阴道内部的混乱摩擦，爱液溢出来。像润滑液一样增加肉壁和阴茎之间的滑动，刺激彼此的神经。"
    },
    {
        "message": "湿湿的声音恶意地响起，具有迷惑心灵的力量，向我袭来。"
    },
    {
        "name": "ジャノメエリカ",
        "message": "「哈啊，哈啊，这里……嗯，团长大人强壮的东西进来了……这里……让人无法忍受……感觉……控制不住」"
    },
    {
        "message": "她一边说着，一边伸手到被阴茎插入的地方。用手搭在裂缝两侧，迎接着阴茎的到来。"
    },
    {
        "message": "在房间外遇见Janome Erica，她的打扮大胆得令人难以置信。无法抑制情感，我也伸手到她的私处和洁白闪亮的大腿上。"
    },
    {
        "name": "ジャノメエリカ",
        "message": "「呀！团长大人的手……在我的性器上……啊呜，还有脚上……啊啊，啊呜呜」"
    },
    {
        "name": "ジャノメエリカ",
        "message": "「哈啊，哈啊，好温柔……团长大人的触摸好温柔……啊呜，那里……啊呜！被触碰到会感到酥酥的」"
    },
    {
        "message": "当我用手指触碰到小突起时，她的娇声变得更大了。与此同时，包裹着阴茎的阴道也急剧收缩起来。"
    },
    {
        "name": "ジャノメエリカ",
        "message": "「哈啊，呃呃，团长大人，请看着……我的胸部……变得这么大了……啊啊」"
    },
    {
        "message": "她自己暴露出来的乳头竖立着。这是Janome Erica内心感受在身体上的表现。"
    },
    {
        "name": "ジャノメエリカ",
        "message": "「团长大人在里面乱动……啊啊……我的性器好像要坏掉了……」"
    },
    {
        "message": "用阴茎和手指抚弄她的性器。用手指轻轻刺激，她的腰瞬间离开床面。对于这种从未经历过的刺激，她似乎感到惊讶。"
    },
    {
        "name": "ジャノメエリカ",
        "message": "「嗯，感觉很舒服……啊啊，哈啊，呃呃，我会因为这种事而感到舒服吗？」"
    },
    {
        "message": "对陷入快感中的Janome Erica低语着，让她更加舒服。仅仅是这句话，从她的眼角滑落下一滴泪水。"
    },
    {
        "name": "ジャノメエリカ",
        "message": "「太开心了，能够听到您这样说……嗯嗯，哈啊，嗯啊……哈啊，啊呜呜」"
    },
    {
        "name": "ジャノメエリカ",
        "message": "「团长大人……感觉……舒服吗……嗯呜呜，哈啊……只有我一个人……能享受到这么美好的感觉……嗯呜，哈啊啊啊！」"
    },
    {
        "message": "告诉她这已经不仅仅是舒服的程度了。Janome Erica依然流着幸福的泪水，毫不犹豫地接受着涌入身体的愉悦。"
    },
    {
        "name": "ジャノメエリカ",
        "message": "「哈啊，嗯嗯，团长大人……喜欢、喜欢您……嗯呜呜，胸口好像要跳出来一样、喜欢您！」"
    },
    {
        "message": "轻轻抚摸她的大腿，刺激她的阴核，仿佛在挠痒痒。随着阴道的动作，我也快到极限了。"
    },
    {
        "name": "ジャノメエリカ",
        "message": "「哈啊！嗯嗯啊！好舒服！和团长大人在里面相互摩擦，好热、好像要融化了！」"
    },
    {
        "name": "ジャノメエリカ",
        "message": "「嗯嗯啊！啊！好像、好像要、要到了团长大人！从我的体内……嗯呜呜，好像有什么、嗯、一阵阵的、哈啊啊啊！」"
    },
    {
        "message": "Janome Erica即将迎来更多第一次的经历。我迫不及待地想看到这纯真的她达到巅峰。情绪高涨，更加剧烈地动着腰部。"
    },
    {
        "name": "ジャノメエリカ",
        "message": "「啊，嗯啊，啊，啊，嗯嗯嗯！团长大人，啊啊，好舒服！嗯嗯嗯，啊，啊啊啊啊啊！」"
    },
    {
        "name": "ジャノメエリカ",
        "message": "「呀呜！哈，嗯嗯嗯嗯嗯～～～！」"
    },
    {
        "message": "她达到巅峰的同时，射精开始了。精液像刮过收缩的肉壁一样飞溅进去。"
    },
    {
        "message": "Janome Erica的腰离开床面，不断地痉挛着。她的呼吸也变得不顺畅，有些艰难地享受着高潮。"
    },
    {
        "name": "ジャノメエリカ",
        "message": "「哈，哈啊……哈啊，哈……哈，哈啊……嗯，哈啊……」"
    },
    {
        "message": "渐渐平静下来的Janome Erica注意到了阴道内涌入的异样感觉。她慢慢放下浮起的腰部，并确认了现状。"
    },
    {
        "name": "ジャノメエリカ",
        "message": "「哈啊，哈啊，哈啊……里、里面……有什么温暖的东西……进来了……团长大人……这、这到底是……」"
    },
    {
        "message": "Janome Erica真的一无所知。精液溢出阴道连接处，无法完全容纳。她好奇地凝视着这一幕。"
    },
    {
        "message": "然而，当告诉她这是男性快感的证明时，她的表情也立刻明朗起来。"
    },
    {
        "name": "ジャノメエリカ",
        "message": "「那个……哈啊……哈啊……太好了，呼呼……我也很舒服……」"
    },
    {
        "message": "艰难地调整呼吸，Janome Erica试图说出下一句话。在彼此相互感受到温暖的连接中，只是等待着言语的交流。"
    },
    {
        "name": "ジャノメエリカ",
        "message": "「我想和团长大人更加舒服地在一起」"
    },
    {
        "message": "终于说出那句话后，我点头微笑回应，Janome Erica的笑容绽放开来。"
    }
]