[
    {
        "message": "当那家伙把我推倒在床上时，\\n他摸索着我的下半身，露出了他的阳具。\\n看到这一幕，她不禁发出了惊叹的声音。"
    },
    {
        "name": "ヤツデ",
        "message": "「这、这就是团长的……\\n呵呵，果然强壮呢。\\n从现在开始，它就要进入我的体内了。」"
    },
    {
        "name": "ヤツデ",
        "message": "「即使想逃也是徒劳的。\\n这是我做出的决定。\\n来吧，团长……做好觉悟吧……嗯嗯……！」"
    },
    {
        "message": "当那家伙缓慢地下腰挑衅般地移动时，\\n他的阴茎被她湿润的深渊吞没了。"
    },
    {
        "name": "ヤツデ",
        "message": "「啊啊……进、进来了……啊啊啊啊啊！！」"
    },
    {
        "message": "充满粘液的阴道已经分泌出足够多的液体，\\n连凸起的阴茎都轻易地被吞噬了进去。"
    },
    {
        "message": "粘膜淫荡地蠕动着，与阴茎相互融合，\\n紧紧地缠绕在一起。"
    },
    {
        "name": "ヤツデ",
        "message": "「哈啊……啊啊……哈啊……！\\n团长的，进入了我，深入了我的内部……！」"
    },
    {
        "message": "经过一段时间品味着阴茎的触感后，\\nヤツデ望向我的眼睛。"
    },
    {
        "name": "ヤツデ",
        "message": "「那、那个……团长大人，\\n我的，嗯、嗯嗯嗯，我的下面……怎么样了？」"
    },
    {
        "message": "不知为何，ヤツデ看起来有些困惑，\\n一边说话一边眼神游移。\\n……发生了什么呢？"
    },
    {
        "message": "难道……这种情况突然变得害羞了吗……？"
    },
    {
        "message": "虽然表现得像个痴女，\\n但实际上只是勉强而已，\\n可能并没有太多这方面的经验。"
    },
    {
        "name": "ヤツデ",
        "message": "「能够感受到快感吗？\\n团长大人的，那个……那个东西？」"
    },
    {
        "message": "她说得异常害羞，充满了不自信。"
    },
    {
        "message": "毫无疑问。\\n她回到本来的样子，突然说露骨的话\\n让她感到害羞了吧。"
    },
    {
        "name": "ヤツデ",
        "message": "「看、看好了！\\n这根粗大的东西……\\n已经被我下面的嘴巴吞噬了进去！」"
    },
    {
        "message": "……做得很好。\\n简直可以这么说，\\nヤツデ明显是勉强扮演痴女的角色。"
    },
    {
        "message": "但是，该怎么办呢？\\n再强迫她也有些微妙，\\n反过来指责她也觉得有点过分。"
    },
    {
        "message": "在我犹豫不决的时候，\\n她的腰开始扭动起来。"
    },
    {
        "name": "ヤツデ",
        "message": "「喂、喂……仔细看看吧，\\n这样动的话团长的小弟弟就会露出来……\\n这样动的话又会被我的小嘴吞进去……」"
    },
    {
        "name": "ヤツデ",
        "message": "「从下面的小口中流出了很多口水……\\n呼、呼呼……看起来好像在美味地吸着小弟弟一样……？」"
    },
    {
        "message": "时而混杂着颠倒的声音，勉强说出了几句话。\\n……不知为何，我开始觉得ヤツデ可怜起来。"
    },
    {
        "message": "也许是因为这种心情表现在了脸上，\\n她的脸突然阴沉了下来。"
    },
    {
        "name": "ヤツデ",
        "message": "「你这是什么表情啊，团长\\n难道，你不喜欢被我侵犯吗？」"
    },
    {
        "name": "ヤツデ",
        "message": "「差不多该放弃了吧\\n我一旦决定做，就一定会做到底……\\n因为我有这样的信念在驱使……啊啊！？」"
    },
    {
        "message": "……看不下去了。\\n为了让她安静下来，我伸出双手\\n包裹住她的乳房。"
    },
    {
        "name": "ヤツデ",
        "message": "「喂、喂……！\\n刚才我正在给团长舒服的……\\n……呀啊！？」"
    },
    {
        "name": "ヤツデ",
        "message": "「啊啊……哈啊……不要……！\\n不要刺激我的胸部……！」"
    },
    {
        "name": "ヤツデ",
        "message": "「腰、动不了了……！\\n团长的小弟弟，无法肆意地侵犯了……！」"
    },
    {
        "message": "刺激到胸部后，她的腰明显变得缓慢。"
    },
    {
        "message": "用整个手掌揉捏着她的乳房。\\n然后用手掌滚动乳头，\\n她发出尖锐的声音，身体向后仰起。"
    },
    {
        "name": "ヤツデ",
        "message": "「呀啊，不要，啊啊……！\\n如果连乳头都被这样弄得硬邦邦的话，我……！」"
    },
    {
        "name": "ヤツデ",
        "message": "「脑袋一片空白……！\\n什、什么都、想不到了……！」"
    },
    {
        "message": "看起来这里是一个非常敏感的性感带。\\n那么，不能错过这个机会。"
    },
    {
        "message": "用两根手指捏住乳头，或者用手指弹弄。\\n用指腹擦拭，轻轻地抓挠。\\n用各种方式刺激这个敏感的突起部分。"
    },
    {
        "name": "ヤツデ",
        "message": "「啊……啊……呀……啊……！\\n不、不要这样折磨我……！\\n那里太敏感了……呀啊啊！」"
    },
    {
        "message": "不知何时，她的腰完全停止了动作。\\n既然如此，我一边刺激乳头，一边抬起腰部，\\n试着同时刺激两个地方。"
    },
    {
        "name": "ヤツデ",
        "message": "「别、别、那个……啊啊啊啊！？\\n嗯、啊啊、身体……！\\n身体麻木了，好像要散架一样……！」"
    },
    {
        "message": "上下刺激着性感带，\\n全身传来剧烈的冲击。"
    },
    {
        "message": "每次抬起腰部，阴道深处都会涌出更多的爱液。\\n不知何时，连接处像是失禁一样\\n流出大量的液体，在床单上留下了巨大的污渍。"
    },
    {
        "name": "ヤツデ",
        "message": "「明明说过不行的……\\n团长……你真是太坏了……！」"
    },
    {
        "message": "她带着娇嗔的表情说着怨言。\\n但显然并不是真的讨厌。"
    },
    {
        "message": "我无视她的话，\\n一心只想继续刺激这两个性感带——。"
    },
    {
        "name": "ヤツデ",
        "message": "「啊……啊……呀……！\\n那、那里……好舒服……呀……！」"
    },
    {
        "name": "ヤツデ",
        "message": "「团长……！\\n更多……更多地触摸我……！\\n折磨我的胸部和私处……！」"
    },
    {
        "message": "不知何时，她开始渴望爱抚。\\n似乎已经无法抗拒快感了。"
    },
    {
        "message": "我更用力地捏住她的乳头。\\n用手指夹紧并突然松开。\\n每次如此，她都会发出高亢的娇声，表现出快感。"
    },
    {
        "name": "ヤツデ",
        "message": "「呀啊啊，啊啊啊，呀啊啊！\\n不、不行了……这样下去的话，我……！\\n身体无法支撑了，好像要散架一样……！」"
    },
    {
        "message": "她这样说着，将身体重量倚靠过来。\\n于是我抱住她的腰部，\\n从下方一口气向上冲刺。"
    },
    {
        "name": "ヤツデ",
        "message": "「嗯呀呀，啊啊，呀啊啊啊！！\\n那个，那个太激烈了……已经……！」"
    },
    {
        "message": "毫不顾忌地猛烈地刺入她的深处，\\n每次都让她痛苦地呻吟。"
    },
    {
        "message": "渐渐地，阴部传来一种舒适的刺痛和麻木感。\\n看来高潮已经近了。"
    },
    {
        "message": "为了最后的冲刺，\\n我用力抬起腰部，龟头穿过她的深处。"
    },
    {
        "name": "ヤツデ",
        "message": "「啊啊，啊啊，呀啊啊！？\\n我……我已经……啊，要到了！\\n被团长的阴茎弄得要高潮了！」"
    },
    {
        "name": "ヤツデ",
        "message": "「哈啊，啊啊，要到了，我要到了……！\\n要到了，要到了……\\n啊啊啊啊啊啊啊！！！！」"
    },
    {
        "message": "随着她的极致宣言，我也达到了极限。\\n下体剧烈地抽搐着，将炽热的浑浊液体射入阴道深处。"
    },
    {
        "name": "ヤツデ",
        "message": "「啊啊啊啊啊啊啊！\\n里面……在滴答滴答地……！\\n热乎乎的东西进入了深处……！」"
    },
    {
        "message": "当我将精液喷洒在ヤツデ的子宫上时，她再次达到了小小的高潮。"
    },
    {
        "name": "ヤツデ",
        "message": "「哈啊……啊，哈啊……\\n好舒服……\\n我还以为身体要崩溃了……」"
    },
    {
        "name": "ヤツデ",
        "message": "「话说回来，我……\\n原本是要袭击团长的……结果完全反过来了」"
    },
    {
        "name": "ヤツデ",
        "message": "「和预想完全不同的结果……\\n这就是所谓的意外吧，哈啊」"
    },
    {
        "message": "ヤツデ看起来有点后悔。\\n我问她是不是不喜欢。"
    },
    {
        "name": "ヤツデ",
        "message": "「这、这不是那样的啊\\n相反，今天……被团长做了很多事情，\\n感觉非常舒服」"
    },
    {
        "name": "ヤツデ",
        "message": "「嘛，这种意外反而是受欢迎的」"
    },
    {
        "message": "她说着冷静地微笑着。"
    },
    {
        "name": "ヤツデ",
        "message": "「……啊，但是\\n不能按照想象中的结束\\n确实有点遗憾」"
    },
    {
        "name": "ヤツデ",
        "message": "「……好，决定了\\n下次一定要彻底袭击团长到最后」"
    },
    {
        "name": "ヤツデ",
        "message": "「这就是今天的复仇吧\\n……期待吧」"
    },
    {
        "message": "ヤツデ的表情，充满了对下次的期待\\n闪耀着喜悦。"
    }
]