[
    {
        "message": "深夜，被包裹在寝具中的床上。\\n轻拍着紧贴过来的酢漆葵，安抚道。"
    },
    {
        "name": "オキザリス",
        "message": "「你不觉得很过分吗？团长～\\n哥哥又把～酢漆葵给～丢下了，就这样抛弃了～\\n呜哇哇～～～」"
    },
    {
        "name": "オキザリス",
        "message": "「呜咽……刚才说的可不是笑话～\\n真的被抛弃了，明明说了等一下……唔唔～\\n完全没有听到我说的话呢～」"
    },
    {
        "message": "轻拍她的背，附和那个鼻音的酢漆葵。\\n心情宛如在做保姆之类的事情。"
    },
    {
        "message": "然而可悲的是，或者幸福的是。\\n她并不是孩子，而我也不是什么保姆之类的人。"
    },
    {
        "name": "オキザリス",
        "message": "「请您……多安慰我一下\\n如果不是团长的话，就没法了～」"
    },
    {
        "message": "随之，搏动的乳房和湿润的眼神向我诉说着。"
    },
    {
        "name": "オキザリス",
        "message": "「呜唔……真好啊～\\n嗯呢呢……啾噗、嗯呲噢、啾噗噗～！」"
    },
    {
        "message": "就在这样，深深热烈的接吻到来。\\n含住双唇，舌头伸入要求口水的舌技。\\n在被两人体温温暖的寝具中，连下腹部都贴了上来。"
    },
    {
        "name": "オキザリス",
        "message": "「啾、噗、嗯啊……今晚好呀，团长……一起在一起吧……请对我好一点～啾、啾、噗」"
    },
    {
        "name": "オキザリス",
        "message": "「嗯唔……兰桃先生，兰桃，喜欢你……嗯唔唔～」"
    },
    {
        "message": "双唇交织在一起，慢慢地连接在一起。"
    },
    {
        "message": "在安慰她的时候，她已经湿润了。阴道里热烘烘的，对着肉棒的硬度欢喜地回应着。"
    },
    {
        "name": "オキザリス",
        "message": "「噗啊……哈啊啊……哈啊啊……团长进到了最深处……好舒服……嘿嘿～♪」"
    },
    {
        "name": "オキザリス",
        "message": "「但是……还不够呢，我想要更多地感受团长的一切……」"
    },
    {
        "message": "从涂满口水的嘴唇上滴下来的热气，落在湿漉漉的乳房上。作为回应，我伸出手去触摸那庞大的乳房。"
    },
    {
        "name": "オキザリス",
        "message": "「嗯唔……嗯啊，啊啊……对，对了……胸部也……摸一下……嗯唔，嗯嗯唔」"
    },
    {
        "name": "オキザリス",
        "message": "「团长的大手……我想要感受一下呢……嗯啊，哈啊……啊啊，好舒服……龟头已经……嗯唔，变硬了呢……」"
    },
    {
        "message": "柔软而有弹性，丰满饱满的丰乳两颗。\\n握在手中揉捏，晃动一下，\\n传达出重量、柔软和硬度的感觉。"
    },
    {
        "name": "オキザリス",
        "message": "「团长，再多一点～……胸部也……嗯唔，嗯啊啊……请关注我吧」"
    },
    {
        "name": "オキザリス",
        "message": "「里面也很寂寞呢……嘴巴也有点痒痒的\\n这次轮到团长来……希望你能做给我看」"
    },
    {
        "message": "这是酢漆葵撒娇的请求。\\n不会无视她，我坚定地点头回应。"
    },
    {
        "name": "オキザリス",
        "message": "「嘿嘿……那么……嗯啊啊～……」"
    },
    {
        "message": "然后，她伸出了舌头。\\n对于这个太过明显的愿望，我苦笑着，轻轻地吮吸着。"
    },
    {
        "name": "オキザリス",
        "message": "「嗯唔唔，嗯咕咕……嗯呣呣……噗呜呜\\n里面……里面也要……嘬嘬，舔舔……」"
    },
    {
        "message": "我也回应了她的要求。\\n用乳房和吻沉浸其中，用坚硬的肉棒温柔地搅拌着她湿润的蜜壶。"
    },
    {
        "name": "オキザリス",
        "message": "「嗯呣呣……嗯呀……哈啊……吧、吧唧……呣呀～\\n兰桃先生……喜欢你……非常喜欢～♪」"
    },
    {
        "name": "オキザリス",
        "message": "「亲亲我，好幸福啊……\\n和哥哥不一样呢……\\n噗嘟嘟，嗯啊啊，浑浑噗」"
    },
    {
        "message": "不应该说出那样的话。\\n一边安抚着全身都在撒娇的酢漆葵，稍微责备了一下。"
    },
    {
        "message": "并不是因为讨厌千层塔才抛弃她。\\n姐妹俩的喜好不同，而且还有各种情况。"
    },
    {
        "name": "オキザリス",
        "message": "「嗯呜呜……虽然我知道……\\n但是……好寂寞啊……嗯啊啊，吧唧，噗浮浮」"
    },
    {
        "message": "这时酢漆葵贴上来，用腰和唇压着我。"
    },
    {
        "name": "オキザリス",
        "message": "「从以前开始……就一直是这样的……嗯呜、吧唧、舔舔\\n想要和你在一起……\\n可是你不等我……吧浮浮、吧噗噗」"
    },
    {
        "name": "オキザリス",
        "message": "「噗啊……哈啊哈啊……一定是，比起我……\\n和朋友在一起更开心吧……」"
    },
    {
        "name": "オキザリス",
        "message": "「如同离开这里的姐姐诉说，\\n她再次紧紧依偎过来，\\n床轻轻发出呻吟声，情感高涨。」"
    },
    {
        "message": "并且，她抱怨着伊奥诺西迪姆和格林贝尔之类的人不在身边，\\n只顾着依赖着我。\\n床发出轻微的呻吟声，情感激荡。"
    },
    {
        "name": "オキザリス",
        "message": "「让我……得到安慰吧！\\n嗯呜呜……啾噗噗……哥哥的事情我不知道……嗯呜呜……嗯咕噜！」"
    },
    {
        "name": "オキザリス",
        "message": "「哥哥也很喜欢兰桃小姐的……啾噗噗……放下我不行的！」"
    },
    {
        "message": "这个发展不太好。"
    },
    {
        "message": "不，被积极地追求是非常好的。口腔、肉棒和手掌都感觉很舒服，热量正在迅速增加。"
    },
    {
        "message": "不好的是姐妹之间的关系。难道没有什么安抚的方法吗？"
    },
    {
        "name": "オキザリス",
        "message": "「……嗯咕？」"
    },
    {
        "message": "突然，酢漆葵停了下来。"
    },
    {
        "message": "我也停下了腰和手，问她怎么了。她回答与刚才的激情完全不同。"
    },
    {
        "name": "オキザリス",
        "message": "「难道……如果一直和团长先生在一起的话……酢漆葵……就不会被抛弃了吗……？」"
    },
    {
        "name": "オキザリス",
        "message": "「一直，一直……要做那个……三个人一起的话……哥哥也很喜欢团长先生……我也……和哥哥在一起的话，一定……」"
    },
    {
        "message": "各种问题突然浮现又消失，出乎意料的灵感。\\n但我立刻排除了这些，只考虑着姐妹们。"
    },
    {
        "message": "然后给出了答案。\\n只要不成为姐妹之间的障碍，我们就希望如此。"
    },
    {
        "name": "オキザリス",
        "message": "「团长先生……嘿嘿♪」"
    },
    {
        "message": "瞬间睁大了眼睛，但马上又微笑着的酢漆葵。\\n仿佛已经想象过一样，她敏感的花蜜洞展现出了明确的愉悦。"
    },
    {
        "message": "尽管如此，眼神中还是稍微透露出一丝不安。"
    },
    {
        "name": "オキザリス",
        "message": "「那么……如果真的变成那样的话……你也会……好好地关心我吧？」"
    },
    {
        "name": "オキザリス",
        "message": "「只有哥哥一个人关心我……我不会被冷落的吧……\\n不会有那种事情，对吧？」"
    },
    {
        "message": "摇了摇头，继续爱抚和腰的运动。"
    },
    {
        "name": "オキザリス",
        "message": "「嗯……因为……哥哥你很可爱嘛……\n当你在意胸部的时候……\n我也会觉得……自己很可爱呢……呼啊，啊啊」"
    },
    {
        "message": "明白了这个意思，我追随着酢漆葵的视线。\n最终停留在自己揉捏的丰满乳房上。"
    },
    {
        "name": "オキザリス",
        "message": "「你会和我比较胸部吗？\n会对我恶作剧吗？\n虽然我喜欢团长先生……嗯，嗯\n但是，不喜欢被这样对待呢」"
    },
    {
        "name": "オキザリス",
        "message": "「你也要好好地……好好地关心我……\n和哥哥一起……让我感到舒服才行，不然的话，我就……」"
    },
    {
        "message": "一定要平等对待姐妹们。\n回答着，我的嘴唇贴在突起的唇上。"
    },
    {
        "name": "オキザリス",
        "message": "「呼啊，嗯咪咩……那、那样的话……我就……放心了♪\n啊呜呜……嗯，嗯咪咩，啾咪咩～♪」"
    },
    {
        "name": "オキザリス",
        "message": "「呸啊……放心了吧……\n嗯呜呜，因为是我嘛……亲吻，啾噗～♪」"
    },
    {
        "message": "酢漆葵露出微笑，渴望着更深的联系。\n前兆正在扩散。"
    },
    {
        "name": "オキザリス",
        "message": "「嗯啊……哈哇……团长先生……\n就这样……一起来……嗯呜呜，舔舐，啾噗～\n深入到最里面……填满我吧……请多关照♪」"
    },
    {
        "message": "愿意。\\n随着你的要求，我尽情地对酢漆葵展开了关怀。"
    },
    {
        "name": "オキザリス",
        "message": "「呼啊……啊啊……啊，咕噜……好了嘛♪\\n呼啊……一起，和团长先生一起♪」"
    },
    {
        "name": "オキザリス",
        "message": "「亲亲，亲亲，嗯，嗯嗯，咪呜呜，咪呜呜♪\\n嗯呜呜呜呜～～～……♪」"
    },
    {
        "name": "オキザリス",
        "message": "「嗯呜……啊，啊啊……在肚子里……好热呀……\\n全部都，填满了呀……♪」"
    },
    {
        "message": "在极致的高潮中，甘美的气息弥漫在寝具中。"
    },
    {
        "message": "浓郁的性感气息。\\n酢漆葵微笑着，在每次颤抖着接受精液时，\\n仿佛都渗透进了寝具之中。"
    },
    {
        "name": "オキザリス",
        "message": "「哈啊，呼啊……嘿嘿\\n团长先生……刚才的话……我不会忘记的♪」"
    },
    {
        "message": "已经没有一丝忧愁的表情，酢漆葵轻松地拥抱了过来。"
    },
    {
        "name": "オキザリス",
        "message": "「我最爱的哥哥……和最爱的团长先生……\\n只要两个人关心我……我就会绝对幸福～♪\\n嘿嘿……从现在开始，期待着～」"
    },
    {
        "message": "将头放在这里的胸前，闭上眼睛。\\n酢漆葵如梦般低语着。"
    }
]