[
    {
        "name": "オキザリス",
        "message": "「哈～♪ 真没想到能和团长一起度假，\n而且还是在香蕉海洋的私人沙滩上悠闲地晒太阳……\n这样幸福的空间真是无与伦比，好幸福～♪」"
    },
    {
        "message": "仙人掌一边说着，一边躺在沙滩上，仿佛置身于梦境之中。\n虽然回答说那样很好……但实际上，最棒的是这里。\n毕竟可以独占泳装美少女。"
    },
    {
        "name": "オキザリス",
        "message": "「美、美少女什么的……这样说太过奖了……嘿嘿♪\n谢谢你！就算是奉承话也让我很开心！\n为了团长能选到可爱的泳装真是太好了……」"
    },
    {
        "message": "虽然仙人掌谦虚地说着，但绝对不是那样的。\n她穿着泳装非常有魅力。\n光是默默地看着可远远不够。"
    },
    {
        "name": "オキザリス",
        "message": "「嗯？团长……那个，你是指什么意思？」"
    },
    {
        "message": "看着她头上浮现出问号，\n我从旁边的包里拿出了目标物品。\n防晒油。"
    },
    {
        "name": "オキザリス",
        "message": "「那个……是防晒油吗？\n呀！？团、团长……好冰啊……呜呜，不要，\n我、我可以自己涂的……嗯、啊！！」"
    },
    {
        "message": "我将满满一把防晒油倒在手上，然后涂抹在她趴着的背上。\n顺便将防晒油抹开到全身。\n可能是觉得痒痒的，仙人掌扭动着身体。"
    },
    {
        "name": "オキザリス",
        "message": "「嗯、团长……好痒……嗯、啊！？\n那、那里是……嗯、那种地方，不要碰……啊啊！\n屁、屁股……不要碰……嗯、嗯……！！」"
    },
    {
        "message": "一边涂抹油，一边调皮地触摸她的身体。\n渐渐地，她的声音变得妖娆起来。\n到了那个时候，我已经无法满足于只是调皮了。"
    },
    {
        "name": "オキザリス",
        "message": "「啊，呀……团、团长……不、不行啦，\n嗯，泳装被掀起来了……嗯，唔……重要的地方，\n嗯，都、都看到了啦……！」"
    },
    {
        "message": "不知不觉间，她的乳房和私处从泳装中溢出，暴露在外面。\n仙人掌羞怯地扭动身体，但我并没有停下来。\n不用担心，这里是私人沙滩。\n现在这个地方应该只有我们两个人。"
    },
    {
        "name": "オキザリス",
        "message": "「虽然说是私人沙滩……\n但、但是外面还是外面啊……嗯，唔！\n为什么、为什么会这样……这么、这么色色的事情……唔！？」"
    },
    {
        "message": "无视她的制止声，我将勃起的阴茎顶在她的臀沟上。\n在涂满油的地方，阴茎滑动着。\n更进一步，龟头顶在深处的阴道口上。"
    },
    {
        "name": "オキザリス",
        "message": "「啊！唔，嗯，团、团长的……硬硬的……！\n嗯，真、真的要在这里插进来吗？\n啊，团、团长……嗯嗯……！！」"
    },
    {
        "message": "感受到插入的预感，仙人掌身体紧绷起来。\n我已经无法忍耐了。会不会不行呢？我在耳边问道。\n她略带害羞地把屁股稍微往外挺了一点。"
    },
    {
        "message": "我将她的回答视为同意，立即瞄准目标，向前推动腰部。\n阴茎的顶端侵入阴道口，被温暖的感触所包裹。\n阴道口湿润而紧窄，紧紧地夹住了勃起的阴茎。"
    },
    {
        "name": "オキザリス",
        "message": "「嗯嗯嗯……！！啊啊，嗯……！\n团、团长的，啊啊，我的，里面……进来了……！\n啊啊，里面，张开了，啊啊，太紧了……！！」"
    },
    {
        "name": "オキザリス",
        "message": "「这样，啊啊，明明是在户外，啊啊，在沙滩上……！\n啊啊，被团长插进来了……！\n嗯，啊，呜呜，大的东西，啊啊，进来了……！」"
    },
    {
        "message": "受到插入的刺激，仙人掌的身体抽搐了起来。\n从刚才开始，阴道紧紧地包裹着整根阴茎。"
    },
    {
        "message": "沉醉在眼前展开的海滩景色中，享受着那种快感。\n忍不住立即开始动腰，进行着阴茎的插入和抽出。"
    },
    {
        "name": "オキザリス",
        "message": "「呼啊，啊唔！嗯唔，啊、啊、嗯呜……！！\n团长先生……嗯、这、这么剧烈地动……啊呜！」"
    },
    {
        "name": "オキザリス",
        "message": "「不要、啊啊唔，团长先生的、我的敏感地方被、\n被碰到了……！碰到了……嗯，啊……！硬硬的东西，碰到了……！\n这么一下一下地刺进来，不行的啦……！！」"
    },
    {
        "message": "仙人掌颤抖着肩膀，一遍又一遍地说着不行。\n我问她如果感觉舒服就没关系吧，她摇了摇头。\n我询问原因，她用颤抖的声音回答我。"
    },
    {
        "name": "オキザリス",
        "message": "「明明是在户外，这种事情肯定是不行的嘛……！\n在户外发出这种淫荡的声音……啊呜呜，如果被别人听到，\n嗯呜，当然是不行的啦……！」"
    },
    {
        "name": "オキザリス",
        "message": "「啊、啊、嗯呜呜，如果被别人听到……嗯呜，\n被看到了或者……啊呜呜，那可糟糕了……！」"
    },
    {
        "name": "オキザリス",
        "message": "「即使是私人沙滩……也没有谁会来的保证……嗯呜，\n没有保证的哦……嗯呜、啊、啊呜呜……！！」"
    },
    {
        "message": "看起来她还是担心会被别人看到或听到。\n但是，这个海滩不会有这样的担心。\n我告诉她除了我们两个，其他人绝对不会来的。"
    },
    {
        "message": "所以无论大声喊叫，也不用担心会被别人听到或看到。\n所以，请现在尽情享受这种开放感吧。"
    },
    {
        "name": "オキザリス",
        "message": "「嗯，嗯……开放感……嗯，啊……！！\n开、开放感太多了……嗯，啊，啊……！\n团长，啊，啊，这个，太舒服了……啊……！」"
    },
    {
        "message": "加快腰部的动作和冲刺力度，\n奥克萨利斯仰起背部发出喘息声。\n声音似乎比刚才更大了。"
    },
    {
        "name": "オキザリス",
        "message": "「嗯嗯，嗯……我已经不知道了……知道吗？\n啊，我已经忍不住了……\n啊，啊啊啊……！」"
    },
    {
        "name": "オキザリス",
        "message": "「这样，在外面做爱，啊，感觉真好……！\n在外面做爱，啊，啊，好舒服……！\n嗯啊，啊，团长，嗯……啊啊啊……！！」"
    },
    {
        "message": "奥克萨利斯妖艳的声音与海浪声混合在一起。\n刚才的忍耐似乎已经消失了，声音和快感都没有再忍耐的样子。\n不安的表情已经变成了放松的陶醉表情。"
    },
    {
        "name": "オキザリス",
        "message": "「团长的小弟弟，啊，在里面磨擦着……！\n嗯啊，啊，这种事根本忍不住……！\n喜欢，啊，我喜欢这个……！！」"
    },
    {
        "name": "オキザリス",
        "message": "「嗯，嗯……！！如果你给我这么多快感的话，\n啊啊，我一定会爱上你的……！\n为了我，竟然准备了这样的海滩……！」"
    },
    {
        "name": "オキザリス",
        "message": "「如果是女孩子的话，绝对会被俘获……！\n嗯，啊啊，我会喜欢上你的……！！\n嗯，啊啊啊……！团长，团长……！！」"
    },
    {
        "message": "对于奥克萨利斯用撒娇的声音撒娇，\n不由自主地感觉到了高潮。\n为了射精更加用力地扭动腰部。"
    },
    {
        "name": "オキザリス",
        "message": "「呼啊，啊啊！嗯！嗯嗯……！\n要、要射了吗？嗯，精子要出来吗？嗯，啊啊！\n可以的，请射进来……就这样吧！」"
    },
    {
        "name": "オキザリス",
        "message": "「随时随地都可以，在我里面射精吧……！\n嗯，接住它……让我接住团长的精子……！」"
    },
    {
        "name": "オキザリス",
        "message": "「啊，啊啊要射了……！我也来了……！\n啊要射了，奥克萨利斯要射了……！\n嗯，啊啊，啊啊啊啊啊……！！！！！！」"
    },
    {
        "name": "オキザリス",
        "message": "「嗯，啊，嗯嗯……已、已经射了……！\n被团长中出了……啊！\n好舒服，真的好舒服……嗯，啊……！！」"
    },
    {
        "message": "奥克萨利斯的背部弯曲得很大，被高潮的波浪吞没。\n阴道温柔地包裹着一次又一次跳动的阴茎。\n享受着无法忍受的快感，望着眼前的海滩。"
    },
    {
        "name": "オキザリス",
        "message": "「哈哈，哈哈哈……海、真美……\n嗯，团长……嗯，非常舒服」"
    },
    {
        "message": "一边静静地看着海，两人稍作休息。\n然而，兴奋似乎丝毫没有消退的迹象。"
    },
    {
        "name": "オキザリス",
        "message": "「团长的小弟弟……还是那么硬呢……\n那个……只要团长愿意的话，我可以……」"
    },
    {
        "name": "オキザリス",
        "message": "「可以再一次爱我吗？」"
    },
    {
        "message": "奥克萨利斯脸红着说道。\n当然地回答了她的话后，两人重新开始了腰的动作。"
    }
]