[
    {
        "message": "自从与希瑟约定去度假后，已经过了一段时间，\\n却没有空闲的时间。"
    },
    {
        "message": "彼此都忍耐着感受，但终究到了极限，\\n希瑟终于提出了一个建议。"
    },
    {
        "name": "ヘザー",
        "message": "「团长，您觉得怎么样？这套泳装……\\n之前的是运动型的，\\n这套可爱时尚的泳装您觉得怎么样？」"
    },
    {
        "message": "无法度假的代替方案是，在房间里穿上泳装，\\n体验度假的感觉。\\n希瑟拿来给我看她新买的泳装。"
    },
    {
        "message": "非常适合她，但在房间里穿着泳装是非日常的，\\n这种意义上也让我心跳不已。"
    },
    {
        "name": "ヘザー",
        "message": "「团长的目光……一直集中在那些地方呢\\n真是个淘气鬼……」"
    },
    {
        "message": "希瑟像是被热气笼罩般说道。\\n她也受到了这种特殊的氛围的影响，\\n看起来有些兴奋。"
    },
    {
        "name": "ヘザー",
        "message": "「虽然觉得不好，但心跳却止不住……我真是个坏孩子呢\\n但是，团长对于这样的我……可以吗？」"
    },
    {
        "message": "希瑟用湿润的眼神直视着我。\\n当然，没有拒绝的理由，所以我肯定了她的问题。"
    },
    {
        "name": "ヘザー",
        "message": "「好的……那我们去床上吧，\\n那样更能轻松一点……」"
    },
    {
        "message": "被希瑟甜蜜的邀请激动得心跳加速。\\n怀着期待的心情，我们一起走向床边。"
    },
    {
        "name": "ヘザー",
        "message": "「因为是我邀请的，所以今天我来主动……\\n那么，我从上面开始吧……」"
    },
    {
        "name": "ヘザー",
        "message": "「嗯，嗯……啊，啊啊……进来了，进来了……！」"
    },
    {
        "message": "阴茎发出深入的声音，沉浸在阴道内。\\n已经有爱液从阴道口流下，\\n说明希瑟已经感受到了快感。"
    },
    {
        "name": "ヘザー",
        "message": "「啊……好大啊……\\n要全部塞进去还真费劲……嗯！」"
    },
    {
        "name": "ヘザー",
        "message": "「这样就全部进去了……\\n啊……里面在颤抖着……\\n看起来很享受……真的，好开心……」"
    },
    {
        "name": "ヘザー",
        "message": "「我也一直……都想要的」"
    },
    {
        "message": "希瑟微笑得非常开心，开始缓慢地动起腰来。\\n媚肉缠绕着阴茎，甜蜜的刺激传遍下半身。"
    },
    {
        "name": "ヘザー",
        "message": "「啊啊……这个姿势，深入到底……\\n马上就会感觉到了……嗯啊……哈，啊……」"
    },
    {
        "name": "ヘザー",
        "message": "「阴茎也在颤抖着……真开心……\\n请在我的阴道里享受愉悦吧」"
    },
    {
        "name": "ヘザー",
        "message": "「啊，哈，嗯，哈嗯……呀啊……」"
    },
    {
        "message": "希瑟的臀部上下摆动，\\n阴道壁抚摩着阴茎。\\n一股寒意沿着脊梁骨传来，\\n不禁发出喘息声。"
    },
    {
        "name": "ヘザー",
        "message": "「呵呵呵，团长真是的，\\n才刚开始而已，就发出这么可爱的声音……\\n我的阴道真的那么舒服吗？」"
    },
    {
        "name": "ヘザー",
        "message": "「没关系的，我会让你更舒服的……\\n多感受一下阴茎，发出可爱的声音……\\n哈、啊、嗯、嗯嗯、哈哈、嗯」"
    },
    {
        "message": "希瑟的声音越来越高，腰部的动作也加快。\\n臀部的肉在颤动，视线不由自主地移到那里。"
    },
    {
        "name": "ヘザー",
        "message": "「啊、嗯、哈哈……团长，只关注我的臀部吗？\\n呵呵，我能感受到你的视线」"
    },
    {
        "name": "ヘザー",
        "message": "「不过，不只是臀部……\\n这套新泳装也要好好看哦\\n毕竟是特意挑选的……」"
    },
    {
        "message": "希瑟停下了腰的动作。\\n被问到关于泳装的感想，我坦率地说很可爱，很适合我。"
    },
    {
        "name": "ヘザー",
        "message": "「可爱……适合我……\\n这些都是普通的感想呢……\\n我想要更不一样的感想」"
    },
    {
        "name": "ヘザー",
        "message": "「不想让任何人看到，或者说是性感……\\n这是只想给团长看的泳装」"
    },
    {
        "message": "希瑟略显失望地发出声音。\\n判断自己做了令人抱歉的事情，\\n坦率地承认自己当然也很兴奋。"
    },
    {
        "name": "ヘザー",
        "message": "「嗯……呵呵，呵呵呵……\\n果然，团长是喜欢泳装的变态先生呢\\n淫荡……嗯、啊、哈啊……！」"
    },
    {
        "message": "希瑟高兴地微笑着，重新开始腰部的动作。\\n这次毫不保留地上下大幅度摆动，\\n将阴茎完全吞入阴道中。"
    },
    {
        "name": "ヘザー",
        "message": "「嗯嗯，怎么样……？\\n完全吞入，就像这样……嗯、嗯！\\n我会紧紧地夹住你的」"
    },
    {
        "name": "ヘザー",
        "message": "「这样为你服务，\\n真是一件很棒的事情呢……！\\n团长能感受到快感，我也很开心……」"
    },
    {
        "message": "希瑟的细致服务让我赞叹不已。\\n下半身的温度不断上升，\\n一不小心就会射精。"
    },
    {
        "name": "ヘザー",
        "message": "「我会让你感受更多快感的，请尽情享受……随时都可以，射出来吧……」"
    },
    {
        "name": "ヘザー",
        "message": "「啊、嗯、啊、啊……！阴茎在颤抖……啊啊，好开心」"
    },
    {
        "message": "希瑟的腰动起来，臀部也不自觉地摇晃。手不由自主地伸向了那个臀部。"
    },
    {
        "name": "ヘザー",
        "message": "「啊啊，团长，摸摸屁股……嗯嗯嗯！别揉捏」"
    },
    {
        "name": "ヘザー",
        "message": "「已、已经我在给你快感了，不要这么碰……哈啊，呀啊啊……！」"
    },
    {
        "message": "我揉捏着希瑟可爱的桃臀，轻轻抚摸着。她的身体开始颤抖，更加兴奋起来。"
    },
    {
        "name": "ヘザー",
        "message": "「动作、淫荡……嗯、别、啊啊！我、我只是因为这个屁股而感受到……啊啊！团、团长，别摸啊……」"
    },
    {
        "message": "听到希瑟可爱的声音，我的内心变得炙热。我说想要更加快感，一起达到高潮，然后开始用腰部动作。"
    },
    {
        "name": "ヘザー",
        "message": "「啊、啊啊啊！这样、嗯嗯嗯！从下面顶上来，我、嗯嗯嗯！」"
    },
    {
        "name": "ヘザー",
        "message": "「我要射了，啊啊，阴道要射出来了！好、好舒服！啊，啊啊！」"
    },
    {
        "name": "ヘザー",
        "message": "「被阴茎顶进来，我忍不住就会感觉到，然后就会射出来……啊，啊啊！」"
    },
    {
        "message": "希瑟享受着快感，我也向她传达着同样的感受。然后一口气射精，进行最后的冲刺。"
    },
    {
        "name": "ヘザー",
        "message": "「啊、啊、啊啊啊！不行，这样被顶进来的话，阴道会射出来！马上就要射了，啊啊，嗯嗯！」"
    },
    {
        "name": "ヘザー",
        "message": "「一起来吧，请团长和我一起……啊，嗯嗯！」"
    },
    {
        "message": "我对希瑟的请求点头回答。爱抚她的屁股，开始用腰部动作。然后终于达到射精的极限。"
    },
    {
        "name": "ヘザー",
        "message": "「啊啊，要射了！我要射了！团长也一起，射进来，直接射进我的阴道里！想要中出我的阴道！」"
    },
    {
        "message": "希瑟的腰部落下，阴道紧紧包裹住阴茎。同时射精感涌上心头，毫不犹豫地射精进入阴道内。"
    },
    {
        "name": "ヘザー",
        "message": "「啊啊啊，要射了，要射了！团长也一起，射出精液，嗯嗯嗯嗯嗯！」"
    },
    {
        "name": "ヘザー",
        "message": "「啊、嗯嗯嗯嗯嗯！在里面被射出来，好热，好多……不、不行，中出去的话，又要高潮了……！」"
    },
    {
        "message": "希瑟背部向后仰起。看着她痛苦的样子让我兴奋起来，将精子全部射出来。"
    },
    {
        "name": "ヘザー",
        "message": "「嗯、啊、啊啊啊……已经……阴道里充满了精液……哈、哈啊啊……」"
    },
    {
        "message": "尽管射精结束了，但我们沉浸在余韵中，无法说出正常的话语。希瑟也是一样，在一起深呼吸了一会儿。"
    },
    {
        "name": "ヘザー",
        "message": "「嗯嗯嗯……已经有点……像飞上天一样……变得不知所措了……」"
    },
    {
        "name": "ヘザー",
        "message": "「穿着泳装进行爱爱，比平常更加混乱……感觉会变得更加淫乱……」"
    },
    {
        "message": "确实，希瑟穿着泳装时更加主动，更容易乱起来。当我指出这一点时，她没有否认，而是苦笑了起来。"
    },
    {
        "name": "ヘザー",
        "message": "「虽然不想承认，但确实是这样……但是，真的就是这样……」"
    },
    {
        "name": "ヘザー",
        "message": "「虽然有点遗憾，但可能已经上瘾了……呵呵呵」"
    },
    {
        "name": "ヘザー",
        "message": "「下次的话，要不要买一套新的泳装呢……？」"
    },
    {
        "message": "我对希瑟的提议微笑着点了点头。\n这次她也开心地发出了声音。\n似乎泳装爱爱还会继续一段时间，\n我有这样的预感。"
    }
]