[
    {
        "name": "マネッチア",
        "message": "「团长大人，虽然工作很辛苦，\\n再加把劲吧！一起加油～♪」"
    },
    {
        "message": "玛内奇亚帮我一起工作。\\n真是太感激她了。\\n……但是——。"
    },
    {
        "name": "マネッチア",
        "message": "「呵呵♪有什么事吗，团长大人～？」"
    },
    {
        "message": "心跳变得异常剧烈。头脑也变得昏昏沉沉的，还有……。"
    },
    {
        "name": "マネッチア",
        "message": "「好了，工作结束了\\n嘿嘿……♪团长大人，接下来要做什么呢？」"
    },
    {
        "message": "玛内奇亚比平时更加有魅力，倍数多了，十倍多了。"
    },
    {
        "name": "マネッチア",
        "message": "「啾噗、啾、啾噗……\\n团长大人……团长大人……」"
    },
    {
        "message": "玛内奇亚伸出舌头，呼唤着我。\\n我拥抱着她柔软的身体，交换着唇吻。"
    },
    {
        "message": "与她结束工作后的交谈。\\n没注意之间，就变成了这样，\\n都是那个准备好的香薰蜡烛的错。"
    },
    {
        "name": "マネッチア",
        "message": "「嗯啊，好香的味道，是吧……？\\n这是玛内奇亚的特制品\\n啾，嘿嘿……变得有点色色的，特别制作～」"
    },
    {
        "message": "已经不知道做了多少次了。\\n意识融化，透出彼此淫荡的香气\\n身体的疼痛无法停止。"
    },
    {
        "message": "不禁腰部一摩擦，\\n玛内奇亚开心地微笑着。"
    },
    {
        "name": "マネッチア",
        "message": "「啊哈，小弟弟……忍不住了吗？\\n啾，啾嘭，呵呵，没关系哦～」"
    },
    {
        "name": "マネッチア",
        "message": "「怎么样……玛内奇亚也已经变得软绵绵的了……\\n请享用我的小穴吧」"
    },
    {
        "name": "マネッチア",
        "message": "「嗯，哈，哈呜呜……团长大人的好大啊……」"
    },
    {
        "message": "迎接我的是微弱的抵抗和柔软的肉体。\\n阴茎滑入温热的深处，引起阵阵颤动。"
    },
    {
        "name": "マネッチア",
        "message": "「哈呜，嗯啊，哈呜，太好了……\\n顺利地，插进来了～\\n嘿嘿，蜡烛真是带对了」"
    },
    {
        "message": "玛内奇亚微皱眉头，发出一声叹息。\\n处女之证从连接处滴落下来。"
    },
    {
        "name": "マネッチア",
        "message": "「啊，别在意，不～可以……\\n相反的……诶嘿嘿，如果不说开心的话，\\n玛内奇亚会很伤心的」"
    },
    {
        "name": "マネッチア",
        "message": "「特地给你献上了处女之身哦？\\n为了这个，还做了各种准备……啾」"
    },
    {
        "name": "マネッチア",
        "message": "「就算是处女的小穴，也要让团长大人感到舒服才行……\\n诶嘿嘿，怎么样呢……？ 呵呵，阴茎舒服吗？」"
    },
    {
        "message": "在被肉厚的阴道甜咬着的同时回答问题。\\n只感受到幸福的刺激。"
    },
    {
        "name": "マネッチア",
        "message": "「嗯啾……太好了，蜡烛的效果非常出色\\n这样就可以畅所欲言了吧？」"
    },
    {
        "name": "マネッチア",
        "message": "「玛内奇亚一直想和团长大人聊天\\n开心地笑着……愉快地交谈，不想离开……\\n不想一个人呢……」"
    },
    {
        "message": "玛内奇亚的眼睛靠近，鼻尖相互摩擦。"
    },
    {
        "name": "マネッチア",
        "message": "「啾……所以，为了能和团长大人聊天，我努力了哦？\\n因为疼痛而无法和团长大人聊天是不行的」"
    },
    {
        "message": "对于这样想着我的心情，我也想回应。\\n紧紧拥抱着柔和的笑容和同样柔软的身体，\\n将肉棒直接擦在蜜壶上。"
    },
    {
        "name": "マネッチア",
        "message": "「啊，啊，呜啊啊，哈，好舒服……嗯\\n阴茎，在玛内奇亚里面，咕噜咕噜地动着」"
    },
    {
        "name": "マネッチア",
        "message": "「团长大人，您的那么大，嗯，\\n一直敲打到肚子里面，咚咚地敲打着呢？\\n哈啊，头部都麻痹了」"
    },
    {
        "message": "即使受到刺激，玛内奇亚的口也不停止。\\n用湿漉漉的呼吸传达自己的状况。"
    },
    {
        "name": "マネッチア",
        "message": "「诶嘿嘿……因为想让团长大人全部知道呀\\n玛内奇亚是怎么感受到、感觉舒服的」"
    },
    {
        "name": "マネッチア",
        "message": "「什么都不会隐瞒的哦\\n连阴道和身体……全部、全部都会告诉团长大人的」"
    },
    {
        "message": "纠缠住四肢，玛内奇亚将乳房压在一起。"
    },
    {
        "name": "マネッチア",
        "message": "「诶嘿嘿，玛内奇亚的胸部被压扁了\\n嗯，每次团长大人动的时候，咕噜咕噜地，\\n因为汗水而滑动着……嗯，嗯呜呜」"
    },
    {
        "name": "マネッチア",
        "message": "「乳头也，哈啊，磨破了呢\\n啊，疼痛刺激得头都要炸开了」"
    },
    {
        "name": "マネッチア",
        "message": "「团长大人觉得怎么样呢……？\\n只有玛内奇亚一个人说话不好呢\\n请告诉我舒服的感觉～」"
    },
    {
        "message": "开心的对话对她来说就是聊天。\\n只有一方面的话她会感到不满吧。"
    },
    {
        "message": "苦笑着，传达自己的快感。\\n皮肤的温暖，唇的柔软，舌头的热度。\\n毫无保留地，坦诚地说出口。"
    },
    {
        "name": "マネッチア",
        "message": "「诶嘿嘿……其他呢？其他的地方，怎么样呀？\\n嗯啊，啊啊，揉之前要好好聊一下才行哦！」"
    },
    {
        "message": "向她道歉因为顺序搞反了，\\n揉捏着丰满的乳房。"
    },
    {
        "name": "マネッチア",
        "message": "「嗯呜，可以哦，我原谅你了\\n但是作为代价，如果不好好告诉我，我可是不会喜欢的哦？」"
    },
    {
        "message": "将手指沉入柔软的乳房中，并伴随着吻传达那种感觉。\\n从手掌到手臂，传达给头部的柔软、弹性和甜美。\\n毫无保留地，口述着感受到的快感。"
    },
    {
        "message": "这还是让人害羞，像她一样无法很好地解释。\\n即便如此，玛内奇亚看起来很高兴地听着。"
    },
    {
        "name": "マネッチア",
        "message": "「嘿嘿，嘟噜，嗯嗯咕噜……哈啊，哈啊，\\n诶诶，诶诶诶诶……可以哦，团长大人\\n好好地聊天了，真棒呢」"
    },
    {
        "name": "マネッチア",
        "message": "「我想知道更多……啾\\n团长大人的舒服的感觉，我想知道更多\\n性感的玛内奇亚……怎么样呀？」"
    },
    {
        "message": "每一次揉捏乳头，阴道的肉都会麻痹和融化。\\n现在，用肉棒传达那种甜蜜的感觉。"
    },
    {
        "name": "マネッチア",
        "message": "「嘿嘿……阴道……好开心啊，诶嘿嘿嘿～\\n我被团长大人夸奖了哦」"
    },
    {
        "name": "マネッチア",
        "message": "「但是，还不够啊，想要更多更多的夸奖\\n所以我……要让阴茎更加舒服，\\n让你感受到更多快感……」"
    },
    {
        "message": "彼此传达着快感，彼此的欲望不断升高。\\n无论是谁主动抽送都变得剧烈起来，\\n淫荡的气味弥漫在房间里。"
    },
    {
        "name": "マネッチア",
        "message": "「哈啊，感受到了，想要更加感受到玛内奇亚……！\\n团长大人的舒服的感觉，我想要知道更多…！」"
    },
    {
        "name": "マネッチア",
        "message": "「因为团长大人教给了我\\n玛内奇亚的身体变得这么湿软……！\\n我想回报你，哦！」"
    },
    {
        "message": "交换着言语和呼吸，交流着彼此的快感。\\n随着兴奋的增加，肌肤的热度让意识燃烧起来。"
    },
    {
        "name": "マネッチア",
        "message": "「哈啊，好舒服啊……团长大人\\n吧唧，吸吮，我想一直感受下去……！」"
    },
    {
        "name": "マネッチア",
        "message": "「已经不在乎其他事情了……！\\n一直，一直这样，和团长大人，哈啊、嗯啊啊！\\n想要进行淫荡的聊天哦！」"
    },
    {
        "message": "然而，因为激动过度的身体无法容忍。\\n我们已经到了彼此都无法再忍耐的地步，欲望即将释放。"
    },
    {
        "name": "マネッチア",
        "message": "「啾、啾噗、呼啊、呀，好像要来了！\\n小穴，电麻了……停不下来！」"
    },
    {
        "name": "マネッチア",
        "message": "「团长大人也是吗……？无法忍耐吗……？\\n阴茎，蹦蹦地膨胀起来，无法停止……？」"
    },
    {
        "message": "当我坦率地传达出即将射精的感觉时，\\n玛内奇亚回以柔和的微笑。"
    },
    {
        "name": "マネッチア",
        "message": "「那、那个时候，请确实告诉我你要射了哦？\\n玛内奇亚也会确实告诉你我要射了哦……！」"
    },
    {
        "name": "マネッチア",
        "message": "「一起，一直到最后，感受快感吧……！\\n对吧，团长大人……啾、嗯咕、呼啊、噗！」"
    },
    {
        "message": "为了抑制痉挛，四肢紧紧缠绕在一起。\\n我们用嘴和腰互相迎合，迸发出巅峰。"
    },
    {
        "name": "マネッチア",
        "message": "「噗、嗯啾啾、兰丁大人……嗯呜呜！\\n呼啊，要射了、要射了……！\\n哈呼、嗯啊啊，要射了呜呜呜呜呜！」"
    },
    {
        "message": "在两个口中紧密贴合，享受着巅峰的快感。"
    },
    {
        "name": "マネッチア",
        "message": "「呜、嗯姆呜呜呜呜呜……！\\n啾噗、呀，团长大人……嘿嘿，嘿嘿嘿嘿……」"
    },
    {
        "message": "玛内奇亚高兴地颤抖着身体，接受着射精。\\n唾液弄脏的嘴角，吐露出迷离的言辞。"
    },
    {
        "name": "マネッチア",
        "message": "「确实、确实说了要射了……嗯呼，可爱的声音……听到了哦……」"
    },
    {
        "name": "マネッチア",
        "message": "「但是，嗯呜，阴茎真的好凶暴……\\n喷喷地射出精子来吧……\\n你想要在玛内奇亚里面这么占领吗？」"
    },
    {
        "message": "低垂的眼神在寻求答案。\\n考虑到自己射出的量，没有任何借口可说。"
    },
    {
        "name": "マネッチア",
        "message": "「嗯呜，没关系哦……但是，作为代价……」"
    },
    {
        "message": "玛内奇亚引诱我到床上。\\n看来，她还不想离开。"
    },
    {
        "name": "マネッチア",
        "message": "「阴茎，一直插着……\\n和玛内奇亚一起，聊到睡着为止吧？\\n嘿嘿嘿……肯定会很、很有趣的哦……？」"
    }
]