[
    {
        "message": "短促的敲门声后，停顿片刻，门打开了。\\n探出脸来的是一位难以形容表情的雅诺梅・艾丽卡。"
    },
    {
        "name": "ジャノメエリカ",
        "message": "「团长大人……现在，时间合适吗……」"
    },
    {
        "message": "点头示意让她进来。\\n她看上去有些焦躁不安，散发着一种想要说些什么的氛围。"
    },
    {
        "name": "ジャノメエリカ",
        "message": "「因为最近很少有机会和团长大人在一起……」"
    },
    {
        "message": "雅诺梅・艾丽卡害羞地说着。\\n这句话似乎还有后续。"
    },
    {
        "name": "ジャノメエリカ",
        "message": "「能够和团长大人再次在一起真是好久没了……能否……\\n治愈我至今为止的……\\n寂寞呢……？\\n作为回报，无论什么事情……我都会为您做到的……」"
    },
    {
        "message": "背后传来一阵寒意。\\n她那悲伤的媚眼激起了欲望。"
    },
    {
        "message": "咽下口水，凝视着一位一无所知的公主。\\n一无所知地让我为所欲为。\\n那双纯真的眼睛让我相信这一点。"
    },
    {
        "name": "ジャノメエリカ",
        "message": "「好的……无论什么事情，都可以\\n只要能治愈我的寂寞……无论什么事情，我都会为您做到」"
    },
    {
        "name": "ジャノメエリカ",
        "message": "「嗯嗯！嗯哈啊啊啊啊啊……」"
    },
    {
        "message": "两人的腰部紧密贴合。完全插入阴道内的阴茎微微跳动着。阴道湿润适度，爱液似乎从阴茎尿道渗入其中。"
    },
    {
        "name": "ジャノメエリカ",
        "message": "「呼，嗯嗯……哈，这样可以吗，团长大人？」"
    },
    {
        "message": "雅诺梅・艾丽卡不守妇道地张开双腿询问道。连接处和一切都暴露在眼前，正如我所期望的那样。"
    },
    {
        "message": "像上厕所一样的姿势。虽然是分家的血脉，但她作为冬蔷薇王室的一员，接受了我的愿望，并展示出这样的姿态。"
    },
    {
        "name": "ジャノメエリカ",
        "message": "「呼，嗯嗯唔……变大了\\n在您的体内……嗯唔，这样可以吗？我很开心」"
    },
    {
        "message": "雅诺梅・艾丽卡以微笑迎接着自然而然涌上的淫欲。"
    },
    {
        "name": "ジャノメエリカ",
        "message": "「团长大人的……可爱，呢……嗯，嗯嗯……\\n哈……颤抖着……啊，嗯……」"
    },
    {
        "message": "尽管什么都没做，阴茎已经受到刺激。阴道的肉贴在阴茎上吸附着。"
    },
    {
        "name": "ジャノメエリカ",
        "message": "「请交给我吧……嗯，动了起来？\\n哈，啊呜呜，嗯，嗯嗯……！」"
    },
    {
        "message": "张开双腿，用一种不太像贵族的姿势上下晃动着腰部。虽然不太熟练，但她勇敢地动了起来，这样的样子让我越发兴奋。"
    },
    {
        "message": "告诉她继续保持这个节奏后，她松了口气，表情放松了下来。"
    },
    {
        "name": "ジャノメエリカ",
        "message": "「嗯嗯，太好了……嗯，呼……嗯嗯，嗯嗯，嗯唔唔，\\n如果有什么愿望的话……啊，嗯嗯，请告诉我……」"
    },
    {
        "name": "ジャノメエリカ",
        "message": "「团长大人……能够到达我体内的最深处……嗯唔，哈啊……\\n能再次一起……嗯唔，我很开心……嗯嗯啊」"
    },
    {
        "message": "阴道里滴下了湿湿的爱液。她的呼吸也变得湿润而热烈，\\n似乎完全享受到了快感。"
    },
    {
        "name": "ジャノメエリカ",
        "message": "「哈啊，哈啊，嗯……嗯唔……啊，嗯唔……团长大人啊……嗯，\\n嗯嗯，腰部自动地动了起来，啊，嗯唔……」"
    },
    {
        "message": "雅诺梅・艾丽卡的刺激逐渐加剧。她一直在刺激着我，我不禁发出声音。"
    },
    {
        "name": "ジャノメエリカ",
        "message": "「嗯唔，嗯啊……声音都出来了……这是在告诉我……嗯唔，感觉很舒服吧……啊」"
    },
    {
        "message": "感觉很舒服，发出混杂喘息的呻吟声。\\n她是否因为这种可怜的声音而感到高兴，雅诺梅・艾丽卡加快了腰的速度。"
    },
    {
        "message": "咕噜咕噜，湿润的水声在房间里回荡。\\n从她小小的性器中，阴茎一次又一次地进出，\\n热量积聚在连接两人的洞中。"
    },
    {
        "message": "告诉她要更激烈一些，雅诺梅・艾丽卡露出温和的笑容。"
    },
    {
        "name": "ジャノメエリカ",
        "message": "「我明白了……嗯，那么……嗯啊，啊啊，啊呜呜，\\n顶上来……嗯啊，啊啊，唔唔唔」"
    },
    {
        "message": "阴茎尖刺激着阴道最深处。\\n龟头不断撞击子宫口，仿佛被压迫一样的感觉反复出现，\\n全身被麻痹般的快感袭击。"
    },
    {
        "name": "ジャノメエリカ",
        "message": "「嗯哈，嗯唔！团长大人，嗯呜，好像插进了我的体内……嗯唔，\\n嗯唔，哈啊呜」"
    },
    {
        "name": "ジャノメエリカ",
        "message": "「哈，哈啊……啊呜，嗯呜……啊呜，身体好像要麻痹了……\\n嗯唔，哈啊……哈啊……哈啊……哈，啊呜呜……」"
    },
    {
        "message": "雅诺梅・艾丽卡弹跳般地上下运动着，但速度逐渐减慢。"
    },
    {
        "name": "ジャノメエリカ",
        "message": "「嗯……团长大人，请原谅我……有点累了……」"
    },
    {
        "message": "告诉我不要勉强自己。\\n你已经展示了足够的羞态和兴奋。"
    },
    {
        "message": "所以，从这里开始是我的回合。\\n就在我准备这么说的瞬间，Janome Erica摇了摇头。\\n她有什么想法，眼神传达出来了。"
    },
    {
        "name": "ジャノメエリカ",
        "message": "「团长大人，嗯嗯……上次您对我……嗯嗯，非常好地照顾了我……\\n啊，嗯嗯，今天……该由我来……啊啊」"
    },
    {
        "message": "然后Janome Erica停止了上下运动，保持紧贴的姿势。\\n她把手放在我的腰旁，用腰部画圆圈的方式开始扭动。"
    },
    {
        "name": "ジャノメエリカ",
        "message": "「嗯嗯嗯……怎、怎么样呢……哈啊，嗯嗯……啊啊……\\n嗯嗯啊啊，在里面，团长大人的……在乱动着……嗯」"
    },
    {
        "message": "刺激变化使快感增强。\\n肉壁扭动着改变形状，包裹住阴茎。"
    },
    {
        "name": "ジャノメエリカ",
        "message": "「嗯嗯，舒服吗……？嗯嗯，啊啊……哈啊，\\n不能太激烈……嗯……只要您感到舒服就好……」"
    },
    {
        "name": "ジャノメエリカ",
        "message": "「哈啊，嗯啊，哈啊……嗯嗯，哈啊\\n我、我也会溢出水来的……嗯呜，哈啊啊……」"
    },
    {
        "message": "湿润的阴道充满了爱液和忍耐汁液，像是一片水洼一样温暖。\\n肉壁黏黏地缠绕着阴茎，紧紧地压迫着。"
    },
    {
        "name": "ジャノメエリカ",
        "message": "「啊……嗯嗯，啊，嗯呜……团长大人，嗯嗯，非常抱歉……\\n果然……嗯嗯，我无法忍耐……！」"
    },
    {
        "message": "然后Janome Erica再次剧烈地上下摆动腰部。\\n阴道内的水以迸溅的势头喷涌而出。"
    },
    {
        "message": "无法忍受的射精感从体内涌上来，声音从体底被挤压出来。"
    },
    {
        "name": "ジャノメエリカ",
        "message": "「嗯哈啊啊，嗯呜……团长大人，嗯呜，我……正在膨胀着，\\n嗯嗯呜，我的身体在颤抖着……嗯啊啊，啊呜！」"
    },
    {
        "name": "ジャノメエリカ",
        "message": "「嗯哈，哈呜，嗯呜！团长大人，嗯呜，团长大人……！\\n嗯呜，嗯啊……已经无法再施加力量了，来了呜啊，哈啊」"
    },
    {
        "message": "总之Janome Erica一直不停地摆动着腰部。\\n她那与众不同的姿势和混乱程度，激起了兴奋。"
    },
    {
        "message": "然后积攒的射精感\\n仿佛被她的肉壁挤压出来，一下子达到了高潮。"
    },
    {
        "name": "ジャノメエリカ",
        "message": "「啊，团长大人，嗯呜，嗯嗯啊啊，我，又一次……嗯嗯呜，像上次那样，\\n嗯嗯啊啊，好羞耻啊，啊呜呜！」"
    },
    {
        "name": "ジャノメエリカ",
        "message": "「嗯嗯嗯！嗯～～～～～～呜！！」"
    },
    {
        "message": "达到巅峰的Janome Erica身体猛地弯曲。\\n同时，大量的精液喷射进了收缩的阴道内。"
    },
    {
        "message": "尽管仰卧着，\\n射精的力量却能够到达阴道最深处。"
    },
    {
        "name": "ジャノメエリカ",
        "message": "「哈啊，嗯，嗯嗯……好热……嗯，团长大人……嗯，\\n里面，有很多……正在流出来……」"
    },
    {
        "name": "ジャノメエリカ",
        "message": "「哈啊……哈啊……与团长大人融为一体的证据……\\n又一次出现在这里……嗯，哈啊……哈啊……哈啊……」"
    },
    {
        "message": "彼此感受到了巅峰的余韵。\\n热烈的呼吸在两人之间交织不断。"
    },
    {
        "message": "射精结束后，心情上感到满足。\\n考虑到Janome Erica也经历了强烈的高潮，\\n应该已经足够了吧。"
    },
    {
        "name": "ジャノメエリカ",
        "message": "「团，团长大人……我还没有，还没有完全感受到团长大人……\\n仅凭这些，无法消解我对长时间未见的寂寞感」"
    },
    {
        "message": "高潮后，再次抬起紧贴在一起的腰部。\\n精液滴落下来，但她似乎并不在意。"
    },
    {
        "name": "ジャノメエリカ",
        "message": "「团长大人……您看起来还非常坚硬、有精神……\\n可以继续吗……？」"
    },
    {
        "message": "被展现出天使般的微笑，我无法拒绝。"
    }
]