[
    {
        "name": "ルクリア",
        "message": "「团长，对不起……\\n谢谢你在这样的夜晚抽出时间来见我\\n有件事想要告诉你」"
    },
    {
        "message": "因为白天和露克莉亚有约，\\n所以我邀请她进了房间。"
    },
    {
        "message": "我问她是什么事，她突然抱住了我。"
    },
    {
        "name": "ルクリア",
        "message": "「我一直都在努力不辜负周围的期望……\\n但是，只有和团长两个人在一起的时候，我才能做回自然的自己\\n当我想知道为什么的时候，我明白了」"
    },
    {
        "name": "ルクリア",
        "message": "「你把我当作一个女孩子看待……\\n我喜欢这样的团长\\n所以……我也想知道团长的心意……」"
    },
    {
        "message": "听完露克莉亚的告白，我回答说也喜欢她，\\n紧紧地拥抱着她。"
    },
    {
        "name": "ルクリア",
        "message": "「太开心了……我想……和团长在一起……\\n可以吗……？」"
    },
    {
        "message": "我满足她可爱的请求，回答了两个字，然后让她躺在床上。\\n脱掉衣服，将勃起的阴茎插入阴道中。"
    },
    {
        "name": "ルクリア",
        "message": "「啊、嗯、嗯、啊、啊……！\\n团长、先生……这样就好了吗……？\\n做得好吗……啊、太开心了」"
    },
    {
        "name": "ルクリア",
        "message": "「我和团长做到了……太好了……呼啊……唔，但是有点疼……」"
    },
    {
        "message": "为了让露克莉亚安心，我轻轻地拥抱着她。从她的衣服间传来的心跳声，让我感到宝贵。"
    },
    {
        "name": "ルクリア",
        "message": "「那是因为被喜欢的人拥抱着嘛\\n当然会心跳加速……」"
    },
    {
        "name": "ルクリア",
        "message": "「呜呜……团长，你在看着我的反应觉得好玩吗？\\n我都要脸红到发烫了……」"
    },
    {
        "message": "不知为何，因为露克莉亚太可爱了，\\n我告诉她有时候会想捉弄她，\\n结果她扭过了头。"
    },
    {
        "message": "觉得自己做得过分了，我道歉并提议说如果真的不喜欢就停下来，\\n她带着食欲回答我。"
    },
    {
        "name": "ルクリア",
        "message": "「那样不行……别停下来\\n虽然你担心我的身体我很感激，\\n但是团长的舒服也很重要……」"
    },
    {
        "name": "ルクリア",
        "message": "「团长……因为我能让你兴奋\\n所以我不想辜负你的期待……」"
    },
    {
        "message": "露克莉亚的目光转向了阴茎。\\n知道她不能辜负他人的期望，她是个为他人着想的人，\\n我的内心变得热烈起来。"
    },
    {
        "name": "ルクリア",
        "message": "「所以……团长，我希望你随意一点\\n请好好享受我的身体……」"
    },
    {
        "name": "ルクリア",
        "message": "「而且，也许是因为说话而放松了，\\n疼痛感稍微减轻了一些……」"
    },
    {
        "message": "正如露克莉亚所说，阴道内的紧窄感减轻了，\\n似乎可以尝试活动了。"
    },
    {
        "message": "不能再浪费露克莉亚的心意了。\\n如果有疼痛的话，请立刻告诉我，\\n我开始缓慢地动起腰来。"
    },
    {
        "name": "ルクリア",
        "message": "「嗯……哈啊……啊，嗯嗯……！」"
    },
    {
        "name": "ルクリア",
        "message": "「团长的东西，在我体内进进出出的……！\\n嗯嗯呜，哈啊，啊……咕、嗯！」"
    },
    {
        "message": "虽然露克莉亚的声音还有些僵硬，但为了尽量不让她痛，\\n我继续缓慢而温柔地抽送着。"
    },
    {
        "name": "ルクリア",
        "message": "「哈啊……啊，哈啊哈啊……嗯咕、嗯嗯……\\n团长，感觉好吗？\\n请好好享受我的身体，感受快乐……？」"
    },
    {
        "name": "ルクリア",
        "message": "「虽然是第一次，但为了让团长感到快乐……\\n请更加放纵自己，没关系的……！」"
    },
    {
        "message": "虽然露克莉亚让我随意动，但她会受不了疼痛。"
    },
    {
        "message": "为了提高露克莉亚的感受度，我一边晃动腰部，一边触摸她修长的腿，轻轻抚摸着。"
    },
    {
        "name": "ルクリア",
        "message": "「诶，团长，为什么摸我的腿……咿呀！好、好痒……嗯嗯！哈啊、啊呜、嗯嗯！」"
    },
    {
        "name": "ルクリア",
        "message": "「大腿不要这样摸来摸去的……！明明不、不用这样……嗯、也可以……！」"
    },
    {
        "message": "由于露克莉亚的反应明显变好，我重点爱抚她的大腿。"
    },
    {
        "message": "只是在均匀美丽的大腿上轻抚一下，露克莉亚就全身颤抖着发出甜美的呼吸声。"
    },
    {
        "name": "ルクリア",
        "message": "「所、所以说，那、那个……啊啊啊……！用、用手指轻轻地抚摸，嗯嗯！」"
    },
    {
        "name": "ルクリア",
        "message": "「为、为什么会发出这种声音……啊！就、就这样了……！」"
    },
    {
        "message": "平时凛然的露克莉亚，在我的指尖下可爱地喘息着。"
    },
    {
        "message": "在兴奋于这个事实的同时，我继续从大腿抚摸到小腿。"
    },
    {
        "name": "ルクリア",
        "message": "「唔唔，所、所以说……！现在、脚、没、关系……咿呀！已、已经够了，团长，不要碰那种地方……！」"
    },
    {
        "name": "ルクリア",
        "message": "「唔唔……平时只是感受到视线的地方，现在被抚摸着，感觉有点奇怪……」"
    },
    {
        "message": "与露克莉亚虚弱的声音相呼应，阴道逐渐放松。"
    },
    {
        "message": "我觉得这样的话即使加快动作也没关系，为了让阴茎能够深入到更深处，我加快了抽插速度。"
    },
    {
        "name": "ルクリア",
        "message": "「嗯呼！啊啊啊，嗯啊啊……！团、团长，比刚才更深了……！」"
    },
    {
        "name": "ルクリア",
        "message": "「那、那个……为、为什么……比刚才还不痛了……嗯嗯嗯！」"
    },
    {
        "message": "确认到露克莉亚的反应有所改变，我加快了腰的动作。"
    },
    {
        "name": "ルクリア",
        "message": "「团、团长……我、我第一次有这种感觉……身体变得热热的，感觉像是漂浮在空中一样……！」"
    },
    {
        "name": "ルクリア",
        "message": "「不、不行……声音，忍不住了……！\\n哈、嗯、嗯啊、啊啊啊……！」"
    },
    {
        "message": "小雏菊脸上浮现出羞涩和困惑的表情，发出越来越觉醒的快感声音。"
    },
    {
        "message": "能让她感受到这样的快感，内心涌起一股热情。但与此同时，可能是因为紧窄的阴道，已经没有余裕了。"
    },
    {
        "name": "ルクリア",
        "message": "「团长先生也，请发出声音……也、也许已经感到舒服了，差不多要……射出来了吧……？」"
    },
    {
        "name": "ルクリア",
        "message": "「啊啊……太高兴了……你能在我身上感到舒服……啊啊，不、不行……好像变得更奇怪了……！」"
    },
    {
        "name": "ルクリア",
        "message": "「团长先生感到舒服时，我也很开心，只要想到这件事……啊、啊啊……！」"
    },
    {
        "message": "小雏菊的身体开始微微颤抖，阴道也随之收缩。阴茎受到压迫，刺激更加强烈，射精感增加。"
    },
    {
        "name": "ルクリア",
        "message": "「哈、呀、啊、嗯、哈、嗯啊啊……！身体，好热……仿佛要融化一样……！而且，脑海也变得一片空白……」"
    },
    {
        "name": "ルクリア",
        "message": "「团长先生……我已经不知所措了……！我、我该怎么办呢……！」"
    },
    {
        "message": "当我告诉她我也快到极限时，露克莉娅开心地微笑着。"
    },
    {
        "name": "ルクリア",
        "message": "「就这样，射进来……！在里面没问题的……！」"
    },
    {
        "name": "ルクリア",
        "message": "「团长，请，请……！射进来，呼啊啊啊啊！」"
    },
    {
        "message": "听到露克莉娅的娇声，我忍耐的极限到了。再加上更剧烈的动作，感受到了极限。"
    },
    {
        "message": "阴茎膨胀，欲望一下子爆发出来，当把阴茎插入阴道深处时，眼前一片白色。"
    },
    {
        "name": "ルクリア",
        "message": "「啊，插进去了，不、不行……！我、我感觉到了什么东西进来了……」"
    },
    {
        "name": "ルクリア",
        "message": "「要来了！唔啊啊啊啊啊啊啊！」"
    },
    {
        "name": "ルクリア",
        "message": "「啊，啊啊啊……好热……身体里好像被烧伤一样……嗯嗯嗯！」"
    },
    {
        "message": "射精进入阴道，露克莉娅全身僵硬，迎来了高潮。"
    },
    {
        "message": "感受到让卢克莉娅高潮的喜悦在全身蔓延，精液从阴茎尖端流出。"
    },
    {
        "name": "ルクリア",
        "message": "「啊，啊啊……哈呜呜……进来了，变得好敏感了……嗯嗯嗯！」"
    },
    {
        "name": "ルクリア",
        "message": "「团长，救、救命……啊，啊啊啊……」"
    },
    {
        "message": "终于射精结束，喘息着。卢克莉娅虽然疲惫不堪，但脸上浮现出满足的笑容。"
    },
    {
        "name": "ルクリア",
        "message": "「啊、啊哈哈……我、我居然在这么羞耻的姿势下发出那样淫荡的声音……」"
    },
    {
        "name": "ルクリア",
        "message": "「但是……很开心……能与喜欢的人合为一体……」"
    },
    {
        "message": "我也很高兴能回应卢克莉娅的心意。听到她的回答，她满足地微笑着，慢慢闭上了眼睛。"
    },
    {
        "name": "ルクリア",
        "message": "「那么……或许……会很幸福吧……」"
    },
    {
        "name": "ルクリア",
        "message": "「但是，还想再多待一会儿……在团长身边……」"
    },
    {
        "message": "我告诉她我们将会一直在一起，然后倒在床上。\\n保持着舒适的感觉，握着卢克莉娅的手，\\n我们一起入睡了。"
    }
]