[
    {
        "name": "オキザリス",
        "message": "「一直一直，因为你总是好好地看着我，\\n所以……所以我想要成为队长的……」"
    },
    {
        "message": "说着这话，仙女座自己解开了衣服。\\n她的脸因为羞耻而染上了红晕。"
    },
    {
        "name": "オキザリス",
        "message": "「请让我……请让我为队长服务\\n请让我让队长感到舒服」"
    },
    {
        "message": "她湿润的眼眸清晰地盯着这边。\\n看到了仙女座的决心，\\n我无法拒绝她的请求。"
    },
    {
        "name": "オキザリス",
        "message": "「啊……嗯嗯嗯嗯……！」"
    },
    {
        "message": "仙女座背对着这边，主动露出了屁股。\\n她暴露出了身体的中心，自己最脆弱的地方。\\n光是看到这一幕，我的阴茎就已经硬得发疼。"
    },
    {
        "name": "オキザリス",
        "message": "「嗯嗯，啊啊……队、队长的阴茎，\\n嗯嗯，好大……啊啊！」"
    },
    {
        "message": "仙女座把湿润的小凹陷处对准了阴茎的顶端，\\n并沉下腰将阴茎吞入体内。"
    },
    {
        "name": "オキザリス",
        "message": "「咕噜……嗯嗯嗯……进、进去了……！\\n哈……哈……嗯，队长，已经进去了哦」"
    },
    {
        "message": "尽管有些微弱的抵抗，阳具还是顺势滑入了仙女座的阴道。\\n感受到这股触感，仙女座发出了一声热烈的呼吸。"
    },
    {
        "name": "オキザリス",
        "message": "「啊……嗯嗯嗯……这、这样动的话，\\n嗯嗯，可以吗？\\n……啊呜……仙女座……会加油的……所以……」"
    },
    {
        "message": "仙女座微微地扭动着腰部。\\n然而，阳具在阴道内摩擦的感觉，\\n似乎仙女座还不太适应。"
    },
    {
        "message": "她的动作像个初次经历的少女一样，有些生涩。"
    },
    {
        "name": "オキザリス",
        "message": "「嗯，嗯……啊呜……\\n啊，啊哦？ 嗯，对、对不起……要、要好好地……\\n嗯嗯，要好好地……才行呢……啊啊」"
    },
    {
        "name": "オキザリス",
        "message": "「对、对不起，队、队长……\\n我，要好好地……要好好地才行……\\n队、队长会……离开我呢……呜呜呜」"
    },
    {
        "message": "仙女座边拼命地扭动着腰部，边低声嘟囔着。\\n她非常不喜欢自己落后，被抛下的感觉。"
    },
    {
        "message": "即使在这种行为中，她也在担心着。\\n为了安抚不安的仙女座，我轻抚着她面前那双白皙圆润的臀部。"
    },
    {
        "name": "オキザリス",
        "message": "「咿呀！？ 团、团长先生？\\n……嗯嗯，被、被摸到屁股的话，\\n嗯嗯……就、就动不好了哦……」"
    },
    {
        "message": "就算这样也没关系。\\n现在，我只是很高兴得到了Oxalis的奉献之情。\\n而且，我绝对不会抛下Oxalis。"
    },
    {
        "name": "オキザリス",
        "message": "「真、真的吗？呜呜……团长大人……\\n不、不可以说那种话啦」"
    },
    {
        "name": "オキザリス",
        "message": "「被你这样说……Oxalis……呜呜，\\n太开心了……嗯嗯嗯！」"
    },
    {
        "message": "我感觉到了Oxalis原本紧张的阴道内，\\n一股爱液渗出来。\\n阴道口也多次抽搐着。"
    },
    {
        "name": "オキザリス",
        "message": "「啊呜呜……团长大人……我爱您……\\n我的这份感情，能传达到您吗？」"
    },
    {
        "message": "我点头回答了Oxalis的问题。\\n然后，忍耐不住，慢慢地开始在这边\\n动起了腰部。"
    },
    {
        "name": "オキザリス",
        "message": "「啊啊，呜呜……哈啊嗯，不、团长大人！？\\n不、不可以啦……今天是我要……啊啊，\\n我要……嗯嗯，为团长大人，奉献……嗯」"
    },
    {
        "name": "オキザリス",
        "message": "「哈呜，嗯嗯嗯……！啊啊，这、这样的话，\\n呜呜嗯，我、我动不了了……啊啊！！」"
    },
    {
        "message": "在已经完全变得柔软的阴道内，摩擦着坚硬的阴茎。\\n感受到这股摩擦的快感，Oxalis发出了甜美的声音。"
    },
    {
        "name": "オキザリス",
        "message": "「嗯嗯，团长大人，啊啊！嗯嗯嗯！\\n这、这样的话，我就无法……啊呜，\\n让、让团长大人高兴了……呼嗯嗯，嗯那啊啊！」"
    },
    {
        "message": "Oxalis这么说，但并不是那样的。\\n我已经足够地高兴了。\\n无法忍耐的感觉就是证明。"
    },
    {
        "name": "オキザリス",
        "message": "「嗯呜，哈呜呜……真、真的吗？\\n团长大人，您高兴吗？啊啊呜……！」"
    },
    {
        "message": "为了让这份高兴传达到Oxalis，我开始用力地动起腰部。\\n每次阴茎的顶端撞击到阴道深处时，阴道会紧紧收缩。"
    },
    {
        "name": "オキザリス",
        "message": "「哈啊，啊啊！嗯嗯嗯！团、团长大人！\\n嗯嗯，阿、阿鲁……啊呜！我的、我的阴道……啊呜！」"
    },
    {
        "name": "オキザリス",
        "message": "「那、那么多……啊啊！不要再突进了！\\n我的身体……啊呜，刺痛，麻痹了……！\\n嗯嗯呜啊啊啊！」"
    },
    {
        "message": "看起来Oxalis对被深入阴道的刺激比较敏感。\\n虽然嘴上说着停下来，但身体并没有这样说。"
    },
    {
        "message": "每次龟头撞击，Oxalis的阴道更加紧紧地，\\n强烈地收缩着寻求更多的快感。"
    },
    {
        "name": "オキザリス",
        "message": "「呜呜呜，哈呜呜……！\\n团长大人，您、您高兴吗……呜呜……！\\n阴道深处……啊啊啊，只有……！」"
    },
    {
        "name": "オキザリス",
        "message": "「但、但是……啊呜，团长先生，如果您能高兴的话……啊啊呜呜，\\n好、好的……所以，所以……！」"
    },
    {
        "name": "オキザリス",
        "message": "「请、请再多一点……！啊呜！\\nOxalis的小穴……啊呜呜，要更多、更多……\\n啊呜，尽情地享受吧……！」"
    },
    {
        "message": "初次感受到这样的快感，她的小身体颤抖着。\\nOxalis感受到了奉献自己的喜悦。"
    },
    {
        "message": "这份喜悦转化为我的喜悦，\\n甚至超越了快感。\\n不知不觉间，我的腰动得更加强烈、粗暴。"
    },
    {
        "name": "オキザリス",
        "message": "「哈啊！啊呜呜！啊呜呜！\\n啊呜，太、太厉害了……啊呜！小穴……嗯嗯！\\n会、会坏掉的……啊呜！我的身体……会坏掉的！」"
    },
    {
        "message": "Oxalis的阴道不断收缩着。\\n她的身体，即使如此，仍在渴望着我。"
    },
    {
        "name": "オキザリス",
        "message": "「想要更多……更多……！团长先生……！\\n嗯嗯，想要更多的关心……嗯嗯，更多的爱……！」"
    },
    {
        "name": "オキザリス",
        "message": "「只、只有团长先生一个人……啊呜呜！\\n我的身体……全部全部都献给团长先生了……！」"
    },
    {
        "name": "オキザリス",
        "message": "「啊呜呜！嗯嗯！啊呜呜呜……！\\n超、超级的……团长先生的全部……啊呜！\\n请、请给我吧……！！」"
    },
    {
        "message": "奥利西斯的阴道收缩得更加强烈。\\n在那令人陶醉的动作中，仿佛要榨取一切，射精感瞬间达到了高潮。"
    },
    {
        "name": "オキザリス",
        "message": "「啊呜呜，一、一起……啊啊！\\n别、别离开我……嗯嗯，\\n不、不行了……啊呜，啊啊啊啊啊啊！！！！」"
    },
    {
        "name": "オキザリス",
        "message": "「哈呜，啊啊啊啊啊……！！！！！」"
    },
    {
        "message": "在奥利西斯的阴道深处，热烈的精液一下子喷射而出。\\n奥利西斯的阴道温柔地包裹着一次次跳动的阴茎。"
    },
    {
        "name": "オキザリス",
        "message": "「啊啊……深入花蜜洞的内部，嗯嗯，\\n好、好热……哈呜呜……！」"
    },
    {
        "message": "感受到从阴道深处传来的炙热精液，奥利西斯露出陶醉的表情，发出一口叹息。"
    },
    {
        "name": "オキザリス",
        "message": "「嗯、好开心……团长先生的全部，\\n都在我体内……啊啊啊……好舒服……」"
    },
    {
        "message": "沉浸在阴道射精的快感和喜悦中，奥利西斯的身体颤抖着。\\n为了品尝最后一滴精液，阴道紧紧地包裹住阴茎。"
    },
    {
        "message": "射精结束后，彼此的身体都变得无力。\\n覆盖在奥利西斯身上。"
    },
    {
        "message": "她的身体娇小而纤细，\\n触摸起来仿佛会断裂一样脆弱，\\n但比床还要柔软。"
    },
    {
        "name": "オキザリス",
        "message": "「嗯嗯……团长先生……团长，先生……！」"
    },
    {
        "message": "酢漆葵靠近我这边，\\n她撒娇的样子让人感到可爱。"
    },
    {
        "name": "オキザリス",
        "message": "「从现在开始一直、一直……\\n请爱着酢漆葵……不要让我一个人……」"
    },
    {
        "message": "我点头回应着酢漆葵可爱的恳求，\\n紧紧地拥抱着她那娇小的身体，\\n决不放手。"
    }
]