[
    {
        "name": "ブルーエルフィン",
        "message": "「团长～！嗯，怎么了，今天也不太开心吗？」"
    },
    {
        "message": "一向开朗的蓝妖精，担心地看着我。"
    },
    {
        "name": "ブルーエルフィン",
        "message": "「但是没关系！我会给你带来满满的能量！根据刚才的预测，团长会比平时更加有活力！」"
    },
    {
        "message": "她说完后，像往常一样开始脱衣服。自从那次之后，每当她看到我情绪低落时，就会以这种方式来安慰我。然而，看着她这样做，今天比往常更加兴奋起来了……"
    },
    {
        "name": "ブルーエルフィン",
        "message": "「呼啊……这样的打扮有点……」"
    },
    {
        "message": "我从背后抱起她，双腿张开，然后将龟头插入她湿润的阴道中。"
    },
    {
        "name": "ブルーエルフィン",
        "message": "「呜呜……这样张开下体，好害羞……」"
    },
    {
        "message": "蓝妖精有些紧张，比平时更加紧张。这种情况让我感到新鲜，我的阴茎变得更加坚挺。"
    },
    {
        "name": "ブルーエルフィン",
        "message": "「呼啊……团长的小弟弟，变得更加有活力了……」"
    },
    {
        "message": "狭窄的蓝精灵阴道越来越紧，紧紧地收缩着。"
    },
    {
        "name": "ブルーエルフィン",
        "message": "「虽然有点害羞…但是，如果队长能因此而感到开心，那就好！」"
    },
    {
        "message": "蓝精灵一边害羞地脸红，一边微笑着。"
    },
    {
        "name": "ブルーエルフィン",
        "message": "「嘻嘻……如果队长能感到开心，这点小事没关系的！加油，加油，队・长・加・油！」"
    },
    {
        "message": "在不习惯的害羞姿势下，蓝精灵有些僵硬地开始摆动腰部。"
    },
    {
        "name": "ブルーエルフィン",
        "message": "「啊……呼啊……虽然害羞，但是感觉也挺舒服的…嘻嘻」"
    },
    {
        "message": "松开握住她脚的双手，用另一只手包裹住她的乳房。"
    },
    {
        "name": "ブルーエルフィン",
        "message": "「呀啊……队长的手，冰凉而舒服…」"
    },
    {
        "message": "慢慢地揉捏着蓝精灵柔软而有弹性的乳房。"
    },
    {
        "name": "ブルーエルフィン",
        "message": "「啊……嗯，呼啊，呀啊……\n呼啊啊……啊，啊，哈啊啊……」"
    },
    {
        "message": "受到对乳房的爱抚，蓝精灵沉浸在快感中。"
    },
    {
        "name": "ブルーエルフィン",
        "message": "「嘻嘻……队长，你又恢复精神了呢……♪」"
    },
    {
        "message": "在愉悦感的作用下，蓝精灵的阴道更加湿润紧缩，\n阳具也更加有活力。"
    },
    {
        "name": "ブルーエルフィン",
        "message": "「啊，啊，啊……呼啊啊……\n队长，你喜欢我的胸部呢……没关系，更加有活力吧……」"
    },
    {
        "message": "捏住挺立的蓝精灵乳头，\n轻轻地摩挲着。"
    },
    {
        "name": "ブルーエルフィン",
        "message": "「呀啊啊……！\n啊，啊，哈啊啊……！！\n队长摩挲我的乳头时，我会变得更加有活力呢……」"
    },
    {
        "message": "在她可爱的反应下，阳具变得更加有活力，\n对乳房和乳头的刺激也变得更加激烈。"
    },
    {
        "name": "ブルーエルフィン",
        "message": "「哈啊啊啊啊啊……！\n嘻嘻……队长，你恢复精神了呢……呀啊啊啊！！」"
    },
    {
        "message": "一边享受她的反应，一边揉捏着可爱的乳房，捏住乳头并轻轻拉扯。"
    },
    {
        "name": "ブルーエルフィン",
        "message": "「呀啊啊啊啊啊……！\n呜呜……队长，今天变得更有精神了……呀啊啊！\n嘻嘻，好开心……呀啊啊啊啊啊……！」"
    },
    {
        "message": "听着蓝精灵可爱的声音，我越发想要更加宠爱她。\n再次抓住她的双腿，大幅度地张开她的双腿。"
    },
    {
        "name": "ブルーエルフィン",
        "message": "「呀啊啊！\n……又被打开了下体……\n但是，感觉好舒服哦……真奇怪……」"
    },
    {
        "message": "微微泛红的她小巧的身体微微颤抖着。\n再次强烈地插入她湿润的阴道。"
    },
    {
        "name": "ブルーエルフィン",
        "message": "「呜啊啊啊啊啊……！\n呀，啊，哈啊啊……呀啊啊！\n队长，好有精神……呀啊啊啊啊啊……！」"
    },
    {
        "message": "从下方插入，她的体重压在上面，龟头更深入她的阴道。\n每一次都伴随着大声的喘息声，蓝精灵都在痛苦中挣扎。"
    },
    {
        "name": "ブルーエルフィン",
        "message": "「呜，呜，呀啊啊啊……！\n这个姿势，虽然很害羞，\n但比平时更加舒服……！！」"
    },
    {
        "message": "蓝精灵在快感中身体颤抖着。\n她可爱的反应让我变得更加有活力。"
    },
    {
        "name": "ブルーエルフィン",
        "message": "「呀啊啊啊！\n啊，啊，啊啊……！\n呼，呼啊，呼啊啊啊啊！」"
    },
    {
        "message": "随着腰的动作愈发剧烈，\n蓝精灵的反应也比平时更加激烈。\n我被她的样子激动起来，腰的动作变得更加剧烈。"
    },
    {
        "name": "ブルーエルフィン",
        "message": "「啊，啊啊啊……！\n队长，呼啊，太有精神了……！\n我，我也要更加努力……呀啊啊啊！」"
    },
    {
        "message": "通过她的剧烈反应，可以感受到她越来越享受快感的囚徒。\n她似乎越陷越深。"
    },
    {
        "name": "ブルーエルフィン",
        "message": "「呀哈哈哈哈哈……！\n团长，更加剧烈一点没关系……\n更深入地插入我的小穴……！」"
    },
    {
        "message": "每当蓝精灵的身体摇晃时，\n柔软的乳房和勃起的乳头会颤动着弹跳。"
    },
    {
        "name": "ブルーエルフィン",
        "message": "「哇啊啊……太棒了，好舒服……！\n团长的小弟弟越来越有精神了……\n我也感觉非常舒服……！」"
    },
    {
        "message": "因为感受到比以往更加剧烈的快感，\n蓝精灵的阴道也更加狂热地收缩着，紧紧地包裹住阴茎。\n我渐渐有了一种想要在她体内尽情释放的冲动。"
    },
    {
        "name": "ブルーエルフィン",
        "message": "「啊，啊啊啊……！\n嗯，没问题，射进来，尽情射进来……\n把我的小穴填满精液，让你变得更有精神……！」"
    },
    {
        "message": "从剧烈的进出部位中，不断滴落着爱液。\n感觉太好了，腰的动作变得更加剧烈。"
    },
    {
        "name": "ブルーエルフィン",
        "message": "「啊啊啊啊啊啊，啊啊啊啊啊……！！\n啊啊啊，阴茎再多一点……\n团长，再多一点，再多一点！！」"
    },
    {
        "message": "每次猛烈地撞击到阴道深处，\n蓝精灵都会剧烈地颤抖。"
    },
    {
        "name": "ブルーエルフィン",
        "message": "「啊呀呀呀呀呀呀呀呀呀……！！\n呀呀，脑袋里面，好刺刺的感觉……！\n团长的阴茎好厉害……\n非常非常厉害……！！」"
    },
    {
        "message": "蓝精灵以前从未有过的反应而乱了起来。\n更加大胆、激烈地抽插着腰部。"
    },
    {
        "name": "ブルーエルフィン",
        "message": "「再多一点！\n用阴茎再多一点地抽插我的阴道！！」"
    },
    {
        "message": "用滑腻的阴茎蹂躏着紧紧的阴道，\n直到极限为止。"
    },
    {
        "name": "ブルーエルフィン",
        "message": "「啊，啊啊啊……！！\n啊啊啊啊啊啊啊啊啊啊！！\n不行了，要到了，要到了！！」"
    },
    {
        "message": "在射精感越来越强烈的同时，\n竭尽最后的力气，猛烈地抽插着腰部。"
    },
    {
        "name": "ブルーエルフィン",
        "message": "「啊啊啊啊啊啊……\n啊，嗯啊啊啊啊……」"
    },
    {
        "name": "ブルーエルフィン",
        "message": "「呼啊啊啊啊啊啊……！！」"
    },
    {
        "message": "随着最后一次冲刺，大量的浑浊液体一下子喷洒而出。"
    },
    {
        "name": "ブルーエルフィン",
        "message": "「嗯呀呀，嗯呀，嗯呀呀呀呀……\n好厉害，好多，好多都出来了……」"
    },
    {
        "message": "蓝精灵陶醉在快感中，脸上露出陶醉的表情。\n狭窄的阴道在颤动，浑浊的液体从连接处滴落下来。"
    },
    {
        "name": "ブルーエルフィン",
        "message": "「呼，呼呼呼……」"
    },
    {
        "message": "射精充分后，收回腰部将阴茎抽出。\n噗地一声，浑浊的液体从阴道中溢出。"
    },
    {
        "name": "ブルーエルフィン",
        "message": "「呼，呼呼呼……\n团长……精液，好多啊……♪」"
    },
    {
        "message": "俯视着这一幕，蓝精灵露出开心的微笑。"
    },
    {
        "name": "ブルーエルフィン",
        "message": "「嘿，团长……♪」"
    },
    {
        "message": "蓝精灵满脸通红，带着灿烂笑容低声说道。"
    },
    {
        "name": "ブルーエルフィン",
        "message": "「今天真的，真的好舒服啊……♪\n明明我本来是想给团长打气的，\n结果反而从团长那里得到了这么多的活力……\n咦……难道今天的预知出错了吗……？」"
    },
    {
        "message": "不会的，蓝精灵温柔地抚摸着她的头。"
    },
    {
        "name": "ブルーエルフィン",
        "message": "「嘻嘻……\n太好了，团长也变得充满活力了呢……！\n这样一来，预知果然是准的呢！嘻嘻！」"
    }
]