[
    {
        "name": "クラリンドウ",
        "message": "「团长！今天就拜托你了！跟我一起洗澡吧！嘛！嘛！嘛！？」"
    },
    {
        "message": "克拉琳多满怀势头地闯进房间，说出可疑的话语。听到她的登场和台词，我不禁捂住了头。"
    },
    {
        "name": "クラリンドウ",
        "message": "「不好吗～！一起洗澡……肯定很有趣的哦！」"
    },
    {
        "name": "クラリンドウ",
        "message": "「不仅仅是身体的污垢，还有疲劳和心理负担！平时积累的种种问题都可以在浴室里解决！大部分事情都可以通过洗澡来解决的哦！」"
    },
    {
        "message": "克拉琳多眼中闪烁着坚定的光芒说道。实际上，不仅仅是今天，最近几天几乎每天都有这样的洗澡邀请。这句台词我已经听过多少次了，已经记不清了。"
    },
    {
        "name": "クラリンドウ",
        "message": "「呜呜呜……为什么你这么犹豫呢？洗澡绝对很舒服的啊……」"
    },
    {
        "message": "并不是讨厌洗澡。问题在于和克拉琳多一起洗澡这一点。在裸体相处中，我没有把握不对她动手。她就是那么有魅力。"
    },
    {
        "name": "クラリンドウ",
        "message": "「……我没关系的哦？而且……就算那样也没关系吧！团长！一起洗澡吧！请把它当作命运吧！」"
    },
    {
        "message": "被如此直接地邀请，已经无法逃避了。就下定决心，将积压已久的问题在浴室里洗刷掉吧。"
    },
    {
        "name": "クラリンドウ",
        "message": "「是时候了！团长和我一起洗澡，洗澡～♪好期待啊！」"
    },
    {
        "name": "クラリンドウ",
        "message": "「嗯……好了……全身都变得干净了♪变得干净真是太好了！」"
    },
    {
        "message": "克拉琳多的柔软肌肤在我身上轻轻擦过。她这个爱干净的女孩，认真地给我洗身体。仅仅这样就让我全身感到舒适。"
    },
    {
        "message": "平日的疲劳一下子被冲刷走了。在这舒适的感觉下，我不禁发出一声叹息，闭上了眼睛。"
    },
    {
        "name": "クラリンドウ",
        "message": "「团长看起来很舒服呢……♪但是……真正舒服的地方在这里哦？」"
    },
    {
        "message": "只有一个地方，她还没有洗过。那个地方一直在颤抖着，充满了欲望的地方。克拉琳多用柔软的指尖触摸着我的勃起，温柔地微笑着。"
    },
    {
        "name": "クラリンドウ",
        "message": "「团长的小弟弟，我会好好地洗干净的！呵呵呵……用手可能会弄伤，所以……就在这里……嗯嗯……嗯啊啊……！！」"
    },
    {
        "message": "说着，克拉琳多抬起臀部，将勃起的顶端对准阴道口。从入口处流淌出黏稠的体液，湿润了阴茎表面。她那个地方似乎已经湿透了。"
    },
    {
        "message": "然后慢慢地下腰，阴茎侵入了阴道内。克拉琳多湿润的阴道温暖而柔软，温柔地包裹着我的阴茎。"
    },
    {
        "name": "クラリンドウ",
        "message": "「啊……啊……！团长的进来了……！\n好大，好抖动……！」"
    },
    {
        "name": "クラリンドウ",
        "message": "「哈哈……嗯，非常壮观呢，团长……！\n在我的肚子里蔓延开来……嗯嗯！！」"
    },
    {
        "message": "克拉琳多身体颤抖着感受着初次的感觉。\n然而，并没有那么痛苦，她的嘴角微微泛起笑意。"
    },
    {
        "message": "她瞥了一眼连接处。\n阴茎完全被吞没在阴道中。\n这淫荡的景象让兴奋感不断增加。"
    },
    {
        "name": "クラリンドウ",
        "message": "「团长，看见了吗？在我里面插着团长的小弟弟哦？\n嗯，要好好清洁到根部才行呢……\n嗯……那么，接下来就温柔地擦拭吧」"
    },
    {
        "message": "克拉琳多开始缓慢地动起腰来。\n她不熟练的动作给阴茎带来了令人难耐的刺激。\n然而，这种难耐现在反而让人感到舒适。"
    },
    {
        "name": "クラリンドウ",
        "message": "「啊……嗯……！\n这、这样……应该没问题吧……啊……哈呜……！」"
    },
    {
        "name": "クラリンドウ",
        "message": "「团长的……啊……擦拭着……啊！\n深处……啊……每次碰到深处……身体都会抖动……\n嗯……脑海中仿佛要融化了一样……呼啊啊……！」"
    },
    {
        "message": "肌肤相碰撞，每次最深处相连时\n克拉琳多都会发出可爱的声音。\n然而，让她做到这一步，对于一个不熟悉的她来说没问题吗。"
    },
    {
        "name": "クラリンドウ",
        "message": "「嗯……没、没关系！不用担心！嗯！\n并不是疼痛或者难受……只是……嗯！\n只是……啊，团长的深处……呼啊……！」"
    },
    {
        "name": "クラリンドウ",
        "message": "「果然……嗯，声音，出来了……！\n嗯，哈呜，忍不住了……呼啊啊……！」"
    },
    {
        "message": "克拉琳多一边动着腰，一边拼命地压抑声音。\n然而，每当龟头撞击到阴道深处时，可爱的声音还是会溢出来。"
    },
    {
        "name": "クラリンドウ",
        "message": "「啊啊啊，嗯嗯……对、对不起，团长……\n我、声音……嗯，泄露出来了……呼啊啊……！\n这个我忍不住了……嗯嗯啊啊啊……！」"
    },
    {
        "message": "告诉克拉琳多不用在意声音。\n事实上，希望能听到更可爱的声音。"
    },
    {
        "name": "クラリンドウ",
        "message": "「这样……嗯嗯，我要好好把团长弄干净……\n啊啊啊，不行的……啊啊，嗯嗯……！」"
    },
    {
        "name": "クラリンドウ",
        "message": "「就这样……啊啊，擦拭着……干净地……嗯嗯！\n团长的小弟弟，啊啊，要干净地弄好……！」"
    },
    {
        "message": "克拉琳多的阴道紧紧地夹住阴茎。\n面对比以前更强烈的刺激，我也不禁发出声音。"
    },
    {
        "name": "クラリンドウ",
        "message": "「团长也舒服吗？嗯……我很高兴！\n那么……啊啊，更加努力一点……我也会加油的！」"
    },
    {
        "message": "克拉琳多的腰部动作不知何时变得流畅起来。\n他灵巧地晃动着腰部，一次又一次地将阴茎吞入阴道。\n眼前展现的淫荡景象令人目眩神迷。"
    },
    {
        "name": "クラリンドウ",
        "message": "「啊啊，好舒服……团长的，小弟弟……！\n太舒服了……嗯！」"
    },
    {
        "message": "克拉琳多一边说着，一边伸手爱抚自己的乳房。\n这可能是无意识地寻求快感的动作吧。"
    },
    {
        "name": "クラリンドウ",
        "message": "「嗯，呼啊……啊啊……！\n比一个人，比独自一个人做要……舒服得多……！」"
    },
    {
        "message": "克拉琳多拼命地摆动着腰部，口中不禁漏出言语。\n听到从陶醉于快感中的嘴唇溢出的告白，我没有放过。\n立刻询问是什么意思独自一个人做。"
    },
    {
        "name": "クラリンドウ",
        "message": "「呃！？ 呃！？ 那、那、那是……！\n那个……那个……呜呜呜呜！！」"
    },
    {
        "message": "克拉琳多的脸涨得通红，陷入了慌乱之中。\n但很快就坦白了。"
    },
    {
        "name": "クラリンドウ",
        "message": "「实际上……嗯嗯，在洗澡时想着团长，\n一个人……嗯嗯，一个人自慰过……！」"
    },
    {
        "message": "面对这令人害羞的告白，克拉琳多的身体更加发热。\n阴道紧紧地夹住阴茎，传达着这一切。"
    },
    {
        "name": "クラリンドウ",
        "message": "「团长……我已经无法忍耐了……！\n一起……啊啊，一起高潮吧！\n请和我一起感受快感！」"
    },
    {
        "message": "克拉琳多的话让我也加快了动作。\n她也随着我的动作摆动着腰部。"
    },
    {
        "name": "クラリンドウ",
        "message": "「啊啊，嗯啊！团长！\n好厉害……好激烈！深入到底……！！」"
    },
    {
        "name": "クラリンドウ",
        "message": "「阴茎……啊啊，顶到我里面了！\n呼啊，啊啊……！好棒，好舒服！」"
    },
    {
        "name": "クラリンドウ",
        "message": "「一个人够不到的地方……啊啊！\n满满的……啊啊，满满的！！」"
    },
    {
        "message": "快感的波浪即将来临。\n无法忍耐，我把所有的精力都投入进去，挺动着腰部。"
    },
    {
        "name": "クラリンドウ",
        "message": "「啊啊，团长！\n一起……啊啊，一起……！」"
    },
    {
        "name": "クラリンドウ",
        "message": "「啊啊，喜欢……团长！\n喜欢喜欢喜欢……！！呼啊啊啊……！！！！！」"
    },
    {
        "name": "クラリンドウ",
        "message": "「嗯呜呜……啊啊！\n团长的精液……啊啊……射进了里面……！\n深入到我肚子的深处……呼啊啊啊……」"
    },
    {
        "message": "每次射精时，充血的阴茎在克拉林多的阴道中跳动着。\\n从连接处溢出的体液似乎在告诉彼此的快感程度。"
    },
    {
        "name": "クラリンドウ",
        "message": "「呼……终于，能和团长一起感受到快感了……！\\n呵呵，真是太开心了，团长」"
    },
    {
        "message": "克拉林多倾身过来。\\n我轻轻地拥抱着她，她舒服地发出了声音。"
    },
    {
        "name": "クラリンドウ",
        "message": "「我比一个人更喜欢两个人，比两个人更喜欢大家一起\\n这是我的原则……但是和团长在一起的话，\\n和团长在一起的话，就算只有我们两个也没关系！」"
    },
    {
        "message": "她这样说着，开心地微笑着。"
    }
]