[
    {
        "name": "ソヨゴ",
        "message": "「嗯，听说如果能得到喜欢的人的帮助，\\n身体就能成长起来……我听说的传闻」"
    },
    {
        "name": "ソヨゴ",
        "message": "「所以……那个……\\n我想请团长帮忙……\\n拜、拜托了……！」"
    },
    {
        "message": "苏洛戈紧张地向这边求助，然后急切地低下了头。\\n暂时决定详细询问一下。"
    },
    {
        "name": "ソヨゴ",
        "message": "「成为花骑士后身高没有增长……\\n胸部也没有变大……一直都在烦恼」"
    },
    {
        "name": "ソヨゴ",
        "message": "「但是听说和男人做那种事情……让别人触摸身体的话，\\n就能变得更加成熟……但是，我不觉得任何人都可以……\\n所以，请、请再次拜托了，团长！」"
    },
    {
        "message": "对她来说是个重要的问题。\\n被她这样仰视着，我无法拒绝。\\n虽然不知道效果有多大，但我答应尽力帮助她。"
    },
    {
        "name": "ソヨゴ",
        "message": "「啊……团长，好大……\\n热热的，碰到下面了……呼啊……嗯嗯……」"
    },
    {
        "message": "苏洛戈惊讶地看着充血肿胀的阴茎。\\n慢慢地插入她小巧的阴道口，\\n顺着狭窄的阴道一路前进。"
    },
    {
        "name": "ソヨゴ",
        "message": "「好大，进到里面了……啊呜呜……\\n变成团长的形状了……撑得好开……」"
    },
    {
        "name": "ソヨゴ",
        "message": "「还只有一半，肚子已经涨得满满的了……嗯嗯，啊啊……」"
    },
    {
        "message": "被强行撑开的阴道黏膜，苏洛戈皱起了痛苦的脸。如果再往前进，应该会感受到更多的疼痛。如果无法忍受，可以改个机会再来。"
    },
    {
        "name": "ソヨゴ",
        "message": "「没、没关系……请把团长的全部都放进来……不这样的话……我就永远无法成长了……」"
    },
    {
        "name": "ソヨゴ",
        "message": "「把热热的大家伙插进去……希望能让我变成大人……」"
    },
    {
        "message": "苏洛戈拼命忍受着不安和疼痛。我决定尊重她的意愿。"
    },
    {
        "message": "在告诉她不要勉强之后，我穿过了她初次见证的膜。"
    },
    {
        "name": "ソヨゴ",
        "message": "「啊呜，嗯咕……肚子里面，顶到了……嗯嗯嗯……硬硬的，撞击着……啊啊，嗯嗯……」"
    },
    {
        "message": "接受与她身材不相称的巨大阴茎，无疑是很辛苦的。为了让破处的疼痛缓解，我对苏洛戈说了些安慰的话。"
    },
    {
        "name": "ソヨゴ",
        "message": "「哈哈，团长的声音让我安心……可以稍微再这样一会吗……可以叫我的名字吗……？」"
    },
    {
        "message": "一边抚摸着苏洛戈的头，一边不断地安慰她，直到她身体的紧张感消失。她似乎很喜欢这样，表情逐渐变得平静起来。"
    },
    {
        "name": "ソヨゴ",
        "message": "「那个……团长的大家伙，如果一直不动的话，会很辛苦的吧……？我已经没事了……想要感谢你让我成为大人的机会……」"
    },
    {
        "message": "破处的疼痛似乎稍微缓解了一些。苏洛戈说希望能够让我也感到舒服，作为她协助我的回报。我接受了她温柔的心意，轻柔地进出着肉棒，让我们彼此都能获得快感。"
    },
    {
        "name": "ソヨゴ",
        "message": "「啊呜……啊……嗯嗯……我能感觉到团长在动……轻轻地在肚子里进进出出……哈呜……嗯嗯……」"
    },
    {
        "name": "ソヨゴ",
        "message": "「各种地方都在摩擦……啊啊……嗯嗯……这样一起刺痛的感觉……哈呜……」"
    },
    {
        "message": "虽然只是轻柔的抽送，开始能感受到一些刺激，但疼痛似乎仍然存在。为了从这种刺痛中引出快感，我伸手触摸着她正在成长的凸起部分。"
    },
    {
        "name": "ソヨゴ",
        "message": "「呀呀……嗯啊……胸部被揉捏着……哈呜，啊啊……团长用手指揉捏着我的胸部……嗯嗯……」"
    },
    {
        "name": "ソヨゴ",
        "message": "「被揉捏着，胸部一阵刺痛……敏感的尖端越来越热……」"
    },
    {
        "name": "ソヨゴ",
        "message": "「啊呜……啊啊，嗯咕……阴道渐渐不再感到疼痛了……」"
    },
    {
        "message": "从开始对乳房的爱抚，可以感觉到原本紧张的阴道粘膜松弛下来。\\n一边用手指轻弄着可爱的突起，一边在阴道内来回往复，确保与阴茎更好地融合。"
    },
    {
        "name": "ソヨゴ",
        "message": "「如果被捏住乳头……啊啊，嗯嗯……！\\n身体变得非常热……啊呜……啊啊……！」"
    },
    {
        "name": "ソヨゴ",
        "message": "「阴道感到刺痛……胸部也非常敏感……呀呜！\\n团长先生……我好像变得奇怪了……！」"
    },
    {
        "message": "苏洛戈开始真实地感受到粘膜摩擦和爱抚的刺激。由此导致连接部位传来的摩擦敏感度增加，也加剧了我的兴奋。"
    },
    {
        "name": "ソヨゴ",
        "message": "「当阴道被强烈地插入时，里面会有刺痛感……变得更加敏感了……啊呜……嗯咕……我想用团长先生更大的那个，感受更多快感……」"
    },
    {
        "message": "苏洛戈在初次的刺激中痛苦地扭动着，用甜美的声音向我求求。看着她迷醉的表情，我的兴奋也越来越高涨。"
    },
    {
        "message": "连接部位不再感到紧张，也没有疼痛的担忧。也就是说，按照苏洛戈的要求，加快腰部运动速度是没有问题的。"
    },
    {
        "message": "加快抽送速度，从温柔细致的前后运动转变为热情有力的冲刺运动。"
    },
    {
        "name": "ソヨゴ",
        "message": "「呀啊……嗯嗯……啊啊……！\\n阴茎在阴道里肆意挣扎！ 哈，啊呜呜……\\n胸部也……希望被轻柔地抚摸……\\n哈呜，啊啊啊……！」"
    },
    {
        "name": "ソヨゴ",
        "message": "「为了变得更加成熟……呼，嗯嗯！\n我想在团长先生的爱抚下，一起感受快感！」"
    },
    {
        "message": "苏洛戈用甜美的声音表达着自己的愿望。\n她不断地摆动腰部，继续用热情的乳房爱抚和粘膜摩擦来爱护她。"
    },
    {
        "name": "ソヨゴ",
        "message": "「呀啊……啊啊……嗯咕……哈啊啊……！\n阴道里一直被插入……呼啊……嗯咕……啊啊啊……！」"
    },
    {
        "name": "ソヨゴ",
        "message": "「团长先生……\n希望这样继续让阴道感到舒适……！\n胸部也希望像现在这样有力地抚摸着……嗯咕！」"
    },
    {
        "message": "每次抽送都伴随着连接部位发出的水声。\n热粘液缠绕在滚烫的阴茎上，增加了摩擦的刺激。"
    },
    {
        "message": "每一次插入都提升了彼此的快感。"
    },
    {
        "name": "ソヨゴ",
        "message": "「哈呜……啊啊……嗯嗯……呀呜！\n团长先生……我的身体非常热……\n哈呜……啊啊啊……！\n好像要爆发出什么东西一样……！」"
    },
    {
        "message": "苏洛戈感受到高潮的迹象，用甜美的娇声表达着自己的愿望。\n同时，我也热情地爱护着苏洛戈，让她达到高潮。"
    },
    {
        "name": "ソヨゴ",
        "message": "「哈啊啊啊……！动作非常有力量……嗯啊啊！\n我已经无法忍耐了……！\n团长先生的感觉……充满了我的身体……哈呜呜！」"
    },
    {
        "name": "ソヨゴ",
        "message": "「就这样一起……团长先生的小弟弟也会感受到快感的……\\n哈呜……嗯呀啊啊！」"
    },
    {
        "name": "ソヨゴ",
        "message": "「从成年人的小弟弟里噗噗地射出很多精子吧……！\\n嗯啊啊……哇啊啊，啊啊，啊啊……！ 嗷嗷嗷！！」"
    },
    {
        "name": "ソヨゴ",
        "message": "「好厉害……呼噜呼噜地……\\n热热的东西，喷到阴道深处了诶，嗯嗯呜呜呜\\n肚子里都满满地被注入了呢……」"
    },
    {
        "name": "ソヨゴ",
        "message": "「哈啊啊啊……啊啊，\\n团长先生噗噗地做真舒服……\\n身体……完全被幸福感包裹住了……唔唔唔」"
    },
    {
        "message": "与射精的瞬间初次达到绝顶的芦荟。\\n她握紧床单，身体用力地颤抖着，露出满足的表情接收着精液。"
    },
    {
        "name": "ソヨゴ",
        "message": "「这……能与団长先生一起\\n感受到快感，是这个意思吧……？」"
    },
    {
        "message": "以温柔的口气肯定地说着，\\n试着问对方，这次的行为会成为成长的契机吗。"
    },
    {
        "name": "ソヨゴ",
        "message": "「嗯……因为肚子里很热而变得鼓鼓的……\\n毕竟团长先生爱着我……\\n我觉得我一定能成长的……」"
    },
    {
        "message": "一边抚摸着欣喜若狂微笑的芦荟，\\n两个人沉浸在绝顶的余韵中。"
    }
]