[
    {
        "name": "ホーリー",
        "message": "「嘿嘿……看起来你很喜欢这套泳衣，所以我又来秀一下了」"
    },
    {
        "message": "霍莉突然闯进浴室，第一句话就是这样。她穿着泳衣，走近了我。"
    },
    {
        "name": "ホーリー",
        "message": "「嘿，怎么样？我想再听团长夸我可爱～」"
    },
    {
        "message": "被霍莉一脸坏笑逼近，我的身体变得热乎乎的。她虽然很有魅力，但这样贴得太近让我感到有些奇怪。"
    },
    {
        "message": "想起上次晚上的事情，下半身有所反应。霍莉的手放在了那里。"
    },
    {
        "name": "ホーリー",
        "message": "「这里硬硬的呢……看了我的泳衣就想要做爱了吧」"
    },
    {
        "name": "ホーリー",
        "message": "「那么……可以的话，可以做吗？那么硬着可不舒服哦？我的身体，你可以随意使用……让你的小弟弟舒服一下吧♪」"
    },
    {
        "message": "激动的欲望已经无法平息。我听从她的话语，强烈地渴望着她的身体。"
    },
    {
        "name": "ホーリー",
        "message": "「嗯啊……塞进来了……从后面进来，感觉好刺激呀……啊啊啊！」"
    },
    {
        "message": "勃起的阴茎插入，用龟头推开阴道壁。\\n感受到甜蜜的刺激，一直插入到根部。"
    },
    {
        "name": "ホーリー",
        "message": "「啊啊……阴茎，插进来了\\n团长，进到里面了……变得好满……啊啊啊」"
    },
    {
        "message": "被插入阴道深处的霍莉，喉咙发出愉悦的声音。\\n紧紧地收缩着阴道，感受着阴茎的热度和硬度。"
    },
    {
        "name": "ホーリー",
        "message": "「肚子……好硬呢……\\n变得这么热……我里面都要融化了」"
    },
    {
        "name": "ホーリー",
        "message": "「团长，随时都可以动哦……我下面也开始痒痒了……\\n快点，让我感受快乐吧」"
    },
    {
        "message": "听到霍莉甜美的声音，我的兴奋也增加了。\\n刚听完霍莉的话，就开始猛烈地抽送阴茎。"
    },
    {
        "name": "ホーリー",
        "message": "「啊啊……动起来了……嗯啊\\n在肚子里磨擦着……啊呜，好舒服……」"
    },
    {
        "name": "ホーリー",
        "message": "「太好了，团长的……好大……啊啊，嗯啊\\n太棒了，好舒服啊」"
    },
    {
        "message": "有节奏地动着腰，互相摩擦着粘膜。\\n不断地给霍莉带来摩擦刺激，让她陷入快感中。"
    },
    {
        "name": "ホーリー",
        "message": "「全神贯注地动着腰……你这么兴奋是怎么回事呀？」"
    },
    {
        "message": "霍莉一边发出娇声，一边问道。\\n我肯定地回答她，并抓住她摇曳的乳房。"
    },
    {
        "message": "为了满足她的欲望，我除了抽送之外，还加强了对乳房的爱抚。"
    },
    {
        "name": "ホーリー",
        "message": "「啊啊……！胸部……嗯嗯，嗯哈啊啊……\\n被团长触摸到，感觉太舒服了……啊啊」"
    },
    {
        "name": "ホーリー",
        "message": "「被揉搓着……用力地揉搓着……嗯呜，嗯呜！\\n喜欢同时玩弄我的私处和胸部呢」"
    },
    {
        "message": "通过爱抚，霍莉的反应比之前更好了。\\n阴道更加紧紧地缠绕着，感受到摩擦运动带来的刺激也更加强烈。"
    },
    {
        "message": "感受到更强烈的刺激，我一边感受着腰部的压迫，一边揉捏着柔软的果实。"
    },
    {
        "name": "ホーリー",
        "message": "「嗯啊……啊啊，身体发麻……嗯，哈啊啊……\\n嘿……再深入一点，顶到我肚子里……啊啊」"
    },
    {
        "name": "ホーリー",
        "message": "「被团长玩弄了胸部之后……我已经忍不住了……\\n我需要你的阳具……不然我会一直感到火热不止！」"
    },
    {
        "message": "寻求快感而扭动的淫荡身姿。从后面观察着这一切，我的欲望也逐渐升高。"
    },
    {
        "message": "我问道：你究竟想要什么样的感觉呢？"
    },
    {
        "name": "ホーリー",
        "message": "「那、那个……在里面动个不停……希望你能让我感到舒服……」"
    },
    {
        "message": "这还不够详细。请你再具体地告诉我。我故意放慢了腰部和手的力度，再次提问。"
    },
    {
        "name": "ホーリー",
        "message": "「耍我真是太狡猾了……居然要我亲口说出那种下流的话……」"
    },
    {
        "message": "阴道紧紧收缩而剧烈抽搐。她似乎察觉到了我的意图，感到羞耻。对于已经不够刺激的刺激，霍莉主动扭动起了腰部。"
    },
    {
        "name": "ホーリー",
        "message": "「唔……没办法呢……如果团长能更兴奋的话……就好好听着吧。」"
    },
    {
        "name": "ホーリー",
        "message": "「小穴……想要被团长的坚硬之物彻底摧毁……胸部和小穴……要被激烈地摧残到崩溃……嗯啊啊！」"
    },
    {
        "message": "在听到她的恳求后，我用炽热的阴茎猛击她的子宫深处。在那刺激下，霍莉发出了欢喜的声音，身体弓起。"
    },
    {
        "message": "彼此高涨的激情冲动带着我们的身体一起动荡不安。"
    },
    {
        "name": "ホーリー",
        "message": "「啊啊……嗯啊啊……！深入……一下一下地顶进来……\n阴茎在里面肆意挣扎……嗯嗯啊啊……！」"
    },
    {
        "name": "ホーリー",
        "message": "「好舒服……好厉害……太棒了……！\n胸部也像被紧紧压迫一样……嗯啊！」"
    },
    {
        "message": "室内回荡着猛烈的腰部撞击声和淫荡的水声。\n这进一步激发了两人的兴奋。"
    },
    {
        "message": "阴茎进出时，爱液被挤出。\n源源不断地涌出的爱液加速了抽送的节奏。"
    },
    {
        "name": "ホーリー",
        "message": "「啊啊，嗯呜……嗯嗯，好淫荡的声音……\n汁液也一直不停地流出来……\n小穴已经变得湿湿软软的了哦……」"
    },
    {
        "name": "ホーリー",
        "message": "「从后面，被阴茎猛烈地顶进来……\n就像被袭击一样……哈，啊啊啊」"
    },
    {
        "message": "像是在强奸ホーリー一样，粗暴而凶猛的腰部动作。\n或许稍微控制一下动作比较好。"
    },
    {
        "message": "当我搭话时，ホーリー摇了摇头拒绝了。"
    },
    {
        "name": "ホーリー",
        "message": "「好的……就这样……嗯嗯，嗯啊啊……就这样……！\n像强奸我的样子，粗暴地顶进来……」"
    },
    {
        "name": "ホーリー",
        "message": "「我，从一开始就……期待被袭击……\n希望被激烈地对待……啊，啊啊！\n所、所以，所以……才做了那种事情！\n引诱你做爱……做了哦！」"
    },
    {
        "message": "ホーリー收缩着阴道痛苦地呻吟。\n既然你这么期待我，我想满足你的期望。\n用充血肿胀的阴茎，在炽热的阴道中不断顶动。"
    },
    {
        "name": "ホーリー",
        "message": "「啊啊啊……！嗯嗯呜，哈啊啊啊……\n团长也要……摩擦得很深入里面……\n希望你感到舒服……嗯啊啊」"
    },
    {
        "name": "ホーリー",
        "message": "「尽情地动吧，阴茎……\n如果忍不住了，随时都可以射精……\n放出精液哦……」"
    },
    {
        "message": "听到ホーリー的话，阴茎紧绷地跳动着。\n从底部涌上来的精液的感觉。\n似乎我方的极限正在逼近。"
    },
    {
        "name": "ホーリー",
        "message": "「现在，团长的阴茎在跳动……嗯嗯呜！\n好像马上就要射出来了，在我里面……\n喷喷地……想要吐出很多热热的东西呢……？」"
    },
    {
        "name": "ホーリー",
        "message": "「哈啊，啊啊，嗯啊啊……我也想要！\n软绵绵的小穴，渴望着团长的精子……！」"
    },
    {
        "message": "阴道黏膜的收缩变得更加强烈。\n紧密贴合，仿佛在吸吮精液。\n一边紧握着乳房，一边强烈的快感波涌而至。"
    },
    {
        "name": "ホーリー",
        "message": "「进来……就这样……全部都……射进来……嗯嗯！\n从阴茎里给我热热的东西！」"
    },
    {
        "name": "ホーリー",
        "message": "「啊啊啊……我，也……感觉到了，颤抖着……\n嗯啊啊……！呼啊啊啊啊啊啊啊！！」"
    },
    {
        "name": "ホーリー",
        "message": "「哈啊啊……！嗯啊啊啊……\n阴茎，颤抖着……射出了好多精子呢……\n热热的东西，注入到深处……啊啊啊」"
    },
    {
        "message": "战栗的阴茎喷出了热烈的精液，充满了ホーリー的阴道。\n在射精的快感中扭动身体，将所有精液都射出。"
    },
    {
        "name": "ホーリー",
        "message": "「嗯嗯……哈啊……你射了好多给我……真开心\n我的小穴里充满了团长的精子……」"
    },
    {
        "message": "沉浸在极乐的余韵中，ホーリー发出声音。\n彼此调整呼吸，突然被叫住。"
    },
    {
        "name": "ホーリー",
        "message": "「下次，当兴奋起来的时候……随时都可以叫我……\n我会让你感到舒服的……」"
    },
    {
        "message": "转过身，ホーリー露出笑容。\n对于她的诱惑，微笑着答应了那个时候再说。"
    }
]