[
    {
        "name": "ハツユキソウ",
        "message": "「嘿嘿嘿！原来我这样的打扮很可爱啊！」"
    },
    {
        "message": "她笑着，衣服翩翩起舞\n就像是欢快的初雪草一样，我当然点头\n更想要看着她的身姿。"
    },
    {
        "name": "ハツユキソウ",
        "message": "「嘿嘿……嗯？团长先生？」"
    },
    {
        "message": "我轻声耳语，只让她听见\n虽然用的是毫不掩饰的话语，但是希望她能来房间里。"
    },
    {
        "name": "ハツユキソウ",
        "message": "「……呜呜呜……！啊，我知道了！知道了！\n反正被团长先生逼迫了我也无法拒绝！」"
    },
    {
        "message": "脸涨得通红，初雪草无奈地说道\n但是，并不是勉强说出这句话。"
    },
    {
        "name": "ハツユキソウ",
        "message": "「只有团长先生一个人而已哦？\n我才会这么容易被带走」"
    },
    {
        "message": "我小声地补充道，初雪草慢慢地靠近我\n轻轻地拥抱着她娇小的身体。"
    },
    {
        "name": "ハツユキソウ",
        "message": "「嗯呜……团长先生，我喜欢你」"
    },
    {
        "message": "她的身体有些凉意。\\n然而，凝视着我的眼睛微微湿润，似乎带着热情。"
    },
    {
        "name": "ハツユキソウ",
        "message": "「那么，嗯呜呜……我要插进去了……嗯呜呜！\\n啊啊……团长先生，嗯呜，已经这么硬、这么大了……」"
    },
    {
        "message": "初雪草凝视着坚挺的阴茎，发出热烈的呼吸声。\\n她将阴茎顶端对准自己的阴道，微微扭动腰部。"
    },
    {
        "name": "ハツユキソウ",
        "message": "「嗯呜呜，好大……在颤抖着呢……\\n不用着急，我会好好让你插进来的……\\n嗯呜呜……啊啊！」"
    },
    {
        "message": "初雪草灵巧地扭动腰部，缓慢地下降。\\n阴茎被湿热的阴道吞没\\n淫荡的景象清晰可见。"
    },
    {
        "name": "ハツユキソウ",
        "message": "「啊啊，嗯呜呜……团长先生的……好大啊\\n在我的肚子里……啊啊，你感觉到它膨胀了吗？」"
    },
    {
        "name": "ハツユキソウ",
        "message": "「啊啊呜，嗯呜呜……！团长先生，在我体内颤抖着！\\n哆嗦着……嗯呜呜，你真的这么想和我做这种事吗？」"
    },
    {
        "message": "初雪草在阴道中颤抖的阴茎刺激下扭动身体\\n一边回头看着后面问道。\\n在快感中有些迷糊，只是简单地点头回答。"
    },
    {
        "name": "ハツユキソウ",
        "message": "「唔呜呜……看起来好舒服的表情……\\n你这么毫不害羞地点头回答\\n反而让我更加害羞起来了哦\\n…………嘛、嘛，虽然很高兴」"
    },
    {
        "message": "我更想看到她那种既害羞又开心的样子。\\n一股煮熟的冲动涌上心头，我突然伸出双手。"
    },
    {
        "name": "ハツユキソウ",
        "message": "「啊！？嗯呜呜……团长先生……！」"
    },
    {
        "message": "触摸着初雪草那雪白又圆润的臀部。\\n突如其来的刺激让她的腰部颤动了一下。\\n然后她像是被挠痒一样扭动着身体。"
    },
    {
        "name": "ハツユキソウ",
        "message": "「这么突然摸我，吓我一跳嘛……嗯呜\\n嗯呜呜……你这样摸，好痒啊？\\n嗯……唔呜呜……嗯呜呜……」"
    },
    {
        "message": "用指尖轻柔地抚摸着她光滑无瑕的臀部表面。\\n每一次初雪草都会从鼻子里喘出气来，微微地喘息着。\\n她害羞的表情变得更加浓郁。"
    },
    {
        "message": "与此同时，连接处也在慢慢发生变化。"
    },
    {
        "name": "ハツユキソウ",
        "message": "「啊……嗯呜呜，团长先生……嗯呜呜\\n团长先生……哈呜呜……嗯呜呜！」"
    },
    {
        "message": "阴道已经湿透，透明的液体从连接处溢出。\\n每次抚摸臀部，阴道就会痉挛并紧紧地挤压着阴茎。"
    },
    {
        "message": "初雪草看向我时的表情\\n不知不觉间已经不再是抑制羞耻的脸庞\\n而是一个渴望快感的少女脸庞。"
    },
    {
        "name": "ハツユキソウ",
        "message": "「唔，团长……嗯，你不动吗？」"
    },
    {
        "message": "终于，初雪草不耐烦地说出了话。从她的每个字里透露出女性的淫荡。这正是我所期望的，非常可爱的声音。"
    },
    {
        "name": "ハツユキソウ",
        "message": "「团长的……嗯呜呜，团长的小弟弟。刚才一直在颤抖对吧？没关系，不用忍着……请动一下吧。」"
    },
    {
        "name": "ハツユキソウ",
        "message": "「在我里面……可以感受到快感，请尽情地……感受吧。」"
    },
    {
        "message": "这无疑是百分百的请求。但我更想看到她那种更加可爱的样子。所以这次我不会动。"
    },
    {
        "name": "ハツユキソウ",
        "message": "「……诶？难、难道团长……你是希望我动吗？这、这样子，我要以这种姿势……我要动吗？」"
    },
    {
        "message": "听到意料之外的回答，初雪草的脸再次变得更加羞耻。但我更想看到她更可爱的样子。"
    },
    {
        "name": "ハツユキソウ",
        "message": "「……可、可爱？你刚才说我可爱了吗？你觉得我动的样子，对团长来说是可爱的吗？」"
    },
    {
        "message": "我点了点头，初雪草在嘴里反复咀嚼着那句话。渐渐地，她的嘴角开始放松下来。显然，被称赞为可爱让她感到开心。"
    },
    {
        "name": "ハツユキソウ",
        "message": "「好、好的……没办法了嘛\\n如果团长想看可爱的我……那就特别一次吧！\\n我会动很多次，让你感到舒服的！」"
    },
    {
        "message": "初雪草看起来充满干劲，保持着那样的笑容。\\n在这种时候也容易得意忘形。\\n不管怎样，对我们来说都是感激的。\\n最重要的是，她这样子也让人感到可爱。"
    },
    {
        "name": "ハツユキソウ",
        "message": "「那么……嗯呜，我要动了……啊啊！\\n嗯呜呜……好了……嗯呜，哈啊啊！」"
    },
    {
        "message": "慢慢地开始动起腰来。\\n粗糙的触感不断地抚摸着勃起的表面。\\n快感从腰部传遍全身。"
    },
    {
        "name": "ハツユキソウ",
        "message": "「嗯呜呜，啊啊……！肚子里面，摩擦好强烈……！\\n嗯呜呜……啊啊！嗯呜呜……！！」"
    },
    {
        "message": "眼前晃动的臀部，以及明显可见的连接处。\\n淫靡的景象让兴奋感不断增加。\\n初雪草全力服务的样子，真的非常可爱。"
    },
    {
        "name": "ハツユキソウ",
        "message": "「啊呜，嗯呜呜……团长，看起来很舒服……嗯呜！\\n怎么样……嗯呜，我，可爱吗？\\n请好好……嗯呜，看着可爱的我吧？」"
    },
    {
        "name": "ハツユキソウ",
        "message": "「嗯呜，啊啊……不然的话，就没有意义了……啊啊！\\n所以……嗯呜呜……！！！」"
    },
    {
        "message": "每次初雪草降下腰部时，肌肤相碰发出拍打声。\\n快感逐渐积聚，接近极限。\\n而接近极限的不仅仅是她自己。"
    },
    {
        "name": "ハツユキソウ",
        "message": "「嗯呜，团长……感觉好舒服呢？\n嗯呜呜，看你的表情就知道了哦？嘻嘻\n嗯呜呜，而且……啊啊，呜呜呜，我也……已经……！」"
    },
    {
        "name": "ハツユキソウ",
        "message": "「我会一直让你感到舒服的，直到最后哦？\n团长……啊啊，那个，就这样……！」"
    },
    {
        "message": "腰的摆动速度越来越快。\n阴道紧紧地夹住着阴茎\n不断地给予持续的快感。"
    },
    {
        "name": "ハツユキソウ",
        "message": "「啊啊，就这样，可以的哦！\n就这样射精吧！把精子射进我的里面吧！」"
    },
    {
        "name": "ハツユキソウ",
        "message": "「我也要高潮了！用团长的小弟弟……！\n嗯呜，要高潮了……啊啊，团长！\n喜欢你！啊啊，喜欢！」"
    },
    {
        "name": "ハツユキソウ",
        "message": "「啊啊，嗯呜……呼啊啊啊啊！！！！！」"
    },
    {
        "name": "ハツユキソウ",
        "message": "「嗯呜，啊啊……！！嗯呜啊啊……！\n团长的……啊啊，精子……嗯呜呜，在流出来了……！」"
    },
    {
        "name": "ハツユキソウ",
        "message": "「在我的里面……啊啊，小穴里面……！\n嗯呜呜，好厉害，滴答滴答地，好多……嘻嘻……！」"
    },
    {
        "message": "精液一阵阵地喷射出来，脉搏跳动得很厉害。\n而圣诞红则欢喜地微笑着接受着。"
    },
    {
        "name": "ハツユキソウ",
        "message": "「可以的哦……嗯呜，就这样全部射进来吧？\n交给我吧……嘿嘿，嘿嘿嘿嘿……！」"
    },
    {
        "message": "圣诞红微笑着表现出满足的样子\n看起来她似乎非常高兴导致了射精。"
    },
    {
        "name": "ハツユキソウ",
        "message": "「当然啦，嗯呜……因为团长觉得我很可爱\n这是证明呀！」"
    },
    {
        "message": "听她这么说，我也微笑着回应道\n圣诞红突然有了什么想法，惊讶地张大了嘴巴。"
    },
    {
        "name": "ハツユキソウ",
        "message": "「不仅仅是冲浪板，团长也能驾驭哦！\n这就是我圣诞红的能力！耶！」"
    },
    {
        "message": "听到圣诞红的玩笑话，不知为何身体突然变得沉重\n感觉疲劳加重了。希望这是射精后的松弛感。"
    },
    {
        "name": "ハツユキソウ",
        "message": "「嗯？诶！？这、这是什么气氛！？\n难道我又有点得意忘形了吗！？」"
    },
    {
        "message": "圣诞红慌张地眼泪汪汪地，但她依然非常可爱。"
    }
]