[
    {
        "name": "ホーリー",
        "message": "「喂，你盯着我的泳装看得太多了～\n我知道你喜欢它，所以不用再刻意表现了」"
    },
    {
        "message": "你误会了。我并没有刻意做什么，\n只是真心想看看可爱的泳装姿态的ホーリー。"
    },
    {
        "name": "ホーリー",
        "message": "「嗯，但是……你不会看腻了吗？」"
    },
    {
        "message": "即使我说出真心话，ホーリー似乎还是不太相信。\n我再次告诉她这套泳装很适合她，很可爱。"
    },
    {
        "message": "ホーリー稍微有些害羞地低下头后，抬起头看着我。"
    },
    {
        "name": "ホーリー",
        "message": "「那样的话……希望你能让我感受到你的真心？」"
    },
    {
        "message": "微笑着的ホーリー因为与平时不同的样子而显得非常迷人。\n我决定将我的感受告诉她，请求她相信我的真心。"
    },
    {
        "name": "ホーリー",
        "message": "「你已经这么硬了……\n看来你确实有兴奋……嗯嗯」"
    },
    {
        "message": "让ホーリー骑在我身上，调整勃起的阴茎角度。\n瞄准目标，将龟头插入阴道口。"
    },
    {
        "name": "ホーリー",
        "message": "「硬的阴茎……越来越深入……\n啊……就这样，一直到最深处……嗯嗯，啊啊……！」"
    },
    {
        "message": "抬起臀部的ホーリー主动下压，吞噬着阴茎。\n然后慢慢地，迎接勃起直到阴道深处。"
    },
    {
        "name": "ホーリー",
        "message": "「嘿嘿……被团长顶到最深处了呢……\n居然变得这么大，能到达最深处了呢……」"
    },
    {
        "name": "ホーリー",
        "message": "「从现在开始和我做爱吗……我好开心得不得了……？」"
    },
    {
        "message": "正是如此。而且要补充一点的话，\n看到ホーリー穿着泳装更加兴奋。"
    },
    {
        "message": "感受到从连接处传来的甜蜜刺痛，我这样回答道。"
    },
    {
        "name": "ホーリー",
        "message": "「那么呢……现在就想要动起来对吧……\n把你的阴茎，磨擦得更多……想要感受快感吧」"
    },
    {
        "name": "ホーリー",
        "message": "「不用在意我……而且，\n我很想要你的阴茎……想要你戳进来……\n随便动吧……」"
    },
    {
        "message": "ホーリー收缩着阴道肌肉，露出淫荡的表情。\n应邀之下，我前后摆动着腰部。"
    },
    {
        "name": "ホーリー",
        "message": "「嗯哈啊……啊啊……嗯嗯呜……\n团长的硬的……好厉害，擦着里面……嗯啊呜」"
    },
    {
        "name": "ホーリー",
        "message": "「因为很大……触碰到很多地方……哈啊啊……\n动得更多一点也可以哦……」"
    },
    {
        "message": "互相刺激着，用阴茎穿越缠绕的阴道黏膜。\n每次这边抽送，ホーリー都发出甜美的声音作出反应。"
    },
    {
        "name": "ホーリー",
        "message": "「哈啊啊……感觉好强烈……\n身体变得热热的……嗯呜，嗯啊啊」"
    },
    {
        "message": "看着她因自己的腰部动作而扭动和痛苦，心中涌起了喜悦。\n为了让她更加感受到快感，我用龟头顶住她。"
    },
    {
        "name": "ホーリー",
        "message": "「转圈圈地……顶到最深处……嗯啊\n我自己的腰不由自主地动起来了……嗯嗯呜」"
    },
    {
        "message": "对方的动作带来了愉悦，ホーリー逐渐兴奋起来。\n想要更多地看到她可爱的反应。\n于是，我加大了摩擦运动的力度。"
    },
    {
        "name": "ホーリー",
        "message": "「哈啊……嗯嗯，团长的动作……很好……\n你为了让我感到舒服而努力着……嗯啊啊\n真厉害，我能感受到」"
    },
    {
        "name": "ホーリー",
        "message": "「你这么专注地……啊啊，嗯嗯\n是因为这个泳装让你产生了淫荡的感觉吧……」"
    },
    {
        "message": "热心地继续奉献，被霍利叫住了。"
    },
    {
        "name": "ホーリー",
        "message": "「嘿……说说我的泳装……哪里可爱呢……」"
    },
    {
        "message": "霍利撒娇地请求着。\\n她坦率地表达了自己内心的真实感受，这是一种廉价的应酬。"
    },
    {
        "message": "这件可爱的泳装非常适合霍利。\\n她的魅力使人欲罢不能。"
    },
    {
        "name": "ホーリー",
        "message": "「嗯……嗯啊……！真的，太开心了……对我来说……啊啊！\\n你是这样想着我的吧……」"
    },
    {
        "name": "ホーリー",
        "message": "「啊……！好厉害……这个……！\\n团长的话渗透到我的身体里……\\n全身都燃烧起来了……淫水止不住地流出来……」"
    },
    {
        "message": "受到我们真心传达的感情，霍利的阴道做出了真实的反应。\\n比以往更加紧紧地缠绕在阴茎上的肉感蠢动。"
    },
    {
        "message": "霍利一次又一次地收缩着阴道粘膜，接受着抽送带来的快感。"
    },
    {
        "name": "ホーリー",
        "message": "「嘿嘿……咕噜咕噜地发出淫荡的声音……变得更加紧窄……啊啊啊……！\\n自己不由自主地收紧……！\\n这么舒服……」"
    },
    {
        "message": "霍利积极地扭动着腰部，发出欢喜的声音。\\n看到她如此高兴，我也感到很开心。"
    },
    {
        "message": "最后，我直接说出了内心认为她也很可爱的想法，\\n胸中涌起的感情一字不差地说了出来。"
    },
    {
        "name": "ホーリー",
        "message": "「团长……现在这样……啊啊，嗯嗯！\\n说出这么开心的话，简直是作弊……！」"
    },
    {
        "name": "ホーリー",
        "message": "「你真心实意地传达给我了……深深地触动着我的内心……啊啊\\n我的身体和小穴都变得湿淋淋的……快要融化了……！」"
    },
    {
        "message": "正如所说，热乎乎的粘液从霍利的阴道中流出。\\n附着在阴茎上的粘液使插入和抽出更加顺畅。"
    },
    {
        "name": "ホーリー",
        "message": "「嗯啊啊……！哈啊啊……啊啊啊……！\\n这样子……我忍不住了……嗯嗯……！」"
    },
    {
        "name": "ホーリー",
        "message": "「被团长弄得小穴湿淋淋的……\\n从刚才开始，一直像是轻轻地高潮一样……里面在颤抖着……！」"
    },
    {
        "name": "ホーリー",
        "message": "「我已经快要……快要高潮了……\\n求求你了，团长……！请继续让我感到舒服吧」"
    },
    {
        "message": "我知道霍利的巅峰即将来临，\\n于是我加快了腰部的动作。"
    },
    {
        "message": "在紧密贴合的媚肉中，阴茎一次又一次地插入。\\n从敏感的阴道内传来的快感，也提升了我的极限。"
    },
    {
        "name": "ホーリー",
        "message": "「啊啊……嗯呜……哈啊啊……！这、太好了……\\n被团长的感觉包围着，用阳具顶着深处，顶进去……嗯哈啊啊！」"
    },
    {
        "name": "ホーリー",
        "message": "「要射了……！小穴痒痒的……我忍不住了……！\\n团长呢……？团长还没有射精吗……？」"
    },
    {
        "message": "如果我也这样动起腰来，马上就要射精了。\\n为了配合霍莉的节奏，我不停地顶着阴茎直到射精。"
    },
    {
        "name": "ホーリー",
        "message": "「啊……哈……嗯啊啊……！要射了，要射出来了……！\\n阳具猛烈地顶进来让我要射了！」"
    },
    {
        "name": "ホーリー",
        "message": "「团长也要射出来……！热热浓稠的精液充满里面……！\\n嗯啊啊……！射出来了呜呜呜！！」"
    },
    {
        "name": "ホーリー",
        "message": "「嗯哈啊啊……！小穴在颤抖……\\n太棒了……太舒服了！」"
    },
    {
        "message": "身体弯曲，发出尖锐的高音，达到极点的痉挛。\\n一次又一次地被阴道肉壁紧紧地挤压，喷出精液。"
    },
    {
        "name": "ホーリー",
        "message": "「嗯啊……啊啊……精子好多喔……哈啊啊……\\n因为很热，全部都充满里面……嗯呜呜……」"
    },
    {
        "message": "霍莉满意地呼出一口气，接收了每一滴精液。"
    },
    {
        "name": "ホーリー",
        "message": "「啊啊啊……太舒服了，差点就要失去理智了……\\n脑海里一片空白……阳具真的好猛烈……」"
    },
    {
        "message": "我对霍莉的泳装如此兴奋。\\n你相信了吗？我问道。"
    },
    {
        "name": "ホーリー",
        "message": "「其实呢……我一开始就相信团长了……\\n只是觉得有点害羞，所以故意掩饰而已……」"
    },
    {
        "name": "ホーリー",
        "message": "「嘿嘿……听到团长的心声，我感到非常开心……」"
    },
    {
        "message": "霍莉微笑着展现出耀眼的笑容，看起来确实可爱而闪耀。"
    }
]