[
    {
        "message": "穿着新衣服帮忙的白雪草真是可爱极了。\\n无论看多少次都不会感到厌倦，\\n现在还不禁一边看着入迷，一边摸着头夸奖了好几次。"
    },
    {
        "name": "ハツユキソウ",
        "message": "「嘿嘿……好开心！那那，摸得更多一点、碰得更多一点也可以哦！\\n果然是受奖的衣服感觉，做工很好，面料也很棒，触感一流！\\n说起来，这样的装扮适合我真是～……」"
    },
    {
        "name": "ハツユキソウ",
        "message": "「不是雪女，而是雪之精灵的感觉？\\n……这样说会不会有点得意忘形呢～！哇哈哈哈！」"
    },
    {
        "message": "不，确实是精灵呢。可以抱一下吗？"
    },
    {
        "name": "ハツユキソウ",
        "message": "「……诶？啊，好的……呀哇！？」"
    },
    {
        "message": "我蹲下身子，抱住了她纤小的身体。抱着她，轻轻地抚摸着。\\n触感非常棒。手停不下来。\\n一边重复着可爱的赞美，一边不停地抚摸着。"
    },
    {
        "name": "ハツユキソウ",
        "message": "「啊，等、等一下！\\n还有工作要做，那里实在是……！\\n而且，感觉碰到了硬硬的东西……！」"
    },
    {
        "name": "ハツユキソウ",
        "message": "「……嗯？硬的东西……？难、难道团长你……！」"
    },
    {
        "message": "她小巧可爱的手碰到了那里。\\n即使是透过裤子的冰冷感，此刻也只觉得可爱。"
    },
    {
        "name": "ハツユキソウ",
        "message": "「啊，啊啊啊！？\n为什么会这么痛苦啊！？」"
    },
    {
        "name": "ハツユキソウ",
        "message": "「嗯，等、等一下，嗯、不、不可能……！\n真的，进去了，嗯！ 啊啊！」"
    },
    {
        "message": "无法忍耐，将白雪草按在办公室的桌子上，强行插入。"
    },
    {
        "name": "ハツユキソウ",
        "message": "「这样，这样强行是不行的，嗯！ 不可以的！」"
    },
    {
        "message": "用力抽送腰部，阴茎滑入她的阴道，直到根部完全插入。"
    },
    {
        "name": "ハツユキソウ",
        "message": "「还、还是午饭时间呢！？ 嗯嗯！ 这里是办公室哦！？\n有人可能会来的嗯嗯！ 可能会被看到怎么办！」"
    },
    {
        "message": "对于白雪草现在的样子感到非常兴奋，\n已经无法做出理性判断了。"
    },
    {
        "name": "ハツユキソウ",
        "message": "「哈啊，哈啊……现在还来得及，嗯，稍微冷静一下……\n嗯，慢慢地抽出来，先冷静一下，好吗？」"
    },
    {
        "message": "按照白雪草的话，将阴茎抽出到极限。"
    },
    {
        "name": "ハツユキソウ",
        "message": "「啊，嗯……对，就这样，慢慢地，嗯，抽出来……」"
    },
    {
        "message": "然后再一口气插入到最深处，开始抽送。"
    },
    {
        "name": "ハツユキソウ",
        "message": "「啊啊啊啊啊！一口气，到最深处！嗯嗯嗯！\n啊啊！感觉太过了，要发疯了！啊啊啊！」"
    },
    {
        "name": "ハツユキソウ",
        "message": "「嗯！虽然说要抽出来了，但是嗯，不、不行呢！\n嗯嗯！ 嗯嗯！」"
    },
    {
        "message": "从连接处渗出的爱液，变得湿滑的触感进一步增加了快感。"
    },
    {
        "name": "ハツユキソウ",
        "message": "「哈哈，哈哈……为什么团长今天这么兴奋呢……\n哈哈……」"
    },
    {
        "message": "如果要找原因的话，那就是白雪草穿着引人注目的衣服。"
    },
    {
        "message": "迷恋着穿着可爱服装的可爱白雪草，\n在被促使下拥抱和抚摸，理性完全溶解了。\n请务必为此负责。"
    },
    {
        "name": "ハツユキソウ",
        "message": "「那、那样……嗯，啊呜，啊呜……\n那我、我就道歉，嗯！团长，请停下来！\n停下来，嗯，啊啊啊！」"
    },
    {
        "message": "试图阻止的白雪草的阴道紧紧地夹住了阴茎，与言辞相反，不停地收缩着。在那种快感下，根本无法停下来。"
    },
    {
        "name": "ハツユキソウ",
        "message": "「虽然说要停下来，但是……嗯！明明我都说了，如果这样子……太过分了！我会、会感觉很舒服的！」"
    },
    {
        "name": "ハツユキソウ",
        "message": "「强行对待我，这样子可爱地对待我……嗯嗯！好舒服！啊啊！团长的强硬部分让我感到颤抖！」"
    },
    {
        "message": "在无法停下的欲望中，更加剧烈地抽送着。湿滑的阴道不断收缩，紧紧地夹住着阴茎。"
    },
    {
        "name": "ハツユキソウ",
        "message": "「不行，感觉好舒服！啊啊啊！这样子激烈地……嗯！如果被这样子强烈地对待……我会、会高潮的！」"
    },
    {
        "name": "ハツユキソウ",
        "message": "「哈哈，哈哈……啊啊！啊呜、嗯嗯！啊、啊啊！我要、要高潮了！啊啊啊！」"
    },
    {
        "message": "同时，他猛烈地冲击着子宫口，白雪草的身体像弹簧一样抽搐着。"
    },
    {
        "name": "ハツユキソウ",
        "message": "「嗯！啊、啊啊……嗯！哈哈，哈哈……嗯……这样子……嗯……被强行……弄到高潮了……」"
    },
    {
        "name": "ハツユキソウ",
        "message": "「哈哈，哈哈……太厉害了……太厉害了，真的……没想到团长会这么强硬地要求我……嗯、团长？嗯、嗯嗯！」"
    },
    {
        "message": "沉浸在极致的余韵中，白雪草的阴道变得湿润，再次开始抽插。"
    },
    {
        "name": "ハツユキソウ",
        "message": "「啊、啊、嗯嗯！我、我刚刚才高潮过！嗯、啊嗯！太敏感了！嗯、啊嗯！太舒服了！不行，啊、啊嗯！太过敏感了！」"
    },
    {
        "message": "即使如此，已经无法停下来。衣服触感的诱惑和下面湿润的凉皮肤触感成为不断燃烧欲望的燃料。"
    },
    {
        "name": "ハツユキソウ",
        "message": "「那、那样子啊！呼呼，嗯嗯啊啊啊！我可没说要轻率地做这种事情哦！哈呜，嗯嗯，啊、啊啊啊！」"
    },
    {
        "name": "ハツユキソウ",
        "message": "「太激烈了！啊、啊啊！太舒服了！不行！嗯、啊啊！不行啊！连续的话，不行啊！」"
    },
    {
        "name": "ハツユキソウ",
        "message": "「如果、如果这样子！我、嗯！啊嗯！我会、会很快就高潮的！很快、很快……嗯！啊！嗯嗯嗯！」"
    },
    {
        "message": "白雪草的身体再次抽搐着。那种刺激通过阴道传递，变成了快感。"
    },
    {
        "name": "ハツユキソウ",
        "message": "「呼呼，团长这么多次地要求我，虽然很开心……但是……这么多次……我的体力已经撑不住了……呼呼……需要稍微休息一下……休息……嗯嗯！」"
    },
    {
        "message": "白雪草喘息着，显得非常诱人。再加上穿着漂亮的服装，只能继续抽插直到射精为止。"
    },
    {
        "name": "ハツユキソウ",
        "message": "「休息一下，嗯嗯！啊嗯！啊！哈啊！\n这样，连续地！激烈地，嗯！哈啊！\n好奇怪，啊，要变成了呜呜呜！嗯！啊啊！」"
    },
    {
        "message": "射精的欲望达到了最高点，感觉阴茎变硬了。"
    },
    {
        "name": "ハツユキソウ",
        "message": "「但是，但是！这样多、多地、被爱着，能得到的！\n开心死了！感觉好舒服。」"
    },
    {
        "name": "ハツユキソウ",
        "message": "「团长！请尽情地、尽情地！全部都放进来吧！」"
    },
    {
        "message": "为了满足初雪草的要求，我用力地摇动腰部，把全部都吐出来。"
    },
    {
        "name": "ハツユキソウ",
        "message": "「嗯啊，嗯嗯！啊，哈啊！哈啊，哈啊，啊啊！\n团长，又要、又要射出来了！\n嗯，啊嗯！我，又要了！哈啊，哈啊，嗯嗯！」"
    },
    {
        "name": "ハツユキソウ",
        "message": "「一起！一起，想要射出来！\n嗯，啊啊！不行了，已经要射出来了！」"
    },
    {
        "name": "ハツユキソウ",
        "message": "「嗯，啊，我要射出来了！呼啊啊啊啊……！！！」"
    },
    {
        "name": "ハツユキソウ",
        "message": "「呼啊啊……！嗯嗯嗯……嗯！哈啊，哈啊，嗯嗯……！」"
    },
    {
        "message": "身体痉挛的雪花草的阴道中，释放出充满情欲的炽热浑浊液体。"
    },
    {
        "name": "ハツユキソウ",
        "message": "「好厉害……嗯，嗯……这么多，都出来了……」"
    },
    {
        "message": "无法完全容纳的精液从雪花草的阴道中缓缓溢出。"
    },
    {
        "name": "ハツユキソウ",
        "message": "「我，我遭遇到了很大的困扰……\n团长……太激烈了……\n呼，呼，以为要坏掉了……」"
    },
    {
        "message": "这一切都是因为雪花草做出那样的诱惑。"
    },
    {
        "name": "ハツユキソウ",
        "message": "「我已经反省了那件事……\n能夸奖我，真开心……然后，就得意忘形了……\n结果全都适得其反了……嘿嘿」"
    },
    {
        "message": "喘息平稳下来的雪花草终于能够正常说话了。"
    },
    {
        "name": "ハツユキソウ",
        "message": "「但是，如果团长能这么疼爱我，\n也不错地展示一下服装吧……嘿嘿」"
    },
    {
        "message": "雪花草这样说着，露出调皮的笑容。"
    }
]