[
    {
        "name": "ポインセチア",
        "message": "「团长，你脸色不好……怎么了？」"
    },
    {
        "message": "我不想对波斯菊说谎。\\n既然被察觉到了，就坦诚地告诉她原因。"
    },
    {
        "message": "在任务中稍微疏忽了一下，导致有点小失误。\\n因为那个小小的失误，或许会有人受伤。\\n想到这一点，心情就沮丧了起来。"
    },
    {
        "name": "ポインセチア",
        "message": "「……在这种时候，可以撒娇的哦」"
    },
    {
        "message": "波斯菊紧紧地拥抱着我。\\n感受到她的体温，不知怎么的，心里产生了一种安心感。"
    },
    {
        "name": "ポインセチア",
        "message": "「一个人沮丧可不行哦……\\n无论什么原因，现在团长受伤了吧，我可不能放任不管」"
    },
    {
        "name": "ポインセチア",
        "message": "「嘿，团长……现在想找个人撒娇吗？」"
    },
    {
        "message": "面对这直接的问题，我默默点了点头。\\n然后与波斯菊对视了一眼。"
    },
    {
        "name": "ポインセチア",
        "message": "「那么，就让我来宠着你吧？」"
    },
    {
        "name": "ポインセチア",
        "message": "「团长不用动，我来……嗯，插进去……」"
    },
    {
        "message": "波斯菊转过身来，慢慢迎接着那勃起的小秘裂。"
    },
    {
        "message": "阴道里虽然还有些紧绷感，但给阴茎带来了舒适的刺激。"
    },
    {
        "name": "ポインセチア",
        "message": "「啊，怎、怎么样……我的里面，嗯啊！团长……包裹着我了吗？」"
    },
    {
        "message": "为了让担心的波斯菊安心，我点头肯定。然后微笑着，阴茎更深地进入阴道深处。"
    },
    {
        "name": "ポインセチア",
        "message": "「果然好大……嗯，\\n肚子都被弄成了小鸡鸡的形状……？」"
    },
    {
        "name": "ポインセチア",
        "message": "「对不起，不能马上全部包裹住……但是我会用我的小小的小穴……\\n夹住你的小鸡鸡……啊，嗯啊啊啊！」"
    },
    {
        "message": "放松了腰部的力量，波斯菊将肿胀的勃起完全包裹住。\\n狭窄的阴道褶皱一下子吞下龟头，强烈的刺激袭击着阴茎。"
    },
    {
        "name": "ポインセチア",
        "message": "「嗯呜呜呜！啊，嗯嗯……进去了，\\n一直到最深处……嗯啊」"
    },
    {
        "name": "ポインセチア",
        "message": "「团长换给我了……我的成人小穴，感觉如何？\\n阴茎……舒服吗？」"
    },
    {
        "message": "紧紧缠绕的小小阴道收缩着，紧紧地勒住着阴茎。\\n但是，与勃起的大小不成比例的小秘裂，\\n却牢牢地包裹住整个阴茎。"
    },
    {
        "name": "ポインセチア",
        "message": "「太好了……阴茎确实感到舒服……嗯！」"
    },
    {
        "name": "ポインセチア",
        "message": "「那么团长，我现在要动很多了……\\n你就保持不动好吗？」"
    },
    {
        "message": "温柔地微笑着，圣诞红开始缓慢地上下晃动腰部。"
    },
    {
        "name": "ポインセチア",
        "message": "「嗯……嗯，啊，啊呃，阴茎……好硬\\n因为我，变得这么大了呢……嗯！真开心」"
    },
    {
        "name": "ポインセチア",
        "message": "「更多一点，更多一点……啊，即使变得很大，也没关系，嗯啊！\\n无论有多大……嗯呜，小穴没问题的」"
    },
    {
        "message": "圣诞红拼命地摇动着腰部。\\n由于不熟悉，动作有些生硬，速度和角度也不稳定。\\n即便如此，仅仅看着她可爱的样子就能感受到快感十足。"
    },
    {
        "name": "ポインセチア",
        "message": "「对、对不起……不太能熟练地扭动腰部……\\n那样的话，更……嗯！我就能让团长感到舒服了」"
    },
    {
        "message": "坚决否定这种说法。\\n只是和一朵指甲花连在一起，我已经感到非常舒服了。"
    },
    {
        "name": "ポインセチア",
        "message": "「并不是在客气……对吧，\\n团长总是说真心话的……唔呜」"
    },
    {
        "message": "指甲花信任着我，继续摩擦着黏膜。\\n通过不规则的上下运动，热情地刺激着勃起的阴茎，\\n被愉快的刺激所包围。"
    },
    {
        "name": "ポインセチア",
        "message": "「嗯呜、啊呜、啊啊呜！\\n嘿，有人夸奖团长吗？」"
    },
    {
        "message": "突然被问到这样的问题。\\n无法理解问题的意图，指甲花继续说道。"
    },
    {
        "name": "ポインセチア",
        "message": "「团长非常强大，是个能够带领大家的人……\\n努力了也没有人夸奖我吗？」"
    },
    {
        "message": "不知道该怎么回答。虽然受到赞赏的次数不少，\\n但像小时候一样，\\n受到夸奖的次数却变少了。"
    },
    {
        "name": "ポインセチア",
        "message": "「那么……我能不能多多夸奖团长呢？\\n可以吗？」"
    },
    {
        "message": "对这种新鲜的行为产生了兴趣。\\n在那句话的引导下，我向指甲花提出了请求。"
    },
    {
        "name": "ポインセチア",
        "message": "「每次，嗯！你工作真棒，辛苦了\\n啊啊，嗯呜，团长总是那么努力，一直在为大家加油……\\n多亏了团长，我也得到了很多成长呢」"
    },
    {
        "name": "ポインセチア",
        "message": "「所以一直努力的团长真了不起，\\n了不起……了不起，嗯啊啊」"
    },
    {
        "message": "指甲花一边摇动臀部，一边给予鼓励的话语。\\n对于被年龄相差很大的女孩子宠爱的行为，感到有些害羞。"
    },
    {
        "name": "ポインセチア",
        "message": "「听着哦……就算失败了也不要一个人受伤哦？\\n如果你感到沮丧的话……什么都告诉我哦？」"
    },
    {
        "message": "同样地，我也感到高兴能够得到她鼓励的温柔。"
    },
    {
        "message": "希望能让这个献身而温柔的指甲花感到舒服。\\n于是，我用双手抓住她小巧的臀部。"
    },
    {
        "name": "ポインセチア",
        "message": "「啊呜呜，突然捏住屁股，吓到我了！\\n嗯呜呜呜，嗯呜，嗯嗯呜，啊啊呜！」"
    },
    {
        "message": "感受到肌肤紧贴在手掌上的触感和有弹性的紧致。\\n一边品味着这种触感，一边用适度的力量揉捏整个臀部。"
    },
    {
        "name": "ポインセチア",
        "message": "「嗯呜呜，被抓住的地方……变得热热的了\\n从屁股开始，热量……传遍全身了……！」"
    },
    {
        "name": "ポインセチア",
        "message": "「啊啊，阴道……被大鸡巴塞满了，嘴里吸吮着\\n团长，虽然很高兴你摸我的屁股……嗯，\\n我感觉好舒服……快要不能控制自己的阴道了！」"
    },
    {
        "message": "没关系。为了回报让指甲花撒娇的机会，\\n我一直在爱抚她，给她可爱的臀部带来刺激。"
    },
    {
        "message": "通过这种爱抚，阴道已经完全放松，\\n原本生硬的指甲花动作逐渐变得顺畅起来。"
    },
    {
        "name": "ポインセチア",
        "message": "「嗯，嗯嗯，啊，团长的手好刺激，\\n我的阴道变得湿湿的，嗯啊呜呜，好像要尿出来了……」"
    },
    {
        "name": "ポインセチア",
        "message": "「你不用担心我……啊呜呜！\\n今天是团长撒娇的日子……！\\n希望你的鸡巴能够得到很多快感」"
    },
    {
        "message": "为了进一步提高这边的兴奋，\\n指甲花逐渐加快了腰的摆动。"
    },
    {
        "message": "从连接处传来水声，摩擦运动引起的颤抖。\\n在这甜美的刺激下，快感不断上升，爱抚的手停了下来。"
    },
    {
        "name": "ポインセチア",
        "message": "「鸡巴在颤抖着跳动……！\\n啊，嗯啊，好开心……\\n再多一点，啊呜呜，让它颤抖吧」"
    },
    {
        "name": "ポインセチア",
        "message": "「嗯，啊，啊，啊呜！\\n团长……如果你忍不住了，嗯嗯嗯，\\n随时都可以射出来哦？」"
    },
    {
        "message": "狭窄的阴道壁被刺激着，快感在阴茎中积蓄。紧绷到极限的勃起，在猩猩花的抚摸引导下，逐渐接近射精的瞬间。"
    },
    {
        "name": "ポインセチア",
        "message": "「看着你的脸，变得好湿……嗯嗯！只是看着团长的脸……啊啊！我的小穴也变得湿湿的……嗯啊，哈啊啊！」"
    },
    {
        "name": "ポインセチア",
        "message": "「团长也想射精吧……团长的小弟弟真是努力了呢」"
    },
    {
        "message": "已经到极限了。无法再忍住尿道中涌上来的精液，只能顺从射精的欲望。"
    },
    {
        "name": "ポインセチア",
        "message": "「可以的，只给团长一个人……我的小穴，要充满你的精液！努力的小弟弟，请多多宠爱我」"
    },
    {
        "name": "ポインセチア",
        "message": "「我也要来了……哈啊，啊啊！看着团长射精的样子，我也要一起来了！」"
    },
    {
        "name": "ポインセチア",
        "message": "「呀啊，啊啊，啊，嗯啊啊……呀呜呜呜呜呜！！」"
    },
    {
        "name": "ポインセチア",
        "message": "「嗯呜呜呜！精液滴滴答答地流进了小穴里……哈呜呜……！」"
    },
    {
        "name": "ポインセチア",
        "message": "「全部都可以射进来哦……我的里面，塞满吧……嗯、嗯嗯，射得我变得雪白吧……小穴，深入其中……小弟弟，可以宠爱我哦……♪」"
    },
    {
        "message": "小小的阴道接收了大量的精液团块。\n在射精的战栗中，猩猩花反弹着脊梁骨做出反应。"
    },
    {
        "name": "ポインセチア",
        "message": "「啊啊……射精好多呢……真厉害，团长♪\n真是太厉害了♪ 它都顺利到达了肚子里♪」"
    },
    {
        "message": "猩猩花喘息着，声音颤抖着。\n沉浸在极致高潮的余韵中，她的大眼睛注视着我。"
    },
    {
        "name": "ポインセチア",
        "message": "「团长……像今天这样心情低落的时候，\n随时都可以撒娇哦？」"
    },
    {
        "message": "谢谢你，那个时候我还会依赖你。\n表达感激之情后，猩猩花开心地微笑着。"
    }
]