[
    {
        "name": "アロエ",
        "message": "「哟，团长！一起来运动吧！」"
    },
    {
        "message": "最近只做文书工作，阿罗埃似乎考虑了一会儿才说出口。确实，阿罗埃可能知道一些好的运动方法。"
    },
    {
        "message": "而且，与其一个人进行运动，与阿罗埃一起的话可能会坚持更久。请你作为可靠的帮手一定要帮忙。"
    },
    {
        "name": "アロエ",
        "message": "「嗯！交给我吧！那么？怎么办？只要团长没问题，我们现在就开始吧？」"
    },
    {
        "message": "正好今天的工作差不多结束时，我二话不说就答应了邀请。对我们来说也非常感激。"
    },
    {
        "name": "アロエ",
        "message": "「嗯，是吗，知道了！那么……团长，请站在那边好吗？」"
    },
    {
        "message": "按照阿罗埃所说的站在原地。看来阿罗埃打算教我室内也能进行的运动。"
    },
    {
        "name": "アロエ",
        "message": "「室内也就是说……不，如果团长觉得在外面更好的话……那个……在外面也可以……但是，今天还没有做好心理准备，所以在这里好吗？」"
    },
    {
        "message": "阿罗埃脸红着喃喃自语。我对她可疑的表情感到困惑。正准备问她打算做什么运动时，她的嘴唇却被堵住了。"
    },
    {
        "name": "アロエ",
        "message": "「嗯……啾……嘿嘿\\n那么，我们开始两个人的H运动吧」"
    },
    {
        "name": "アロエ",
        "message": "「嗯……呼呼呼……！快看，团长！\\n不努力动一下腰可没法感受到快感哦？\\n要努力多多享受才行！」"
    },
    {
        "message": "阿罗埃坐在我的膝盖上，抬起臀部说道。\\n她提出的运动果然就是这样的。"
    },
    {
        "name": "アロエ",
        "message": "「两个人一起合作做，而且感觉很舒服，对吧？\\n团长的努力马上就会变成快感回来！\\n我觉得这是一种非常有魅力的运动……咦？不行吗？」"
    },
    {
        "message": "与我最初想象的运动相去甚远。\\n但是当衣服脱掉、紧密接触时，我就不想后退了。\\n然而，有魅力的并不是运动本身，而是阿罗埃本人。"
    },
    {
        "name": "アロエ",
        "message": "「既然这样，完全没问题吧！\\n而且团长，你已经这么大了……嗯，\\n好吧，我只插入一点点，你就保持这个姿势？」"
    },
    {
        "message": "阿罗埃这样说着稍微降低了腰部。\\n勃起的龟头顺利地进入了阴道。\\n阴道已经湿透，轻松地吞下了龟头。"
    },
    {
        "name": "アロエ",
        "message": "「嗯啊……呵呵，只插进去一点点了……\\n嗯，剩下的就靠团长努力动了哦？\\n你能做到吗？」"
    },
    {
        "message": "暖暖滑滑的感触在龟头上扩散开来，让人无法忍受。\\n为了追求更多快感，我开始用力抽动腰部。\\n勃起的阴茎在阴道中滑动着，带来愉悦的感触。"
    },
    {
        "name": "アロエ",
        "message": "「嗯……嗯嗯……对，就这样\\n嗯……这样努力地把你的小弟弟插进来出去吧？」"
    },
    {
        "message": "随着她的催促，我开始动起腰来。\\n每次抬起腰部，肌肤相互碰撞发出干燥的声音。"
    },
    {
        "name": "アロエ",
        "message": "「团长，再用力一点好吗？\\n这样努力地抽插，小弟弟很舒服吧？」"
    },
    {
        "message": "阿罗埃微笑着朝我靠近，轻声喘息着。\\n她可爱的动作和微笑让我的腰自然地动了起来。"
    },
    {
        "name": "アロエ",
        "message": "「只要努力就能享受到相应的快感……明白吧？\\n嗯，所以继续努力哦？\\n啊……嘻嘻，用力抽插……嗯嗯！」"
    },
    {
        "message": "我随着阿罗埃的呼喊开始动起腰来。\\n她的阴道紧紧地夹住我的阳具，仿佛要将其牢牢抓住一样。\\n欲望随着扩散的快感而积蓄。"
    },
    {
        "name": "アロエ",
        "message": "「嗯，好厉害，团长，你已经抽插得很猛烈了哦？\\n啊啊，我也好厉害，感觉好舒服……嗯嗯！」"
    },
    {
        "name": "アロエ",
        "message": "「啊啊，腰的动作又快又强烈了……！\\n嗯，团长，再加把劲……呵呵呵，那么……」"
    },
    {
        "message": "说着，阿罗埃抓住我的手，将它按在她年轻的乳房上。\\n手掌感受到柔软而年轻的胸部触感。\\n阳具因为这种刺激而跳动起来。"
    },
    {
        "name": "アロエ",
        "message": "「为了队长能更加努力，嗯……胸部，嗯，可以随意触摸哦？所以队长……嗯，要加油哦？」"
    },
    {
        "message": "在阿罗埃无私的鼓励下，腰部的动作变得更加激烈。即使没有打算努力，行为也变得激烈起来。"
    },
    {
        "message": "一边揉捏乳房，一边扭动腰部。无论用多大的力气揉捏，阿罗埃都不会讨厌。反而她的身体看起来很开心。"
    },
    {
        "name": "アロエ",
        "message": "「啊啊呜，嗯，被队长……我的胸部被压扁了\\嗯呜……啊啊呜，嗯，好厉害，这个，我也很舒服……！」"
    },
    {
        "message": "阿罗埃仰起背部，抬起脸颊露出喉咙喘息着。她的下半身颤抖着。这边也感受到了高潮的波涛。"
    },
    {
        "name": "アロエ",
        "message": "「呼啊！？嗯呜……好厉害！啊啊呜！队长，好激烈……嗯！好厉害，好多阴茎在动！」"
    },
    {
        "message": "为了追求快感，猛烈地抬起腰部。每次刺入阴道深处，阿罗埃的身体都会颤抖起来。"
    },
    {
        "name": "アロエ",
        "message": "「队长，太厉害了……啊啊呜！被顶到深处，啊啊呜！每次顶进去，头脑都变得一片空白！」"
    },
    {
        "name": "アロエ",
        "message": "「好舒服……！队长的阴茎，好舒服！啊啊，队长也是，啊啊呜，在我里面，感觉舒服吗？」"
    },
    {
        "message": "我一边点头回答阿罗埃的问题，一边感受着无法停止的快感，腰部不自觉地动了起来。"
    },
    {
        "name": "アロエ",
        "message": "「嘿嘿，嗯，太开心了……团长喜欢的话，我会更加努力，随时随地让你感到舒服的。」"
    },
    {
        "message": "阿罗埃的话让我无法再忍耐射精。脑海中只有一件事，就是想要把精液射进阿罗埃的体内。"
    },
    {
        "name": "アロエ",
        "message": "「嗯，可以的……！就射进来吧！把全部都射进我的体内！让我充满起来……！」"
    },
    {
        "message": "被阿罗埃的话引导着，射精感越来越强烈。绝顶即将到来，视野边缘闪烁着光芒。"
    },
    {
        "name": "アロエ",
        "message": "「啊啊……！团长，好厉害，充满了！啊啊……好厉害，真了不起……啊啊！」"
    },
    {
        "name": "アロエ",
        "message": "「啊啊，要射了……！团长！我也……啊啊！我也要来了……！啊啊……！！！！！」"
    },
    {
        "name": "アロエ",
        "message": "「啊啊……嗯……哈啊啊……好厉害，团长的精液……射得好多……嗯呜！准确地射进了我的深处……嗯呜」"
    },
    {
        "message": "猛烈地抬起腰部，在阿罗埃的最深处射精。浓稠而炽热的精液将阴道染得纯白。"
    },
    {
        "name": "アロエ",
        "message": "「我的小穴，被团长的精子填满了……嗯，啊啊，流出来了……」"
    },
    {
        "message": "阿罗埃一边看着连接处，一边留恋地说道。\n我已经尽情释放了一切，现在已经是筋疲力尽了。\n紧紧拥抱着阿罗埃的身体，感受到她的柔软，调整呼吸。"
    },
    {
        "name": "アロエ",
        "message": "「哇……嘿嘿，团长真棒，好厉害好厉害。\n身体动得很多，感觉真舒服。\n而且，我也感觉非常舒服哦？」"
    },
    {
        "message": "阿罗埃像夸奖小孩一样的言行，在这个时候却让人感到愉快。\n我紧紧地抱住她的身体，享受着她的温柔。"
    },
    {
        "name": "アロエ",
        "message": "「好了……差不多了吧？\n好的，团长」"
    },
    {
        "message": "当呼吸逐渐平稳下来的时候。\n阿罗埃离开我的身体，\n从脱下的衣服中拿出巧克力放进嘴里。\n这是要我吃吗？"
    },
    {
        "name": "アロエ",
        "message": "「嗯，甜食对恢复疲劳很好哦！\n吃完这个就结束休息时间了！\n团长，我们再来一次吧！」"
    },
    {
        "message": "我无法理解阿罗埃的话。\n不由自主地咽下了刚刚传递过来的巧克力。\n到底是怎么回事？"
    },
    {
        "name": "アロエ",
        "message": "「怎么回事呢，团长忘记了吗？\n因为这也是运动啊！还有三组没完成呢！」"
    },
    {
        "message": "阿罗埃这样说着，天真地微笑着。\n看来这个运动还会继续下去。"
    }
]