[
    {
        "name": "ストレリチア",
        "message": "「嗯……！嗯，哈啊，哈啊……进来了」"
    },
    {
        "message": "斯托雷利奇亚坐在上面，把龟头对准秘裂，\\n慢慢地坐下去吞下勃起的阴茎。"
    },
    {
        "name": "ストレリチア",
        "message": "「唉……虽然我很有魅力，但是弄得这么大……嗯嗯」"
    },
    {
        "message": "尽管口头上不同，斯托雷利奇亚还是因为不习惯的刺激而颤抖。\\n为了关心她的身体，试图改变姿势。\\n但是，斯托雷利奇亚拒绝了这样做。"
    },
    {
        "name": "ストレリチア",
        "message": "「不、不行！我明明是在上面的！\\n你们这些人怎么敢想要压制住斯托雷利奇亚大人！」"
    },
    {
        "message": "看来即使在这种时候也能保持傲慢的自尊心。\\n然而，斯托雷利奇亚显然没有这样的经验。\\n把一切交给我会没问题吗。"
    },
    {
        "name": "ストレリチア",
        "message": "「不用担心！\\n你只需要考虑如何感到舒服……嗯\\n就好了……」"
    },
    {
        "message": "斯托雷利奇亚笨拙地动着腰部。\\n滑溜溜的阴道褶皱轻抚着勃起的阴茎。"
    },
    {
        "name": "ストレリチア",
        "message": "「嗯嗯，呵呵，只是稍微动了一下，\\n你就露出那么舒服的表情」"
    },
    {
        "name": "ストレリチア",
        "message": "「感觉很舒服吧？呵呵，来，说出来\\n斯托雷利奇亚大人的小穴很舒服，来，来」"
    },
    {
        "message": "斯托雷利奇亚一边笑着说着，一边伸手到我的乳房上。\\n为了不被她的责难所打败，我也伸手去摸她的乳房。"
    },
    {
        "name": "ストレリチア",
        "message": "「嗯嗯，喂……！别、别调皮了，啊啊……！\\n不、不要这样，真的不行……！」"
    },
    {
        "message": "用指尖享受着乳房柔软的触感。\\n斯托雷利奇亚因为乳房被揉弄而感到羞耻和刺激而颤抖。"
    },
    {
        "name": "ストレリチア",
        "message": "「啊呜……呜呜……等、等一下……\\n不、不要、嗯嗯……别碰奇怪的地方」"
    },
    {
        "message": "斯托雷利奇亚的腰停止了动作。\\n看到这一幕，我开始抬起腰部。"
    },
    {
        "name": "ストレリチア",
        "message": "「啊啊啊啊！！」"
    },
    {
        "message": "仅仅是这么一点动作，\\n斯托雷利奇亚就仰起身体发出娇声。"
    },
    {
        "name": "ストレリチア",
        "message": "「嗯，笨、笨蛋……明明说了不要……」"
    },
    {
        "message": "身体颤抖着，斯托雷利奇亚勉强发出声音。\\n然后，她突然转过头去，好像吓了一跳。"
    },
    {
        "message": "那张脸，是我从未见过的，斯托雷利奇亚迷离的表情。"
    },
    {
        "name": "ストレリチア",
        "message": "「不要……嗯嗯，现、现在，\\n不要看我的脸……」"
    },
    {
        "message": "就像一个任性的孩子一样摇着头，斯托雷利奇亚试图掩盖她迷离的表情。"
    },
    {
        "message": "然而，我把手放在她火热的脸颊上，让她转过来面对我。"
    },
    {
        "name": "ストレリチア",
        "message": "「呜呜……\\n我、我说了不行……嗯嗯！？」"
    },
    {
        "message": "无视斯托雷利奇亚的话语，我直接贴上双唇。\\n被封住双唇的斯托雷利奇亚从鼻子里发出沉闷的声音和呼吸。"
    },
    {
        "name": "ストレリチア",
        "message": "「嗯嗯嗯……吧……嗯嗯，嗯嗯」"
    },
    {
        "message": "我分开她的双唇，用舌尖进入。\\n一开始斯托雷利奇亚还有些抵抗，但很快她也开始回应我的舌头。"
    },
    {
        "name": "ストレリチア",
        "message": "「嗯嗯，啾啾……嘞噢……嗯嗯呜，啾啾呜……\\n嗯嗯呜，嘞噢……呜呜……」"
    },
    {
        "message": "我们吸着对方的唇，不知不觉间身体紧贴在一起。"
    },
    {
        "message": "然后，慢慢地分开双唇，仿佛有些依依不舍。"
    },
    {
        "name": "ストレリチア",
        "message": "「嗯嗯呜，扑哈……哈哈，嗯呜，哈哈……哈哈……\\n喜、喜欢你……嗯呜，团长，喜欢你……」"
    },
    {
        "message": "伴随着热烈的呼吸，她说出了这些话。\\n平时从不会说出口的斯托雷利奇亚的真心话如同堤坝决堤一般涌出。"
    },
    {
        "name": "ストレリチア",
        "message": "「好喜欢……好喜欢你……\\n团长的事情、你的事情我都好喜欢……\\n喜欢得太过分了……喜欢得让我难受」"
    },
    {
        "name": "ストレリチア",
        "message": "「每天、每天都只想着你……\\n我从来没有这么渴望过，这是第一次」"
    },
    {
        "message": "她以陶醉的表情凝视着我，\\n斯托雷利奇亚颤抖着声音表白道。"
    },
    {
        "name": "ストレリチア",
        "message": "「想要你……不管做什么，\\n就算用光我全部的财产，我也要你……嗯呜」"
    },
    {
        "message": "斯托雷利奇亚颤抖着四肢，缓慢地摆动着腰部。"
    },
    {
        "name": "ストレリチア",
        "message": "「嗯嗯……我明白，\\n无论付出多少金钱，也无法买到你的时间和身体……嗯嗯呜」"
    },
    {
        "name": "ストレリチア",
        "message": "「但是……啊啊，但是但是，\\n我就是这么想要你！」"
    },
    {
        "name": "ストレリチア",
        "message": "「喜欢……喜欢喜欢喜欢……好喜欢……！」"
    },
    {
        "message": "斯托雷利奇亚像一个乞求着想要某样东西的孩子一样，发出了悲伤的声音。"
    },
    {
        "message": "为了回应她的心愿，我也用力抽送起来。\\n阴道湿润得令人惊讶，坚硬的勃起刺激得非常舒服。"
    },
    {
        "name": "ストレリチア",
        "message": "「呼啊！嗯嗯呜呜……深、深一点……！\\n啊啊，嗯嗯呜，感、感觉，好舒服……啊啊！」"
    },
    {
        "name": "ストレリチア",
        "message": "「再多一点，再多一点！\\n你的事情，再多一点给我……给我！\\n啊啊呜呜……！！」"
    },
    {
        "message": "爱液从阴道深处不停地流出。\\n每次抽送，勃起都搅拌着爱液。"
    },
    {
        "name": "ストレリチア",
        "message": "「啊啊！再多一点，再多一点给我……！\\n我会把我的全部都给你……！」"
    },
    {
        "name": "ストレリチア",
        "message": "「我想要，很多很多……！\\n啊啊，嗯嗯呜呜……！我、我喜欢你！！」"
    },
    {
        "message": "阴道紧紧地夹住了阴茎。\\n粗糙的阴道褶皱每次划过勃起的整个过程，从腰部深处传来快感。"
    },
    {
        "name": "ストレリチア",
        "message": "「舒、舒服吗？你的阳具在颤抖着……嗯嗯呜\\n我也很舒服……！啊啊！」"
    },
    {
        "name": "ストレリチア",
        "message": "「感觉舒服……在我里面，感觉舒服！！」"
    },
    {
        "message": "斯托雷利奇亚的话让射精的感觉更加涌上心头。\\n逐渐地，我无法再忍耐下去。"
    },
    {
        "name": "ストレリチア",
        "message": "「啊啊……阳具在我里面颤抖着……嗯嗯呜呜，\\n好的，射出来……把你的精子给我！」"
    },
    {
        "name": "ストレリチア",
        "message": "「……所以……不要放松……嗯，\\n如果你射在外面，我可不会放松的……！」"
    },
    {
        "message": "当斯托雷利奇亚朝我这边眨着泪眼，可爱地瞪着我时，\\n那眼神成为了最后的推动力。"
    },
    {
        "name": "ストレリチア",
        "message": "「啊啊！嗯嗯呜呜……啊啊啊啊啊……！！！！」"
    },
    {
        "name": "ストレリチア",
        "message": "「嗯嗯呜，啊啊……啊啊啊啊！！！！！」"
    },
    {
        "message": "猛烈地抽送着，射精在阴道深处。\\n阴茎一次次搏动，喷出精液。"
    },
    {
        "name": "ストレリチア",
        "message": "「啊啊……好、好厉害……在里面，流出来了！\\n啊啊……抖动着……好多好多……」"
    },
    {
        "name": "ストレリチア",
        "message": "「嗯，很好，全部都给我……\\n全部全部的……给我吧……」"
    },
    {
        "name": "ストレリチア",
        "message": "「你的精子……嗯嗯呜呜，全部都是我的……\\n因为我想要全部全部的……啊啊啊」"
    },
    {
        "message": "不知道是有意还是本能无意识地如此，\\n阴道紧紧地夹住了阴茎，促使射精。"
    },
    {
        "message": "仿佛要把一滴都不剩下一样，\\n阴道温柔地夹紧着阴茎。"
    },
    {
        "name": "ストレリチア",
        "message": "「嗯嗯，全部都出来了吗？\\n在我里面，能好好射精吗？」"
    },
    {
        "message": "斯托雷利奇亚一边喘着热气，一边向我询问。\\n然而，由于极度的快感余韵，我只能点头回应。"
    },
    {
        "name": "ストレリチア",
        "message": "「呵呵……是吗，太好了……\\n我也非常舒服……」"
    },
    {
        "message": "说着，斯托雷利奇亚把脸埋在我的胸前。\\n我紧紧拥抱着她柔软的身体，轻抚着她的头。"
    },
    {
        "message": "我们就这样拥抱了一会儿。\\n但是，不久之后，斯托雷利奇亚抬起头说道。"
    },
    {
        "name": "ストレリチア",
        "message": "「……团长，那个，再、再来一次……想要」"
    },
    {
        "name": "ストレリチア",
        "message": "「不、不会让你说不行的！\\n再来一次，我想要团长的……！」"
    },
    {
        "message": "面对如此贪婪的斯托雷利奇亚，我不禁笑了起来。"
    },
    {
        "name": "ストレリチア",
        "message": "「不、不要笑了再来一次！\\n我想和斯托雷利奇亚大人做爱！\\n快，重复一遍！」"
    }
]