[
    {
        "name": "ロウバイ",
        "message": "「团长……果然，你在意吧，\\n一直偷偷瞄着我，我知道的哦？」"
    },
    {
        "message": "罗梅坐在旁边的床上，叹了口小小的气说道。"
    },
    {
        "name": "ロウバイ",
        "message": "「女孩子对这种眼神很敏感的……\\n大概，我尤其在意……那个，有点介意」"
    },
    {
        "message": "大概，不，肯定是在谈论胸部的事情。\\n不过，我也觉得不去看罗梅那宽大的乳房的话，\\n有点奇怪。"
    },
    {
        "name": "ロウバイ",
        "message": "「哈啊……果然团长也喜欢胸部呢」"
    },
    {
        "message": "面带苦笑，我诚实地道歉。\\n然后，罗梅说出了出乎意料的话。"
    },
    {
        "name": "ロウバイ",
        "message": "「……没关系……如果是团长的话，就算被看见……」"
    },
    {
        "message": "羞耻使罗梅的脸红透，她看着我。\\n不知不觉间，我们的脸逐渐靠近。"
    },
    {
        "name": "ロウバイ",
        "message": "「……咿呀」"
    },
    {
        "message": "靠近的香味，我无法忍受。\\n不知不觉中，我把腊梅按倒在床上。"
    },
    {
        "name": "ロウバイ",
        "message": "「呼啊……啊啊，嗯嗯……！」"
    },
    {
        "message": "将阴茎顶端对准腊梅的阴道口，\\n慢慢地往下沉入。\\n那湿滑的感觉，逐渐吞噬着阴茎。"
    },
    {
        "name": "ロウバイ",
        "message": "「啊……嗯嗯，进来了……啊啊，\\n团长的，进入我的体内了……啊啊」"
    },
    {
        "message": "面对着初次的触感，腊梅发出了高亢的声音。\\n尽量温柔地、缓慢地插入。\\n终于，阴茎完全被吞没在阴道中。"
    },
    {
        "name": "ロウバイ",
        "message": "「嗯嗯……呜呜呜……好厉害，真的全部都进来了……啊啊」"
    },
    {
        "message": "保持这个姿势，观察一会儿。\\n等腊梅的呼吸平稳下来，决定等她安定下来。"
    },
    {
        "message": "突然，目光被从敞开的衣服间溢出的\\n乳房所吸引。"
    },
    {
        "message": "果然，那对乳房相当大……。\\n虽然腊梅在在意，但如果不注意到的话反而更奇怪。"
    },
    {
        "name": "ロウバイ",
        "message": "「嗯嗯，团长……呜呜，你、你看得太多了……嗯嗯」"
    },
    {
        "message": "是察觉到这边的视线了吗，腊梅害羞地发出声音。"
    },
    {
        "message": "然而，一旦被注意到，就无法移开视线。接着，立刻产生了想要触摸的冲动。"
    },
    {
        "name": "ロウバイ",
        "message": "「……你想要触摸吗？」"
    },
    {
        "message": "被直接说中了心里所想，我感到一阵紧张。"
    },
    {
        "name": "ロウバイ",
        "message": "「呜呜，果然团长也喜欢胸部吗？可以、可以的哦？来、来摸摸吧」"
    },
    {
        "message": "腊梅害羞地转过脸去，但她确实这样说了。"
    },
    {
        "message": "对于在意自己胸部大小的她来说，这是需要相当勇气的事情。想到这一点，喜悦和宠爱涌上心头。"
    },
    {
        "name": "ロウバイ",
        "message": "「团长？啊……嗯，亲……」"
    },
    {
        "message": "靠近腊梅，轻轻地合上了嘴唇。\\n腊梅害羞地脸红了，但微微笑了一下。"
    },
    {
        "message": "然后慢慢地滑过手掌，触摸到了那丰满的乳房。"
    },
    {
        "name": "ロウバイ",
        "message": "「呀……嗯嗯……！」"
    },
    {
        "message": "为了不伤害她，我尽量温柔地抚摸着乳房，\\n腊梅耸耸肩承受着那刺激。"
    },
    {
        "name": "ロウバイ",
        "message": "「啊，嗯嗯……怎么，怎么感觉有点奇怪呢，\\n团长大人……我的胸部……啊啊，摸一下吧……」"
    },
    {
        "name": "ロウバイ",
        "message": "「嗯嗯，好像，好像很……啊啊，很色情呢……\\n嗯嗯，啊啊……！」"
    },
    {
        "message": "轻轻抚摸了一会儿后，\\n这次用力揉捏起乳房。\\n由于太大了，从手掌中溢出来。"
    },
    {
        "name": "ロウバイ",
        "message": "「呼啊……啊啊，嗯嗯……团、团长大人，\\n怎么样？我的胸部……嗯嗯，有点奇怪吗？」"
    },
    {
        "message": "一点奇怪的地方都没有。\\n每一处都令人珍爱。"
    },
    {
        "name": "ロウバイ",
        "message": "「嗯嗯……啊啊……真的吗？\\n呼呼……嗯嗯……啊呀，那、那就好……嗯」"
    },
    {
        "name": "ロウバイ",
        "message": "「但是……啊啊，还是很害羞的……」"
    },
    {
        "message": "腊梅忍受着被爱抚乳房的羞耻，\\n当乳房被揉捏时，\\n渐渐地乳头变得尖锐而坚硬。"
    },
    {
        "message": "然后用指尖刺激那个尖锐的部分。"
    },
    {
        "name": "ロウバイ",
        "message": "「呼啊！？嗯嗯……！！\\n团、团长先生……啊啊，龟头，嗯嗯……！」"
    },
    {
        "message": "腊梅仰起身子发出喘息声。\\n从她的反应来看，似乎很舒服。\\n继续爱抚乳头的尖锐部分。"
    },
    {
        "name": "ロウバイ",
        "message": "「啊啊，嗯嗯……！\\n不、不要，这么舒服……啊啊，我、我不说！」"
    },
    {
        "message": "腊梅因为害羞而顽强地坚持着。\\n然而，继续执着地爱抚乳头，\\n腊梅的喘息声变得更大。"
    },
    {
        "name": "ロウバイ",
        "message": "「呼啊，啊啊……嗯嗯，我、我知道了……啊啊，\\n好、好舒服……啊啊，好舒服！」"
    },
    {
        "name": "ロウバイ",
        "message": "「团长摸我的，嗯嗯，胸部，感觉好舒服！\n啊啊，嗯呜，玩弄着我的尖端……啊啊，\n好、好舒服啊……！」"
    },
    {
        "message": "罗梅说出了坦率的话语。\n似乎是快感战胜了羞耻心。"
    },
    {
        "message": "听到这话后，我将一直停留在插入的阴茎一下子动了起来。"
    },
    {
        "name": "ロウバイ",
        "message": "「嗯嗯，呼啊啊啊啊！！？？」"
    },
    {
        "message": "我用手拉住她的腰，开始动起来。\n那个地方已经变得又湿又滑，\n连接处闪烁着淫靡的光芒。"
    },
    {
        "name": "ロウバイ",
        "message": "「呼、呼啊啊……！\n嗯嗯呜、不、不是假的……那里……啊啊\n太、太舒服了……！」"
    },
    {
        "name": "ロウバイ",
        "message": "「刚才……嗯嗯呜呜，没、没有这么舒服过，\n嗯嗯呜呜！！ 这、这样的……啊啊啊！！」"
    },
    {
        "message": "在粘膜摩擦的快感下，罗梅的身体颤抖了起来。\n通过对乳房的爱抚，她的身体已经做好了感受的准备。"
    },
    {
        "name": "ロウバイ",
        "message": "「啊啊，团长先生，团长先生……！\n好、好舒服啊，团长先生的淫行……啊啊，好舒服！」"
    },
    {
        "name": "ロウバイ",
        "message": "「虽然很害羞……啊啊，好害羞……\\n还想要更多……！想要……！」"
    },
    {
        "message": "楼梅握住了我这边的手，用力地握着。\\n她的腰部动作变得更加剧烈。"
    },
    {
        "name": "ロウバイ",
        "message": "「啊啊，团长大人，我喜欢你……！\\n啊啊，嗯嗯，我、我非常喜欢你……！」"
    },
    {
        "name": "ロウバイ",
        "message": "「只有团长您……啊啊，随时都可以，啊啊，\\n给您看我的胸部……啊啊！」"
    },
    {
        "name": "ロウバイ",
        "message": "「只有团长您才能……啊啊，让您碰触！\\n嗯嗯，只有团长您可以触摸我的胸部……！」"
    },
    {
        "name": "ロウバイ",
        "message": "「所以……啊啊，嗯嗯，所以……呼呀！！」"
    },
    {
        "message": "当楼梅发出娇声时，阴道不断收缩，充满喜悦。"
    },
    {
        "name": "ロウバイ",
        "message": "「喜欢您……团长大人，非常喜欢……啊啊！\\n嗯嗯，呼啊啊啊啊啊！！！！！」"
    },
    {
        "name": "ロウバイ",
        "message": "「嗯嗯嗯……！！！啊啊啊啊啊……」"
    },
    {
        "message": "将阴茎深深插入，释放欲望。\\n一次次颤抖着，精液从龟头喷涌而出。"
    },
    {
        "name": "ロウバイ",
        "message": "「啊，啊啊……嗯嗯，里面在颤抖……\\n啊啊……团长，在我里面射精了……！」"
    },
    {
        "name": "ロウバイ",
        "message": "「在里面射了……啊啊，我知道了，\\n嗯嗯……肚子好暖和……嗯嗯」"
    },
    {
        "message": "感受到阴道内射精的感觉，罗乌白的嘴唇颤抖着露出陶醉的表情。\\n我也因为快感的余韵而身体松弛下来。"
    },
    {
        "name": "ロウバイ",
        "message": "「啊，团长……嗯嗯嗯」"
    },
    {
        "message": "就这样倒在床上，\\n将脸埋在罗乌白丰满的乳房中。"
    },
    {
        "name": "ロウバイ",
        "message": "「……像个孩子一样……啊，不，没什么」"
    },
    {
        "message": "罗乌白纤细的手指抚摸着我的头。\\n深深吸了口气，\\n闻到微微的汗味和甜美少女的香气。"
    },
    {
        "name": "ロウバイ",
        "message": "「团长……感觉好吗？\\n……呵呵，是吗，那就好」"
    },
    {
        "name": "ロウバイ",
        "message": "「团长真的很喜欢胸部呢……\\n真是个没办法的孩子……嘻嘻嘻」"
    },
    {
        "message": "罗拜一边抚摸着我的头微笑着。\\n在她的温柔和柔软的乳房中，\\n那天我就这样入睡了。"
    }
]