[
    {
        "name": "ベルゲニア",
        "message": "「团长大人，关于明天的日程安排，可能会有些拥挤。」"
    },
    {
        "message": "最近，我作为团长的工作忙得要命。\\n贝尔格尼亚负责管理我的日程，但有时候还是非常紧凑。"
    },
    {
        "name": "ベルゲニア",
        "message": "「团长大人……？\\n您一直盯着我看，有什么事吗？」"
    },
    {
        "message": "看到女仆装，就不由自主地想起了那天的事情。\\n同时，也会涌上一种膨胀感。"
    },
    {
        "name": "ベルゲニア",
        "message": "「您在看女仆装吗？\\n能被公主赐予的礼物所倾慕，我很高兴……」"
    },
    {
        "message": "无法忍耐，我向贝尔格尼亚靠近。\\n我抱住她手中的文件堆，靠近她的脸闻着她的气息。"
    },
    {
        "name": "ベルゲニア",
        "message": "「团、团长大人，请不要这样……\\n重要的文件……\\n请至少等工作结束后再……」"
    },
    {
        "message": "我现在就想要。之前我们约好了要腾出时间。\\n我告诉她，我要完成工作。"
    },
    {
        "name": "ベルゲニア",
        "message": "「现、现在就……\\n确、确实，虽然没有给您腾出空闲时间，但是，\\n工作还没……啊啊……！」"
    },
    {
        "message": "我将贝尔格尼亚推倒在床上，开始爱抚。\\n刺激着阴蒂，引出爱液。"
    },
    {
        "name": "ベルゲニア",
        "message": "「不、不要，这样敞开下体的姿势……嗯呼……」"
    },
    {
        "message": "透过指缝间看到贝尔格尼亚的脸变得通红。\\n这让我更加兴奋，向前推动腰部。"
    },
    {
        "name": "ベルゲニア",
        "message": "「啊、已经进来了……嗯嗯嗯！团长大人好舒服……哈啊啊啊！」"
    },
    {
        "message": "已经插入的开关一下子寻找到最深处。"
    },
    {
        "name": "ベルゲニア",
        "message": "「这种事情就在眼前……嗯呜呜……」"
    },
    {
        "message": "随着涌上的欲望，开始摆动腰部。"
    },
    {
        "name": "ベルゲニア",
        "message": "「嗯啊、呼、咕、啊啊啊！团长大人，如果要动的话……嗯呜！今天的团长大人好主动……嗯啊啊！」"
    },
    {
        "name": "ベルゲニア",
        "message": "「我、今天只是普通地……呼咕、哈、呼啊！不会做什么淫荡的事情……噫呜、嗯呜、哈呼……」"
    },
    {
        "message": "停不下来的腰。想要更深入地品味贝尔格尼亚。\\n除此之外，什么都不需要了。"
    },
    {
        "name": "ベルゲニア",
        "message": "「虽、虽然说想要的……嗯、呼……\\n啊咕、到、到这个地方了……我、的事情……啊啊啊！」"
    },
    {
        "name": "ベルゲニア",
        "message": "「如果、如果是真的的话……哈、呼呼\\n团长大人……嗯呜呜……感受到了吗，我的表情……啊啊\\n不、不要……太害羞了，这样的姿态……啊啊啊！」"
    },
    {
        "name": "ベルゲニア",
        "message": "「这、这是真的吗……我、我竟然让团长大人迷住了吗……？」"
    },
    {
        "message": "贝尔格尼亚痛苦地喘息着。\\n仿佛在回答那样，向着更深处顶击。"
    },
    {
        "name": "ベルゲニア",
        "message": "「嗯啊啊！更深处……！子宫的入口……！\\n被顶击着，不可能没有感觉……！\\n小穴，已经成为洪水一片了……！」"
    },
    {
        "message": "不仅是阴道，每次顶击还能感受到摇曳的乳房的魅力。\\n一边爱抚，一边贪婪地享受吸吮的触感。"
    },
    {
        "name": "ベルゲニア",
        "message": "「胸部……哈呼……好舒服，被揉弄着……\\n团长大人也很高兴……」"
    },
    {
        "name": "ベルゲニア",
        "message": "「但、但是，今天有个请求……那个，请不只是揉捏……\\n乳头……也请给我……上次没有得到过……」"
    },
    {
        "name": "ベルゲニア",
        "message": "「就像挤奶一样被揉搓着……\\n虽然那个也很喜欢，但今天想要被刺激一下……」"
    },
    {
        "message": "满足了我的请求，用手指捏住乳头。\\n敏感的突起很快勃起，我更用力地刺激着。"
    },
    {
        "name": "ベルゲニア",
        "message": "「嗯啊啊……！团、团长大人对我来说就是这种感觉吗\\n呼呼，身体抖动起来了……嗯！」"
    },
    {
        "name": "ベルゲニア",
        "message": "「团长大人这样宠爱我，\\n我的内心也会发出咕噜噜的声音……啊呜、嗯呜呜、啊啊啊！」"
    },
    {
        "name": "ベルゲニア",
        "message": "「已经、已经让我背后起鸡皮疙瘩了……！\\n乳头的刺激太过了……啊呜、啊、啊酷！」"
    },
    {
        "message": "想要揉捏的乳房，还有想要爱抚的乳头。\\n然而，张开双腿的这个姿势，\\n让我发现了贝尔格尼亚新的魅力。"
    },
    {
        "name": "ベルゲニア",
        "message": "「啊、啊、为什么……？停下来了\\n不要停下来，可以再刺激我的乳头吗……\\n这样下去的话……嗯呜……请触摸一下吧……」"
    },
    {
        "message": "虽然对于伤心的贝尔格尼亚感到抱歉，\\n但是无法抑制住想要触摸新的魅力的心情。"
    },
    {
        "name": "ベルゲニア",
        "message": "「嗯啊啊……大、大腿……啊啊……内侧很敏感……\\n啊啊啊，轻轻地抚摸着……啊呜呜……哈呼呼……」"
    },
    {
        "message": "从膝盖附近开始，轻抚着柔嫩的肌肤，一直到连接处附近。\\n同时，腰部的动作也变成了缓慢的圆周运动。"
    },
    {
        "name": "ベルゲニア",
        "message": "「啊哈啊……嗯呼呼……啊呜呜呜……虽然很痒痒的……\\n嗯唔唔唔……这个……虽然不是很激烈……咕噜噜噜」"
    },
    {
        "message": "贝尔格尼亚的身体扭动着。她发出的喘息声甜蜜而湿润。\\n她淫荡地扭动着身体，试图闭合双腿，\\n而我则继续撩拨着，将其张开。"
    },
    {
        "name": "ベルゲニア",
        "message": "「啊呜呜……嗯嗯呜呜……哈呼呼……\\n里面也变得温暖了……嗯唔唔……哈哈哈……」"
    },
    {
        "name": "ベルゲニア",
        "message": "「不要啦……我无法保持静止……\\n啊啊啊，不要这样张开大腿……嗯呼呼呼……」"
    },
    {
        "name": "ベルゲニア",
        "message": "「团长大人……请更加激烈一点……\\n猛烈地顶进最深处……嗯嗯嗯啊啊啊……」"
    },
    {
        "name": "ベルゲニア",
        "message": "「为什么不再顶进来呢……？\\n之前您可是很厉害的……\\n虽然这样也很好……但是让人痒痒的……嗯唔唔唔唔……」"
    },
    {
        "message": "比起猛烈地顶进来时，羞耻的色彩更加浓郁深沉。\\n就像被慢慢炖煮在微火上一样，\\n散发着温暖而湿润的气息。"
    },
    {
        "message": "然而，这对我来说也是一样的。\\n就像贝尔格尼亚扭动身体一样，\\n我也被迫受到了无法抵挡的性感刺激。"
    },
    {
        "name": "ベルゲニア",
        "message": "「就这样要……慢慢地……\\n稍微有点兴趣呢……\\n我，快要头脑一片空白了呢……哈啊啊啊啊」"
    },
    {
        "message": "接近极限了。\\n但同时，也希望能享受这种舒适感。"
    },
    {
        "name": "ベルゲニア",
        "message": "「啊哈啊啊……太、太舒服了……我，不行了呜……\\n这样下去，我会融化消失的呜……」"
    },
    {
        "name": "ベルゲニア",
        "message": "「嗯哈啊啊……变得黏黏糊糊的呜呜……\\n被团长大人爱着呜……嗯嘶哈啊啊啊……\\n啊啊……一个人就结束了对不起……但是嗯啊啊啊！？」"
    },
    {
        "message": "强烈的诉求让我几乎失去自我，腰部向前突出。\\n按照本能，身体自动地动了起来。"
    },
    {
        "name": "ベルゲニア",
        "message": "「现在这么剧烈地……不行，不行……\\n不行……咕噜……不行，真的……！」"
    },
    {
        "name": "ベルゲニア",
        "message": "「连脑袋都融化了，还有什么……！\\n但是，团长大人强烈地要求着我……呼呼，呼呼，喜欢……！\\n请……多多要求我……！」"
    },
    {
        "message": "受到她的请求的刺激，紧紧地抱住了贝尔格尼亚。"
    },
    {
        "name": "ベルゲニア",
        "message": "「啊、啊……这样紧紧地抱着我……\\n嗯咕、啊呜、被团长大人包围着……嗯咔、啊呜呜……！」"
    },
    {
        "name": "ベルゲニア",
        "message": "「啊、呼、啊、嗯……要……要来了……\\n这是迄今为止最厉害的……嗯咕、嗯咕、嗯啊、啊呼」"
    },
    {
        "name": "ベルゲニア",
        "message": "「团长大人也请一起来……哈啊、哈啊、嗯呼……\\n在最深处，尽情地发泄吧……\\n啊啊、啊啊、哈啊啊啊啊！」"
    },
    {
        "name": "ベルゲニア",
        "message": "「嗯哈啊……喷出来了……热热的，势头很猛烈……嗯呜呜呜……\\n哈哈，哈哈哈……！」"
    },
    {
        "message": "沉浸在舒适的感觉中，\\n我们彼此经历了漫长的高潮。\\n精液被完全挤出，\\n身体的核心仿佛被抽空一般变得无力。"
    },
    {
        "name": "ベルゲニア",
        "message": "「哈啊啊……还是温暖而蓬松着呢……」"
    },
    {
        "message": "从她满足的表情中，我能感受到满足感。\\n我自己也被长时间的射精所满足。"
    },
    {
        "message": "我真心希望能一直沉浸在这余韵中。\\n然而，脑海中突然浮现出工作的事情。\\n想起中途放下工作，陷入行为之中的事情。"
    },
    {
        "name": "ベルゲニア",
        "message": "「团长大人，为什么一脸困扰的表情呢……？\\n是不是更想要我的身体呢……？」"
    },
    {
        "message": "对于贝尔格尼亚像撒娇一样问我，我抱歉地回答道。\\n关于工作该怎么办呢。"
    },
    {
        "name": "ベルゲニア",
        "message": "「现在才说这个吗……？明明我说过有工作要做，可是把我压倒的是团长大人哦？你闻到了味道，觉得有多丢脸呢？」"
    },
    {
        "message": "在言辞间感受到一丝刺痛。虽然之前也听到过傲慢的台词，但今天更加强烈地刺痛着。"
    },
    {
        "name": "ベルゲニア",
        "message": "「我并没有真的生气啦。团长大人一心一意地进攻，非常有魅力呢。」"
    },
    {
        "name": "ベルゲニア",
        "message": "「啊，要不就干脆不去上班了怎么样？今晚就一直这样下去吧……你觉得这是个好提议吗？主人大人……呵呵，我的重要主人♪」"
    }
]