[
    {
        "message": "那是一个罕见早早完成工作的夜晚。"
    },
    {
        "name": "ハカラメ",
        "message": "「团长，你有时间吗？\\n我有些事情想要和你谈谈……」"
    },
    {
        "message": "这可能是个严肃的话题。\\n稍微纠正一下住所。"
    },
    {
        "name": "ハカラメ",
        "message": "「之前，团长突然摸了我的胸部\\n然后我就变得很害羞了，\\n冷静地想想，那是不对的」"
    },
    {
        "message": "现在还有必要再提起吗？"
    },
    {
        "name": "ハカラメ",
        "message": "「如果……如果啊，\\n我对其他人做了同样的事情，\\n那将涉及到骑士团长的声誉」"
    },
    {
        "name": "ハカラメ",
        "message": "「唯一的对策就是\\n不要再做那种事情了」"
    },
    {
        "message": "哈卡拉梅紧紧逼近过来。"
    },
    {
        "name": "ハカラメ",
        "message": "「为了确保那种事情不再发生，请发泄在我身上\\n作为交换，你可以责难我任何程度」"
    },
    {
        "message": "哈卡拉梅的眼神是认真的。\\n有着让人无法拒绝的压迫力，\\n我被她俯视着，不由自主地走向床边。"
    },
    {
        "name": "ハカラメ",
        "message": "「团长先生，被我俯视着感觉怪怪的呢\\n平时都是我一直仰望着你」"
    },
    {
        "message": "虽然本应只是作为性欲解放的身体，\\n但哈卡拉梅却笑得很开心。"
    },
    {
        "name": "ハカラメ",
        "message": "「那么，我就开始了哦？」"
    },
    {
        "message": "哈卡拉梅抬起腰，将枪口对准了阴道。\\n阴茎被湿润的肉壁吞噬着。"
    },
    {
        "name": "ハカラメ",
        "message": "「嗯啊……果然好大……嗯嗯！」"
    },
    {
        "message": "或许是因为已经经历过一次，\\n尽管有些漏出来，但没有停下来全部吞噬了进去。"
    },
    {
        "name": "ハカラメ",
        "message": "「呵呵呵，全部进去后就不会感到痛苦了\\n……毕竟刚才那么混乱，也是理所当然的吧」"
    },
    {
        "message": "那时的羞态，似乎至今仍然觉得害羞。\\n脸颊泛起红晕，开始有些局促不安起来。"
    },
    {
        "message": "被恶作剧的心驱使着，试着向上抬起腰部。"
    },
    {
        "name": "ハカラメ",
        "message": "「嗯啊！？你、你要动的话，\\n团长先生请保持安静……」"
    },
    {
        "message": "哈卡拉梅握住我的手，引导着它到自己的乳房上。\\n另一只手则像情侣一样紧紧握住。"
    },
    {
        "name": "ハカラメ",
        "message": "「胸部可以自由地揉捏哦\\n乳头也……稍微摆弄一下没关系\\n但是，插入的动作就交给我吧」"
    },
    {
        "message": "说着，哈卡拉梅开始上下动起来。"
    },
    {
        "name": "ハカラメ",
        "message": "「嗯呜、嗯、呼……嗯嗯呜……还挺需要用力的呢\\n团长先生的阴茎，因为太大了所以有点辛苦……」"
    },
    {
        "name": "ハカラメ",
        "message": "「啊呜、嗯嗯呜……啊、啊啊……但是，我必须努力\\n毕竟是我提出来的……咕呼、嗯嗯」"
    },
    {
        "message": "用笨拙的腰部运动，努力地刺激着。\\n虽然喜欢激烈的行为，但这样的可爱模样也让人难以抗拒。"
    },
    {
        "name": "ハカラメ",
        "message": "「请用我的身体……嗯啊、啊呜呜、让您满意\\n嗯呜、嗯嗯呜……我也会努力的……啊啊、啊呜」"
    },
    {
        "name": "ハカラメ",
        "message": "「在累了之前做些奇怪的事情之前……嗯呀，哈啊啊……\\n唔呜、嘶呜……让我们把坏心思都吐出来吧」"
    },
    {
        "message": "哈卡拉梅以平静的氛围扭动着腰部。\\n这与她平时的氛围一样。"
    },
    {
        "message": "她的态度温柔，给人一种母性的包容力，\\n同时也常常让人觉得她像个年轻女孩。"
    },
    {
        "name": "ハカラメ",
        "message": "「哈唔……嗯哈啊、啊、嗯嗯呜……怎么样，感觉舒服吗？」"
    },
    {
        "message": "一边说着话，一边捏住乳头。\\n于是，哈卡拉梅展现出了与以前相似的反应。"
    },
    {
        "name": "ハカラメ",
        "message": "「嗯啊啊！！乳头……果然那里很敏感……\\n里面也在疼痛……呼、啊、啊呜呜」"
    },
    {
        "name": "ハカラメ",
        "message": "「即使如此，今天也不会自作主张乱来的……呼，嗯嗯嗯呜、\\n我已经不是第一次了……哈啊、啊啊、啊啊呜呜」"
    },
    {
        "message": "为了发泄性欲的行为。\\n虽然理由有些薄弱，但眼神是认真的。\\n正因如此，只能相信她。"
    },
    {
        "message": "然而，随着时间的推移，\\n她似乎越来越享受这种行为。\\n果然，是因为自己想要才引诱的吧。\\n询问后，她立刻否定了这个想法。"
    },
    {
        "name": "ハカラメ",
        "message": "「没有这样的事情……嗯呀、啊啊、\\n我是认真地考虑了团长的立场……嗨呀、嗯嗯呜……！」"
    },
    {
        "message": "仅仅因为这样的事情，就把自己的身体交出去吗。\\n难道我没有把自己卖得太便宜吗。\\n接着继续质问。"
    },
    {
        "name": "ハカラメ",
        "message": "「如果是团长的话……呼、嗯啊、咿呀呜、嗯嗯呜……！\\n我可以把身体献给你……嗯、嗯嗯嗯！啊……啊呜！！」"
    },
    {
        "name": "ハカラメ",
        "message": "「呼呜、嗯嗯呜、啊、哭哭……我认为你是一个值得信赖的人，\\n也觉得你是那个人……哈啊、哈啊、哈啊、哈啊……！」"
    },
    {
        "message": "这样一来，怀疑只会更加浓厚。\\n在刺激乳头的同时，我提议现在就转变为两人的造人活动。"
    },
    {
        "name": "ハカラメ",
        "message": "「啊啊啊啊啊……那里、不要这样……嗯嗯嗯！！\\n回答不了问题了……呼、嗯、啊啊啊！」"
    },
    {
        "name": "ハカラメ",
        "message": "「嗯呀、嗯呀呀、嗯嗯呜、啊、呜呜……！\\n我会好好回答的，更温柔一点……」"
    },
    {
        "message": "与要求相反，用手指弹弄乳头。"
    },
    {
        "name": "ハカラメ",
        "message": "「嗯嗯嗯嗯嗯！！那、刚才的那个……戳到了，\\n真是恶作剧……啊啊啊啊啊，嗯嗯，啊啊啊！」"
    },
    {
        "message": "反复弹弄乳头，让哈卡拉梅感受到快感。"
    },
    {
        "name": "ハカラメ",
        "message": "「嗯呜、嗯嗯呜、啊呜、呼呀呀啊！！我、我承认了……\\n我会老实说，只是乳头……呜呜！」"
    },
    {
        "name": "ハカラメ",
        "message": "「全部……从头到尾，都是团长说的话……呜呜！\\n我只是想和团长一起造人，所以编了个理由……呜！」"
    },
    {
        "name": "ハカラメ",
        "message": "「真是太不好意思了……喜欢造人真的很对不起……\\n太舒服了，身体都无法忘记了……」"
    },
    {
        "message": "随着她的道歉，冲刺的力量逐渐减弱。\\n最终停下来，只剩下一张疲软的脸。"
    },
    {
        "message": "她那尽力付出的模样真是可爱。\\n也因此，我对她感到宠爱。"
    },
    {
        "name": "ハカラメ",
        "message": "「真的，非常抱歉……」"
    },
    {
        "message": "告诉她不需要再道歉，这次我主动加快冲刺。"
    },
    {
        "name": "ハカラメ",
        "message": "「团、团长……突然这样猛烈地……呜呜！\\n我、我已经感觉到了……呜呜！」"
    },
    {
        "name": "ハカラメ",
        "message": "「嗯啊、啊呜、啊、呜呜！又像上次那样……呜！\\n嗯呜、啊呜呜、啊、呜呜呜！」"
    },
    {
        "message": "哈卡拉梅变得混乱不堪。毫不留情地刺激着阴道深处，共享着快感。"
    },
    {
        "name": "ハカラメ",
        "message": "「哈唔、嗯嗯呜……好舒服……明明会变得很害羞，\\n却感到开心……嗯嗯呜、啊、啊呜呜！」"
    },
    {
        "name": "ハカラメ",
        "message": "「子宫还在颤动着……噗咕、嗯嗯呜、啊啊、呜呜、啊、嗯啊啊！！」"
    },
    {
        "message": "感受到阴道肉的蠕动和射精的气息，床发出吱吱声。"
    },
    {
        "name": "ハカラメ",
        "message": "「嗯啊、啊啊……要来了，要来了……\\n嗯咕、噫咕呜、啊、嗯嗯呜！\\n阴茎、阴茎……嗯啊、啊、呜呜！」"
    },
    {
        "name": "ハカラメ",
        "message": "「哈啊、嗯嗯呜……让我喝下你的淫水……\\n为了造人，请多多注入……呜呜呜！」"
    },
    {
        "message": "握住的手变得更加有力。\\n我也紧紧握住那只手，一起迎接着极致的瞬间。"
    },
    {
        "name": "ハカラメ",
        "message": "「要来了要来了要来了要来了！！嗯啊、啊啊！！够了够了！\\n啊呜、啊咕、嗯咕……嘶、嗯呜、啊啊啊啊！！」"
    },
    {
        "name": "ハカラメ",
        "message": "「要射了！」"
    },
    {
        "name": "ハカラメ",
        "message": "「啊啊……嗯嗯……嗯、啊啊啊……嗯、啊啊啊！\\n种子射精……淫荡的尿液……」"
    },
    {
        "message": "哈卡拉梅用几乎无法回转的口齿，展现出满足的表情。\\n阴道壁紧紧地缠绕着阴茎，紧紧地夹住，不让其逃脱。"
    },
    {
        "message": "将精液注入到炽热而湿滑的天堂之穴中，\\n自然而然地抬起臀部，将龟头顶在子宫口上。"
    },
    {
        "name": "ハカラメ",
        "message": "「嗯嗯、呼呼……不用这样刺激也可以的哦……\\n团长的雄汁已经充分注入了……嗯、嗯嗯……」"
    },
    {
        "message": "感受到哈卡拉梅迸发出的重量。\\n这是只有在行为之后才能品味到的甘美重量。"
    },
    {
        "name": "ハカラメ",
        "message": "「哈啊、哈啊、哈啊……感觉好舒服，好幸福……\\n一开始就应该正常地请求的……」"
    },
    {
        "message": "为什么不这样做呢？\\n在冷静下来后问问自己。"
    },
    {
        "name": "ハカラメ",
        "message": "「都市的女孩子不会主动要求生孩子的……\\n因为听说那是都市淑女的行为方式……」"
    },
    {
        "name": "ハカラメ",
        "message": "「但是！我不再犹豫了！\\n从现在开始，我会主动向您提出请求的\\n所以团长大人，请和我一起努力造人吧！」"
    },
    {
        "message": "看来，哈卡拉梅的造人日子开始了。\\n这也不错。\\n毕竟，她是这么可爱的孩子。"
    },
    {
        "message": "关于都市淑女之类的事情，我会稍后好好教给她。"
    }
]