[
    {
        "message": "或许我太过于拼命了。\\n视线变得模糊起来。"
    },
    {
        "name": "ハカラメ",
        "message": "「团长，您没事吧？\\n要在床上休息吗？」"
    },
    {
        "message": "哈卡拉梅，一直帮我工作的她凑到我面前。\\n她看起来像是两个人，一定是因为疲劳的缘故。"
    },
    {
        "name": "ハカラメ",
        "message": "「啊！等一下，团长！」"
    },
    {
        "message": "刚走出去就绊倒了，不小心抱住了哈卡拉梅。\\n那甜蜜的香气让人难以言喻，手掌传来的柔软触感令人心旷神怡。"
    },
    {
        "name": "ハカラメ",
        "message": "「嗯……嗯，不行团长……胸部，不要这样揉……唔、啊、啊呜……」"
    },
    {
        "message": "挑逗性的声音和乳房这个词语，带走了我的视线和头脑中的雾气。\\n虽然是意外，但我确实揉了她的乳房。\\n这件事必须道歉才行。"
    },
    {
        "name": "ハカラメ",
        "message": "「原来你是想和我做那种事情，一直揉个不停呢\\n要是一开始就直说就好了」"
    },
    {
        "message": "她害羞地将自己的手覆盖在揉动乳房的手上。\\n虽然否定了有那种意思，但回答只有一个字。"
    },
    {
        "name": "ハカラメ",
        "message": "「请不要忍耐……」"
    },
    {
        "message": "哈卡拉梅的脑海变成了粉红色，她不知疲倦地继续着。"
    },
    {
        "name": "ハカラメ",
        "message": "「没有必要关心我，请一口气进来吧\\n你可以把我当作纯粹的性处理对象」"
    },
    {
        "message": "没有理由解释。\\n你在说些什么奇怪的话。"
    },
    {
        "message": "而且，我还要为这次意外道歉。\\n不要光靠言语，尽可能地表示诚意。"
    },
    {
        "name": "ハカラメ",
        "message": "「嗯……碰到了什么……」"
    },
    {
        "message": "微湿的裂缝。\\n当将顶端对准那里时，她的身体颤抖了一下。"
    },
    {
        "message": "与刺激性的身材和平时的言行相反，透露出少女的一面。\\n她抑制住胸口的激动，我深入她的内部。"
    },
    {
        "name": "ハカラメ",
        "message": "「啊……进来了……嗯呜！」"
    },
    {
        "message": "第一次接受异物的地方，比我想象的更加用力。\\n低声请求松开身体的力量，慢慢推进腰部。"
    },
    {
        "name": "ハカラメ",
        "message": "「嗯啊！现在，突然……咕，嗯嗯！」"
    },
    {
        "message": "感觉到碰到了深处。\\n肯定是未知的刺激吧。"
    },
    {
        "name": "ハカラメ",
        "message": "「嗯嗯，已经进去了呢……\\n和团长连在一起了……嗯啊，啊……」"
    },
    {
        "message": "虽然感觉到了紧张，但湿润程度还不错。\\n似乎没有太多疼痛感，这样动一动应该没问题。"
    },
    {
        "message": "告诉哈卡拉梅后，开始前后摆动腰部。"
    },
    {
        "name": "ハカラメ",
        "message": "「嗯嗯……啊，嗯……啊啊，嗯嗯……里面动起来……\\n咕，嗯嗯……啊呃……阳具动起来，就是这种感觉吗……」"
    },
    {
        "name": "ハカラメ",
        "message": "「对不起……明明是自己主动送上身体，却什么都是第一次……\\n嗯啊，啊啊……但是，不用心疼我是真的……」"
    },
    {
        "name": "ハカラメ",
        "message": "「因为通常都是激烈地啪啪啪对吧……\\n所以，即使激烈也没问题的……哈啊，嗯嗯……」"
    },
    {
        "message": "不行，还能感受到紧张。\\n必须等到感受进去后才能激烈进行。"
    },
    {
        "message": "首先，要给她快感。\\n抓住她丰满的乳房，揉捏起来。"
    },
    {
        "name": "ハカラメ",
        "message": "「啊，嗯啊……胸部……咕、嗯嗯……」"
    },
    {
        "message": "一触碰到柔软的肉体，阴道也稍微有所反应。\\n看来乳房的敏感度相当高。"
    },
    {
        "message": "那么，就开始玩弄这里吧。"
    },
    {
        "name": "ハカラメ",
        "message": "「嗯啊、啊啊、哈啊……胸部，好痒……呼、嘿啊、啊啊……身体发痒……嗯啊、啊啊啊……」"
    },
    {
        "message": "暂时不去碰乳头，轻柔地爱抚着。"
    },
    {
        "name": "ハカラメ",
        "message": "「哈呼、嗯嗯呜……哈呀、啊啊……嘿、嗯嗯呜……呃！\\n感觉身体暖洋洋的……咕、嗯嗯呜……啊呜呜！」"
    },
    {
        "name": "ハカラメ",
        "message": "「痒痒的感觉传到了下体……啊、嗯啊啊！\\n团长先生，你在做什么……哈、哈、哈……」"
    },
    {
        "message": "哈卡拉梅的身体显示出发情的迹象。\\n现在可以摸乳头了。"
    },
    {
        "message": "如果她对阴道的收缩反应越来越强烈，\\n就可以按照哈卡拉梅的愿望加快抽送速度。"
    },
    {
        "name": "ハカラメ",
        "message": "「呀呀呀！？那、那里……那里、嗯嗯……呐！\\n那里那里！啊、嗯、啊啊、啊……乳头……♪」"
    },
    {
        "name": "ハカラメ",
        "message": "「捏、不要……被摸弄的话，身体会……哈、嗯嗯……\\n自己就会痉挛起来……哈呼、嗯嗯、啊啊、嘶……」"
    },
    {
        "message": "随着对乳头的刺激增加，对阴茎的刺激也变得更强烈。\\n原本是个纯情少女的女孩，逐渐变成淫荡的女人。"
    },
    {
        "message": "在这里再加一点力度。\\n一边发出令人心跳的肌肤声音，一边用手指弹动坚硬尖锐的乳头。"
    },
    {
        "name": "ハカラメ",
        "message": "「嗯呀啊啊啊！那里，好容易就感觉到了……呐！！」"
    },
    {
        "message": "哈卡拉梅仰起下巴发出娇声。\\n像是最后一击一样，再试着弹一次。"
    },
    {
        "name": "ハカラメ",
        "message": "「嗯呜呜呜！团长先生，你真是坏心眼……呐！！」"
    },
    {
        "name": "ハカラメ",
        "message": "「已经到这个地步，我无法再控制了……\\n请把这当作是生育孩子而不是性处理。」"
    },
    {
        "name": "ハカラメ",
        "message": "「这不只是简单的性爱……而是生育孩子\\n请把我当作要和我生孩子的对象，尽情地注入精液吧！」"
    },
    {
        "message": "她说出了内心的真实想法，触动了男人的本能。\\n既然如此，我也无法停下来。\\n将欲望交给性欲，贪婪地侵入哈卡拉梅的身体。"
    },
    {
        "name": "ハカラメ",
        "message": "「咕、呜呜呜！嗯呀啊啊啊！咕、啊啊啊啊啊！！\\n对、对，就是这样……就是这样……只在书上看过的，\\n激烈的活塞运动……啊呀、啊、啊啊啊啊！」"
    },
    {
        "name": "ハカラメ",
        "message": "「团长先生的淫欲，请更加猛烈地对我发泄……\\n用你的阴茎折磨我的子宫深处吧！」"
    },
    {
        "message": "哈卡拉梅摇动着长发，用满是汗水的肌肤引诱着。\\n散发出雄性和雌性的淫秽气息，彼此亢奋不已。"
    },
    {
        "name": "ハカラメ",
        "message": "「啊、咕呜呜……嗯嗯呜、啊啊……好舒服……！\\n和团长先生生孩子，感觉太棒了……♪」"
    },
    {
        "name": "ハカラメ",
        "message": "「但、但是……高潮的瞬间更加惊人吧……\\n抽搐着痉挛，被淫荡的液体注入体内……\\n然后，变得软弱无力……嗯呀、嗯、嗯呜呜呜！」"
    },
    {
        "name": "ハカラメ",
        "message": "「光是想象就让子宫隐隐作痛……\\n虽然是第一次生孩子，但我已经展示了很多不检点的地方……」"
    },
    {
        "message": "或许是因为一开始就对造人有浓厚的兴趣。\\n渐渐失控的哈卡拉梅，不仅露出了女性的表情，还展示出了雌性的痴态。"
    },
    {
        "name": "ハカラメ",
        "message": "「哈啊哈啊……嗯哈啊、嗯哈啊……乱搞小鬼……想要快点来吧……呜呜，啊啊，啊啊！\\n淫荡的尿液……充满种子的精液……好想要快点得到……」"
    },
    {
        "message": "跟上她变得越来越困难。\\n感觉就像是面对着不该被唤醒的怪物一样。"
    },
    {
        "message": "但如果那样能变得诱人而美丽，那就太好了。\\n为了引发射精的气息，无论如何都要用力抽送。"
    },
    {
        "name": "ハカラメ",
        "message": "「嗯啊，啊啊啊……要射了……嗯嗯嗯……虽然是第一次，但我明白了……\\n我明白自己快要射了……哈啊，嗯啊，呼呜！」"
    },
    {
        "name": "ハカラメ",
        "message": "「小鬼也快点……嗯呜，啊，嗯呜啊，啊，嗯，啊啊啊！\\n哈呼，啊呼呼，嗯啊啊，嗯嗯嗯……我快要射了！」"
    },
    {
        "message": "阴茎炙热难耐。\\n身体无意识地准备射精，猛烈地撞击着哈卡拉梅的深处。"
    },
    {
        "name": "ハカラメ",
        "message": "「要射了、要射了！要射要射要射！\\n哈呼，啊，嗯啊，啊……来吧、来吧……！」"
    },
    {
        "name": "ハカラメ",
        "message": "「快点、快点来吧……嗯、啊呜、嗯呜、嗯嗯……！」"
    },
    {
        "message": "精液上涌。\\n用更强烈的力度撞击，越过了那条界线。"
    },
    {
        "name": "ハカラメ",
        "message": "「嗯啊啊，啊，要射了，嗯嗯……啊啊，啊，啊啊啊！\\n嗯啊啊啊啊啊啊！」"
    },
    {
        "name": "ハカラメ",
        "message": "「呼呀呀，啊呀呀……来了……嗯嗯，好热……\\n淫荡的尿液……哈哈哈」"
    },
    {
        "message": "身体痉挛着，阴道紧紧缠绕住阴茎，哈卡拉梅达到了巅峰。"
    },
    {
        "message": "在那种剧烈刺激中释放精液无法言喻，\\n无与伦比的快感在全身蔓延。"
    },
    {
        "name": "ハカラメ",
        "message": "「呵呀，啊啊，嗯嗯……止不住地颤抖……嗯，嗯嗯……\\n原来真正的造人如此惊人……」"
    },
    {
        "message": "紧紧拥抱着颤抖的哈卡拉梅，沉浸在巅峰后的余韵中。\\n只有粗重的呼吸声，那呼吸声也渐渐低沉下去。"
    },
    {
        "name": "ハカラメ",
        "message": "「……对不起\\n不知怎么的，我变得兴奋得都不知道自己了……」"
    },
    {
        "name": "ハカラメ",
        "message": "「明明是第一次造人，竟然会变成那样……」"
    },
    {
        "message": "哈卡拉梅恢复了理智，害羞地露出痴态。\\n她的表情有些开心，\\n抚摸着自己的肚子，像是爱抚胎儿的母亲一样。"
    }
]