[
    {
        "name": "カランコエ",
        "message": "「工作做完了吗？团长先生」"
    },
    {
        "message": "对着卡兰科埃在夜晚来访的问题点头示意。\n刚刚正打算上床睡觉。"
    },
    {
        "message": "回答后，她满脸笑容地回应了。"
    },
    {
        "name": "カランコエ",
        "message": "「嘻嘻，是吗是吗♪那就让我们造个孩子吧♪」"
    },
    {
        "name": "カランコエ",
        "message": "「……嗯？怎么了？为什么一副发呆的样子……\n算了，没事了。\n那么，我们上床吧？造孩子造孩子～♪」"
    },
    {
        "message": "面对如此轻松的邀请，我目瞪口呆，完全不知道该说什么好。\n不过卡兰科埃并没有在意，就像带我去野餐一样，她引导我走向床。"
    },
    {
        "message": "然后我意识到自己已经被脱去衣服，她骑在我身上。"
    },
    {
        "name": "カランコエ",
        "message": "「嗯……啾、吮、啾扑……♪\n果然，和我想的一样……亲吻也是，喜欢……啾、啾扑♪\n只是亲吻，腹部就燃烧起来了……♪\n啾扑、咔噜咔噜，恩……团长先生，我喜欢，喜欢♪」"
    },
    {
        "name": "カランコエ",
        "message": "「就这样……乳房也给你舒服地……弄弄♪\n舌头和舌头，边吧嗒边转搅弄你的乳头怎么样？\n嗯、嗯啊……啾扑，嗯啊……感觉很舒服对吧？\n上次的……感谢之礼哦？呼噜、嗯呒、舔来舔去♪」"
    },
    {
        "message": "被如此爱抚，我无法保持镇定。\\n阴茎立刻变得坚硬，\\n身体和呼吸都变得像野兽一样炽热。"
    },
    {
        "name": "カランコエ",
        "message": "「嘿嘿……差不多该正式造孩子了吧？\\n今天，由我来……嗯、嗯嗯……」"
    },
    {
        "message": "她自己也陶醉地微笑着，\\n将阴茎引导进了湿润的肉壶中。"
    },
    {
        "name": "カランコエ",
        "message": "「嗯、好大……♪\\n插进去……就这样，我……已经很舒服了……」"
    },
    {
        "name": "カランコエ",
        "message": "「但是，还不行吧……？\\n这只是开始而已……啊、啊啊啊啊啊！」"
    },
    {
        "message": "从享受的下降转变为迫不及待，\\n卡兰科埃的腰肢一下子下降下来。"
    },
    {
        "message": "龟头刺入子宫口的感触。\\n仿佛早有准备一般，媚肉迎接着插入的阴茎。"
    },
    {
        "message": "被她的贪婪所吸引，我不自觉地握紧了乳房。"
    },
    {
        "name": "カランコエ",
        "message": "「嗯……团长先生，怎么了……？」"
    },
    {
        "message": "已经太舒服了，忍不住回应。"
    },
    {
        "message": "卡兰科埃的阴道、子宫，毫不犹豫地贪婪地吞噬着肉棒。\\n像是另一种生物一样蠕动，只用粘膜就能榨取精液的媚态。\\n明显地，只有用力才能达到那种境地。"
    },
    {
        "message": "说实话，被亲吻和爱抚过的身体太过敏感了。\\n仿佛被野兽袭击一般的感觉，甚至对这种想象都感到寒意。"
    },
    {
        "name": "カランコエ",
        "message": "「别再把我当成怪物一样说话啦～」"
    },
    {
        "message": "卡兰科埃突出了嘴唇，扭动着腰部。\\n对于倍增的刺激，回答被卡在喉咙中，只有沙哑的声音传出来。"
    },
    {
        "name": "カランコエ",
        "message": "「我自己……真的无法控制……嗯，嗯嗯……\\n我也……想要你的宝宝……\\n我的身体……也是这样的呢」"
    },
    {
        "name": "カランコエ",
        "message": "「但是……果然，这也是……\\n那种事情吧……？」"
    },
    {
        "message": "对于不得要领的发言，我只用眼神回答。\\n如果说出声音，恐怕就会一发不可收拾。"
    },
    {
        "name": "カランコエ",
        "message": "「我的身体……渴望着团长先生的种子……\\n或许，和我的内心不同的理由……\\n可能是因为我的子宫，想要孕育出强大的花骑士吧……」"
    },
    {
        "message": "与阴道内的蠕动截然相反的温柔腰部运动不断重复，\\n卡兰科埃的湿润眼眸中透着一丝切齿的苦涩。"
    },
    {
        "name": "カランコエ",
        "message": "「大概……哈，嗯……\\n团、团长先生……关于我村子的事情，你听说过了吧……？」"
    },
    {
        "message": "握紧乳房，咬紧牙关，回忆起曾经听过的故事。\\n据说我们村子的人们代代都在进行着艰苦的修行，\\n为了成为最强的花骑士。"
    },
    {
        "name": "カランコエ",
        "message": "「如果是你的种子，一定……能够实现的……\\n也许是在上次中出时……我的身体感受到了那种感觉……\\n哈，啊啊……又、又来了呢……」"
    },
    {
        "name": "カランコエ",
        "message": "「想做的事情和能做的事情完全不同……\\n就像武术时一样……\\n明明我并不想战斗……但身体却擅长战斗……\\n嘿嘿……真是不顺利呢……」"
    },
    {
        "message": "也许这是只有她才能理解的内心挣扎。\\n天生的性格与擅长的事情不一致。\\n心灵和身体，各自追求的东西无法协调一致。"
    },
    {
        "message": "虽然每个人都会有这样的想法，\\n但对于特殊成长背景的卡兰科埃来说，这一点尤为突出。"
    },
    {
        "name": "カランコエ",
        "message": "「但是……嗯，现在只是不会输掉而已……」"
    },
    {
        "message": "说着，卡兰科埃改变了腰部运动。\\n不再像吸吮一样，\\n而是平稳地吞咽，细致地上下运动。"
    },
    {
        "name": "カランコエ",
        "message": "「啊……嗯，团长，摸摸胸部吗？\\n你和我……相爱着，对吧……告诉我……」"
    },
    {
        "name": "カランコエ",
        "message": "「不是想要强壮的种子，我只想要你……\\n因为是你，所以是你的孩子……\\n我想要怀孕……啊呜，嗯嗯嗯！」"
    },
    {
        "message": "为了回应她表达出的强烈情感，我爱抚着她的乳房。"
    },
    {
        "message": "我摩擦着变硬的顶端，揉捏着柔软的肉体。\\n虽然必须忍受她贪婪的花蜜之痛，\\n但这是必须做的事情。"
    },
    {
        "name": "カランコエ",
        "message": "「嗯，哈啊……好舒服……！\\n感觉真好……喜欢胸部……！\\n被你触摸着……好喜欢！」"
    },
    {
        "name": "カランコエ",
        "message": "「就这样……尽情地爱我吧……？\\n想怎么样都可以……摸、弄，都没关系……\\n我的胸部……是团长专属的哦……！」"
    },
    {
        "message": "注入的情感，将痛苦的快感温柔地点缀着。\\n全身被包裹的已不再是寒意，而是无可争议的幸福感。"
    },
    {
        "name": "カランコエ",
        "message": "「哈啊，哈啊……团长，舒服吗……？\\n我，能让你感到舒服吗？」"
    },
    {
        "name": "カランコエ",
        "message": "「上次的时候……全部都记住了……\\n你舒服的地方……我都记住了\\n所以……嗯，怎么样呢？告诉我，好吗……」"
    },
    {
        "message": "点头，发出声音来。\\n感觉再好不过了。"
    },
    {
        "message": "她细心、温柔、彻底地侵犯着我。\\n已经习以为常的腰使让我兴奋不已，\\n我只能想着被她爱护着。"
    },
    {
        "name": "カランコエ",
        "message": "「嘿嘿……嗯，我也……要给你爱……♪」"
    },
    {
        "message": "她愉悦地收紧着阴道，卡兰科埃微笑着。\\n与刚才的贪婪不同，这是因为喜悦和幸福而产生的反应。"
    },
    {
        "message": "希望一直这样引导下去。\\n抬起湿润的眼神，我发现自己一直在这样期盼着。"
    },
    {
        "name": "カランコエ",
        "message": "「那么，再次……\\n下次也一定……要射到里面哦？」"
    },
    {
        "message": "已经无法忍耐，我答应一定会射到里面。\\n紧接着，卡兰科埃激烈而温柔地驯服着我坚硬的身体。"
    },
    {
        "name": "カランコエ",
        "message": "「啊啊，嗯嗯啊啊啊！\\n哈啊，嗯嗯，哈啊，团长，喜欢你，好喜欢！\\n射出来吧……射很多！哈啊嗯啊啊！啊啊啊！」"
    },
    {
        "name": "カランコエ",
        "message": "「全部都给我……！\\n让房间充满宝宝的气息……！\\n啊啊，嗯嗯，哈啊啊！哈啊，啊啊啊！」"
    },
    {
        "message": "连接处泡沫浮现，阴道内微微抽搐，渴望射精。\\n不像野兽一样，而是充满爱意，\\n卡兰科埃将我带到了巅峰。"
    },
    {
        "name": "カランコエ",
        "message": "「啊啊啊！团长，团长，团长！\\n喜欢你，好喜欢！再次射进来吧！\\n让我怀上宝宝吧！」"
    },
    {
        "name": "カランコエ",
        "message": "「呼呼，嗯嗯……♪\\n啊啊……深处，好热……热热的……♪」"
    },
    {
        "message": "在高潮中迷失，卡兰科埃洒下幸福的泪水。\\n她的姿态既淫荡又美丽。\\n欲望不断涌动，在紧密结合的阴道中一次又一次地喷涌而出。"
    },
    {
        "name": "カランコエ",
        "message": "「哈哈……呵呵，肚子满满的……♪\\n宝宝的房间……是团长的种子，噗噗的……♪\\n谢谢你……守约了……♪」"
    },
    {
        "name": "カランコエ",
        "message": "「最深处……射了好多好多……♪\\n……嗯？」"
    },
    {
        "message": "卡兰科埃喜滋滋地小声说着，然后露出疑问的表情。"
    },
    {
        "message": "但在没有人回答之前，她的疑问就消失了，\\n卡兰科埃陶醉地眯起了眼睛。"
    },
    {
        "name": "カランコエ",
        "message": "「呵呵……\\n还没射够吗？团长♪」"
    },
    {
        "message": "兴奋仍未消退。\\n倾注的爱与快感，将身体和心灵的热情保留在高处。"
    },
    {
        "name": "カランコエ",
        "message": "「那样的话……嗯呜……嗯呜！」"
    },
    {
        "message": "抽插再次开始。\\n察觉到我的需求，卡兰科埃将坚硬的欲望抚摸并吞咽下去。"
    },
    {
        "name": "カランコエ",
        "message": "「好的哦……射进来吧！\\n更多地、一次又一次地……让我怀孕吧！\\n我会生下来的……生下许多和你一模一样的孩子！」"
    },
    {
        "name": "カランコエ",
        "message": "「心脏，子宫……都在呼喊着想要怀孕！\\n团长，喜欢你，好喜欢！让我怀上宝宝吧！哈啊，啊啊啊♪」"
    }
]