[
    {
        "name": "リトープス",
        "message": "「嗯，那个……好像是喜欢的意思……」"
    },
    {
        "message": "听到没有主语的报告，我瞬间歪了头。\\n但是，我并不想让她着急。"
    },
    {
        "message": "利托普斯还很幼稚。\\n与外表相反，她的精神状态就像孩子一样，我也知道原因。\\n所以，我慢慢等待着下一句话。"
    },
    {
        "name": "リトープス",
        "message": "「是花骑士们告诉我的……\\n我总是在偷偷看团长大人，\\n然后心里就会咚咚地跳个不停……\\n这是为什么呢……我问问你」"
    },
    {
        "name": "リトープス",
        "message": "「然后……他们告诉我那是喜欢的意思\\n但是，但是呢？他们没有告诉我之后的事情……」"
    },
    {
        "message": "她一字一句地说着话，利托普斯望向这边。"
    },
    {
        "message": "与她高挑的身材相比，就像不存在身高差一样。\\n然而，她的眼神中却蕴含着与成年人外表相反的纯真色彩。"
    },
    {
        "name": "リトープス",
        "message": "「团长大人……喜欢的事情……请告诉我……\\n因为只有团长大人才行……\\n我想要你……告诉我全部」"
    },
    {
        "message": "我答应了她，紧紧地拥抱着利托普斯。\\n然后，为了回应她传达的情感，\\n我温柔地抚摸着她丰腴的身体。"
    },
    {
        "message": "不久之后，确认了爱液的触感，开始插入。\\n触感明显地表现出处女的坚硬。"
    },
    {
        "name": "リトープス",
        "message": "「呼……好痛……嗯嗯……团长……团长大人……！」"
    },
    {
        "message": "接受了她那充满求救之意的眼神，稳稳地将根部插入。\\n看到确凿的证据从连接处渗出。"
    },
    {
        "message": "红色，血的颜色。破处的证明。\\n考虑到她以往的经历，这是当然的，但并没有减弱我的兴奋。"
    },
    {
        "name": "リトープス",
        "message": "「哈……哈……都进去了吗？\\n我、我好好地……忍住了吗？」"
    },
    {
        "message": "她把手放在下腹部，利托普斯上下摇动着乳房。\\n即使变成女性，她那纯洁的颜色没有改变。"
    },
    {
        "message": "正因如此，我克制住激动的心情，与她保持一致。\\n握住她触碰下腹部的手，称赞她能够忍耐。"
    },
    {
        "name": "リトープス",
        "message": "「嘿嘿……嗯♪ 谢谢你教我……团长大人♪\\n喜欢的事情……我、我做到了♪」"
    },
    {
        "message": "虽然主张可能有很多，但并没有错。\\n当然，选择这种方式是出于我的欲望，这是无法否认的。"
    },
    {
        "message": "活着的宝石。听说她被马戏团的观众们这样称呼。考虑到她的成长和童年，这个绰号有些讽刺，但也是因为她超越他人的美貌。"
    },
    {
        "name": "リトープス",
        "message": "「嗯……嗯……？团长，肚子……呼啊……啊啊」"
    },
    {
        "message": "能够得到这样美丽的人的好意，并在共识下拥抱她。甚至得到了她的贞操。虽然是卑鄙的话题，但我当然不会感到激动。"
    },
    {
        "name": "リトープス",
        "message": "「好像在确认什么……嗯\\n摩擦摩擦，抚摸着肚子……\\n里面的、阴茎……在触摸着嗯……嗯」"
    },
    {
        "name": "リトープス",
        "message": "「我也……感觉到了呢\\n团长的、阴茎……进入了我里面\\n哈啊、哈啊……感受好多了」"
    },
    {
        "message": "对于出于占有欲的行动，我自己也苦笑了起来。但为了缓解利托普斯的紧张情绪，这应该是必要的。"
    },
    {
        "message": "这样对自己进行辩解，一边抚摸着如丝般的肌肤，一边用另一只手去揉捏乳房。"
    },
    {
        "name": "リトープス",
        "message": "「嗯……胸、胸部……嗯、嗯嗯\\n团长的手，轻轻地、揉捏着\\n全身都、感到酥酥的」"
    },
    {
        "name": "リトープス",
        "message": "「原来胸部、有这种感觉呀……\\n哈啊、啊啊……我不知道呢……嗯、啊嗯」"
    },
    {
        "message": "睫毛颤动着，我问利托普斯是否没事。\\n应该没有被男人碰过吧。"
    },
    {
        "name": "リトープス",
        "message": "「没事的……不会讨厌的哦……♪」"
    },
    {
        "message": "利托普斯微微皱起眉头，露出笑容。\\n她的手触摸着我抚摸下腹部的手，仿佛证实了她的话语。"
    },
    {
        "name": "リトープス",
        "message": "「但是……有一件事情……我不明白……」"
    },
    {
        "message": "纤细的手握住了我的手。\\n但并没有妨碍爱抚的动作，反而更加用力地抚摸着。\\n仿佛她自己也在确认着阴茎的坚硬程度。"
    },
    {
        "message": "然后她用纯真的眼神问了一个令人难以置信的问题。"
    },
    {
        "name": "リトープス",
        "message": "「团长先生……你是想让我……生个宝宝吗？」"
    },
    {
        "message": "这并不是暗示别的意思。\\n她的态度、眼神和指尖都传达出了直截了当的意思。"
    },
    {
        "name": "リトープス",
        "message": "「把阴茎插入雌性的身体里……然后射出白色的东西吧……？\\n动物们有时候会这样做……\\n然后，宝宝就会出生了吧……」"
    },
    {
        "name": "リトープス",
        "message": "「所以，团长大人……是想让我生下孩子吗……啊啊，啊呜！团、团长大人？呼呼，嗯呜！」"
    },
    {
        "message": "被言语和腰部动作引导着。他说即使不是为了繁殖也会有其他交流方式，然后在放松的处女阴道中施加摩擦。"
    },
    {
        "name": "リトープス",
        "message": "「是、这样吗……哈啊……啊呜！那、那我就……还不准备生孩子」"
    },
    {
        "name": "リトープス",
        "message": "「那、其他的事情……嗯呜，嗯嗯啊……团长大人……请、请告诉我……更多的事情……」"
    },
    {
        "message": "利托普斯像是在催促一样紧紧地夹住了蜜壶。这可能是无意识中的一种本能的媚态。"
    },
    {
        "name": "リトープス",
        "message": "「我应该做什么呢？团长大人，请告诉我……请、请教我很多很多……！因为我喜欢团长大人……想要为您做一些让您开心的事情！」"
    },
    {
        "message": "在利托普斯纯洁的色彩中，充满了一种包裹着这边的光泽。在刺激和官能的刻痕中，心灵开始追赶身体。"
    },
    {
        "message": "因此，再次被拖入其中。希望能感受到此刻的一切。如此说着，爱抚和粘膜摩擦变得更加强烈。"
    },
    {
        "name": "リトープス",
        "message": "「呼啊啊，啊呜，啊啊呜！知、知道了！我、我说嘛！我会说的！呼啊，啊啊啊！」"
    },
    {
        "name": "リトープス",
        "message": "「好舒服啊……好舒服！\n阴茎，摩擦的感觉好舒服……！\n啊呜，啊啊，想要更多！想要更多！」"
    },
    {
        "message": "被弹跳的喘息声瞬间点燃全身。\n对像幼儿一样的她的关心在秒钟内崩溃。"
    },
    {
        "name": "リトープス",
        "message": "「嗯呜，啊呜，胸部好棒……！\n龟头，刺刺地……嗯嗯呜，啊嗯呜！\n好舒服！胸部也好舒服！」"
    },
    {
        "name": "リトープス",
        "message": "「啊啊，更多，更多……！\n阴茎也要全部……全部都要！\n想要做所有舒服的事情！」"
    },
    {
        "message": "用拙劣的词汇反复报告着快感。\n伴随着弹射到床单上的大量爱液声音，\n利托普斯被她的一切所吸引。"
    },
    {
        "name": "リトープス",
        "message": "「团长先生也……好舒服呢♪」"
    },
    {
        "message": "利托普斯一边摇动身体，一边微笑着玩弄乳房。\n体温不断上升，刚才的问题催促着她的腰部动作。"
    },
    {
        "name": "リトープス",
        "message": "「嗯嗯啊，啊啊，啊嗯嗯嗯嗯嗯啊啊！？\n深处……深处好厉害！\n阴茎，龟头……好多，都碰到了！」"
    },
    {
        "name": "リトープス",
        "message": "「啊，头要炸裂了！太棒了！\n啊呜呜，啊呜呜，好舒服，好舒服！\n有种要来了，要来了……我要来了！」"
    },
    {
        "name": "リトープス",
        "message": "「这个……我、要、要来了吗？\n我要来了……被团长先生带到高潮了吗？」"
    },
    {
        "message": "教给她下流的称呼，点头，\n为了注入滚烫的热量，将动作变得细微而频繁。"
    },
    {
        "name": "リトープス",
        "message": "「啊啊呜，啊，啊，啊啊啊啊！\n要、要来了！我要来了！\n被顶到最深处……嗯嗯！我要来了，来了来了！」"
    },
    {
        "name": "リトープス",
        "message": "「啊啊，好舒服，要射出来了！\n哈啊呜呜呜呜～～～……！」"
    },
    {
        "name": "リトープス",
        "message": "「嗯呜，嗯嗯呜呜……！？\n阴茎在抖动……嗯，嗯呀……热的东西在流出来！」"
    },
    {
        "message": "握住利托普斯喊叫着的乳房，\n忍受着射精的解放感。\n无意识地，或者有意识地，\n射精在子宫口处进行。"
    },
    {
        "name": "リトープス",
        "message": "「呼啊……啊……肚子好热……\n肚子里面……被团长先生的热量，填满了……\n感觉好暖和……♪」"
    },
    {
        "name": "リトープス",
        "message": "「而且……溢出来好多呢……♪\n黏黏的，纯白色……和动物一样呢……♪\n嘿嘿……射得好多呢……团长先生♪」"
    },
    {
        "message": "凝视着被染白的连接部位，美丽的容貌带着微笑。\n她的指尖依旧抚摸着下腹部，\n仿佛在欣赏着吞下的精液的热度。"
    },
    {
        "message": "被那个姿态迷住了一会儿，但我努力摇了摇头，恢复了自我。\n虽然后半部分有点被吞没了，\n但本来就是为了教导对方才来的。"
    },
    {
        "name": "リトープス",
        "message": "「喜欢吗……？\n嗯……我喜欢这个♪\n和团长先生一起做这种事，我很喜欢……♪」"
    },
    {
        "name": "リトープス",
        "message": "「虽然有点……感觉不太一样……\n但完全没关系……♪\n团长先生……再教教我吧……♪」"
    }
]