[
    {
        "name": "クリスマスベゴニア",
        "message": "「团长大人～♪\\n今天也要对我充满爱意地溺爱我哦！」"
    },
    {
        "message": "圣诞秋海棠轻轻地爬上了我的膝盖。"
    },
    {
        "message": "一如既往地表达着明显的爱意。\\n想要被爱，想要被爱，她像咒语一样向我乞求，\\n摩擦着炽热的体温和甜腻的气息。"
    },
    {
        "message": "只是，有一点与往常不同。"
    },
    {
        "name": "クリスマスベゴニア",
        "message": "「真正的相互爱抚，是吗？\\n嗯～……我可不知道那是什么！」"
    },
    {
        "message": "那是因为我已经无法再忍耐了。\\n她坐在我的膝盖上时，我的血液已经到达了极限。"
    },
    {
        "name": "クリスマスベゴニア",
        "message": "「团、团长大人……？\\n……嗯！？　嗯嗯、嗯嗯嗯嗯嗯嗯嗯嗯！？」"
    },
    {
        "message": "长时间回荡在房间里的惨叫声。"
    },
    {
        "message": "与此同时，我感受到了阴茎被撕裂般的剧痛。\\n圣诞秋海棠张开嘴巴，发出细微的呼吸声。"
    },
    {
        "name": "クリスマスベゴニア",
        "message": "「团长大人，团长大人……」"
    },
    {
        "message": "这种情况让我感到一阵寒意穿透脊梁。"
    },
    {
        "message": "真的回到了现实，通过头顶确认着秘密之处。\\n那个不相称的粗大被推入到最深处，扭曲而天真的地方。\\n那红黑色的东西在眼前烙印。"
    },
    {
        "name": "クリスマスベゴニア",
        "message": "「哈、哈、哈啊、哈啊，被插进来了……」"
    },
    {
        "message": "向他传达着抱歉和可怜的声音，\\n紧紧拥抱着胸中的小小身体。"
    },
    {
        "message": "然而，回应我的是出乎意料的事情。"
    },
    {
        "name": "クリスマスベゴニア",
        "message": "「嘿嘿，嘿嘿嘿嘿……没关系的\\n我很开心\\n团长大人，请不要发出那样的声音」"
    },
    {
        "message": "她微微地看向这边，满脸笑容。"
    },
    {
        "message": "从眼角滑落的泪水，扰乱着痛苦的睫毛，\\n圣诞秋海棠经历了初次破碎，却表达着喜悦。"
    },
    {
        "name": "クリスマスベゴニア",
        "message": "「终于……终于，团长大人插进来了」"
    },
    {
        "message": "深深地呼吸着，湿润的眼眸滑落到连接处。\\n连续的声音中夹杂着狂喜。"
    },
    {
        "name": "クリスマスベゴニア",
        "message": "「一次又一次地……用屁股擦拭那里，\\n紧贴着肌肤，像是在引诱一样，\\n真的，终于……」"
    },
    {
        "name": "クリスマスベゴニア",
        "message": "「啊，对了，重要的事情，我忘了\\n团长大人……您的喜好，请告诉我」"
    },
    {
        "message": "无视着痛苦而僵硬的身体，\\n圣诞秋海棠继续说话。"
    },
    {
        "name": "クリスマスベゴニア",
        "message": "「您更喜欢哪一个呢？阴茎还是阳物？\\n如果不够礼貌的那个更粗俗且令人兴奋……\\n我就这样说」"
    },
    {
        "name": "クリスマスベゴニア",
        "message": "「后来后来……您更喜欢说阴道吗？\\n还是直接说阴户，子宫之类的……」"
    },
    {
        "name": "クリスマスベゴニア",
        "message": "「男士们好像喜欢联想到怀孕的事情，我被告知了\\n所以，我觉得子宫更好……\\n在高潮时说子宫或者种子注入之类的，\\n也有人喜欢这样的方式……」"
    },
    {
        "message": "从天真的嘴唇中不断溢出淫荡的词语。\\n我目瞪口呆，无言以对。"
    },
    {
        "name": "クリスマスベゴニア",
        "message": "「啊……对不起，团长大人……可能您喜欢小孩子吧……\\n我忘了这一点……」"
    },
    {
        "name": "クリスマスベゴニア",
        "message": "「小孩子不懂这些淫荡的事情吧？\\n您是喜欢让她们自己学习淫荡的事情吗？\\n那我……嗯，不合格了」"
    },
    {
        "message": "听到这边的沉默，她发出了像是被哽住的声音。\\n那是让人联想到眼泪的声音，我急忙抚摸她的头安慰她。"
    },
    {
        "message": "但是到底是怎么回事呢？\\n看着天真无邪的她对于本应该不知道的事情产生疑问。"
    },
    {
        "name": "クリスマスベゴニア",
        "message": "「嗯，果然还是在意吗？\\n那么……」"
    },
    {
        "message": "短小的手指抓住我的袖子，引导着我靠近她的腹部。\\n她也转动着头，用柔软而细腻的头发滑过我的手掌。"
    },
    {
        "name": "クリスマスベゴニア",
        "message": "「请好好地抚摸我……头部和阴茎，还有在里面的肚子……\\n小穴也要好好地……抚摸一下，请了……团长大人」"
    },
    {
        "message": "红色缠绕的秘裂摇晃着，一个小东西向我撒娇过来。"
    },
    {
        "message": "无法抵挡传达过来的热情，我按照她的要求动起了身体。"
    },
    {
        "name": "クリスマスベゴニア",
        "message": "「嗯……嗯呜呜……啊呜……谢谢，谢谢您……」"
    },
    {
        "message": "我轻轻地晃动着阴道，她小声哭泣的样子还在我的膝盖上。\\n插入到最深处的阴茎的触感透过薄薄的肉传到了我的手掌。"
    },
    {
        "name": "クリスマスベゴニア",
        "message": "「团长大人，请感受一下……我是第一次这样做的」"
    },
    {
        "message": "紧窄的阴道和缠绕着的东西证明了这一点。那么为什么她会知道那种事情呢？"
    },
    {
        "name": "クリスマスベゴニア",
        "message": "「我被迫学习了全部……为了让母亲和父亲，呜呜，还有未来的丈夫喜欢上我……」"
    },
    {
        "message": "伴随着言语，湿润的声音从连接处传来。背叛了稚嫩的声音，渗出的爱液缠绕着阴茎，辅助着抽送的动作。"
    },
    {
        "name": "クリスマスベゴニア",
        "message": "「虽然害怕，虽然讨厌……母亲和父亲在做那种事情的时候，呜呜，我被绑在椅子上……嗯，呜呜，不敢看，转过了头……」"
    },
    {
        "message": "听到她的告白，我不经意地咬紧了后牙。"
    },
    {
        "message": "同时，我也想起了她曾经对那个人说过什么。"
    },
    {
        "name": "クリスマスベゴニア",
        "message": "「不，不行，对于从未见过的人，我不行……呜呜\\n被强行决定，被强行灌输……我，我实在是」"
    },
    {
        "message": "对于过去的告白，小小的身体也感到兴奋，表达出内心的情感。"
    },
    {
        "name": "クリスマスベゴニア",
        "message": "「团长大人，呜呜，啊啊，团长大人最好了！\\n如果能被爱，就是团长大人……！」"
    },
    {
        "name": "クリスマスベゴニア",
        "message": "「所以，所以，被强行灌输的事情，给团长大人……！\\n不是对着一个完全陌生的人，而是对着团长大人……！\\n想要被团长大人爱着！」"
    },
    {
        "message": "盛开的稚嫩阴道可爱地紧紧包裹住这里。用手接受着阴茎和手指轻抚带来的反应，并稍微加快抽送的速度。"
    },
    {
        "name": "クリスマスベゴニア",
        "message": "「阴茎，呜，阴茎，全部都要感到舒服……！我，呜呜，会加油的！紧紧地收缩着，帮助射精，让它出来！」"
    },
    {
        "name": "クリスマスベゴニア",
        "message": "「为了能够得到您的爱！无论是什么，呜呜，什么都可以……！嗯，嗯呜呜，嗯呜」"
    },
    {
        "message": "稚嫩的肉襞努力地蠕动着，缠绕在阴茎上。与表达出来的情感相结合，挤压出的快感膨胀起来。"
    },
    {
        "name": "クリスマスベゴニア",
        "message": "「嗯呜，阴道，团长大人的……嗯呜，啊啊啊，是属于我的东西！我的子宫、我的阴道全部都是……！」"
    },
    {
        "name": "クリスマスベゴニア",
        "message": "「爱我，啊啊，请！请爱我，爱我！\n团长大人，团长大人……！\n请说出来，说你爱我！」"
    },
    {
        "message": "温柔地抚摸着头，说出了被她乞求的话。\n紧接着，阴道深处发生了明显的痉挛。"
    },
    {
        "name": "クリスマスベゴニア",
        "message": "「啊呀，啊啊，啊嗯嗯，团长大人！\n我，嗯嗯，好开心，好开心！\n子宫颤抖着……啊啊，啊嗯嗯！」"
    },
    {
        "name": "クリスマスベゴニア",
        "message": "「精液……想要它射出来，想要被爱……！\n哈啊，哈啊，啊嗯嗯，团长大人！\n拜托了，请让这样继续下去！」"
    },
    {
        "message": "被灌输过那个的小小身体用全身传达着。\n耳边一遍又一遍地低语着爱的话语，\n将龟头顶向阴道深处。"
    },
    {
        "name": "クリスマスベゴニア",
        "message": "「嗯嗯，让它充满我的子宫……\n团长大人的宝宝……嗯嗯，嗯嗯，进入我的子宫！」"
    },
    {
        "name": "クリスマスベゴニア",
        "message": "「哈啊，啊啊，种子，种下去……！\n团长大人，团长大人，啊啊，啊啊，啊啊啊啊啊！」"
    },
    {
        "name": "クリスマスベゴニア",
        "message": "「呼呼，嗯嗯嗯嗯嗯嗯！\n哈哈，哈哈，哈哈，哈哈，呼，在子宫里……\n射精充满了子宫，\n啊啊，你爱着我」"
    },
    {
        "message": "射精的力量使得圣诞秋海棠的身体甜蜜地泛起波澜。"
    },
    {
        "message": "用抚摸着颤抖的阴道感受到的手，用另一只手安慰地抚摸着头。"
    },
    {
        "name": "クリスマスベゴニア",
        "message": "「啊，啊啊，小小子宫，好沉重……\n团长大人的种子，填满了肚子……嗯呜……\n啊，啊，啊……但是，但是」"
    },
    {
        "message": "阴道肉壁再次紧紧地夹住阳具。\n挤出的精液从结合部溢出，发出沉重的声音弄脏了地板。"
    },
    {
        "name": "クリスマスベゴニア",
        "message": "「请更加爱我吧，团长大人\n我还远远不够……\n更多地、更多地、在团长大人的肚子里、想要……！」"
    },
    {
        "name": "クリスマスベゴニア",
        "message": "「可以破坏我的小穴！\n更多地、更多地、想要被爱……！」"
    },
    {
        "message": "贪婪地渴望着的圣诞秋海棠。\n已经没有拒绝它的自制力了。"
    },
    {
        "name": "クリスマスベゴニア",
        "message": "「嗯呜，嗯呜呜，阴茎，好舒服！\n再次，再次注入进来！\n精液，子宫里，嗯呜呜，种下去，哈啊啊啊啊！」"
    }
]