[
    {
        "message": "今天因为有关生命树祝福的各种手续，我和赛莉亚来到了其他国家。"
    },
    {
        "message": "虽然说是手续，但好像主要目的是为了展示，主要任务还是拜访。现在这也都结束了，在预订的旅馆房间里。"
    },
    {
        "name": "セルリア",
        "message": "「团长，今天辛苦了。我在团长的事情上，有没有好好地帮上忙呢？」"
    },
    {
        "name": "セルリア",
        "message": "「虽然做了认真的预习……还是有点担心……」"
    },
    {
        "message": "对赛莉亚充满不安的询问，我回答说感觉很帮忙。多亏了她的献身支持，拜访也顺利地结束了。不愧是被选为生命树祝福的花骑士之一。"
    },
    {
        "name": "セルリア",
        "message": "「真、真的吗？看起来我有帮到团长，我很高兴。」"
    },
    {
        "message": "看着她笑容满面，我的心跳感到加速。不知为何，今晚我突然不想让她回房间。我轻轻地拉起她的手，然后将她拉近。紧紧地拥抱着她柔软的身体。"
    },
    {
        "name": "セルリア",
        "message": "「団、团长……你在做什么啊？突然之间，这样……唔……别、别用那样的眼神盯着我……如果一直那样看着我，我……我也……」"
    },
    {
        "message": "我们的视线交织在一起，火热而紧密。自然而然地贴近彼此，轻轻地亲吻。赛莉亚也闭上眼睛回应了我的亲吻。分开嘴唇，我问她是否愿意，她点了点头。"
    },
    {
        "name": "セルリア",
        "message": "「嗯……如果团长想要的话……\\n啊，不，不是……不是这样的」"
    },
    {
        "name": "セルリア",
        "message": "「那个……我也想要团长抱抱我……\\n拜托，可以吗？」"
    },
    {
        "message": "可爱的回答。我再次紧紧地拥抱了塞莉亚。"
    },
    {
        "name": "セルリア",
        "message": "「嗯嗯……团长……嗯，好痒……啊……！\\n但是，从后面这样抱着我……\\n总觉得很安心……嗯，嗯嗯……！」"
    },
    {
        "message": "从背后紧紧地抱着塞莉亚的柔软身体。抬起丰满的胸部揉搓，她的身体颤抖着，嘴里多次漏出叹息声。"
    },
    {
        "message": "继续温柔地爱抚着。询问是否差不多了，然后脱下内裤，取出阴茎。塞莉亚惊讶地倒抽一口气。从她的位置可以清晰地看到勃起。"
    },
    {
        "name": "セルリア",
        "message": "「真厉害，团长的……好像很肿胀，很疼的样子……\\n啊，嗯，要进来了吧……嗯……\\n请，我也，准备好了，我觉得……」"
    },
    {
        "message": "她像是将身体交给了我一样说。借着这句话，我动起腰，瞄准目标。勃起的尖端沉浸在泥泞中的感觉。慢慢地抽送着腰。"
    },
    {
        "name": "セルリア",
        "message": "「嗯，嗯嗯……！\\n啊……团长的，进来了……嗯嗯……！\\n好大啊……啊，好粗……嗯嗯……！」"
    },
    {
        "message": "插入的感觉让赛露莉亚发出了一阵沉闷的声音。\\n阴道紧紧地夹住阴茎，疼痛得几乎无法忍受，\\n仿佛在阻止外物的入侵。\\n但那里没有硬度，龟头刮过阴道，顺利侵入。"
    },
    {
        "message": "粗糙的阴道皱褶在勃起的表面滑过，带来一种愉悦和温暖……\\n这感觉从下腹中心传遍整个身体。"
    },
    {
        "name": "セルリア",
        "message": "「呼，呼……嗯，团长，你的，深入了……嗯嗯！\\n啊，已经，到了深处……嗯……！\\n啊，嗯，声音……出来了，呢……嗯嗯！」"
    },
    {
        "message": "从刚才开始，赛露莉亚一直发出低沉的声音。\\n看起来她好像在过度克制声音。\\n询问她这个问题，她脸红着回答。"
    },
    {
        "name": "セルリア",
        "message": "「那，那是因为今天是……那个……和平时不一样的床……\\n隔壁房间里，有个陌生人在住\\n如果发出太放肆的声音的话……会很困扰的，对吧？」"
    },
    {
        "message": "赛露莉亚的话让我想起这并不是平常的房间，\\n而是在其他国家的旅馆。\\n怪不得她比平时更加克制声音。"
    },
    {
        "message": "然而，一听到这样的话，调皮的心思就涌上心头。\\n虽然刚刚插入，却开始主动动起腰来。\\n突如其来的刺激让阴道紧紧收缩，赛露莉亚发出短促的声音。"
    },
    {
        "name": "セルリア",
        "message": "「咿呀！？ 嗯，不，不行……\\n这样深入的话……！\\n嗯，嗯……啊啊啊啊啊啊……太放肆了，会……嗯嗯……！\\n嗯，嗯，呼，团长……是故意的吧……嗯嗯……！」"
    },
    {
        "message": "她发出指责的声音，但我选择装作听不见。\\n她和隔壁房间的人碰面了吗？\\n不停地动着腰部，为了增加羞耻感，我提出了问题。"
    },
    {
        "name": "セルリア",
        "message": "「嗯，隔壁的那位……没错，是那个行商的女性……\\n她在采购商品的途中，听说……啊……\\n在进入这个房间之前，嗯嗯，稍微……打了个招呼……嗯，啊啊啊！」"
    },
    {
        "message": "赛露莉亚在细致地解释着，但她的声音中带有一丝艳色。\\n阴道间断性地收缩，\\n爱液从深处不断地流淌。"
    },
    {
        "name": "セルリア",
        "message": "「所以团长先生……隔壁的房间里，那个人……嗯嗯……！\\n现在，她可能听到了这……可怜的声音……\\n所以，请团长先生……嗯，轻一点，手下留情……嗯，啊啊啊啊！」"
    },
    {
        "message": "她因羞耻而颤抖，我觉得她可爱极了，从背后揉捏她的胸部。\\n用手指从根部抬起，\\n乳头尖尖地可爱地翘立着。\\n这次我用指尖捏弄她的乳头。"
    },
    {
        "name": "セルリア",
        "message": "「啊啊啊，嗯嗯……还有，胸部，同时弄真是……嗯嗯……！\\n不行，不可以……被这样摆弄的话……我……！」"
    },
    {
        "message": "她发出绝望的声音，那个姿势既淫荡又美丽。\\n我想要看到更多她这样的姿势。\\n继续把话题扩展到她巡逻的那个时刻。"
    },
    {
        "message": "展示着只有被生命之树祝福的花骑士才能穿的服装，\\n她端庄地走到我身旁，礼貌地打招呼。\\n这样的场景令人叹为观止。\\n最重要的是，她对我的支持做得非常完美，\\n就像个贤良淑德的妻子一样。"
    },
    {
        "name": "セルリア",
        "message": "「啊嗯嗯，为、为什么现在……要说那种，夸奖的话……啊啊啊！\\n现在的我……完全不是那样的……啊啊啊……！」"
    },
    {
        "message": "在她试图否认的时候，我把嘴唇移到她的颈部。\\n对于这意料之外的吻，她的身体猛地跃动了一下。"
    },
    {
        "message": "现在这混乱的模样也很美。\\n真的想把她一直留在这样的状态，成为我的妻子。\\n面对我的轻浮，但赛露莉亚却有强烈的反应。"
    },
    {
        "name": "セルリア",
        "message": "「这种……啊，团长先生说要，娶我做妻子……！\\n啊，这种，这种事情……如果现在说出来，我，我……！\\n嗯，太高兴了……啊，会变得奇怪的……！」"
    },
    {
        "message": "今夜，只希望至少能变成这样。我尽情地向上抽送腰部。\\n赛露莉亚发出了她今天第一次的娇喘声。"
    },
    {
        "name": "セルリア",
        "message": "「啊啊，嗯啊啊……！ 团长先生……！ 啊！\\n感，感觉真好，团长先生……团长先生……！\\n啊嗯，深入，直击内心，啊啊，好舒服……！！」"
    },
    {
        "message": "阴道紧紧收缩，紧紧地夹住着阴茎。\\n感受到射精的高潮，我告诉她。\\n赛露莉亚淫荡地微笑。"
    },
    {
        "name": "セルリア",
        "message": "「哈哈，嗯，射出来……射到里面……！\\n我的里面……团长先生的……不，是夫君的精子，请……！\\n夫君的精子，让我接纳在我的里面……！」"
    },
    {
        "message": "听到这话，我再也无法忍耐。"
    },
    {
        "name": "セルリア",
        "message": "「啊，啊啊啊，夫君♪ 喜欢你……喜欢你……！\\n嗯啊啊，我要，一起……一起达到顶点……嗯呢啊啊！\\n啊，啊，啊啊啊啊啊啊啊……！！！！」"
    },
    {
        "name": "セルリア",
        "message": "「嗯，嗯哈啊……哈啊，哈啊，哈啊……！\\n夫君的，精子……好多，流出来了……！\\n黏黏的，精子……啊，幸福，啊……」"
    },
    {
        "message": "赛露莉亚发出甜美的声音，沉浸在极致的快感波涛中。\\n我也同样享受着这份愉悦，紧紧抱着她柔软的身体。\\n在这一刻，我们俩一起恢复了呼吸。"
    },
    {
        "name": "セルリア",
        "message": "「呼，呼……真的，感觉好极了……嗯……\\n而且……夫君，真的太棒了，太美妙了……♪」"
    },
    {
        "message": "赛露莉亚带着如梦般的心情，将身体交托给我，撒娇娇媚。\\n今夜，我能独占这么可爱的她。\\n或许，只是可能，她也听到了声音吧……。"
    }
]