[
    {
        "message": "穿着从以前的家庭教师那里收到的服装，塞尔莉娅站在黑板前。\\n她正在担任骑士学校的临时讲师，这是为了预演而陪伴着她，\\n她太可爱了，让人不禁心生恶作剧的念头。"
    },
    {
        "message": "按照那个恶作剧的念头，我决定问一个老套的问题。\\n老师，你喜欢的人是谁呢？"
    },
    {
        "name": "セルリア",
        "message": "「诶！？喜欢的人吗！？\\n那、那个，那是与授课无关的事情！\\n如果让老师困扰太多，就会生气哦？」"
    },
    {
        "message": "看到她红着脸颊，恶作剧的念头变得更加强烈，我继续问道。\\n你做了这样那样的事情呢。\\n老师你也是变态吧，之类的。"
    },
    {
        "name": "セルリア",
        "message": "「老、老师，我并没有……什么下流的事情……\\n我、我要去床上了！」"
    },
    {
        "message": "我把指向棒和教科书留在讲台上，然后钻进了床里。\\n在男女两人独处的空间里，可能会被误解为有所暗示。"
    },
    {
        "name": "セルリア",
        "message": "「那、那个，并不是在暗示什么，那个，呃……\\n我、我是有期待的，但是……啊啊，刚才的不对……唔呜」"
    },
    {
        "message": "如果说真心话，我会告诉她愿意和她交往，她从毯子里露出了脸。\\n温柔地拥抱着她，亲吻她，解开她的衣服。\\n令人惊讶的是，内衣是黑色的蕾丝。"
    },
    {
        "name": "セルリア",
        "message": "「当时收到衣服时得到的建议是这样的……\\n所以，我鼓起勇气买了一件……\\n不好吗？」"
    },
    {
        "message": "相反地，我被这种与平时不同的差异所吸引。\\n与前几天相似的冲动涌上心头，但仅仅贪婪是不值得的。\\n我设法抑制住，进入了行为之中。"
    },
    {
        "name": "セルリア",
        "message": "「从上方，失礼了……嗯啊啊！」"
    },
    {
        "message": "跨坐在我身上的塞尔莉娅下降了腰部。\\n坚挺的阴茎被吞没进她的阴道中。"
    },
    {
        "name": "セルリア",
        "message": "「再稍微……嗯！」"
    },
    {
        "message": "完全吞没到根部，整个阴茎被热和湿润所包裹。"
    },
    {
        "name": "セルリア",
        "message": "「进去了……」"
    },
    {
        "message": "她的目光没有朝这边看过来。\\n对于插入前的请求感到困惑吧。"
    },
    {
        "name": "セルリア",
        "message": "「…那个，女教师的角色扮演，对吧？\\n虽然没什么自信，但我会试试看……」"
    },
    {
        "message": "是看到她穿着教师装才提出的建议。\\n当然，并不会强迫她。\\n中途放弃也是可以的。"
    },
    {
        "name": "セルリア",
        "message": "「只给你，开始特别的个别辅导了哦……为了万一的时候，性爱的，预演，呢……嘻嘻」"
    },
    {
        "message": "明明还没动，阴茎却有反应了。\n包括尴尬的笑容在内，破坏力太强了。"
    },
    {
        "name": "セルリア",
        "message": "「已、已经、抖动起来了吗……？\n一定要好好忍耐才行哦……\n看吧……开始、了哦……加油、一下子……」"
    },
    {
        "message": "塞尔莉娅用力支撑着身体。\n慢慢地腰部抬起，开始抽送。"
    },
    {
        "name": "セルリア",
        "message": "「嗯……啊……啊……嗯……\n更、更、激烈一点哦……！」"
    },
    {
        "message": "笨拙地上下移动着身体，给阴茎带来刺激。\n因为节奏缓慢，乳房的摇晃很少。"
    },
    {
        "name": "セルリア",
        "message": "「啊啊、嗯、嗯嗯、嗯咕、嗯、呼\n那个，硬硬的，很棒的，东西……在手上」"
    },
    {
        "name": "セルリア",
        "message": "「这样下去，老师也……能够充分地……享受起来呢……」"
    },
    {
        "message": "和抽送一样，台词都显得有些结巴。\n不像教师，更像实习生一样的氛围，感到新鲜。"
    },
    {
        "name": "セルリア",
        "message": "「你明白老师的爱液为什么止不住吗……你的……啾啾地吸着……都流出来了……嗯咕，呼」"
    },
    {
        "name": "セルリア",
        "message": "「非常淫荡……对吧？」"
    },
    {
        "message": "因为一直在害羞，恶意的欲望开始膨胀了。"
    },
    {
        "name": "セルリア",
        "message": "「你在想些坏事吗……？如果是为了让老师困扰，那就是徒劳的……嗯啊、啊」"
    },
    {
        "name": "セルリア",
        "message": "「比起你，我更加、呵、啊呜呜、呵呵呵\n啊呜呜、呵呵、因为我已经习惯了……咕、呼」"
    },
    {
        "message": "既然说到这个地步，就来捉弄你一下吧。\n真是非常淫荡的内衣呢。"
    },
    {
        "name": "セルリア",
        "message": "「内、内衣……平时不是这样的……\n只是今天……嗯！ 嗯嗯嗯！」"
    },
    {
        "message": "教师模式一转，整个脸都变得通红。"
    },
    {
        "name": "セルリア",
        "message": "「我、我是为了给你上个别辅导才穿的……咕、啊啊」"
    },
    {
        "message": "尽管保持着教师模样，但脸上的红晕并未消退。\\n老师接着问道，难道你只是想要做那种事吗？"
    },
    {
        "name": "セルリア",
        "message": "「老师并不是为了那种事……嗯，呼……这是为了你准备的特别课程……嗯嗯，嗯啊」"
    },
    {
        "message": "尽管面带忧伤的表情，塞尔莉娅却勇敢地扮演着老师的角色。\\n这让人感到无比珍爱，也引发了想要动作的欲望。"
    },
    {
        "message": "或许已经不需要再忍耐下去了。\\n与塞尔莉娅一起享受快感并结束会更好。"
    },
    {
        "name": "セルリア",
        "message": "「突、突然抓住腰部做什么……唔啊啊！？」"
    },
    {
        "message": "用力挺起背部和腿部，摩擦着塞尔莉娅的内部。"
    },
    {
        "name": "セルリア",
        "message": "「啊呃，啊啊，啊呃，嗯咕，嗯嗯，嗯啊！\\n这、这样突然进来……唔呃，哈啊！」"
    },
    {
        "message": "抓住她的手臂拉近身体，用手掌揉捏着丰满的乳房。\\n手掌有力地揉搓着，形状随之改变。"
    },
    {
        "name": "セルリア",
        "message": "「嗯咕，呼，老、老师揉我的胸部……\\n唔啊，嘶啊，咕，嗯嗯……不行，我是您的学生……！」"
    },
    {
        "name": "セルリア",
        "message": "「啊，啊呃，你觉得这样做可以吗……嘛！就这样……嗯咕，呼呼！」"
    },
    {
        "message": "反而更想要被做，看到老师扮演的样子还让我兴奋起来。抽送自然而然地加快。"
    },
    {
        "name": "セルリア",
        "message": "「啊，啊呃，啊，咕，嗯嗯！越来越快了……明明是特别授课的……主导权在……！」"
    },
    {
        "message": "再次拉近她的上半身，这次亲吻她的唇。"
    },
    {
        "name": "セルリア",
        "message": "「哈普，嗯咕，嗯吧吧，啰啰，吧啰……连亲吻都来得这么突然……吧啰啰，吧啰哦……」"
    },
    {
        "name": "セルリア",
        "message": "「你、你是想让老师达到高潮的意思吧……哈普，吧啰，哼吧\\n既然如此，我可不能输……啰啰啰，哼吧！嘟啰啰啰！」"
    },
    {
        "message": "塞尔莉娅主动地用舌头缠绕了过来。虽然是罕见的大胆举动，但我没有时间陶醉其中。"
    },
    {
        "message": "在有限的视野中，只用指尖触碰到了乳房。目标是那可爱勃起的乳头。找到它后，用指尖轻轻捏了一下。"
    },
    {
        "name": "セルリア",
        "message": "「嗯嗯嗯！？ 噗啊！ 这、这是……嗯嗯嗯！\\n不行，了不起……哈普，噗布，噗布，嗯嗯嗯！」"
    },
    {
        "message": "一定是刺激太强烈了，完全没有力气了。\\n趁着这个机会，我夺回了被夺走的亲吻主导权。"
    },
    {
        "message": "伴随着湿润淫荡的抽送声响起，我们互相激发起情绪。"
    },
    {
        "name": "セルリア",
        "message": "「嗯呵啊，不要……这样的话……嗯呼、哈普……我要、要……嗯呼、啊姆、嗯咀、咕噜噜、嗯呢呢」"
    },
    {
        "name": "セルリア",
        "message": "「忍不住了，老师……先、先走了……比起学生……私人辅导……呢、呢啰啰、啰啰、吧唧、嗯吧吧」"
    },
    {
        "message": "阴道收紧起来。\\n在这种紧缩中，我也无法持久。\\n放弃思考，沉溺于塞尔莉娅淫荡的身姿之中。"
    },
    {
        "name": "セルリア",
        "message": "「哈普、嗯呼、嗯咀、嗯呢呢，不行，要射了\\n哈普、嗯咀、咕噜、射了、射了射了……」"
    },
    {
        "name": "セルリア",
        "message": "「发出淫荡的声音，射了……啊姆\\n哈普、啰啰啰、嗯咀、意识都飞走了……哈普、嗯普」"
    },
    {
        "message": "阴茎顶端传来难以忍受的热量，温度迅速上升。\\n从龟头处，滴下一滴水。\\n剩下的就只能任由它发展了。"
    },
    {
        "name": "セルリア",
        "message": "「哈哈哈，啊姆、嗯普、一起来吧……\\n啊姆、嗯呼呼、吧唧、吧唧、嗯呢呢……一定要一起来……」"
    },
    {
        "name": "セルリア",
        "message": "「嗯呃，要射了……啊姆、嗯吧、吧、吧呢呢\\n要射了，不行了……哈普、吧吧、嗯呼、嗯呼、嗯呃呃！」"
    },
    {
        "name": "セルリア",
        "message": "「嗯呃呃呃呃呃呃！」"
    },
    {
        "name": "セルリア",
        "message": "「啪啊啊！哈哈哈哈……喘息、喘息、喘息、喘息……好厉害啊……！」"
    },
    {
        "message": "将射入的精液喷射进塞尔莉娅的阴道中。"
    },
    {
        "name": "セルリア",
        "message": "「啊啊啊……好多次，抽搐起来……不行了……！」"
    },
    {
        "message": "伸出舌头流下眼泪，塞尔莉娅滴下淫荡的口水。\\n看到她如此淫荡地痉挛，这应该是第一次吧。"
    },
    {
        "message": "虽然是以女教师的角色开始的，但结果令人惊讶。"
    },
    {
        "name": "セルリア",
        "message": "「呼呼……呼……能和老师一起射精……\\n真了不起，你做得很好……」"
    },
    {
        "name": "セルリア",
        "message": "「但是……像这样做不应该做的事情的学生，哈哈哈……\\n我会让你毕业的……嗯呃、嗯呃呃……」"
    },
    {
        "message": "即使达到了极致，也继续履行着最初的请求。\\n为了表示感谢，我紧紧拥抱着疲惫的身体。"
    },
    {
        "name": "セルリア",
        "message": "「啊，好温暖……比起扮演老师，这边更加安心……\\n果然，团长大人对我并不是当作学生对待呢……嗯咻咻」"
    },
    {
        "message": "非常可惜，我也持相同意见。\\n我想要将塞尔莉娅当作一个独立的女孩子来对待。"
    },
    {
        "message": "在考虑到她未来的愿望之后。"
    }
]