[
    {
        "name": "ルドベキア",
        "message": "「团长的桌子……每天都在工作的团长的桌子\n嘿嘿……真好啊，一直在一起」"
    },
    {
        "message": "鲁德贝基亚背对着桌子，说出撒娇的话\n声音中带着粘稠感，平时的开朗消失了"
    },
    {
        "name": "ルドベキア",
        "message": "「一定很幸福吧……\n每天都被温柔的团长使用着，\n能感受到团长的气息……真羡慕」"
    },
    {
        "message": "衣物摩擦的声音响起\n鲁德贝基亚解开衣服，湿润的眼神朝这边看来"
    },
    {
        "name": "ルドベキア",
        "message": "「嘿……团长？\n能不能也……嗯，对我这样做呢？」"
    },
    {
        "name": "ルドベキア",
        "message": "「虽然能闻到秋姐姐的气味，但还不知道团长的味道\n我……想知道\n想要记住团长的味道，能够和其他人区分开来」"
    },
    {
        "name": "ルドベキア",
        "message": "「所以，嘛……对吧？」"
    },
    {
        "message": "她背对着这边，脱下内衣\n显露出私处，被灯光照射得明亮"
    },
    {
        "name": "ルドベキア",
        "message": "「在我的小穴里……嘿嘿♪\n希望能注入团长最浓烈的气味……好多、好多呢？」"
    },
    {
        "name": "ルドベキア",
        "message": "「啊啊啊，嗯呜，嗯呜呜……！\n嘿嘿，团长……谢谢你」"
    },
    {
        "message": "插入之后传来的是喘息声"
    },
    {
        "name": "ルドベキア",
        "message": "「就这样，给我……？\n团长的，阴茎……呢？\n一直深入到底……」"
    },
    {
        "name": "ルドベキア",
        "message": "「我的小穴已经准备好了\n从进入房间的时候就已经湿润了」"
    },
    {
        "message": "湿滑的阴道紧紧地包裹着肉棒。\n不再有第一次那种痛苦。\n鲁德贝基亚的身体证明了她自己的话。"
    },
    {
        "name": "ルドベキア",
        "message": "「所以，团长，嘿，团长……\n嗯呜，嗯，嗯，嗯呜呜呜」"
    },
    {
        "message": "摇动着腰部，鲁德贝基亚轻咬着肉棒"
    },
    {
        "name": "ルドベキア",
        "message": "「阴茎，动起来？\n用阴茎，深入我的小穴里」"
    },
    {
        "name": "ルドベキア",
        "message": "「已经湿透了，一定很舒服吧？\n把它弄得乱糟糟的，感受到很多……\n嘿嘿，然后，在我的子宫深处再次射精，可以吗？」"
    },
    {
        "message": "被揉捏的阴道肉体的爱抚，欲望自行蠢蠢欲动。\n最让人心动的话语和眼神，不允许我忍耐。"
    },
    {
        "name": "ルドベキア",
        "message": "「啊啊啊，嗯呜呜……！\n嗯呜，嗯，嗯呜呜呜！太好了！」"
    },
    {
        "message": "鲁德贝基亚一边看着我，一边流口水愉悦地享受着。"
    },
    {
        "name": "ルドベキア",
        "message": "「啊啊啊，团长，嗯呜呜……好厉害！\n哈，我的小穴已经充满了，嗯呜，嗯呜！\n怎么办才好呢？」"
    },
    {
        "name": "ルドベキア",
        "message": "「我已经感到非常舒服了！\n团长的阴茎让我觉得幸福！\n啊啊啊！啊，啊，啊啊啊！」"
    },
    {
        "message": "鲁德贝基亚眼中的泪水是因为快感而流下的。\n只是被注视着，就让它流入我的腰部。"
    },
    {
        "name": "ルドベキア",
        "message": "「哈啊，哈啊，团，别……\n不用在意，没关系的\n不用在意，让我记住你的气味……！」"
    },
    {
        "name": "ルドベキア",
        "message": "「我又想要了，团长的气味，我想要！\n用阴茎让我幸福吧！」"
    },
    {
        "message": "对于无法得到满足的恳求，释放出内心的欲望。\n紧握着腰部和大腿，猛烈地刺激着。"
    },
    {
        "name": "ルドベキア",
        "message": "「嗯嗯嗯嗯嗯呜呜呜♪\n团长，好厉害啊！哈，嗯，哈，谢，谢谢！啊啊啊！\n哈，啊啊啊，嗯，嗯嗯，发，呼呼，嗯，啊啊啊！」"
    },
    {
        "message": "每次敲击浅浅的阴道深处，鲁德贝基亚都会颤抖着发出高亢的娇声。\n这甜美的声音让肉棒变得更加坚硬。"
    },
    {
        "name": "ルドベキア",
        "message": "「哈，嗯，嗯嗯，我明白了！\n阴茎，嗯，越来越，有活力了！\n哈，我能够通过和我一起变得有活力来犯你很多次！」"
    },
    {
        "name": "ルドベキア",
        "message": "「可以的哦，非常好哦！\n哈，我会被弄坏的哦，我会被你的阴茎弄坏的……！\n啊啊啊，团长，团长，把我弄坏吧，把我弄坏吧！」"
    },
    {
        "name": "ルドベキア",
        "message": "「我，想要变得幸福呢……呼呼，嗯嗯！\n因为我喜欢团长的阴茎……拜托了！\n让我变得幸福到快要坏掉吧，嗯嗯，嗯嗯嗯嗯，让我幸福吧！」"
    },
    {
        "message": "她把发光的上半身放在桌子上，\n下半身被男人的手臂和阴茎举起，\n鲁德贝基亚表达着她的幸福。"
    },
    {
        "message": "必须回应。就像被煽动一样抽出肉壶。\n让肌肤与肌肤碰撞，\n将欲望注入盛开的花朵深处。"
    },
    {
        "name": "ルドベキア",
        "message": "「呀呀呀，不行哦，不够哦……！\n再多一点，拜托了，哈呼呼，\n嗯嗯，团长的气味，我想要更多！」"
    },
    {
        "message": "从鲁德贝基亚发出淫秽的呻吟。\n通过汗水传播，它无限地增加浓度，缠绕在腰间。"
    },
    {
        "name": "ルドベキア",
        "message": "「哈啊，哈啊，还不够，再擦，完全不够，我还要更多！\n从阴道里一直到团长的气味……\n希望你能刺激我的阴茎！」"
    },
    {
        "name": "ルドベキア",
        "message": "「团长很好，阿姬姐姐也喜欢，但是我更喜欢，更喜欢！\n嗯呜，嗯嗯嗯，从阴道里散发出团长的气味……\n只要是团长的气味……哈啊，呼呼，唔啊啊！」"
    },
    {
        "name": "ルドベキア",
        "message": "「嘿嘿，嘿嘿，是不是很好？\n无论是阴道还是深处都给团长……\n全部都给你！」"
    },
    {
        "message": "吐出的愿望在脊椎上扩散开来。"
    },
    {
        "message": "每次敲击浅浅的阴道深处，想象在脑海中闪烁。\n这种优越感让腰部疼痛，\n行为变得更加激烈。"
    },
    {
        "name": "ルドベキア",
        "message": "「嗯嗯，啊啊啊，哈哈，成功了……！\n阴茎，变得更有活力了！\n诱惑，大成功……呀呀呀！」"
    },
    {
        "message": "她强行抚摸着微微抽搐的身体，与鲁德贝基亚相互摩擦。\n早就准备好满足她的请求。"
    },
    {
        "name": "ルドベキア",
        "message": "「嗯嗯，哈啊啊，哈啊啊，哈，阴茎，嗯嗯嗯，我明白了！\n龟头，噗地一声，哈啊啊，呼呼呼呼呼……\n哈哈，成功了啊！」"
    },
    {
        "name": "ルドベキア",
        "message": "「我记得这个，记得哦，快点啊，嗯呜啊啊，再喝一次！\n团长的精子的气味……哈啊啊，再来一次！」"
    },
    {
        "name": "ルドベキア",
        "message": "「肚子，一直到最深处，再来，填满！\n哈啊，团长的气味，不能让它消失，哈啊，嗯呜，嗯嗯嗯！」"
    },
    {
        "message": "凝视着的眼神诉说着那一刻。\n合力刺激，将自己的分身深深注入其中。"
    },
    {
        "name": "ルドベキア",
        "message": "「哈啊，啊啊啊，哈啊，求求你，来吧，来吧来吧来吧来吧！\n一直到肚子最深处，充满地喷射出来！」"
    },
    {
        "name": "ルドベキア",
        "message": "「哈呜，哈呼，哈啊，哈啊呼呼呼呼呼……\n嗯嗯嗯嗯嗯嗯嗯啊啊啊啊啊！」"
    },
    {
        "message": "鲁德贝基亚全身绷紧。\n瞄准那一瞬间，将期望之物喷涌而出。"
    },
    {
        "name": "ルドベキア",
        "message": "「啊啊，啊啊啊，团长，嗯呜，嗯呜，嗯嗯嗯……\n哈啊，对上了……深处……阴道……」"
    },
    {
        "name": "ルドベキア",
        "message": "「团长的精子……嘿嘿，明白了……\n进入肚子里面……哈啊，哈啊，再多一点点……」"
    },
    {
        "message": "带着模糊的声音和目光，鲁德贝基亚恳求着射精。\n为了回应她的请求，紧密贴合腰部以避免溢出。"
    },
    {
        "name": "ルドベキア",
        "message": "「嗯呜，嗯呜，嘿嘿，团长也在颤抖……\n想要在我里面射出来，射出来……颤抖着进入我体内\n嗯呜，哈啊哈啊，进得更多一些……」"
    },
    {
        "name": "ルドベキア",
        "message": "「团长，谢谢，肚子，噗噗～\n……啊，对了」"
    },
    {
        "message": "鲁德贝基亚一边用肩膀喘息着，一边伸手到连接部。\n用指头轻轻捧起微微渗出的精液。"
    },
    {
        "message": "刚射出的白色精液。\n她开心地抽动鼻子，满脸笑容地展示给我看。"
    },
    {
        "name": "ルドベキア",
        "message": "「嗅嗅……嘿嘿，嗯，学会了♪\n不仅仅是小穴，鼻子也学会了，团长\n这样就能闻到团长的味道了♪」"
    },
    {
        "message": "被射精后的虚脱感笼罩着我，看着这样的景象苦笑不已。\n不能真心地高兴，是因为我注意到了桌子的惨状。"
    },
    {
        "name": "ルドベキア",
        "message": "「嘿嘿……团长，好喜欢你♪」"
    },
    {
        "message": "不顾自己汗水、眼泪和口水弄脏的桌子，\n她幸福地向我表达了好意。"
    },
    {
        "name": "ルドベキア",
        "message": "「虽然对爱姐姐的喜欢和这个不一样，但是都是喜欢的♪\n以后也请让我一直幸福吧♪」"
    },
    {
        "message": "一边看着桌子的状况，一边抚摸着她的头。\n看来我也被她涂上了同样的气味。"
    }
]