[
    {
        "name": "ヘリオプシス",
        "message": "「团长大人，刚才那是什么意思？」"
    },
    {
        "message": "看着焦虑的ヘリオプシス，我再次告诉她，要结束这段关系。"
    },
    {
        "message": "自从第一次向ヘリオプシス求助之后，我多次答应了她的请求。然而渐渐地，我们之间的关系已经不满足于仅仅利用彼此的身体。"
    },
    {
        "message": "结束这段明确的关系。这是作为男人的交代。"
    },
    {
        "name": "ヘリオプシス",
        "message": "「是、是吗……那么，也没办法了……」"
    },
    {
        "message": "重要的是不要逃避自己的内心。所以，我向ヘリオプシス表达了我的心意，希望能够相互理解、相互爱护。"
    },
    {
        "name": "ヘリオプシス",
        "message": "「啊、爱！？相互理解、相互爱护？这样……出乎意料得太多了……」"
    },
    {
        "message": "起初也许只是明确的关系。但是现在，我爱着ヘリオプシス。"
    },
    {
        "name": "ヘリオプシス",
        "message": "「就、就算这么说，我现在真的很困惑，不知道该怎么办才好……团、团长大人！？为什么要抱起我！？」"
    },
    {
        "message": "于是，我抱起仍然困惑的ヘリオプシス，将她送到床上。"
    },
    {
        "name": "ヘリオプシス",
        "message": "「为什么，我会这样……啊……团长大人的……嗯嗯，进来了……！」"
    },
    {
        "message": "温柔地插入她的身体。她的阴道充满了大量的爱液，顺利地完全包裹住我的根部。"
    },
    {
        "message": "ヘリオプシス仍然感到困惑，但她顺利地接受了我。"
    },
    {
        "name": "ヘリオプシス",
        "message": "「虽然我们已经多次交织在一起……只是重复着同样的事情，但今天却让我感到非常开心……对于这样的自己，我感到困惑……」"
    },
    {
        "name": "ヘリオプシス",
        "message": "「而且，与团长大人相连的手感觉非常热……当然，并不是真的温度高，只是有这样的感觉而已……… 哈啊……」"
    },
    {
        "message": "ヘリオプシス发出了妖娆的呼吸声。"
    },
    {
        "name": "ヘリオプシス",
        "message": "「团长大人，我……我该怎么办……」"
    },
    {
        "message": "我告诉她不需要动，开始抽插。"
    },
    {
        "name": "ヘリオプシス",
        "message": "「嗯……啊啊……\n团长大人的……好深……好长……摩擦得……哈……嗯……」"
    },
    {
        "name": "ヘリオプシス",
        "message": "「通常的话……嗯，会被粗暴地……\n剧烈地戳到深处……感觉很强烈的……\n但是这样慢慢来的话……嗯……啊啊……」"
    },
    {
        "message": "我慢慢而温柔地抽插，让她的阴道记住了我的阳具形状。"
    },
    {
        "name": "ヘリオプシス",
        "message": "「在里面，全部都感受到了团长大人……嗯嗯……哈，嗯！\n这个……嗯！ 团长大人的，阳具的形状……\n哈，嗯！ 啊啊……\n已经记住了……嗯嗯啊啊！」"
    },
    {
        "name": "ヘリオプシス",
        "message": "「比起剧烈地被做到……嗯嗯……\n哈，嗯！ 更加、更加地感受到了！\n哈啊啊……！ 嗯嗯！」"
    },
    {
        "name": "ヘリオプシス",
        "message": "「这样的事情，是第一次……嗯嗯……！\n哈，哈，我、嗯嗯……我……！\n不知道该怎么办……哈，哈，不明白……！\n超出预料之外……！」"
    },
    {
        "message": "脸红的ヘリオプシス，像是要达到极限一样颤抖着。\n于是我停止了抽插。"
    },
    {
        "name": "ヘリオプシス",
        "message": "「我和团长大人只是……哈，哈……普通的花骑士和骑士团长的关系\n然后……彼此利用对方的身体\n发泄彼此的性欲……\n这是一种互不牵扯的关系……方便的关系」"
    },
    {
        "name": "ヘリオプシス",
        "message": "「明明应该是这样的，但是我却……\n每次与团长大人亲密接触时，无法解释的情感就会增加\n与团长大人在一起时会忘记一切……\n与团长大人分开时又会变得不安……」"
    },
    {
        "name": "ヘリオプシス",
        "message": "「我一直以忠诚于赫利安萨斯大人为第一原则生活着，\\n没想到会被情感所困扰，感到困惑和不安……\\n但是，终于明白了那种无法用理性解释的情感的答案」"
    },
    {
        "message": "请告诉我那个答案。"
    },
    {
        "name": "ヘリオプシス",
        "message": "「那就是……我喜欢团长大人……」"
    },
    {
        "name": "ヘリオプシス",
        "message": "「刚才团长大人的告白，就像是说中了我的内心一样，\\n让我感到害羞和困惑……\\n但是，现在我可以毫不犹豫地说出来\\n我喜欢团长大人」"
    },
    {
        "message": "那是我最期待的最好的回答。"
    },
    {
        "message": "于是我问了ヘリオプシス，她现在最想做的事情。"
    },
    {
        "name": "ヘリオプシス",
        "message": "「我想与团长大人相爱……请爱我吧」"
    },
    {
        "message": "我点头回应，并从下面猛烈地抽插。"
    },
    {
        "name": "ヘリオプシス",
        "message": "「啊！啊啊！嗯！这就是，嗯，这就是团长大人的爱！\\n啊，嗯，好厉害，好深，嗯嗯！」"
    },
    {
        "name": "ヘリオプシス",
        "message": "「深入，我的，嗯！哈啊，哈啊，深入到底了！嗯！\n哈啊，哈啊，满满的，满满的！到达了！」"
    },
    {
        "message": "一次又一次地顶到ヘリオプシス最深处。\n每次都能感觉到她紧紧地握住我的手。"
    },
    {
        "name": "ヘリオプシス",
        "message": "「突然间，这样的……嗯！激烈地……嗯！\n哈啊，哈啊，啊，嗯！啊啊，哈啊！\n虽然慢慢地进行也很……嗯嗯……舒服，\n但是这样激烈地进行……嗯！也很舒服！」"
    },
    {
        "message": "ヘリオプシス露出了像融化一样的表情，\n身体颤抖不已。"
    },
    {
        "message": "我想让她更加融化。\n希望能教会ヘリオプシス更多让她高兴的事情。"
    },
    {
        "name": "ヘリオプシス",
        "message": "「是的，是的，团长大人！\n我，ヘリオプシス，嗯！嗯，喜欢被激烈地进行！\n啊啊，嗯，特别是，嗯！最深处最能感受到！\n被顶到最深处的感觉……嗯！我最喜欢了！」"
    },
    {
        "name": "ヘリオプシス",
        "message": "「但是，除此之外，我也找到了其他喜欢的事情！」"
    },
    {
        "name": "ヘリオプシス",
        "message": "「团长大人紧紧握住我的手，\n这件事情也是我喜欢的！\n当被团长大人握住手时，\n嗯！我非常开心！」"
    },
    {
        "message": "重新紧紧握住她的手，ヘリオプシス也回握了过来。"
    },
    {
        "name": "ヘリオプシス",
        "message": "「啊、嗯、哈啊、哈啊、啊嗯！\n第一次感受到这么多……嗯、啊嗯、啊嗯、嗯嗯！\n用全身，用全部感受团长大人……！」"
    },
    {
        "name": "ヘリオプシス",
        "message": "「但是，哈啊，哈啊，更多，更多，让我感受团长大人！\n嗯，更多更多，请让我感受更多！」"
    },
    {
        "message": "ヘリオ普西斯随着这边的动作，扭动着腰部，\n像舔舐着阴茎一样。\n性器之间纠缠得更加浓密，射精的欲望也越来越高。"
    },
    {
        "name": "ヘリオプシス",
        "message": "「啊啊，嗯，团长大人，团长大人，我喜欢您，团长大人！\n嗯，哈啊，哈啊，非常喜欢您！」"
    },
    {
        "name": "ヘリオプシス",
        "message": "「嗯，哈啊，嗯，舒服，竟然这么，嗯，哈啊，嗯！\n舒服得我不知道！\n与团长大人，一次又一次！\n发生关系了！竟然这么，竟然这么！」"
    },
    {
        "message": "ヘリオ普西斯像忘记了自己一样猛烈地摆动着腰部。\n湿润的阴道带来的快感唤起了强烈的兽欲。"
    },
    {
        "name": "ヘリオプシス",
        "message": "「啊啊！啊！啊啊！嗯，激烈地、大、团长、大人！\n嗯，啊、啊啊、嗯！啊啊！\n啊啊！嗯，哈啊，嗯嗯！嗯！哈啊！」"
    },
    {
        "name": "ヘリオプシス",
        "message": "「这、这样、舒服的吗！嗯！好多、好多！如果被……\n啊、嗯！啊！嗯！不行、嗯！不行了！\n太舒服了，嗯！啊呀呀！失去理智了，嗯！啊啊！哈啊！」」"
    },
    {
        "name": "ヘリオプシス",
        "message": "「啊，团长大人，我、已经、嗯、啊！\n要到了！这么、开心，嗯，舒服，啊嗯！\n嗯嗯，太舒服了，无法停下来的感觉！」"
    },
    {
        "message": "我已经无法忍受再射精了。\n我们紧握着彼此的手，互相凝视着，一起达到高潮。"
    },
    {
        "name": "ヘリオプシス",
        "message": "「我想要和团长大人一起……一起达到高潮！\n啊呀，啊呀！嗯！哈啊，哈啊，啊呀！\n和我最爱的团长大人一起，嗯，啊呀，一起！」"
    },
    {
        "name": "ヘリオプシス",
        "message": "「嗯，啊啊，不行了，嗯，要射了，要射了，嗯，啊！\n团长大人，请不要松开我的手！\n要射了，嗯嗯，啊！不行了！我要射了！团长大人，我要射了！」"
    },
    {
        "name": "ヘリオプシス",
        "message": "「啊啊啊！嗯嗯嗯！射了！嗯嗯嗯！」"
    },
    {
        "message": "与紧握着手的ヘリオプシス一起\n沉浸在射精的欲望中。\n炽热的精液喷涌进她的子宫。"
    },
    {
        "name": "ヘリオプシス",
        "message": "「嗯，哈啊，哈啊……嗯嗯……哈啊，哈啊……呼……」"
    },
    {
        "name": "ヘリオプシス",
        "message": "「这么舒服……这么舒服，竟然……\n这么害羞，这么开心……」"
    },
    {
        "message": "整理好呼吸的ヘリオプシス\n微笑得像是第一次经历一样。"
    },
    {
        "name": "ヘリオプシス",
        "message": "「……我喜欢团长大人。\n我爱你」"
    },
    {
        "message": "要能够说出那句话，我们彼此需要很长时间。\n但是，那也是必要的时间。"
    },
    {
        "name": "ヘリオプシス",
        "message": "「但是，竟然会爱上团长大人……真的是出乎意料的\n从现在开始该用怎样的表情看待团长大人，我不知道……」"
    },
    {
        "message": "ヘリオプシス有点困惑，但也带着开心的笑容。"
    },
    {
        "name": "ヘリオプシス",
        "message": "「但是这种出乎意料，是令人开心的出乎意料」"
    }
]