[
    {
        "name": "リンネソウ",
        "message": "「团长，有件事想要问你」"
    },
    {
        "message": "脸上微微泛红，林奈草用仰视的眼神注视着我。无法移开视线，被她炽热的目光所吸引。"
    },
    {
        "name": "リンネソウ",
        "message": "「其实最近，我喜欢上了一个人……决定要勇敢地向那个人表达我的感情」"
    },
    {
        "name": "リンネソウ",
        "message": "「不知道对方会不会接受……但是我已经忍耐不住了」"
    },
    {
        "message": "林奈草深吸了一口气，将手放在胸前。"
    },
    {
        "name": "リンネソウ",
        "message": "「我爱你，团长♪」"
    },
    {
        "message": "简洁而明确的告白。听到她的心意后，心中涌起一股宠爱之情。"
    },
    {
        "message": "我也喜欢林奈草。怀有特殊的好意。向她传达这样的心意后，她开心地笑了起来。"
    },
    {
        "name": "リンネソウ",
        "message": "「内心非常地激动，心跳得厉害……感觉要失控了……」"
    },
    {
        "name": "リンネソウ",
        "message": "「团长啊……能不能让我心跳的感觉消失呢」"
    },
    {
        "message": "请放心交给我吧。团长点头，温柔地拥抱住了琳妮草。"
    },
    {
        "name": "リンネソウ",
        "message": "「哇啊……团长，好大好硬……\\n热热的，顶着我重要的地方……嗯嗯」"
    },
    {
        "message": "慢慢地插入了充血而紧绷的阴茎。\\n首次穿过紧绷的阴道粘膜，向着阴道内部前进。"
    },
    {
        "name": "リンネソウ",
        "message": "「啊啊……嗯嗯……里面的肉，扩张成团长的形状……\\n越来越深入……到达最深处了……」"
    },
    {
        "name": "リンネソウ",
        "message": "「就这样，把我的第一次……给我吧……\\n用力地顶进去……可以吗？」"
    },
    {
        "message": "已经做好准备的琳妮草发出深入的请求。\\n按照她的要求，我有力地向前推动了腰部。"
    },
    {
        "name": "リンネソウ",
        "message": "「嗯啊啊……啊啊啊啊啊啊啊……！」"
    },
    {
        "message": "感受到膜破裂的触感传遍整个阴茎。\\n克服了强烈的阻力，整个阴茎被阴道包裹着。"
    },
    {
        "message": "感受到龟头撞击宫颈的冲击和破处的疼痛，琳纳草身体微微颤抖着。"
    },
    {
        "name": "リンネソウ",
        "message": "「团长的……全部都进来了……在肚子里……因为很大，被填满了……」"
    },
    {
        "message": "接受了勃起的阴茎。琳纳草感到高兴，表达了感激和喜悦。"
    },
    {
        "message": "然后她看着我，露出了笑容。"
    },
    {
        "name": "リンネソウ",
        "message": "「嘿嘿……第一次就是团长，真的好开心……」"
    },
    {
        "name": "リンネソウ",
        "message": "「随时都可以动哦……团长\\n我没事的……不用客气」"
    },
    {
        "message": "刚刚失去第一次，疼痛还没有缓解。不需要勉强。"
    },
    {
        "name": "リンネソウ",
        "message": "「谢谢……但是，真的没关系……\\n一开始会有点难受……但是只要是喜欢的人做的，很快就会感觉舒服的……\\n嗯，妈妈也是这么说的……♪」"
    },
    {
        "message": "被她坚定的话语打动，我伸手去抚摸她的乳房，给予一点甜蜜的刺激。"
    },
    {
        "name": "リンネソウ",
        "message": "「嗯嗯……首先是想摸摸胸部吧……啊啊，嗯嗯……\\n没关系，团长随便弄……啊啊，哈啊啊……嗯嗯……」"
    },
    {
        "name": "リンネソウ",
        "message": "「我的胸部……从现在开始一直都是团长的，所以……\\n直到满意为止……可以摆弄它吗？」"
    },
    {
        "message": "用手掌爱抚着适度成长且饱满的乳房。\\n感受着柔软的触感，身体的兴奋感不断增加。"
    },
    {
        "name": "リンネソウ",
        "message": "「啊……啊啊……团长……还不动腰部吗？\\n已经硬了……在里面磨擦一下也可以的……」"
    },
    {
        "message": "渐渐传来的声音开始带有一丝艳色。"
    },
    {
        "message": "通过事前的亲密接触和细致的爱抚，可以感觉到阴道内的紧张稍微缓解了一些。\\n在这种状态下，摩擦引起的疼痛也会减少，于是我开始缓慢地前后晃动腰部。"
    },
    {
        "name": "リンネソウ",
        "message": "「哈啊，呼呼……嗯嗯，啊啊……里面，摩擦着……嗯啊……\\n团长在里面，扑哧扑哧地……动着……啊呜……啊啊……啊啊」"
    },
    {
        "name": "リンネソウ",
        "message": "「啊呜……嗯嗯，大的东西，进出着……\\n有点难受，刺痛着……但是……啊啊，呼呼……嗯嗯……\\n感觉身体……变得热热的了」"
    },
    {
        "message": "尽管感受到疼痛和异物感，琳纳草却表达了粘膜摩擦带来的刺激。\\n为了引发更多快感，我加强了对乳房的爱抚和腰部的动作。"
    },
    {
        "name": "リンネソウ",
        "message": "「呼……嗯嗯……我，感觉有点奇怪……\\n胸部，刺痛麻木……啊啊呜\\n那里也，感觉奇怪……啊呜……哈啊，嗯嗯……」"
    },
    {
        "name": "リンネソウ",
        "message": "「我，好像已经感到舒服了……嗯啊呜，啊啊，嗯嗯呜……\\n和团长做这个……感觉很舒服……」"
    },
    {
        "message": "通过爱抚和摩擦运动，琳纳草的阴道逐渐放松。\\n淫液溢出，阴茎的往返变得顺畅。"
    },
    {
        "message": "摩擦的敏感度增加，甜蜜的刺激让彼此兴奋起来。"
    },
    {
        "name": "リンネソウ",
        "message": "「啊啊呜……呼……嗯啊呜，嗯啊唔……！\\n因为硬硬的，在里面磨擦着……啊啊呜，啊啊，嗯嗯唔……\\n团长的小弟弟，好厉害……让我感觉好舒服」"
    },
    {
        "name": "リンネソウ",
        "message": "「肚子里……小妹妹，热热的……啊呜，啊啊，呀唔！\\n喜欢的感觉……在胸腔里越来越大……溢出来了……！」"
    },
    {
        "message": "琳纳草在享受着被给予的快感时，发出喘息的声音。\\n仰望着我的眼神，充满了宝贝般的湿润。"
    },
    {
        "name": "リンネソウ",
        "message": "「喜欢……嗯唔，哈啊呜，啊啊啊！\\n喜欢团长……真的，非常喜欢你……！」"
    },
    {
        "name": "リンネソウ",
        "message": "「小妹妹一直都在颤动疼痛得不行了……已经完全沉迷了……！\\n想要团长更多地对我做……！\\n想要被深深地爱着……！」"
    },
    {
        "message": "一次次表达出对我好感的琳纳草，变得淫荡而兴奋。\\n每次情感激烈地被告白，我的阳具都会不自觉地颤动起来。"
    },
    {
        "message": "被琳纳草渴望着要激烈地爱抚，我也被她的要求激起兴奋，\\n按照她的愿望，更加剧烈地进行爱抚和动作。"
    },
    {
        "name": "リンネソウ",
        "message": "「啊啊啊……！呜呜呜，啊啊……嗯嗯嗯……！\\n胸部和阴道同时剧烈地……啊啊，嗯嗯……啊啊啊……！」"
    },
    {
        "name": "リンネソウ",
        "message": "「这样的话，很快就忍不住了……呀呜！\\n阴道好舒服，阳具好舒服……\\n里面收缩得紧紧的，颤抖着，快要射了……要射出来了哦……！」"
    },
    {
        "message": "活跃收缩的阴道粘膜紧紧地吸附在达到极限的阴茎上。\\n贪婪地追求精液的粘膜运动，\\n比言语更加强烈地传达着琳纳草即将达到巅峰的信息。"
    },
    {
        "message": "为了与她同时达到高潮，我不停地抽动着腰部，直到射精的瞬间。"
    },
    {
        "name": "リンネソウ",
        "message": "「嗯啊啊……哈啊啊……哈呜……啊啊啊……！\\n要射了！啊啊，要射了，阴道要射出来了！\\n呀呜，啊啊……嗯啊啊……嗯嗯嗯嗯！」"
    },
    {
        "name": "リンネソウ",
        "message": "「要射了！要射要射要射……啊啊啊……！\\n啊啊啊啊啊……！！」"
    },
    {
        "name": "リンネソウ",
        "message": "「嗯嗯嗯嗯嗯……阴道的颤抖不停止……\\n在肚子里……非常非常高兴的样子……」"
    },
    {
        "name": "リンネソウ",
        "message": "「原来性爱这么舒服……我不知道呢……」"
    },
    {
        "message": "第一次达到极致的琳纳草，用迷醉的表情享受着快感。"
    },
    {
        "message": "阳具达到极限，搏动着，将精液注入收缩不停的阴道粘膜。"
    },
    {
        "name": "リンネソウ",
        "message": "「团长热烈而浓稠的精液……充满了我的肚子……\n能射出这么多，我很开心……」"
    },
    {
        "message": "琳纳草把手放在腹部，露出幸福的笑容。"
    },
    {
        "name": "リンネソウ",
        "message": "「嘿嘿……我很幸福……\n被你这么多次感到舒服，谢谢你……团长……♪」"
    },
    {
        "name": "リンネソウ",
        "message": "「说谢谢应该是我才对。\n多亏了她的告白，我们能够确认彼此的爱情。♪」"
    },
    {
        "message": "我回答说我也很幸福，紧紧地拥抱着琳纳草。"
    },
    {
        "message": "我也很幸福地回答着，紧紧地拥抱着琳纳草。"
    }
]