[
    {
        "name": "ヘレニウム",
        "message": "「团长……我可以哦？\\n我想让团长感到舒服」"
    },
    {
        "message": "海棠靠近我，轻声细语。\\n平时娇弱敏感的她眼中，\\n有着前所未有的坚定。"
    },
    {
        "name": "ヘレニウム",
        "message": "「团长……我，我会……\\n让团长感到舒服」"
    },
    {
        "name": "ヘレニウム",
        "message": "「嗯……啊、啊啊啊！！！」"
    },
    {
        "message": "将坚硬勃起的阴茎对准花蕊的中心，\\n海棠慢慢下降。"
    },
    {
        "message": "因为她可爱地朝这边转过屁股，\\n所以能清楚地看到小小的阴道口吞噬着阴茎。"
    },
    {
        "name": "ヘレニウム",
        "message": "「嗯、啊……怎么样团长，\\n我的小穴里，团长的硬硬的大鸡巴……啊」"
    },
    {
        "name": "ヘレニウム",
        "message": "「啊啊、在进来的时候……嗯、\\n你、你能看到吗？」"
    },
    {
        "message": "海棠颤抖着屁股，\\n回过头来窥视着情况。\\n她的眼神似乎有些湿润。"
    },
    {
        "name": "ヘレニウム",
        "message": "「团长，不用担心我，我没事的，\\n请只考虑让团长感到舒服就好」"
    },
    {
        "name": "ヘレニウム",
        "message": "「嗯……唔……啊啊啊！！！」"
    },
    {
        "message": "海棠从未容许任何人侵入过的阴道，\\n阴茎如同划破其中一般前进着。"
    },
    {
        "message": "海棠的身体紧绷颤抖着，\\n但从未停下来。"
    },
    {
        "message": "终于，彼此的下体相碰。\\n阴茎完全插入了海棠的阴道中。"
    },
    {
        "name": "ヘレニウム",
        "message": "「嗯……团长，全部都进去了吗？」"
    },
    {
        "name": "ヘレニウム",
        "message": "「嗯……好厉害……团长的那个，\\n真的好大，在我里面……好紧……嗯嗯！」"
    },
    {
        "name": "ヘレニウム",
        "message": "「我的小穴被撑得好开呢？\\n嘿嘿，真是太美妙了」"
    },
    {
        "message": "海棠微笑着，额头上沁满了汗珠。\\n我能感受到她正在尽力为我付出。"
    },
    {
        "name": "ヘレニウム",
        "message": "「嗯，我没有做什么过分的事情……对吧？\\n因为……因、因为团长先生是我的……嗯」"
    },
    {
        "name": "ヘレニウム",
        "message": "「因为您是我未来的丈夫，\\n所以……我全心全意地侍奉您是理所当然的」"
    },
    {
        "name": "ヘレニウム",
        "message": "「这是我一直珍惜着的第一次……\\n希望未来的丈夫团长先生能好好品味」"
    },
    {
        "message": "听到海棠可爱的告白，就像在一片洁白的新雪上留下足迹的欲望涌上心头。"
    },
    {
        "name": "ヘレニウム",
        "message": "「啊……团长先生的那个，\\n在里面扭动着……嘿嘿」"
    },
    {
        "name": "ヘレニウム",
        "message": "「团长先生想要感受快感对吧？\\n没问题，我会让您感受到快感的」"
    },
    {
        "name": "ヘレニウム",
        "message": "「我的第一次小穴……请尽情享受……嗯嗯」"
    },
    {
        "message": "说着，海棠开始缓慢地上下摆动腰部。\\n海棠将羞耻的部位完全暴露在眼前，摇曳的臀部景象足以激发男人的欲望。"
    },
    {
        "name": "ヘレニウム",
        "message": "「啊、啊啊……嗯嗯……啊、啊啊……团长先生，怎么样？舒、舒服吗？」"
    },
    {
        "name": "ヘレニウム",
        "message": "「如果有什么想要的事情，请随时告诉我，\n嗯嗯，我会努力直到团长满意的……」"
    },
    {
        "message": "或许是已经习惯了，海棠的腰部动作变得更加流畅。\n阴道中流淌出像糖浆一样黏稠的爱液，增强了阴茎和阴道之间的摩擦。"
    },
    {
        "name": "ヘレニウム",
        "message": "「嗯嗯，团长先生……团长先生……啊啊，\n嗯嗯，呀啊啊！」"
    },
    {
        "message": "看着海棠那张带有一丝稚气的脸庞，以及眼前展现出淫靡景象的反差，\n让我的头晕晕乎乎的。"
    },
    {
        "name": "ヘレニウム",
        "message": "「团长先生，看起来很舒服……嗯嗯，\n我很开心……啊啊啊，更多一点，再多一点！」"
    },
    {
        "message": "阴道在蠕动着，紧紧地夹住阴茎。\n在甜蜜的快感中，我感觉自己随时都可能达到高潮。"
    },
    {
        "name": "ヘレニウム",
        "message": "「呀呀！？ 团、团长先生……嗯嗯！」"
    },
    {
        "message": "为了减缓海棠的腰部动作，我也伸出手，\n抚摸着晃动的臀肉。"
    },
    {
        "name": "ヘレニウム",
        "message": "「嗯嗯，团、团长先生……嗯，嗯嗯！\n摸、摸屁股的话……嗯，我就没法好好动了哦？」"
    },
    {
        "message": "轻轻地抚摸着臀肉，仿佛在挑逗羞耻感，\n海棠的腰部动作变得稍微缓慢了一些。"
    },
    {
        "message": "被触摸到从未有人触碰过的地方，\n海棠的脸变得像熟透的苹果一样红彤彤的。"
    },
    {
        "name": "ヘレニウム",
        "message": "「嗯嗯……团长先生，啊啊，屁股也……嗯嗯，\n阴道也……好舒服啊……啊啊」"
    },
    {
        "message": "微微皱起漂亮的眉毛，带着些许困惑地看向我。\n"
    },
    {
        "message": "然而，海棠并没有责备我做这些事情。\n她的关心让我感到开心，更是可爱至极。"
    },
    {
        "name": "ヘレニウム",
        "message": "「嗯嗯，啊啊，团长先生？」"
    },
    {
        "message": "无法忍耐，我也开始主动抬起腰部。"
    },
    {
        "name": "ヘレニウム",
        "message": "「呼啊！啊啊！好厉害……\n深、深入到那里了！啊啊啊！！！」"
    },
    {
        "name": "ヘレニウム",
        "message": "「啊啊，好舒服……啊啊！！\n多多顶进我的阴道里……呼啊！！」"
    },
    {
        "name": "ヘレニウム",
        "message": "「团长的阴茎……嗯嗯，啊啊……！\n尽情地，进入我的阴道……啊啊啊！！」"
    },
    {
        "message": "肌肤相碰的干燥声音中，\n混合着从连接处溢出的体液相互交融的水声。"
    },
    {
        "message": "不知不觉间，海棠也主动摆动着腰部，\n更加努力地给予我快感。"
    },
    {
        "name": "ヘレニウム",
        "message": "「团长……喜欢你……喜欢你！\n从第一眼见到你时起，啊啊，我就……嗯嗯嗯！」"
    },
    {
        "name": "ヘレニウム",
        "message": "「好喜欢……啊啊啊！！\n未来的，嗯，未来的丈夫，呜啊啊！！」"
    },
    {
        "message": "阴道壁紧紧地包裹着阳具。\n从这个角度看，海棠的括约肌\n紧紧地收缩着，一览无余。"
    },
    {
        "name": "ヘレニウム",
        "message": "「射进来，请……团长，\n在我的阴道里……嗯，子宫里，请！」"
    },
    {
        "name": "ヘレニウム",
        "message": "「全部都要，啊啊……全部都要接受，\n精子，请给我……全部，给我……啊啊啊！！」"
    },
    {
        "name": "ヘレニウム",
        "message": "「嗯，嗯，嗯嗯……呜啊啊啊啊！！！！」"
    },
    {
        "name": "ヘレニウム",
        "message": "「啊、嗯啊啊……！！」"
    },
    {
        "message": "就在我射精的瞬间，海棠用力地坐下。\n从跳动的阴茎顶端，喷涌出大量的精液。"
    },
    {
        "message": "海棠用她的子宫接纳了全部。"
    },
    {
        "name": "ヘレニウム",
        "message": "「啊啊，出来了……团长的精子，嗯嗯，噗～满满的……啊啊啊」"
    },
    {
        "message": "海棠发出热烈的呼吸声，身体在高潮的波浪中颤抖。"
    },
    {
        "name": "ヘレニウム",
        "message": "「团长……您满意了吗？」"
    },
    {
        "message": "她点头示意，微笑着看着我。"
    },
    {
        "name": "ヘレニウム",
        "message": "「我也很开心……团长，您真是个很有男人味的、很棒的人」"
    },
    {
        "name": "ヘレニウム",
        "message": "「那个，如果您再想要的话，随时都可以……我不会拒绝」"
    },
    {
        "message": "看着害羞而可爱的微笑的海棠，我确信她会成为一个好妻子。"
    },
    {
        "name": "ヘレニウム",
        "message": "「我的心和身体，全部都属于团长大人。」"
    }
]