[
    {
        "name": "ハイビスカス",
        "message": "「啊呜……！嗯咕，咕……！哈，进去了……！」"
    },
    {
        "message": "在晒得很黑的皮肤中，秘裂染成了浅粉色，\\n颤抖着吞下了阴茎直到根部。"
    },
    {
        "message": "从连接处溢出一道红色的血液，\\n沿着小巧的屁股滑落下来。"
    },
    {
        "name": "ハイビスカス",
        "message": "「啊嗯……哈啊……！\\n啊，啊啊……我、我、我、我的阴、阴阴阴道……\\n被团长的阳、阳、阳具撑得好大……\\n嗯，嗯呜……！」"
    },
    {
        "message": "凝视着张开的秘裂，\\n脸上燃起火热的表情。"
    },
    {
        "message": "或许是因为说了淫秽的词语，她略显不自在地低下了头。"
    },
    {
        "name": "ハイビスカス",
        "message": "「唔啊？ 嗯……嗯咕呜……！」"
    },
    {
        "message": "受到阴道肌肉收缩追逐异物的刺激，\\n阴茎狂暴地抽动着。"
    },
    {
        "message": "海棠花咬紧下唇，\\n轻轻地抬起了眼眸。"
    },
    {
        "name": "ハイビスカス",
        "message": "「这、这样抖动着这样的阴茎……嗯，啊……\\n我的阴道，这么舒服吗？」"
    },
    {
        "message": "微微点头，嘴角渐渐露出了笑容。"
    },
    {
        "name": "ハイビスカス",
        "message": "「是、是吗……呵呵♪」"
    },
    {
        "message": "她高兴地眯起眼睛，\\n双手稳稳地撑在地面上，慢慢抬起了腰。"
    },
    {
        "name": "ハイビスカス",
        "message": "「嗯，啊……\\n那、那我就让你更好地品尝我的阴道吧……♪\\n然后……嗯，嗯呜……\\n更多地感受快感……？」"
    },
    {
        "message": "刚说完，她抬起的腰部猛然下落，\\n将阴茎吞没到阴道深处。"
    },
    {
        "message": "然后继续有力地扭动着腰部。"
    },
    {
        "name": "ハイビスカス",
        "message": "「啊、啊啊！ 团长的阴茎，又粗又凹凸不平……\\n在我的阴道里磨擦得好痛快……嗯、嗯呜呜！」"
    },
    {
        "name": "ハイビスカス",
        "message": "「啾啾地进出着……啊、啊！\\n好、好淫荡啊……」"
    },
    {
        "message": "羞涩地垂下眉毛，喷出热气数次。"
    },
    {
        "message": "随着腰部的动作，乳房上下左右狂乱摇晃。"
    },
    {
        "name": "ハイビスカス",
        "message": "「啊、啊、啊……！\\n你、你的阴茎，又硬又颤抖♪ 呃……哈啊、哈呼……」"
    },
    {
        "name": "ハイビスカス",
        "message": "「你觉得我的阴道好吃好吃吗……？\\n哈呼、哈呼！ 哦，好开心啊……」"
    },
    {
        "message": "也许是展现了她天生的适应能力，\\n她淡淡地微笑着，看起来并不像在痛苦中。"
    },
    {
        "message": "相反，她似乎沉迷于性行为中，\\n看起来兴奋不已。"
    },
    {
        "name": "ハイビスカス",
        "message": "「啊、嗯……嗯！\\n嘿嘿♪ 我会紧紧地夹住你的阴茎的……♪」"
    },
    {
        "name": "ハイビスカス",
        "message": "「然后……嗯、嗯呜……\\n我会更用力地挤压团长的阴茎♪ 哈啊啊！」"
    },
    {
        "message": "她毫不犹豫地说出之前那么害羞的淫秽话语，\\n并向前推动着骨盆更加猛烈地顶击。"
    },
    {
        "message": "秘裂吞噬着阴茎的景象，\\n仿佛在展示一般。"
    },
    {
        "name": "ハイビスカス",
        "message": "「嗯、啊……♪\\n嗯，怎么了……感觉下面的地方有点刺痛起来了……？」"
    },
    {
        "message": "眼神炽热迷离，小腹抽搐不已。"
    },
    {
        "message": "双臂撑在地面上颤抖着，\\n上半身多次摇摆几乎要倒下。"
    },
    {
        "message": "面对阴道深处的蠕动，\\n忍耐不住，腰部本能地向上顶击。"
    },
    {
        "name": "ハイビスカス",
        "message": "「啊、啊！突然怎么了！？\\n啊、啊♪不、不行啦……！\\n你用那么大力气敲打着我的阴道，\\n头都麻木了，哈啊哈啊……\\n力气都没了呜呜～……！」"
    },
    {
        "name": "ハイビスカス",
        "message": "「啊、哈、哈呢！\\n不、不行啦……我要让团长感到舒服……\\n啊、啊！不、不输……！！」"
    },
    {
        "message": "仿佛被某种使命感驱使着，咬紧后牙，\\n用屁股猛击下体，大幅度地晃动腰部。"
    },
    {
        "name": "ハイビスカス",
        "message": "「嗯哈呢、啊！不、不输，绝对不输！\\n啊呜、啊哈呢！一定要让团长先……嗯嗯、\\n让他高潮……！」"
    },
    {
        "name": "ハイビスカス",
        "message": "「好舒服啊，啊啊……\\n你可真是迷上了我的小穴……！」"
    },
    {
        "message": "大量的爱液从连接处流淌出来，\\n乳头在丰满的顶点上变得坚硬尖锐。"
    },
    {
        "message": "双方协调着动作，\\n自然而然地竞争谁能先让对方高潮。"
    },
    {
        "name": "ハイビスカス",
        "message": "「嗯、嗯呵呵♪ 团、团长你也挺厉害的嘛……？\\n不、不过，差不多到极限了吧？」"
    },
    {
        "name": "ハイビスカス",
        "message": "「那就停下腰的动作，\\n老老实实地被我小穴待着吧……！\\n啊、啊呃、嗯咕！」"
    },
    {
        "name": "ハイビスカス",
        "message": "「在小穴里紧紧地夹住阴茎，\\n忍不住抽动起来，嗯、哈啊！\\n一定超级舒服的吧～？」"
    },
    {
        "message": "她露出傲慢的笑容，但脸颊却松弛下来。"
    },
    {
        "message": "她拼命地试图掌握主导权，\\n但当阴茎顶端敲击到子宫口时，\\n她立刻松开了腰部的力量。"
    },
    {
        "name": "ハイビスカス",
        "message": "「啊、啊啊、啊啊啊……！\\n那、那里、被顶到，头都麻木了，\\n什、什么都做不了了呜呜……！嗯、嗯咕～～～！」"
    },
    {
        "name": "ハイビスカス",
        "message": "「不、不行……要、要输了！？\\n这样下去，就、就要输给团长了呜呜……！\\n啊、啊呼呼，嗯呼嗯呼！！」"
    },
    {
        "message": "最初的从容态度消失，任由着阴茎顶入。"
    },
    {
        "message": "脚踩在地面上微微颤抖，\\n屁股砰地一声坐在了阴部上。"
    },
    {
        "message": "就这样把海棠花的小身体弹得晃来晃去，\\n猛烈地撞击着。"
    },
    {
        "name": "ハイビスカス",
        "message": "「啊、啊啊！？好、好猛烈……！？\\n好、好舒服……！\\n竟然被团长先一步达到高潮了……！」"
    },
    {
        "name": "ハイビスカス",
        "message": "「唉呀～！我、我想让你高潮的……\\n想让团长感到舒服的……嗯哈啊啊♪」"
    },
    {
        "message": "终于承认自己的失败，\\n背脊仰反着，睁大了眼睛。"
    },
    {
        "message": "全身微微颤抖，\\n疯狂地连续抽动腰部。"
    },
    {
        "name": "ハイビスカス",
        "message": "「啊……要、要射了！\\n从腹部深处涌上来的热量……\\n啊呜呜，啊呜呜呜！」"
    },
    {
        "name": "ハイビスカス",
        "message": "「啊、嗯咕咕……啊、啊啊啊啊啊啊！？」"
    },
    {
        "message": "然后用龟头磨擦子宫口，\\n身体如同爆炸般达到了极致。"
    },
    {
        "message": "瞬间，阴道紧紧收缩，\\n阴道壁紧贴着整根阴茎，揉捏着。"
    },
    {
        "message": "在那强烈的刺激下，无法忍受，\\n像是追随海棠花一样，炽热的岩浆涌上尿道。"
    },
    {
        "name": "ハイビスカス",
        "message": "「呜嘻嘻～♪\\n明明已经高潮了，却还被注入了炽热的阳具奶汁～♪\\n呼啊，唉嘻！？」"
    },
    {
        "name": "ハイビスカス",
        "message": "「不行不行不行～！？\\n被、被让尝到这么舒服的感觉，\\n我、我会变得奇怪的呜呜呜～！？\\n呜嘻嘻～♪」"
    },
    {
        "message": "接收了大量的精液在阴道内，舌头伸出颤抖着。"
    },
    {
        "message": "秘裂仍然颤动着，拼命地想要喝干精液。当射精结束时，\\n她将焦点对准了不合焦的眼瞳。"
    },
    {
        "name": "ハイビスカス",
        "message": "「果然是团长呢……嗯、嗯呼呼♪\\n我、我完全失败了呢……♪」"
    },
    {
        "name": "ハイビスカス",
        "message": "「哼，虽然很气愤……但、但是感觉很开心……哈啊啊……\n果然还是无法与团长相比呢……哈呼呼……」"
    },
    {
        "message": "深吸一口气，大口呼出炽热的气息。"
    },
    {
        "name": "ハイビスカス",
        "message": "「哈啊……哈啊……下次也来一场色情的比赛吧……？\n这次可不会输了哦……♪」"
    },
    {
        "message": "看到她浮现出妖艳的笑容，眯起一只眼睛，\n阴茎颤抖不已，喷出余精在阴道内。"
    }
]