[
    {
        "name": "ソリダスター",
        "message": "「那个……这么晚打扰了……」"
    },
    {
        "message": "深夜敲门，出现在门前的是索利达斯塔。\\n她一脸歉意地邀请她进了房间。"
    },
    {
        "message": "大概是晚上读历史书，兴奋得睡不着吧。\\n根据她的性格猜测，当我说出来时，索利达斯塔的表情变得惊讶。"
    },
    {
        "name": "ソリダスター",
        "message": "「太厉害了……！完全正确，我因为兴奋而变得精神焕发……\\n所以就无法入睡了」"
    },
    {
        "name": "ソリダスター",
        "message": "「是关于古代世界放荡下半身情况的书……\\n内容比我想象的还要激烈，让我很困扰……」"
    },
    {
        "message": "听到索利达斯塔口中出乎意料的标题，我不禁感到惊讶。\\n同时也理解了过来。\\n也就是说，她因为性兴奋而无法入睡。"
    },
    {
        "name": "ソリダスター",
        "message": "「我觉得机智的团长大人应该已经察觉到了……\\n那个……我无意识地……想起了团长大人……\\n所以才会来打扰您的房间……」"
    },
    {
        "name": "ソリダスター",
        "message": "「所以……拜托了……\\n请团长大人平息我的激动之身吧？」"
    },
    {
        "message": "索利达斯塔用湿润的眼神和火热的表情仰视着我。\\n无法抗拒地，我被吸引过去拥抱了她。"
    },
    {
        "name": "ソリダスター",
        "message": "「嗯啊……团长大人的……顶到了……嗯嗯呜……\n硬硬的东西，慢慢地进来了……啊啊啊……」"
    },
    {
        "message": "将充血变硬的勃起插入索利达斯塔的阴道。\n一边慢慢扩张闭合的阴道粘膜，一边享受着插入带来的摩擦感。"
    },
    {
        "name": "ソリダスター",
        "message": "「团长大人的……好大，好热……啊啊……嗯咕……\n居然能被这样撑开中间……哈啊啊……啊啊……」"
    },
    {
        "message": "多亏之前看书兴奋了起来。\n阴道收缩并没有想象中那么紧。"
    },
    {
        "message": "强烈的阻力传递到已经插入一半的肉棒。\n请求突破索利达斯塔的处女膜，深入内部。"
    },
    {
        "name": "ソリダスター",
        "message": "「当然了……就这样全部都……\n希望能收下我的第一次……」"
    },
    {
        "message": "为了让她感到安心，索利达斯塔微笑着。\n对于她的关心，我表示感谢，并夺走了她的第一次。"
    },
    {
        "name": "ソリダスター",
        "message": "「嗯，啊啊啊啊啊……！团长大人的东西，塞满了里面……嗯嗯嗯……肚子都鼓起来了……」"
    },
    {
        "name": "ソリダスター",
        "message": "「这就是第一次的感觉吧……\n哈啊，啊啊……团长大人……\n谢谢你教会我……」"
    },
    {
        "message": "尽管忍受着破处的疼痛和腹部异物的感觉，索利达斯塔看起来很高兴。\n对她来说，体验到未知的感觉比任何事情都重要。"
    },
    {
        "name": "ソリダスター",
        "message": "「接下来就只需要团长教我……性爱的快感……\n因为疼痛没关系……请多多教导我接下来的事情，好吗？」"
    },
    {
        "message": "在对视的同时，索利达斯塔请求进行抽送。\n为了回应她的请求并传递快感，我开始进行细致的抽送。"
    },
    {
        "name": "ソリダスター",
        "message": "「啊啊……呼……嗯嗯……好大的东西在动……嗯咕\n顶端的凸起……在里面卡住了好多……嗯啊啊……」"
    },
    {
        "name": "ソリダスター",
        "message": "「顶到最深处了……摩擦得好舒服……哈啊……嗯嗯呜\n有点奇怪的感觉……啊呜、啊啊……」"
    },
    {
        "message": "由于事先已经很湿润，阴道内的往复非常顺畅。\n虽然以为初次性行为会持续疼痛，但她似乎比预想中更快地感受到了快感。"
    },
    {
        "name": "ソリダスター",
        "message": "「嗯，看起来是这样的……哈呜……啊啊……嗯嗯呜\n我已经……有感觉了……啊啊啊……」"
    },
    {
        "name": "ソリダスター",
        "message": "「嗯呜……哈啊啊……一直都想被团长这样对待……\n身体很开心……变得敏感了……嗯呜、啊啊\n没想到会变成这样……」"
    },
    {
        "message": "每次扎入腰部时，都能听到索利达斯塔甜美的喘息声。\n水声也逐渐变大，为抽送增添了色彩。"
    },
    {
        "message": "明白她正在感受到与疼痛不同的刺激，我也感到安心。\n同时，我被索利达斯塔第一次的快感所迷惑，兴奋起来。"
    },
    {
        "name": "ソリダスター",
        "message": "「团长，请尽情享受……不用在意我……随你喜欢的方式动，都可以……」"
    },
    {
        "message": "阴道已经开始适应阴茎。\n应该已经几乎感觉不到疼痛了。"
    },
    {
        "message": "看着她摇晃着丰满的乳房喘息的样子，\n我的欲望也膨胀起来。\n能得到索利达斯塔的许可，真是太感激了。"
    },
    {
        "name": "ソリダスター",
        "message": "「啊啊……嗯啊……团长，请多多动你的小弟弟……\n我们一起感受快感吧……」"
    },
    {
        "name": "ソリダスター",
        "message": "「而且我也很好奇……如果被更加剧烈地摩擦会怎样呢……\n所以，嗯、嗯啊」"
    },
    {
        "name": "ソリダスター",
        "message": "「所以拜托了，团长……\n请让我体会到你的小弟弟在我的小穴里的快感……」"
    },
    {
        "message": "被淫秽的话语引诱，欲望无法抑制。\n重新用力挺动腰部，热情地摩擦着索利达斯塔。"
    },
    {
        "name": "ソリダスター",
        "message": "「啊呜……！嗯哈啊……啊啊啊……！\n我的小穴被团长的大鸡巴……搅得乱七八糟的……！」"
    },
    {
        "name": "ソリダスター",
        "message": "「好厉害，被擦得好多……啊啊，嗯啊啊，呼啊啊！\n身体变得好热……嗯呜呜！\n刺痛感越来越强烈了……\n呀啊，哈呜呜，嗯嗯呜呜！」"
    },
    {
        "name": "ソリダスター",
        "message": "「哈啊，呼呜，嗯嗯呜呜……呀啊啊……！\n阴茎……被插得好多好多……啊，啊啊啊……！\n原来性爱这么舒服……我不知道……嗯啊啊啊！」"
    },
    {
        "message": "在剧烈的冲刺中，我们的兴奋不断增加。\n阴茎传来的麻痹感震颤着脊椎，我的极限也逐渐接近。"
    },
    {
        "message": "为了与索利达斯塔同时迎接高潮，\n我一直用力抽动着腰部直到最后一刻。"
    },
    {
        "name": "ソリダスター",
        "message": "「嗯嗯，呼啊啊，嗯啊啊……！\n好厉害，团长的动作好激烈……啊啊！\n肚子里面，好痒痒……疼得厉害了……！」"
    },
    {
        "name": "ソリダスター",
        "message": "「阴道一直在颤抖……嗯啊，哈呜呜！\n我要高潮了……快感爆发出来，我要高潮了呜呜呜呜……！」"
    },
    {
        "name": "ソリダスター",
        "message": "「哈啊，啊啊啊啊啊啊啊啊！！」"
    },
    {
        "message": "在体验着第一次高潮的同时，索利达斯塔不断收缩着阴道粘膜。\n她颤抖着喉咙，欢喜地接受着喷射而出的精液。"
    },
    {
        "name": "ソリダスター",
        "message": "「哈，啊啊……通过性爱……\n我能感受到这种幸福的感觉……\n多亏了团长，我得到了非常宝贵的发现……」"
    },
    {
        "message": "索利达斯塔放松了呼吸，露出疲惫的表情。\n彼此在激烈的性行为中筋疲力尽。"
    },
    {
        "name": "ソリダスター",
        "message": "「多亏了团长……今晚我能安心入睡了……」"
    },
    {
        "message": "她微笑着表达感激之情。\n我回以感谢的话语，然后我们一起休息。"
    }
]