[
    {
        "message": "夜晚。哈尔躺在床上，发出甜美的娇声。"
    },
    {
        "name": "ハル",
        "message": "「嗯嗯……啊……武先生，武先生……\n我……已经……嗯嗯呜……！」"
    },
    {
        "name": "ハル",
        "message": "「更深一点……请再深入一点……！\n唔呜呜……！ 嗯啊啊啊啊！！」"
    },
    {
        "name": "ハル",
        "message": "「哈！ 那、那个？ 刚才的是梦吗……？」"
    },
    {
        "message": "被自己的喘息声吵醒的哈尔跳了起来。\n她露出一副留恋的表情。"
    },
    {
        "name": "ハル",
        "message": "「唉……真失望，在最精彩的时刻醒来\n要是能看到更多接下来的情节就好了」"
    },
    {
        "name": "ハル",
        "message": "「唔呜……因为梦而感到有点兴奋\n虽然有点寂寞，但这里只能自己解决了……」"
    },
    {
        "message": "于是，陷入欲求不满的哈尔\n将那只白皙的手滑入私处……。"
    },
    {
        "name": "ハル",
        "message": "「嗯嗯，嗯……啊啊……」"
    },
    {
        "message": "迷迷糊糊的眼睛，慢慢地将手指伸入私处。"
    },
    {
        "message": "也许是因为做了淫乱的梦，她的身体变得敏感起来。\n只是稍微插进一点点，全身就会颤抖起来。"
    },
    {
        "name": "ハル",
        "message": "「啊啊……最后还是做了这种事\n在武不在的时候，一个人自慰……\n嗯咕，啊啊……作为一条龙，真丢脸……」"
    },
    {
        "name": "ハル",
        "message": "「但是，不这样做就无法平静下来\n明明刚刚气氛正好，中途醒过来真是……\n这样下去就是不完全燃烧……嗯嗯，呼啊啊……」"
    },
    {
        "message": "为了满足被压抑的欲望，用手指搅动着。\n每次用指尖轻触，都传来像电流般的刺激。"
    },
    {
        "name": "ハル",
        "message": "「啊、啊啊……但是，不能大声出声……\n如果被铃香或者伊莉丝发现了，就麻烦了……\n轻轻地、慢慢地……呼，嗯嗯……」"
    },
    {
        "name": "ハル",
        "message": "「为了怀念武，竟然做了这种事\n如果被本人知道了……会怎么想呢\n嗯嗯，啊啊……」"
    },
    {
        "name": "ハル",
        "message": "「辛辛苦苦建立起来的贞淑形象\n将会无情地崩塌……\n如果那样的话，就是世界末日了……啊啊……」"
    },
    {
        "name": "ハル",
        "message": "「身为正妻的地位也会岌岌可危\n所以，一定要保证不被发现\n要小心……嗯嗯，啊啊……」"
    },
    {
        "message": "尽管感到担忧，但手指仍不停地探索着私处。\n每一次扭动手指，爱液都会渗出来。"
    },
    {
        "message": "哈尔感受着那黏糊糊的触感，陷入了无法言喻的背德感中。"
    },
    {
        "name": "ハル",
        "message": "「呼呼……啊啊……为了不发出声音，\n竟然在自慰……有点心跳加速……\n这就是所谓的『刺激』吗……呼呜……」"
    },
    {
        "name": "ハル",
        "message": "「明明想要快点舒服起来……\n理智却妨碍了手的动作……\n真是太让人沮丧了……嗯嗯……啊啊……」"
    },
    {
        "message": "笨拙地刺激着阴道，间歇性地进行。\n指尖逐渐朝一个点延伸过去……"
    },
    {
        "name": "ハル",
        "message": "「嗯嗯嗯……但是，如果现在触碰到敏感的地方……\n我会变成什么样子呢……？\n能够忍耐住吗……？呜呜，哎呀啊啊……」"
    },
    {
        "name": "ハル",
        "message": "「啊……一想到这个，手指就不由自主地动了起来……\n呜呜呜……！嗯啊，呼啊啊……！」"
    },
    {
        "name": "ハル",
        "message": "「啊啊啊……碰到、碰到了……\n刺激到了、自己的……！\n呜呜，嗯啊啊……！」"
    },
    {
        "name": "ハル",
        "message": "「只是稍微戳了一下，就有这种刺激……\n太厉害了……想要更多、更多的触摸……\n呜呜，哈啊啊……！」"
    },
    {
        "message": "用颤抖的手指轻抚着像豆子一样小的部位。"
    },
    {
        "message": "有时像抚摸一样，有时像捏一样。\n用各种触摸方式刺激着敏感的部位。"
    },
    {
        "name": "ハル",
        "message": "「嗯咕，嗯呜……渐渐地，我掌握了窍门……\n慢慢来，也能够感受到的方式……\n哈呜呜，啊啊啊……」"
    },
    {
        "name": "ハル",
        "message": "「慢慢地，逐渐加强刺激……\n不会突然发出大声，\n慢慢地、仔细地……嗯呜……哈啊啊……」"
    },
    {
        "message": "哈尔按照阶段逐渐加大力度。\n随着手的动作变得剧烈，爱液也逐渐增多。"
    },
    {
        "message": "她的兴奋没有止境，\n不断升级。"
    },
    {
        "name": "ハル",
        "message": "「嗯嗯嗯……果然如我所想……！\n身体变得暖洋洋的……」"
    },
    {
        "name": "ハル",
        "message": "「更多、更多……想要更舒服……！\n只有那里还不够……！\n想要在其他地方也感受到……！嗯啊啊……！」"
    },
    {
        "name": "ハル",
        "message": "「种族的记忆告诉我\n除了那里，身体的哪个部位才是令人愉悦的……\n只要刺激那里……哈！」"
    },
    {
        "name": "ハル",
        "message": "「是的，如果我想象着是武先生在帮我做的话，自慰应该会更舒服……嗯啊啊……」"
    },
    {
        "name": "ハル",
        "message": "「我，我真是个好主意呢，那么……哈呜呜，嗯嗯嗯……」"
    },
    {
        "name": "ハル",
        "message": "「哈呜呜呜，嗯啊啊啊……！武先生……不要这么突然地抓住我……！嗯啊啊……！」"
    },
    {
        "message": "哈尔一边想象着被武爱抚着，一边自己揉捏着胸部。\n虽然知道这只是幻想，但脸上浮现出幸福的笑容。"
    },
    {
        "name": "ハル",
        "message": "「不、不再是小孩子了啦……\n武先生真的很喜欢胸部呢……\n不行了……『满』了哦……？哈啊啊……」"
    },
    {
        "name": "ハル",
        "message": "「就算这样揉也没有什么东西出来……\n为什么要这样弄得那么……嗯嗯……！\n男人真是奇怪……哈呜，啊啊啊……」"
    },
    {
        "name": "ハル",
        "message": "「或者，是因为我的胸部很舒服\n所以才这样做的吗……？\n那我就很开心了……嗯呜呜……！」"
    },
    {
        "message": "与武作为武斗家的手完全不同，\n哈尔的手掌洁白而柔软。"
    },
    {
        "message": "即使如此，她仍然一心一意地沉浸在自慰中，\n把它当作是武的手。"
    },
    {
        "name": "ハル",
        "message": "「咿呀！？ 哈啊啊……！\n不仅仅是胸部，连那里也一起被摆弄……！\n这样的话，会太过敏感了……！ 啊啊啊！！」"
    },
    {
        "name": "ハル",
        "message": "「一下子两个地方都被摆弄……太贪心了，武先生……！\n这样贪婪的人，会被讨厌的哦……？ 哈呜呜，啊啊啊……！」"
    },
    {
        "name": "ハル",
        "message": "「我不会去任何地方的……\n请慢慢享受吧……！\n我是武先生的妻子，哈呜呜，哈啊啊……！」"
    },
    {
        "message": "一边自慰着，一边独自表演。\n平时的哈尔绝对不会做这种事。"
    },
    {
        "message": "但与武分开后，思念加剧\n结果导致了这种行为。"
    },
    {
        "name": "ハル",
        "message": "「咿呀呀！ 那里、乳头、呢……！\n被摆弄在那么敏感的地方……！\n会发出大声的……！ 嗯啊啊……！」"
    },
    {
        "name": "ハル",
        "message": "「咕里咕里地，粗暴地摆弄着……！\n越来越硬了……！\n哈呜呜，呼啊啊……」"
    },
    {
        "message": "不仅是整个胸部，还仔细地爱抚乳头。"
    },
    {
        "message": "每一次刺激，乳头的弹性都变得更加坚硬。\n这种触感让人上瘾，更想要摆弄。"
    },
    {
        "name": "ハル",
        "message": "「这么大的声音……会被发现在做那种事的……！\n就连花骑士们也……呼啊啊……！」"
    },
    {
        "name": "ハル",
        "message": "「被像玩具一样摆弄着……！\n我、已经……！快要发疯了……！呜呜呜……！嗯啊啊啊！」"
    },
    {
        "message": "不断持续的自慰，使得哈尔的理性逐渐崩溃。"
    },
    {
        "message": "她的身体也渐渐接近极限……。"
    },
    {
        "name": "ハル",
        "message": "「呼啊、哈、啊啊……！\n不行了，武先生……！我要、要高潮了，要射了……！嗯苦苦，呼啊啊啊……！」"
    },
    {
        "name": "ハル",
        "message": "「求求你了，武先生……！这次一起来……！\n满足我吧……！呜呜呜，啊啊啊啊……！」"
    },
    {
        "name": "ハル",
        "message": "「嗯呜呜，呼啊啊啊！！」"
    },
    {
        "name": "ハル",
        "message": "「呼啊，呼啊……\n太厉害了……头脑一片空白……\n什么都、想不到了……啊啊啊……」"
    },
    {
        "message": "同时刺激胸部和秘部，哈尔终于迎来了高潮。\n从那个秘裂中，喷涌而出了积攒已久的潮水。"
    },
    {
        "name": "ハル",
        "message": "「呜呜……我这个人，到底在干什么呢\n一边幻想着，一边自慰」"
    },
    {
        "name": "ハル",
        "message": "「这种地方，绝对不能让别人看到……\n本来自慰就不是要给别人看的\n哈啊啊……」"
    },
    {
        "message": "在达到高潮的瞬间，她恢复了冷静。\n然而，她的身体依然通红发烫\n昭示着自慰行为的剧烈程度。"
    },
    {
        "name": "ハル",
        "message": "「呼哇啊……怎么突然变得困倦起来了\n是因为剧烈运动吗」"
    },
    {
        "name": "ハル",
        "message": "「如果能继续做那个梦的话……\n这次，请满足我吧，武先生\n嗡……」"
    },
    {
        "message": "被自慰的反作用力袭击，哈尔陷入了沉重的睡意。"
    },
    {
        "message": "就这样，她再次陷入了梦境之中。"
    }
]