[
    {
        "message": "距离与大吾约定的时间只剩下一点点了。\n不过，她有着极度迟到的习惯，会准时出现吗？\n如果让我等得太久的话，或许我应该主动去她那边。"
    },
    {
        "message": "毕竟，她的迟到习惯是以她成长的岛屿文化为背景。\n就算现在说出来也无济于事，而且很难促使她反省。"
    },
    {
        "name": "デイゴ",
        "message": "「团长，我来了哦」"
    },
    {
        "message": "刚听到门外传来声音，大吾就出现了。"
    },
    {
        "name": "デイゴ",
        "message": "「哎呀，团长一脸茫然呢\n是因为我准时到了吗？」"
    },
    {
        "message": "只能说发生了不寻常的事情。"
    },
    {
        "name": "デイゴ",
        "message": "「是吗……虽然只是猜测啦，\n但我觉得是因为喜欢团长你才适应了本土的文化呢」"
    },
    {
        "message": "她是不是在不经意间表白了呢。\n我不由自主地凑近她的脸庞。"
    },
    {
        "name": "デイゴ",
        "message": "「嗯～？你不相信我吗？\n那我就得展示出我是认真的了呢\n按照安玛教给我的方法应该没问题吧」"
    },
    {
        "message": "悠闲地说着，德伊戈靠近了我。\\n看来，他学到的东西与母亲教的不太一样。"
    },
    {
        "name": "デイゴ",
        "message": "「团长的小伙伴，德伊好大呢\\n嘿，能好好进去吗？」"
    },
    {
        "message": "推测一下，小伙伴指男性器官，进去指女性器官吧。\\n而且，应该不用担心。已经湿润了，应该可以顺利进入。"
    },
    {
        "name": "デイゴ",
        "message": "「嗯嗯……啊，进来了……啊，呜呜……」"
    },
    {
        "message": "入口狭窄，阴道也很窄。\\n即便如此，还是能感受到慢慢深入的触感。"
    },
    {
        "name": "デイゴ",
        "message": "「哈呜！嗯嗯……这个，到达里面了吗？\\n感觉和进入时不太一样」"
    },
    {
        "message": "告诉她已经顺利进入。\\n然后，她松了口气，身体的紧张感减轻了。"
    },
    {
        "name": "デイゴ",
        "message": "「哈啊～……真的进去了\\n不过，感觉被塞得满满的」"
    },
    {
        "name": "デイゴ",
        "message": "「从这里开始动应该没问题吧？\\n还是说，多亏了那个湿湿的东西\\n才能顺利动呢？」"
    },
    {
        "message": "关于那方面的事情，就交给我吧。\\n在观察身体的状况时，让迪戈感到安心。"
    },
    {
        "name": "デイゴ",
        "message": "「原来如此……真是太好了\\n我喜欢团长，果然是正确的选择呢」"
    },
    {
        "message": "虽然为暴露自己的隐私感到羞耻，\\n但迪戈看起来很高兴。\\n一旦看到那样的姿态，就不自觉地感到兴奋起来。"
    },
    {
        "message": "尽量控制住那种激动，开始对狭窄的阴道进行刺激。"
    },
    {
        "name": "デイゴ",
        "message": "「啊，呃……嗯嗯，啊，啊啊……在动呢，\\n有认真地对我这么小的身体……呼，啊啊」"
    },
    {
        "name": "デイゴ",
        "message": "「虽然慢慢进行着，但还是能够适应……嗯嗯，\\n要是做不好，就太丢脸了……啊呜，啊啊」"
    },
    {
        "message": "顺便感慨一下，'ホーミー' 还包含性行为的意思，\\n同时享受着从狭窄的阴道传来的强烈刺激。当然，也不忘留意迪戈的反应。"
    },
    {
        "message": "如果认为可以加快节奏就加快节奏，\\n腰部的动作也逐渐变得大胆起来。"
    },
    {
        "name": "デイゴ",
        "message": "「唔哼啊……啊，啊啊，床咯吱咯吱地响呢\\n光是这声音也很色情呢……呜，啊，啊啊」"
    },
    {
        "name": "デイゴ",
        "message": "「啊……嗯，哈啊……团长，开始出汗了……我也有点热了……啊，嗯嗯嗯」"
    },
    {
        "message": "每隔一定的间隔抬起腰部，沉浸在行为中的感觉越来越强烈。这样下去，应该不会有什么特别困扰的事情了。"
    },
    {
        "message": "但是，也不能完全不顾及。对于迪戈来说，这是第一次行为，而且身体还很小。"
    },
    {
        "name": "デイゴ",
        "message": "「呼啊，啊啊……深入到那里了……哈呜，啊啊，我也开始感觉舒服了……啊，啊啊呜」"
    },
    {
        "name": "デイゴ",
        "message": "「身体会抖动起来……嘿，嗯嗯，啊，啊啊呜……顶到深处时，特别……嘿，啊，啊啊呜」"
    },
    {
        "name": "デイゴ",
        "message": "「应该是适应了吧……嗯，哦哦，哈哈呢……我的身体正在变化」"
    },
    {
        "message": "应该没有错。每次刺激阴道都变得更好，从阴茎传来的快感波动也变得更强烈。"
    },
    {
        "name": "デイゴ",
        "message": "「嘿，嗯嗯呜……团长也很舒服吧\\n不只是我一个人感觉舒服吧」"
    },
    {
        "message": "毫无疑问地回答后，腰部的动作变得更加大胆。行为的热度上升，甚至气味也变得淫靡起来。"
    },
    {
        "name": "デイゴ",
        "message": "「啊……嗯，太好了……安玛说我们要一起感到舒服……啊，啊，啊啊啊」"
    },
    {
        "message": "……不知道她教了我什么，之后可以问问她。"
    },
    {
        "name": "デイゴ",
        "message": "「嗯嗯呜，好舒服……嘿嘿，迪戈，好舒服……啊，嗯，啊啊啊」"
    },
    {
        "name": "デイゴ",
        "message": "「呵呀呀，啊……越来越想要了……我渐渐变成了一个淫荡的女孩子……」"
    },
    {
        "name": "デイゴ",
        "message": "「是因为团长对我温柔吧……和强硬的人在一起就不会这样了」"
    },
    {
        "message": "呼吸声和喘息声都变得淫荡得难以想象。我的身体已经完全变得不需要被照顾了。"
    },
    {
        "message": "这样下去，我越来越想要更多刺激。抚摸着几乎没有胸部的地方，像按摩一样移动手掌。"
    },
    {
        "name": "デイゴ",
        "message": "「啊啊……虽然几乎没有胸部……但是，奇怪……平坦的地方被触摸到还是会害羞的」"
    },
    {
        "name": "デイゴ",
        "message": "「团长的手动作好淫荡……哈呜，啊啊！嗯嗯呜，啊……连肚子都酸酸的了……」"
    },
    {
        "message": "如果反应好的话就没有停下来的理由。\n不去捏乳头，继续用手掌抚摸着平坦的胸部。"
    },
    {
        "name": "デイゴ",
        "message": "「啊，嗯嗯呜，啊啊，啊啊啊……这，为什么这么舒服呢\n明明我的胸部就像砧板一样……！」"
    },
    {
        "name": "デイゴ",
        "message": "「果然是因为被温柔对待吗……呼，嗯，啊啊\n嗯嗯呜，啊啊啊呜，嗯嗯……也许是因为感觉的部分比较大吧……！」"
    },
    {
        "message": "迪戈身上流下的汗水越来越多。\n胸部的敏感度似乎很高。\n如果现在触碰乳头会怎样呢。"
    },
    {
        "message": "试着增加对手掌上小突起的刺激。"
    },
    {
        "name": "デイゴ",
        "message": "「嗯嗯呜，啊啊……那个，对乳头来回搓动……！\n可，可能不行呢……嗯嗯呜，啊，啊啊啊！」"
    },
    {
        "message": "原本就很狭窄的阴道开始渴望起收缩。\n阴茎所受到的刺激也变得更强烈，射精感开始显现。"
    },
    {
        "name": "デイゴ",
        "message": "「嘶，啊啊啊……嗯嗯呜，啊，啊啊……！\n和刚才完全不一样……唔，嗯，哈，啊啊啊！」"
    },
    {
        "name": "デイゴ",
        "message": "「唔喀，啊啊啊……这样下去的话\n感觉要飞出去了……！\n团长大丈夫吧……！\n我不会死掉吧……！」"
    },
    {
        "message": "安慰着说没关系，逐渐接近高潮。\n一起品尝着最快感的那一刻。"
    },
    {
        "name": "デイゴ",
        "message": "「嗯，嗯呜……咕，啊啊啊！\n好像要来了……！\n哈，啊啊啊，啊，哎……嗯呜，啊啊啊！」"
    },
    {
        "message": "小小的身体微微颤抖。\n腿抬起来，开始扭动不安。"
    },
    {
        "name": "デイゴ",
        "message": "「唔啊，啊啊啊……要来了，嗯呜……咕，啊啊啊！\n不行……好害怕，好像要抽搐一样，好害怕……！」"
    },
    {
        "message": "再次安慰着说没关系，轻轻刺激深处。"
    },
    {
        "name": "デイゴ",
        "message": "「嘶、嘶、嗯、啊、啊啊……咕、啊、啊啊！\n那、那个……细细地顶进去的感觉，好舒服……！」"
    },
    {
        "name": "デイゴ",
        "message": "「已经、已经不行了……忍不住了……团长……！」"
    },
    {
        "message": "阴茎的尖端燃烧起来。\n射精的瞬间即将来临。\n只剩下最后一步了。"
    },
    {
        "name": "デイゴ",
        "message": "「咕、啊、啊啊、嗯嗯嗯！　要来了……啊、嗯嗯！\n嗯呜、咕、嘶，啊、嗯呜、啊、啊啊啊！」"
    },
    {
        "name": "デイゴ",
        "message": "「团长……团长……！\n嗯、啊、嘶、嗯、啊、啊啊……\n啊啊啊啊啊啊……！！」"
    },
    {
        "name": "デイゴ",
        "message": "「哈、哈、哈、哈……嗯嗯，啊啊……咕、\n好厉害，来了……呼呼，啊啊啊！」"
    },
    {
        "name": "デイゴ",
        "message": "「热热的，注进来了……嗯，啊啊……\n嘶、嗯嗯，团长也很舒服吧」"
    },
    {
        "message": "全身抽搐着，像要挤压一样紧紧地夹住阴茎，迪戈的呼吸变得急促。\n阴茎在阴道内被狠狠地折磨着，\n一次又一次地跳动着喷出精液。"
    },
    {
        "name": "デイゴ",
        "message": "「哈、嗯嗯，啊、哇……迪戈好厉害呢\n这么厉害的话，应该足够表达出我的认真了吧」"
    },
    {
        "message": "从一开始就主动奉献身体，那份心意已经传达到了。\n和迪戈一样，我也以紊乱的呼吸回应着。"
    },
    {
        "name": "デイゴ",
        "message": "「要是你说出来就好了……\n但是，因为已经开始感觉很舒服了，所以也没办法呢」"
    },
    {
        "message": "迪戈看起来很满足，我也能安心地陷入余韵之中。\n暂时会一直拥抱在一起。"
    },
    {
        "name": "デイゴ",
        "message": "「嘿，团长」"
    },
    {
        "message": "迪戈突然抬头看着我。"
    },
    {
        "name": "デイゴ",
        "message": "「卡娜……我爱你」"
    },
    {
        "message": "被他天真的笑容和最高级的好意所照耀，我只能欣喜地露出了笑容。"
    }
]