[
    {
        "message": "整理好睡衣，只剩下入睡了。\\n但是，在走到床前时停住了脚步。"
    },
    {
        "name": "ヘレニウム",
        "message": "「啊，团长大人……\\n对不起，我来了」"
    },
    {
        "message": "穿着复活节彩蛋猎人的兔女郎装坐在床上的黄菊。\\n不知何时进来的呢。"
    },
    {
        "name": "ヘレニウム",
        "message": "「那个……之前那个像兔子一样的东西一直忘不掉……」"
    },
    {
        "message": "想起了发情的黄菊摇动腰部的样子。\\n与胆小的黄菊截然不同的形象，也让我欲火焚身。"
    },
    {
        "name": "ヘレニウム",
        "message": "「一想起团长大人，就会想要……\\n已经忍耐到极限了……」"
    },
    {
        "message": "黄菊开始解开兔女郎服装。\\n露出小巧的乳房，说出诱惑的话语。"
    },
    {
        "name": "ヘレニウム",
        "message": "「拜托了，未来的丈夫大人\\n请多多爱护我」"
    },
    {
        "message": "对于黄菊用红晕的脸颊诱惑，我没有任何抵抗之策。"
    },
    {
        "name": "ヘレニウム",
        "message": "「啊……团长……嗯？四脚爬行吗……？\\n从后面……我，心跳加速了……♪」"
    },
    {
        "message": "四脚爬行的赫莱尼姆的秘部已经湿透了。\\n将勃起的阴茎对准，推动着腰部往前。"
    },
    {
        "name": "ヘレニウム",
        "message": "「嗯嗯，进来了……\\n团长的，好舒服的阴茎……嗯啊啊啊」"
    },
    {
        "message": "发情的赫莱尼姆已经开始发出柔软的声音。\\n伴随着喜悦接纳着阴茎，根本没有忍耐之类的词语。"
    },
    {
        "name": "ヘレニウム",
        "message": "「团长的肚子贴在屁股上……嗯呼呼\\n更贴紧一点……深入最深处……」"
    },
    {
        "message": "虽然已经插入到根部，但仍然张开臀沟紧密贴合。"
    },
    {
        "name": "ヘレニウム",
        "message": "「啊啊啊……来了……最深处，好厉害\\n屁股都被撑开了……」"
    },
    {
        "message": "阴道已经因为渴望精液而变窄。\\n从这一点就能明白她有多么发情。"
    },
    {
        "name": "ヘレニウム",
        "message": "「请动起来……给我更多，阴茎……\\n从后面，猛烈地戳进来……！」"
    },
    {
        "message": "刚开始就毫不犹豫地索求着。\\n为了回应她的要求，紧紧抓住纤细的腰部，毫不留情地开始抽送。"
    },
    {
        "name": "ヘレニウム",
        "message": "「嗯啊，啊呃，啊，嗯啊，咕噜咕噜……屁股在颤抖着……\\n更强烈一点也没关系哦……咕，啊，啊呃呃」"
    },
    {
        "message": "被这样发情的话，怎么可能不兴奋呢。\\n按照赫莱尼姆的要求，只是简单地扭动腰部。"
    },
    {
        "name": "ヘレニウム",
        "message": "「啊啊啊，团长也变得像兔子一样了呢……\\n好开心呢……呼呼，呼，啊啊啊」"
    },
    {
        "message": "虽然流着泪，但不用确认也能感受到她的喜悦。\\n因为从后面责难着她，所以是喜悦的哭泣。"
    },
    {
        "name": "ヘレニウム",
        "message": "「咕，啊，呼，呼咕……今天也能射很多吗……？」"
    },
    {
        "name": "ヘレニウム",
        "message": "「请用我的小穴，尽情地积攒精液然后尽情地射出来吧」"
    },
    {
        "name": "ヘレニウム",
        "message": "「就像上次一样，我会用子宫接住的……嗯嗯嗯\\n只要能注满我就无所谓了……」"
    },
    {
        "message": "火焰像被浇上油一样不断增长，\\n肌肤相碰的声音和爱液的水声与喘息声交织在一起变得更加响亮。"
    },
    {
        "name": "ヘレニウム",
        "message": "「啊呜、嗯、好厉害……团长的阴茎，硬得像要射出来一样，嗯咕、咕噗」"
    },
    {
        "name": "ヘレニウム",
        "message": "「眼前已经变得一片白……被阴茎插进去……呼啊、啊库」"
    },
    {
        "message": "阴茎变得坚硬到有些疼痛，但我并不在意。\n随着赫莉妮姆的淫乱程度增加，抽插也变得更加剧烈。"
    },
    {
        "name": "ヘレニウム",
        "message": "「呼、呵呵呵……像兔子一样的淫乱，停不下来……\n太舒服了……嗯咕、啊、啊啊、啊！」"
    },
    {
        "message": "确实，就像野兽的交配一样。\n放纵自己，只有快感填满了心灵和身体。"
    },
    {
        "name": "ヘレニウム",
        "message": "「但是……兔子先生，不只是淫乱而已呢，啊啊、啊\n随时都在发情，马上就要交配……嗯咕」"
    },
    {
        "name": "ヘレニウム",
        "message": "「会生很多孩子呢……呼、啊嗯\n所以，是个多子女的……嗯、象征之类的……啊呼」"
    },
    {
        "name": "ヘレニウム",
        "message": "「我也……嗯、想成为那样的人……\n和团长一起，生很多、很多孩子……」"
    },
    {
        "name": "ヘレニウム",
        "message": "「很多……嗯嗯嗯\n全身每一个部位都想要感受到快感……！」"
    },
    {
        "message": "被称为生育的特殊词汇的请求，让坚挺的阴茎颤动了起来。\n在阴部内狂暴地蠢动，仿佛要射精一样。"
    },
    {
        "name": "ヘレニウム",
        "message": "「嗯、嗯、嗯咕、嗯咕、啊、呼呼呼\n啊、呼呼呼……啊、啊咕、啊啊啊」"
    },
    {
        "message": "赫莉妮姆的身体微微颤抖。\n与阴茎一样，阴道内也在狂乱地蠢动，仿佛要达到巅峰一样。"
    },
    {
        "message": "作为回应，臀部的肛门也紧紧收缩。\n必须做到这一点才能忍耐下去，她感受到了吗？"
    },
    {
        "name": "ヘレニウム",
        "message": "「团长……这个……我们要做到什么程度呢……\n越来越奇怪了……！」"
    },
    {
        "name": "ヘレニウム",
        "message": "「如果这样射精的话，我会昏过去的……呜呀！」"
    },
    {
        "message": "这里也不会持续太久才射精。\n一直处于不知道什么时候会射精的状态。"
    },
    {
        "name": "ヘレニウム",
        "message": "「像兔子一样的团长也很棒……\n我也喜欢平时温柔的团长……哈、哈……咕」"
    },
    {
        "name": "ヘレニウム",
        "message": "「喜欢粗暴的团长，所以……！\n无论过了多少年，我都能一直喜欢下去……！」"
    },
    {
        "message": "勉强抑制住涌上来的射精感。\n但是，前列腺液涌出，龟头被强烈的痒感袭击。\n无法再抑制下去了。为了射精，更加强烈地贯穿阴道。"
    },
    {
        "name": "ヘレニウム",
        "message": "「嗯啊……嗯咕啊……啊啊啊……嗯咕\n每一次都在深处，刮擦着……嘿啊啊……嘿呀呀」"
    },
    {
        "message": "冲击使得纤小的身体颤抖。\n即便如此，还是无法停止贪求更深处直接将精液注入子宫的冲动。"
    },
    {
        "name": "ヘレニウム",
        "message": "「要、要射了……太过了……啊啊……嘶呀\n小穴，痉挛得好厉害……喀呀……啊古呀」"
    },
    {
        "message": "竭尽最后一丝力气，将冲动全部撞向子宫口。"
    },
    {
        "name": "ヘレニウム",
        "message": "「呀啊啊啊啊！\n射、射精了呢……嗯啊，啊啊，嗯呀\n注满了呢……噗噗地注进来吧……嗯啊」"
    },
    {
        "name": "ヘレニウム",
        "message": "「要射了……要射了……\n不、不行了……太厉害了……\n团长大人的小弟弟，太厉害了……！」"
    },
    {
        "name": "ヘレニウム",
        "message": "「呀啊啊啊啊！　嗯呜、嗯嗯嗯嗯呜！\n小弟弟，涌出来了……嗯呜呜呜！」"
    },
    {
        "message": "紧握着腰部，指印留下无法消失，\n将龟头按在子宫口上，\n缓缓注入浓稠的精液。"
    },
    {
        "name": "ヘレニウム",
        "message": "「啊啊啊，小穴被夹得停不下来了……\n射精中的阴茎，被榨干了！」"
    },
    {
        "message": "这边的射精也不肯停下来。\n无论阳具跳动多少次，炽热的液体仍在不断流出。"
    },
    {
        "name": "ヘレニウム",
        "message": "「啊啊，团长大人……这样下去的话，我……」"
    },
    {
        "message": "无法忍受射精的快感，我紧紧抱住赫莉妮姆，仿佛要将她压倒。\n用力到足以让她的脊椎断裂。"
    },
    {
        "name": "ヘレニウム",
        "message": "「哈……哈……阳具还在颤动着呢……」"
    },
    {
        "message": "即使呼吸渐渐平稳，高潮的余韵仍在持续。\n这次行为的激烈程度已经远远超过了足够。"
    },
    {
        "name": "ヘレニウム",
        "message": "「呼……呼……\n你尝到了多么棒的滋味呢……嘿嘿……」"
    },
    {
        "message": "我瞥见她的侧脸，眼眶中仍然充满了泪水。"
    },
    {
        "name": "ヘレニウム",
        "message": "「如果我和团长大人结婚的话，每晚都能这样……\n充分地进行造人活动，呢……」"
    },
    {
        "name": "ヘレニウム",
        "message": "「我也想像团长一样发情……\n要感到舒服到失去意识的程度……」"
    },
    {
        "message": "意识逐渐变得模糊，声音也逐渐变弱。"
    },
    {
        "name": "ヘレニウム",
        "message": "「总有一天我会成为真正的新娘，和团长一起幸福地生活……\n和孩子们一起开心地玩耍呢……呵嘿呵……」"
    },
    {
        "message": "虽然我的嘴巴已经变得有些含糊不清了，但我依然满怀欢喜地继续说着。\n或许是因为之前的泪水已经流尽，听到她开心的声音后，我也感到无比的喜悦。"
    }
]