[
    {
        "name": "ヘリアンサス",
        "message": "「今天真是玩得太嗨了，团长！」"
    },
    {
        "message": "今天和赫莲萨斯两个人一起去参加了祭典。逛了摊位，看了烟花。在充分享受祭典的期间，她一直笑容满面，只要她在身边，就能感到精力充沛。"
    },
    {
        "message": "愉快的时光总是过得很快，现在我面前是自己房间的门。只要打开它，今天的约会就结束了。"
    },
    {
        "name": "ヘリアンサス",
        "message": "「所以，团长……」"
    },
    {
        "message": "赫莲萨斯似乎有点舍不得地说出这句话。"
    },
    {
        "name": "ヘリアンサス",
        "message": "「今晚，不想一个人睡。」"
    },
    {
        "message": "我不禁被她吸引住了眼神。她到底是什么意思呢？她是说出了什么含义吗？"
    },
    {
        "name": "ヘリアンサス",
        "message": "「嗯……我明白的，团长。」"
    },
    {
        "message": "我面带微笑地回应了可爱的赫莲萨斯，搂着她的肩膀打开了自己房间的门。"
    },
    {
        "name": "ヘリアンサス",
        "message": "「啊啊啊……插进来……嗯……！」"
    },
    {
        "message": "根据赫莲萨斯要求从后面进入。\n阴道已经湿透，阳物顺利地完全插入。"
    },
    {
        "name": "ヘリアンサス",
        "message": "「和第一次不一样，摩擦的地方有些不同的感觉……」"
    },
    {
        "message": "赫莲萨斯希望改变体位，这是第一次。"
    },
    {
        "name": "ヘリアンサス",
        "message": "「嗯呀呀呀！？\n啊，嗯，对啊……」"
    },
    {
        "name": "ヘリアンサス",
        "message": "「你看，第一次的时候，团长把我弄得很舒服对吧？\n所以，这次是我要让团长舒服的」"
    },
    {
        "message": "赫莲萨斯稍微笨拙地摆动著腰部。"
    },
    {
        "name": "ヘリアンサス",
        "message": "「这样，如何？」"
    },
    {
        "message": "因为是第一次的体位，动作有些拙劣，不太顺畅。\n但她自己会主动动起来，为了让我感到舒服，这真让人高兴。"
    },
    {
        "name": "ヘリアンサス",
        "message": "「嗯，稍微，可能明白了一点……嗯……」"
    },
    {
        "message": "从赫里昂萨斯的腰部动作中，逐渐消失了一些生涩感。\n与此同时，在湿滑的阴道中\n刺激着阴茎的快感也逐渐增强。"
    },
    {
        "message": "然而，为什么赫里昂萨斯今晚如此积极呢？"
    },
    {
        "name": "ヘリアンサス",
        "message": "「团长说积极一点会更好，\n所以我想试着努力一下……」"
    },
    {
        "message": "真的只是因为这个吗？"
    },
    {
        "name": "ヘリアンサス",
        "message": "「唔，好刺激……！\n……啊，对了，你今天去了祭典对吧？\n在那个祭典场地上，有一对情侣在亲热……\n稍微有点羡慕他们……」"
    },
    {
        "message": "赫里昂萨斯是拥有高位王位继承权的王族。\n虽然已经成为恋人，但还没有订婚，\n在公众场合亲热可能会对未来产生不良影响。"
    },
    {
        "message": "然而，这只是可能性的问题。\n既然是恋人，赫里昂萨斯想做的话就可以做。"
    },
    {
        "name": "ヘリアンサス",
        "message": "「我、我可没有在外面做那种事的胆量！」"
    },
    {
        "message": "赫利安萨斯尖叫后陷入了沉默。\n她的耳朵变得通红。"
    },
    {
        "message": "她突然说出想要从后面来的原因，\n可能是因为看到了那对情侣采用这个姿势。"
    },
    {
        "name": "ヘリアンサス",
        "message": "「唔唔……是、是的……\n只顾着那边，完全没看到烟花……」"
    },
    {
        "message": "回想起来，赫利安萨斯在约会回家的路上显得异常安静。\n看来她内心有些烦闷。"
    },
    {
        "name": "ヘリアンサス",
        "message": "「请不要说得好像我非常想要做那种事一样！」"
    },
    {
        "message": "在这种情况下，完全没有说服力。"
    },
    {
        "name": "ヘリアンサス",
        "message": "「唔唔……既然事情已经变成这样，我会让团长感受到最棒的快感！\n一定会让你喊出我的名字的！」"
    },
    {
        "message": "赫利安萨斯主动地用比刚才更顺畅的动作，\n摆动着她的腰部。"
    },
    {
        "name": "ヘリアンサス",
        "message": "「啊、哈、哈……嗯……\n哈、哈……嗯……哈、哈……」"
    },
    {
        "message": "时而扭动腰部，给予变化，紧紧地包裹住整个阴茎。"
    },
    {
        "name": "ヘリアンサス",
        "message": "「嗯……哈啊，哈啊，啊嗯……哈啊，哈啊……」"
    },
    {
        "message": "在腰部前后摆动的几次动作中，加入了将浅部擦拭在龟头顶端的动作。"
    },
    {
        "name": "ヘリアンサス",
        "message": "「嗯嗯……哈啊，哈啊……嗯嗯！ 哈啊，哈啊……」"
    },
    {
        "message": "渐渐地，这个次数增加了，只剩下将浅部擦拭在龟头上的动作。"
    },
    {
        "message": "难道说，我只是一直在将它擦拭在自己感到舒服的地方吗。"
    },
    {
        "name": "ヘリアンサス",
        "message": "「诶诶诶！？你怎么知道的！？」"
    },
    {
        "message": "我已经了解到了ヘリアンサス感到舒服的部位。"
    },
    {
        "name": "ヘリアンサス",
        "message": "「因为，感觉很舒服嘛……虽然想让团长感到舒服……但是也忍不住自己也感到舒服……」"
    },
    {
        "name": "ヘリアンサス",
        "message": "「团长，当阴茎碰到最深处的时候，感觉很舒服吧？」"
    },
    {
        "message": "被指出自己没有意识到的事情，稍微有些惊讶。"
    },
    {
        "name": "ヘリアンサス",
        "message": "「团长，每次阴茎碰到最深处时，你的表情看起来都很舒服。\\n而且，当我用阴茎在里面紧紧地抓住它时，你会发出一点声音。」"
    },
    {
        "message": "看来她认真地观察了我。"
    },
    {
        "name": "ヘリアンサス",
        "message": "「我会把团长的阴茎吞进更深的地方。」"
    },
    {
        "message": "ヘリアンサス这样说着，用力顶向我。\\n阴茎完全插入到根部，龟头碰到最深处的子宫口时，\\n快感在身体中蔓延开来。\\n而且还紧紧地夹住我的阴茎，差点让我射精。"
    },
    {
        "name": "ヘリアンサス",
        "message": "「果然，很舒服吧？」"
    },
    {
        "message": "虽然感觉像是暴露了弱点，但不想承认。"
    },
    {
        "name": "ヘリアンサス",
        "message": "「看，就承认吧……像这样，顶着你，\\n紧紧地抓住你……很舒服吧？」"
    },
    {
        "name": "ヘリアンサス",
        "message": "「团长，我想让你更舒服一点……嗯……给你更多的快感……嗯？啊！」"
    },
    {
        "message": "ヘリアンサス用力顶向我，试图深入内部。\\n于是，我瞄准了ヘリアンサス的弱点——前面的浅处，\\n后退并摩擦着。"
    },
    {
        "name": "ヘリアンサス",
        "message": "「那里是我会感到舒服的地方……嗯嗯……不要这么用力地搓动……嗯嗯……团长的小弟弟，我会捏紧它的，所以……」"
    },
    {
        "message": "ヘリアンサス更用力地顶向我。\\n在忍受着性器相互摩擦的快感的同时，我在她深入之前后退，\\n将我的龟头按在她的弱点上。"
    },
    {
        "name": "ヘリアンサス",
        "message": "「呀！嗯！啊啊！就只顾着那里，真狡猾！\\n嗯啊！啊！嗯嗯！」"
    },
    {
        "message": "此刻，阴道比之前更加湿润，充满了ヘリアンサス的爱液，\\n我的阴茎被湿滑地吞没进去。"
    },
    {
        "name": "ヘリアンサス",
        "message": "「啊，嗯嗯！\\n哈啊，哈啊，团长……\\n嗯嗯，刚才一用力，声音就出来了」"
    },
    {
        "message": "我忍住了像是温柔地捏住阴茎的快感，后退了一下。"
    },
    {
        "message": "ヘリアンサス的声音听起来似乎没有之前那么从容。"
    },
    {
        "name": "ヘリアンサス",
        "message": "「团长，那里，好舒服的地方，一直都在刺激着！啊呜！因为戳进来了……！」"
    },
    {
        "name": "ヘリアンサス",
        "message": "「哈啊，哈啊，啊呜！不行，那个，感觉太好了！嗯嗯呼！哈啊，哈啊，更深一点，嗯嗯呼！」"
    },
    {
        "message": "彼此为了让对方感到舒服而猛烈地动着腰部。"
    },
    {
        "name": "ヘリアンサス",
        "message": "「嗯呼，团长，哈啊，哈啊，团长！嗯呼，感觉真好！不管是深处还是浅处都好！感觉真好！」"
    },
    {
        "name": "ヘリアンサス",
        "message": "「哈啊，哈啊，嗯呼，啊，太棒了，团长！嗯呼，啊呜！啊！太舒服了！」"
    },
    {
        "message": "已经分不清是我在戳她还是ヘリアンサス在用腰部顶着了。"
    },
    {
        "name": "ヘリアンサス",
        "message": "「团长，哈啊，嗯呼，哈啊，哈啊，团长，我，要，要射了！这样不行，要射了！」"
    },
    {
        "message": "我也到达了射精的极限。"
    },
    {
        "name": "ヘリアンサス",
        "message": "「要射了，团长，不行，要射了，哈啊，哈啊，嗯呼！啊啊呜！团长，嗯呼！啊，这个，忍不住了！」"
    },
    {
        "name": "ヘリアンサス",
        "message": "「好舒服，啊，哈啊，哈啊，嗯嗯，感觉真好，要到了！不行，啊，咕噜噜！这个，不行，不行，不行！啊啊呀呀呀！」"
    },
    {
        "name": "ヘリアンサス",
        "message": "「啊呀呀呀……！啊，哈啊，哈啊，嗯嗯！哈啊，哈啊……」"
    },
    {
        "message": "在被ヘリアンサス紧紧夹住的同时，射精进入了她的最深处。"
    },
    {
        "name": "ヘリアンサス",
        "message": "「啊，啊呀……！团长，团长……！嗯嗯！别停下来，嗯嗯！好厉害……好舒服的感觉一直都在……哈啊哈啊……！」"
    },
    {
        "message": "像是用龟头一点点顶向最深处的子宫口一样，在享受着快感的本能终于停止了。"
    },
    {
        "name": "ヘリアンサス",
        "message": "「呼，哈啊哈啊……好舒服……哈啊哈啊……呼呼……呼呼呼」"
    },
    {
        "message": "突然，ヘリアンサス开始笑了起来。"
    },
    {
        "name": "ヘリアンサス",
        "message": "「因为我能成功地引诱团长，所以很开心……只要和团长在一起，什么事情都能做到」"
    },
    {
        "message": "既然是这样的话，一边看着烟花一边在外面……。"
    },
    {
        "name": "ヘリアンサス",
        "message": "「那绝对不可能！」"
    },
    {
        "message": "在外面手牵手地走，怎么样？\\n这是情侣之间的行为。"
    },
    {
        "name": "ヘリアンサス",
        "message": "「手吗！？手的话嘛……嗯，手的话还行……\\n不，不行不行不行不行！太过了！\\n那种事情是笨蛋情侣才会做的啦！」"
    },
    {
        "message": "看着海莲萨斯满脸通红地否定，\\n似乎还有很长的路要走呢，苦笑着想到。"
    }
]