[
    {
        "name": "サテラ",
        "message": "「希尔说这是从这个世界的商人那里买来的，可以真的判断身体状况吗？」"
    },
    {
        "name": "サテラ",
        "message": "「这种东西……那、那个……在那里……插进去，然后判断，不可能……」"
    },
    {
        "message": "萨特拉一边脸红着，一边凝视着希尔给她的装置。本来是不能使用这种东西的。"
    },
    {
        "message": "但是，希尔是为了萨特拉才购买的，不能对她的心意置之不理。"
    },
    {
        "name": "サテラ",
        "message": "「为了确保没有人来，凯撒在外面等着……没、没办法，试试吧……」"
    },
    {
        "message": "萨特拉趴在地上，露出私处并将装置放上去。当突起物触碰到花瓣表面时，她的肩膀猛地一抖。"
    },
    {
        "name": "サテラ",
        "message": "「嗯呜！呜、呜呜！咕呜呜，果然好痛……！」"
    },
    {
        "message": "也许是因为敏感的体质，萨特拉只是轻轻插入一点就感到剧烈的刺激。下半身痉挛不已，脸也涨得通红。"
    },
    {
        "name": "サテラ",
        "message": "「我可是魔人啊……为什么要做这种事……可、可恶……啊，不行了……」"
    },
    {
        "name": "サテラ",
        "message": "「进来……咕……！啊咕，好、好大……！」"
    },
    {
        "message": "刚要从萨特拉的嘴里说出怨言，但她设法压住了它，将阴茎形状完全插入阴道后，暂时松开了假阳具。"
    },
    {
        "message": "当阴茎形状完全进入根部时，爱液从阴道口涌出。看到这一幕，萨特拉的身体紧绷起来。"
    },
    {
        "name": "サテラ",
        "message": "「因为这种敏感的身体……！哈、哈、哈哈……可、可恶……嗯嗯嗯！」"
    },
    {
        "message": "为了平息情绪和快感的高涨，萨特拉深呼吸。然而，即使什么都没做，下腹部也会热烘烘地蠢动。"
    },
    {
        "name": "サテラ",
        "message": "「这只是个实验……可以把它当作恢复萨特拉能力的副作用……」"
    },
    {
        "name": "サテラ",
        "message": "「身体的反应不是萨特拉的错……不是的……」"
    },
    {
        "message": "为了约束自己，同时对自己说服，萨特拉反复念着这些话。"
    },
    {
        "message": "最终，她下定决心，重新抓住了假阳具。"
    },
    {
        "name": "サテラ",
        "message": "「呼……要、要来了……动起来……嗯……嘶……」"
    },
    {
        "name": "サテラ",
        "message": "「慢慢地，慢慢地……不要一下子全部进去……」"
    },
    {
        "message": "用胆怯的动作缓缓地将假阳具抽送到阴道深处。然而，充满润滑油的阴道内，即使用一点点力气，也轻松地吞噬了异物。"
    },
    {
        "name": "サテラ",
        "message": "「啊呜呜呜！为、为什么这么湿滑……嗯嗯！不、不行……太滑了，进到深处了……嗯嗯嗯！」"
    },
    {
        "message": "萨特拉的腰部上下摇晃，全身再次僵硬起来。"
    },
    {
        "name": "サテラ",
        "message": "「啊、呜……为、为什么这么滑溜溜的……！萨特拉还只是稍微动了一点点……」"
    },
    {
        "name": "サテラ",
        "message": "「这、这样下去，我会发疯的……现、现在就停下来……」"
    },
    {
        "message": "当萨特拉试图将假阳具从阴道中取出时，她的动作停了下来。想到自己的身体，还有为她买这个的希尔，她无法中途停止。"
    },
    {
        "name": "サテラ",
        "message": "「在确认效果之前，不能停下来……嗯、呼……」"
    },
    {
        "message": "小心翼翼地，萨特拉重新开始动起了假阳具。"
    },
    {
        "message": "每当阴道被假阳具往复刺激时，她的腰部会上下摆动，无法顺利地抽送。"
    },
    {
        "name": "サテラ",
        "message": "「哈啊，啊，嗯嗯！好、好难……因为从来没有用过这种东西……」"
    },
    {
        "name": "サテラ",
        "message": "「总之，萨特拉从来没有、从来没有过这样的事情……」"
    },
    {
        "message": "萨特拉只有和兰斯亲密接触的经验，对自慰行为一无所知。她本能地意识到这种行为是不对的。"
    },
    {
        "message": "然而正因为知道是不对的，好奇心才涌现出来，她的动作逐渐变得积极起来。"
    },
    {
        "name": "サテラ",
        "message": "「啊、咕、嗯嗯嗯！就、就只是这样……！只是往复而已……！」"
    },
    {
        "name": "サテラ",
        "message": "「声音、无法压抑……！无法、忍耐住……嗯咪嗯！」"
    },
    {
        "name": "サテラ",
        "message": "「哈、哈、哈、嗯咕，呜呜呜！不、不行了……这、这是不行的……」"
    },
    {
        "message": "再次试图停止假阳具的出入，\\n但与萨特拉的意愿相反，她的腰部却动了起来，手也停不下来。"
    },
    {
        "message": "仿佛在说想要更多刺激一样，她不由自主地把假阳具移动着。"
    },
    {
        "name": "サテラ",
        "message": "「嗯呀！啊、啊啊啊啊！不、不要、嗯嗯嗯！\\n为、为什么……这、这样……！」"
    },
    {
        "name": "サテラ",
        "message": "「明明萨特拉不想动，可身体却自行反应了起来，\\n呀、呣、嗯嗯嗯！」"
    },
    {
        "message": "与萨特拉的声音相呼应，假阳具的运动也变得更加剧烈。\\n看着自己做出与思考完全相反的事情，\\n她的脸颊更加红润。"
    },
    {
        "message": "本应对这种行为感到厌恶，\\n但她却陷入了快感的波涛中，沉浸在自慰之中。"
    },
    {
        "name": "サテラ",
        "message": "「停、停下来，停、嗯嗯嗯！\\n啊、啊啊，舒服得、停不下来……！」"
    },
    {
        "name": "サテラ",
        "message": "「这、这种事情，萨特拉只和兰斯……嗯呜呜！」"
    },
    {
        "message": "一提到兰斯的名字，她的全身都痉挛般地愉悦起来。"
    },
    {
        "message": "更多的快感袭击着萨特拉，她的手自然而然地加快了动作。\\n那仿佛是在寻求什么一样的动作。"
    },
    {
        "name": "サテラ",
        "message": "「可、可恶，兰斯，兰斯！\\n明明是萨特拉的使徒，还、还这么嚣张！」"
    },
    {
        "name": "サテラ",
        "message": "「总是发出愚蠢的笑声，而且还、还这么讨厌……！」"
    },
    {
        "message": "尽管说着兰斯的坏话，但萨特拉的表情却变得迷离，\\n她更加强烈地摩擦着自己的阴部。"
    },
    {
        "name": "サテラ",
        "message": "「但、但是，稍微用点力，有时候看起来、很帅气……\\n萨特拉第一次，就给了那家伙……」"
    },
    {
        "name": "サテラ",
        "message": "「诶、为、为什么，只要想到兰斯，\\n不、不行了，又……！」"
    },
    {
        "message": "萨特拉的腰再次颤动了一下。\\n她轻微地达到了高潮，咬紧牙关，一脸懊恼。"
    },
    {
        "name": "サテラ",
        "message": "「为、为什么……呜呜！这样做是不行的，\\n明明知道没有效果的……」"
    },
    {
        "name": "サテラ",
        "message": "「必须停下来……但是……！」"
    },
    {
        "message": "花瓣上滴落着浓稠的液体，透露出萨特拉的强烈感受。"
    },
    {
        "message": "萨特拉从下方仰视自己的阴部，被花瓣吸引住了眼神。"
    },
    {
        "name": "サテラ",
        "message": "「萨特拉这里，这么黏黏糊糊的，这么丢脸，还有丝丝地流下来……咕噜……」"
    },
    {
        "name": "サテラ",
        "message": "「会、会变成这样吗……」"
    },
    {
        "message": "凝视着自己混乱的模样，萨特拉发出更加热烈的呼吸声。"
    },
    {
        "name": "サテラ",
        "message": "「啊、哈、嗯、啊、呜呜！」"
    },
    {
        "message": "她用手更加强烈地摩擦着阴部，动作比刚才更加剧烈。\\n然后，她紧咬牙关，阴道收缩得更紧。"
    },
    {
        "name": "サテラ",
        "message": "「就、就是这样，更加激烈地，兰斯，动起来……\\n更、更粗暴一点……」"
    },
    {
        "message": "她脑海中浮现的是与兰斯的第一次行为。\\n萨特拉的感受明显比刚才更加性感变化。"
    },
    {
        "name": "サテラ",
        "message": "「嗯呀！嗯嗯嗯呜呜！\\n用力，用力地，顶到最深处！」"
    },
    {
        "name": "サテラ",
        "message": "「啊啊，不行不行不行，这样下去，\\n萨特拉会坏掉的……！」"
    },
    {
        "message": "萨特拉的声音哀怨地升腾起来，臀部朝天空翘起。"
    },
    {
        "message": "张形进入阴道深处，\\n敲击着子宫口，引导着高潮的触发。"
    },
    {
        "name": "サテラ",
        "message": "「来了，有什么东西来了，好厉害的东西，要、要来了……！\\n一想到兰斯，就会来了！」"
    },
    {
        "name": "サテラ",
        "message": "「转、转啊转啊转啊转！\\n嗯嗯，啊啊，啊啊啊啊，呜呜呜呜呜！」"
    },
    {
        "name": "サテラ",
        "message": "「啊、啊啊啊啊啊！」"
    },
    {
        "message": "剧烈痉挛之后，萨特拉的阴道中滴滴答答地流出爱液。\\n按照强烈的收缩，仿佛要将它挤出去一样。"
    },
    {
        "name": "サテラ",
        "message": "「啊、啊啊啊啊……这、这是什么……太厉……\\n什么都想不到了……嗯嗯！」"
    },
    {
        "message": "余波仍在持续，\\n阴部下的床单上浮现出由爱液形成的污渍。"
    },
    {
        "message": "对于今天最刺激的事情，\\n萨特拉只能陶醉其中，\\n茫然地盯着自己的阴部。"
    },
    {
        "name": "サテラ",
        "message": "「啊，啊……这种……萨特拉……不知道……」"
    },
    {
        "name": "サテラ",
        "message": "「到底为什么会发生这种事情……\\n原来是为了判断身体状况吗……」"
    },
    {
        "message": "以为她是因为想起了目标而感到羞耻颤抖，\\n但萨特拉只是疲惫地凝视着插入阴道中的张形。"
    },
    {
        "name": "サテラ",
        "message": "「……唉，以后再考虑吧……\\n现在太累了……」"
    },
    {
        "name": "サテラ",
        "message": "「……唉，都是因为这种东西才……」"
    },
    {
        "message": "她愤怒地盯着张形，想要将其拔出。\\n然而，萨特拉停下了手。"
    },
    {
        "name": "サテラ",
        "message": "「……算了，无所谓了」"
    },
    {
        "message": "萨特拉用微弱的声音喃喃自语，这次终于躺到了床上。"
    },
    {
        "message": "她的嘴角稍稍放松，脑海中浮现出兰斯的身影。"
    }
]