[
    {
        "message": "夜深了，我正在准备睡觉的时候，听到了敲门声。请进"
    },
    {
        "name": "エスカロニア",
        "message": "「团长大人，这么晚打扰您真是抱歉……只是，有件事想要告诉您……」"
    },
    {
        "message": "如果要说エスカロニア想要传达的事情的话，应该是关于警备的吧。最近她似乎一直在专注于某件事情，表情也一直很紧张。"
    },
    {
        "message": "听完并传达了消息后，エスカロニア变得更加紧张起来。我也屏住呼吸等待着她说出的话语，却听到了出乎意料的话。"
    },
    {
        "name": "エスカロニア",
        "message": "「其实……我对团长大人抱有一种奇怪的感情。每次看到团长大人的身影，我的心脏就会怦怦跳动，无法集中注意力，变得很奇怪。」"
    },
    {
        "name": "エスカロニア",
        "message": "「我也向绯蓝様请教过，但是被笑了……所以今晚，为了确认这种感情是否是恋爱，我来到了这里。」"
    },
    {
        "message": "她一脸认真地说着奇怪的话，我不禁笑了出来。エスカロニア稍微有些生气，却向我走近了一步。"
    },
    {
        "name": "エスカロニア",
        "message": "「请不要笑……我也，那个，很困惑……这种感情是我第一次……为了克服羞耻之情，我才来找团长大人的……」"
    },
    {
        "message": "我轻轻地抱住エスカロニア，向她道歉。再让她说下去的话，作为男人就会失格了。"
    },
    {
        "message": "我轻声安慰着紧张得身体僵硬的エスカロニア，告诉她没关系。确认她无言地点头后，我走向床边。"
    },
    {
        "name": "エスカロニア",
        "message": "「团长大人，我，这种事情还是第一次……礼仪之类的，我不太懂……啊……你的动作，好淫荡……」"
    },
    {
        "name": "エスカロニア",
        "message": "「团长大人，请随意……对我来说这方面很陌生，不知道该怎么做……」"
    },
    {
        "message": "看着表现出纯真反应的エスカロニア，我感到心动，却问她为什么会做出如此大胆的举动。虽然大致有所猜测，但还是想知道真正的原因。"
    },
    {
        "name": "エスカロニア",
        "message": "「那个……绯蓝様告诉我……只有共同进入寝室才能知道是否相爱……」"
    },
    {
        "name": "エスカロニア",
        "message": "「为什么你会露骨地叹气呢……难道是因为绯蓝様让你来问我今天的事情吗……？」"
    },
    {
        "message": "我明确地叹了口气，告诉她不是那样的意思。这种确认方式是错误的，而且跳过了太多恋爱的过程，让我有些头疼。"
    },
    {
        "name": "エスカロニア",
        "message": "「……团长大人，这样做会不会很麻烦呢，和我一起进入寝室……」"
    },
    {
        "name": "エスカロニア",
        "message": "「不像绯蓝様那样女性化，而且说话方式也太直接了，没有多少女性的特点……咿呀！」"
    },
    {
        "message": "我轻轻上下动着阴茎，作为回应，反驳了エスカロニア的话。我告诉她，这让我非常高兴，并慢慢地将阴茎埋入阴道中。"
    },
    {
        "name": "エスカロニア",
        "message": "「啊……嗯，嗯嗯嗯……！进来了……啊啊……！团长大人的，强壮的东西……嗯啊！」"
    },
    {
        "name": "エスカロニア",
        "message": "「啊啊……全部都进去了……真的能进去呢……就像听说的那样……」"
    },
    {
        "message": "エスカロニア将目光投向完全插入阴道的阴茎。我问她是否有疼痛感，她略微发出了一声痛苦的呻吟。"
    },
    {
        "name": "エスカロニア",
        "message": "「这、虽然很丢脸……比想象中还要疼痛……而且，动不了……」"
    },
    {
        "name": "エスカロニア",
        "message": "「这是我在战斗中从未经历过的疼痛，可以说是性行为真是困难的事情，我亲身体会到了……」"
    },
    {
        "message": "我告诉她每个人的第一次都是这样的，エスカロニア露出了稍微安心的表情。如果她疼痛的话，我可以停下来，但我相信她不会希望那样。"
    },
    {
        "name": "エスカロニア",
        "message": "「团、团长大人……那、那个，你不会动吗？虽然我从绯蓝様那里学到了很多知识，但我还是有些担心……」"
    },
    {
        "name": "エスカロニア",
        "message": "「在这种时候，应该是男性主动……虽然很疼，但请不要在意我……咳……」"
    },
    {
        "message": "感受到エスカロニア的温柔，我的心有些痛。如果我粗暴地动作，会毁了她的第一次。"
    },
    {
        "message": "即使不动，也让她担心。于是我轻轻地摆动腰部，将阴茎缓慢地抽送进阴道深处。"
    },
    {
        "name": "エスカロニア",
        "message": "「啊……嗯……团、团长大人……啊……嗯嗯……」"
    },
    {
        "name": "エスカロニア",
        "message": "「嗯……下半身渐渐变得热烘烘的……而且，还有些疼痛……咳……」"
    },
    {
        "message": "果然，如果我大幅度地摆动腰部，会给エスカロニア带来负担。为了尽量减少疼痛，我小幅度地晃动腰部，并轻吻她的唇。"
    },
    {
        "name": "エスカロニア",
        "message": "「啊、团、团长大人……嗯嗯……亲吻是为什么呢……嗯嗯……」"
    },
    {
        "name": "エスカロニア",
        "message": "「嗯吧……亲吻应该和性行为没有关系……嗯吧……啾、啾、啾……啊呼、嗯……」"
    },
    {
        "message": "虽然困惑，但エスカロニア回应了我的吻。我继续享受她唇的触感，慢慢地摆动腰部，渐渐解除了阴道内的强烈压迫感。"
    },
    {
        "name": "エスカロニア",
        "message": "「呼……呼……团、团长大人，为、为什么……这、这是……？疼痛……稍微减轻了些……」"
    },
    {
        "name": "エスカロニア",
        "message": "「团长大人，这到底是……为什么，会发生这种事情……？啊……！摸、摸到大腿了……」"
    },
    {
        "message": "用指尖抚摸着エスカロニア匀称的大腿。感受到留有女性气息的柔软大腿，仅仅触碰就让我兴奋不已。"
    },
    {
        "name": "エスカロニア",
        "message": "「呀……啊……哈啊……嗯嗯……团长大人，到底在做什么……咿呀……！」"
    },
    {
        "name": "エスカロニア",
        "message": "「刚、刚才的声音是……嗯呀……！又、又出来了……啊，哈啊啊……！」"
    },
    {
        "message": "エスカロニア的声音逐渐变得甜美而刺激人心。与此同时，从连接处开始流出半透明的液体，使阴茎更加滑润。"
    },
    {
        "name": "エスカロニア",
        "message": "「嗯啊啊……！我、我为什么会发出这样的声音……呼啊，嗯嗯……团长大人，我、我好像有些奇怪了……嗯！」"
    },
    {
        "name": "エスカロニア",
        "message": "「团长大人，进入了我最深处……啊，啊啊……进来了……！」"
    },
    {
        "message": "大概是エスカロニア的身体也开始适应了吧，我开始逐渐加大腰部的动作。她的身体不再紧张，看起来疼痛也减轻了。"
    },
    {
        "name": "エスカロニア",
        "message": "「啊……哈啊……不、不行……忍不住发出声音了……！而且，身体感觉有些奇怪……！」"
    },
    {
        "name": "エスカロニア",
        "message": "「就像漂浮在空中一样，轻飘飘的……啊！越来越热……！就像烫伤了一样……嗯嗯！」"
    },
    {
        "message": "阴道越来越狭窄，压迫着阴茎。也许是因为慢慢地、细致地进行，我的极限比想象中要快。"
    },
    {
        "name": "エスカロニア",
        "message": "「嗯嗯……啊，啊啊啊……！不行，不行不行……好像要变得奇怪了……！这样下去的话，我……啊啊啊……！」"
    },
    {
        "name": "エスカロニア",
        "message": "「团长大人，我、我……嗯嗯！好像要变得奇怪了……！啊、嗯呜、哈啊、呀、啊啊……！」"
    },
    {
        "message": "我们彼此的高潮越来越近了。对于エスカロニア来说，这种状态并不奇怪，它是接近高潮、要达到高潮的证明。"
    },
    {
        "name": "エスカロニア",
        "message": "「啊……要、要高潮了吗……就这样，高潮……被团长大人……嗯嗯！」"
    },
    {
        "name": "エスカロニア",
        "message": "「突然，下腹部变得热烘烘的……不、不行……我……已经到极限了……！」"
    },
    {
        "message": "当エスカロニア的腹部起伏不定时，阴道急剧收缩。阴茎受到压迫，我也无法忍耐，射精感涌上心头。"
    },
    {
        "name": "エスカロニア",
        "message": "「团长大人……不需要忍耐的……！请、请在喜欢的时候……射精吧……达到高潮吧……！啊啊啊！」"
    },
    {
        "message": "这句话成为了引爆点，轻易地达到了巅峰。当阴茎插入阴道深处时，射精开始了。"
    },
    {
        "name": "エスカロニア",
        "message": "「啊，我，嗯嗯，我……！我、我要……要高潮了……！啊，啊，啊啊啊啊！」"
    },
    {
        "name": "エスカロニア",
        "message": "「啊啊啊啊啊！好、好热，喷出来了……嗯嗯嗯！」"
    },
    {
        "message": "在射精的同时，一种难以言喻的幸福感在脑海中涌动。我们彼此的身体都变得僵硬，品味着高潮的余波。"
    },
    {
        "name": "エスカロニア",
        "message": "「这、这就是……嗯嗯！射精……！太厉害了……啊啊，还在流出来……」"
    },
    {
        "message": "当射精终于停止时，エスカロニア陶醉地看着我。通过这一切，她再次确认自己对我的感情是否是爱情。"
    },
    {
        "name": "エスカロニア",
        "message": "「啊……是的，没错……最初的目的，中途变得奇怪，我都忘记了……」"
    },
    {
        "name": "エスカロニア",
        "message": "「没错……是的……我果然……喜欢上了团长大人……」"
    },
    {
        "message": "エスカロニア一边对自己说着，一遍反复重复着喜欢这个词。我看着她可爱的样子，倒在床上。"
    }
]