[
    {
        "name": "チューベローズ",
        "message": "「嗯～……啾、啾♪」"
    },
    {
        "message": "用嘴唇接住丘贝罗斯的吻。\n像是互相触碰的鸟吻，眼前的表情带着愉快的微笑。\n有时候看起来就像是在嬉闹一样。"
    },
    {
        "message": "但是，不一样。\n现在就算这样，很快就会变成另一种东西。"
    },
    {
        "message": "这个事实，在前几天的夜晚已经让我深有体会了。"
    },
    {
        "name": "チューベローズ",
        "message": "「嘿嘿～……深入进去了哦？\n要好好抱住哦，大、宝、贝♪\n吸呼、舔呼、嗯呜、啾呼、嗷呜呜呜♪」"
    },
    {
        "message": "然后，那个时刻到了。狠狠地吮吸着的深吻。\n她把我的嘴塞得满满的，用小小的舌头送进来缠绕。"
    },
    {
        "message": "一点微笑都没有。\n她浓烈的气息融化了我的理智，\n加速的心跳把欲望传送到下体。\n已经无法再责备她了。"
    },
    {
        "name": "チューベローズ",
        "message": "「啾呜、嗯呜、嗯咪呜……啾嘭♪ 呼……嘿嘿，变大了♪\n准备万全……危险的性爱，快点开始吧♪\n当然，今天也要中出去……团长也想射出来吧？」"
    },
    {
        "name": "チューベローズ",
        "message": "「在我小小的子宫里……射出浓稠的精液♪\n虽然之前也射过了，\n但是我……感觉飘飘然，不太清楚\n今天想好好感受一下♪」"
    },
    {
        "name": "チューベローズ",
        "message": "「想要感受的话，只要插进来……我就告诉你♪\n所以呢……今天也要好好欺负我哦？\n只要一边亲吻，无论做什么都可以原谅哦♪」"
    },
    {
        "message": "那就不亲吻了。\n我抓住惊讶的丘贝罗斯，将她按到床上，\n把已经湿透的泳装拉开，让她含住了肿胀的龟头。"
    },
    {
        "name": "チューベローズ",
        "message": "「等、等一下，啊……嗯嗯呜、嗯嗯呜呜呜～！？」"
    },
    {
        "message": "不脱衣服。穿着泳装侵犯。\n用体臭沸腾的兽欲低语，将她拉近，\n不让她逃跑。"
    },
    {
        "message": "就这样，缓慢地插入那纯真的阴道。\n但这并没有给丘贝罗斯带来痛苦。"
    },
    {
        "name": "チューベローズ",
        "message": "「啊、嗯啊……啊啊，好危险呀，这个♪\n被掀开了，我知道的……\n阴茎，感觉起来了……♪湿润起来了，停不下来呀♪」"
    },
    {
        "message": "回应的是毫无疑问的妖艳声音。"
    },
    {
        "message": "忍不住紧紧握住那朴素的乳房。\n手掌感受到泳装之下尖锐乳头的触感。\n用指尖刺激，肉褶像是在欢喜地收紧。"
    },
    {
        "name": "チューベローズ",
        "message": "「啊呜、嗯嗯呜、喜欢小脑核♪\n再多一点……因为即使在泳装上也能感受到♪」"
    },
    {
        "name": "チューベローズ",
        "message": "「因为，我自己也……嗯，连我自己都……唐嘲♪\\n从你那里得到之后，我一直……啊，呜呜，嗯嗯♪」"
    },
    {
        "message": "在喘息中断的话语中，肉棒变得更加坚硬。"
    },
    {
        "message": "欲望推动着腰部。\\n紧握着纤细的手臂，一下子将龟头砸向浅浅的阴道深处。"
    },
    {
        "name": "チューベローズ",
        "message": "「咿呀……！？　嗯啊，啊啊啊……♪\\n啊，碰到了……深处，砰地一声进来了♪」"
    },
    {
        "name": "チューベローズ",
        "message": "「但是，这样子……这样子的姿势不行呢\\n还是面对面地亲吻比较好呢……」"
    },
    {
        "message": "眼神中流露出迫切的湿润。\\n但是，我没有回应的意思。"
    },
    {
        "name": "チューベローズ",
        "message": "「呀……、等一下、团长……！\\n嗯嗯，啊啊……、呼，这样下去，不行的……！\\n啊啊，嗯嗯啊……哈、啊、啊啊！」"
    },
    {
        "message": "紧握着纤细的手臂和穿着泳衣的乳房，用力地摆动腰部。\\n回荡着的声音中，有着惨叫的色彩。"
    },
    {
        "name": "チューベローズ",
        "message": "「嗯嗯，哈啊、啊啊啊、阴茎、太粗暴了！\\n又硬又粗的家伙顶进来了……！\\n不行，不行呀……！ 这样子是不对的呀！」"
    },
    {
        "name": "チューベローズ",
        "message": "「亲密接触真是太好了……！队长你也觉得对吧！？刚刚你可是因为这个……咿呀，硬了起来！可以亲密接触吗！求求你了，队长……！」"
    },
    {
        "message": "苦苦哀求的呼吸声无法传达欲望的深处。这次不再用言语回应，而是用刺激回应给チューベローズ。"
    },
    {
        "name": "チューベローズ",
        "message": "「哈呜呜！？嗯啊，啊啊，顶端，嘎吱一声，进去了……！我，这个……啊，啊嗯！」"
    },
    {
        "message": "花蜜之穴变得更湿润，越发缠绕紧密。按着的话缠绕在身上，弄松的话也紧紧吸附住不放。"
    },
    {
        "name": "チューベローズ",
        "message": "「我很紧……！不想松开队长的小弟弟……！嗯啊，哈啊，哈啊，我明白的哦……连我自己也明白！」"
    },
    {
        "name": "チューベローズ",
        "message": "「变得淫荡了呢……！虽然很粗暴，却越来越淫乱了……！哈啊，啊，啊啊啊！嘿，队长也感受到了吧！你感受到了吧！？」"
    },
    {
        "message": "我知道你在感受着。作为回应，我强烈地撞击她的子宫口。"
    },
    {
        "name": "チューベローズ",
        "message": "「啊，啊啊，嗯呀……队长，好厉害！比上次更厉害！呼啊，啊啊啊！？」"
    },
    {
        "message": "不只是内部，她变得淫荡的并不只有膣内。声音、眼神、握住床单的指尖都在喘息着抽插动作。"
    },
    {
        "message": "而且最重要的是，那种喷薄而出的体味让理智失控。"
    },
    {
        "name": "チューベローズ",
        "message": "「哈、哈啊……嘿嘿～♪果然，效果……超棒的嘛！嗯，嗯啊啊！」"
    },
    {
        "name": "チューベローズ",
        "message": "「团长，我的味道会让你兴奋吧！？上次的事情，我知道了……所以才诱惑你的！」"
    },
    {
        "name": "チューベローズ",
        "message": "「再闻一点点……！我会释放更多的味道！再闻一点点！我要变得不正常了，团长……！」"
    },
    {
        "message": "没有像某个夜晚那样慢慢地享受了。紧握着小小的乳房，无法停止抚摸着疼痛而勃起的乳头。无法停下对丘贝洛斯的侵犯欲望，我不停地动着腰。"
    },
    {
        "name": "チューベローズ",
        "message": "「更多一点点……！用力揉搓……还有胸部！让我感觉舒服！让我变得不正常……！把我弄得一团糟吧！」"
    },
    {
        "name": "チューベローズ",
        "message": "「就算是危险的事情，也没关系……！只要是团长的话……！不是团长的话，就不行！啊啊，啊呜，嗯嗯啊啊！」"
    },
    {
        "message": "在辛苦的呻吟中充满了期待和愉悦。回荡在夜晚的房间里，弥漫在夜晚的空气中。仿佛混合在体味中，错觉着煽动着兽欲。"
    },
    {
        "message": "让她穿着泳衣喘息，更加激发了我的兴奋。这种征服感不是比喻，而是真实地侵犯着她。"
    },
    {
        "name": "チューベローズ",
        "message": "「啊呜，嗯嗯啊……团长！嘿……团长！」"
    },
    {
        "message": "即使在紧急呼唤声中，依然不停地搅动着阴道。\\n但是，丘贝洛斯似乎有些高兴。"
    },
    {
        "name": "チューベローズ",
        "message": "「就这样……射在里面……给我吧！？」"
    },
    {
        "name": "チューベローズ",
        "message": "「因为我想感受到……！\\n准确地射进子宫的深处……我想要！\\n想要充满子宫的……浓稠的液体！」"
    },
    {
        "message": "那么，就一直到达愿望为止。"
    },
    {
        "name": "チューベローズ",
        "message": "「啊、啊啊、啊呜、啊啊、啊呜呜呜呜呜……！？」"
    },
    {
        "name": "チューベローズ",
        "message": "「哈、啊啊，我明白了……头部膨胀了！\\n我会被射进里面的！就这样，射进子宫里！\\n被团长中出……！子宫里，被精液射进来了！」"
    },
    {
        "name": "チューベローズ",
        "message": "「呼啊啊，啊啊啊！快、来了，来了来了来了呜呜呜呜……！\\n团长的孕汁，要射进来了！呼啊啊，啊啊啊啊啊……！」"
    },
    {
        "name": "チューベローズ",
        "message": "「哈呜呜……嗯嗯呜呜呜呜～～～～～……♪」"
    },
    {
        "message": "被煽动着，随着抵达龟头开始射精。"
    },
    {
        "name": "チューベローズ",
        "message": "「啊……啊……出来了……♪\n哗哗地，好多……这个，绝对……很危险的♪」"
    },
    {
        "name": "チューベローズ",
        "message": "「阴茎被搓揉着……中出去，好多呢……♪\n黏黏糊糊的，粘稠的♪\n已经很饱胀了……还在被灌溉着♪ 嗯，嗯嗯嗯～♪」"
    },
    {
        "message": "将手臂拉近，握住乳房颤抖在解放感和征服感中。\n仿佛在处理某样东西一样，将一切都注入到天真无邪的子宫中。\n即使溢出来的也要重新回去，腰部的动作没有停止。"
    },
    {
        "name": "チューベローズ",
        "message": "「嗯、嗯嗯……被这么多射进来了……肯定已经做到了吧♪\n而且还被搓揉进去了……嗯啊、啊啊～♪\n我被团长调教了呢……嘿嘿，嘿嘿嘿～♪」"
    },
    {
        "name": "チューベローズ",
        "message": "「喂……团长？\n中出……你说想要感受的意思，差不多……要告诉你了吧？」"
    },
    {
        "message": "说起来好像也有那样的话。\n在狂奔的余韵中，促使丘贝洛斯继续前进。"
    },
    {
        "message": "然后得到的回答，正是她最喜欢的事实。"
    },
    {
        "name": "チューベローズ",
        "message": "「我呢……今天是危险日哦……♪」"
    },
    {
        "name": "チューベローズ",
        "message": "「所以，非常地……期待♪\\n乡下的朋友们，肯定会说很厉害的……♪」"
    },
    {
        "name": "チューベローズ",
        "message": "「引诱骑士团长，让他粗暴地袭击我……\\n然后，还怀上了宝宝呢……」"
    },
    {
        "name": "チューベローズ",
        "message": "「这种危险的事情……因为没人能做到，所以才会说很厉害的……♪\\n谢谢你，团长……我～好喜欢你～♪ 嘿嘿～♪」"
    }
]