[
    {
        "message": "醒来时感到一种不适，我往床里看去，发现诺拉娜钻了进来。\\n在先说定心话之后，我问她来的目的是什么。"
    },
    {
        "name": "ノラナ",
        "message": "「我想要向团长表达我的心意……\\n但是，对于我来说告白什么的……\\n然后，还有袭击的方法……」"
    },
    {
        "name": "ノラナ",
        "message": "「对不起！这样很麻烦吧！我马上出去！」"
    },
    {
        "message": "无视我的制止，诺拉娜跳下了床。\\n然后，有东西掉落在地上。"
    },
    {
        "message": "像是备忘录一样，写着想和恋人做的事情列表。\\n看里面，排列着令人惊讶的话语。\\n初次性行为是亲密接吻♪ 嘿嘿！ 诺拉娜的色色！"
    },
    {
        "message": "我僵住了一会儿，然后问同样僵住的诺拉娜是否是真的。"
    },
    {
        "name": "ノラナ",
        "message": "「……是的\\n但是，这样很麻烦吧……」"
    },
    {
        "message": "会被像诺拉娜这样可爱的女孩子所想，也不是坏事。\\n虽然我有点宅，但总会好起来的吧。"
    },
    {
        "name": "ノラナ",
        "message": "「啊，那个，那么……你会和我……和我发生关系吗！？\\n会接受一个没有朋友的可怜女孩子的处女吗！？」"
    },
    {
        "message": "我温柔地紧紧拥抱着她，告诉她这是一件光荣的事情，然后悄悄地引导她上床。"
    },
    {
        "message": "我细致地进行爱抚。将龟头对准湿润的裂缝，缓慢地往里面推进。"
    },
    {
        "name": "ノラナ",
        "message": "「啊啊！来、来了……啊啊啊啊啊！」"
    },
    {
        "message": "她的身体不自然地绷紧着。我告诉她要放松，然后朝着更深处进发。"
    },
    {
        "name": "ノラナ",
        "message": "「哈、哈、哈……进、进去了吗？团长大人的……」"
    },
    {
        "message": "我告诉她已经完全插入了。"
    },
    {
        "name": "ノラナ",
        "message": "「感觉好吗？有紧迫感吗？」"
    },
    {
        "message": "我轻抚着她的脸颊，告诉她不用急躁。然而，这反而适得其反。"
    },
    {
        "name": "ノラナ",
        "message": "「那么，请快点动起来……！如果不让我感到舒服，就没有意义了……！」"
    },
    {
        "name": "ノラナ",
        "message": "「我的愿望清单，就算忘记了也没关系……只要团长感到舒服……！」"
    },
    {
        "message": "即使我试图让她冷静下来，也完全没有意义。诺拉娜一个人陷入了恐慌。"
    },
    {
        "message": "看起来最好还是慢慢开始动起来。也许通过推进情况会有所不同。"
    },
    {
        "name": "ノラナ",
        "message": "「终、终于、开始动了吗……！请、请尽情地发泄吧……！」"
    },
    {
        "message": "暂时搁置了这个愿望，我慢慢开始抽送。"
    },
    {
        "name": "ノラナ",
        "message": "「嗯！啊、嗯、呼……嗯啊、呵呜、嗯嗯嗯嗯！」"
    },
    {
        "message": "看到她过度的反应，我停下了抽送。询问她是否有疼痛。"
    },
    {
        "name": "ノラナ",
        "message": "「不、不是那样的……那个……不是因为疼痛……」"
    },
    {
        "message": "诺拉娜的脸渐渐染上红晕。眼眶湿润，视线开始躲闪。"
    },
    {
        "name": "ノラナ",
        "message": "「突、突然间，感到害羞了……\\n明明下面都被看到了，声音也出来了……」"
    },
    {
        "name": "ノラナ",
        "message": "「还有……团长大人的脸离得这么近……\\n喜欢的人的脸这么近，就……」"
    },
    {
        "message": "继续下去没关系吗。询问后，她没有看向我，只是点了点头。"
    },
    {
        "message": "如果想停下来随时告诉我，然后重新开始抽送。"
    },
    {
        "name": "ノラナ",
        "message": "「啊、啊呃、哈啊、啊啊……\\n好厉害……在肚子里……进出……嗯、啊啊啊」"
    },
    {
        "name": "ノラナ",
        "message": "「大家都已经有过这种事情了吧……\\n啊呃、啊啊啊、嗯咕、呃！」"
    },
    {
        "message": "虽然一开始有些紧张，但幸运的是敏感度很好。分泌物的量正顺利增加，可以感觉到全身放松下来。"
    },
    {
        "message": "差不多该做一下那个列表上的事情了。身体前倾，脸靠近。"
    },
    {
        "name": "ノラナ",
        "message": "「啊、啊呃、这么近……\\n接吻之类的，还是……太害羞了……」"
    },
    {
        "message": "不能强迫。\\n但是，心里似乎还有紧张感。"
    },
    {
        "message": "为了解除这种紧张，我把手放在胸部上。\\n不是激烈地揉捏，而是轻轻地按摩。"
    },
    {
        "name": "ノラナ",
        "message": "「啊，啊……您也会揉我的胸部吗……\\n太好了……看到您高兴的样子……嗯啊，啊啊」"
    },
    {
        "message": "似乎接受了对胸部的爱抚。\\n那么，我会稍微用点力气。"
    },
    {
        "message": "但并不意味着要捏住乳头给予强烈刺激。\\n像揉捏整个乳房一样，温柔地按摩着。"
    },
    {
        "name": "ノラナ",
        "message": "「嗯！嗯嗯！我也、感觉很舒服……\\n被团长大人爱抚着……啊、嗯嗯、呼！」"
    },
    {
        "name": "ノラナ",
        "message": "「既然团长大人这么做了……嗯呜、啊咕、呼啊、\\n嗯咕、嗯嗯、啊……我也要努力……」"
    },
    {
        "message": "诺拉娜的眼神锁定了这里。\\n克服了羞耻心，直直地凝视着。"
    },
    {
        "name": "ノラナ",
        "message": "「吻……嗯、啊啊，和团长大人，吻……\\n想要、拜托了……嗯、呼啊！」"
    },
    {
        "message": "她的要求得到回应，我再次靠近她的脸。\\n没有被拒绝，嘴唇相互交融。"
    },
    {
        "name": "ノラナ",
        "message": "「嗯……啾……啾，啾啾……\\n啊啊，和团长大人，接吻了……啾，啾……！」"
    },
    {
        "message": "刚开始接吻，阴道开始蠢动。\\n缠绕着扭动，给予刺激。"
    },
    {
        "name": "ノラナ",
        "message": "「哈、哈……接吻，和团长大人，接吻……\\n更多、更多……请接吻我……！」"
    },
    {
        "message": "诺拉娜的双手触碰到我的脸颊。\\n然后用力地拉近。"
    },
    {
        "name": "ノラナ",
        "message": "「啾、啾、啾、啾！缠住了！缠住了！\\n滴答、滴答、滴答……更多的接吻、接吻！」"
    },
    {
        "name": "ノラナ",
        "message": "「哈普、啾、啾姆姆、啾啾、啾啰啰！\\n团长大人，也请伸出舌头……啾、啾！」"
    },
    {
        "message": "突然间，她贪婪地吮吸我的嘴唇。\\n还用舌头缠绕着，毫不在意地流下口水。"
    },
    {
        "message": "她的力量出乎意料地强大，我无法摆脱。\\n平时她常常克制自己的感情，现在爆发了出来。"
    },
    {
        "name": "ノラナ",
        "message": "「哈啊，哈啊……团长大人……嗯，啊啊，嗯咕，啊啊嗯！\\n里面也很舒服，亲吻也很多……哈啊，嗯呜，啊姆，嗯吮！」"
    },
    {
        "name": "ノラナ",
        "message": "「就这样，继续甜蜜的爱爱吧……！\\n哈普，亲吻，滴噢，滴噢噢，勒洛，勒洛，恩勒洛」"
    },
    {
        "message": "因为呼吸困难而无法控制力量。\\n用体重猛烈地刺激着深处。"
    },
    {
        "name": "ノラナ",
        "message": "「嗯嗯！？里面，电鳗般的感觉……嗯嗯！！！！\\n啊啊，这个，难道是……嗯嗯嗯！？」"
    },
    {
        "name": "ノラナ",
        "message": "「果然，要来了很强烈的感觉了……我差不多……！」"
    },
    {
        "message": "无意中，似乎刺激到了好地方。\\n如果感觉到了高潮的迹象，那么我们也不用太在意细节。"
    },
    {
        "message": "与诺拉娜一起，走向巅峰。"
    },
    {
        "name": "ノラナ",
        "message": "「哈啊，哈普，嗯嗯，亲吮，滴噢，勒洛……！\\n团长大人……最后一次，一起来……勒洛，亲吮，勒洛洛洛！」"
    },
    {
        "name": "ノラナ",
        "message": "「我，想要一起……所以……！」"
    },
    {
        "message": "再次感受到阴道的蠢动。\\n阴茎被推到了极限。"
    },
    {
        "message": "在享受着开始时甚至无法预料到的快感的同时，\\n我不停地振动腰部，为了与诺拉娜一起达到高潮。"
    },
    {
        "name": "ノラナ",
        "message": "「团长大人……那个，在我们第一次的时候，有件事我想说……\\n请让我说出来……！」"
    },
    {
        "message": "是否写在了那个名单上呢。\\n我告诉他可以随意说。"
    },
    {
        "name": "ノラナ",
        "message": "「那、那我就说出来了……嗯，啊啊，哈啊啊……！\\n对于不听话的我，请进行惩罚射精……！」"
    },
    {
        "message": "阴茎瞬间变得炽热。\\n忘记对诺拉娜的关怀，只专注地刺激着敏感的最深处。"
    },
    {
        "name": "ノラナ",
        "message": "「啊啊，不行，要来了……好厉害，要来了……！\\n啊呃，啊啊，啊呃，嗯咕，呼啊啊，哈啊，嗯！」"
    },
    {
        "name": "ノラナ",
        "message": "「团长大人……团长大人……！嗯咕，啊啊，啊呃，哈啊啊！\\n要来了，要来了，不行，不行……哈啊，啊咕咕，啊啊！」"
    },
    {
        "name": "ノラナ",
        "message": "「嗯嗯嗯嗯唔唔唔唔唔唔唔！！」"
    },
    {
        "name": "ノラナ",
        "message": "「啊啊啊啊啊啊！惩罚射精……嗯嗯嗯嗯嗯！」"
    },
    {
        "message": "在诺拉娜的阴道内感受到痉挛。\\n身体无法支撑，全身重重地压了下去。"
    },
    {
        "name": "ノラナ",
        "message": "「嗯呼呼呼呼！顶住了……！」"
    },
    {
        "name": "ノラナ",
        "message": "「好厉害……炽热的东西在扑通扑通地跳动着……\\n哈啊，哈啊，哈啊，这就是性爱吧……」"
    },
    {
        "message": "诺拉娜完全放松了下来。\\n我也处于类似的状态，无法支撑住身体。"
    },
    {
        "message": "即使射精结束，诺拉娜的呼吸仍然急促。\\n我轻轻拥抱着她，低声告诉她从现在开始可以更加自然地请求。"
    },
    {
        "name": "ノラナ",
        "message": "「可以吗……？像我这样的人……」"
    },
    {
        "message": "我立刻回答说当然可以。"
    },
    {
        "name": "ノラナ",
        "message": "「谢谢您……！团长大人果然是拯救我的人……！」"
    },
    {
        "message": "虽然有点夸张，但是非常感谢你的话。\\n我必须努力不辜负这份期待。"
    }
]