[
    {
        "name": "クリスマスブッシュ",
        "message": "「团长……啊，嗯……嗯……」"
    },
    {
        "message": "进入房间的圣诞树，显得有些局促不安。\\n脸颊染上了紧张的红晕，眼睛四处游移。"
    },
    {
        "name": "クリスマスブッシュ",
        "message": "「那个，呃……今天有些想要告诉你的事情……\\n不，是有的……」"
    },
    {
        "name": "クリスマスブッシュ",
        "message": "「我……喜欢你！\\n我是以一个男性的身份，\\n看待团长的！」"
    },
    {
        "message": "紧张过度，让我的话变得奇怪。\\n试着让自己冷静下来。\\n然而，就在我这么想的瞬间，听到了令人惊讶的话语。"
    },
    {
        "name": "クリスマスブッシュ",
        "message": "「如、如果您接受我的告白，\\n请和我发生关系！！」"
    },
    {
        "message": "圣诞树僵住了。\\n果然，这是出乎计划之外的事情。"
    },
    {
        "name": "クリスマスブッシュ",
        "message": "「对、对不起……\\n啊，但是……并不是说不想要发生关系……\\n与团长在一起，反而更想要有那种关系……」"
    },
    {
        "message": "虽然眼神不断地偷瞄着这边，\\n但当我问她是否真的想要的时候，\\n她立刻脸上明亮起来并靠近了过来。"
    },
    {
        "name": "クリスマスブッシュ",
        "message": "「拜、拜托了……不，我会的！\\n请接受我的第一次！」"
    },
    {
        "message": "低下头后，引导我到床上开始爱抚。\\n经过精心的爱抚，她的娇嫩之处湿润而滑溜。"
    },
    {
        "name": "クリスマスブッシュ",
        "message": "「请、请来……我已经做好准备了……」"
    },
    {
        "message": "圣诞树像等待注射的孩子一样紧绷着脸。\\n将尖端对准她的秘部，慢慢施加压力。"
    },
    {
        "name": "クリスマスブッシュ",
        "message": "「嗯嗯嗯！来、来了……！\\n我能感觉到进来了……！」"
    },
    {
        "message": "穿破代表处女的膜，进入狭窄的肉洞中。"
    },
    {
        "name": "クリスマスブッシュ",
        "message": "「啊……啊……嗯嗯呜！好、好痛……呜、嗯嗯嗯！\\n下、下体……要裂开了……呜、嗯嗯嗯嗯！」"
    },
    {
        "message": "立刻停止插入，观察圣诞树的情况。"
    },
    {
        "name": "クリスマスブッシュ",
        "message": "「没、没关系……停在这里的话，就无法进行爱爱了……\\n虽然希望你温柔一点，但请不要停下来……」"
    },
    {
        "message": "被紧紧抓住，慢慢地推进着阴茎。"
    },
    {
        "name": "クリスマスブッシュ",
        "message": "「啊，啊啊……嗯，啊啊啊……就这样，请……\\n没关系的，我不疼……」"
    },
    {
        "message": "知道她只是在逞强。\\n不完全相信她的话，小心翼翼地插入阴茎。"
    },
    {
        "name": "クリスマスブッシュ",
        "message": "「啊，啊，啊……都进去了吗……？\\n指挥官，你真的接受了我吗……？」"
    },
    {
        "message": "轻轻触摸她的脸颊，安抚她并让她放心。\\n她将自己的手放在我的手上，调整呼吸。"
    },
    {
        "name": "クリスマスブッシュ",
        "message": "「……可以动了，没关系的\\n只是插进去还不算是做爱呢」"
    },
    {
        "message": "虽然还有些紧张，但应该可以动了吧。\\n再次确认后，摇动腰部观察身体反应。"
    },
    {
        "name": "クリスマスブッシュ",
        "message": "「啊……嗯……啊，啊……\\n这样是在动的吧……嗯，嗯……」"
    },
    {
        "name": "クリスマスブッシュ",
        "message": "「呼，嗯……啊，啊啊……嗯，啊啊……\\n我和指挥官在做爱了……」"
    },
    {
        "message": "即使是摇摆在微风中的秋千，也能给圣诞树狭窄的阴道带来刺激。"
    },
    {
        "message": "如果用力一点，一定能获得巨大的快感。\\n然而，我抑制住了那种冲动，继续温柔地对待她纤细的身体。"
    },
    {
        "name": "クリスマスブッシュ",
        "message": "「嗯嗯，啊啊……呵，嗯嗯……啊，啊啊啊……\\n指挥官，你可以更猛烈一些的……」"
    },
    {
        "message": "虽然这样说，但看到她这么紧张，我不能太过激烈。\\n需要逐渐放松她的身体。"
    },
    {
        "message": "性感带在哪里呢？\\n观察圣诞树的反应，将手滑过她白皙的肌肤。"
    },
    {
        "name": "クリスマスブッシュ",
        "message": "「啊啊，嗯嗯……好痒……嗯咕，呵呵呵……\\n不用那么细心……呼啊，啊啊啊……」"
    },
    {
        "name": "クリスマスブッシュ",
        "message": "「更大胆一些，可以触摸我的胸部……\\n毕竟是我主动的……嘿啊，嗯嗯，啊啊啊……」"
    },
    {
        "message": "性行为并不值得她如此拼命。\\n但是，告诉她现在这些对她来说毫无意义。"
    },
    {
        "message": "果然，只能由我来放松她了。\\n虽然有些犹豫，但我将手指滑向她丰满的乳房。"
    },
    {
        "name": "クリスマスブッシュ",
        "message": "「嗯哈，啊啊，啊啊……是、是的……\\n胸部，你可以随意摸……」"
    },
    {
        "message": "按照你说的，我打算随心所欲地行动。\\n在凸起上画圆圈，逐渐刺激中央的突起。"
    },
    {
        "name": "クリスマスブッシュ",
        "message": "「啊……嗯……嗯嗯，啊……感觉好淫荡……\\n胸部被淫荡地触摸着……呼、啊啊……」"
    },
    {
        "message": "好像有点坐立不安了，身体开始像蛇一样扭动起来。"
    },
    {
        "name": "クリスマスブッシュ",
        "message": "「哈啊，啊啊啊……嗯、嗯啊……不摸乳头吗？\\n男人们都想玩弄那里的吧……咕、啊啊啊……」"
    },
    {
        "message": "还太早。\\n为了让她充分感受，继续耐心地刺激。"
    },
    {
        "name": "クリスマスブッシュ",
        "message": "「嗯哈，哈啊啊……嗯啊啊，啊啊啊……咕、啊啊啊……\\n指挥官，你在捉弄我吗……？」"
    },
    {
        "name": "クリスマスブッシュ",
        "message": "「那么，抽插也可以更猛烈一些吗……\\n嗯啊啊，哈啊，啊啊啊，嗯啊啊啊……」"
    },
    {
        "message": "确实，阴道也感觉放松了。\\n差不多可以触摸乳头了。"
    },
    {
        "message": "用指腹轻轻弹击着变硬的甜蜜突起。"
    },
    {
        "name": "クリスマスブッシュ",
        "message": "「嗯啊啊……啊！！\\n啊啊啊！！ 嗯嗯嗯嗯！！」"
    },
    {
        "message": "甜美的娇声回荡在耳边。\\n紧接着捏住乳头，刺激地搓揉着。"
    },
    {
        "name": "クリスマスブッシュ",
        "message": "「啊啊，嗯……嗯呀，啊啊……不要用手指弄弄我了……！」"
    },
    {
        "message": "喘息声中夹杂着兴奋，握紧床单的手放松了。\\n现在就算激烈一点也没关系了吧。\\n试着用力前后摇动起本来只是轻晃的腰部。"
    },
    {
        "name": "クリスマスブッシュ",
        "message": "「啊，咕！ 啊、啊啊呀，啊、啊啊啊！\\n顶进去……呜、哈、啊、啊呀！\\n感觉到团长的，深入到肚子里了……！」"
    },
    {
        "message": "已经完全恢复的阴道粘膜带来了快感。\\n因为渴望刺激，阴茎变得敏感，勾起了射精的欲望。"
    },
    {
        "name": "クリスマスブッシュ",
        "message": "「嗯啊啊，啊呀，团长……咕、啊、我……！\\n好像要到了……哈呼、啊啊、啊啊啊！」"
    },
    {
        "name": "クリスマスブッシュ",
        "message": "「刚变得激烈起来就……嗯嗯呜，啊、啊呀！\\n肚子里面，痒痒的……！」"
    },
    {
        "message": "可能是因为太过焦虑，无论是阴茎还是阴道。\\n终于获得的快感无法抵挡，我们两个都被席卷而去。"
    },
    {
        "name": "クリスマスブッシュ",
        "message": "「请一直、顶进去……！\\n呜、啊、啊啊啊……更加强硬也没关系……」"
    },
    {
        "name": "クリスマスブッシュ",
        "message": "「让喜欢的人忍耐下去了……\\n无论多么激烈……我都会接受的……！」"
    },
    {
        "message": "在这种情况下被这样说，身体就不听使唤了。\\n顺从圣诞树的要求，抽插加速起来。"
    },
    {
        "name": "クリスマスブッシュ",
        "message": "「嗯啊、啊啊啊、嗯哈、啊啊啊啊！\\n再来一次，更加激烈地……嗯嗯呜、啊、啊啊啊！」"
    },
    {
        "name": "クリスマスブッシュ",
        "message": "「不行……从深处传来的感觉，无法抑制……！\\n团长先生，明明还没有抽插够……！」"
    },
    {
        "message": "我这边也到极限了。\\n不经意间腰部微微动了起来，感受到龟头上散开的热量。"
    },
    {
        "message": "在她耳边低语着已经要射出来了，\\n更加剧烈地摇晃着床。"
    },
    {
        "name": "クリスマスブッシュ",
        "message": "「团长先生也感到舒服呢……哈啊、呼……\\n既然如此，请尽情注入吧……\\n咕呼、啊、嗯啊、啊啊啊！」"
    },
    {
        "name": "クリスマスブッシュ",
        "message": "「啊，嗯嗯，哈，啊啊呜！来了……！\\n不行，不行……嗯嗯，啊，啊啊啊呜！\\n嗯啊啊啊啊啊呜！！」"
    },
    {
        "name": "クリスマスブッシュ",
        "message": "「呜呀呀呀……嗯啊，啊，啊啊啊呜！\\n咕咚咕咚，在……肚子里……！」"
    },
    {
        "message": "当我全身重压在她身上，并将我的阴茎插入最深处时，我迎来了射精。\\n我的阴茎在抽搐的肉洞中疯狂地喷射出白色液体。"
    },
    {
        "name": "クリスマスブッシュ",
        "message": "「啊啊呜……嗯，啊啊啊……哈哈，哈哈，\\n我和团长……\\n和喜欢的人发生了关系呢……」"
    },
    {
        "name": "クリスマスブッシュ",
        "message": "「哈哈，哈哈……温暖而疲倦……呼，呼……\\n一时半会动不了了……唔，呼呼……」"
    },
    {
        "message": "我紧紧地拥抱着圣诞树，看着她平静的脸庞，\\n直到我的阴茎不再抽搐。"
    },
    {
        "message": "当痉挛平息后，我松开了她的身体，\\n她的呼吸也恢复了正常。"
    },
    {
        "name": "クリスマスブッシュ",
        "message": "「团长也让你操心了\\n明明是我主动的，真是不好意思……」"
    },
    {
        "name": "クリスマスブッシュ",
        "message": "「但是，我确实感到很舒服\\n所以，或许这样也不错\\n否则对团长来说也太失礼了」"
    },
    {
        "message": "尽管可能有些后悔，圣诞树看起来很幸福。"
    }
]