[
    {
        "name": "ウェルウィッチア",
        "message": "「团长大人，你喜欢我吗？」"
    },
    {
        "message": "在威尔维奇亚和我两人共进晚餐时，她突然这样问道。\n突然怎么了呢。"
    },
    {
        "name": "ウェルウィッチア",
        "message": "「我感到非常不安……自从来到这里以来，\n似乎和团长大人的关系没有多大进展\n所以，我自己想了很多……」"
    },
    {
        "name": "ウェルウィッチア",
        "message": "「我虽然活了相当长的时间，但身体如你所见\n所以我觉得团长大人可能没有把我当作女性魅力\n你周围总是有很有魅力的花骑士……」"
    },
    {
        "message": "怎么可能，完全不是那样。\n威尔维奇亚已经足够有魅力了。"
    },
    {
        "name": "ウェルウィッチア",
        "message": "「哎呀……？\n那是说对我的身体有兴趣吗\n可以这样理解吗？」"
    },
    {
        "message": "虽然问法有点奇怪……\n完全没有，这样说是谎言。\n我坦率地回答。"
    },
    {
        "name": "ウェルウィッチア",
        "message": "「呵呵……这样啊\n那就太好了」"
    },
    {
        "message": "什么？我想问，但无法开口。\n突然感到强烈的睡意袭来，意识变得模糊。\n手中的餐具失去了力量，\n发出了咔嗒一声尖锐的声音…………。"
    },
    {
        "message": "……醒来时，我发现自己被半裸的威尔维奇亚骑在身上。"
    },
    {
        "name": "ウェルウィッチア",
        "message": "「早上好，团长大人。\n感觉如何？」"
    },
    {
        "message": "……这到底是怎么回事？\n我问道。"
    },
    {
        "name": "ウェルウィッチア",
        "message": "「你这是什么意思，太失礼了吧。\n女性骑在你身上，作为男性有何反应呢？看吧。」"
    },
    {
        "message": "威尔维奇亚伸手触摸我的下半身，\n开始上下摩擦我的阴茎。"
    },
    {
        "message": "……我才注意到，我全身都是裸的。\n我的衣服被整齐地叠放在我够不到的地方。\n而且即使想去拿，我的身体却无法自由动弹。"
    },
    {
        "name": "ウェルウィッチア",
        "message": "「啊……果然本能是诚实的呢。\n还是说这是药物的效果？\n它越来越大了，看，看……♪」"
    },
    {
        "message": "药物……是不是被放进了食物里。\n我失去意识，全身也无法自由的原因就是这个吗。"
    },
    {
        "message": "但是……正如威尔维奇亚所说，\n我的下半身阴茎却膨胀得越来越大，\n像发狂一样直立起来。\n威尔维奇亚毫不犹豫地含在嘴里。"
    },
    {
        "name": "ウェルウィッチア",
        "message": "「嗯咕……咕嘟……嗯嗯，呼哈……\n变大吧，变大吧……咳咕……嗯嗯……♪」"
    },
    {
        "name": "ウェルウィッチア",
        "message": "「令人窒息的男人味……\n呵呵，头晕目眩呢……\n啾啦……舔舔，舔舔…………」"
    },
    {
        "message": "抚摸、含住……啾砰，然后抽出。\n从舌头上舔回来的龟头上，拉出了淫荡的丝线。\n身体本应该不动，但只有阴茎在抽搐。"
    },
    {
        "name": "ウェルウィッチア",
        "message": "「我呢……果然还是不太信任你\n因为你总是被可怜的花骑士们包围着……」"
    },
    {
        "name": "ウェルウィッチア",
        "message": "「我想要让你成为我独占的东西……\n我想要实现我的愿望\n所以可以吗？」"
    },
    {
        "message": "呢……笑着，\n威尔维奇亚没有等待我的回答，\n自己掀起礼服，开始降低身体。"
    },
    {
        "name": "ウェルウィッチア",
        "message": "「那么……\n团长大人的香蕉，我要开动了……♪」"
    },
    {
        "message": "嗯呃，噗嘟……\n两个湿润的性器毫无阻力地相互贴合。\n只是插入了顶端，那一瞬间，\n因为过于快感，意识又差点飞走。"
    },
    {
        "name": "ウェルウィッチア",
        "message": "「嗯，咕……呜、呵呵……啊哈哈哈哈……♪\n好啊，好啊……硬度和大小都很强壮……」"
    },
    {
        "name": "ウェルウィッチア",
        "message": "「看吧，你明白了吗？\n你的大家伙，要进入我的小地方了哦……♪」"
    },
    {
        "message": "为了展示连接的部位，身体向后仰起。\n然后像擦拭阴道一样，威尔维奇亚开始主动动起来。\n她不喜欢运动，但她那白皙柔软的肌肤上，汗水湿润着，闪烁着诱人的光芒……"
    },
    {
        "name": "ウェルウィッチア",
        "message": "「看吧，好好记住\n我这里，团长大人那里……\n随时都能回忆起来，当作自慰的素材……」"
    },
    {
        "message": "这样，我静静地注视着威尔维奇亚任由我的肉棒\n独自狂喜着……\n渐渐地，发出了理性崩溃的声音。\n与此同时，本应束缚的身体恢复了自由。"
    },
    {
        "message": "猛地一挺腰部\n让威尔维奇亚的身体颤抖起来。\n然后，以着落的势头，肉棒深深地刺入她的内部。"
    },
    {
        "name": "ウェルウィッチア",
        "message": "「呀呜呜呜呜呜！！？」"
    },
    {
        "message": "平时看似漫不经心的威尔维奇亚发出了令人心痛的悲鸣。\n也许，这是她作为老练的荒野女巫\n第一次感受到的「惊讶」情绪。"
    },
    {
        "name": "ウェルウィッチア",
        "message": "「为、为什么会动……？\n药物应该还在起作用啊……」"
    },
    {
        "message": "药物？那种东西无关紧要。\n既然威尔维奇亚这么渴望我\n我不能什么都不给予回应。\n所以，我的身体就会动起来。"
    },
    {
        "name": "ウェルウィッチア",
        "message": "「啊……嗯，啊呼……\n呜，呜呜呜呜～～～～…………！！！！」"
    },
    {
        "message": "刺，刺，刺上去。\n像蹂躏威尔维奇亚的小阴道一样，\n撕开她子宫的那一端，刺入。"
    },
    {
        "name": "ウェルウィッチア",
        "message": "「啊……嗯……嗯嗯……大、团长大人……\n不、不对……不、不行……我、我\n身体小，所以……！」"
    },
    {
        "name": "ウェルウィッチア",
        "message": "「等、等一下，冷静下来？ 对吧？ 对吧？\n这、这样动下去的话，我、我……\n这、这样会坏掉的，呜呜呜……！！」"
    },
    {
        "message": "威尔维奇亚说得口齿不清，但适得其反。\n平时总是面带从容的表情一下子变得慌乱失措，\n看到她那令人无法挽回的状况，我更加兴奋起来，\n动作变得更加剧烈。"
    },
    {
        "message": "而且最重要的是——威尔维奇亚自己也\n明白她内心真正渴望的事情。"
    },
    {
        "name": "ウェルウィッチア",
        "message": "「嗯，啊……呼，呼呵……\n啊，啊，啊呢……♪」"
    },
    {
        "message": "在我的身体上，她专注地摇动着腰部，\n她的表情逐渐变得不像样子。"
    },
    {
        "message": "就在那时——咚咚地。\n阴茎强烈地跳动着。\n这种感觉似乎也传达给了威尔维奇亚。"
    },
    {
        "name": "ウェルウィッチア",
        "message": "「啊……热……这、这是要……要射了吗？\n是、是要射了吗，团长大人……？」"
    },
    {
        "message": "她没有回答，而是用腰部剧烈地扭动代替了点头。"
    },
    {
        "name": "ウェルウィッチア",
        "message": "「要、要出来吗？ 要射出来吗？\n怎、怎么办呢？ 想、想怎么做呢……？」"
    },
    {
        "message": "我想把全部都射进威尔维奇亚的阴道里。\n威尔维奇亚呢？"
    },
    {
        "name": "ウェルウィッチア",
        "message": "「我、我……\n我也想要射进来……\n把团长大人的种子，\n种植在我的小子宫里，好多好多次……」"
    },
    {
        "message": "明白了——为了回应期待，\n我更加集中意识。\n阴茎变得更加坚硬巨大，\n在威尔维奇亚的阴道中猛烈地抽插。"
    },
    {
        "name": "ウェルウィッチア",
        "message": "「啊、嗯……嗯呼、嗯啊！\n嗯啊啊啊……♪」"
    },
    {
        "name": "ウェルウィッチア",
        "message": "「对，对……再深入，再深入……！\n把你的男孩子刻在我的女孩子身上……！！\n更深入，更深入……！」"
    },
    {
        "message": "威尔维奇亚的小身体跳动着，床发出吱吱的声音。\n这声音和呻吟声肯定能传到房间外面，\n但这已经无关紧要了。\n只想着与魔女一起登上巅峰。然后——"
    },
    {
        "name": "ウェルウィッチア",
        "message": "「啊，啊哈♪\n啊哈哈！不行了……已经、已经回不去了……\n喜欢，这个，太好了……嗯，啊呢，啊，啊」"
    },
    {
        "name": "ウェルウィッチア",
        "message": "「啊，嗯嗯嗯……\n呜呜呜呜呜～～～～…………嗯嗯嗯！！」"
    },
    {
        "name": "ウェルウィッチア",
        "message": "「哈、哈、哈、哈、哈、哈……\n呼……哈啊啊……」"
    },
    {
        "message": "——二人同时达到了顶点。\n热热的体液溢出，仿佛性器融化在一起，\n彼此的身体界限都变得模糊不清，\n无尽的快感涌上心头。"
    },
    {
        "name": "ウェルウィッチア",
        "message": "「射了好多呢，团长大人……\n这么多进来了，感觉舒服吗？」"
    },
    {
        "message": "为了防止精液从小小的阴道中溢出来，\n威尔维奇亚用手紧紧按住自己的下体，\n露出迷糊的笑容。"
    },
    {
        "message": "好舒服。\n而且……威尔维奇亚的感受、\n心意传达了过来，更加让我爱不释手。\n一开始是单方面的行为，现在应该是相互深爱吧。"
    },
    {
        "name": "ウェルウィッチア",
        "message": "「呵呵……\n你真是能够毫不害羞地说出那么羞耻的话呢……」"
    },
    {
        "name": "ウェルウィッチア",
        "message": "「我……虽然得到了一直以来渴望的东西，\n但现在却像个不成熟的孩子一样兴奋，\n感到后悔和羞耻，真想死了……唉……」"
    },
    {
        "message": "那肯定会习惯的。"
    },
    {
        "message": "威尔维奇亚一直被夺走，所以一直感到害怕。\n没有对未来抱有期望。\n所以无论如何都要用自己的力量\n去得到自己渴望的东西。即使手段强硬。"
    },
    {
        "message": "但是，从现在开始随时都可以向我提出要求。\n只要是你，我都会全力以赴满足你。"
    },
    {
        "name": "ウェルウィッチア",
        "message": "「……真的吗？\n我非常高兴……\n但是……真的可以接受像我这样的吗？\n虽然外表只是这样，但是我……」"
    },
    {
        "message": "没关系。正因为是威尔维奇亚才让我爱上你。\n作为证明……又勃起了。"
    },
    {
        "name": "ウェルウィッチア",
        "message": "「啊哈♪\n别这么着急嘛……呵呵\n如果团长大人希望的话，我会一直陪在你身边的哦……」"
    },
    {
        "message": "威尔维奇亚露出温柔、甜蜜、迷人的笑容。\n然后一直到天亮，两人不断交替进攻和防守，\n持续着与小魔女的交流。"
    }
]