[
    {
        "name": "クレナイ",
        "message": "「嗯咕咕～♪ 喏，好好看着……\\n我的小穴呢，\\n已经包裹住团长的小弟弟了……♪」"
    },
    {
        "message": "她露出恶作剧的笑容，\\n将龟头吞入一半的秘裂展示给我看。"
    },
    {
        "message": "绒绒蓝并没有放下腰部，\\n一直在不停地挑逗着。"
    },
    {
        "name": "クレナイ",
        "message": "「哎呀哎呀～？ 肚子在抽搐呢～？\\n怎么了呢～？」"
    },
    {
        "message": "用指尖挠弄着肚子，然后顺势滑到阴茎根部。"
    },
    {
        "message": "她那种挑逗的触摸方式让我的腰部颤抖起来。"
    },
    {
        "name": "クレナイ",
        "message": "「那么，你想要怎样呢～？\\n是要好好吞下去到根部吗～？」"
    },
    {
        "message": "我猛烈地点头回应着，\\n绒绒蓝的嘴角越发上扬。"
    },
    {
        "name": "クレナイ",
        "message": "「呵呵，你这么拼命地点头真可爱～♪\\n看到你这样子，我更想折磨你了……」"
    },
    {
        "message": "她妖艳地眯起双眼，用手指轻抚着丰唇。"
    },
    {
        "message": "看着她那充满虐待欲的表情，一股寒意般的快感从脊梁骨上涌过。"
    },
    {
        "name": "クレナイ",
        "message": "「嗯，决定了♪今天就让你品尝我的鲜嫩小穴吧」"
    },
    {
        "message": "她眨眼一笑，用紧紧的秘裂夹住龟头。"
    },
    {
        "name": "クレナイ",
        "message": "「虽然今天是我和团长第一次连结的重要日子～但是，就让你在我的小穴入口处射精吧♪」"
    },
    {
        "name": "クレナイ",
        "message": "「嘿，感觉如何？被女孩子这样压倒在身下，却无法品尝小穴内的滋味然后可怜巴巴地射精……是什么感觉呢？」"
    },
    {
        "name": "クレナイ",
        "message": "「就像只是试图插入一下，就会「噗」的射精一样，就像是童贞君一样呢～团长，祝贺你童贞失去失败哦～♪」"
    },
    {
        "message": "她嘲笑地俯视着我，嘴里还含着红润充血的秘裂入口，缓慢地扭动着腰部折磨着我。"
    },
    {
        "name": "クレナイ",
        "message": "「呵呵，很让人沮丧吧～嗯，嗯……你知道吗？男人呢，只有刺激龟头是很难射精的哦？」"
    },
    {
        "name": "クレナイ",
        "message": "「只有快感一点点地积聚，让人变得疯狂，变得无比焦躁♪」"
    },
    {
        "name": "クレナイ",
        "message": "「看吧，我会摇晃胸部，让你早点露出那种痛苦的表情♪」"
    },
    {
        "message": "一边说着话，上半身却反向旋转摇晃。"
    },
    {
        "message": "随着这个反作用力，丰满的乳房噗噗地颤动着。"
    },
    {
        "message": "忍不住伸手去触摸眼前这迷人的景象。"
    },
    {
        "name": "クレナイ",
        "message": "「不可以哦～♪没有允许你碰我的胸部哦？」"
    },
    {
        "message": "立刻按住双手腕，得意地笑了起来。"
    },
    {
        "name": "クレナイ",
        "message": "「今天只能让你享受龟头的刺激，然后情趣才能射精哦。所以，请只用眼睛享受♪」"
    },
    {
        "name": "クレナイ",
        "message": "「这样的话，你看，随时都可以自己撸一撸了吧？」"
    },
    {
        "name": "クレナイ",
        "message": "「想起了丰满的胸部，\\n想象着无法品尝的紧致的阴道，\\n刺刺……刺刺……♪」"
    },
    {
        "message": "俯身低语，将炽热湿润的气息吹向耳边。"
    },
    {
        "name": "クレナイ",
        "message": "「真可怜呢～？ 真悲惨呢～？\\n像猴子一样学会了自慰，\\n整天都在刺刺地……」"
    },
    {
        "name": "クレナイ",
        "message": "「要不然从现在开始，一直只让你在阴道入口高潮如山怎么样？\\n嗯，就这么做吧！」"
    },
    {
        "message": "在耳边不断地甜言蜜语中，\\n内心的欲望疯狂地蠢动起来。"
    },
    {
        "message": "与此同时，愤怒涌上心头——\\n不想就这样被人轻视地结束，\\n身体开始有所反应。"
    },
    {
        "name": "クレナイ",
        "message": "「哇！？ 等、等一下！ 嗯、嗯嗯……啊！」"
    },
    {
        "message": "察觉到腰部的抬起，急忙用双手按住腹部。"
    },
    {
        "message": "然而，细细的手臂逐渐推开，\\n慢慢地将阴茎插入阴道内。"
    },
    {
        "name": "クレナイ",
        "message": "「啊，呼……不、不要啊……\\n我说过了，不准碰我的小骚穴的，嗯啊！」"
    },
    {
        "message": "龟头终于完全插入阴道中。"
    },
    {
        "message": "由于这个反作用力，原本被顶进去的秘裂入口弹回去了，\\n擦过龟头的冠状沟回到了原位。"
    },
    {
        "name": "クレナイ",
        "message": "「啊，嗯哈……小、小骚穴麻木了……」"
    },
    {
        "message": "她的腰颤抖着，下巴猛地仰起，\\n压在她腹部上的手臂力量减弱了。"
    },
    {
        "message": "趁着这个机会，一下子将阴茎插到根部。"
    },
    {
        "name": "クレナイ",
        "message": "「哈呜！\\n啊，啊……深入到小骚穴的最深处……啊，啊……」"
    },
    {
        "message": "尽管她背脊弓起并且痉挛不止，\\n他还是猛烈地抽动着腰部。"
    },
    {
        "name": "クレナイ",
        "message": "「啊，哈啊！\\n不要，稍微等一下！？\\n不、不要突然这么剧烈地、嗯呜呜！」"
    },
    {
        "message": "紧闭双眼，咬紧下唇。"
    },
    {
        "message": "蜷缩的背影一次次猛地弹起，\\n阴道内开始嘈杂地欢腾起来。"
    },
    {
        "name": "クレナイ",
        "message": "「啊啊！怎、怎么办！？\\n小穴好像渴望着团长的阳具！？\\n紧紧夹住，说着好吃好吃的话～！\\n呀呀，啊，啊呜！」"
    },
    {
        "message": "克蕾奈的阴道真是丰满有弹性。"
    },
    {
        "message": "仿佛塞满了小肉粒一样的触感在整个阴道中扩散开来，\\n无论擦过哪里都能带来甜美的快感。"
    },
    {
        "message": "在那强烈的刺激下，阴茎更加炽热地沸腾起来。"
    },
    {
        "name": "クレナイ",
        "message": "「不、不可能！？团长的阳具又变大了！\\n啊，啊……！？被撑得好开！\\n我的小穴要被撑得松松垮垮了！」"
    },
    {
        "message": "惊愕地睁大眼睛，疯狂地摇晃着头。"
    },
    {
        "message": "然后，在刺穿阴道深处的一瞬间，\\n身体颤抖着，猛地倒了下去。"
    },
    {
        "name": "クレナイ",
        "message": "「啊啊啊啊啊啊啊！？」"
    },
    {
        "message": "他一边乱抚摸着我的头，一边用双臂缠绕住我的脖颈。"
    },
    {
        "name": "クレナイ",
        "message": "「好、厉害，这是我第一次经历这样的感觉！啊、啊啊！？如果知道这么舒服的话，我就再也无法和其他人发生关系了！」"
    },
    {
        "message": "我哭泣般地喘息着，拼命咬紧后牙。"
    },
    {
        "name": "クレナイ",
        "message": "「啊啊！？子宫好像要掉下来了！？渴望团长的精液了！？」"
    },
    {
        "message": "听到这句话，阴茎猛烈地抖动起来。"
    },
    {
        "name": "クレナイ",
        "message": "「呜呼！？阿、阴茎在颤抖……！？啊、啊……不、不行，不可以……」"
    },
    {
        "name": "クレナイ",
        "message": "「如果现在射精的话，我、我会堕落……只能和团长发生关系了……真的只能和团长发生关系了！？嗯、嗯嗯……！」"
    },
    {
        "message": "她拼命地收紧阴道，试图抑制住阴茎的颤动，但已经无法停止。"
    },
    {
        "message": "最后一下猛烈地顶入阴道，抵住子宫口的龟头。"
    },
    {
        "name": "クレナイ",
        "message": "「啊嗨嗯嗯嗯嗯嗯嗯嗯！♪喷喷精液射进来啦！♪♪」"
    },
    {
        "name": "クレナイ",
        "message": "「啊、被堕落了呢！♪成为团长专属的小穴了呢！♪啊哈啊啊啊！♪♪」"
    },
    {
        "message": "大量的精液喷入子宫的瞬间，她猛地抬起上身，舌头无力地伸出。"
    },
    {
        "message": "随着射精的减弱和痉挛的平息，克莱奈脸红着低下了头。"
    },
    {
        "name": "クレナイ",
        "message": "「我、我为什么会做那种事……但、但是，那么舒服……哈哈哈，没办法呢，对吧……」"
    },
    {
        "name": "クレナイ",
        "message": "「……决定了。以后只和团长发生关系……嗯，再也无法和其他人了……所以……」"
    },
    {
        "message": "她吐出一口气，轻抚着自己的脸颊。"
    },
    {
        "name": "クレナイ",
        "message": "「以后也请给我很多喷喷精液好吗？要负起责任哦，啊，还有，一定要爱我才行哦……♪」"
    },
    {
        "message": "克莱奈开心地笑了起来，但同时又有些害羞的表情。"
    }
]