[
    {
        "message": "与蒙特布雷奇亚两人一起洗澡，这是我甚至都没有想象过的。\\n虽然穿着泳装，但无法不被她匀称的身材所吸引。"
    },
    {
        "message": "一切的开始是在白天的海滩上，她一直在沙滩伞下看守行李。\\n我问她既然已经穿着泳装了，为什么只负责看行李呢？\\n她回答说希望我陪她一起洗澡。"
    },
    {
        "name": "モントブレチア",
        "message": "「感觉好像一直被盯着呢\\n果然，在泡澡时穿泳装有点奇怪吗？\\n因为你说了即使穿着泳装也要去洗澡，所以我才决定一起洗的」"
    },
    {
        "message": "我否定了她的猜测，并移开了目光。\\n但是，却不自觉地意识到了近距离的身体接触。"
    },
    {
        "name": "モントブレチア",
        "message": "「根本不需要急着移开视线……哎呀？\\n呵呵呵，原来是这样啊\\n是啊，毕竟你是男孩子嘛，肯定也想玩这边的游戏吧～」"
    },
    {
        "message": "虽然下半身有些变化，但我告诉她并没有别的意思。"
    },
    {
        "name": "モントブレチア",
        "message": "「那么，你是不想和我做吗？\\n作为女性，你没有看上我吗？」"
    },
    {
        "message": "我否定了她的猜测，她却慢慢地靠近了过来。\\n温柔地拥抱着我，轻声在耳边低语。"
    },
    {
        "name": "モントブレチア",
        "message": "「在海边无法做到的事，在这里我们可以尽情享受\\n既然我们两个人独处一室，就让我们留下美好的回忆吧」"
    },
    {
        "message": "被她这样说了，我当然不能拒绝了。\\n我把手搭在她的背后，接受了只有在这里才能玩的邀请。"
    },
    {
        "name": "モントブレチア",
        "message": "「团长君，已经等不及了吧\\n我马上就让你进来，你就耐心等着吧」"
    },
    {
        "message": "蒙特布雷奇亚跨坐在我身上，将勃起的阴茎对准阴道口。"
    },
    {
        "name": "モントブレチア",
        "message": "「要来了……嗯啊啊！」"
    },
    {
        "message": "阴茎顺利地插入湿润的阴道内。\\n比想象中更加狭窄，肿胀的龟头和阴茎在肉壁上摩擦。"
    },
    {
        "name": "モントブレチア",
        "message": "「嗯嗯……确定已经插到底了吗……\\n虽然很大，但应该没有问题的……」"
    },
    {
        "message": "顺利地插入到最深处。\\n阴茎和阴道紧密地贴合在一起。"
    },
    {
        "message": "但更让我在意的是她的表情。\\n虽然优雅的微笑没有消失，但完全感受不到她的从容。"
    },
    {
        "name": "モントブレチア",
        "message": "「哈哈……看你这样子，好像被发现了呢」"
    },
    {
        "name": "モントブレチア",
        "message": "「对不起……明明那样引诱你，我却没有经验\\n但是，没有疼痛\\n只是第一次，有点吓到了而已」"
    },
    {
        "message": "既然如此，我想让你主导"
    },
    {
        "name": "モントブレチア",
        "message": "「谢谢……但是，我要拒绝\\n像我这样的女孩，知道男孩子期望什么」"
    },
    {
        "name": "モントブレチア",
        "message": "「而且呢，我并没有考虑让你主导\\n只要最后能开心结束就好了……对吧？」"
    },
    {
        "message": "她微笑着开始抽送。"
    },
    {
        "name": "モントブレチア",
        "message": "「嗯……啊……需要动得相当厉害呢……\\n是因为团长君很大吗……嗯呼、呼、嗯嗯……」"
    },
    {
        "message": "虽然动作有些生硬，但紧紧的夹击已经足够刺激。\\n湿滑的阴道壁紧紧地摩擦着龟头的腰部。"
    },
    {
        "name": "モントブレチア",
        "message": "「哈啊、嗯嗯、呼呼、啊啊……感觉很舒服？\\n如果做得不好，请告诉我……嗯咕、嗯嗯」"
    },
    {
        "name": "モントブレチア",
        "message": "「事后……哈啊、呼呼、实际上我在演戏……之类的……\\n最讨厌的事情……嗯呼、呼、啊啊、啊呢」"
    },
    {
        "message": "我告诉她，不用担心，她拼命地摇动着臀部。\n我不会对她做出那种残酷的事情。"
    },
    {
        "message": "更何况，蒙特布雷夏是一个珍视回忆的女性。\n我希望这个行为也成为她想要珍惜的记忆。"
    },
    {
        "name": "モントブレチア",
        "message": "「呵呵……团长，你真温柔……嗯啊，啊啊\n明明是这么麻烦的年长者……」"
    },
    {
        "name": "モントブレチア",
        "message": "「对不起，说这种话最麻烦了呢……\n明明是第一次做爱，却说了这么没品味的话……」"
    },
    {
        "message": "拥抱变得用力了。\n美丽的容颜靠得很近，唇唇相触。"
    },
    {
        "name": "モントブレチア",
        "message": "「啾……嗯啾……啾嘟……嗯啾」"
    },
    {
        "message": "湿润的双唇重重相吻，触碰到优美的曲线。\n"
    },
    {
        "name": "モントブレチア",
        "message": "「终于摸到了……不要客气……嗯呐，啾嘟」"
    },
    {
        "message": "鼻息变得粗重，贴在脸上。\n抽送渐渐加快，交合的热度不断升高。"
    },
    {
        "name": "モントブレチア",
        "message": "「啊，嗯……啾嘟，啾嘟……嗯呼，呼呼……啾嘟，啾嘟……」"
    },
    {
        "message": "珠子的皮肤上浮现出汗水，灯光在其上反射出淫靡的光芒。脸颊变得更加红润，眼睛湿润得仿佛要溶化了一般。"
    },
    {
        "name": "モントブレチア",
        "message": "「是因为亲吻太多了吗……还是因为感觉很舒服呢……哈，哈」"
    },
    {
        "name": "モントブレチア",
        "message": "「虽然理由无关紧要……嗯呜，嗯呜……啊，啊呃……团长君的事情……真的、非常地珍贵……」"
    },
    {
        "name": "モントブレチア",
        "message": "「喜欢你……团长君」"
    },
    {
        "message": "就像告白一样，阴道肉壁开始颤动起来。与其优雅的外表形成鲜明对比的下流腰部摆动，猛烈地刺激着阴茎。不仅如此，甜美的呼吸和被压迫的乳房也让心情变得沸腾起来。"
    },
    {
        "message": "然而，就在这股热情被冷却之际，从更衣室传来了声音。肯定是有人来了。我劝蒙特布雷查停下来，不要再继续了。"
    },
    {
        "name": "モントブレチア",
        "message": "「不行……我停不下来……啊，嗯呜呜」"
    },
    {
        "message": "然而，如果继续下去，我们会被人看到正在做这件事。"
    },
    {
        "name": "モントブレチア",
        "message": "「没关系，看起来只是在找东西而已……嗯，呼……只要控制住声音，就不会被发现……」"
    },
    {
        "message": "你能保证能控制住声音吗？"
    },
    {
        "name": "モントブレチア",
        "message": "「但是……如果现在停下来，就太可惜了……心情和身体都变得如此舒畅……啊啊，嗯啊……」"
    },
    {
        "name": "モントブレチア",
        "message": "「还是说，团长想要把我的第一次弄得不完整吗？你曾经说过不会做那种事的吧……？」"
    },
    {
        "name": "モントブレチア",
        "message": "「别担心……我也不会让自己的第一次变得肮脏……所以，请相信我……我想和团长一直到最后都彼此相爱」"
    },
    {
        "message": "她的愿望让我无法拒绝。不仅如此，连射精的欲望也被刺激了起来。"
    },
    {
        "message": "明知道是不对的，但还是想继续和她发生关系。即使想停下来，声音也发不出来，身体也不肯动。"
    },
    {
        "name": "モントブレチア",
        "message": "「呵呵呵，团长在里面乱动了起来……嗯，嗯嗯，你想射在我里面吗……哈，啊啊」"
    },
    {
        "name": "モントブレチア",
        "message": "「那么，顺便再满足一个小小的任性吧？」"
    },
    {
        "message": "嘴唇触碰着耳朵，一边吮吸一边低声细语。"
    },
    {
        "name": "モントブレチア",
        "message": "「在最深处射进来…把精液，注满我…」"
    },
    {
        "name": "モントブレチア",
        "message": "「射进我的…小穴里」"
    },
    {
        "message": "腰部抬起。下腹部紧绷，痉挛的快感扭曲了表情，就在射精前的高潮中。"
    },
    {
        "name": "モントブレチア",
        "message": "「就这样射进来…不要忍住…现在，如果能在里面射进来…我就能达到巅峰…」"
    },
    {
        "message": "她的所有愿望都促使我射精。与火热的身体紧密贴合，沉浸在快乐的深渊中。"
    },
    {
        "name": "モントブレチア",
        "message": "「射出来，过来…嗯，啊啊…给我更多精液…」"
    },
    {
        "message": "从更衣室还能听到声音。但是，那样的事情已经无所谓了。因为只剩下射精而已。"
    },
    {
        "name": "モントブレチア",
        "message": "「啊啊，嗯啊，抖动得更大了…啊啊，嗯嗯，已经超过忍耐的极限了…」"
    },
    {
        "name": "モントブレチア",
        "message": "「即使能忍耐下来也很了不起……\\n现在，我希望你能坦率地射出来……所以，请放松身体……」"
    },
    {
        "name": "モントブレチア",
        "message": "「把热热的东西注入到我的小穴里……我的，心爱的人♪」"
    },
    {
        "name": "モントブレチア",
        "message": "「啊啊……好厉害，来了……啊，不行……要射了……嗯嗯嗯！」"
    },
    {
        "message": "在被称为心爱的人的瞬间，被堵住的精液一下子冲上尿道。咬紧牙关，忍住不让声音泄露出来，承受着射精的反作用力。"
    },
    {
        "message": "此时，阴道壁痉挛地收缩着，进一步加强了刺激。对于已经达到高潮的她，我只能单方面地依附着。"
    },
    {
        "name": "モントブレチア",
        "message": "「你这样紧紧地抱着我，我会被你弄坏的……真是的……\\n我也只能回以紧紧的拥抱了吧……」"
    },
    {
        "message": "紧紧地拥抱着彼此，享受着高潮的快感。在流逝的时间中，只是彼此相拥。这就足够了。"
    },
    {
        "message": "随着高潮的余韵消退，蒙特布雷查像往常一样微笑着。"
    },
    {
        "name": "モントブレチア",
        "message": "「呵呵呵……太棒了，感觉真好……非常非常地好……」"
    },
    {
        "message": "冷静地思考的时候也有让人心惊胆战的瞬间，\\n但这些也会成为回忆吗？"
    },
    {
        "name": "モントブレチア",
        "message": "「我可不是那种变态哦？\\n而且，也没被发现，所以没关系啦\\n在我们拥抱的时候，好像已经射出去了」"
    },
    {
        "name": "モントブレチア",
        "message": "「但是，是呢……\\n比在普通的床上做更成为难以忘怀的初体验了」"
    },
    {
        "message": "被这样说了就没什么好说的了。\\n就像她经常说的那样，只要开心就好了。"
    }
]