[
    {
        "name": "ナツメ",
        "message": "「团长，这次任务表现得很出色……所以你不用说我也知道该做什么吧？」"
    },
    {
        "message": "只是努力完成花骑士的工作，就能得到你的支持。纳兹梅一直都是这样保持动力的。"
    },
    {
        "message": "理解她想要表达的意思，无论她有什么任性都愿意听。"
    },
    {
        "name": "ナツメ",
        "message": "「因为今天比平时更加努力，所以要一直被团长宠着……中途不能说停哦！」"
    },
    {
        "name": "ナツメ",
        "message": "「团长要把纳兹梅变成大人的女孩子……！只能看着纳兹梅一个人哦，不可以看其他人」"
    },
    {
        "message": "纳兹梅的任性本来不是那么容易接受和满足的行为。但是面对她用纯真的眼神向我求索，我无法拒绝。"
    },
    {
        "message": "这就是我对纳兹梅这个花骑士也同样珍视的表现。我决定自觉地接受她的任性。"
    },
    {
        "name": "ナツメ",
        "message": "「啊……团长的大家伙，顶进来了……嗯嗯……」"
    },
    {
        "message": "我们互相拥抱着，慢慢地将阴茎插入纳兹梅的紧窄腔道中。感受着纳兹梅狭窄的阴道被撑开，紧绷的粘膜带来的阻力。"
    },
    {
        "name": "ナツメ",
        "message": "「嗯嗯……肚子里面好宽……这根阴茎对纳兹梅来说太大了……咕噜噜……嗯嗯……小阴道变得好紧好紧」"
    },
    {
        "message": "纳兹梅以痛苦的声音对勃起的插入做出反应。这根肥大的肉棒与她狭窄的阴道格格不入，当然会很痛苦。"
    },
    {
        "message": "虽然我试图建议改日再来，但纳兹梅没有听进去。"
    },
    {
        "name": "ナツメ",
        "message": "「纳兹梅想要立刻被团长插进来……成为一个大人的女孩子……想要能说出以前无法说出口的任性」"
    },
    {
        "name": "ナツメ",
        "message": "「所以……把阴茎全部放进来吧……无论多么任性都会听从……你答应过我，对吧？」"
    },
    {
        "message": "即使我安抚她，纳兹梅的心意也不会动摇。既然她做出了决定，我只能回应她。"
    },
    {
        "message": "撕破封闭的膜，与纳兹梅深深地连接在一起。为了实现这一点，我用力抽送着腰部，突破了阴茎顶端所感受到的强烈阻力。"
    },
    {
        "name": "ナツメ",
        "message": "「咕噜……嗯嗯，呀呜呜……！！深处……撞到硬硬的东西了……」"
    },
    {
        "name": "ナツメ",
        "message": "「肚子里面……被团长的形状填满了……」"
    },
    {
        "message": "纳兹梅用纤细的双臂紧紧抓住，接受了阴茎的插入。\\n她全身颤抖着承受着失去初次的痛楚，感受着埋入阴道内的肉棒触感。"
    },
    {
        "name": "ナツメ",
        "message": "「纳兹梅，阴茎……都插进来了……？\\n刚开始的时候好痛，但是……我忍住了……」"
    },
    {
        "message": "纳兹梅忍受着疼痛，承受着初次插入的挑战。我不断称赞她的努力，温柔地拥抱着她的身体。"
    },
    {
        "message": "渐渐地，身体的颤动平息下来，变得安静下来。这时纳兹梅用撒娇的声音在我耳边低语。"
    },
    {
        "name": "ナツメ",
        "message": "「嘿……因为纳兹梅努力了很多……\\n之后可以多撒娇一点吗……？」"
    },
    {
        "name": "ナツメ",
        "message": "「一开始就请团长宠爱纳兹梅……\\n纳兹梅说的话……请一定要实现……」"
    },
    {
        "message": "当然了。既然我们与纳兹梅的关系更加深厚，我会一直陪伴她满足她的任性。"
    },
    {
        "message": "为了缓解破处的痛楚，我小心地摇动腰部，用摩擦刺激着纳兹梅紧绷的阴道粘膜。"
    },
    {
        "name": "ナツメ",
        "message": "「呼啊……啊啊……纳兹梅里面有个大家伙在动……\\n好多地方都在磨擦……啊呜……嗯呜……」"
    },
    {
        "name": "ナツメ",
        "message": "「有点刺痛……但是……啊……嗯啊啊……\n团长，你对我真的很温柔……我知道的……」"
    },
    {
        "message": "我温柔地拥抱着纳兹梅，轻柔地进行摩擦运动。\n原本就很狭窄，而且之前也没有插入的经验的阴道。\n但每当肉棒在里面往复时，粘膜都会紧紧缠绕在一起，充满了爱意。"
    },
    {
        "message": "虽然有些紧绷，但仍然能感受到足够的刺激从连接处传来。"
    },
    {
        "name": "ナツメ",
        "message": "「啊呜……嗯呜呜……紧紧地抱着我好喜欢……\n再多一点……一边紧紧抱着我，一边用阴茎来回摩擦……？」"
    },
    {
        "name": "ナツメ",
        "message": "「那样的话……疼痛很快就会消失了吧……\n用全身感受团长的一切……\n会变得温暖的感觉……呀呜呜……」"
    },
    {
        "message": "纳兹梅用力地抱紧我的双臂，我们之间的亲密感增加了。\n按照她的要求，我们紧紧拥抱在一起，继续给她带来快感。"
    },
    {
        "name": "ナツメ",
        "message": "「嗯呜呜……啊啊……感觉下体有点刺痛……啊啊啊……\n身体感觉很奇怪……啊呜……哈啊啊……」"
    },
    {
        "message": "阴道逐渐放松。\n收紧的程度比之前减轻了，甜蜜地吸附着勃起的阴茎。\n随着摩擦刺激的加强，腰部自然而然地加快了节奏。"
    },
    {
        "name": "ナツメ",
        "message": "「哈啊啊……嗯呜呜……阴茎动得更快了吧……？\n纳兹梅的下体，喜欢上你了吧……」"
    },
    {
        "name": "ナツメ",
        "message": "「团长，我想要你的阴茎，用力地摩擦着……\n下体感到刺痛……但是很舒服……呀呜呜……\n想要更多地互相摩擦……」"
    },
    {
        "message": "纳兹梅因为加快的摩擦运动而喘息着。\n疼痛似乎有所缓解，她表达出更想要彼此兴奋的愿望。\n她的努力和可爱的请求让我感受到更多的爱和兴奋。"
    },
    {
        "name": "ナツメ",
        "message": "「啊啊……！阴茎变得更加剧烈了……呀呜呜！\n在里面被搅动着……啊呜……嗯啊啊……！」"
    },
    {
        "name": "ナツメ",
        "message": "「下体非常热……变得湿湿的了哦……\n一直紧紧抓住团长不放，一直收缩着……太紧了……！」"
    },
    {
        "name": "ナツメ",
        "message": "「呀呜……啊啊……嗯嗯……！\n纳兹梅想要更多地依赖团长……呜呜！\n更加更加地……依赖下去……！」"
    },
    {
        "message": "纳兹梅紧紧地抱住我，双腿缠绕在我的腰间。\n她一边热情地依赖着我，一边变得混乱不堪，让我的射精欲望急剧上升。"
    },
    {
        "name": "ナツメ",
        "message": "「啊啊……！阴茎在颤动着……！\n难道团长，已经无法忍受这种快感了吗……？」"
    },
    {
        "message": "纳兹梅察觉到我已经接近极限。\n一旦意识到我可能会先达到高潮，她开始摇晃身体，像个任性的孩子一样。"
    },
    {
        "name": "ナツメ",
        "message": "「啊啊……嗯呜……呀呜……嗯嗯嗯……！\n一起坚持到无法再忍耐的地步……努力坚持下去……！」"
    },
    {
        "name": "ナツメ",
        "message": "「最后一直宠爱夏芽嘛……嗯嗯，嗯哈啊啊！\n在那之前，不会放开团长的……！」"
    },
    {
        "message": "身体的摇晃使摩擦的快感更加增强。\n在紧绷到极限的阴茎上反复进行摩擦运动，\n拼命地爱着夏芽。"
    },
    {
        "name": "ナツメ",
        "message": "「唔呜呜呜……！ 团长好厉害地……啊啊！\n一直敲打到肚子里面……！」"
    },
    {
        "name": "ナツメ",
        "message": "「这个……好厉害……太刺激了……呼呜，哈啊啊！\n夏芽的身体好像要漂浮起来了……！」"
    },
    {
        "name": "ナツメ",
        "message": "「私处在颤抖……咿呜，哈啊啊，啊啊啊！\n团长，再紧一点……别让夏芽跑掉……紧紧地抱住……！\n唔呜……嗯呜，哈呜呜……咿啊啊啊啊啊啊！！」"
    },
    {
        "name": "ナツメ",
        "message": "「呼啊啊啊啊……身体好像要爆炸了……嗯呜呜……\n脑海里全是团长的身影……」"
    },
    {
        "message": "紧紧地拥抱着彼此，释放出颤抖的阴茎中的精液。\n夏芽全身绷紧，颤抖着接受喷涌而出的生殖液。"
    },
    {
        "name": "ナツメ",
        "message": "「嗯呜呜……从阴茎里，喷喷地……热乎乎的东西出来了……\n夏芽里面变得好暖和哦……」"
    },
    {
        "message": "感受到填满狭窄阴道的热量团块，夏芽发出愉悦的声音。\n随后，粘膜几次贪婪地蠕动，吸收着阴茎中的精液。"
    },
    {
        "name": "ナツメ",
        "message": "「成年女孩子……居然能得到这么温暖的东西……下次如果我再努力工作的话……请再让夏芽撒娇一次吧……」"
    },
    {
        "message": "被对方渴望着想要再次相爱，真是令人开心。\n我们约定了下次也要满足夏芽的任性要求。"
    }
]