[
    {
        "name": "ルドベキア",
        "message": "「这么多事情都为我做，除了阿姬姐姐以外，团长是第一个！」"
    },
    {
        "name": "ルドベキア",
        "message": "「给了我很多快乐和幸福！虽然和阿姬姐姐给的有点不一样，但还是同样开心！」"
    },
    {
        "message": "鲁德贝基亚紧紧地抱住了我。看着她仰视着我的表情，我不由自主地抚摸了她的头。"
    },
    {
        "name": "ルドベキア",
        "message": "「嘿嘿嘿～♪ 谢谢，团长！」"
    },
    {
        "message": "看着她微笑的样子，尾巴几乎要断掉了。被称为像狗一样也可以理解。"
    },
    {
        "name": "ルドベキア",
        "message": "「嘿嘿，又收到了开心的东西！这个就一定要回礼呢！阿姬姐姐肯定会这么做的！」"
    },
    {
        "message": "她用力攥住了我的手臂。感受到她小巧的乳房贴在我身上，我有点心跳加速。"
    },
    {
        "name": "ルドベキア",
        "message": "「不用客气！嘿嘿，你想要什么？告诉我吧～？」"
    },
    {
        "message": "龟头轻轻触碰到她紧闭的秘裂。瞬间，她抬起头的表情稍微一跳。"
    },
    {
        "name": "ルドベキア",
        "message": "「嗯呜，没关系……随你喜欢？」"
    },
    {
        "message": "对着她不安的表情点了点头，将抓住的腰拉向自己。"
    },
    {
        "name": "ルドベキア",
        "message": "「嗯嗯，嗯呜呜呜～！\n呼呼，呼呼，嗯，嗯啊啊啊啊……！」"
    },
    {
        "message": "尽可能温柔地将鲁德贝基亚沉入肉棒中。"
    },
    {
        "message": "感受到突破某种界限的触感。\n不急不躁地花时间，将自己深入到阴道深处。"
    },
    {
        "name": "ルドベキア",
        "message": "「哈，哈，哈，哈……\n好了，好了……团长的全部都进去了吧……？」"
    },
    {
        "message": "她带着承受的痉挛和深红色的湿润，\n没有任何抵抗地接受着。"
    },
    {
        "name": "ルドベキア",
        "message": "「这样，就可以给你了……？\n我，团长想要的东西……都给到了吗？」"
    },
    {
        "message": "湿润的眼眸直直地注视着我。\n我用手抚摸她的大腿，她大幅度地点头示意。"
    },
    {
        "name": "ルドベキア",
        "message": "「嗯，原来如此……嘿嘿，嘿嘿嘿……开心啊\\n我，能够好好地回报你……\\n……咦？明明是回报你的，为什么我又被你幸福了呢？」"
    },
    {
        "name": "ルドベキア",
        "message": "「果然团长是能让我开心的人呢\\n越来越想要回报你了」"
    },
    {
        "message": "承受着微弱的钝痛，鲁德贝基亚微笑着\\n她展现出一种让人安心的优雅贵族笑容。"
    },
    {
        "message": "明朗活泼的少女所展现出的温柔，\\n强烈地吸引着我的情感和欲望。"
    },
    {
        "name": "ルドベキア",
        "message": "「嗯嗯嗯！团长，现在在我的里面跳动着……\\n嗯，你想要什么呢……？\\n告诉我，团长……我也想给你那个？」"
    },
    {
        "message": "对于问题，她用爱抚作出回应。\\n用指尖轻轻划过自己展开的轮廓，温柔地抚摸着。"
    },
    {
        "name": "ルドベキア",
        "message": "「啊，啊呜呜，这里……？\\n在下面，来回摩擦着\\n这里……？你想要我的下面吗？」"
    },
    {
        "message": "对于那双眼睛中透露出的刺激，我以微笑和话语回应。"
    },
    {
        "name": "ルドベキア",
        "message": "「哈啊，哈啊，哈啊，我只希望能感受到快感……\\n插进团长的肚子里，在下面，嗯嗯，被弄弄……\\n就是这样……呼啊，啊啊」"
    },
    {
        "message": "盯着连接部分，鲁德贝基亚喃喃自语。\n仿佛要确认自己正在经历的事情一样，\n视线没有离开，逐渐变得光彩夺目。"
    },
    {
        "name": "ルドベキア",
        "message": "「哈啊，哈啊，好，好……\n给你，团长，给你」"
    },
    {
        "name": "ルドベキア",
        "message": "「被团长这样对待，感觉好舒服的我，\n哈啊，啊啊啊，嗯呜呜呜，给团长，给你」"
    },
    {
        "name": "ルドベキア",
        "message": "「哈啊，哈啊，所以，团长……\n更多地……？我想要感觉舒服呀\n更多地，在下面，嗯呜呜呜呜……摩擦吧？」"
    },
    {
        "message": "渗出的声音之蜜注入爱抚中。"
    },
    {
        "name": "ルドベキア",
        "message": "「嗯呜呜呜……那里，嗯呜呜呜，手指在那里\n被动地动着……在我里面，嗯呜，和团长一起，手指进来……\n哈啊，哈啊，这样，舒服吗……？」"
    },
    {
        "message": "鲁德贝基亚对于第一次的触感感到困惑。\n她请求让我继续下去，小心翼翼地将手指伸向露出的阴核。"
    },
    {
        "name": "ルドベキア",
        "message": "「嗯呜呜呜呜……！？\n团，团长啊，那里，哈啊，嗯呜呜，啊啊啊啊，那里，哈啊，嗯嗯嗯嗯！\n哈啊，变得奇怪了，变大了！」"
    },
    {
        "name": "ルドベキア",
        "message": "「那个，哈啊，不行，不行的哦……！\n肚子里面，酸酸的……呼呼，哈啊\n好像在漏出来……哎呀呀，好像尿失禁了哦！」"
    },
    {
        "message": "摘下、抚摸、擦拭时，鲁德贝基亲肤感热烈。\\n她自己也能感觉到，爱液溢出不止。"
    },
    {
        "name": "ルドベキア",
        "message": "「团长，团长……我，怎么样？\\n有没有给团长想要的东西……？\\n我，呼呼……做得好吗？」"
    },
    {
        "message": "抱着变成蜜壶的阴道，用颤抖的声音问道。\\n一瞬间为回答而苦恼，\\n最终选择了最容易理解的方式。"
    },
    {
        "name": "ルドベキア",
        "message": "「呼、嗯啊啊啊啊！？」"
    },
    {
        "message": "将盛开的花瓣送入真正的抽送中。"
    },
    {
        "name": "ルドベキア",
        "message": "「团、团长在、嗯嗯，动着、了！\\n哈啊、啊啊啊啊、肚子被搅动着、呼啊啊、啊啊啊！」"
    },
    {
        "name": "ルドベキア",
        "message": "「呼、呼啊、呼啊、啊啊啊！\\n好、好厉害……团长的粗大的……！\\n我里面，嗯嗯，已经充满了！」"
    },
    {
        "message": "声音和表情中已经没有痛苦。\\n两人的腰相互碰撞发出干燥的声音，鲁德贝基发出女性的声音。"
    },
    {
        "name": "ルドベキア",
        "message": "「呼、呼啊，团长，看看！\\n我，我，哈啊啊，感觉很舒服，嗯啊，变得了！」"
    },
    {
        "name": "ルドベキア",
        "message": "「哈，这样的事情，第一次……！\n哈啊，团长，第一次……！\n啊啊啊，嗯嗯嗯！哈啊，团长给我带来的快感，我好喜欢！」"
    },
    {
        "message": "一直都是积极正能量的少女。\n这样被评价的少女，展现出了甜蜜而混乱的样子。\n要说不兴奋是不可能的。"
    },
    {
        "name": "ルドベキア",
        "message": "「嗯嗯嗯嗯嗯，团长的，抖动、跳动……嗯啊啊！\n我知道了，你很高兴对吧！\n呼、嗯嗯啊啊！呼呀呀呀呀啊啊啊！」"
    },
    {
        "message": "随着愈发激动和射精欲望的上升，在大腿上施加更多力量。\n将插入的东西送入更深处。"
    },
    {
        "name": "ルドベキア",
        "message": "「哈，好舒服、好舒服！\n呼呼、呼呼、哈啊、哈啊，但是、但是……！」"
    },
    {
        "name": "ルドベキア",
        "message": "「只有我一个人是不行的，不行啊！\n我也要好好回报你，哈啊、啊啊啊啊！」"
    },
    {
        "message": "在这时，鲁德贝基开始主动动起身体。"
    },
    {
        "name": "ルドベキア",
        "message": "「呼、呼、呼啊，接受我的回报吧！\n因为我感到舒服了，团长也给我带来了快感！\n我、我、嗯嗯嗯嗯嗯，啊啊啊啊啊！」"
    },
    {
        "name": "ルドベキア",
        "message": "「啊啊，哈呀，回、回报给你！全部都给你！\n我的身体和心灵，嗯嗯嗯，团长想要的东西，全部都给你！」"
    },
    {
        "message": "彼此的动作迅速提升了快感。\n通过连接部分互相交流着快感，充斥其中的东西似乎要爆发出来。"
    },
    {
        "name": "ルドベキア",
        "message": "「啊、稍、团长！\n哈啊，啊啊啊，哈、奇怪的东西，来了！\n好舒服的感觉，积攒着、积攒着，哈啊，嗯嗯嗯！\n哈、啊啊、这个也要给你看看……嗯嗯！」"
    },
    {
        "name": "ルドベキア",
        "message": "「团长，啊啊，看看吧！\n我，在这个地方变得舒服了，变得好舒服！」"
    },
    {
        "name": "ルドベキア",
        "message": "「团长，看看看看看看看吧！」"
    },
    {
        "message": "正在注视着。\n伴随着粗重的呼吸明确回答，并强烈地顶向阴道深处。"
    },
    {
        "name": "ルドベキア",
        "message": "「哈、呼、啊啊啊啊啊啊啊啊！？」"
    },
    {
        "name": "ルドベキア",
        "message": "「啊、啊、啊、啊啊啊……\n哈、热热的……团长的，噗噗地，好热呀……」"
    },
    {
        "message": "感受到达到顶点的她，进行射精。"
    },
    {
        "message": "迎接着喷射而出的浑浊液体，鲁德贝基的下腹部开始痉挛。\n她自己的眼瞳中也清晰地映照出这一景象。"
    },
    {
        "name": "ルドベキア",
        "message": "「啊、哈、团长，谢谢你\n让我感到舒服，真开心\n嘿嘿，我的肚子和更深处都在享受着」"
    },
    {
        "name": "ルドベキア",
        "message": "「唔，但是……溢出来了\n对不起，团长」"
    },
    {
        "message": "不用在意，轻抚着大腿回应。\n她为了回报我而拼命努力。\n没有任何抱怨的余地。"
    },
    {
        "name": "ルドベキア",
        "message": "「是吗……我确实回报了你\n让你看到我感到舒服的样子\n对团长也能感到很舒服♪」"
    },
    {
        "message": "在抚摸大腿的时候，鲁德贝基露出了迷人的笑容。\n那个表情传达给我，她是多么幸福。"
    },
    {
        "name": "ルドベキア",
        "message": "「而且，又被你幸福了♪\n和亚姬姐给的幸福完全不同……嘿嘿，好开心\n以后也要，给我好多好多♪」"
    }
]