[
    {
        "message": "醒来时，我感到了一种与以前相似的不适感。\n果然，诺拉娜在那里，但情况完全不同。"
    },
    {
        "name": "ノラナ",
        "message": "「团长大人……这个……嗯……\n我只是普通地来找团长大人帮忙……\n但是，一看到您的脸就陷入了恐慌……」"
    },
    {
        "message": "即使是这样，用绳子捆绑手腕还是令人惊讶。\n或许只是我错觉加重了原本已经有些自闭的孤僻感。"
    },
    {
        "name": "ノラナ",
        "message": "「那、那个，我会努力的……\n团长大人请您继续睡觉吧……！」"
    },
    {
        "message": "我急忙下达指示，希望她停下来。\n然而诺拉娜却拼命地向我求助。"
    },
    {
        "name": "ノラナ",
        "message": "「因为我把自己捆起来了……已经没有其他办法了……\n没关系的……已经做过爱抚了！」"
    },
    {
        "name": "ノラナ",
        "message": "「非常湿润……团长大人一定会满意的\n男人应该喜欢的……湿润的女性内部……！」"
    },
    {
        "message": "她这样说着，握住了那勃起的阴茎。\n背对着我，展示出健康美丽的臀部。"
    },
    {
        "name": "ノラナ",
        "message": "「真的没问题的……\n我也学习过……\n因为经常一个人，所以有很多时间……」"
    },
    {
        "message": "龟头对准了裂缝。\n诺拉娜毫不犹豫地坐下来。"
    },
    {
        "name": "ノラナ",
        "message": "「嗯嗯嗯！嗯！团长大人的……嗯嗯！」"
    },
    {
        "message": "无视制止的声音，诺拉娜已经完成插入。"
    },
    {
        "name": "ノラナ",
        "message": "「哈，哈……又粗又硬……\n啊啊，只是插进来就感觉好舒服……」"
    },
    {
        "message": "诺拉娜发出陶醉的声音。\n确实已经完成了爱抚，阴茎整个被湿滑包裹着。"
    },
    {
        "message": "没有像第一次那样紧张。\n有一种能够感受到快感的预感。\n正因如此，开始的方式让人感到遗憾。"
    },
    {
        "name": "ノラナ",
        "message": "「果然，不行吗？\n我擅自插入了……要受惩罚吗？」"
    },
    {
        "message": "并不是想要惩罚你。\n只是说你趁我睡觉的时候做了不好的事情。"
    },
    {
        "message": "因为你在沟通方面有困难，所以更加重要。\n希望你能够正常地向我提出请求。"
    },
    {
        "name": "ノラナ",
        "message": "「对不起……但是，我只是想要正常一点……\\n只是做不到而已……」"
    },
    {
        "name": "ノラナ",
        "message": "「所以，请惩罚我射精吧……！\\n请毫无保留地满足我这个不听话的人……！」"
    },
    {
        "message": "为什么会变成这样呢。\\n明确地告诉你，我并不需要那样的惩罚。"
    },
    {
        "name": "ノラナ",
        "message": "「我明白了……\\n那么，就由我来服务吧！\\n给你口交服务！请接受吧！」"
    },
    {
        "message": "诺拉娜开始抽送。\\n她没有听到对方说的话。"
    },
    {
        "name": "ノラナ",
        "message": "「呼啊，啊，咕，嗯咕……！\\n我会努力的……为了让团长射精……！」"
    },
    {
        "name": "ノラナ",
        "message": "「会让你感到很舒服的……！\\n啊，啊，啊酷，嗯，嗯呃，啊，啊嗯，嗯咕啊！」"
    },
    {
        "message": "诺拉娜发出妖艳而大声的喘息声。\\n抽送动作也很激烈，水声已经哗哗作响。"
    },
    {
        "name": "ノラナ",
        "message": "「嗯咕，哈，韩，哈福……团长用龟头擦着……\\n多多擦着……引导到最深处……嗯，嗯咕，福古！」"
    },
    {
        "name": "ノラナ",
        "message": "「啊啊啊啊！嗯，嗯唔，啊啊啊！\\n我也感觉好舒服……啊咕，嗯啊，哈啊，嗯嗯嗯！」"
    },
    {
        "message": "全身颤抖着。完全超载了。\\n用言语告诉他可以停下来。"
    },
    {
        "name": "ノラナ",
        "message": "「没关系，团长……我才不会在这种程度上……嗯咕，哈啊，韩唔，啊啊，嗯唔，唔唔，唔唔唔！？！？」"
    },
    {
        "message": "在剧烈颤抖之后，抽送停了下来。\\n秘肉收缩着，试图挤出尚未射出的精液。"
    },
    {
        "message": "刚说完就好像迎来了高潮一样。"
    },
    {
        "name": "ノラナ",
        "message": "「哈哈，哈哈，哈哈……我、我已经……射了出来……\\n对不起……好像连阴道都不行了呢……」"
    },
    {
        "message": "诺拉娜用肩膀喘息着，仰望着天花板。\\n背部和屁股上浮现出汗水，雌性的香气弥漫开来。"
    },
    {
        "message": "看起来非常诱人，但情况不容许停下来。\\n我以尽可能柔和的声音告诉他可以结束了。"
    },
    {
        "name": "ノラナ",
        "message": "「不行……团长还没有射精呢……」"
    },
    {
        "message": "诺拉娜摇摇晃晃地调整姿势。"
    },
    {
        "name": "ノラナ",
        "message": "「动起来了呢……团长大人……请享受吧……！」"
    },
    {
        "message": "抽送重新开始了。\n强度并没有太大变化。\n但是，由于身体支撑不稳，腰部下沉的瞬间力量增加了。"
    },
    {
        "message": "就像用屁股拍打下腹部一样。\n阴茎与子宫口的接触因此变得更加激烈。"
    },
    {
        "name": "ノラナ",
        "message": "「嗯呣，啊啊！不行，这样又要高潮了……！\n不行，不行……浑身颤抖，要来了……！」"
    },
    {
        "name": "ノラナ",
        "message": "「要来了……啊啊，要来了，要来了！\n要高潮了呜呜呜呜呜呜呜！」"
    },
    {
        "message": "颤抖着的诺拉娜，却没有停止抽送，继续给予快感。"
    },
    {
        "name": "ノラナ",
        "message": "「嗯呣，嗯呣，呼呼，啊啊啊，嗯咕，嗯嗯唔！\n团长大人……请感受到快感……」"
    },
    {
        "name": "ノラナ",
        "message": "「把我当作只是为了注入精液的……\n普通的容器就好……嗯呣，啊啊，呼呼，咕啊啊！」"
    },
    {
        "message": "那样的话就只是个物品了，太过分了。\\n诺拉娜是花骑士，也是一个女孩子。"
    },
    {
        "message": "绝对不会认为她只是为了注入精液的容器。\\n她是我想要心灵相通的伴侣。"
    },
    {
        "name": "ノラナ",
        "message": "「是的，呢……只是为了精液而存在的，普通的肉壶呢……\\n只是为了阳具而存在的，无足轻重的工具呢……嗯咕，啊啊，嘶啊啊！」"
    },
    {
        "message": "再次否定了这种说法。\\n即使是本人提出的建议也会拒绝。"
    },
    {
        "name": "ノラナ",
        "message": "「谢谢你，非常感谢……能够充满地注入我呢……\\n因为我会努力做好肉壶的工作，所以请尽情享受吧……」"
    },
    {
        "message": "已经无法进行对话了。\\n无论提出什么问题，都只会得到请注入肉壶的回答。"
    },
    {
        "message": "如果再继续下去，就只能等待结束了。\\n但在那之前，我想尽力解决这个问题。"
    },
    {
        "name": "ノラナ",
        "message": "「啊呼，啊啊，嗯咕，嗯咕，哈啊啊，兰团长的，\\n你好像有点害怕了呢……啊呃，啊，啊呼，哈啊啊！」"
    },
    {
        "message": "正如诺拉娜所说，射精感正在增强。\\n即使在这种时候，阴道也毫不留情地收缩着。"
    },
    {
        "name": "ノラナ",
        "message": "「哈，嗯咕，啊啊啊，发出来，进来吧……\n兰团长的种子……在我体内……\n哈啊，啊呃，啊啊，啊啊！」"
    },
    {
        "name": "ノラナ",
        "message": "「满满地，满满地注入吧……填满我的肚子……\n拜托了……嗯咕，哈啊啊，嗯呃，呃呃，哈啊啊！」"
    },
    {
        "name": "ノラナ",
        "message": "「用惩罚性射精来虐待那个没有受到教育的坏坏的小穴吧……！」"
    },
    {
        "message": "瞬间感觉腰部要浮起来。\n射精感已经提升到无法抑制的程度，\n勃起更加坚硬挺立。"
    },
    {
        "name": "ノラナ",
        "message": "「嗯呼，啊啊，我又要高潮了……！\n明明还没受到惩罚，就已经高潮了……！　啊啊，不行，要高潮了、高潮了！」"
    },
    {
        "name": "ノラナ",
        "message": "「在受到惩罚之前就已经高潮了……明明不行的，\n明明还有惩罚在等着……嗯呼，啊啊，啊呃，啊呃！」"
    },
    {
        "message": "舌头完全不听使唤，抽送的力度只会变得更加剧烈。\n精液预示着即将涌出，朝着最后的瞬间前进。"
    },
    {
        "name": "ノラナ",
        "message": "「啊啊，嗯咕，哈啊啊！　要高潮了，不行！\n已经，真的，不行了……要高潮了、要高潮了……！」"
    },
    {
        "name": "ノラナ",
        "message": "「嗯呼呼，哈呼呼！　不行，啊啊，嗯呼！\n要高潮了……要高潮了、不行了、高潮了、已经、已经……！」"
    },
    {
        "name": "ノラナ",
        "message": "「啊啊啊啊啊！」"
    },
    {
        "name": "ノラナ",
        "message": "「啊、嗯咕，太紧了……啊啊啊啊啊！」"
    },
    {
        "message": "用抽搐这个词来形容已经不足以描述诺拉娜的身体，它不规律地跳动了好几次。紧紧地夹住我的肉棒，非常紧，我也忍不住将精液射了出来。"
    },
    {
        "name": "ノラナ",
        "message": "「哈、啊啊……嗯嗯，啊啊啊！抖抖地，好满足……啊啊，好舒服……」"
    },
    {
        "name": "ノラナ",
        "message": "「惩罚性的射精也很舒服……肚子里暖暖的……松软的感觉……哈、哈、哈……」"
    },
    {
        "message": "已经无法控制自己了。口水和眼泪都停不下来。"
    },
    {
        "message": "这是绝对不能让其他人看到的表情。即使是行为刚结束，这样迷乱的表情也不正常。"
    },
    {
        "name": "ノラナ",
        "message": "「兰朝大人还想要吧……？我嘴里含着你的家伙，所以我知道的哦……」"
    },
    {
        "message": "停下来吧，用命令的口气告诉她。然而，诺拉娜为了抽送而抬起了身体。"
    },
    {
        "name": "ノラナ",
        "message": "「嗯……？明明要开始了，可是……眼前一片白茫茫的……」"
    },
    {
        "message": "她的晃动方式异常不寻常。我多次呼唤她的名字，确认她是否没事。"
    },
    {
        "name": "ノラナ",
        "message": "「没、没关系的……我、我是兰朝大人的……呼呼……」"
    },
    {
        "message": "诺拉娜突然变得无力，倒了下去。无论我怎么喊她的名字，都没有回应，摇晃她的腰也没有反应。看起来她昏过去了。"
    },
    {
        "message": "一旦她醒来，似乎需要安排时间进行交流。我必须教会她正确的沟通方式。为此，首先要考虑如何解开这个束缚。"
    }
]