[
    {
        "name": "メランポジューム",
        "message": "「……嗯，嗯……大概就是这样吧……\n唉……」"
    },
    {
        "message": "花了一直到深夜，终于提交了梅兰朵追加预算的申请书。\n她看着申请书停下了手，最终叹了口气。"
    },
    {
        "message": "是文件有问题吗。\n还是说，预算案本身就是个不切实际的数额。\n如果预算不通过的话，从下个月开始只能吃周围的杂草来度日了。"
    },
    {
        "name": "メランポジューム",
        "message": "「啊啊，对不起对不起\n别摆出那种担心的表情，不是关于这个的\n有点，个人的烦恼\n但是，这个问题无论怎么纠结也找不到答案……」"
    },
    {
        "message": "如果有烦恼的话可以倾诉给她听，她促使你继续说下去。\n虽然不能解决问题，但只是和别人说说也能感到轻松。"
    },
    {
        "name": "メランポジューム",
        "message": "「没错呢……作为骑士团长，是应该这么说的呢\n这是正常的应对方式，你也明白……我是……」"
    },
    {
        "name": "メランポジューム",
        "message": "「啊，真是的！\n果然，一直闷闷不乐真的不适合我！\n……嗯，决定了」"
    },
    {
        "message": "突然间，梅兰朵脸红地拥抱着你，并给了你一个吻。\n她的举动让你瞬间脑袋一片空白。\n无法理解。"
    },
    {
        "name": "メランポジューム",
        "message": "「团长，你说要倾诉给我听吧？\n那么，我会认真陪你解决烦恼的哦？」"
    },
    {
        "message": "梅兰朵紧紧地抱住我，我无法逃脱。"
    },
    {
        "name": "メランポジューム",
        "message": "「嗯……那个，插进来……啊……！」"
    },
    {
        "message": "虽然梅兰朵主动引诱我，但在接吻之后她变得安静了。"
    },
    {
        "message": "因为知道她渴望比接吻更进一步的行为，所以我花了些时间，温柔地进行前戏。"
    },
    {
        "name": "メランポジューム",
        "message": "「进来了……进来了！」"
    },
    {
        "message": "阳具顺利地滑入已经被前戏湿润的阴道中。"
    },
    {
        "name": "メランポジューム",
        "message": "「嗯嗯！啊……！」"
    },
    {
        "message": "然而，在插入到一定程度后，到达了感觉狭窄的部位。如果继续插入下去，应该会感到疼痛。我看向梅兰朵确认。"
    },
    {
        "name": "メランポジューム",
        "message": "「没关系，稍微有点痛，我可以忍受……嗯嗯嗯！」"
    },
    {
        "message": "感受到梅兰朵的觉悟，我一口气插入，不让疼痛持续太久。"
    },
    {
        "name": "メランポジューム",
        "message": "「痛、嗯嗯……！」"
    },
    {
        "message": "梅兰朵的脸因为破处的疼痛而扭曲。尽管如此，阳具迅速地完全插入了阴道。"
    },
    {
        "name": "メランポジューム",
        "message": "「呜！啊……哈啊，哈啊……结束了吗？都进去了吗……？啊……好像进去了……」"
    },
    {
        "message": "梅兰朵感慨地低声说道。"
    },
    {
        "name": "メランポジューム",
        "message": "「当然啦……我把我的第一次给了你」"
    },
    {
        "name": "メランポジューム",
        "message": "「而且，那个……关于男女交合的具体事情，我并不太清楚，所以对这种感觉很好奇……」"
    },
    {
        "message": "在前戏时，梅兰朵完全没有展现出这样的样子，所以我感到意外。"
    },
    {
        "name": "メランポジューム",
        "message": "「那只是因为我没有观察的余裕！队长你太擅长让人感到舒服了！」"
    },
    {
        "message": "梅兰朵脸红着回答道。害羞的她让人感到新鲜和可爱。"
    },
    {
        "message": "话虽如此，这样做能稍微解决一些烦恼吗？"
    },
    {
        "name": "メランポジューム",
        "message": "「嗯，是的……也许你已经明白了，不用再解释了，那个……我喜欢团长，一直在为此烦恼。」"
    },
    {
        "name": "メランポジューム",
        "message": "「其实我本来是想隐藏起来的……喜欢你这样的心情。如果被发现了，会很麻烦的，而且就算我们在一起了，问题也很多……」"
    },
    {
        "message": "如果彼此都有好感，应该没有问题吧。"
    },
    {
        "name": "メランポジューム",
        "message": "「但是我是这个骑士团的出资者啊？你的社会地位会受到影响的……」"
    },
    {
        "message": "我忘记了这个角度。确实，会被认为是利用色目来获取金钱的团长呢。"
    },
    {
        "name": "メランポジューム",
        "message": "「是的……我不希望你被别人这样看待……」"
    },
    {
        "message": "对于那些想要揣测下流的人，就让他们说吧。"
    },
    {
        "name": "メランポジューム",
        "message": "「团长，有时候真是坚毅呢……嘻嘻\\n不过，也许这就是所谓的坚毅吧……\\n重要的是，我的感受和你的感受」"
    },
    {
        "message": "梅兰朵凝视着这边。我们的心情是一致的。"
    },
    {
        "name": "メランポジューム",
        "message": "「我喜欢你……\\n喜欢到无法自拔……」"
    },
    {
        "message": "这句话让我的心燃烧起来。"
    },
    {
        "name": "メランポジューム",
        "message": "「因为喜欢，所以想要亲吻，想要拥抱，\\n还想要更多的事情……希望你能满足我」"
    },
    {
        "message": "在她散发出诱人的气息中，我的阴茎变得坚硬起来。\\n于是，我缓缓开始抽送。"
    },
    {
        "name": "メランポジューム",
        "message": "「嗯……啊……嗯……啊……哈啊……！\\n摩擦得好多……嗯……在里面……啊！」"
    },
    {
        "message": "经过一段休息，梅兰朵似乎没有感到疼痛。\\n于是，我开始逐渐加快速度。"
    },
    {
        "name": "メランポジューム",
        "message": "「啊、嗯、啊……！快一点、再快一点……！\\n这个、这个、嗯、这个、感觉、好、嗯、啊……嗯嗯……！」"
    },
    {
        "name": "メランポジューム",
        "message": "「呼，呼，嗯，嗯，啊，乱了，呼，呼，\n嗯，有时候会感到刺激，嗯！刺激来了，啊！」"
    },
    {
        "name": "メランポジューム",
        "message": "「啊，呼，更多一点，更多一点，团长！\n嗯，呼，呼，啊！更让我感到刺激！」"
    },
    {
        "message": "湿润的阴道痉挛地收缩着，\n追求更多快感，紧紧地夹住了阴茎。\n为了满足梅兰朵的要求，进一步顶入。"
    },
    {
        "name": "メランポジューム",
        "message": "「啊，那个地方、嗯嗯！深入了、嗯！好热！\n好厉害、嗯嗯！这样的感觉、第一次！\n呼啊、呼啊、嗯嗯！腰动起来了！」"
    },
    {
        "message": "随着这边的动作，梅兰朵也前后摆动着腰部。\n结合部的摩擦更加强烈，更加密切，相互擦拭、再次贴合。\n沉浸在这种贪婪的快感之中。"
    },
    {
        "name": "メランポジューム",
        "message": "「这、好舒服……\n嗯，呼，呼，嗯！」"
    },
    {
        "message": "随着冲击变得更加剧烈，\n淫秽的水声从结合部传出，在室内回荡。"
    },
    {
        "name": "メランポジューム",
        "message": "「不、不是……这样、嗯嗯！好害羞、嗯嗯！\n第一次这么湿润、嗯！呼啊、呼啊、嗯！\n好像、嗯嗯！我非常渴望、嗯！」"
    },
    {
        "name": "メランポジューム",
        "message": "「不一样的！啊嗯！我并不是那样渴望的意思！\n我只是非常想要做爱而已、嗯！并不是那样的！」"
    },
    {
        "message": "虽然如此，阴道收缩着，\n她的腰部诱人地摇摆着。"
    },
    {
        "name": "メランポジューム",
        "message": "「因为、因为感觉很舒服，嗯！\n啊，感到颤动，自己就会动起来！嗯！\n更、更舒服一点，所以嗯！\n更多、更多！想要感觉更舒服、嗯！」"
    },
    {
        "name": "メランポジューム",
        "message": "「嘿，来吧！嗯！\n更猛烈一点！团长！」"
    },
    {
        "message": "感受到射精的冲动，\n为了将梅兰朵引向更高境界，\n进行着剧烈的冲刺。"
    },
    {
        "name": "メランポジューム",
        "message": "「呼，呼，嗯！啊！呼啊！\n要射了吗？团长，嗯！要射出来了吗？\n可以的，射出来吧，嗯！呼，呼，嗯！射得多一点！」"
    },
    {
        "name": "メランポジューム",
        "message": "「啊，这个，我要射了！呼，呼，嗯！\n颤动停不下来了，啊，不行了！要射了！\n团长！我要射了！」"
    },
    {
        "name": "メランポジューム",
        "message": "「嗯，啊！呼啊！要射了！好多！好多！\n要射出来了！我要射了！嗯！啊啊啊啊啊！」"
    },
    {
        "name": "メランポジューム",
        "message": "「呼啊啊！啊……嗯嗯……嗯！」"
    },
    {
        "message": "在梅兰朵的阴道剧烈收缩中，释放出射精的欲望。\n喷涌而出的大量精液带来无比的幸福感。"
    },
    {
        "name": "メランポジューム",
        "message": "「哈，哈啊！哈，哈……哈，哈……哈，哈，哈……\n好、好厉害……哈，哈……」"
    },
    {
        "message": "尽管已经尽情释放了精液，\n阴茎仍然在跳动着想要再次射出。"
    },
    {
        "name": "メランポジューム",
        "message": "「团长的阴茎还在颤抖着……哈，哈……\n射得好多……感觉、舒服吗？」"
    },
    {
        "message": "我向仍然喘着气的梅兰朵点了点头。"
    },
    {
        "name": "メランポジューム",
        "message": "「太好了……\n这就是与喜欢的人连接在一起的感觉吧……」"
    },
    {
        "message": "梅兰朵微笑着。"
    },
    {
        "name": "メランポジューム",
        "message": "「能得到这么多真是太开心了……」"
    },
    {
        "name": "メランポジューム",
        "message": "「啊！\n请不要误会，我不是指精液哦？」"
    },
    {
        "name": "メランポジューム",
        "message": "「那个……今天我得到了无法用金钱买到的珍贵回忆……\n能够坦诚地向你倾诉，真是太好了」"
    },
    {
        "message": "虽然不知道这一系列的行为是否可以称之为咨询，但看着满意的梅兰朵，我决定不再深究。"
    }
]