[
    {
        "message": "被堆积如山的工作所困扰着。\\n无论责怪谁，脑海中只浮现出自己的脸，真是悲哀。"
    },
    {
        "message": "总之，必须加快速度完成工作，否则会变得很麻烦。"
    },
    {
        "name": "デイゴ",
        "message": "「团长，我可以进来吗？」"
    },
    {
        "message": "听到迪戈的声音，工作的手停了下来。\\n告诉他可以进来后，门立刻打开了。"
    },
    {
        "name": "デイゴ",
        "message": "「阿基萨米约\\n戴戈工作堆积了呢」"
    },
    {
        "message": "迪戈一如既往地温和地说着。\\n然而现在没有时间陪他闲聊。简洁地告诉他有事就行了。"
    },
    {
        "name": "デイゴ",
        "message": "「我觉得是这样才来这里的哦」"
    },
    {
        "message": "被人从背后抱住，工作的手再次停下来。"
    },
    {
        "name": "デイゴ",
        "message": "「我觉得你应该暂时忘记工作\\n稍微做点其他的事情，也不会耽误太多时间的」"
    },
    {
        "message": "竟然，迪戈伸手到了下体。\\n在衣服上被刺激到的阴茎膨胀起来。\\n由于疲劳积累，无法拒绝这个诱惑。"
    },
    {
        "name": "デイゴ",
        "message": "「好了……这样张开腿就可以了吗」"
    },
    {
        "message": "迪戈一边爱抚着，一边跨了上来。\\n看来，这是迪戈的奉献。"
    },
    {
        "name": "デイゴ",
        "message": "「……嗯，进不去入口\\n嗯，大概是这里……嗯，进去了」"
    },
    {
        "message": "费力地找到死角，将龟头对准入口自己含了进去。"
    },
    {
        "name": "デイゴ",
        "message": "「嗯哈啊……果然，迪哥好大啊……嗯嗯呜，嗯嗯呜……」"
    },
    {
        "message": "阴茎被包裹住，顺利地完全插入到根部。"
    },
    {
        "name": "デイゴ",
        "message": "「我要动了哦，团长你就保持这样吧\\n一直都放松着哦」"
    },
    {
        "name": "デイゴ",
        "message": "「啊……如果有想要碰的地方，可以碰哦\\n虽然不觉得是那么愉快的身体」"
    },
    {
        "message": "她柔和地微笑着。\\n那么，我就快点触摸吧。"
    },
    {
        "message": "伸出手去抚摸她小巧的臀部，用手掌轻轻地抚摸着。"
    },
    {
        "name": "デイゴ",
        "message": "「嗯嗯……迪戈真淫荡……嗯，啊……呃，\\n但是，我今天也可以做很多事情的……」"
    },
    {
        "message": "这样说着，迪戈开始上下晃动腰部。\\n用缓慢的冲刺给予甜蜜的刺激。"
    },
    {
        "name": "デイゴ",
        "message": "「不要猛烈地晃动腰部射出来，\\n我们要慢慢享受时间……呵，嗯嗯」"
    },
    {
        "name": "デイゴ",
        "message": "「霍米说过，不只是激烈的动作，\\n安玛也这么说过……呵呜，啊，啊啊呜呜……」"
    },
    {
        "message": "母亲和他在进行怎样的对话呢。\\n或许该详细询问一下了。"
    },
    {
        "name": "デイゴ",
        "message": "「嗯嗯，深入到底……呃，\\n然后，这次就到极限……嗯嗯，呵呵呵」"
    },
    {
        "name": "デイゴ",
        "message": "「不知道呢……我的快感，有没有传达到你呢\\n如果不行的话，你可以告诉我……呵呜，啊啊」"
    },
    {
        "message": "悠闲的快感，让人感到舒适。\\n细致的抽送，让心灵比身体更早地得到安宁。"
    },
    {
        "name": "デイゴ",
        "message": "「嗯……团长的表情开始放松了呢\\n果然，交合是最好的方式呢」"
    },
    {
        "message": "被直接说出来还是有点害羞，不由自主地收紧了表情。"
    },
    {
        "name": "デイゴ",
        "message": "「嗯哈、哈啊啊、嗯嗯……团长一直保持这样就好了\\n我想看到团长放松的表情……」"
    },
    {
        "name": "デイゴ",
        "message": "「只盯着我看也很无聊呢……嘿、嗯嗯、\\n而且我们已经不是普通的关系了……」"
    },
    {
        "message": "虽然这么说，害羞的事情还是很害羞。\\n要注意不要暴露太多丑态才行。"
    },
    {
        "name": "デイゴ",
        "message": "「真可惜呢……不过，如果我出声的话，\\n团长的表情还会再次放松吧……」"
    },
    {
        "message": "阴道的紧缩感增加，冲刺变得更加大胆。"
    },
    {
        "name": "デイゴ",
        "message": "「嗯嗯、哈啊、啊、嗯嗯、用我的身体感到快感……\\n啊呜、啊啊、嗯嗯、再来一次那样的表情……」"
    },
    {
        "name": "デイゴ",
        "message": "「我已经被团长照顾得很舒服了，\n这次轮到团长感受舒适了…！」"
    },
    {
        "message": "虽然在交合，但动作始终非常细腻。\n快感变得更加强烈，下腹部自然而然地用力。"
    },
    {
        "message": "没有想要主动进攻。\n取而代之的是，手掌贴在平坦的胸部上。"
    },
    {
        "name": "デイゴ",
        "message": "「嗯啊啊…那里，是我会感到快感的地方，\n团长你应该知道的吧…哈呜，嘿，嗯，啊啊」"
    },
    {
        "name": "デイゴ",
        "message": "「别用力捏住乳头…嘿，嗯嗯呜，\n不然就不能碰到我的腰了…唔，嗯嗯」"
    },
    {
        "message": "一听你这么说，果然还是想触摸。\n用像按摩一样的手法刺激可爱的突起。"
    },
    {
        "name": "デイゴ",
        "message": "「嗯呼呼…虽然说了还是会做的…那就这样吧」"
    },
    {
        "message": "身体向前倾，紧密贴合。\n只上下晃动小巧的臀部，继续刺激阴茎。"
    },
    {
        "name": "デイゴ",
        "message": "「摸别的没关系，但是乳头不行…嘿，嗯嗯呜，\n我想做的事情就做不了了…」"
    },
    {
        "name": "デイゴ",
        "message": "「团长大人也很高兴让我晃动腰部吧…\\n所以，请不要只摸我的乳头…哈啊，嗯哈…」"
    },
    {
        "message": "被在耳边低语的话，只能听从了。"
    },
    {
        "name": "デイゴ",
        "message": "「这样就好了呢…哈呜，嗯嗯，啊，嗯嗯！\\n现在是这边…请享受我的内部吧…嗯呼，啊呜，啊啊！」"
    },
    {
        "name": "デイゴ",
        "message": "「再用力一点…呼呼，呼呼，呼呼…嗯嗯！\\n这样应该怎么样呢…哈呜，啊，啊啊…」"
    },
    {
        "message": "灵活地调整着收缩的程度。\\n因为意外的刺激感，射精的感觉涌上心头。"
    },
    {
        "name": "デイゴ",
        "message": "「嗯嗯呼，哈呜呜…团长大人在颤抖着吧…\\n刚才差点就射出来了吧…唔，嗯呜，啊啊…」"
    },
    {
        "name": "デイゴ",
        "message": "「那样的话，就不要忍住射出来吧…\\n射精是最舒服的吧…哈呜，嗯…嗯，啊啊！」"
    },
    {
        "message": "不能否认那一点，但至少还想再忍一下。\\n为了更舒服的高潮。"
    },
    {
        "name": "デイゴ",
        "message": "「不要再忍耐了…工作已经做了很多吧」"
    },
    {
        "message": "甜蜜的低语穿透了我的大脑。"
    },
    {
        "name": "デイゴ",
        "message": "「喂，团长大人……想要射出来了吧」"
    },
    {
        "message": "我内心既想抗拒又想被带走。"
    },
    {
        "name": "デイゴ",
        "message": "「在这里射出来也不丢脸哦\\n既然已经在交合了，想要射出来是很正常的哦？」"
    },
    {
        "message": "虽然是这样，但我不能轻易屈服。"
    },
    {
        "name": "デイゴ",
        "message": "「太可惜了……明明已经在交合了嘛」"
    },
    {
        "message": "正如デイゴ所说的一样。既然到了这个地步，直接说出想要射出来就好了。"
    },
    {
        "name": "デイゴ",
        "message": "「在我体内……大概是团长大人喜欢的女性之穴，\\n想要用射精染成白色吧？」"
    },
    {
        "message": "话语就在喉咙前方，准备要说出口。"
    },
    {
        "name": "デイゴ",
        "message": "「卡娜，团长」"
    },
    {
        "message": "决定性的一击是爱的言语。\\n听到那句话的瞬间，我口不择言地说出了想要射出来的话。"
    },
    {
        "name": "デイゴ",
        "message": "「那么，最后再更加深入一点吧……」"
    },
    {
        "message": "在引导到最深处的瞬间，顶端在子宫口摩擦着。\\n如果能继续这样下去，就再也无法控制了。"
    },
    {
        "name": "デイゴ",
        "message": "「来吧……嗯嗯，啊啊，嗯，啊啊！\\n我已经无法再做更多了……嘿，嗯嗯！」"
    },
    {
        "message": "每一次摩擦都让射精的欲望膨胀起来。\\n放松身体，只是接受デイゴ的服务。"
    },
    {
        "name": "デイゴ",
        "message": "「来吧，来吧……嗯呜，啊呜……在我里面，射出热热的东西吧……嘿呜，嗯呜，啊，啊啊！」"
    },
    {
        "name": "デイゴ",
        "message": "「最舒服的瞬间……在我体内迎接它吧……嘿，嗯，啊，啊啊！团长……团长！嗯咿，啊呜，嗯呜，嗯嗯！」"
    },
    {
        "message": "热量聚集在阴茎的顶端，我在心中呼喊着要射出来。"
    },
    {
        "name": "デイゴ",
        "message": "「嗯咿，啊，来了，嗯呜呜……团长，好颤抖啊……嘿啊，嘿呜呜，啊呜呜……来了，来了！\\n好热，来了！」"
    },
    {
        "name": "デイゴ",
        "message": "「啊啊啊……！嗯，啊，啊啊啊啊啊啊啊……！！」"
    },
    {
        "name": "デイゴ",
        "message": "「嗯，嗯嗯嗯，啊，啊呜呜……嗯呜，哈，啊啊啊，\\n我也一起高潮了……哈，呀，啊啊啊！」"
    },
    {
        "name": "デイゴ",
        "message": "「咚咚地传来热热的感觉……太好了，就这样全部都注进来吧，\\n让肚子涨得鼓鼓的……！」"
    },
    {
        "message": "即使没有意识到要尽情射出来，在收缩的阴道肌肉中被挤压着。\\n无需デイゴ的指示，\\n美好而狭窄的阴道已经充满了精液。"
    },
    {
        "name": "デイゴ",
        "message": "「哈，哈，哈……跳动的小东西，变得小了\\n差不多，平静下来了吧」"
    },
    {
        "message": "射精已经结束。\\n这种颤动也会很快平息。\\n我简洁地回答了デイゴ。"
    },
    {
        "name": "デイゴ",
        "message": "「是吗……那么，就这样睡过去吧」"
    },
    {
        "message": "正当我要说工作的时候，自然而然地退缩了。\\n明明一直都想要做的事情，执着心已经完全消失了。"
    },
    {
        "name": "デイゴ",
        "message": "「剩下的事情我也会帮忙的哦\n不过那是在睡个好觉之后\n所以，现在就先睡觉吧」"
    },
    {
        "message": "被她投以开心的笑容，仿佛陷入了催眠一般，眼皮渐渐沉重\n与现实世界分离，意识沉入梦境之中"
    },
    {
        "message": "这是身体渴望的休息时间\n剩下的工作可以等醒来再考虑"
    }
]