[
    {
        "name": "ヘリアンサス",
        "message": "「啊……」"
    },
    {
        "message": "赫利安萨斯一副情绪低落的样子叹了口气。\\n从前几天参加香蕉海洋王族的交流会回来后，\\n感觉有些奇怪地没精神。"
    },
    {
        "name": "ヘリアンサス",
        "message": "「团长，可以问你个问题吗？或者说是一个大规模的询问祭典，\\n男人们都喜欢像阿加帕苏斯那样温柔娴静的女孩吗？」"
    },
    {
        "message": "不是这样的。喜欢像赫利安萨斯这样活泼的女孩。"
    },
    {
        "name": "ヘリアンサス",
        "message": "「诶，诶诶诶！？团长，你喜欢我！？\\n我、我没想到会突然被告白……」"
    },
    {
        "name": "ヘリアンサス",
        "message": "「我、我也……我也喜欢团长！」"
    },
    {
        "message": "看着害羞地凝视着我的赫利安萨斯的脸，我不禁凝视了回去。\\n这次轮到我感到吃惊了。"
    },
    {
        "message": "男人的喜好因人而异，我本想回答说不管什么性格都会受欢迎。\\n然而，我不小心流露出对赫利安萨斯的好感。"
    },
    {
        "name": "ヘリアンサス",
        "message": "「我们两个是相互喜欢的……太开心了……\\n等、等一下！现在，男女两人独处在密室里！？\\n这、这难道是突然！？突然就变成那种关系了！？\\n我并不介意，不介意，只是、只是心理准备……！」"
    },
    {
        "message": "看着热情洋溢的赫利安萨斯一个人兴奋得可爱，我紧紧拥抱着她的身体。"
    },
    {
        "name": "ヘリアンサス",
        "message": "「诶，团长的，这么大！？这么大的东西，真的……啊，嗯，嗯嗯……！」"
    },
    {
        "message": "慢慢地插入赫利安萨斯的身体。"
    },
    {
        "name": "ヘリアンサス",
        "message": "「团长的，嗯！进来了……但是这个……嗯，啊，好疼！好像要撕裂一样！\n啊，疼！嗯嗯嗯—！」"
    },
    {
        "message": "赫利安萨斯的脸因痛苦而扭曲。\n为了尽快结束这种痛苦，我用力抽动着腰部。"
    },
    {
        "name": "ヘリアンサス",
        "message": "「疼！但是我知道只有一开始会这样……\n团长，请继续……！」"
    },
    {
        "message": "我点头回应坚强的她，将阴茎完全插入。"
    },
    {
        "name": "ヘリアンサス",
        "message": "「啊，嗯……全都进去了吗……对不起，让你这么痛苦……」"
    },
    {
        "message": "赫利安萨斯的痛苦可能还没有消退，却勉强挤出了笑容。"
    },
    {
        "name": "ヘリアンサス",
        "message": "「诶，为、为什么摸摸我的头？\\n好害羞啊……\\n嘛，虽然不讨厌……」"
    },
    {
        "message": "摸着赫利安萨斯的头，她的脸变得红扑扑的，任由我摆布。"
    },
    {
        "name": "ヘリアンサス",
        "message": "「能被团长摸摸头……好开心……\\n能告白真是太好了……嘿嘿」"
    },
    {
        "message": "以为她对这种事完全没有兴趣，所以赫利安萨斯的告白实在让我吃惊。"
    },
    {
        "name": "ヘリアンサス",
        "message": "「我本来打算慢慢地变得更亲近的呢？\\n问问团长喜欢的类型，然后努力朝那个方向靠近」"
    },
    {
        "name": "ヘリアンサス",
        "message": "「但是团长看着我的眼睛，认真地说喜欢我……\\n我不禁心跳加速……」"
    },
    {
        "message": "结果突然间就互相告白了。\\n不过如果没有那样的话，确认彼此的感情可能要等很久了。"
    },
    {
        "name": "ヘリアンサス",
        "message": "「嗯，也是没错……」"
    },
    {
        "message": "赫利安萨斯，可以更加积极一点哦。"
    },
    {
        "name": "ヘリアンサス",
        "message": "「积极地……嗯」"
    },
    {
        "message": "慢慢地将阴茎拔出，但在ヘリアンサス的脸上看不到痛苦的表情。似乎已经没有疼痛了。"
    },
    {
        "name": "ヘリアンサス",
        "message": "「积极地，比如说，那个……性爱之类的事情？」"
    },
    {
        "message": "我点头回答她害羞地问。"
    },
    {
        "name": "ヘリアンサス",
        "message": "「那个，那个……我想好好处理，但是……因为不太了解方法所以……」"
    },
    {
        "message": "那就只说是否舒服就可以了。"
    },
    {
        "name": "ヘリアンサス",
        "message": "「啊，如果只是那样的话，嗯，我可以！我会努力的……」"
    },
    {
        "message": "对着她小声地说着，慢慢开始抽送。"
    },
    {
        "name": "ヘリアンサス",
        "message": "「啊、嗯、轻柔……啊……」"
    },
    {
        "message": "为了确认是否没有破处的疼痛感，我多次抽插着。"
    },
    {
        "name": "ヘリアンサス",
        "message": "「啊，对了，舒服吗？舒服吗？…还一点都不舒服！」"
    },
    {
        "message": "虽然觉得能够说出这样的话是一件令人高兴的事情，但我还是试着找到ヘリアンサス感受到的点。"
    },
    {
        "name": "ヘリアンサス",
        "message": "「嗯？嗯……我，现在，嗯……啊，那里，嗯，好舒服……」"
    },
    {
        "message": "渐渐地，我发现了ヘリアンサス身体微微颤抖的敏感点。"
    },
    {
        "name": "ヘリアンサス",
        "message": "「嗯，那里，团长的，一下一下地刺激着，嗯，好舒服啊，团长……嗯……哈啊，哈啊，嗯……」"
    },
    {
        "message": "当龟头碰触到阴道内部前方浅层时，ヘリアンサス会有感觉。我重点攻击那个地方。"
    },
    {
        "name": "ヘリアンサス",
        "message": "「嗯嗯……啊，那里，一直，嗯，团长，嗯，我，我……啊……哈啊，哈啊，嗯！舒服得我都出声了……」"
    },
    {
        "name": "ヘリアンサス",
        "message": "「啊啊啊啊！嗯嗯！不行，怎么回事，哈啊，哈啊，嗯，好湿……嗯嗯！」"
    },
    {
        "message": "ヘリアンサス的爱液开始湿润连接处。"
    },
    {
        "name": "ヘリアンサス",
        "message": "「嗯，好害羞……！害羞地发出声音了……！嗯，哈呜呜！但是，感觉太舒服了，啊嗯，停不下来！」"
    },
    {
        "message": "整根阴茎都被舔得没有一丝余地，深入到阴道中。为了不输给这种快感，我紧紧按住她的身体，刺激着浅层部位。"
    },
    {
        "name": "ヘリアンサス",
        "message": "「那个地方，被戳得太舒服了，啊啊嗯！我感觉太美妙了……哈哈，哈哈，嗯！好像要完全失控了，团长……！」"
    },
    {
        "message": "于是，我故意不去刺激ヘリアンサス感受到的点。"
    },
    {
        "name": "ヘリアンサス",
        "message": "「诶？那个？团长，怎么了？嗯……有点奇怪？那个？嗯，啊……嗯……」"
    },
    {
        "message": "感觉不够满足，ヘリアンサス扭动着腰部。"
    },
    {
        "name": "ヘリアンサス",
        "message": "「团长……再多一点，像刚才那样，嗯……哈呜，哈呜……」"
    },
    {
        "message": "如果想要这样的话，就积极地要求吧。"
    },
    {
        "name": "ヘリアンサス",
        "message": "「那、那个！嗯……」"
    },
    {
        "name": "ヘリアンサス",
        "message": "「像刚才那样，我想要团长用他的，嗯……大鸡巴，一点一点地刺激我的舒服的地方。」"
    },
    {
        "message": "感受到与平时不同的初次经历的ヘリアンサス，兽欲开始沸腾，用龟头轻击她浅层部位。"
    },
    {
        "name": "ヘリアンサス",
        "message": "「啊啊！那里！果然那里，好舒服！嗯！哈，嗯！太舒服了！」"
    },
    {
        "message": "为了促进射精，阴道紧紧地夹住阴茎，快感在全身蔓延开来。"
    },
    {
        "name": "ヘリアンサス",
        "message": "「啊，不行！这个，不行！嗯，我已经无法再继续了，团长！」"
    },
    {
        "message": "需要更详细的解释来理解什么是无法继续。"
    },
    {
        "name": "ヘリアンサス",
        "message": "「团长的，团长的大鸡巴，刺激着我的，啊！舒服的地方！一点一点地刺激着！太舒服了，要射了！」"
    },
    {
        "name": "ヘリアンサス",
        "message": "「不行了！太舒服了，说不出话来了，嗯、咕、啊！哈、哈！嗯嗯！这么、舒服得让人无法忍受了！」"
    },
    {
        "message": "被海莲萨斯的阴道紧紧地夹住，无法抵挡激烈的射精欲望的支配。我继续着追求高潮的欲望，不断地动着腰部。"
    },
    {
        "name": "ヘリアンサス",
        "message": "「不行，团长！嗯呼！那个，感觉太好了！嗯嗯呼！我要射了！嗯呼，哈啊，嗯呼！啊！太棒了，啊啊啊！团长，啊啊啊！」"
    },
    {
        "name": "ヘリアンサス",
        "message": "「要射了，要射了，哈啊，哈啊，嗯呼！不行，要射了！团长，我要射了，啊啊啊！」"
    },
    {
        "name": "ヘリアンサス",
        "message": "「啊，咕噜噜……啊啊啊！」"
    },
    {
        "message": "将炽热的浑浊液体注入到达巅峰的海莲萨斯体内。"
    },
    {
        "name": "ヘリアンサス",
        "message": "「哈啊，哈啊，嗯呼，哈啊，哈啊……嗯呼……这样的感觉，太棒了……不同于一个人时的感觉……这样的感觉，哈啊，哈啊，哈啊……太棒了……」"
    },
    {
        "message": "海莲萨斯满脸陶醉的表情，喘息不止。"
    },
    {
        "name": "ヘリアンサス",
        "message": "「太过了……我没有坏掉吧……？没事吧？」"
    },
    {
        "message": "没有任何地方坏掉。"
    },
    {
        "name": "ヘリアンサス",
        "message": "「太好了……团长……现在，我非常幸福……虽然很幸福……团长，可以问你个问题吗？」"
    },
    {
        "name": "ヘリアンサス",
        "message": "「行为结束后，应该怎么做才是正确的呢？感觉越来越害羞了……」"
    },
    {
        "message": "没有特别正确的答案。随心所欲就好。"
    },
    {
        "name": "ヘリアンサス",
        "message": "「那么，希望你一直抱着我到早上……」"
    },
    {
        "message": "听到她的话，我点了点头，躺在她身边，海莲萨斯紧紧地抱住了我。这样反过来了。"
    },
    {
        "name": "ヘリアンサス",
        "message": "「嘿嘿～这样就好～」"
    },
    {
        "message": "海莲萨斯满足地紧紧抓住我。"
    },
    {
        "name": "ヘリアンサス",
        "message": "「我变得稍微积极一点了吧……」"
    },
    {
        "message": "看向一旁，海莲萨斯已经闭上了眼睛。我点头回应着她的问题或者说是自言自语的话，继续温柔地抚摸着她的头直到她入睡。"
    }
]