[
    {
        "message": "在香蕉海洋旅馆的一间房间里，\\n梅已经结束了白天的散步，独自等待晚餐。"
    },
    {
        "name": "メイ",
        "message": "「嗯嗯嗯～，晚饭是什么呢～\\n已经等不及了」"
    },
    {
        "name": "メイ",
        "message": "「……一个人等待真是无聊啊」"
    },
    {
        "message": "与白天喧闹的城市截然不同，\\n她独自站在宁静的封闭空间里。\\n不禁想起了曾经孤立无援的记忆。"
    },
    {
        "name": "メイ",
        "message": "「嗯嗯，那种事情无关紧要！\\n因为现在的我，和小春和铃夏她们在一起\\n还有武……」"
    },
    {
        "name": "メイ",
        "message": "「武……武……并不是因为思乡病\\n因为我还记得……」"
    },
    {
        "message": "能够抹去悲伤回忆的是新交的朋友，\\n与重要人物的回忆，以及体内残留的温度。"
    },
    {
        "name": "メイ",
        "message": "「啊……啊……嗯……我记得得很清楚……\\n武对我做的那件事……就像这样，嗯嗯……\\n摸了我很多很多……啊，嗯……」"
    },
    {
        "message": "为了唤起体内残留的热情，\\n她小心翼翼地伸手到自己的胸部和私处。"
    },
    {
        "message": "只是轻轻地用指尖划过，\\n就能感受到陌生的感觉从皮肤中涌出。"
    },
    {
        "name": "メイ",
        "message": "「啊，嗯……嗯呜，嗯……奇怪的，感觉……嗯呜呜，咕、啊啊，\\n想要更多……想要更多，想要试着碰触……嗯嗯呜」"
    },
    {
        "message": "用指腹按压，或者用指甲尖轻弹，\\n梅充满了不该有的好奇心，试着给自己刺激。"
    },
    {
        "name": "メイ",
        "message": "「哈啊、呜……啊啊……嗯、呵呀、啊呜……\\n啊、是这样……就像这样，用不同的方式触摸……\\n稍微靠近了武，嗯嗯呜呜……也许……」"
    },
    {
        "message": "原本只是想象中的武的轮廓逐渐清晰起来。\\n温柔而多角度的指尖刺激，\\n让她的身体陷入了一种阵阵刺激的虏囚。"
    },
    {
        "name": "メイ",
        "message": "「哈啊、啊、嗯……啊、要……来一点……给我，温暖的……呼嗯、嗯嗯，\\n更多……啊啊、嗯，让我回忆起来……嗯呜」"
    },
    {
        "name": "メイ",
        "message": "「那里面……哈啊、嗯、啊啊……试着插进去，\\n啊啊、嗯……哈啊啊啊呜……！」"
    },
    {
        "message": "兴奋中湿润的阴道肌肉，在指头的侵入下\\n被轻柔地舒展开来。"
    },
    {
        "message": "明显感受到不同于普通皮肤的黏液触感，\\n她意识到自己正在感受着什么。\\n而这也是接近与武交合时的感觉的证明。"
    },
    {
        "name": "メイ",
        "message": "「啊，啊啊，啊，啊啊啊……那里面湿湿的……感觉好像不是自己的身体一样……啊啊，嗯，淫荡不堪……嗯，啊，啊啊啊」"
    },
    {
        "name": "メイ",
        "message": "「被武摸着的时候，那种软绵绵的感觉和……我，变得不再是我自己的感觉……嗯咕，呀，完全一样了……」"
    },
    {
        "message": "指尖上下左右地移动，沿着阴道周围的线条推入深处。随着快感逐渐膨胀，引起了那是自己体验过的记忆。"
    },
    {
        "name": "メイ",
        "message": "「啊，啊啊，嗯，啊，啊啊啊……一边慢慢地湿、湿地插入深处，嗯呃呃……就像是被那个阴茎摩擦着一样」"
    },
    {
        "name": "メイ",
        "message": "「就像那个一样，并没有变得很大也没有变得炙热，只是自己的感觉……回想起武……啊啊啊啊」"
    },
    {
        "name": "メイ",
        "message": "「还想更多地触摸胸部，嗯嗯……想要更舒服，嗯……就像武一样揉着……啊啊，嗯嗯……」"
    },
    {
        "message": "对胸部的爱抚并不是漫无目的的，而是变成了增加敏感度的动作。先揉捻乳房，然后追踪乳晕的边缘。随着责难范围变得局限，快感也变得更深更大。"
    },
    {
        "name": "メイ",
        "message": "「啊，啊啊……胸部，我自己淫荡地摩擦着……明明知道这一点，呃呃……啊，嗯嗯，嗯嗯」"
    },
    {
        "name": "メイ",
        "message": "「更多地……呼，欲望涌上来了……啊，嗯，呼呼……更多地，让我能够感受到更多的身体上的快感……想要确认一下」"
    },
    {
        "message": "故意避开的乳房尖端，紧紧地捏住最敏感的粉红色突起，全身渴望着刺激，微微颤抖。"
    },
    {
        "name": "メイ",
        "message": "「唔呜呜呜……！？哈啊，啊……啊啊……乳头，好厉害，让人上瘾，哈嗯嗯嗯……停不下来……啊呢」"
    },
    {
        "message": "一只手动了起来，另一只手也不由自主地动了起来。右手滑过胸部表面时，左手的指头不断地摩擦着阴道肉壁。"
    },
    {
        "name": "メイ",
        "message": "「哈啊，啊啊，指头在阴道里动起来了，啊啊，嗯嗯……痒痒的，停不下来了，哈啊，啊啊啊」"
    },
    {
        "name": "メイ",
        "message": "「哈啊，啊啊嗯……啊啊，嗯，呼嗯……哈啊，啊呢呢……更加在意了起来，想要多摸一点点呢，发出好多声音」"
    },
    {
        "message": "轻轻地用手指抚摸阴道，就像是武的阴茎在那里来回移动一样，刺激着梅的内部。"
    },
    {
        "message": "细致地捏弄和戳动，让梅回想起了武无所不能的往复运动，身体也做出了反应。"
    },
    {
        "name": "メイ",
        "message": "「呼啊，哈，啊，啊，啊嗯……这个，太好了，和武的小弟弟一起呢，哈啊，啊啊，嗯，啊，哎呀呀」"
    },
    {
        "name": "メイ",
        "message": "「武，想要更多，哈啊，啊，嗯咕，呼呼……用小弟弟的硬硬的部分再多摩擦一点点吧，啊啊，哈呼呼……」"
    },
    {
        "message": "渐渐有更多的手指进入其中，快感倍增，甚至更加膨胀，\\n让梅更加沉迷于这个行为。"
    },
    {
        "name": "メイ",
        "message": "「呜啊啊啊……！啊啊，呼啊啊，呀啊啊，呜呜，\\n阴茎，变成了两根，嗯嗯，啊啊，嗯，增加了」"
    },
    {
        "name": "メイ",
        "message": "「浅处也是，啊，深处也是，嗯嗯，被塞满了，被扩张着，\\n被放松着，呼，嗯，咕唔唔」"
    },
    {
        "message": "对于长久以来备受孤独感折磨的梅来说，\\n在思念着心爱的人时自慰行为变得更加令她兴奋。"
    },
    {
        "message": "伴随着像口水一样从下面流出的爱液，\\n她的手指动作越发湿润、淫荡、充满热情。"
    },
    {
        "name": "メイ",
        "message": "「啊啊，嗯嗯，啊，呼啊啊……！\\n变得湿湿的，嗯嗯，淫荡的声音，不断地发出，\\n嗯啊，啊，啊啊啊……！」"
    },
    {
        "name": "メイ",
        "message": "「被武插进来了，嗯嗯，这个是武的，喜欢呀，\\n嗯嗯，啊啊，嗯，更多一点点，\\n呼啊，啊，嗯唔唔」"
    },
    {
        "message": "梅牢牢记住了武的腰部动作。\\n手指灵巧的动作仿佛再现了他的力量。"
    },
    {
        "message": "加大压力，前后摩擦就像挖掘蜜一样。\\n随着动作加快，在幻想中的武也变得兴奋起来。"
    },
    {
        "name": "メイ",
        "message": "「啊，啊，啊，嗯，啊……武，太激烈了，\n啊，呜呜，嗯，啊啊，如果这样继续下去的话，\n我也、不行了，无法忍耐了」"
    },
    {
        "name": "メイ",
        "message": "「阴茎在颤抖着，啊，啊啊，嗯，呀、啊呼、\n变得黏糊糊的东西好像要出来了，嗯呀呀、\n只是在说而已」"
    },
    {
        "message": "虽然全身颤抖只是手在颤抖而已，\n但这与梅的幻想深深地同步在一起。"
    },
    {
        "name": "メイ",
        "message": "「啊啊、啊、啊、我也到极限了、嗯嗯、\n被武的阴茎插进去了、嗯嗯、要出来了……！」"
    },
    {
        "name": "メイ",
        "message": "「不行、太舒服了、忍不住了、啊啊！\n和武一起……要高潮了……！」"
    },
    {
        "name": "メイ",
        "message": "「啊、啊啊、啊啊啊！\n嗯嗯、嗯、啊啊啊！\n啊、呀、啊啊……\n啊啊啊啊啊啊啊啊……！！」"
    },
    {
        "name": "メイ",
        "message": "「啊……嗯……嗯……\n嗯嗯嗯……！」"
    },
    {
        "name": "メイ",
        "message": "「黏糊糊的，满满的……嗯嗯……啊，呜呜……\n尿失禁，和武一样，湿透了……嗯嗯」"
    },
    {
        "message": "喷出的液体不仅浸湿了阴道口，还有大腿内侧和手指。\n残留的温度紧贴着，与精液的温度如出一辙，\n让梅在高潮后感到满足。"
    },
    {
        "name": "メイ",
        "message": "「啊啊，嗯嗯……好像……害怕得发抖……嗯嗯，就像是被放进来一样……这种感觉，果然还是喜欢」"
    },
    {
        "name": "メイ",
        "message": "「变得更强烈了……因为知道武的温暖确实存在于我体内，嗯嗯……不再寂寞了……但是」"
    },
    {
        "name": "メイ",
        "message": "「却越来越想要了……该怎么办呢」"
    },
    {
        "message": "虽然能够回忆起他的热情，但现在更加渴望他的肌肤。"
    }
]