[
    {
        "message": "在洗澡的时候，穿着泳衣的丘贝洛斯闯进来了。\\n这就是事件的起源。"
    },
    {
        "name": "チューベローズ",
        "message": "「嘻嘻～♪你能抵挡住我的危险攻击吗～？\\n看，来个亲亲吧，亲～♪ 嘟、嘟、嘟～♪\\n我还要舔你的耳朵♪ 舔舔舔～♪」"
    },
    {
        "message": "她快乐地抱住我的背，一次又一次地进行这种暴举。\\n而且这样的事情已经发生了很多次了，\\n我每次都责备她，但她的行为并没有改变。"
    },
    {
        "message": "更糟糕的是，她身上有一种特殊的气味。\\n虽然她本人讨厌这个味道，但对我来说却非常香。\\n一旦我知道了这点，晚上的调戏就越来越过分了。\\n我不知道这个味道的本质和它代表着什么。"
    },
    {
        "name": "チューベローズ",
        "message": "「嗯，嗯嗯呜呜～！？」"
    },
    {
        "message": "因此，我对她进行了惩罚。\\n我让小小的丘贝洛斯坐在我的大腿上，背对着我，不断地爱抚着她，\\n结果，她正处于性高潮的状态。"
    },
    {
        "name": "チューベローズ",
        "message": "「哈、哈啊……刚刚那个、是什么……？\\n我的身体、颤抖起来了……嗯呜、别、别……！？\\n头儿、别、别冲我喷水了……！ 我不想让它喷到那里了！」"
    },
    {
        "name": "チューベローズ",
        "message": "「胸部也是，你摸得太过分了……！ 揉揉揉，不行啊……\\n别再做奇怪的事情了……别让我的身体变得奇怪啊……」"
    },
    {
        "message": "我将鼻子贴在她的脖子和后脑勺上，吸入她迷人的体味。\\n充斥着紧张和欲望。在享受丘贝洛斯的信息素的同时，我低声对她喘息回应。"
    },
    {
        "name": "チューベローズ",
        "message": "「如果你想要的话…自己来插吧？\\n这样…我还是第一次…啊呜，嗯啊啊…\\n但是…我、我知道了…试试看吧…」"
    },
    {
        "name": "チューベローズ",
        "message": "「插进去…阴茎，插进去…\\n嗯呜呜…嗯呜呜呜呜呜…」"
    },
    {
        "message": "在插入的过程中，淋浴没有停止。\\n同时将温暖的水流对准自己的龟头和她的私处，\\n小心翼翼地接住滴落下来的蜜壶。"
    },
    {
        "message": "在破处之前就尝到了高潮的小巧阴道。\\n心脏因为感受到扩张的触感而加速跳动。\\n而且，她似乎并没有感受到疼痛。"
    },
    {
        "name": "チューベローズ",
        "message": "「呼，嗯呜呜…一点也不疼哦…\\n虽然男性器官太大了…但是成功地进入了哦…」"
    },
    {
        "message": "对于她困惑的呻吟，我问她是否感到不舒服。\\n然后，她湿漉漉的脸上流露出眼神。"
    },
    {
        "name": "チューベローズ",
        "message": "「只是一点点…但是，没有不好的感觉…\\n虽然肚子里很饱满…但是…嗯呜，我变得很热」"
    },
    {
        "message": "听到报告，我的背脊一阵发凉。\\n尽管在温暖的浴室里，但我抱着的艳丽身体让我起鸡皮疙瘩。\\n忍不住说出了一些刻薄的话来欺负她。"
    },
    {
        "name": "チューベローズ",
        "message": "「坏孩子…这样说…我不喜欢哦…\\n我不一样…我不是坏孩子…」"
    },
    {
        "name": "チューベローズ",
        "message": "「团长的吩咐，我都遵守了哦？\\n虽然是第一次…但是自己插进去了哦\\n要好好夸夸我哦，团长…」"
    },
    {
        "message": "可爱的回答如同火上浇油。\\n那样的话，我就把淋浴喷头靠近连接处。"
    },
    {
        "name": "チューベローズ",
        "message": "「唔、唔…！淋浴不行…！\\n说好了插进去就停下来的…唔、唔啊、啊呜呜！」"
    },
    {
        "message": "直接喷向已经露出来的阴核。\\n丘贝洛斯全身颤动着，\\n虽然试图逃跑，但当然不会放过她。"
    },
    {
        "name": "チューベローズ",
        "message": "「啊、打到了、打到了不行…\\n真是坏心眼啊…唔、唔啊…团长，请原谅我…」"
    },
    {
        "message": "无法逃脱，小小的身体继续受到淋浴的爱抚。\\n阴核的刺激回荡着，\\n火热的皮肤和阴道肌肉上展开了可爱的痉挛。"
    },
    {
        "message": "被这官能的景象所吸引，忍不住舔舐着她的颈部。\\n在浓郁的信息素中，脑海一片空白，\\n将淋浴喷头移到下腹部。"
    },
    {
        "message": "然后，转向言语责难。"
    },
    {
        "name": "チューベローズ",
        "message": "「呼，唔啊…又说我是坏孩子…绝对不是…\\n我只是…想和团长做些危险的事情而已…」"
    },
    {
        "name": "チューベローズ",
        "message": "「团长不喜欢的话……我、我就不做了……\\n摸摸和淋浴也停下来吧……\\n我会道歉的，请不要再惩罚我了……」"
    },
    {
        "message": "没有停下来的打算。反而会加强责难。"
    },
    {
        "name": "チューベローズ",
        "message": "「不、不行……身体好奇怪！\\n胸部也酥酥痒痒的……头脑一片空白！\\n不想变得奇怪……嗯、嗯呜呜！」"
    },
    {
        "message": "在浴室里，淋浴声和丘贝洛斯的喘息回荡着。\\n混杂其中的，是她自己粗重的呼吸声。\\n兴奋无法平息，欲望高涨，嗜虐欲望膨胀。"
    },
    {
        "message": "丘贝洛斯的香气，让欲望更加燃烧。\\n因此，在这里有了一个发现。"
    },
    {
        "name": "チューベローズ",
        "message": "「嗯、啊……下体，渐渐发热……\\n胸部也感觉奇怪……哈、哈……嗯、嗯呜」"
    },
    {
        "message": "丘贝洛斯滑动着汗水和热水，扭动着身体。"
    },
    {
        "message": "上半身摇晃，下半身推出。\\n不是为了逃跑，而是陶醉的意识引导着她。"
    },
    {
        "name": "チューベローズ",
        "message": "「你是想更加折磨我吗……那、那种事情……」"
    },
    {
        "message": "她试图将敏感的地方靠近爱抚的手掌和淋浴。"
    },
    {
        "message": "闯入男人的洗澡，诱惑他，在惩罚中陶醉于快感之中。\\n明明应该讨厌的，现在却用小小的身体追求着不相称的快乐。"
    },
    {
        "message": "这是淫荡、不正当的行为。"
    },
    {
        "name": "チューベローズ",
        "message": "「嗯……不对，不是这样的……\\n我、我不是坏孩子……我不想被欺负……\\n只是、只是一点点……呼、嗯、嗯呜！？」"
    },
    {
        "message": "瞬间，将淋浴喷头对准阴核，摩擦乳头。\\n于是，丘贝洛斯的香气更加浓郁了。"
    },
    {
        "message": "如果变得顺从，就会继续刺激。\\n如此回应，丘贝洛斯喘息着湿漉漉的气息传来。"
    },
    {
        "name": "チューベローズ",
        "message": "「哈、哈……这样的、这样的……团长，真是坏心眼……」"
    },
    {
        "message": "既然是惩罚，那就这样行动吧。\\n不知道是义务感还是本能，只继续刺激而不触碰到决定性的地方。"
    },
    {
        "message": "然后，丘贝洛斯流露出眼神。\\n如同浴室中弥漫的空气一般，迷离而迷人的炽热眼神。"
    },
    {
        "name": "チューベローズ",
        "message": "「好了，知道了……团长……啊，好舒服，想要……」"
    },
    {
        "name": "チューベローズ",
        "message": "「用水流冲击在下体上……玩弄乳头……」"
    },
    {
        "name": "チューベローズ",
        "message": "「我是个坏孩子……忍不住了……想要再次变得奇怪……希望团长对我……」"
    },
    {
        "message": "于是我的理性崩溃了。我露出邪恶的笑容，尽情地爱抚乳房、私处和阴道。"
    },
    {
        "name": "チューベローズ",
        "message": "「嗯、嗯呜！呼呼，嗯呜……刺痛感来了！想要更多！惩罚真舒服！啊，啊呜！」"
    },
    {
        "message": "分别刺激勃起的乳房和私处。对此作出反应，用摩擦刺激滴下非水的阴道。"
    },
    {
        "name": "チューベローズ",
        "message": "「太棒了！头脑都变得混乱了……这样的事情绝对不行……明明不行，却感觉奇怪……呼、嗯啊！」"
    },
    {
        "name": "チューベローズ",
        "message": "「我要到了，又会抖动起来！啊，啊啊！想要……就这样……团长！」"
    },
    {
        "message": "身体立刻显示出预兆。当确认逼近的波浪时，回应的是毫不犹豫的呼喊。"
    },
    {
        "name": "チューベローズ",
        "message": "「要到了，要到了……我要……」"
    },
    {
        "name": "チューベローズ",
        "message": "「被团长弄得好爽！淋浴也好舒服！\\n喜欢被弄得头晕眼花！\\n明明不行，却停不下来！」"
    },
    {
        "message": "于是，我将淋浴喷头贴在身上，扭动乳头。\\n这就是最后的一击。"
    },
    {
        "name": "チューベローズ",
        "message": "「呼啊啊！啊，啊啊！不行，不行不行不行！\\n我也不行了！要到了呜呜呜呜呜呜……！」"
    },
    {
        "name": "チューベローズ",
        "message": "「哈啊，啊啊～……要到了……\\n比刚才更强烈的感觉来了……头脑飘飘～……啊～，啊～～♪」"
    },
    {
        "message": "浴室里弥漫着第二次高潮的香气。\\n在那股费洛蒙的作用下，\\n我也喷射出更多浓稠的精液。"
    },
    {
        "name": "チューベローズ",
        "message": "「啊啊……好热……\\n身体真的……变得奇怪了……\\n被团长欺负……太危险了……」"
    },
    {
        "name": "チューベローズ",
        "message": "「太危险了……但是，感觉好幸福……♪\\n被照顾得这么周到……嘿嘿，嘿嘿嘿♪」"
    },
    {
        "message": "我接住了虚弱的小身体和意外的笑容。\\n真正的目的，也就是这样吧。"
    },
    {
        "message": "那样的话，你就可以正常地撒娇了。\\n我们在彼此喘不过气的时候低语着，紧紧拥抱着丘贝洛斯。"
    },
    {
        "name": "チューベローズ",
        "message": "「嘿嘿……我可不喜欢普通的呢……♪\\n我喜欢危险的感觉呢……嘿嘿～♪」"
    },
    {
        "message": "没有回应的余地，我一边抱着她，一边摇摇晃晃地站起来。\\n在密闭空间里进行行为，氧气不足。\\n她和我都心脏跳动得危险不已。"
    }
]