[
    {
        "message": "果真，我对她的好意说了多少次呢。\n明确地表达喜欢，却完全不被相信。"
    },
    {
        "name": "シルフィウム",
        "message": "「还是应该变得更像个女孩子一点。\n不要成为这样刺耳的女人。」"
    },
    {
        "message": "希尔菲姆也有女孩子的一面。\n听说她从不化妆，也很注重内衣。"
    },
    {
        "name": "シルフィウム",
        "message": "「化妆和服装只是礼仪而已。\n并不是女性化的兴趣爱好。\n你为什么要这么执着于我？」"
    },
    {
        "name": "シルフィウム",
        "message": "「…懂团长的真意了。\n你想要我来满足你的性需求吧。\n那就给你满足吧。」"
    },
    {
        "message": "面无表情的希尔菲姆引导我走向床上。\n即使我否认，她也听不进去。"
    },
    {
        "name": "シルフィウム",
        "message": "「不用担心我。\n虽然是第一次，但在这里经历一次也挺好。\n我可不想一辈子都是处女。」"
    },
    {
        "name": "シルフィウム",
        "message": "「对团长我毫不后悔。\n我会帮你脱下裤子，你就老实点。」"
    },
    {
        "message": "冷静而机械地脱去衣服。\n纤细的手指触摸着暴露出来的阴茎。"
    },
    {
        "name": "シルフィウム",
        "message": "「因为我有勃起的知识，所以一切都交给我吧」"
    },
    {
        "message": "希尔菲姆跨坐在我身上，握紧我的阴茎。毫无羞耻和困惑，她的腰下压。"
    },
    {
        "name": "シルフィウム",
        "message": "「嗯，舒展开了……进来了」"
    },
    {
        "name": "シルフィウム",
        "message": "「啊，深入里面了……好大，感觉有异物在肚子里强行挤压着」"
    },
    {
        "message": "即使插入了，希尔菲姆的美貌仍然如同无风一样保持不变。与此相对，阴道变得湿润并紧贴着我的阴茎。"
    },
    {
        "message": "冷漠的氛围和炽热的性器，两者共存于此。完全没有被对方损害的预感。"
    },
    {
        "name": "シルフィウム",
        "message": "「这样我也算是毕业了处女之身了吧，一举两得」"
    },
    {
        "name": "シルフィウム",
        "message": "「如果夹得还不够紧，尽管告诉我。摩擦到阴蒂，紧致感会更好」"
    },
    {
        "message": "以现在的状况来看已经足够了。可以说是名器了"
    },
    {
        "name": "シルフィウム",
        "message": "「太好了……如果太松弛会影响处理的话\\n如果阴道不满意，就得考虑其他方法了」"
    },
    {
        "name": "シルフィウム",
        "message": "「多亏了你，我可以安心地抽动\\n能够挤取团长的精液给你」"
    },
    {
        "message": "希尔菲姆的手脚用力了起来。\\n她开始晃动身体，好像在确认着脚下的支撑点。"
    },
    {
        "name": "シルフィウム",
        "message": "「动起来……享受处女的抽插吧」"
    },
    {
        "message": "正如预告一样，她开始上下运动。"
    },
    {
        "name": "シルフィウム",
        "message": "「啊……嗯……嗯咕……呼……挺不错的运动呢\\n性爱确实是有氧运动，没错的样子」"
    },
    {
        "name": "シルフィウム",
        "message": "「哈……呼……呼……嗯……哈……啊……\\n这么大又这么辛苦……连自己身体能容纳进去都感到惊讶……」"
    },
    {
        "message": "以步行的速度和稳定的节奏抚摸着阴茎。\\n肌肤相互碰撞的声音掩盖了小小的喘息声。"
    },
    {
        "message": "拥有挺立的乳头的美丽隆起，虽然摇摆不大却显得诱人。\\n虽然没有激烈的动作，但引起兴奋的元素都齐备了。"
    },
    {
        "name": "シルフィウム",
        "message": "「嗯……嗯咕……嗯嗯呜……呼……啊嗯……\\n团长，看起来还不太有兴致呢」"
    },
    {
        "name": "シルフィウム",
        "message": "「是吗……嗯，啊嗯……感觉还不够淫荡呢\\n那么，这样的话怎么样……？」"
    },
    {
        "message": "被希尔菲姆凉爽的眼神所吸引。\\n从丰唇间发出了像秋风一样的声音。"
    },
    {
        "name": "シルフィウム",
        "message": "「阴道……充满了性感的处女阴道」"
    },
    {
        "message": "突然的下流话语，阴茎痉挛地反应了一下。"
    },
    {
        "name": "シルフィウム",
        "message": "「在里面动起来了……果然，我喜欢这样的感觉\\n嗯，呼……那我就多说几句给你听吧」"
    },
    {
        "name": "シルフィウム",
        "message": "「阴道……湿漉漉的阴道里，阴茎噗噗地进出着哦？\\n而且，还是第一次的阴道被用来做性处理」"
    },
    {
        "message": "希尔菲姆一遍又一遍地说着下流的话语。\\n也许是因为声音很轻，所以感觉淫荡却又舒服。"
    },
    {
        "name": "シルフィウム",
        "message": "「我的阴道……尽情射精的第一次处女阴道\\n团长的性处理用处女阴道」"
    },
    {
        "name": "シルフィウム",
        "message": "「从阴茎尖端喷出浓稠的白色精液，染遍子宫的深处……\\n毫不留情地注入到渴望精液的小穴中」"
    },
    {
        "message": "希尔菲姆身体前倾。\\n她端庄的脸庞逼近，微微甜蜜的香水勾动着鼻腔。"
    },
    {
        "name": "シルフィウム",
        "message": "「顺便来个初吻吧\\n啊呜……嗯嘭……嘭……嘭嘭嘭」"
    },
    {
        "message": "与其势不可挡的大胆接吻相反，却温柔地多次叠加唇舌。"
    },
    {
        "name": "シルフィウム",
        "message": "「嗯嘭……嗯呼……嗯呼嘭……嘭呼呼……呼\\n舌头，进来了……嗯呃……进来了……诶呃了」"
    },
    {
        "name": "シルフィウム",
        "message": "「还有口水，一起缠绕在一起……进来了……嗯嘭……\\n嗯呼，呼……进来了……嗯嘭，嘭嘭嘭」"
    },
    {
        "message": "湿润的接吻持续着，快感逐渐积累。\\n虽然没有任何情感，阴茎却变得更加坚硬。"
    },
    {
        "name": "シルフィウム",
        "message": "「阴茎又硬了起来……这是对我兴致高涨的证明\\n团长喜欢性处理……嘭……嗯嘭……舔舔，舔舔」"
    },
    {
        "message": "即使想否定也被接吻所阻止。\\n持续带来的刺激逐渐剥夺了身体的自由。"
    },
    {
        "name": "シルフィウム",
        "message": "「嗯呼……嗯嘭……嗯呼呼……嘭呼呼……\\n不是想说不行吗……？但是……嗯呃……嘭，嘭嘭」"
    },
    {
        "name": "シルフィウム",
        "message": "「嗯呼，嘭，嘭，呼……因为已经连在一起了，否定也没用」"
    },
    {
        "name": "シルフィウム",
        "message": "「通过阴茎就能知道一切……嗯呃，嘭，嗯呃呃……\\n身体是诚实的……我会更加摩擦你的」"
    },
    {
        "message": "抽送加速，刻画出令人愉悦的节奏。\\n射精的迹象出现，身体变得有力。"
    },
    {
        "message": "希尔菲姆并没有什么特别的变化。\\n即使节奏加快，她的脸上依然带着冷漠之色。"
    },
    {
        "name": "シルフィウム",
        "message": "「哗哗，淫荡的声音……嗯呃，啊呃，嗯呃呃，\\n更快一点……嗯嘭，嘭，嗯呃，嗯呃呃」"
    },
    {
        "name": "シルフィウム",
        "message": "「嗯呃……嗯嘭……团长喜欢激烈的方式\\n嘭，嘭，嘭，嘭，嗯呃」"
    },
    {
        "message": "默默地像是在吃饭一样责难着。\\n这样下去只会被榨取殆尽吧。"
    },
    {
        "message": "为了对抗机械般的抽送，伸手触摸着丰满的凸起。\\n捏住坚硬勃起的乳头，轻轻揉弄着。"
    },
    {
        "name": "シルフィウム",
        "message": "「胸部……嗯呼，嗯嘭……只有阴道还不够吗？\\n团长很贪心……嗯呼，嗯呼，嗯呃呃，嗯呼呼」"
    },
    {
        "name": "シルフィウム",
        "message": "「阴茎快要射精了……嗯吸吸，吸吸\\n我要更多地刺激你……紧紧收缩阴道，多亲吻」"
    },
    {
        "message": "双手握住脸颊。\\n接吻的浓度增加，感到窒息。"
    },
    {
        "name": "シルフィウム",
        "message": "「呼呼呼，呼呼，吸吸，呼呃，吸吸\\n嘿呼……阴茎又涨起来了……差不多要射了」"
    },
    {
        "name": "シルフィウム",
        "message": "「啊唔，啊噗，吸吸，嗯呼……随时都可以\\n在子宫里接住……嗯呼，吸吸」"
    },
    {
        "message": "脚趾头都用力了，下半身开始颤抖。\\n阴茎变得热得几乎要融化了"
    },
    {
        "message": "希尔菲姆的脸色一点变化都没有。\\n对乳头的爱抚，仿佛毫无效果一样冷静"
    },
    {
        "name": "シルフィウム",
        "message": "「屁股离开了……吸吸，啊唔，射精出来……\\n不用忍住……嗯呼，吸吸，啊噗，嗯嗯吸」"
    },
    {
        "message": "胜过想要忍住的心情，更胜于想要手淫的心情。\\n已经没有其他选择，只能放弃再忍耐下去了"
    },
    {
        "name": "シルフィウム",
        "message": "「力量消失了……射精的前兆\\n致命的吻……嗯呼，嗯嘭，嗯吸吸」"
    },
    {
        "name": "シルフィウム",
        "message": "「射精，可以了……嗯呼，嗯嘭，嗯吸吸，嗯吸吸吸……啊唔，啊唔\\n啊唔，嗯吸吸，啊唔呃呃……阴茎感到舒服」"
    },
    {
        "message": "在热烈的接吻和激烈的冲刺下，被引导到高潮。\\n原本包裹整个龟头的快感集中在尖端"
    },
    {
        "name": "シルフィウム",
        "message": "「来了……射到性处理的阴道里，射出浓厚的东西」"
    },
    {
        "name": "シルフィウム",
        "message": "「阴茎在跳动……比我想象中更热」"
    },
    {
        "message": "像渗出一样的射精。\\n大量的精液喷涌而出，将尿道撑开"
    },
    {
        "message": "从阴道的收缩和身体的颤抖，可以看出希尔菲姆也达到了高潮。\\n然而，抽送没有停下。\\n在射精期间，阴茎没有停下地刺激着"
    },
    {
        "name": "シルフィウム",
        "message": "「嗯呼，啊唔，啊嗯……就这样，让我再射一次\\n用刚刚高潮过的紧紧的阴道进行性处理第二回合」"
    },
    {
        "message": "扭曲着脸庞，停下来。\\n与其进入第二回合，不如享受余韵"
    },
    {
        "name": "シルフィウム",
        "message": "「团长不可能一次就满足\\n毕竟，他是那种责难我还揉胸的男人」"
    },
    {
        "name": "シルフィウム",
        "message": "「不要以为我这个处女能一次满足你\\n不需要顾虑\\n尽管射两次、三次都可以」"
    },
    {
        "message": "这样下去，似乎很难让他理解我的好意。\\n比起这个，还是得注意不要昏过去才行。"
    },
    {
        "name": "シルフィウム",
        "message": "「就算被中出多少次我都没关系\\n直到干涸，用这个小穴发泄性欲」"
    }
]