[
    {
        "name": "フジバカマ",
        "message": "「团长大人……嗯嗯……啾……」"
    },
    {
        "message": "紫苏走进房间，紧紧地抱住我，\\n立刻靠近我的脸，夺走了我的唇。\\n最近她变得越来越善于撒娇了。"
    },
    {
        "name": "フジバカマ",
        "message": "「那、我们两个人独处的时候……那个，没有问题吧？\\n而且今天我有点……想撒娇给团长大人看……」"
    },
    {
        "message": "她的脸红了起来，眼神偷偷地向上瞟着我。\\n如果她这样可爱地宣言的话，我忍不住要宠爱她了。"
    },
    {
        "name": "フジバカマ",
        "message": "「那、那个……嘿嘿，可以吗？\\n嗯嗯……碰到团长大人，我就感到安心……真是奇怪呢……」"
    },
    {
        "message": "为了宠爱她抱过来的她，我轻轻地抚摸着她的头。\\n然后，紫苏小心翼翼地靠近我的耳边低声说道。"
    },
    {
        "name": "フジバカマ",
        "message": "「那个……可以更、更宠爱我一点吗？」"
    },
    {
        "message": "看来，她真的是想要撒娇的心情。\\n我抱起她，带她走向床。\\n在这期间，紫苏一直没有任何抵抗，一直保持着微笑。"
    },
    {
        "name": "フジバカマ",
        "message": "「啊啊……呼啊啊啊！　嗯，团长大人！　啊啊啊！\\n进、进来了！　嗯嗯，啊啊啊！」"
    },
    {
        "message": "当腰部向前推进时，紫苏的阴道顺利地接纳了阴茎。\\n看来已经湿透了，准备工作似乎已经完备。"
    },
    {
        "name": "フジバカマ",
        "message": "「嗯嗯……因、因为……一直以来，我一直……想要的那个……想要依赖团长大人……」"
    },
    {
        "message": "听到她可爱的告白，我的心跳加速了。\\n我伸手到她丰满的乳房上，揉捏着。"
    },
    {
        "name": "フジバカマ",
        "message": "「嗯嗯，啊啊……胸部……嗯嗯……被团长大人触摸着……啊啊，好舒服……」"
    },
    {
        "message": "紫苏身体扭动得妖娆动人，但她并没有试图遮掩乳房。\\n用指尖轻抚着丰满的乳房。\\n然后，乳头开始自主地变尖。"
    },
    {
        "name": "フジバカマ",
        "message": "「呜呜呜，团长大人……不是那里……\\n好难受……呜呜呜……请更加宠爱我……」"
    },
    {
        "message": "受到她哀怨的声音的催促，我用指尖刺激那尖锐的乳头。\\n紫苏的身体颤抖了一下。"
    },
    {
        "name": "フジバカマ",
        "message": "「啊啊啊！！嗯嗯！！那里！那里！\\n嗯嗯……好舒服……啊啊……！」"
    },
    {
        "message": "紫苏喘息着，她紧紧地夹住了插入阴道中的阴茎。"
    },
    {
        "name": "フジバカマ",
        "message": "「啊啊……嗯嗯……嗯嗯……咕，我要好好享受这个……\n团长大人……嗯嗯，我已经……嗯嗯……」"
    },
    {
        "message": "紫苏扭动着身体，发出痛苦的声音。看着她的样子，我突然有了一个念头。"
    },
    {
        "message": "紫苏似乎已经沉迷其中了。当我说出这样的话时，她的脸变得通红，开始慌乱起来。"
    },
    {
        "name": "フジバカマ",
        "message": "「那、那种事情……！那、那种事情不存在的……\n确、确实最近我可能更多地依赖团长大人了\n但是，确、确实没有发生过那种事情……」"
    },
    {
        "message": "被如此否定，反而让我更希望她承认。为了刺激她的羞耻感，我继续追问。"
    },
    {
        "name": "フジバカマ",
        "message": "「那、那样的事情……我、我没有沉迷其中！\n不、不会说出那种……淫荡的话……嗯嗯……」"
    },
    {
        "message": "对于试图否认的紫苏，我动起腰部，将阴茎插入她的体内。\n与她的深处相撞，紫苏发出喘息声。"
    },
    {
        "name": "フジバカマ",
        "message": "「啊啊……嗯嗯，团长大人，请放慢……不要这样，\n如果这样一直刺激着……呜呜……嗯嗯……」"
    },
    {
        "message": "我已经知道了她喜欢被这样刺激到深处的感觉。\n紫苏立刻发出像撒娇一样的声音。"
    },
    {
        "name": "フジバカマ",
        "message": "「啊啊……嗯嗯……好舒服……啊啊……深处，好棒……\n哈啊啊……嗯嗯……！」"
    },
    {
        "message": "当她开始微微扭动腰部，看起来也很舒服时，\n我稍微抽出一点阴茎。"
    },
    {
        "name": "フジバカマ",
        "message": "「啊啊……团长大人……？为什么……？」"
    },
    {
        "message": "如果你没有沉迷其中，应该能忍耐下来。\n我这样说着，紫苏的眼睛变得湿润起来。"
    },
    {
        "name": "フジバカマ",
        "message": "「那、那种事情……嗯嗯，团长大人……太、太过分了……\n嗯嗯，求求您了……现在，请不要虐待我了……！」"
    },
    {
        "name": "フジバカマ",
        "message": "「深处……请进来吧……团长大人……嗯嗯\n动起来吧……团长大人……！」"
    },
    {
        "message": "紫苏在乞求着。\n早就已经有了答案。\n没办法，只能重新开始抽插。"
    },
    {
        "name": "フジバカマ",
        "message": "「呼啊……啊啊……！\n因为、因为被团长大人宠爱，被团长大人溺爱，所以感觉很舒服\n这、这样一旦知道了，就再也无法逃脱了吧……啊啊！」"
    },
    {
        "message": "紫苏喘息着，像是在找借口说道。"
    },
    {
        "name": "フジバカマ",
        "message": "「啊呜……啊啊！嗯嗯……嗯嗯，团长大人……」"
    },
    {
        "message": "紫苏一边忍住喘息，一边嘟囔着。"
    },
    {
        "name": "フジバカマ",
        "message": "「唔唔……我、我陷入了……与团长大人的性爱中，完全陷入了……！」"
    },
    {
        "message": "紫苏羞红着耳朵，发出淫荡的告白。"
    },
    {
        "name": "フジバカマ",
        "message": "「不行了……没有团长大人在身边，不行了！我已经变得这么淫荡了？想要依赖团长大人，想要被宠爱……嗯，这么淫荡……！」"
    },
    {
        "name": "フジバカマ",
        "message": "「所以……所以啊……团长大人……！请给我你的那个……插进我的淫穴里……摩擦得更深一点……！」"
    },
    {
        "message": "为了回应紫苏的哀求，我用力向前推动腰部\n将阴茎插入最深处。"
    },
    {
        "message": "阴茎完全插入，紫苏仰起身子大声呻吟。"
    },
    {
        "name": "フジバカマ",
        "message": "「啊啊……！团、团长大人的……阴茎……！\n嗯、啊啊，正好，对准了我的淫穴……！\n嗯嗯，果然很舒服……！啊啊！！」"
    },
    {
        "message": "就这样在阴道深处来回磨擦，插入和抽出。阴道内因黏膜相互摩擦的感觉而颤抖，仿佛在欢欣。"
    },
    {
        "name": "フジバカマ",
        "message": "「啊啊……深处……啊啊，好舒服！好舒服！被团长大人的阳具刺激到阴道深处……好喜欢！啊啊……啊啊，深处，再来一点……！啊啊啊！！」"
    },
    {
        "name": "フジバカマ",
        "message": "「啊啊，喜欢，团长大人，喜欢……！好喜欢！啊啊，只喜欢团长大人……啊啊，这么喜欢，只有团长大人……！」"
    },
    {
        "message": "藤叶鸭麻紧紧地握住我的手臂。\n射精感涌上心头，阴茎跳动不已。"
    },
    {
        "message": "藤叶鸭麻没有错过那男人的狂暴表情。"
    },
    {
        "name": "フジバカマ",
        "message": "「请……嗯，团长大人的精子……啊啊……！\n请尽情地注入我的子宫里，嗯～～！」"
    },
    {
        "message": "从她美丽的嘴唇中溢出了以前从未听过的淫荡言辞。\n兴奋加剧，自然而然地加快了腰部的动作。"
    },
    {
        "name": "フジバカマ",
        "message": "「啊啊……团长大人，嗯，啊啊……！\n射出来吧，精子，尽情地……我也要达到高潮！\n嗯啊啊……嗯，阴道，要高潮了啊啊啊！」"
    },
    {
        "name": "フジバカマ",
        "message": "「啊啊……团长大人，喜欢……喜欢！！\n啊啊……啊啊啊啊啊……！！！！！！」"
    },
    {
        "name": "フジバカマ",
        "message": "「啊啊……嗯嗯……啊啊啊……！！！！！！！」"
    },
    {
        "message": "当阴道开始收缩时，阳具也达到了极限，大量的精液喷涌而出。"
    },
    {
        "name": "フジバカマ",
        "message": "「啊啊……嗯嗯……正在射出来……嗯……感觉好舒服，团长大人的精子喷入了我的美好的小穴中……嗯嗯嗯……好、好舒服……」"
    },
    {
        "name": "フジバカマ",
        "message": "「我喜欢这个……团长大人……我喜欢你……」"
    },
    {
        "message": "身体松弛下来，我抱着藤叶鸭麻倒在床上。\n在柔软的身体包裹下，我调整了呼吸。"
    },
    {
        "name": "フジバカマ",
        "message": "「呜呜……团长大人……」"
    },
    {
        "message": "不久之后，藤叶鸭麻害羞地小声说道。"
    },
    {
        "name": "フジバカマ",
        "message": "「您已经改变了我这么多，负责任的话……请好好对我吧？」"
    }
]