[
    {
        "name": "ヘリクリサム",
        "message": "「嘿嘿嘿～……团长♪ 亲、亲……♪ 再紧一点……要更紧一点？」"
    },
    {
        "message": "积极地撒娇的落日草。\n对于她的行为，我并不感到不好。"
    },
    {
        "message": "平时为了其他花骑士着想，她都忍耐着。\n为了不破坏周围的氛围，落日草总是很体贴。"
    },
    {
        "message": "但是在两人独处的时候，她会撒娇到让我感到困扰。"
    },
    {
        "name": "ヘリクリサム",
        "message": "「蹭蹭～……♪ 团长的身体，温暖而令人安心～……♪」"
    },
    {
        "message": "她跨坐在我的腰上，一次又一次地靠近我。\n逐渐地，我的身体因为闻到她甜美的气息而变得热乎起来。"
    },
    {
        "message": "之前积极的肌肤接触导致下半身有所反应。\n感受到那坚硬的凸起，落日草露出了热情的笑容。"
    },
    {
        "name": "ヘリクリサム",
        "message": "「好厉害，变得硬硬的……团长的……\n嘻嘻，要不要制造一些色色的回忆？」"
    },
    {
        "message": "听到这句话，我也完全被带动起来。\n在激动涌上心头的情况下，我迎接着落日草的渴望。"
    },
    {
        "name": "ヘリクリサム",
        "message": "「嗯啊……团长，好热……我已经准备好了……可以插进来了……嗯嗯……啊啊……！」"
    },
    {
        "message": "湿润而迷人的阴道。通过之前的亲密接触，准备工作已经完成。\n坚硬勃起的阴茎顺利地进入其中。"
    },
    {
        "name": "ヘリクリサム",
        "message": "「因为团长很大……里面被撑得好宽……嗯，嗯嗯……胀得好大，一直顶到深处……\n这样……太好了……我已经……感觉很舒服了」"
    },
    {
        "message": "龟头刮过阴道壁，顶到落日草的深处。\n受到活跃收缩的阴道肌肉刺激，快感从腰部传遍全身。"
    },
    {
        "name": "ヘリクリサム",
        "message": "「我的里面……紧紧地抓住团长了……\n贴得这么紧密，连形状都能感受到……」"
    },
    {
        "name": "ヘリクリサム",
        "message": "「不知怎么的，好像已经适应了团长的大小……\n是上次的那次性爱，让我喜欢上了吗……」"
    },
    {
        "message": "阴道粘膜一次又一次地甜蜜收紧。\n它像是在确认形状一样缠绕在龟头上，\n用愉悦的刺激让勃起不断地轻微抽搐。"
    },
    {
        "name": "ヘリクリサム",
        "message": "「嗯……里面好可爱地颤抖着呢……\n难道，想要动起来了吗？」"
    },
    {
        "message": "对于这个问题，落日草开心地微笑着回答。"
    },
    {
        "name": "ヘリクリサム",
        "message": "「我也一直……希望团长大人能动起来……\\n所以，可以随意……做喜欢的事情吗？」"
    },
    {
        "message": "对于寻求抚慰的鲁德贝基亚来说，不需要顾虑。\\n她按照她的愿望，有节奏地移动着坚硬勃起的阴茎。"
    },
    {
        "name": "ヘリクリサム",
        "message": "「嗯啊……呼啊，啊啊啊……嗯嗯……果然……嗯嗯\\n因为很大，所以会摩擦到……感觉好舒服呀……啊啊」"
    },
    {
        "name": "ヘリクリサム",
        "message": "「这次和之前完全不同的地方，被准确地刺中了……\\n从肚子里，身体……变得热乎乎的……」"
    },
    {
        "message": "对于刺激摩擦运动而愉悦反应的阴道，也将快感传递给了这边。\\n在那甘美的刺激下，我不由自主地用放在臀部上的双手用力握紧。"
    },
    {
        "name": "ヘリクリサム",
        "message": "「嗯呜呜……！ 团长大人，屁股……好强……！\\n被夹紧的感觉，让我感到快感……呼啊」"
    },
    {
        "message": "通过她的声音可以明白她正在享受着，\\n我用抓住臀部的双手继续揉捏着。\\n鲁德贝基亚一边喘息着，一边接受着像推进和扩张一样的动作。"
    },
    {
        "name": "ヘリクリサム",
        "message": "「屁股……一点点地，刺痛得……嗯嗯\\n在被顶进和抽动的同时，被摆弄着……感觉好舒服呢……」"
    },
    {
        "name": "ヘリクリサム",
        "message": "「被用手揉捏得好多，还被撑开了……虽然很害羞……\\n但是感觉很舒服……会发出声音呢……」"
    },
    {
        "message": "羞耻似乎转化为了快感。\\n与之前不同，小雏菊不再抑制自己的娇声而变得混乱。"
    },
    {
        "message": "一指出这一点，收缩的阴茎传来了阴道肌肉的紧缩。"
    },
    {
        "name": "ヘリクリサム",
        "message": "「那、那是因为……一直都在忍着……嗯啊\\n声音无法控制……」"
    },
    {
        "message": "小雏菊说出了忍耐这个词。\\n也许我无意中给她带来了负担。"
    },
    {
        "message": "我关心起这个问题，想要真诚地听听她的想法。\\n或许现在还来得及改善。"
    },
    {
        "name": "ヘリクリサム",
        "message": "「团长先生，不是那个……不是这样的……\\n从第一天开始……那个……就一直在做着……」"
    },
    {
        "name": "ヘリクリサム",
        "message": "「一直以来……之前的事情一直在我脑海中挥之不去……\\n一个人的时候，我一边想着团长先生……一边安慰自己……」"
    },
    {
        "message": "小雏菊颤抖着细声坦白回答。\\n阴道一次次收紧，似乎与她的内心相呼应。"
    },
    {
        "name": "ヘリクリサム",
        "message": "「所以……在依赖团长先生之前，我就已经兴奋起来了……\\n当我们贴在一起的时候……我已经想要做爱了……」"
    },
    {
        "name": "ヘリクリサム",
        "message": "「因为一直一直……想要做那种事情……\\n太舒服了，无法忍耐……」"
    },
    {
        "message": "听到这样的话，我也变得异常兴奋。"
    },
    {
        "message": "为了平息彼此高涨的兴奋，我们加强了对腰部和臀部的爱抚。"
    },
    {
        "name": "ヘリクリサム",
        "message": "「啊呀！嗯啊啊……屁股，这么用力地抓住……啊啊！\\n好厉害……团长先生的进出……好激烈……！」"
    },
    {
        "name": "ヘリクリサム",
        "message": "「再多一点，更用力地顶进来……嗯嗯，啊啊！\\n里面乱炖一团也没关系……想要你任意摆布！」"
    },
    {
        "message": "小雏菊将一切都交给我，追求快感。"
    },
    {
        "name": "ヘリクリサム",
        "message": "「啊啊啊，啊啊啊，嗯嗯，嗯啊啊！\\n我已经……太舒服了……啊啊啊，啊啊！」"
    },
    {
        "name": "ヘリクリサム",
        "message": "「就这样一起……嗯，嗯嗯，嗯嗯！\\n我，只能想到和团长先生一起变得舒服……」"
    },
    {
        "message": "积极地追求彼此，进入高潮的瞬间。\\n我们只专注于同时体验这一切，紧握着紧致的臀部，不停地用力抽动腰部。"
    },
    {
        "name": "ヘリクリサム",
        "message": "「啊，啊啊，哈啊，呼啊……！\\n团长先生……！射出来吧……！\\n最深处，想要团长先生的精液！」"
    },
    {
        "name": "ヘリクリサム",
        "message": "「我，要到了……要到了……嗯啊，啊啊！\\n来吧……一起……一起达到高潮！」"
    },
    {
        "name": "ヘリクリサム",
        "message": "「嗯嗯……！哈啊啊……啊啊，呀啊啊……！\\n要到了，要到了……啊啊啊啊啊！！」"
    },
    {
        "name": "ヘリクリサム",
        "message": "「嗯啊啊啊……团长先生的精液，充满了里面……嗯嗯嗯……\\n肚子里面……被射得好多好多……好舒服呀……」"
    },
    {
        "message": "小雏菊的臀部微微颤动着，沉浸在极致的余韵中。\\n她用甜蜜湿润的呼吸来平静自己的身体。"
    },
    {
        "message": "从感受到胸口的热吐息，可以感受到她的兴奋。"
    },
    {
        "name": "ヘリクリサム",
        "message": "「哈呼……哈啊……哈啊……\\n肚子里面，好像要被烫伤了……装满了热乎乎的东西……」"
    },
    {
        "name": "ヘリクリサム",
        "message": "「这么热、这么浓稠的东西，是因为……\\n因为变得很舒服吧……？\\n嘿嘿……好开心……」"
    },
    {
        "message": "我也很高兴她能对我撒娇。\\n在愉快的陶醉中，向小雏菊传达真挚的情感。"
    },
    {
        "name": "ヘリクリサム",
        "message": "「嘿嘿……谢谢你，团长大人……\\n除了色情的回忆，还有美好的回忆一起产生了」"
    },
    {
        "message": "从她贴近的身体传来的心跳感受到了。\\n看到她高兴的样子，我也感到安心了。"
    },
    {
        "name": "ヘリクリサム",
        "message": "「因为我一直都很喜欢团长大人……」"
    },
    {
        "message": "发誓将我的不变的爱情献给你，小雏菊微笑着。"
    }
]