[
    {
        "name": "一ノ瀬鈴夏",
        "message": "「啊～，好舒服的热水啊～\n感觉疲劳一下子就消失了」"
    },
    {
        "message": "铃夏晚上一个人在浴场里洗去了汗水。"
    },
    {
        "name": "一ノ瀬鈴夏",
        "message": "「虽然不是温泉，但在这种旅行中享受的浴室\n感觉格外特别\n像是死而复生～」"
    },
    {
        "message": "在宽敞的浴场里，只有自己的声音回荡着。\n在这种情况下，铃夏想到了一个——不好的恶作剧。"
    },
    {
        "name": "一ノ瀬鈴夏",
        "message": "「旅行中丢脸就丢脸吧……\n做平时不会做的事情……也是……重要的吧」"
    },
    {
        "name": "一ノ瀬鈴夏",
        "message": "「啊，啊啊……啊……嗯，啊啊啊……」"
    },
    {
        "message": "她所想到的是自慰行为。\n用淋浴头对准自己的胸部，特别是敏感的尖端。"
    },
    {
        "name": "一ノ瀬鈴夏",
        "message": "「不行……这种感觉，第一次……啊啊，嗯嗯……\n发出声音了……呼啊，啊，啊……嗯呜，呼嗯，啊……」"
    },
    {
        "name": "一ノ瀬鈴夏",
        "message": "「这个，感觉不错……嗯，嗯嗯，啊啊……\n淋浴头一直喷着……一直都很舒服……\n啊啊，啊……啊啊……嗯嗯嗯，嗯嗯……」"
    },
    {
        "message": "通常情况下，因为家里有母亲在，无法享受这种『长时间泡澡』的感觉。\n因此，这种第一次经历的感觉并不夸张，\n铃夏纯粹地沉浸在新鲜的舒适感中。"
    },
    {
        "name": "一ノ瀬鈴夏",
        "message": "「啊啊，嗯……啊啊，我，现在……在做不该做的事情……\n在浴室里，没有人在，所以……啊啊呜，嗯嗯呜」"
    },
    {
        "name": "一ノ瀬鈴夏",
        "message": "「但是……啊嗯……啊啊，越觉得不行，嗯呜呜、\n舒适感越来越强烈……啊啊、嗯……越来越停不下来了……」"
    },
    {
        "message": "在安排好的浴场里，暗自安慰着自己。\n这种背离常规的感觉也成为了兴奋的素材，但却是无法容忍的。"
    },
    {
        "message": "所以，通过与武共同承担责任，\n试图逐渐摆脱罪恶感。"
    },
    {
        "name": "一ノ瀬鈴夏",
        "message": "「因为武……啊啊、啊……因为武不在这里……嗯嗯、啊、咕……\n我只能自己这样做了嘛……啊、啊啊、嗯嗯呜」"
    },
    {
        "name": "一ノ瀬鈴夏",
        "message": "「如果他能在身边的话……啊呜、呀……啊，\n就不会感到寂寞，也不会做这种淫荡的事情了吧……\n本来不需要做的事情呢……啊、呀、啊」"
    },
    {
        "message": "通过从内心深处唤起只有他才能给予的触感，\n铃夏回忆起了武的温暖。"
    },
    {
        "name": "一ノ瀬鈴夏",
        "message": "「没错，都是他的错……啊啊、嗯嗯、啊啊、啊……\n都是武的错，我……\n变成了这样……啊啊嗯」"
    },
    {
        "message": "青梅竹马，一直以来的憧憬对象，重要的存在……\n铃夏一边怀念着他，一边喘息着，表达出自己的感受。"
    },
    {
        "name": "一ノ瀬鈴夏",
        "message": "「武，啊啊、嗯、哈……因为他用淫荡的眼神盯着我……\n所以我也变得奇怪地意识到了……哈、嗯、嗯」"
    },
    {
        "name": "一ノ瀬鈴夏",
        "message": "「所以，反过来，嗯咕、嗯……我要向武展示出来、\n好好地吸引他的注意力……嘿啊、啊……\n这样想着，我就变成了这样……」"
    },
    {
        "name": "一ノ瀬鈴夏",
        "message": "「因为那家伙，我变成了、呜呜、啊啊、变态的女孩子、\n变成了淫荡的女孩子……啊啊呜呜」"
    },
    {
        "message": "铃夏的自慰行为与武之间并没有因果关系。\n但是只要能强烈地想起他，\n对铃夏来说就没有问题。"
    },
    {
        "message": "一边想着武，一边冲着淋浴喷头，\n仿佛被他舔着乳头的感觉，陷入了那样的感觉中。\n沉浸在武柔软的舔舐中，无法自拔。"
    },
    {
        "name": "一ノ瀬鈴夏",
        "message": "「啊啊啊、啊啊嗯嗯嗯……\n不要这样用力吸啊，\n啊、嗯……啊啊呜呜……好淫荡哦……」"
    },
    {
        "name": "一ノ瀬鈴夏",
        "message": "「别这么贪心嘛……哈嗯、啊、嗯嗯嗯……\n好痒痒的，好难受，哈、啊啊、嗯呀呀呀……\n连我也会变得更奇怪的」"
    },
    {
        "message": "随着思绪的飘忽，幻想中的存在开始显现轮廓。\n原本只是被舔的情景，\n自然而然地向前发展。"
    },
    {
        "name": "一ノ瀬鈴夏",
        "message": "「啊啊……武……过来，再过来……啊啊，嗯，嗯啊啊，嗯」"
    },
    {
        "name": "一ノ瀬鈴夏",
        "message": "「如果你真的在意我，那就用行动证明吧……\n进入我里面……啊啊，嗯呼，嗯嗯……在这里，插进来吧……」"
    },
    {
        "message": "火热的手掌伸向下腹部，然后继续向紧闭的秘裂延伸。\n一边玩弄着武的阴茎，一边穿过其中。"
    },
    {
        "name": "一ノ瀬鈴夏",
        "message": "「对，对，就是这样……过来……没关系，过来吧……\n武……武疼疼地……啊啊，啊、啊啊啊啊呜呜呜呜！！」"
    },
    {
        "message": "一旦手指浸入湿润的阴道中，铃夏无法自持地\n前后抚摸着褶皱，再次感受到阴茎的触感。"
    },
    {
        "name": "一ノ瀬鈴夏",
        "message": "「啊啊，嗯，啊啊……那里，进来了，里面被舒展的感觉，\n好久没这样了……啊呜，嗯呼，哈、哈啊、啊啊呜呜呜！」"
    },
    {
        "message": "随着真正的阴道爱抚开始，\n娇声也变得更加响亮，在浴室的墙壁上回荡。"
    },
    {
        "name": "一ノ瀬鈴夏",
        "message": "「啊、嗯、啊啊……！？ 啊啊、嗯、哈、武，在我里面，\n顶进来……啊、呀、嗯嗯，快快快」"
    },
    {
        "name": "一ノ瀬鈴夏",
        "message": "「这么剧烈地动的话，阴道会张开的……\n啊啊，嗯，变得淫荡的形状了……啊、嗯，\n可以清楚地看到了，不行……啊、嗯嗯、嗯呀呀呀」"
    },
    {
        "message": "偶尔身体自然地仰起，姿势像是在推出秘部一样。\n这个姿势似乎是为了更容易进行抽送，\n证明了她全神贯注于与武的交合。"
    },
    {
        "name": "一ノ瀬鈴夏",
        "message": "「啊、嗯、啊……深入到底部，被刮擦着……啊、呀、\n在最深处，感觉很舒服，被阴茎的顶端戳着，啊呜呜」"
    },
    {
        "message": "下意识地用手指探索着快感。\n这意味着理想中的武正在为她做出理想的动作。"
    },
    {
        "name": "一ノ瀬鈴夏",
        "message": "「啊呜，呀，啊，啊、哈哈呜呜……！\n武，猛烈地……啊、猛烈地……！」"
    },
    {
        "name": "一ノ瀬鈴夏",
        "message": "「不要，嗯嗯，如果只刺激那种感觉的话，\n啊、嗯、嗯、嗯、我的私处会变得奇怪……\n如果这样猛烈地抽插的话，啊呜呜！不行……啊呜呜！」"
    },
    {
        "message": "但是如果专注于其他刺激，\n又会感受到那种强烈的刺激。"
    },
    {
        "name": "一ノ瀬鈴夏",
        "message": "「胸部也一直被吸住，无法分离……哈、嗯、\n啊、嗯……渐渐地，有点刺痛了……\n像是麻木了一样……嗯嗯」"
    },
    {
        "name": "一ノ瀬鈴夏",
        "message": "「乳头，一直被吮吸到这么硬……啊呜呜！\n更加敏感了吧……\n嗯啊、啊啊、浮起来了呜呜」"
    },
    {
        "message": "随着刺激的回应，细腰轻快地扭动着。\n每次都会摇晃着丰满的两个果实，\n顶端坚挺的头部像是在向天花板颤抖着，充满了痛苦。"
    },
    {
        "message": "在第一次淋浴自慰中，铃夏的身体不断朝着高潮迈进，\\n不习惯的水压，对武的意识渐渐加深，\\n交织在一起的兴奋因素让她的身体不断升华。"
    },
    {
        "name": "一ノ瀬鈴夏",
        "message": "「啊啊，嗯嗯，啊，嘿啊，嗯嗯咕噜，呀呀，啊啊呢，不行了，\\n坚持不住了……啊啊，嗯咕，嗯嗯！」"
    },
    {
        "name": "一ノ瀬鈴夏",
        "message": "「啊啊，要来了，嗯嗯，被武的阳具……啊呀呀！\\n唔呼、唔唔嗯！好热、好舒服……！」"
    },
    {
        "name": "一ノ瀬鈴夏",
        "message": "「啊啊、嗯咕、啊、呼呀、啊……哈、那个……\\n好热烈啊哈哈哈哈哈！！」"
    },
    {
        "name": "一ノ瀬鈴夏",
        "message": "「呼啊、啊、哈、嗯……呼……呼唔、嗯嗯……\\n啊啊、嗯……在浴室里……嗯嗯……射了出来……啊、嗯嗯……」"
    },
    {
        "message": "当达到高潮时，她的身体微微颤抖着，\\n阴道口流出了清澈的液体，\\n滴落在地板上缓缓流淌。"
    },
    {
        "name": "一ノ瀬鈴夏",
        "message": "「啊啊，啊……在淋浴里做这种事情……太危险了……\\n这样的话……呼呀……一定会上瘾的吧……啊嗯」"
    },
    {
        "message": "为了掩饰自己所做之事的羞耻，\\n并且为了自然而然地想起心爱的人，\\n她轻声自语着。"
    },
    {
        "name": "一ノ瀬鈴夏",
        "message": "「都怪武……让我想到这种事情，\\n都是因为武教我太多淫荡的事情了……」"
    },
    {
        "name": "一ノ瀬鈴夏",
        "message": "「下次我们两个再做的时候……\\n我会给你的那里好好冲个淋浴」"
    },
    {
        "message": "铃夏一边考虑着如何报复，一边露出了笑容。"
    }
]