[
    {
        "message": "大小是相对评价。"
    },
    {
        "name": "タッカ・シャントリエリ",
        "message": "「啊……又在看着我」"
    },
    {
        "message": "并非绝对评价。\\n比那个更大，比这个更小。\\n当我们看到某物时，无意识地进行着这样的评价。"
    },
    {
        "message": "如果比较对象越接近，印象就会变得压倒性。\\n如果成为一个身体的一部分，\\n就会变得压倒性，也可能成为壮丽的存在。"
    },
    {
        "name": "タッカ・シャントリエリ",
        "message": "「塔卡的胸部……你那么在意吗？」"
    },
    {
        "message": "在意。\\n我无意识地这样回答了。"
    },
    {
        "name": "タッカ・シャントリエリ",
        "message": "「……变态\\n我一直观察着你，早就注意到了，\\n果然是这样啊……」"
    },
    {
        "message": "焦急随之而来。\\n全身因仰视而发热。"
    },
    {
        "name": "タッカ・シャントリエリ",
        "message": "「但是……你对这个有多感兴趣，塔卡也很感兴趣」"
    },
    {
        "name": "タッカ・シャントリエリ",
        "message": "「胸部……让我摸一下\\n只有你能让我这么做\\n告诉塔卡，你是怎么看待塔卡的胸部的？」"
    },
    {
        "message": "那当然是用这样的眼神看着了。"
    },
    {
        "name": "タッカ・シャントリエリ",
        "message": "「大概已经没关系了……\\n因为你给了我很多吻……」"
    },
    {
        "name": "タッカ・シャントリエリ",
        "message": "「嗯啊……嗯呜……咕噜咕噜地……\\n团长的东西在塔卡里面，扩张着……！」"
    },
    {
        "name": "タッカ・シャントリエリ",
        "message": "「嗯呜呜，嗯嗯嗯呜呜呜……！」"
    },
    {
        "message": "用粗暴的坚硬物品强行撬开了光滑的秘门。"
    },
    {
        "message": "心身被令人激动的兴奋所充斥。\\n即使湿润，也有一种狭窄的触感，背离感和兴奋感涌上心头。"
    },
    {
        "message": "特别是背离感更加强烈。\\n她小巧的身体在我的腰上激起了欲望。"
    },
    {
        "name": "タッカ・シャントリエリ",
        "message": "「哈啊……哈啊……好痛苦……」"
    },
    {
        "message": "当然的反应。\\n虽然前戏花了些时间，但也有个限度。"
    },
    {
        "message": "就这样待一会儿，\\n边聊天边适应身体吧。"
    },
    {
        "name": "タッカ・シャントリエリ",
        "message": "「嗯……知道了。」"
    },
    {
        "message": "塔卡点了点头。\\n满头是汗。"
    },
    {
        "name": "タッカ・シャントリエリ",
        "message": "「这个姿势……女孩子会动的对吧？」"
    },
    {
        "message": "虽然不一定是这样，但这个姿势对女性来说比较容易活动。"
    },
    {
        "name": "タッカ・シャントリエリ",
        "message": "「果然，是这样吧……\\n但是，我没有考虑到这些……」"
    },
    {
        "message": "那你为什么会选择这个姿势呢？"
    },
    {
        "name": "タッカ・シャントリエリ",
        "message": "「看起来比较容易观察到嘛……」"
    },
    {
        "message": "原来如此，很符合塔卡的理由。"
    },
    {
        "name": "タッカ・シャントリエリ",
        "message": "「嗯……所以，塔卡不会动\\n也不知道该怎么动……比起动，我更想观察你」"
    },
    {
        "message": "塔卡把我的手拉得更深入胸部。"
    },
    {
        "name": "タッカ・シャントリエリ",
        "message": "「团长……好兴奋」"
    },
    {
        "name": "タッカ・シャントリエリ",
        "message": "「只是摸摸塔卡的胸部而已……\\n眼睛，变得炙热……\\n明明说了温柔的话……塔卡就会兴奋起来」"
    },
    {
        "message": "被看穿了但并不感到焦虑。\\n因为这是理所当然的事情。"
    },
    {
        "name": "タッカ・シャントリエリ",
        "message": "「为什么……这么兴奋呢？\\n性爱中，最舒服的事情是……\\n插入的感觉……塔卡也知道哦？」"
    },
    {
        "message": "有一定道理，但仅此而已未免太粗俗了。"
    },
    {
        "name": "タッカ・シャントリエリ",
        "message": "「嗯……那边没关系的……」"
    },
    {
        "message": "当我用双手开始爱抚时，塔卡发出了轻微的呻吟声。"
    },
    {
        "name": "タッカ・シャントリエリ",
        "message": "「不是不喜欢……只是胸部……只要胸部就可以了」"
    },
    {
        "message": "就好像对手的爱抚是杂质一样说着。"
    },
    {
        "message": "但这是必要的事情。为了让你放松下来，我轻轻地握住你的小手，用指尖戏弄着。"
    },
    {
        "message": "这是为了满足我的欲望。这样做会更加兴奋。"
    },
    {
        "name": "タッカ・シャントリエリ",
        "message": "「啊……胸部也很温柔……被温柔地揉揉……」"
    },
    {
        "name": "タッカ・シャントリエリ",
        "message": "「有点奇怪……这个……团长的手指，好成熟……又大又粗糙……抓住了塔卡的胸部」"
    },
    {
        "name": "タッカ・シャントリエリ",
        "message": "「可是……很温柔……感觉奇妙……啊……嗯……更粗暴一点也可以……我稍微有点这样想过」"
    },
    {
        "message": "现在做这件事并不粗俗。"
    },
    {
        "message": "最重要的是，这种触摸方式现在是最好的。\n我试着告诉塔卡为什么会这样。"
    },
    {
        "name": "タッカ・シャントリエリ",
        "message": "「嗯，和手相比……\n塔卡正在享受你的大家伙……」"
    },
    {
        "message": "这么小的手，抱着这么大的东西。\n让人无法抑制兴奋。"
    },
    {
        "name": "タッカ・シャントリエリ",
        "message": "「呼啊……这次好像是在扶持我……\n用你成熟的手抬起了塔卡的胸部。」"
    },
    {
        "message": "无法抵挡这种量感和质感。\n骑在腰上的羽毛轻盈感更加突出。"
    },
    {
        "name": "タッカ・シャントリエリ",
        "message": "「团长……越来越兴奋了……\n呼吸变得急促……嗯呜……\n一边揉捏，一边看着塔卡的胸部，就像在舔舐一样。」"
    },
    {
        "name": "タッカ・シャントリエリ",
        "message": "「哈啊……哈啊……嗯呜，塔卡也好厉害……\n这是什么……？\n比刚才更加渐渐地……变热了」"
    },
    {
        "name": "タッカ・シャントリエリ",
        "message": "「在插入之前，比被下面咕噜咕噜地舔过来时更热……\n下面的深处……热意渐渐地传来」"
    },
    {
        "message": "痛苦融化在热量中，\n另一种感觉正在小小的身体中蔓延。"
    },
    {
        "name": "タッカ・シャントリエリ",
        "message": "「不知道为什么……非常地让人烦恼……\n只有手和胸部是不够的……」"
    },
    {
        "message": "好奇心的双眸中闪烁着女性的热情。\n在无意识的催促下，我用腰部回应着。"
    },
    {
        "name": "タッカ・シャントリエリ",
        "message": "「嗯……嗯呜……是这样吗……嗯……\n塔卡呜……就是想要这样的……哈啊……啊呜」"
    },
    {
        "message": "从塔卡的下面，湿润的东西溢出来了。\n感受到了。很舒服。"
    },
    {
        "name": "タッカ・シャントリエリ",
        "message": "「嗯……哈啊……很舒服……\n塔卡，好舒服啊！」"
    },
    {
        "message": "对于坦率的告白，血液沸腾了起来。\n爱抚和插入中充满了热情。"
    },
    {
        "name": "タッカ・シャントリエリ",
        "message": "「嗯啊，啊呜！ 嗯啊！ 太好了！\n呼啊，啊啊啊！ 全部都一起来！ 一起感受快感！」"
    },
    {
        "name": "タッカ・シャントリエリ",
        "message": "「塔卡，塔卡……团长先生，对我很淫荡！\n对塔卡，很淫荡……团长先生也变得很淫荡！」"
    },
    {
        "message": "如果问这是因为什么而兴奋的话，\n狭窄的阴道紧紧地缠绕着。"
    },
    {
        "name": "タッカ・シャントリエリ",
        "message": "「嗯，嗯！好热！好热呀！\n哈啊，啊啊啊！想要知道更多！\n想要更深入了解变得淫荡的团长先生！」"
    },
    {
        "name": "タッカ・シャントリエリ",
        "message": "「团长先生，应该怎么做才好……嗯啊，啊啊啊！\n塔卡也想变得更淫荡！」"
    },
    {
        "message": "只要让我随心所欲地喜欢就好。\n只要可爱地乱了起来就好。"
    },
    {
        "message": "立即回答，羽毛的重量迅速上升。"
    },
    {
        "name": "タッカ・シャントリエリ",
        "message": "「呼啊，啊呜！深处好激烈！要飞起来了！\n胸部在颤抖着！感觉真舒服，一直在涌来！」"
    },
    {
        "name": "タッカ・シャントリエリ",
        "message": "「喜欢被团长先生对待！非常喜欢！\n呼啊呜！啊啊，啊啊啊！全部都好舒服！\n舒服，舒服！哈啊，啊啊，啊啊呜！」"
    },
    {
        "message": "阴道微微抽搐着。"
    },
    {
        "message": "再次的催促也是无意识的。\n加上本能的撒娇，要求着更进一步。"
    },
    {
        "name": "タッカ・シャントリエリ",
        "message": "「是的，是什么呢……哈啊，啊啊啊！\n塔卡快要高潮了呢！」"
    },
    {
        "message": "一说完，他用剩下的体力将爱抚的手推向了乳房。"
    },
    {
        "name": "タッカ・シャントリエリ",
        "message": "「啊，啊啊啊！塔卡，想要高潮！想要被团长大人给高潮！揉着胸部的同时，想要被高潮！」"
    },
    {
        "message": "在最后的请求中，射精欲望迅速上升。"
    },
    {
        "name": "タッカ・シャントリエリ",
        "message": "「嗯啊，啊啊啊！啊嗯嗯嗯嗯嗯啊啊啊啊！」"
    },
    {
        "name": "タッカ・シャントリエリ",
        "message": "「要高潮了，要高潮了！呼，啊啊，啊啊啊啊！被成年团长大人这样淫荡地对待着！塔卡要高潮了呜呜呜呜呜呜呜！」"
    },
    {
        "name": "タッカ・シャントリエリ",
        "message": "「呼，啊啊啊啊啊啊啊！好热，好厉害！深入到里面，感觉像是要烫伤了呜！」"
    },
    {
        "message": "精液喷涌而出。高潮的波浪在塔卡娇小的身体中迸发开来。"
    },
    {
        "message": "小手紧紧握住我的手，忍受着那快感。我也一样，握着乳房，将最后一滴精液注入纯洁的子宫中。"
    },
    {
        "name": "タッカ・シャントリエリ",
        "message": "「呼啊……哈啊……哈啊……塔卡，想要更多地观察……」"
    },
    {
        "message": "在余韵尚未消散之际，塔卡再次展示出了他的好奇心。"
    },
    {
        "name": "タッカ・シャントリエリ",
        "message": "「能不能……再让我看一次你在做那个的样子？」"
    },
    {
        "name": "タッカ・シャントリエリ",
        "message": "「能不能让我……再和塔卡……做一次那样的事情？」"
    }
]