[
    {
        "message": "白皙的肌肤如火一般泛红，\n绿色的贝儿挺起了完美的臀部。 \n她湿润的双眸充满了对雄性的期待。"
    },
    {
        "name": "グリーンベル",
        "message": "「啊……啊……！\n在浴室里玩这种游戏，\n团长大人真是让人欲罢不能，我已经按捺不住了。」"
    },
    {
        "name": "グリーンベル",
        "message": "「等不及回房间了。\n快点，止住我身体的痒痛吧。\n来吧……团长大人的那个……在我里面……」"
    },
    {
        "message": "在她引诱的情况下，我把膨胀的阴茎\n放在了绿色的贝儿的阴唇上。\n然后，一口气用力推进去。"
    },
    {
        "name": "グリーンベル",
        "message": "「啊、啊、进来了……\n啊啊啊啊啊――――！」"
    },
    {
        "message": "可能因为已经足够湿润，\n她的粘膜顺利地接纳了我的勃起。"
    },
    {
        "message": "身体内，接纳雄性。\n在那强烈的冲击下，绿色的贝儿\n仰背着修长的身体。"
    },
    {
        "message": "在那纤细的身体上，\n巨大而不平衡的乳房\n像在主张它的存在一样向前突出。"
    },
    {
        "name": "グリーンベル",
        "message": "「啊、啊、团长大人……！\n强壮而……炽热的东西……！\n嗯，一直到我的深处……！」"
    },
    {
        "name": "グリーンベル",
        "message": "「这、这就是我想要的……\n嗯、好高兴……\n胸口，好满好满……！」"
    },
    {
        "message": "正如这些话所说，绿色的贝儿湿润的粘膜淫荡地扭动着，\n黏附在我的阴茎上，挑逗着我的性感。\n因着过于舒适，腰部自然而然地开始运动。"
    },
    {
        "name": "グリーンベル",
        "message": "「哈……啊啊……哈啊！\n在我的里面……激烈地动着……！\n身体，有点麻痹了……！」"
    },
    {
        "message": "绿色的贝儿凉爽的表情，已经被快感所融化。\n看起来她也相当兴奋。"
    },
    {
        "message": "照这样温和地动作下去也不行了。\n抱着绿色的贝儿的膝盖，腰部猛烈地前后摆动，\n搅拌着湿润的粘膜。"
    },
    {
        "name": "グリーンベル",
        "message": "「啊啊、哈啊、激烈……！\n我的深处，被团长大人的那个搅得……！\n好、好像要发疯了……！」"
    },
    {
        "message": "巨大的乳房随着腰部的动作在眼前狂乱摇晃。\n这一景象，加上阴道粘膜传来的性感感觉，\n让人难以忍受地舒适。"
    },
    {
        "message": "说实话，\n她像是不情愿地摇了摇头。"
    },
    {
        "name": "グリーンベル",
        "message": "「诶……别、别说这样的话……！\n我，我并不喜欢这么大的胸部，\n别说喜欢了……！」"
    },
    {
        "message": "绿色的贝儿一直回避谈论胸部的话题。\\n看起来，对她来说，这庞大的胸部确实是一个巨大的心结。"
    },
    {
        "message": "或许她之所以希望从后面插入，\\n是因为不想让别人仔细看她的胸部。"
    },
    {
        "message": "然而，即使拥有如此性感迷人的胸部……\\n觉得没有自信真是太可惜了。\\n这样一想，我伸出手，温柔地包裹着那饱满的曲线。"
    },
    {
        "name": "グリーンベル",
        "message": "「啊……啊啊……！\\n所、所以，请不要那么看我的胸部……！」"
    },
    {
        "name": "グリーンベル",
        "message": "「就连片叶草也会用『胸部妖怪』这样的词形容我……！\\n说『胸部极限突破』之类的……！\\n就像是胸部的怪物一样，这样说我……！」"
    },
    {
        "message": "……这难道不仅仅是嫉妒吗？\\n特别是从像片叶草这样的悬崖峭壁来看，\\n她对绿色的贝儿那不拘一格的巨乳应该是仰慕的吧。"
    },
    {
        "name": "グリーンベル",
        "message": "「为、为什么会羡慕这种东西呢……！\\n总是被男人女人奇怪地盯着看……！」"
    },
    {
        "name": "グリーンベル",
        "message": "「啊、啊……！\\n胸部的事情就算了……！\\n请、请多动一点……！」"
    },
    {
        "message": "她有点沮丧地摇摇晃晃地，\\n扭动着腰部，\\n示意我加快节奏。"
    },
    {
        "message": "然而，我并没有立即采取行动。\\n更想在手掌中尽情品味这迷人的胸部。\\n于是，我用手掌轻轻揉搓，享受着弹性。"
    },
    {
        "name": "グリーンベル",
        "message": "「哈……哈，哈啊……！\\n那么多的碰触……\\n团长大人……为什么……」"
    },
    {
        "name": "グリーンベル",
        "message": "「真的……我的胸，可以吗……？\\n这么大的胸部，不觉得恶心吗……？」"
    },
    {
        "message": "不可能觉得恶心。\\n相反，当我表达出对她的喜欢时，\\n她似乎安心了一些，表情变得柔和了一点。"
    },
    {
        "name": "グリーンベル",
        "message": "「真的吗……\\n团长大人因为我的这对胸部而高兴吗？」"
    },
    {
        "name": "グリーンベル",
        "message": "「那……那就太好了……\\n……哈，啊啊……！\\n啊啊，身体，好像在颤抖……！」"
    },
    {
        "message": "她似乎因为我高兴地喜欢她的大胸部而感到放心了。\\n仅仅触摸乳房，她的整个身体就像被强烈的抽搐一样颤抖。"
    },
    {
        "message": "不知何时，乳头变得坚挺，\\n仿佛在寻求爱抚一般，坚定地存在着。"
    },
    {
        "name": "グリーンベル",
        "message": "「哈啊……更多……更多，用我的胸部……\\n尽情享受团长大人的喜好吧……\\n咿，咿啊！？」"
    },
    {
        "message": "她的话让我心生依赖，用手掌轻柔地滚动着，\\n她以可爱的声音做出回应。\\n看来乳头相当敏感。"
    },
    {
        "message": "就算稍微用力刺激一下应该也没关系。\\n这么想着，用两根手指夹住，\\n轻轻地抓一抓，用指甲稍微刺激，给予更强烈的刺激。"
    },
    {
        "name": "グリーンベル",
        "message": "「咿，啊，啊啊……！\\n这样，强烈地，触摸的话……！\\n啊啊，嗯……我已经……！」"
    },
    {
        "message": "若是刻意地责难突起，\\n从她的深处溢出的粘液滴落，\\n缠绕在阴茎上，使动作更加顺畅。"
    },
    {
        "message": "继续对胸部的爱抚，同时大幅度挺动腰部，\\n发出湿湿的淫荡声音，\\n摧毁着我的理智。"
    },
    {
        "name": "グリーンベル",
        "message": "「不、不行了……！\\n我的身体，已经，无法用力……！\\n站不稳了……好像……要倒下来……！」"
    },
    {
        "message": "正如她所说，她的身体变得像失去力气一样沉重。"
    },
    {
        "message": "但是，我没有让她倒下。\\n用手强行支撑住她的体重，\\n更加猛烈地进行抽插，深入侵犯着她。"
    },
    {
        "name": "グリーンベル",
        "message": "「啊啊，嗯，哈啊……！\\n这么、粗暴地、侵犯我的……！\\n已经、无法思考任何事情了，好像……要崩溃了……！」"
    },
    {
        "message": "绿色的贝儿好像已经没有力气了，\\n任由我随心所欲地侵犯着她的阴道，\\n巨大的乳房如此猛烈地扭动着，留下残影。"
    },
    {
        "message": "阴茎深处微甜而刺痛，似乎快要达到巅峰。\\n为了加速，我用更大的力气挺动着腰部，\\n比刚才更加强烈。"
    },
    {
        "name": "グリーンベル",
        "message": "「啊啊，喔，啊啊啊！\\n我、我，不行了……！\\n好像、要彻底、崩溃了……嘻！？」"
    },
    {
        "message": "阴茎猛烈地穿越阴道深处。\\n从中抽出一半，粘稠的大量花蜜\\n滴落在浴室的地板上。"
    },
    {
        "message": "绿色的贝儿的阴道内，像是另一个生物一样\\n剧烈地蠕动着，\\n她似乎也快要达到巅峰。"
    },
    {
        "message": "在挺动腰部的同时，最用力地捏住乳头。\\n她的身体猛地跃起，发出一声像是悲鸣的尖叫。"
    },
    {
        "name": "グリーンベル",
        "message": "「我，已经，要……要来了……！\\n被团长的……那个，进来了……\\n嘿，啊啊啊啊啊啊啊啊啊啊！！」"
    },
    {
        "message": "阴道紧紧地包裹住整根阴茎，\\n仿佛要将其吞噬一般地收紧。"
    },
    {
        "message": "对我来说，这就是极限。\\n释放所有的欲望，\\n伴随着快感，我将精液射入了她的深处。"
    },
    {
        "name": "グリーンベル",
        "message": "「啊啊啊啊啊啊啊啊啊啊啊啊……！\\n那、里面……涌动着……！」"
    },
    {
        "message": "为了挤出最后一滴，我猛力顶动着腰部。\\n每次射入她的时候，她的全身都像是有所反应，\\n微微颤抖着。"
    },
    {
        "message": "从她的内部，混合着彼此欲望的液体\\n黏糊糊地滴了下来。"
    },
    {
        "message": "保持这个姿势一会儿，直到一切平静下来，\\n绿色的贝儿开心地说道。"
    },
    {
        "name": "グリーンベル",
        "message": "「团长大人……非常感谢您\\n太过舒爽了……腰都软了……」"
    },
    {
        "name": "グリーンベル",
        "message": "「原来团长大人，是如此的了不起\\n真是太美妙了……让我感到惊讶」"
    },
    {
        "name": "グリーンベル",
        "message": "「顺便问一句……那个，我想确认一下\\n你夸奖我的胸部，\\n是发自内心的吗……？」"
    },
    {
        "message": "……还在担心吗？\\n她的内心一定觉得\\n胸部变得不是很自愿地大了。"
    },
    {
        "message": "为了打消她的顾虑，\\n我有力地回答是发自内心的。\\n真的是非常喜欢那对胸部。"
    },
    {
        "name": "グリーンベル",
        "message": "「太好了……\\n如果你这样说，以后我这对胸部\\n似乎也能像团长大人一样变得喜欢了！」"
    },
    {
        "message": "她微笑得如此开心，\\n在这一刻，她显得比以往任何时候都更加迷人。"
    }
]