[
    {
        "name": "スイレン",
        "message": "「唉……主人，您可真是的」"
    },
    {
        "message": "看到桌上堆满的文件，确认了这边的表情。\\n水莲出现后，我不禁叹了口气。"
    },
    {
        "name": "スイレン",
        "message": "「看起来您真的很累呢……我可不能放任不管\\n好了，今天就到这吧……请您好好休息吧」"
    },
    {
        "message": "她推着我的背，引导我走向床。\\n即使我解释还有工作未完成，水莲也充耳不闻。"
    },
    {
        "name": "スイレン",
        "message": "「虽然您是个努力的主人，但是\\n如果不适度地休息，身体会垮掉的」"
    },
    {
        "message": "她有些强行地让我躺下来，用温柔的目光俯视着我。"
    },
    {
        "message": "虽然剩下的工作只能留到明天了，\\n但对于真心关心我的她，我无法抱怨。"
    },
    {
        "name": "スイレン",
        "message": "「好了，好好休息吧……哎呀？」"
    },
    {
        "message": "我慌忙用双手遮住下半身。\\n然而，因为疲劳的影响，勃起的阴茎被她注意到了。"
    },
    {
        "name": "スイレン",
        "message": "「嗯呼♪ 这样下去我可睡不着了哦？\\n我会立刻让您舒服起来的♪」"
    },
    {
        "name": "スイレン",
        "message": "「主人您就躺在那里不要动……我会上去……嗯，嗯嗯嗯！」"
    },
    {
        "message": "睡莲将勃起的秘裂对准，慢慢地坐下去。\\n阴道已经充分湿润，顺利地吞下整根阴茎。"
    },
    {
        "name": "スイレン",
        "message": "「嗯，怎么样，主人？\\n让疲惫的小弟弟……全部包裹起来给您舒服吧」"
    },
    {
        "message": "这是一种真诚而舒适的感觉。\\n仿佛在治愈我的疲劳一样，阴道的动作。\\n温暖的甜蜜包围着我，从阴茎传遍全身。"
    },
    {
        "name": "スイレン",
        "message": "「看来您很满意♪\\n嗯呼♪ 您的表情看起来很舒服呢？」"
    },
    {
        "message": "尽管没有特别的爱抚，但是这个温暖松弛的蜜穴让我感到惊讶。\\n从阴茎传来的甜蜜刺激如此舒适。"
    },
    {
        "name": "スイレン",
        "message": "「嗯呜，当然……作为您的新娘，\\n我不能放任您那么肿胀疼痛的小弟弟♪」"
    },
    {
        "message": "上次，不是以女仆的身份，而是以新娘的身份寻求睡莲。\\n她记得这件事，露出了一种戏弄的笑容。"
    },
    {
        "name": "スイレン",
        "message": "「来吧，主人……\\n让我好好照顾你的小弟弟，让你舒服一下吧♪」"
    },
    {
        "name": "スイレン",
        "message": "「全部交给我吧……\\n主人只需要安静地享受，感受快感就好了哦」"
    },
    {
        "message": "睡莲的腰开始上下摆动，以长长的节奏。\\n每一次的摩擦都传递着勃起的阴茎带来的快感。"
    },
    {
        "name": "スイレン",
        "message": "「嗯，嗯啊，啊啊！\\n嗯呼，主人感觉如何？慢慢地摩擦着你的小弟弟……嗯呼！」"
    },
    {
        "name": "スイレン",
        "message": "「噗噗地，小弟弟被吞没了，\\n仿佛被我的小穴吃掉了一样呢？」"
    },
    {
        "message": "观察着你的表情，\\n睡莲不停地晃动身体，重复刺激粘膜。"
    },
    {
        "name": "スイレン",
        "message": "「这样的节奏还可以吗？\\n还是要更加激烈一些吗？」"
    },
    {
        "message": "抽送的速度稍微加快了。\\n但刺激变得更强烈，让我忍不住皱起了眉头。"
    },
    {
        "name": "スイレン",
        "message": "「嗯呼♪ 看来，慢慢地动比较好呢」"
    },
    {
        "message": "她露出出温柔的微笑，腰的动作变得平稳。\\n她似乎在关心着我，想要给予我舒适的刺激。"
    },
    {
        "name": "スイレン",
        "message": "「放心，尽情享受吧……我会温柔对待你的小弟弟\\n如果感觉不舒服了……请告诉我」"
    },
    {
        "message": "她温柔而细致地上下运动。\\n她的阴道包裹着我的阴茎，逐渐适应了刺激。"
    },
    {
        "message": "缓慢地摆动着腰部，注入甜蜜的快感。\\n看着她注视着我，轻轻晃动身体，仿佛在怜爱一般，我的视线被吸引住了。"
    },
    {
        "name": "スイレン",
        "message": "「嗯呼♪ 这么盯着看，有什么事吗？\\n如果有想做的事情，尽管来吧\\n没关系……我不会责备你的♪」"
    },
    {
        "message": "宛如包裹住疼痛欲望的温柔。手伸向被允许的那个地方。\\n两个白皙柔软的乳房随着抽送摇晃。\\n手臂感到麻木，指尖不由自主地蠢动。"
    },
    {
        "name": "スイレン",
        "message": "「嗯呼，好的……没关系，就这样……啊啊，啊呜\\n我只是想撒娇……请多多宠爱我♪ 嗯啊，啊呜，啊呀呀」"
    },
    {
        "message": "像是舀起一样，从下方揉捏着双丘。\\n掌心感受到的光滑触感无论摸多久都不会厌倦。"
    },
    {
        "name": "スイレン",
        "message": "「嗯呜，嗯唔，啊啊呀，感觉好奇怪\\n被主人宠爱着，我也……呼啊呜，啊呜\\n胸中变得温暖起来了……」"
    },
    {
        "name": "スイレン",
        "message": "「更用力一点也没关系哦？\\n我全部都是主人的，对吧？」"
    },
    {
        "message": "忍不住松开一只手，用嘴唇贴在空闲的乳房上。"
    },
    {
        "name": "スイレン",
        "message": "「嗯呼，嗯嗯……奶好吃吗？\\n舔得这么多……嗯呼，呵呵呵♪\\n啊，啊，可爱……好可爱♪」"
    },
    {
        "name": "スイレン",
        "message": "「沉迷地吸吮乳房……\\n就像小宝宝一样呢，主人？」"
    },
    {
        "message": "在感受到乳房的刺激中痛苦地扭动着，睡莲将充满慈爱的眼神投向我。"
    },
    {
        "name": "スイレン",
        "message": "「接下来是当妈妈了吗？真是个奢侈的人呢♪」"
    },
    {
        "message": "睡莲笑得像是在逗弄我，但那表情似乎并不完全如此。"
    },
    {
        "message": "即使被她这样说，也无可奈何。\\n不知何时开始，我对睡莲产生了一种母性般的安心感。"
    },
    {
        "name": "スイレン",
        "message": "「来吧……没关系的哦……\\n那个大大的小弟弟，不像是个宝宝，\\n请在妈妈里面尽情享受吧」"
    },
    {
        "name": "スイレン",
        "message": "「累了也好，感觉舒服也好，妈妈都会接住的♪\\n什么都不用担心，就让白色的液体喷出来吧……\\n小弟弟，让它感觉舒服吧♪」"
    },
    {
        "message": "虽然被睡莲的话语感到害羞，但在她给予的安心感下，欲望变得真实地释放出来。"
    },
    {
        "message": "在膨胀的欲望下，我也无法忍耐，开始了激烈的抽送。"
    },
    {
        "name": "スイレン",
        "message": "「呼啊，啊啊唔！小弟弟，忍不住了吗……？」"
    },
    {
        "name": "スイレン",
        "message": "「那么……嗯，可以戳破吗\\n我会一直包裹着你……嗯嗯，包裹到最后！」"
    },
    {
        "message": "睡莲妖艳的声音在室内回荡。\\n从花蜜洞中溢出无尽的甜液，滴落在连接处湿润它。"
    },
    {
        "message": "肉体相撞的声音和粘膜摩擦所产生的水声，进一步增加了彼此的兴奋。"
    },
    {
        "name": "スイレン",
        "message": "「唔啊，嗯啊，哈啊，我也……嗯，感觉很舒服……\\n但是……哈啊，哈啊，主人，你不要勉强自己吗？」"
    },
    {
        "name": "スイレン",
        "message": "「这么努力……嗯，你不觉得辛苦吗？\\n明明已经很累了……嗯嗯，唔唔唔！」"
    },
    {
        "message": "虽然感受到了，但睡莲仍然给予了关怀。\\n这种心情让我兴奋不已，\\n忘记了疲劳，贪婪地吮吸着她的身体。"
    },
    {
        "name": "スイレン",
        "message": "「啊啊，啊啊，嗯啊，好厉害……！\\n小弟弟好凶暴……！\\n只是稍微用力一点点，明明看起来很辛苦的……！」"
    },
    {
        "name": "スイレン",
        "message": "「啊，宠爱得太多了，好像……呼啊啊，啊啊！」"
    },
    {
        "message": "被龟头顶起来，睡莲甜美地呻吟。\\n但只有阴道紧紧地包裹住这里。"
    },
    {
        "message": "在幸福的拥抱中，射精感被激发起来。\\n而这意味着这段幸福时光的结束。"
    },
    {
        "name": "スイレン",
        "message": "「嗯嗯！小穴感觉好舒服，\\n已经快要射出来了，是吗……？」"
    },
    {
        "message": "正如睡莲所说。这边已经到了，\\n随时都可能射精的地步，阴茎紧绷不已。"
    },
    {
        "message": "可以感觉到积压的欲望在寻找出口，勃起进一步膨胀。"
    },
    {
        "name": "スイレン",
        "message": "「不用顾虑哦……\\n忍不住的话，随时都可以射精在我的小穴里」"
    },
    {
        "name": "スイレン",
        "message": "「就这样，一直到最后……嗯啊！\\n在我里面感到舒服，把积累的疲劳都释放出来吧」"
    },
    {
        "name": "スイレン",
        "message": "「一直甜蜜地宠爱到最后\\n在妈妈的里面，舒服地喷喷地吧……！」"
    },
    {
        "message": "一股扑面而来的官能冲击着我的理性。\\n在特别强烈收缩的阴道蠕动的信号下，\\n积攒的精液迅速冲上尿道。"
    },
    {
        "name": "スイレン",
        "message": "「啊呜，要射出来了……！\\n可以吗？从阴茎里，甜甜的奶汁……喷喷地\\n嗯呜……嗯啊啊啊啊啊！！」"
    },
    {
        "name": "スイレン",
        "message": "「哇啊啊啊！！ 热热的精液……撞击在小穴深处，\\n强烈而美妙……太棒了，啊啊！」"
    },
    {
        "message": "沐浴在喷涌而出的精液中，睡莲也达到了高潮。\\n颤抖着背脊，沉浸在高潮的感觉中，满足地接受着射精。"
    },
    {
        "name": "スイレン",
        "message": "「啊呜，嗯嗯，嗯啊……哈啊，哈啊，全部都射出来了呢，主人大人……\\n真棒呢，真棒，真～棒……嘻嘻♪」"
    },
    {
        "message": "之后，阴道甜蜜地收紧了多次，直到最后一滴都被挤出来。"
    },
    {
        "message": "身体失去力气的睡莲倒在我身上。\\n她将乳房贴在我的脸上，被我紧紧拥抱着。"
    },
    {
        "name": "スイレン",
        "message": "「嗯呼♪ 这样就舒服了吧……\\n请安心地入睡吧」"
    },
    {
        "message": "因为行为的激烈和高潮的疲劳，迅速被困倦所侵袭。"
    },
    {
        "message": "感受着睡莲全身肌肤的温度，很快陷入了宜人的睡梦中。"
    }
]