[
    {
        "name": "オオオニバス",
        "message": "「嗯，嗯嗯嗯……\n啊哈，哈，好大……♪」"
    },
    {
        "message": "插入瞬间，腰停下来。\n理性在变成蜜一样的阴道肉中敲响警钟。"
    },
    {
        "name": "オオオニバス",
        "message": "「怎么了，团长？\n你的小弟弟，为什么停下来了？」"
    },
    {
        "name": "オオオニバス",
        "message": "「明明想要感受更多快感的呢……\n呵呵，这么重要的身体可怜不是吗？」"
    },
    {
        "message": "被鬼女盯着的瞬间，阴道开始疼痛膨胀。\n柔软的眼神试图引出快感。"
    },
    {
        "name": "オオオニバス",
        "message": "「请好好让我感受快感\n还是……呵呵」"
    },
    {
        "message": "阴道肉颤动着。\n抬起自己打开的秘处，\n鬼女强行吞下肉棒。"
    },
    {
        "name": "オオオニバス",
        "message": "「你是想要我说些爱的话吗？\n像是我爱你，我喜欢你，不想离开……之类的？」"
    },
    {
        "message": "火辣的脸庞问道。\n浮现出的嗜虐和恍惚之色，深得令人陷溺。"
    },
    {
        "name": "オオオニバス",
        "message": "「呵呵，明明每次都告诉你了，团长先生真是贪心呢。\n好吧，我就告诉你吧。\n请好好听着哦？」"
    },
    {
        "message": "随着微笑，双腿更加张开。\n从根部吞噬的秘处已经溢出爱液。"
    },
    {
        "name": "オオオニバス",
        "message": "「我爱你，团长先生……我喜欢你，团长先生。」"
    },
    {
        "name": "オオオニバス",
        "message": "「我不想和团长先生分开。\n从心底深处，我一直这么想着。」"
    },
    {
        "message": "鬼女陶醉地表达着爱意。\n每一句话都在房间中扩散开来，\n阴道蠕动着，轻咬着肉棒。"
    },
    {
        "name": "オオオニバス",
        "message": "「但是，请不要误会哦？」"
    },
    {
        "message": "鬼女眯起炽热的眼眸。"
    },
    {
        "name": "オオオニバス",
        "message": "「我只想要团长先生的身体。\n现在就是这样……呵呵，小弟弟♪」"
    },
    {
        "name": "オオオニバス",
        "message": "「其他的都不需要，就扔在那边吧。\n对了，可以喂给害虫吃掉。\n反正我不需要，所以……」"
    },
    {
        "message": "用同样的嘴唇和热度低语着，她抛弃了心灵的需求。\n燃烧的身体温度告诉她，这才是她真正的内心。"
    },
    {
        "name": "オオオニバス",
        "message": "「啊，所以，所以，请快点……\n我不想让你为了我而受苦\n你现在不是正在哭着说想要摩擦我的小穴吗？」"
    },
    {
        "message": "腰部颤抖得像要哭一样。\n在被揉搓的快感中，肉棒自动主张存在。"
    },
    {
        "name": "オオオニバス",
        "message": "「所以……请侵犯我吧\n我的小穴已经无法忍受了」"
    },
    {
        "message": "在即将发出兴奋的声音和挑衅的眼神下，腰部开始自动运动。\n而且一开始就是最高速度，没有任何预热。"
    },
    {
        "name": "オオオニバス",
        "message": "「啊呜、嗯啊啊！呜、哈啊、啊啊！\n终于，来了！肉棒，嗯呜，好开心！」"
    },
    {
        "name": "オオオニバス",
        "message": "「哈啊、嗯呜，我会好好疼爱你的哦？\n用我的小穴，当个乖孩子……！\n让你感觉舒服……！」"
    },
    {
        "message": "在暴力的抽插中，两个口腔传达着喜悦。\n这种触感削弱了理性。"
    },
    {
        "name": "オオオニバス",
        "message": "「肉棒颤抖着，好可爱……！\n哈啊、啊啊，我好幸福……哈啊啊！」"
    },
    {
        "name": "オオオニバス",
        "message": "「我、我可能是第一次遇到这种事情了……！\n再用力一点，再多动一点，让那个东西更加活跃起来吧！」"
    },
    {
        "message": "鬼女在桌子上颤抖着感受着快感。"
    },
    {
        "message": "这个景象是我自己创造出来的。\n是我让自己沉溺于快乐之中。\n这是毫无疑问的。"
    },
    {
        "message": "但是，也有一种无法忍受的感觉。\n为了摆脱这种感觉，我伸出手去触摸那扭曲的身体。"
    },
    {
        "name": "オオオニバス",
        "message": "「啊，胸部，好棒啊，呜呜……嘻嘻\n怎么样？我也想要求你……！」"
    },
    {
        "message": "无法将目光从她温柔微笑的美貌上移开。\n完全被她囚禁住了，\n焦躁感开始燃起。"
    },
    {
        "message": "紧握着丰满的乳房，从深处带来快感。\n捏住挺立的乳头，还有拉扯着它们。"
    },
    {
        "name": "オオオニバス",
        "message": "「啊，呜，咕……有点疼，你知道吗？\n啊，不可以，别碰……啊哈哈，啊哈哈」"
    },
    {
        "name": "オオオニバス",
        "message": "「啊，连我的私处也被破坏了……！\n咕噜咕噜地，强行刺激着深处……！\n啊，啊啊啊啊！」"
    },
    {
        "message": "突进的雌性喘息声高得令人担心。\n在那凄叫般的声音下，肉棒愈发猛烈，硬度增加。"
    },
    {
        "message": "她的双腿已经痉挛到无法保持姿势。\n这次轮到我抓住它们，强行削减阴道肉。"
    },
    {
        "name": "オオオニバス",
        "message": "「啊呜呜呜！？真、真的，好、好像……！\n硬生生地，被、被阴茎……啊、啊、啊啊啊啊……」"
    },
    {
        "message": "她嗜虐的心灵仿佛传染开来，变得暴力无度。\n一次又一次地殴打着阴道深处。"
    },
    {
        "message": "没有爱情也没有技巧，正因为这样粗暴的抽送，\n她的眼神逐渐失焦。"
    },
    {
        "name": "オオオニバス",
        "message": "「哈、啊啊啊啊、啊、啊、啊、嗯呀呜……」"
    },
    {
        "message": "只是一团肉无法传达任何信息，只能在抽送中喘息。\n这就是现在的鬼女，\n已经没有了那妖艳的微笑。"
    },
    {
        "message": "然而，凌辱的肉棒仍然渴望着她。\n仿佛只要有肉体的快感就足够了，\n无法停止刺掠蜜壶的动作。"
    },
    {
        "name": "オオオニバス",
        "message": "「呼，呵呵呵……你终于注意到了那张脸……」"
    },
    {
        "message": "突然，只是被贪婪吞噬的阴道肉发生了变化。"
    },
    {
        "name": "オオオニバス",
        "message": "「团长先生也和我一起……呵呵\\n只要有身体，就能感到舒服」"
    },
    {
        "message": "微微晃动的腰部。\\n配合抽送的动作，准确地包裹住肉棒。"
    },
    {
        "message": "无论改变抽插方式还是节奏，都一样。\\n相反，随着抽插的进行，越陷越深入无底泥潭般的快感中。"
    },
    {
        "name": "オオオニバス",
        "message": "「无论做什么都是徒劳……因为我对团长先生的身体……全部都了如指掌」"
    },
    {
        "message": "奥奥尼巴斯的眼中再次闪烁着光芒。\\n不，或许根本就没有消失过，被快感冲昏了头脑。"
    },
    {
        "name": "オオオニバス",
        "message": "「啊哈，小弟弟，好痛苦……在抖动呢？\\n想射吗？想射吗？」"
    },
    {
        "message": "无意识地忍耐着迫近的射精感。\\n不知道为了什么，只是默默忍耐着。"
    },
    {
        "name": "オオオニバス",
        "message": "「忍耐，能坚持多久呢？\\n再插几次，就会射了吗？」"
    },
    {
        "name": "オオオニバス",
        "message": "「明白吗？明白吗？\\n这是自己的小弟弟啊……你明白吧？」"
    },
    {
        "message": "扩散的快感应该是相互的。\\n然而，奥奥尼巴斯的笑容没有改变。\\n只有映在大眼睛里的我，像野兽一样喘息着。"
    },
    {
        "name": "オオオニバス",
        "message": "「我也明白了……吗？\\n再来五次啾啾声……小弟弟就会射出来了」"
    },
    {
        "message": "奥奥尼巴斯的咒语进入耳中。\\n同时，蠕动的肉褶催促着阴茎，安抚着，\\n调整射精的时机。"
    },
    {
        "name": "オオオニバス",
        "message": "「嗯，第一次……呃呃，哈啊，呼呼，\\n哎呀，慢点，你在做什么啊……？」"
    },
    {
        "message": "对于比自己更了解这具身体的奥奥尼巴斯的恐惧。\\n但是，膨胀的性欲不允许停下来。"
    },
    {
        "name": "オオオニバス",
        "message": "「第二次……！哈啊，嗯咕！第三次……！\\n呼，来了吗？精液上升了吗？\\n嗯呼咕，第四次……！」"
    },
    {
        "name": "オオオニバス",
        "message": "「呼，呵呵呵，啊，最后了，团长大人……！\\n下一次就要射出来了，下一次就要射出来了喔……！？」"
    },
    {
        "message": "被缠绕的阴道肉拖入蜜壶的深处。"
    },
    {
        "message": "同时施加的吸吮和挤压。\\n被强大的压力引导，射精欲望超越了极限。"
    },
    {
        "name": "オオオニバス",
        "message": "「呼呼呼，第五次，眼睛……！ 呆呆地抖动着的小弟弟……！\\n啊哈，射出来吧，射出来吧……！\\n精液，好多……射出来呀呀呀呀呀！」"
    },
    {
        "name": "オオオニバス",
        "message": "「嗯嗯嗯嗯……啊啊啊啊……\\n呼，呵呵……第五次射出来了呢……\\n啊啊，好热……」"
    },
    {
        "message": "异常的射精，仿佛血液都变成了精液。\\n被痉挛的肉筒紧紧压缩，精液被吸取出去。"
    },
    {
        "name": "オオオニバス",
        "message": "「哈啊，呼，呵呵，小弟弟……乖孩子，乖孩子\\n就这样全部都射进小妹妹里面，可以吗……？」"
    },
    {
        "name": "オオオニバス",
        "message": "「我会，咕咕地吞下去……\\n不会浪费的，绝对不会……」"
    },
    {
        "message": "模糊的意识中回响着母亲般的声音。\\n除此之外什么都感觉不到，连接下来的话也听不懂。"
    },
    {
        "name": "オオオニバス",
        "message": "「啊啊……我满足了，多亏了这个身体……\\n希望能再次使用，团长大人」"
    },
    {
        "name": "オオオニバス",
        "message": "「在那之前，请好好珍惜♪\\n如果粗暴对待的话……呵呵，会剁掉的哟？」"
    },
    {
        "message": "浮现在视野中的奥奥尼巴斯微笑着。\\n在那之后，意识慢慢沉入了黑暗之中。"
    }
]