[
    {
        "name": "ヒメシャラ",
        "message": "「今天又平安度过了一天，团长辛苦了♪」"
    },
    {
        "message": "回答说多亏了姬夏拉，我把手指穿过她那闪亮的黑发。"
    },
    {
        "message": "正因为她作为副团长的支持，我才能平稳地度过今天。虽然偶尔也得到了贝尔格尼亚的帮助，但这都是多亏了她。"
    },
    {
        "name": "ヒメシャラ",
        "message": "「呵呵……是吗？是吗♪那么……我想要个奖励，可以撒娇吗？」"
    },
    {
        "message": "随你喜欢。微笑着，姬夏拉紧紧地抱住了我。除去被胸脯挤压的丰满乳房，这是像撒娇的孩子一样的动作。"
    },
    {
        "message": "就这样，她用迷人的上眼睑看着我。从她的眼中，流露出明显的热情和好意。"
    },
    {
        "name": "ヒメシャラ",
        "message": "「今夜……请让我来照顾你……我想亲自让你陶醉」"
    },
    {
        "message": "她平时不同的口气，可以说是个信号。我答应了这样可爱的请求，回抱住她，吻住她的嘴唇。"
    },
    {
        "name": "ヒメシャラ",
        "message": "「啾……啾……团长，团长……♪虽然我陶醉了……但今夜我要让你陶醉～啾，嗯呜～」"
    },
    {
        "name": "ヒメシャラ",
        "message": "「今天也是，好大的……嗯嗯，嗯嗯～～♪」"
    },
    {
        "message": "在秘裂中品味着龟头的膨胀，ヒメシャラ陶醉地喘息着。\\n那是一口甜腻而浓烈到让大脑麻痹的气息。"
    },
    {
        "message": "感受到那样的东西，理智是无法保持的。\\n明明只有前端进入了，却不禁向ヒメシャラ索吻。"
    },
    {
        "name": "ヒメシャラ",
        "message": "「啾……啾皮♪\\n呵呵，撒娇的团长也是，我喜欢……\\n啾普，啾普……」"
    },
    {
        "name": "ヒメシャラ",
        "message": "「嗯姆，啾……吸普，嗯嗯呢\\n口中充满了你的口水……满满的……\\n嗯咪呜呜，吸普普，啾普普普」"
    },
    {
        "message": "意识中弥漫着粉色的幸福感。\\n忍不住握住ヒメシャラ丰满的臀部。"
    },
    {
        "name": "ヒメシャラ",
        "message": "「嗯嗯，嗯嗯……啊，再多一点……再多一点\\n不能忍耐了，团长……啾，啾普普」"
    },
    {
        "name": "ヒメシャラ",
        "message": "「现在，插进去……给你\\n嗯嗯，嗯咪呜呜呜～」"
    },
    {
        "message": "伴随着触碰到阴道深处的感觉，\\n充塞而颤抖的喘息吹进了口中。"
    },
    {
        "message": "全身燃烧般的热度。\\n然而，在感受到的一瞬间，舌头缠绕过来，\\n唾液被仔细地咽下。"
    },
    {
        "name": "ヒメシャラ",
        "message": "「嗯，啾啾啾～♪ 嗯嗯，嗯，嗯咕噜噜……」"
    },
    {
        "name": "ヒメシャラ",
        "message": "「啪……啊，好美味\\n你的口水……流淌到肚子底部……变得热热的」"
    },
    {
        "name": "ヒメシャラ",
        "message": "「你也应该感受到……♪\\n我，心跳加速……紧紧地包裹着你的……」"
    },
    {
        "message": "在那样的阴道拥抱中，肉棒流出了欢愉的眼泪。\\n紧贴着，缠绕到龟头的肉褶。\\n稍有松懈就有射精的冲动。"
    },
    {
        "name": "ヒメシャラ",
        "message": "「呵呵……当然嘛\\n因为……我是你的女人」"
    },
    {
        "message": "那是一种自豪的微笑。"
    },
    {
        "name": "ヒメシャラ",
        "message": "「你的形状，厚度，长度，热度……一切，身体都记得\\n无论身在何处，都不会让我感到孤独，\\n正如我曾说过的，绝不容许一刻的忍耐」"
    },
    {
        "name": "ヒメシャラ",
        "message": "「这颗心，这具身体……全部都是属于你的\\n除了你，不会让其他人触碰我的皮肤和头发……」"
    },
    {
        "message": "于是，可爱的宣誓被打断了。\\n眉毛微微蹙起，接下来的话语中带着一些探询的音韵。"
    },
    {
        "name": "ヒメシャラ",
        "message": "「……抱歉，团长\\n唯独让贝尔碰触的事，还请你原谅……\\n梳头发，洗澡，\\n我……如果没有贝尔，什么都做不了……」"
    },
    {
        "message": "正因为她如此细心照顾，\\n所以我才觉得她可爱。\\n应该不会有任何问题。"
    },
    {
        "message": "作为回应，我抚摸了一下握在手中的臀部。"
    },
    {
        "name": "ヒメシャラ",
        "message": "「嗯……是吗……呵呵\\n但是……仅仅摸屁股就够了吗？\\n胸部……也可以触摸的喔？」"
    },
    {
        "message": "虽然是个迷人的提议，但现在只想陶醉在屁股中。\\n这样回答的同时，我的手指游走，品味着柔软的臀部。"
    },
    {
        "message": "仅仅触碰就陶醉不已，男性的本能被激发。\\n她自愿献出自己的事实激发了兴奋，\\n想要尽快射精的愿望甚至都发出撒娇的声音。"
    },
    {
        "name": "ヒメシャラ",
        "message": "「呵呵……你说出了让我开心的话\\n那就这样……好好品味屁股吧♪」"
    },
    {
        "name": "ヒメシャラ",
        "message": "「其他的事情，我会替你去做的……\\n全部都会迷恋上我」"
    },
    {
        "message": "已经变得这样了。我觉得是这样，但是将这想法深深埋藏在心底。\\n我不想打扰那个开始愉快地抽送的ヒメシャラ。"
    },
    {
        "name": "ヒメシャラ",
        "message": "「呼呼……嗯啊、啊呀，啊啊，嗯嗯啊♪\\n噗噗噗……在里面，满满的……摸摸，给你做的喔」"
    },
    {
        "name": "ヒメシャラ",
        "message": "「胸部也是，这样……啊，摩擦得好……嗯\\n全部，都是你的，要让你明白……嗯，嗯啊啊」"
    },
    {
        "message": "粘膜摩擦的同时，眼前的乳房也变得淫荡扭曲。\\n已经硬化的乳头擦在皮肤上，\\n为此增添了更多快感。"
    },
    {
        "name": "ヒメシャラ",
        "message": "「哈啊，啊嗯……越来越大了呢……\\n但还不够呢……还不够的时候，\\n你射精的时候，会更大的……噗噗，嗯嗯，噗噗」"
    },
    {
        "message": "再次的吻，是由ヒメシャラ发起的。\\n在不稳定的姿势中，她用舌尖轻舐着我的舌头。"
    },
    {
        "name": "ヒメシャラ",
        "message": "「嗯嗯，嗯嗯……噗噜噜，噗噗～♪\\n就这样……感觉良好地，让你射出来吧\\n莲花，我会……给你喝的……嗯嗯，噗噗」"
    },
    {
        "name": "ヒメシャラ",
        "message": "「如果是你的话，子宫也会献上的……\\n精液，会溢出来的很多呢……噗噗，噗噗，嗯嗯，噗噜噜～♪」"
    },
    {
        "message": "对于那句致命的话，全身变得更加炽热。"
    },
    {
        "name": "ヒメシャラ",
        "message": "「嗯……又是这样，屁股……嘤，噗噗噗\\n这样的话，动起来就有点难……嗯，噗噗噗，噗噗」"
    },
    {
        "message": "但是，已经无法忍受了。\\n擦动着鼻尖，这样表示歉意，我也主动地动了起来。"
    },
    {
        "name": "ヒメシャラ",
        "message": "「啊啊！嗯嗯嗯！\\n那，那样……团长，不行啦，不行……！」"
    },
    {
        "name": "ヒメシャラ",
        "message": "「我啊，自己……\\n要让你迷得神魂颠倒……是这么说的……！\\n这，这样做的话……哈啊，啊嗯，嗯啊啊！」"
    },
    {
        "message": "紧握的屁股强行动起来，\\n擦过阴道粘膜，一边道歉一边重复着。\\n沉溺于ヒメシャラ，实在是无法自拔。"
    },
    {
        "name": "ヒメシャラ",
        "message": "「那样的事……嗯嗯，嗯嗯嗯！\\n你，真的……太不乖了～♪」"
    },
    {
        "message": "像蜜一样的呻吟责备着，\\nヒメシャラ发出了沉醉的吐息。\\n仿佛被引诱一样，我迎向了她离开的嘴。"
    },
    {
        "name": "ヒメシャラ",
        "message": "「噗噗噗，嗯嗯，噗噗噗噗\\n不再在乎了……我啊，想要在这里结束……嗯嗯，噗噗噗」"
    },
    {
        "name": "ヒメシャラ",
        "message": "「让我高潮吧，拜托了……♪\\n嘴巴、里面、莲花……莲花\\n用你充满，塞满我吧～」"
    },
    {
        "message": "这边也想要，我吹在妃梅夏拉的口中，\\n舌头和性器交织在一起。"
    },
    {
        "name": "ヒメシャラ",
        "message": "「啾啾啾，嗯嗯嗯，啰嗯嗯……喜欢，喜欢的呢\\n太好了，请多关照了，拜托了～\\n嗯嗯嗯，嗯咕噜噜噜噜噜～～～」"
    },
    {
        "name": "ヒメシャラ",
        "message": "「嗯，嗯嗯～……啊，就这样，拜托了……\\n深处，深深地……赐予我子种吧～\\n啾，啾噗噗～」"
    },
    {
        "message": "陶醉而迷离，妃梅夏拉沉浸在极致的感觉中。\\n啜食着唾液和精液，美丽的容颜崩溃。\\n从心底沉醉于她那迷人的姿态。"
    },
    {
        "name": "ヒメシャラ",
        "message": "「噗啊……啊，团长啊……\\n从今以后也，请一直陪着我……\\n作为副团长，一直在您身边，拜托了～」"
    },
    {
        "message": "洋溢着幸福疲惫，妃梅夏拉像撒娇一般抱住了我。"
    },
    {
        "name": "ヒメシャラ",
        "message": "「然后，更进一步的关系，总有一天……\\n啊，团长啊，我……想要很多孩子～」"
    },
    {
        "message": "从那时起，她开始提出了非常具体的请求。"
    },
    {
        "name": "ヒメシャラ",
        "message": "「虽然有很多兄弟会很辛苦，\\n但像贝尔说的那样，快乐的事情也会相应增多……\\n至少……想要十个」"
    },
    {
        "name": "ヒメシャラ",
        "message": "「住的房子最好是大庄园……\\n华丽而绚烂，庭院也要宽敞……\\n贝尔也一起住，房间多一点更好……\\n孩子们的照顾，她一定会负责的……♪」"
    },
    {
        "name": "ヒメシャラ",
        "message": "「当然，不会完全交给贝尔\\n一个一个地拥抱，让你吸我的奶……\\n啊……这样的话，你肯定会……嗯，嗯嗯嗯～♪」"
    },
    {
        "message": "于是，妃梅夏拉的愿望戛然而止。\\n而且，不知为何，她的耳朵变得通红。"
    },
    {
        "name": "ヒメシャラ",
        "message": "「啊，你～，不行啊～，不行了～」"
    },
    {
        "message": "如此高兴而害羞的样子，妃梅夏拉开始痉挛。\\n接下来的妄想，虽然可爱，却让人为难。"
    },
    {
        "name": "ヒメシャラ",
        "message": "「那个奶……是属于那些孩子们的奶～\\n如果用嘴含住……啊、呃啊、啊啊～♪\\n那些孩子们的份额，就会没了～\\n不能喝哦～，吸吸也不行，不～行～～～」"
    }
]