[
    {
        "name": "スイレン",
        "message": "「主人，我应该做些什么呢？」"
    },
    {
        "message": "为了帮助准备明天的讨伐，我叫来了睡莲。\\n睡莲一边接受指示，一边冷静地完成工作。"
    },
    {
        "name": "スイレン",
        "message": "「这个要放在这里……这样可以吗？」"
    },
    {
        "message": "她认真地开始工作，优雅的动作与新娘装扮相得益彰，非常迷人。\\n我情不自禁地抱住了正在工作的睡莲。"
    },
    {
        "name": "スイレン",
        "message": "「哎呀哎呀，今天本来没打算这样的……\\n主人真是个坏坏的人呢。」"
    },
    {
        "message": "睡莲一边说着，一边抚摸着我凸起的下半身。"
    },
    {
        "name": "スイレン",
        "message": "「嗯呼♪ 主人你这坚挺而膨胀的家伙，\\n打算怎么对待我呢？」"
    },
    {
        "message": "睡莲露出迷人的笑容。我无法抵挡她的魅力，将她推倒在床上。"
    },
    {
        "name": "スイレン",
        "message": "「你要进来了吗……\\n把变得又硬又大的东西，放进我里面……嗯啊啊啊啊！」"
    },
    {
        "message": "用有力的力量，将腰部向前推进，将阴茎插入阴道中。"
    },
    {
        "name": "スイレン",
        "message": "「嗯呼呼……里面，好宽……太大了吧\\n哈啊，哈啊，我知道了哦？\\n等不及了吧……呼呼，呼呼呼」"
    },
    {
        "name": "スイレン",
        "message": "「没办法，主人大人……♪\\n请吧？多动一点，享受快感吧？」"
    },
    {
        "message": "温柔的微笑点燃了兴奋之火。\\n随之而来，她亲切地摩擦着缠绕在阴道中的自己。"
    },
    {
        "name": "スイレン",
        "message": "「啊、哈啊、啊啊、嘻嘻！\\n请好好品味一下哦……嗯啊、嗯、嗯呼」"
    },
    {
        "name": "スイレン",
        "message": "「我的身体是专属于主人的……\\n不要客气，尽情地摩擦……射精吧♪」"
    },
    {
        "message": "那种紧密感渗透到腰部，燃起了官能。\\n然而，比起这种快感，还有一件让我兴奋的事情。"
    },
    {
        "name": "スイレン",
        "message": "「哈啊，哈啊……主人大人？」"
    },
    {
        "message": "作为引发这一切的新娘装扮。\\n与作为女仆或花骑士接触时不同的情感被唤起。\\n睡莲一边戏弄着我，一边细心地接纳着我。"
    },
    {
        "message": "膨胀的爱意和占有欲。\\n冲动寻求着与性快感不同的东西。"
    },
    {
        "name": "スイレン",
        "message": "「嗯呼、嗯呣呣！？」"
    },
    {
        "message": "身体前倾，吸住双唇。\\n不顾睡莲睁大的眼睛，伸入舌头，贪婪地享受甜美的口腔。"
    },
    {
        "name": "スイレン",
        "message": "「唔唔唔，啾、啾噗啾噼……嗯啾！\\n主、主人大人……嗯呼……！」"
    },
    {
        "name": "スイレン",
        "message": "「吻……嗯、啾扑、嗯啾！\\n太、太激烈了……呜嗯！」"
    },
    {
        "message": "尽管对深吻感到惊讶，但她拼命接受了舌头的爱抚。\\n沉浸在与她的接吻中，我的腰部动作逐渐变得散漫起来。"
    },
    {
        "name": "スイレン",
        "message": "「嗯呼呼……啾噗，主人大人……\\n仅仅吻吻的话……啾，无法射精哦？\\n阴茎……不用动吗？」"
    },
    {
        "message": "睡莲戏弄地展现出深吻。\\n然而，在她摇曳的眼瞳前，确实闪烁着困惑。"
    },
    {
        "message": "原因，正如她自己所说的那样。\\n她认为是为了射精而被需要。\\n于是，我告诉她现在只想与睡莲相爱。"
    },
    {
        "name": "スイレン",
        "message": "「这样的……嗯！啾、啾噗……\\n不是对待女仆的方式哦」"
    },
    {
        "message": "睡莲困惑地回应了我的吻。\\n她的目光突然转向了自己的服装。"
    },
    {
        "name": "スイレン",
        "message": "「这种……像恋人一样……那个……像、像是新娘一样……」"
    },
    {
        "name": "スイレン",
        "message": "「主人大人，您是打算让我作为新娘来侍奉您吗？」"
    },
    {
        "message": "听到她的问题，我意识到了自己内心的真实想法。\\n我停下了吻，思考着如何回答睡莲。"
    },
    {
        "name": "スイレン",
        "message": "「主、主人大人……？为、为什么一言不发呢？」"
    },
    {
        "message": "听到她无视我的称呼，睡莲露出了不安的表情。\\n经过片刻的沉默后，我微笑着对她说也许那样也不错。"
    },
    {
        "name": "スイレン",
        "message": "「您、您是认真的吗……！？\\n嗯啊，不、不可能……您是认真的吧……嗯呼呼！」"
    },
    {
        "message": "面对出乎意料的反应，睡莲不寻常地慌乱起来。\\n她试图保持冷静，但阴道却颤抖着充满喜悦，紧紧地收缩着，仿佛在撒娇一般。"
    },
    {
        "message": "她让我意识到了自己的真实想法。\\n我顺着这份感觉，重新开始抽送。"
    },
    {
        "name": "スイレン",
        "message": "「嗯啊……！现在，如果那个东西动起来的话……啊啊啊！\\n嗯嗯……太舒服了，会失控的……！」"
    },
    {
        "message": "我一心想让睡莲感到舒服，扭动着腰部。\\n找到了敏感的地方，轻轻地刺激着。"
    },
    {
        "name": "スイレン",
        "message": "「请随意动一动……呜啊啊！\\n这样温柔地刺激着我……啊啊啊！」"
    },
    {
        "name": "スイレン",
        "message": "「只顾着对我喜欢的地方……一直插进来，嗯呜！\\n这样下去，身体和心灵都会……溶化掉的」"
    },
    {
        "message": "用平稳的动作刺激阴道粘膜，\\n浓稠的爱液溢出，使得插入更加顺畅。"
    },
    {
        "name": "スイレン",
        "message": "「哈啊，嗯啊……你不是认真的吧？\\n想要娶我做妻子……嗯呜，一定是我想多了吧……？」"
    },
    {
        "message": "睡莲用充满期待的眼神询问我。"
    },
    {
        "message": "不仅要被她照顾，我也想要回报她。\\n当我表达出这样的想法时，她用手臂遮住了脸，似乎在隐藏什么。"
    },
    {
        "name": "スイレン",
        "message": "「呼呼……嗯呜，太过分了……」"
    },
    {
        "name": "スイレン",
        "message": "「这样的话，我……呼呼，啊啊啊！\\n明明我是女仆的……嗯呜，嗯呜呜，主人啊……！」"
    },
    {
        "message": "睡莲再次露出了脸。\\n她的叫声中充满了撒娇的颤抖。"
    },
    {
        "name": "スイレン",
        "message": "「如果你这么强烈地爱我……嗯呜！\\n我会真心地……想要被你爱上的」"
    },
    {
        "message": "在带来快感和喜悦的同时，睡莲流露出了真心。"
    },
    {
        "name": "スイレン",
        "message": "「请爱我……嗯呜，\\n更多地、主人，请多多地爱我……嗯啊啊！」"
    },
    {
        "message": "她恳求着要被爱，向我示好。\\n为了回应她的心愿，我用力顶入她的深处。"
    },
    {
        "message": "每当龟头顶到子宫口，她都发出娇声，身体扭动起来。"
    },
    {
        "name": "スイレン",
        "message": "「啊啊……太好了，嗯啊！\\n子宫里，被亲吻得好多……呼啊啊啊！」"
    },
    {
        "name": "スイレン",
        "message": "「深处，顶进来了……嗯呜！\\n身体，麻痹了……呼啊啊！啊啊啊！」"
    },
    {
        "message": "当阴茎撞击到子宫时，阴道内部每一次都会嗡嗡作响，纠缠在一起。\\n炽热沸腾的阴道溶化了，激昂的波浪互相冲击着。"
    },
    {
        "name": "スイレン",
        "message": "「子宫也被亲吻了，这样下去的话……哈啊啊！\\n脑海里全是你……呼啊啊！要溢出来了！」"
    },
    {
        "name": "スイレン",
        "message": "「我……再也忍不住了……\\n希望你把精液注入我体内……！」"
    },
    {
        "message": "随着阴道壁的收紧，射精欲望迅速增加。"
    },
    {
        "message": "为了回应睡莲甜美的乞求，\\n我也朝着射精的方向用力抽送。"
    },
    {
        "name": "スイレン",
        "message": "「啊啊，太好了，嗯啊！\\n被你爱着……感觉太美妙了……嗯呜呜！」"
    },
    {
        "name": "スイレン",
        "message": "「知道了这样的事情之后……\\n已经无法满足于只是作为女仆了……啊啊！」"
    },
    {
        "message": "在彼此的快感中狂乱，一直攀升到极致的瞬间。"
    },
    {
        "name": "スイレン",
        "message": "「啊呜呜……不行……嗯啊啊！\\n我……不行了，不行了！」"
    },
    {
        "name": "スイレン",
        "message": "「就这样……请把我娶为你的新娘女仆吧……嗯呜！\\n请把你的精液射进我体内……我想要成为你的一切……嗯呜！」"
    },
    {
        "name": "スイレン",
        "message": "「嗯呜……要来了……啊啊呜，要来了……嗯呜！\\n已经……来了，嗯啊啊啊啊！」"
    },
    {
        "name": "スイレン",
        "message": "「啊啊呜……白色而浓稠的精液……哈啊！\\n充满了我的内部……」"
    },
    {
        "name": "スイレン",
        "message": "「还在流出来……嗯呜！\\n居然射这么多……你想要娶我当新娘的心情是认真的吧」"
    },
    {
        "message": "睡莲感受到射精的势头，露出陶醉的表情。\\n她像痉挛一样颤抖着身体，沉浸在极致的高潮中。"
    },
    {
        "name": "スイレン",
        "message": "「有点像……嗯呜！像是女仆和主人之间禁忌的爱一样，\\n让我感到兴奋……」"
    },
    {
        "name": "スイレン",
        "message": "「想要把女仆娶为新娘……\\n真是个不可思议的主人呢……♪」"
    },
    {
        "message": "睡莲用疲惫的声音戏弄般地咯咯笑着。\\n但她的表情似乎并不完全是在开玩笑。"
    }
]