[
    {
        "name": "スイレン",
        "message": "「啊……那里……那里，感觉很好……主人大人……\\n啊，有点用力……有点用力，但是很舒服……」"
    },
    {
        "message": "水莲负责照顾各种事务，如打扫和洗衣服。\\n作为回报，今天我给她做了按摩。"
    },
    {
        "name": "スイレン",
        "message": "「平时我是给主人按摩的一方，\\n感觉有点奇怪……\\n啊，那里很舒服……感觉很好……」"
    },
    {
        "message": "花骑士是一种需要运用身体的职业，身体经过锻炼，\\n不需要用力揉捏。\\n只需拉伸僵硬的筋膜，促进血液循环。\\n这样就足够了。"
    },
    {
        "name": "スイレン",
        "message": "「啊……太好了……\\n主人大人的手在我全身上滑动……\\n血液循环逐渐变好了……」"
    },
    {
        "message": "从水莲的颈部到肩膀，从肩膀到手臂。\\n再回到肩膀，从肩膀到背部，从背部到腰部，\\n用力涂抹油，轻轻压迫表面。"
    },
    {
        "name": "スイレン",
        "message": "「但是……这个……嗯……\\n不仅仅是血液循环变好了，身体也变得热起来了……\\n就像被主人大人全身爱抚一样……啊……啊呃……」"
    },
    {
        "message": "虽然我们完全没有那个意思，\\n但水莲开始呻吟起来。\\n似乎按摩的舒适感转化成了另一种舒适感。"
    },
    {
        "name": "スイレン",
        "message": "「哈……啊……主人大人……我……我……哈，哈……\\n身体变得火热，嗯……哈，哈……已经，忍不住了……\\n主人大人……请让我感受舒服的感觉吧……」"
    },
    {
        "message": "看着水莲那湿润的眼眸，我无法拒绝她的请求。"
    },
    {
        "name": "スイレン",
        "message": "「啊……主人大人坚硬的阴茎，进来了……嗯嗯！」"
    },
    {
        "message": "我抱住水莲，从后面插入。她全身涂满了油，触感很好。"
    },
    {
        "name": "スイレン",
        "message": "「啊，哈……这个，感觉好舒服……嗯嗯」"
    },
    {
        "message": "只是插入一下，水莲的阴道就会刺激我的阳具颤动起来。她身体发热的说法果然是真的。"
    },
    {
        "name": "スイレン",
        "message": "「啊……太好了，嗯嗯……太棒了，这个……啊……」"
    },
    {
        "message": "虽然不敢相信，但按摩使用的油里面是否添加了春药成分呢？"
    },
    {
        "name": "スイレン",
        "message": "「没有的……成分已经确认过了\\n只是单纯地……嗯嗯……我渴望着主人大人而已……」"
    },
    {
        "message": "水莲说着，扭动着腰部。只是轻轻地动一下，就带来了难以言喻的快感。"
    },
    {
        "name": "スイレン",
        "message": "「自己主动动起来，嗯……这样太不守规矩了……但是，忍不住……嗯……啊……好舒服……」"
    },
    {
        "message": "水莲完全沉浸在快感之中，失去了平常的从容。于是，我决定爱抚她的身体。"
    },
    {
        "name": "スイレン",
        "message": "「啊，嗯嗯……主人大人，您是不是要继续按摩呢？」"
    },
    {
        "message": "我只给水莲背部按摩，前面还没碰过。所以，首先享受一下她的腹部凸起。"
    },
    {
        "name": "スイレン",
        "message": "「那个地方是女生最想隐藏的、最容易长肉的地方……嗯！主人大人居然先碰到那里……真坏……啊啊……」"
    },
    {
        "message": "作为花骑士锻炼出来的水莲，几乎感受不到她腹部的赘肉。但并不是完全没有。肚脐周围特别柔软有弹性。"
    },
    {
        "name": "スイレン",
        "message": "「啊，不要，嗯，肚脐，别摸那里，嗯嗯嗯！」"
    },
    {
        "message": "当我把手指伸进她的肚脐并逗弄时，水莲身体扭动了起来。同时，她的阴道也甜蜜地紧紧包裹住我的阳具。"
    },
    {
        "name": "スイレン",
        "message": "「不要，不要这样坏……」"
    },
    {
        "message": "普通的水莲无法想象，会有像生娘一样的抵抗，血液沸腾了起来。"
    },
    {
        "name": "スイレン",
        "message": "「啊，嗯嗯，主人大人的阴茎，在里面，抖动着，嗯嗯！」"
    },
    {
        "message": "压抑住想要猛烈冲刺的欲望，我伸手去触摸还未尽兴的部位。"
    },
    {
        "name": "スイレン",
        "message": "「……诶！？主人大人！？那里是腋下哦……？嗯嗯！」"
    },
    {
        "message": "从水莲的下腹经过侧腹，手一直往上伸，到达了水莲的腋下。这里也需要好好进行按摩。"
    },
    {
        "name": "スイレン",
        "message": "「啊……被主人大人触碰到那个地方，好害羞……嗯！」"
    },
    {
        "message": "即使是花骑士也无法锻炼到腋下这个部位。水莲的腋下非常柔软，油液发出湿湿的淫荡声音。"
    },
    {
        "name": "スイレン",
        "message": "「主人大人，你的触摸方式好淫荡……嗯嗯……而且，有点痒痒的……啊啊啊……」"
    },
    {
        "message": "总有一天，我想让水莲用腋下为我的阳具服务。"
    },
    {
        "name": "スイレン",
        "message": "「虽然有些特殊……\\n但是，只要主人愿意，随时都可以……嗯……为您效劳……」"
    },
    {
        "message": "听到赤花水莲说出这样的话，我感到非常可爱，轻轻地拥抱着她。\\n她的身体被油润滑着。"
    },
    {
        "name": "スイレン",
        "message": "「啊啊啊啊！」"
    },
    {
        "message": "因为被油润滑着，手有些滑，\\n在手掌上划过乳头的形状。\\n这一下，赤花水莲发出了更大的喘息声。"
    },
    {
        "name": "スイレン",
        "message": "「突然间，嗯，哈啊，哈啊，这样……摸乳头，嗯嗯……\\n哈啊，不要碰我，嗯……」"
    },
    {
        "message": "赤花水莲的阴道在抽搐着。\\n仅仅触碰到乳头就似乎轻微地达到了高潮。"
    },
    {
        "name": "スイレン",
        "message": "「哈啊，哈啊……居然这么敏感……\\n平时绝对不会有这种事的，为什么，为什么……\\n嗯，哈啊，哈啊……啊……嗯嗯！」"
    },
    {
        "message": "重新给赤花水莲的乳房涂抹上油。\\n除了丰满的体积外，形状和柔软度也非常出色。"
    },
    {
        "name": "スイレン",
        "message": "「嗯，啊……明明没有触碰到敏感的地方，嗯！\\n腰部却动了起来……嗯……哈啊，哈啊啊……」"
    },
    {
        "message": "为了不触碰乳头，我将整个乳房抬起，享受着它的重量。重量感也毫不逊色。"
    },
    {
        "name": "スイレン",
        "message": "「主人，嗯……你喜欢胸部吧……啊啊……更多地触摸，可以的哦？被主人触摸着，感觉很舒服……我很开心……啊！」"
    },
    {
        "name": "スイレン",
        "message": "「啊啊啊啊啊！」"
    },
    {
        "message": "得到了允许触摸的许可，现在我要好好地爱抚乳头。用沾满油的指尖揉弄着坚挺勃起的乳头。"
    },
    {
        "name": "スイレン",
        "message": "「指、嗯嗯！哈啊，哈啊，敏感，嗯嗯嗯……！乳头，啊啊……嗯嗯，好舒服……哈啊，哈啊，啊啊，嗯嗯嗯！」"
    },
    {
        "message": "轻轻弹动乳头，赤花水莲的身体颤抖了一下。"
    },
    {
        "name": "スイレン",
        "message": "「那个，好舒服，啊啊啊……！嗯嗯……啊啊……嗯嗯嗯……！」"
    },
    {
        "message": "沉浸在快感中的赤花水莲变得无法抑制，缓慢地抬起阴道。我们呼吸相合，性器相互摩擦。"
    },
    {
        "name": "スイレン",
        "message": "「哈啊，啊啊……嗯……哈啊……主人……嗯嗯……那个……哈啊，好舒服……」"
    },
    {
        "name": "スイレン",
        "message": "「这么慢慢地……动着，嗯……\n深入、摩擦着……哈啊，哈啊……啊啊……\n好像记住了主人的阴茎形状一样……嗯……\n哈啊，啊啊……发痒，发痒……」"
    },
    {
        "name": "スイレン",
        "message": "「啊啊……哈啊……啊啊！\n主人的阴茎，慢慢地进出着……嗯！\n只是这样，啊啊……感觉好舒服……嗯嗯嗯！\n好像要射出来了……！」"
    },
    {
        "message": "细致的抽送和赤花水莲温柔的腰使。\n彼此都能感受到彼此接近高潮。"
    },
    {
        "name": "スイレン",
        "message": "「哈啊……哈啊……啊啊……这么慢慢地，却……！\n比平时更加，嗯嗯！　感觉到了……！\n啊啊……哈啊，哈啊……嗯嗯嗯！\n要射出来了……！」"
    },
    {
        "name": "スイレン",
        "message": "「主人……嗯嗯……主人啊……！\n哈啊，哈啊……我，嗯嗯……我……！　被主人所爱着……！\n要来了……要射出来了……嗯啊啊啊啊啊！」"
    },
    {
        "name": "スイレン",
        "message": "「啊啊啊啊……哈啊，哈啊……嗯嗯……充满了……\n哈啊，哈啊……」"
    },
    {
        "message": "追随着赤花水莲收缩的阴道射精。\n用收缩的阴道和跳动的阴茎，彼此同时达到高潮。"
    },
    {
        "name": "スイレン",
        "message": "「嗯嗯……啊啊……哈啊……好厉害……\n这么舒服，可能是第一次吧……\n全身都被主人包围着，感到愉悦的感觉……」"
    },
    {
        "message": "赤花水莲带着陶醉的表情高兴地说道。"
    },
    {
        "name": "スイレン",
        "message": "「……但是，总觉得输了，很气愤」"
    },
    {
        "message": "一开始看起来很满足的睡莲突然变得不服气。\\n不知不觉中好像赢了。"
    },
    {
        "name": "スイレン",
        "message": "「没想到会被这么舒服，就像是作为女仆输了一样\\n下次我会给主人做按摩\\n请记住这一点哦？」"
    },
    {
        "message": "被对抗心点燃的睡莲露出了傲慢的笑容。\\n感觉好像变成了一件大事，\\n但迫不及待地想要享受油按摩。"
    }
]