[
    {
        "name": "レッドジンジャー",
        "message": "「团长，这是报告书……我确实交了\\n这样一来，本次讨伐就正式全部结束了」"
    },
    {
        "message": "虽然有点晚，但今天的工作终于都处理完了。\\n接过红姜整理的报告书，\\n向他表示感谢。"
    },
    {
        "name": "レッドジンジャー",
        "message": "「没什么大不了的……只是做了件普通的事情\\n讨伐的指挥是你做的，文件的确认也是你做的\\n反而……你辛苦了」"
    },
    {
        "message": "说着，红姜挺起胸膛，敬礼致意。"
    },
    {
        "name": "レッドジンジャー",
        "message": "「失礼了……」"
    },
    {
        "message": "挺拔的表情。笔直的身姿。真是一次出色的敬礼。\\n本来应该回以同样的敬礼。\\n然而，因为工作疲劳导致注意力下降，\\n不由自主地目光落在了红姜丰满的胸部上。"
    },
    {
        "message": "不行不行——立刻移开视线，回以敬礼。\\n然而，红姜并没有错过那一瞬间的目光。"
    },
    {
        "name": "レッドジンジャー",
        "message": "「你……刚才看到了吧\\n对我的……这里感兴趣」"
    },
    {
        "message": "说着，红姜指了指自己的胸部。\\n我不由自主地再次看向她的胸部。目光又转向其他地方……\\n红姜准确地察觉到了我这些飘忽不定的目光。"
    },
    {
        "name": "レッドジンジャー",
        "message": "「又看到了呢\\n这次不只是这里……还看到了其他地方\\n这里，这里，还有这里……还有，这里也……\\n而且，你还在考虑更多的事情……对吧？」"
    },
    {
        "message": "红姜的指尖缓缓地，\\n触摸着棕色的大腿、肚子、颈脖――。\\n然后指向了粉色的嘴唇。"
    },
    {
        "name": "レッドジンジャー",
        "message": "「我知道你想要什么\\n那个……我会给你的\\n今晚一整晚，我会做你想做的事情……」"
    },
    {
        "message": "红姜伸出手，像是邀请跳舞一样。\\n虽然口气还是一如既往，但她的脸颊似乎微微泛红。\\n抑制住激动的心跳，我握住了她的手。然后――。"
    },
    {
        "name": "レッドジンジャー",
        "message": "「嗯……可以插进来了……\\n已经准备好了……」"
    },
    {
        "message": "红姜一边用手张开阴道口，一边说道。\\n粉色的肉裂缝，渴望地颤动着。毫不犹豫地，我插入了勃起的阴茎。"
    },
    {
        "name": "レッドジンジャー",
        "message": "「呼……进来了……\\n但是……可以再深点……\\n要插到底……不然不行哦？」"
    },
    {
        "name": "レッドジンジャー",
        "message": "「可以的……把重量移到这边来\\n对你来说……没有痛苦的\\n嗯……呼……哈啊……对，就这样……」"
    },
    {
        "message": "肉棒慢慢地被吞没。\\n棕色的大腿因插入而溅起的爱液湿润，\\n在月光下闪耀着淫荡的光芒。"
    },
    {
        "name": "レッドジンジャー",
        "message": "「呼……呼……都进去了\\n剩下的就由你喜欢的方式来……\\n只要是你……无论做什么都没关系……所以」"
    },
    {
        "message": "红姜的诱惑让我的下体立刻有了反应。\\n但是，在她冷静的口气中，我稍微感到了一丝……寂寞。"
    },
    {
        "name": "レッドジンジャー",
        "message": "「……怎么了？」"
    },
    {
        "message": "虽然顺其自然来到了这一步，但如果要做这种事情，\\n我也希望能让红姜开心……于是，我在眼前晃动着的大胸部上亲吻了一下。"
    },
    {
        "name": "レッドジンジャー",
        "message": "「嗯……你……看到了那里吧\\n这样……呼……是想要的吗？嗯……\\n没关系，尽情地……舔吧」"
    },
    {
        "message": "温柔地揉捏整个乳房，同时用舌头舔舐乳头。\\n当我用嘴含住乳头时，立刻感觉到它变得坚硬了。"
    },
    {
        "name": "レッドジンジャー",
        "message": "「呼……你的舌头，啊……好热……\\n我的那里……很敏感，啊，嗯……\\n这种温柔的感觉……喜欢……」"
    },
    {
        "name": "レッドジンジャー",
        "message": "「嗯嗯……这个……非常舒服\\n被你在那里舔来舔去的感觉……\\n啊，啊，甚至到腰部都被利用了……」"
    },
    {
        "message": "细致地爱抚，好像解开了她的紧张。\\n渐渐地，我感受到红姜全身的力量逐渐消失。"
    },
    {
        "message": "一边用舌尖舔着乳头，我观察着红姜的表情。\\n然后……我们的目光交汇的瞬间，她脸红了起来，望向了明天。"
    },
    {
        "name": "レッドジンジャー",
        "message": "「……不要看这边啊……\\n你舔我的胸部的表情，好淫荡啊，\\n老实说，我、我、我看不下去了……\\n呜……不要用那样的眼神看着这边……」"
    },
    {
        "name": "レッドジンジャー",
        "message": "「被看到，好害羞啊……非常害羞\\n……呵呵，已经说了不要再看了嘛……」"
    },
    {
        "message": "红姜微微笑了起来。\\n作为回应，我轻轻地吻上了红姜的嘴唇。"
    },
    {
        "name": "レッドジンジャー",
        "message": "「嗯……啾……哈……\\n哈啊……哈啊……那个，再来一次……可以吗？」"
    },
    {
        "message": "我们第二次、第三次亲吻。\\n渐渐地，我们的舌头交织在一起，\\n呼吸也变得急促起来。"
    },
    {
        "name": "レッドジンジャー",
        "message": "「嗯……啾……咔嚓、啾……啾\\n舔舐、舔舐舐、啾吸、呲啪、哈啊、哈啊……\\n嗯、啾、啾、舔舐、舔舐舐舐、呼哈啊、\\n啾、哈啊、哈啊，我喜欢你」"
    },
    {
        "name": "レッドジンジャー",
        "message": "「我喜欢你……哈啊，哈啊……\\n我喜欢你……呼吸急促地说着，\\n我喜欢你……啾、咔嚓、吮吸……哈啊，哈啊……\\n我想一直这样下去，好喜欢你」"
    },
    {
        "name": "レッドジンジャー",
        "message": "「再多一点……做更多的事情……\\n比之前更多地射出来，\\n让我也更加快感……\\n好吗？」"
    },
    {
        "message": "我点头回答了红姜的问题。\\n她露出了满脸的笑容。"
    },
    {
        "name": "レッドジンジャー",
        "message": "「谢谢……我很庆幸，能够爱上你……」"
    },
    {
        "message": "看到红姜的笑容，我的全身都燃烧起来。\\n被涌上心头的情感驱使着，我抓住了她的大腿。\\n然后，敞开双腿，向她展示连接处。"
    },
    {
        "name": "レッドジンジャー",
        "message": "「呀，全都看到了……」"
    },
    {
        "message": "我的阴茎深深地插入了她的秘处，完全暴露在外。\\n红姜脸红心跳，目光却牢牢地锁定着。\\n我加快了冲刺的节奏。"
    },
    {
        "name": "レッドジンジャー",
        "message": "「啊，你这样……呜啊，\\n嗯啊啊，阴茎进出得如此频繁，\\n啊啊啊，我的身体也感到非常愉悦\\n哈啊哈啊，这、这样……！」"
    },
    {
        "name": "レッドジンジャー",
        "message": "「哈啊……呜啊，这种羞耻的事情，只有你特别。\\n绝对、绝对地，只允许你……！\\n只有你……所以……哈啊……！」"
    },
    {
        "message": "我将手指深深插入她的大腿间，\\n进一步张开红姜的双腿，\\n将勃起的肉棒深深地送入。\\n突然，红姜的身体剧烈颤抖起来。"
    },
    {
        "name": "レッドジンジャー",
        "message": "「哈啊，哈啊，嗯嗯！？ 这、这种感觉！」"
    },
    {
        "message": "红姜发出喘息声，身体扭动着。\n不知不觉间，床单已经被汗水和爱液浸湿。\n她的极限已经接近。就像我的阴茎一样――。"
    },
    {
        "name": "レッドジンジャー",
        "message": "「啊啊，你，你要，要射了吗？」"
    },
    {
        "message": "对红姜的问题，我点了点头。\n如果发出声音，很可能就会射出来。"
    },
    {
        "name": "レッドジンジャー",
        "message": "「啊啊，那我忍住！\n因为想要一起达到高潮，所以想和你一起！」"
    },
    {
        "name": "レッドジンジャー",
        "message": "「啊啊，快到极限了……！\n嗯，不行了，还想和你……\n这样在一起……嗯嗯，呜呜呜！\n忍、忍住……！」"
    },
    {
        "name": "レッドジンジャー",
        "message": "「不想一个人达到高潮而抛下你……\n嗯嗯，所以……！」"
    },
    {
        "message": "红姜全身的肌肉绷紧，忍住了高潮。\n锻炼出来的柔韧肌肉――。\n那股力量传遍了阴道，然后传到了阴茎上。\n射精的欲望瞬间达到了极限。"
    },
    {
        "message": "――嘭！咕噜！哗啦啦！\n坚硬如铁的阴茎刺入红姜的身体，发出声音。\n虽然我们早已到达极限，但是由于快感太强烈，腰部无法停止。\n我已经无法点头了。稍有动作，就会立刻射出来。"
    },
    {
        "name": "レッドジンジャー",
        "message": "「啊啊，不行了，我受不了了……！\n可以……可以射了吗？」"
    },
    {
        "name": "レッドジンジャー",
        "message": "「答、答案呢！真是的，不行吗\\n拜、拜托了，只要一句话\\n哈、哈、哈，可以……让我……\\n可以的话，告诉我……嗯……！」"
    },
    {
        "name": "レッドジンジャー",
        "message": "「啊呜呜，要来了，要来了要来了，要来了！！\\n拜托，请快点，快点！和你一起……！\\n只有和你一起……才行！\\n因为我喜欢你……哈、啊…！」"
    },
    {
        "message": "那声音比平时冷静的样子想象不到，\\n它是如此宏大、有力，并且充满爱意。\\n如果不能回应红姜的心情——。\\n我的思绪是否传达过去了，勉强地点了点头。"
    },
    {
        "name": "レッドジンジャー",
        "message": "「啊、啊、啊、可以吗……？\\n可以射了吗……啊、啊啊啊、嗯呀呀呀！\\n不行，停不下来！噗啊啊啊，射、射出来！！\\n噗呀呀呀―――――！！！」"
    },
    {
        "message": "伴随着像撕裂丝绸一样的悲鸣，我也到达了极限。\\n被喷射而上的精液推动着，\\n我向前倾身，吻了红姜。"
    },
    {
        "name": "レッドジンジャー",
        "message": "「啾！嗯嗯！？嗯嗯嗯――――！！！\\n嗯嗯嗯―――――！！！」"
    },
    {
        "message": "阴茎以破裂的势头，喷出大量浑浊的液体。\\n本来应该是一次就结束的量吧。\\n涌出的感觉刺痛得让人难受。"
    },
    {
        "name": "レッドジンジャー",
        "message": "「嗯嗯――！！　嗯、嗯嗯―――！\\n呼、呼呼呼……！」"
    },
    {
        "message": "与红姜的唇紧紧相连，\\n我们一起颤抖在极致的快感中。\\n然后，在大量浑浊液体从阴道口溢出，弄脏床单之际，\\n射精终于停止了。"
    },
    {
        "name": "レッドジンジャー",
        "message": "「呼……哈啊，刚才的吻……让我喘不过气来了……哈啊，哈啊，哈啊……呼，呼呼呼，太激烈了」"
    },
    {
        "message": "我向微笑的红姜道歉。"
    },
    {
        "name": "レッドジンジャー",
        "message": "「没关系……哈啊……哈啊……刚才也……说过了\\n因为我喜欢你……这点事情……无所谓」"
    },
    {
        "name": "レッドジンジャー",
        "message": "「没错……我喜欢你……\\n不只是一晚，每天都想一直这样下去」"
    },
    {
        "message": "我回答说，我也是一样。"
    },
    {
        "name": "レッドジンジャー",
        "message": "「谢谢……没错呢……和你的恋情\\n不只是一天的恋情\\n会一直持续下去的，是真正的恋情呢……嘿嘿」"
    },
    {
        "name": "レッドジンジャー",
        "message": "「嗯……吧嘴唇贴在一起，谢谢你给我美好的恋情……\\n能遇到你真好……」"
    },
    {
        "message": "红姜温柔地吻着，低声说道。\\n那个吻，如同她微笑一样温柔。"
    }
]