[
    {
        "name": "ブラックベリー",
        "message": "「果然我这样的人，和团长君不太相配吧」"
    },
    {
        "message": "黑莓突然说出这样的话。\\n为什么会这样想我完全不知道，\\n她过度谦虚的话接连不断。"
    },
    {
        "name": "ブラックベリー",
        "message": "「嘛，比起我可爱的花骑士有很多呢\\n团长君喜欢的女孩子再多也没关系啦」"
    },
    {
        "name": "ブラックベリー",
        "message": "「前几天，偶然看到团长君……\\n有一个和他亲密相处的花骑士，\\n比起我来，更加般配呢」"
    },
    {
        "message": "看到他和其他花骑士交谈的场景。\\n因此产生了奇怪的误解。"
    },
    {
        "message": "但是我只看到了黑莓一个人。\\n虽然给你带来了误解，\\n但是真心喜欢的只有她一个人。"
    },
    {
        "message": "向她表达真实的感受，低下头希望她能开心起来。"
    },
    {
        "name": "ブラックベリー",
        "message": "「……既然你这么说，\\n就让我确认一下团长君的心意吧……」"
    },
    {
        "message": "如果你能相信我，那就太好了。\\n希望能按照她的愿望去做。\\n说完，接受了靠近我的黑莓。"
    },
    {
        "name": "ブラックベリー",
        "message": "「团长，快一点……想要你进来……嗯嗯嗯……」"
    },
    {
        "message": "一边抓住有弹性的黑莓臀部，\\n一边将坚挺的阴茎吞入。"
    },
    {
        "name": "ブラックベリー",
        "message": "「啊啊……越来越硬了，不断地进来……嗯啊啊……\\n我的里面，变成了团长的形状，你明白吗……」"
    },
    {
        "name": "ブラックベリー",
        "message": "「呼呼……嗯嗯，就这样深入最深处，直接进来……？\\n想要在深处感受到你……」"
    },
    {
        "message": "满足了黑莓的需求，\\n一把拉下抓住的屁股，让龟头到达子宫。"
    },
    {
        "name": "ブラックベリー",
        "message": "「嗯嗯，哈呜呜呜呜呜呜呜……！」"
    },
    {
        "message": "占领的瞬间，我怀中的身体紧张起来。\\n传达出的是安心和愉悦。\\n痛苦和折磨完全不存在。"
    },
    {
        "name": "ブラックベリー",
        "message": "「团长……全部都进到肚子里了哦……\\n这种紧紧塞满的感觉……有点安心……」"
    },
    {
        "message": "对于耳边的告白，没有谎言。\\n然而，声音中除了安心之外还包含其他情绪。"
    },
    {
        "name": "ブラックベリー",
        "message": "「作为回礼，我会动起来的……？\\n虽然不能让你太舒服……\\n我也想回报上次的感谢，团长，你就安静点好了……」"
    },
    {
        "message": "黑莓一边谦虚地表达着嫉妒，\\n一边开始主动摇动腰部。"
    },
    {
        "name": "ブラックベリー",
        "message": "「嗯……啊啊……像这样摩擦着硬硬的东西……嗯嗯呜……用淫荡的方式动起腰部……啊啊……」"
    },
    {
        "name": "ブラックベリー",
        "message": "「为了让你感受到一点快感……我会努力的……\\n团长，像这样……嗯呜呜……在我里面磨擦着……」"
    },
    {
        "message": "尽管有些生硬，\\n黑莓却灵巧地反复进行粘膜摩擦。"
    },
    {
        "message": "随着紧密贴合的阴道肌肉不断摩擦，甜美的刺痛感扩散到腰部。\\n手搭在臀部上的力量也自然而然地增加。"
    },
    {
        "name": "ブラックベリー",
        "message": "「嗯啊……团长，你抓住我的屁股……\\n发生了什么……突然用力握住了……」"
    },
    {
        "message": "那是因为不断感受到阴茎的刺激，使得她的兴奋增加。\\n她自己应该也明白原因。\\n在享受着愉悦的快感的同时，\\n她坦诚地回答了被问到的问题。"
    },
    {
        "name": "ブラックベリー",
        "message": "「呵呵……没想到这么快就能让你高兴起来……」"
    },
    {
        "name": "ブラックベリー",
        "message": "「这样的话……我也能成为与团长相匹配的花骑士了……\\n而且还能好好地回报上次的感谢……真开心……」"
    },
    {
        "name": "ブラックベリー",
        "message": "「更多地……享受吧……？\\n我的小穴……你可以尽情品味……啊、嗯、啊呜」"
    },
    {
        "message": "从握住臀部的手掌中，传达出她对这边的渴望。"
    },
    {
        "message": "积极地扭动着腰部，不断刺激阴茎的动作。\\n对于她充满献身精神的兴奋，双手都充满了力量。"
    },
    {
        "name": "ブラックベリー",
        "message": "「啊、啊啊、啊啊啊、嗯哈啊啊、团长的手好厉害……呜呜呜\\n被这样一下子抱住的话……屁股会变得热热的……」"
    },
    {
        "name": "ブラックベリー",
        "message": "「腰部停不下来了……哈、啊、嗯呜呜……\\n阴茎，要更乱一点……\\n彻底地……想要让你感到舒服……」"
    },
    {
        "message": "就是想要这样。对于比任何人都珍爱的黑莓来说。\\n握紧上下摆动的臀部，希望融化掉的理性。"
    },
    {
        "name": "ブラックベリー",
        "message": "「嗯、啊……团长……♪」"
    },
    {
        "message": "紧接着，阴道肌肉收缩，黏膜和爱液交织在一起。\\n耳边传来的呼唤声中，透露出艳丽的喜悦。"
    },
    {
        "name": "ブラックベリー",
        "message": "「不要说那种让人害羞的话……啊、嗯啊、啊啊呜\\n那样的话……请让我安心地知道，我是被爱着的……」"
    },
    {
        "name": "ブラックベリー",
        "message": "「来吧……更激烈一点！嗯呜、啊呜、啊呜呜、嗯呜呜！\\n一起达到高潮，证明给我看……！只要这样就好了……！哈呜、啊啊、嗯呜！」"
    },
    {
        "message": "黑莓的阴道黏膜紧紧收缩着。\\n她用阴道肉绞缠住，猛烈地刺激着阴茎。"
    },
    {
        "name": "ブラックベリー",
        "message": "「呼、嗯嗯、啊啊呜、啊啊呜\\n粗暴地摩擦着你的阳具……像是在搅动我的肚子一样……哈呜、啊呜呜、嗯呜呜！」"
    },
    {
        "name": "ブラックベリー",
        "message": "「不能让你先射出来哦！？哈啊、呼啊呜、啊啊呜呜！\\n一起，一起达到高潮！一起，一起射出来！」"
    },
    {
        "name": "ブラックベリー",
        "message": "「如果你喜欢我，我们能一起达到高潮吧……！？\\n被搞得乱七八糟，对我来说根本不是问题吧！？」"
    },
    {
        "message": "她毫不留情地用淫荡的腰部动作将他推向射精。"
    },
    {
        "message": "在炽热和爱液中溶化的阴道内反复被侵犯，\\n阴茎膨胀到极限。\\n处于随时可能爆发的状态，\\n紧握着她的臀部，期待着她的高潮。"
    },
    {
        "name": "ブラックベリー",
        "message": "「哈啊啊啊、嗯呜、啊呜、嗯呜呜……\\n团长已经变得好硬了！\\n忍住了，为了我！哈呼、嗯呀、啊啊啊！」"
    },
    {
        "name": "ブラックベリー",
        "message": "「团长，好开心啊！哈啊、啊呜呜！\\n快点，给我热热的！浓稠的精液，想要在子宫里！\\n然后一起达到高潮！我也要高潮了！」"
    },
    {
        "name": "ブラックベリー",
        "message": "「和团长一起射出来！一起射出来……！\\n啊呜、哈啊啊、射出来、啊啊啊！\\n尽情地喷出充满爱意的精液，喷出来吧！\\n把我的阴道填满精液啊啊啊啊！！」"
    },
    {
        "name": "ブラックベリー",
        "message": "「咿呀呀呀……子宫里，被精液注满了……♪」"
    },
    {
        "message": "达到极限喷涌而出的浑浊液体，\\n注入了黑莓的阴道内。\\n同时感受到安心的高潮，\\n阴茎跳动着喷射出精液。"
    },
    {
        "name": "ブラックベリー",
        "message": "「肚子里……充满了团长的爱意……\\n没想到能射这么多……\\n我喜欢这个……感觉被你包围着……好幸福♪」"
    },
    {
        "message": "充满阴道的精液的重量，\\n是由于黑莓热情而激烈的行为而产生的。"
    },
    {
        "message": "低语着，继续安慰着疲惫不堪的身体。"
    },
    {
        "message": "慢慢恢复了呼吸后，黑莓亲昵地靠近他的脸颊。"
    },
    {
        "name": "ブラックベリー",
        "message": "「……对不起，团长……我有点嫉妒，变得有些沉重了……\\n明明工作时会有很多机会和其他花骑士交谈的……」"
    },
    {
        "name": "ブラックベリー",
        "message": "「这是我第一次这么喜欢一个人，所以有点不安……\\n为了不让自己产生奇怪的嫉妒，以后会注意的……」"
    },
    {
        "message": "不只是黑莓一个人道歉。我也承诺不会让你产生奇怪的误解。"
    },
    {
        "name": "ブラックベリー",
        "message": "「嗯……谢谢……温柔的团长，我好喜欢你……♪」"
    },
    {
        "message": "黑莓温柔地靠近，我也温柔地回抱住她。"
    }
]