[
    {
        "name": "オオオニバス",
        "message": "「团长身上有没有受伤，必须确认一下。」"
    },
    {
        "message": "听说你在任务中受伤了，奥奥尼巴斯特意过来看看情况。"
    },
    {
        "message": "奥奥尼巴斯脱下上衣，认真地进行身体检查。颈部只有轻微的擦伤，但氛围有些难以启齿。"
    },
    {
        "name": "オオオニバス",
        "message": "「请小心……这个身体是我珍贵的宝物」"
    },
    {
        "name": "オオオニバス",
        "message": "「绝对不会容许伤害你……即使是团长自己」"
    },
    {
        "message": "手掌坚持地触摸着，带着一丝妖异的动作刺激着皮肤，阴茎也随之反应起来。"
    },
    {
        "message": "奥奥尼巴斯注意到下半身完全勃起了。"
    },
    {
        "name": "オオオニバス",
        "message": "「这么勃起了，已经无法确认伤口了吧……真是没办法的人」"
    },
    {
        "name": "オオオニバス",
        "message": "「那么……呵呵，得先治好这里的肿胀才行」"
    },
    {
        "name": "オオオニバス",
        "message": "「喂，团长……可以进来这里吗？\\n嗯嗯，嗯啊啊啊！」"
    },
    {
        "message": "在奥奥尼巴斯的引导下，坚硬的阴茎被推入炽热湿润的阴道中。"
    },
    {
        "name": "オオオニバス",
        "message": "「嗯嗯……呵呵，小弟弟\\n完全被吞没了哦？」"
    },
    {
        "name": "オオオニバス",
        "message": "「我知道你在颤抖，\\n在我触摸你的时候，你竟然勃起得这么厉害」"
    },
    {
        "message": "奥奥尼巴斯的双手环绕着我的头。\\n然后抱紧我，将我整个人都包裹在她的怀中。"
    },
    {
        "name": "オオオニバス",
        "message": "「因为我的指尖勃起了的小弟弟，\\n已经迫不及待地想要动起来了」"
    },
    {
        "message": "一边确认着肿胀的阴茎触感，奥奥尼巴斯低声说道。"
    },
    {
        "name": "オオオニバス",
        "message": "「没关系，随便动吧……\\n在我的小穴里自慰，直到你满足为止，请尽快舒服吧」"
    },
    {
        "name": "オオオニバス",
        "message": "「否则的话，我就无法好好处理伤口了」"
    },
    {
        "message": "阴茎被阴道肌肉紧紧包裹着。\\n感受到刺激，我发出低沉的呻吟声，奥奥尼巴斯露出了迷人的笑容。"
    },
    {
        "message": "受到她的笑容的启发，我开始前后摆动腰部。"
    },
    {
        "name": "オオオニバス",
        "message": "「嗯呜，啊啊！对了，\\n请用更坚挺的阴茎来冲击我……啊啊！」"
    },
    {
        "name": "オオオニバス",
        "message": "「你可以随意使用我的阴道，\\n尽情享受吧！」"
    },
    {
        "message": "一边小幅度地动着腰部，一边感受着龟头在阴道肌肉中弹跳的刺激。奥奥尼巴斯只是接受着我的单方面抽送。"
    },
    {
        "name": "オオオニバス",
        "message": "「来吧，嗯呜，更用力地搅拌吧\\n用力摩擦着，嗯啊……呵呵，就是这样」"
    },
    {
        "name": "オオオニバス",
        "message": "「啊呜，嗯啊啊，猛烈地侵犯我的阴道……\\n如果你想射精了，随时都可以射出精液哦」"
    },
    {
        "message": "在追求快感的同时，我疯狂地摆动着腰部。甜蜜的刺激从阴茎传遍全身，加快了粘膜的摩擦。"
    },
    {
        "name": "オオオニバス",
        "message": "「啊呜，嗯哈啊！这么用力地摩擦着……\\n感觉像是被团长大人袭击一样」"
    },
    {
        "message": "被她说了我才注意到。从刚才开始一直都是我在动，\\n奥奥尼巴斯只是接受着我的单方面抽送。"
    },
    {
        "message": "不想一味地贪求快感，我想和奥奥尼巴斯一起动起来，享受快感。"
    },
    {
        "name": "オオオニバス",
        "message": "「嗯啊啊，嗯呜……！\\n你看起来好伤心啊……怎么了？」"
    },
    {
        "message": "我向她传达着从开始行动以来我一直没有动腰部。"
    },
    {
        "name": "オオオニバス",
        "message": "「呵呵，你也希望我动吗？\\n想要用阴道多摩擦一下，让阴茎更舒服吧」"
    },
    {
        "name": "オオオニバス",
        "message": "「……那就有一个条件\\n只要你答应了，我会多动动，好好侵犯你的阴茎」"
    },
    {
        "message": "虽然担心会被提出什么困难的要求，但为了享受更大的快感，我还是问了问那个条件。"
    },
    {
        "name": "オオオニバス",
        "message": "「更加珍惜自己的身体……这就是条件」"
    },
    {
        "message": "她提出的条件只有这一个。听到这句话，我有些犹豫，反应迟钝了几秒钟。"
    },
    {
        "name": "オオオニバス",
        "message": "「如果你不能答应的话……今天就一直这样下去吧？\\n……一个人动着腰部，一个人射精……」"
    },
    {
        "name": "オオオニバス",
        "message": "「团长想要更舒服吧？」"
    },
    {
        "message": "为了刺激快感，奥奥尼巴斯的阴道收紧了。"
    },
    {
        "name": "オオオニバス",
        "message": "「我只被团长侵犯也没关系\\n你要怎么做呢？」"
    },
    {
        "message": "想起了曾经触碰过我的皮肤时，她认真的表情。\\n一直都在关心着我的身体的奥奥尼巴斯。\\n只是为了享受快感的自己，感到有些可悲。"
    },
    {
        "name": "オオオニバス",
        "message": "「喂，团长……怎么样呢？\\n你能答应吗……！？」"
    },
    {
        "name": "オオオニバス",
        "message": "「是接受条件还是不接受……快点，给我个答案」"
    },
    {
        "message": "奥奥尼巴斯的双臂紧紧抱住我的头。\\n阴道瞬间吸住了阴茎，仿佛要榨取精液一样。"
    },
    {
        "message": "在她的蠢动中，我匆忙发誓与她的约定。\\n不只是一个人射精，\\n我想和奥奥尼巴斯一起，一直到最后都感受快感。"
    },
    {
        "name": "オオオニバス",
        "message": "「呵呵……真是拼命呢\\n看得出来你快射精了，一目了然」"
    },
    {
        "name": "オオオニバス",
        "message": "「明明受伤了，还在意感觉舒服的事情\\n团长真是……啊，原来在那里呢♪」"
    },
    {
        "message": "那时，我注意到奥奥尼巴斯的目光落在我的脖子上。\\n她用滑动的舌尖舔了舔小小的伤口，淫靡地舔了舔上唇。"
    },
    {
        "name": "オオオニバス",
        "message": "「呵呵……没办法呢\\n那么……按照约定，我会好好侵犯你的阴茎的」"
    },
    {
        "message": "就在那句话说出来的同时，奥奥尼巴斯开始了剧烈的摩擦运动。\\n之前一直压抑着的动作变得非常热情。"
    },
    {
        "name": "オオオニバス",
        "message": "「怎么样？呵呵，\\n比你一个人动阴茎的时候更舒服吗？」"
    },
    {
        "name": "オオオニバス",
        "message": "「我也……嗯啊，啊啊！\\n比之前更加舒服……啊啊！」"
    },
    {
        "message": "奥奥尼巴斯左右晃动着腰部，使阴道肉体蠢动。\\n在那大胆的粘膜摩擦中，她的嘴唇突然吸住了伤口。"
    },
    {
        "name": "オオオニバス",
        "message": "「啾噜……！伤疤……嗯呜呜……在这里弄成这样……不好吧……啾噗，啾噜啾噜！」"
    },
    {
        "message": "奥奥尼巴斯用唇和舌头多次在伤口上涂抹唾液。\\n刺痒的刺激变成了快感，让阴茎更加坚硬膨胀。"
    },
    {
        "name": "オオオニバス",
        "message": "「啾噜……！团长的表情好淫荡……\\n你喜欢被我玩弄伤痕……被侵犯吗？」"
    },
    {
        "message": "她之前的被动态度仿佛是谎言，让我更加兴奋。\\n自然而然地，腰部的抽送也变得更加剧烈，奥奥尼巴斯的娇声在房间里回荡。"
    },
    {
        "name": "オオオニバス",
        "message": "「啊呜、嗯呜呜！那么，我会更加激烈地对待你！\\n用我的阴道好好对待你的阴茎，榨取你的精液！」"
    },
    {
        "message": "从连接处传来的水声越来越激烈。\\n每一次冲刺都像是在榨取一样，阴道肉体的紧缩逐渐提高到极限。"
    },
    {
        "name": "オオオニバス",
        "message": "「嗯啊，哈啊啊！阴茎，\\n快到极限了吗？\\n嗯呜……可爱地颤抖着，想要射精吧」"
    },
    {
        "name": "オオオニバス",
        "message": "「没问题的……呵呵，我会继续动我的阴道\\n嗯啊……哈啊！团长的精子，我会榨取出来的！」"
    },
    {
        "name": "オオオニバス",
        "message": "「啊呜呜、啊啊、嗯哈啊啊！\\n我、我也……快要……要射了……团长，请更加激烈地……吸吮着！」"
    },
    {
        "message": "猛烈地冲击着阴茎，一直攀升到顶点的瞬间。\\n与此同时，奥奥尼巴斯的动作也变得更加有力。"
    },
    {
        "name": "オオオニバス",
        "message": "「嗯呜呜，射出来……嗯啊，从阴茎里射出很多精子，全部都给我小穴里！」"
    },
    {
        "name": "オオオニバス",
        "message": "「快点射吧，来吧！我会接住团长的射精，全部都接住！你的精子积攒了很多……喷到我的小穴里吧！」"
    },
    {
        "name": "オオオニバス",
        "message": "「啊啊啊！哈哈……哈哈哈，精子来了，阴茎在颤抖，热热的东西进到最深处了哦」"
    },
    {
        "name": "オオオニバス",
        "message": "「好……很好，有力的射精……小穴会欢迎它……会更加紧紧地夹住它……」"
    },
    {
        "message": "把积攒的精液全部被奥奥尼巴斯挤出来，阴茎的核心变得柔软起来。"
    },
    {
        "message": "沉浸在射精的余韵中，我感到奥奥尼巴斯的胸口被强力地压住了头部。感受到了无法呼吸的压迫，她在耳边低语。"
    },
    {
        "name": "オオオニバス",
        "message": "「团长的身体是我的东西……如果再弄伤它……我不会原谅你的」"
    },
    {
        "message": "在她认真的声音中，我再次向奥奥尼巴斯保证会小心。"
    }
]