[
    {
        "message": "就算是出于好意而做，结果却未必会如人所愿。"
    },
    {
        "name": "サカキ",
        "message": "「团长……为什么？」"
    },
    {
        "message": "萨卡基抓住我的衣服，仰望着我。\\n眼神中，充满了与上次不同的不安和心痛。"
    },
    {
        "name": "サカキ",
        "message": "「为什么，你……把我撇下了？」"
    },
    {
        "message": "原因是有的。\\n上次夜晚的事情对她来说无论是好是坏，都成为了一种压力。\\n我想她需要时间来面对那个意义，所以我选择与她保持距离。"
    },
    {
        "message": "回答后，萨卡基的表情逐渐变化。\\n从不安到惊讶，然后是安心。\\n但最终，她眼中只剩下了一丝怒火。"
    },
    {
        "name": "サカキ",
        "message": "「原来如此……我明白了\\n但那只是杞人忧天罢了\\n毫无意义，虽然你的关心让我感到高兴……却适得其反」"
    },
    {
        "name": "サカキ",
        "message": "「只是让我感到不安，心痛而已……\\n我已经无法再隐藏了……」"
    },
    {
        "message": "接着，萨卡基拥抱着我，将我的头拉近，热情地吻了下来。\\n打破平时的氛围，变成了一场贪婪的吻。"
    },
    {
        "name": "サカキ",
        "message": "「啾……嗯嗯，啾噗噗噗噗\\n兰长先生……嗯嗯，啾，嗯嗯，啾噗，嗯嗯……忍不住，不行了\\n想再抱一次的……啊，嗯嗯，嗯咩噗噗噗噗！」"
    },
    {
        "message": "然后被推倒，阴茎被拉了出来。\\n甚至无需确认，浓烈的亲吻已经为彼此的准备做好。"
    },
    {
        "name": "サカキ",
        "message": "「哈，嗯噢……嗯嗯啊啊啊啊啊！」"
    },
    {
        "message": "插入时，一点犹豫都没有。\\n在湿润而淫荡的花瓣中，萨卡基一口气全部吞没。"
    },
    {
        "message": "那温暖的迎接，让人不禁屏住呼吸。\\n本能地用力，黏膜的颤动引发了呻吟。"
    },
    {
        "name": "サカキ",
        "message": "「哈，哈，哈……我真的无法忍耐了……」"
    },
    {
        "message": "已经沉溺其中的萨卡基，再次重复着相同的事情。\\n从脸庞和眼中，流露出引诱本能的雌性气息。"
    },
    {
        "name": "サカキ",
        "message": "「动了……再一次，给我……」"
    },
    {
        "message": "那就是，抽插的信号。"
    },
    {
        "name": "サカキ",
        "message": "「啾……啊，哈……啊啦，啾啦啦啦啦\\n哈，啊啊……团长先生……团长先生……啦\\n一直都想要的……一直，一直想要的……啦」"
    },
    {
        "name": "サカキ",
        "message": "「每次回忆起来，肚子里都会变得热烘烘的……\\n甚至梦里都会……但是，自己说出口，却一直做不到……」"
    },
    {
        "name": "サカキ",
        "message": "「所以，那种不自觉的感觉……一直在积蓄……\\n啾……啊，哈……啊啦，好痛苦啊……团长先生！」"
    },
    {
        "message": "不是搓揉，而是如同吮吸般扭动的萨卡基的腰。\\n在不知羞耻的大腿之间，连接处发出淫靡的声音。"
    },
    {
        "message": "在那深处，甜蜜而融化的肉唇舔弄着肉棒。\\n迎头而来，尽情品味着所期待的硬度和大小，\\n贪婪地用咬一口一层层的褶皱挑起欲望。"
    },
    {
        "name": "サカキ",
        "message": "「我真是厉害……啦，啦啦啦啦\\n这样子，好想要……虽然很羞耻……\\n哈，啊啊……动起来，停不下来…………啦」"
    },
    {
        "name": "サカキ",
        "message": "「团长先生也……感觉到了吗？ 看到了吗……？\\n我，变得这么淫荡……啊啦，这么不知羞耻……\\n都是因为你拖延……啦，变得这么，奇怪，了吧？」"
    },
    {
        "message": "在淫乱和媚态中，兴奋不已，目不转睛地盯着变得猥亵的连接部。\\n总是那样挺拔的她竟然被我弄成这样，\\n肉棒猛烈地膨胀，本能的愉悦涌了出来。"
    },
    {
        "name": "サカキ",
        "message": "「啊，啊啊……好羞耻，好羞耻……！\\n刚才那时候，只是被摸了一下胸部，就觉得好羞耻到无法忍受……\\n现在却……啾，我只能想着和你亲热……啦」"
    },
    {
        "name": "サカキ",
        "message": "「没想到自己身上竟然有这样的一面……但既然知道了……我只能承认……嗯，嗯啊啊啊！」"
    },
    {
        "name": "サカキ",
        "message": "「啊，啊啊！ 团长先生，团长先生！ 里面，感觉好舒服！\\n湿湿的，好厉害……嗯啊啊啊！\\n再多一些……让我……让我……啊啊！」"
    },
    {
        "message": "我也请求你。\\n淫荡地呻吟，放荡地摇动着臀部，展示出萨卡基作为雌性的一面。"
    },
    {
        "message": "一旦如此请求，她以愉悦的紧致和猛烈的上下运动回应着。"
    },
    {
        "name": "サカキ",
        "message": "「呼，嗯啊！ 哈啊！ 啊，啊啊嗯啊，嗯嗯啊啊啊！\\n哈，啊啊！ 看呐，团长先生！\\n我，正在喘息着！ 变得，好淫荡！」"
    },
    {
        "name": "サカキ",
        "message": "「因为你的爱抚，因为你的折磨……！\\n我变得如此……嗯，因为你想要我，想要我，想要我……！\\n啊啊啊啊！ 我喜欢，喜欢你，团长先生！」"
    },
    {
        "message": "我也想再看到她更多这样的样子。\\n脑海中涌动的欲望驱使着身体，\\n让萨卡基的双腿张开，更加裸露连接部。"
    },
    {
        "name": "サカキ",
        "message": "「你的视线，好热烈……嗯，嗯啊啊啊！\\n再看一点吧！ 我什么都不会隐藏的！」"
    },
    {
        "name": "サカキ",
        "message": "「湿湿的，淫荡的地方……！\\n用你的眼睛，更加……嗯，更加淫荡地，对待我吧！」"
    },
    {
        "message": "想要这样。\\n热情和快感涌入，思维短路，本能愈发突显。"
    },
    {
        "message": "但仅仅看是不够的。\\n为了回应那雌性的诱惑，冲刺向萨卡基深处。"
    },
    {
        "name": "サカキ",
        "message": "「呼呼呼……！？ 嗯啊啊，啊啊嗯嗯，嗯嗯啊啊啊！\\n啊啊，啊啊啊！ 开心啊！ 到了深处！ 到了！\\n嗡嗡地，来了……！ 啊啊，啊啊！」"
    },
    {
        "name": "サカキ",
        "message": "「再用力冲击……！ 你的，想要的……！\\n因为你拖延，拜托了！\\n呼啊啊啊，啊啊，啊啊嗯嗯，啊啊啊啊！」"
    },
    {
        "message": "两人的腰相互碰撞，干燥和湿润的声音充满整个房间。\\n床的嘎吱声甚至都被淹没在性的喧嚣中，激发欲望的声音缠绕在彼此的身体上。"
    },
    {
        "name": "サカキ",
        "message": "「啊啊嗯嗯，嗯嗯啊！ 很好，呢……！\\n又硬又大……啊啊，刺痛着……！\\n深处，嗡嗡地感觉到了！ 比之前，更舒服，太棒了！」"
    },
    {
        "name": "サカキ",
        "message": "「我，幸福……啊啊，嗯嗯，嗯嗯啊啊啊！\\n和你，连接在一起……啊啊，真的……！\\n但是，但是……还不够！」"
    },
    {
        "message": "随着萨卡基的呼喊，情欲沸腾。\\n微弱的痉挛原因传遍连接部，扩散到全身。"
    },
    {
        "name": "サカキ",
        "message": "「深入一点……拜托了！\\n最深处……黏附在尖端，正在请求着，你应该明白的！\\n这样下去，会……会高潮的……啊啊，会高潮的！」"
    },
    {
        "name": "サカキ",
        "message": "「要的话……哦，用你的精液，想要高潮！\\n为了你拖延的那段时间，给我满满的……满满的，拜托了！\\n啊啊啊，团长，射出来吧，射出来吧！」"
    },
    {
        "message": "不是巫女，也不是花骑士，而是雌性的乞求。\\n忍耐根本不可能。"
    },
    {
        "name": "サカキ",
        "message": "「呼啊啊，嗯嗯啊啊啊啊！ 嗯，来吧，来吧！\\n射在里面，射在里面，射在里面啊啊啊啊啊！\\n用你的充满了的，让我……啊啊啊啊啊啊啊！」"
    },
    {
        "name": "サカキ",
        "message": "「哈呜啊啊……嗯嗯嗯嗯啊啊啊啊啊啊！」"
    },
    {
        "message": "用力握住膝盖，用腰将萨卡基抬起，精液喷涌而出。\\n一次又一次。\\n为了让她更加陶醉，喷出性的热量。"
    },
    {
        "message": "萨卡基的阴道贪婪地吸吮着那白色而混浊的欲望。\\n急促地呼吸，伸出舌头，即使从连接部溢出，\\n仍然渴望生殖液的淫荡身姿。\\n除了被迷住，别无选择。"
    },
    {
        "name": "サカキ",
        "message": "「哈啊，哈啊……肚子，好热啊……♪\\n谢谢，谢谢了……\\n多亏了你，我稍微……平静下来了……」"
    },
    {
        "name": "サカキ",
        "message": "「所以，那个……嗯，嗯嗯\\n团长……那件事，已经……请忘掉吧……」"
    },
    {
        "message": "摆脱了刚刚的绝望，萨卡基动了动腰部，让精液在阴道中融合。\\n行动虽然有，但正如她所说，刚刚的拼命已经淡去。"
    },
    {
        "name": "サカキ",
        "message": "「关于女性经验的问题……我已经决定不再问了……」"
    },
    {
        "message": "感受着迟钝的粘膜摩擦，我回想起曾经被问及这样的事情。"
    },
    {
        "name": "サカキ",
        "message": "「变得淫荡……并不是因为我自己淫荡……\\n而是因为你经验丰富，技巧娴熟……\\n虽然这个问题是为了想要这样认为而提出的……但我觉得自己真是幼稚。」"
    },
    {
        "name": "サカキ",
        "message": "「我是一个淫荡、放荡的女人……\\n与我喜欢的你相爱时，就会变得如此……\\n因为有这样的一面，所以……只能接受而已。」"
    },
    {
        "name": "サカキ",
        "message": "「所以……是吧？ 团长先生」"
    },
    {
        "message": "腰部的蠢动停止了，取而代之的是纤细的手指在蠢动。\\n浸泡在涌出的精液中，同时沿着下腹轻抚，\\n萨卡基带着一抹妖娆的微笑请求着。"
    },
    {
        "name": "サカキ",
        "message": "「在变成这样之前……请你……」"
    }
]