[
    {
        "name": "レインボーローズ",
        "message": "「对团长的心情……控制不住，没办法……\\n所以没能见面的这段时间……希望你能接受我的所有感情……」"
    },
    {
        "message": "被彩虹玫瑰逼问，我也感到高兴。\\n最近大家都很忙，没能有机会独处。"
    },
    {
        "message": "正想着要腾出时间去见她的时候，\\n她却过来见我了，导致了现在的情况。"
    },
    {
        "message": "回想起经过的事情，被无法忍受的彩虹玫瑰推倒了。"
    },
    {
        "name": "レインボーローズ",
        "message": "「啊……啊……嗯嗯……我已经无法忍受了……\\n让我们多多相爱吧……团长」"
    },
    {
        "name": "レインボーローズ",
        "message": "「今天，我主动一次……让你感到舒服……嗯嗯，啊啊啊！」"
    },
    {
        "message": "刚被推倒，坚挺的阴茎引导进湿润的裂缝。\\n顶端就这样被吞没，完全沉浸在充分润湿的阴道中。"
    },
    {
        "name": "レインボーローズ",
        "message": "「啊啊啊……！团长坚硬的命根子，进来了……\\n扑哧扑哧地……在里面摩擦着……哈啊啊……！」"
    },
    {
        "message": "龟头触及到子宫深处，感觉子宫被推挤起来。\\n在这种挤压下，阴道肌肉的紧缩感更加强烈。"
    },
    {
        "name": "レインボーローズ",
        "message": "「嗯嗯……到最深处了……好热，又硬……顶到最深的地方了……我的内心，充满了……」"
    },
    {
        "name": "レインボーローズ",
        "message": "「鸡巴的形状，一清二楚……夹得好紧……嗯嗯\\n确实连接在一起，感觉非常安心……嗯啊啊」"
    },
    {
        "name": "レインボーローズ",
        "message": "「不能见面的这段时间……一直，一直想要这样……\\n所以为了忍耐……感觉，无法抑制了」"
    },
    {
        "message": "凝视着这边的彩虹玫瑰，明显可以看出她很高兴。\\n知道她一直都这么想着我，让我感到很高兴。"
    },
    {
        "message": "在温暖的氛围中，彩虹玫瑰的腰上下摆动着。"
    },
    {
        "name": "レインボーローズ",
        "message": "「嗯啊……啊啊啊，就这样……摆动着腰部……嗯嗯\\n团长的事情，我要让你感到很舒服……！」"
    },
    {
        "name": "レインボーローズ",
        "message": "「嗯嗯……啊啊啊，\\n因为刚才一直是团长在为我做这些……啊啊啊！\\n我想要表示感谢……我要主动一点，为鸡巴服务……」"
    },
    {
        "message": "彩虹玫瑰积极地利用腰部，\\n用交织的阴道肌肉摩擦着阴茎。"
    },
    {
        "message": "随着黏膜摩擦带来的快感增强，一阵甜蜜的酥麻感传遍腰部。"
    },
    {
        "name": "レインボーローズ",
        "message": "「更……更加激烈地，想要彼此相爱……嗯啊啊，啊啊啊，哈啊啊！\n我的感觉……完全无法平息！\n阴茎，想要更多地感受……哈呜！ 嗯啊啊啊！」"
    },
    {
        "message": "沉迷于被追求，我也感到愉悦增加。\n同时激动也变得更强烈，目光停留在上方摇曳的乳房上。"
    },
    {
        "message": "被高涨的情感席卷，紧握着丰满的胸部。\n然后，从下方用力向上冲刺。"
    },
    {
        "name": "レインボーローズ",
        "message": "「嗯哈啊啊……！ 呵呵……嗯嗯，啊啊啊……！\n胸部，被这么用力抓着……嗯啊啊……！\n腰部也被从下方顶进来了……嗯嗯唔！」"
    },
    {
        "name": "レインボーローズ",
        "message": "「我想在里面感受更多的快感……拼命地……\n现在的团长……像个小孩子一样，可爱……哈啊，嗯啊啊！」"
    },
    {
        "name": "レインボーローズ",
        "message": "「啊，嗯唔……好舒服，\n已经无法忍耐了呢……啊啊！\n沉迷于阴茎……一直顶进来……\n在里面感受着吧」"
    },
    {
        "message": "揉捏乳房，同时将阴茎顶向上方，无声地点头。\n看到我因快感而痛苦的反应，她的氛围开始改变。"
    },
    {
        "name": "レインボーローズ",
        "message": "「好的……团长……！ 嗯嗯，啊啊啊\n那么，用姐姐的……胸部和阴道，啊，嗯啊啊啊\n让我们一起……享受很多很多快感吧……！」"
    },
    {
        "message": "她在孩子们面前展示出平时不同的一面。\n只有对着我，阴茎才会增大一圈。"
    },
    {
        "name": "レインボーローズ",
        "message": "「嗯啊啊……现在又……阴茎，变大了……嗯唔！\n在姐姐里面……好好地，感受着呢！」"
    },
    {
        "name": "レインボーローズ",
        "message": "「更多地……团长可以随意对待我哦……嗯啊啊，啊啊！\n一边揉捏着胸部……一边用力吸吮着硬硬的东西……\n姐姐也感觉非常舒服呢」"
    },
    {
        "message": "被挑逗得更加兴奋，感觉变得更加高涨。\n彩虹玫瑰也是如此，自己的兴奋也在不断积蓄。"
    },
    {
        "message": "被紧紧吸附住的阴道肉壁，为了提升她的快感，\n我加强了爱抚和腰部的动作。"
    },
    {
        "name": "レインボーローズ",
        "message": "「呼啊啊！ 啊啊，嗯嗯唔，啊呼呼！\n好厉害，好有力……嗯哈啊，啊哈啊……！\n姐姐的身体……好像要浮起来了……嗯唔唔！」"
    },
    {
        "name": "レインボーローズ",
        "message": "「变得更加淫荡……已经无法忍耐了……！\n被团长的阴茎，快要让我高潮了呢……！」"
    },
    {
        "message": "在从下方热情的冲刺下，彩虹玫瑰也接近极限。\n在剧烈的摩擦中，我也被逼到了边缘，紧握住柔软的果实。"
    },
    {
        "name": "レインボーローズ",
        "message": "「胸部，好刺激地颤动着……哈啊啊，嗯啊啊！\n团长也是，已经无法忍耐了吧……？\n努力地动着，想要一起达到高潮……我感受到了」"
    },
    {
        "name": "レインボーローズ",
        "message": "「哈啊啊……！ 哈呜呜，啊啊啊……！ 真的好可爱呢……哈哈啊！\n如果这样子的话……姐姐会想要团长的精液……深深地注入体内」"
    },
    {
        "message": "紧紧包裹着阴茎的阴道粘膜。\n一边收缩着，一边蠕动着，试图挤取精液。"
    },
    {
        "name": "レインボーローズ",
        "message": "「浓稠而炽热的奶汁……！在姐姐里面，多多射出来哦……\n从团长的阴茎里，直到滴滴答答地喷出来……\n一直在扭动着腰部……！」"
    },
    {
        "message": "彩虹玫瑰振动着淫靡的腰部。\n干燥的撞击声在整个房间回荡。"
    },
    {
        "message": "加速的腰部动作。\n跳跃的快感使理智渐渐消失。"
    },
    {
        "name": "レインボーローズ",
        "message": "「嗯嗯，哈啊啊，啊啊……！\n来吧，射出来吧……射进姐姐的小穴里……\n浓稠的奶汁……尽情地喷射出来吧……！」"
    },
    {
        "name": "レインボーローズ",
        "message": "「不要忍住……尽情地喷射出来……嗯嗯！\n射满姐姐的里面……可以尽情地灌满哦……！\n呼啊啊……！啊啊啊，啊哈哈哈哈哈！！」"
    },
    {
        "name": "レインボーローズ",
        "message": "「嗯啊啊……！团长的奶汁，我能感觉到在流出来……嗯哈啊啊\n可爱地颤抖着，热热而浓稠的奶汁……注入到肚子里了哦……」"
    },
    {
        "message": "一边抓住乳房，一边从战栗的阴茎中不断射出精液。\n彩虹玫瑰露出了迷醉的表情，接受着射精。"
    },
    {
        "name": "レインボーローズ",
        "message": "「小穴……因为很热，已经被填满了……\n你射了很多给我……我非常开心……嗯嗯」"
    },
    {
        "name": "レインボーローズ",
        "message": "「团长……在姐姐里面，感觉很舒服吗？」"
    },
    {
        "message": "彩虹玫瑰看着我，带着挑逗的微笑。\n被她的笑容所激发，我的性欲再次涌上心头。"
    },
    {
        "message": "阴茎恢复了硬度，仿佛与激动的情感相呼应。"
    },
    {
        "name": "レインボーローズ",
        "message": "「嗯啊……！呵呵……团长的……又变硬了……\n还是很兴奋呢……」"
    },
    {
        "name": "レインボーローズ",
        "message": "「阴茎一直硬着不舒服吧……\n要更舒服一点才行……嗯嗯\n不用客气哦……在姐姐里面，尽情地射精吧……」"
    },
    {
        "message": "她带着对待孩子般温柔的笑容。\n以柔和的口吻继续进行下去。"
    },
    {
        "message": "为了将无法容纳在阴道内的精液排出，\n我重新开始抽送着腰部。\n一直不停地将精液射进彩虹玫瑰的体内，\n直到兴奋平息为止。"
    }
]