[
    {
        "name": "ヒメシャラ",
        "message": "「哇噗……！？\\n团长，到底在……！？」"
    },
    {
        "message": "随着床弹簧的声音，小公主轻蔑地瞪着这边。"
    },
    {
        "name": "ヒメシャラ",
        "message": "「突然这样粗暴的事……！\\n说有事就赶过来了吧？\\n明明突然喊我，还让铃声一直担心着……」"
    },
    {
        "name": "ヒメシャラ",
        "message": "「说、事情也没说清楚，就压在床上，什么的……」"
    },
    {
        "message": "责难的口气渐渐消退，变得像蚊子的嗡鸣一样细小。\\n视线前是这边膨胀的下体。\\n只剩下锐利的眼神微微残留，脸颊却泛起红晕。"
    },
    {
        "message": "已经不需要再忍耐了。\\n确实听明白了，是她的话。"
    },
    {
        "name": "ヒメシャラ",
        "message": "「确实是这样说了……\\n啊，真的，已经这么膨胀了……\\n嗯，那个……要抱，吗？」"
    },
    {
        "message": "与上次不同，今夜是我主动凑上去。\\n回应的话语简明扼要，只传达这边的欲望和决心。"
    },
    {
        "name": "ヒメシャラ",
        "message": "「就凭那一句话……嗯呜，啊，衣服被脱掉了……！\\n嘿，团长……那里！」"
    },
    {
        "message": "毫不犹豫地剥去内衣，湿润发光的隐裂映入眼帘。\\n随即露出阴茎，顺着膣道侵入。"
    },
    {
        "name": "ヒメシャラ",
        "message": "「啊啊啊，团长，团长……！嗯，嗯嗯嗯嗯！」"
    },
    {
        "message": "一下子插到根部的瞬间，丰满的乳房剧烈摇晃，喉咙露出。\\n紧接着，紧致的肉褶传达着她的欢愉。"
    },
    {
        "name": "ヒメシャラ",
        "message": "「哈，哈，哈，团，长……」"
    },
    {
        "message": "再次注视着这边的美貌。\\n原本凝视的严峻消失，代之而来的是欢愉的涌现。"
    },
    {
        "name": "ヒメシャラ",
        "message": "「确实，说过……本公主对你，嗯\\n不用再忍耐，当无法忍受时，就用我，这样……」"
    },
    {
        "name": "ヒメシャラ",
        "message": "「啊，可是，嗯嗯，团长……抱歉，嗯\\n本公主，那个……有点，害怕」"
    },
    {
        "message": "确实感觉到的表情说出了像幼童一样的话语。"
    },
    {
        "name": "ヒメシャラ",
        "message": "「并不是因为讨厌……是真的\\n但是，嗯，不习惯，因此……\\n第一次被你这样求，这样需要」"
    },
    {
        "message": "确实，与以往相比，到了这一步，\\n任何人都可能感到害怕。\\n阴道松弛，眼尾垂下，但心灵并非如此。"
    },
    {
        "name": "ヒメシャラ",
        "message": "「啊，所以，所以……嗯嗯，慢，小点」"
    },
    {
        "message": "湿润的瞳孔诉说着某种东西。\\n刺激着保护欲，一种羞耻感传达过来。"
    },
    {
        "name": "ヒメシャラ",
        "message": "「一开始，要温柔一点，想要的是……」"
    },
    {
        "name": "ヒメシャラ",
        "message": "「对于迫切寻求的你，做这样的事……其实，不想说出口\\n然而，这样下去……\\n啊，请，拜托……」"
    },
    {
        "name": "ヒメシャラ",
        "message": "「对于我，要轻柔一点，拜托了……」"
    },
    {
        "message": "对着像幼子一样的呼唤，送上微笑，抚摸着脸颊。\\n然后像揉面团一样，慢慢地动着腰部。"
    },
    {
        "name": "ヒメシャラ",
        "message": "「嗯嗯，嗯嗯，啊啊，感谢，团长……\\n很快，啊啊，就会变得淫荡，因为\\n只是一点点……就这样吧」"
    },
    {
        "message": "不必在意，手掌轻抚着脸颊，持续抚摸着阴道。\\n此刻，不是激烈，而是想要释放妃梢的紧张。"
    },
    {
        "name": "ヒメシャラ",
        "message": "「啊，果然，嗯，喜欢，是的……\\n团长，嗯，喜欢你，是的\\n我，希望能够被你爱着……嗯，嗯嗯」"
    },
    {
        "name": "ヒメシャラ",
        "message": "「阁下的，呼……这么大……\\n啊，如果能够这样温柔对待我……\\n啊，啊啊，我，嗯，我啊……」"
    },
    {
        "message": "在激烈的挺动中，她艰难地呻吟着，目光和心灵被吸引。"
    },
    {
        "message": "希望被迷住，希望被迷住。\\n在一再恳求的情况下，我感到自己正变得坚定。"
    },
    {
        "name": "ヒメシャラ",
        "message": "「哈，啊啊啊……开心，真的\\n你，迷住了我，感觉到了……\\n啊啊，作为女人，被你爱着……」"
    },
    {
        "message": "从湿润的眼眸滴下，触摸着抚摸的掌心。\\n与那份热度一样，妃梢的心灵逐渐展现出性欲的激情。"
    },
    {
        "message": "那种可爱，真是让人难以抗拒。\\n询问是否可以迈入下一个阶段。"
    },
    {
        "name": "ヒメシャラ",
        "message": "「啊，当然可以，是的……\\n我，已经感受到了」"
    },
    {
        "name": "ヒメシャラ",
        "message": "「你的爱，感受到了……\\n已经，不再，害怕了\\n……请尽情，享受吧」"
    },
    {
        "message": "颤抖的双唇勾引起我的欲望。\\n随着升腾的欲望，摆动的乳房顺从地在往复中被爱抚。"
    },
    {
        "name": "ヒメシャラ",
        "message": "「嗯嗯，啊，啊啊，胸部……！\\n啊啊，团长的手指，嗯啊，来，来了！\\n啊啊，嗯，乳头，很敏感，啊啊，啊啊！」"
    },
    {
        "name": "ヒメシャラ",
        "message": "「啊啊，被挠痒了，喜欢，嗯\\n让我感受到你的，嗯，喜欢，喜欢」"
    },
    {
        "message": "喘息的美丽使欲望无法抑制。"
    },
    {
        "name": "ヒメシャラ",
        "message": "「啊啊啊，腿，还，张开……嗯嗯嗯嗯！？」"
    },
    {
        "message": "挤压着身体，夺取了妃梢的双唇。\\n不顾张大的瞳孔，有点强硬地插入了舌头。"
    },
    {
        "name": "ヒメシャラ",
        "message": "「嗯嗯嗯，顽，等一下，\\n啊啊，嗯嗯，嗯嗯，舌头，热，嗯咂咂」"
    },
    {
        "name": "ヒメシャラ",
        "message": "「啪，这样，一次性太……嗯嗯！\\n哈，咂嗯，嗯嗯啊，嗯嗯嗯\\n好热，吸，吸吧，嗯嗯，嗯，咕咕……啪啊！」"
    },
    {
        "message": "为了补充氧气，嘴唇分开，唾液的丝线拉长。\\n展示出纠缠的阴道肉的口腔，\\n妃梢喘着粗气，发出粗重的呼吸。"
    },
    {
        "name": "ヒメシャラ",
        "message": "「哈，哈，嗯，啊，这样……\n团长的，嗯，唾液，我，嗯，喝下去了」"
    },
    {
        "message": "湿润的唇颤抖着，传来这样的话语。\n近在咫尺听到沉醉的呼吸，\n欲望轻松地失控了。"
    },
    {
        "name": "ヒメシャラ",
        "message": "「嗯嗯，啊，又，嗯，男根，好大！\n哈，嘟噗，嗯嗯，激烈，啊，团长！」"
    },
    {
        "message": "在鼻尖触碰的距离下，妃梢的美貌混乱而崩溃。\n停不下来地吸吮，\n用上半身挤压乳房，只将腰强行拍打上去。"
    },
    {
        "name": "ヒメシャラ",
        "message": "「哈，嗯噢噢，来了，是的……！\n虽然难受，吸，嘟噗，吸吸，嗯，嗯嗯～！」"
    },
    {
        "name": "ヒメシャラ",
        "message": "「被团长，全部，宠爱着，哈，嗯噢，吸，嘟噗，嗯嗯嗯！\n乱世，感觉太好了，要坏掉了，要坏掉了！」"
    },
    {
        "message": "可爱的官能尖叫中，腰的刺痛不停歇。\n紧贴的阴道深处更加猛烈，\n抽送、爱抚和吻，将妃梢压在白色的床上。"
    },
    {
        "name": "ヒメシャラ",
        "message": "「哈，哈，嗯嗯嗯，这，太棒了，是的啊！\n这样的，嗯啊，吸，嘟噗，很快，嗯嗯嗯，已经，已经……！」"
    },
    {
        "message": "带着痛苦地颤动的眼帘呼唤着极致的快感。\n确认了那一刻，回到上半身，专注于抽送。"
    },
    {
        "name": "ヒメシャラ",
        "message": "「啊啊，啊啊嗯嗯嗯，啊咕，小穴，好像要爆炸了，啊！\n团长，哈，给我，嘿，请啊，请啊！\n还有，还有，嗯啊，感觉，好的，请啊，请啊！」"
    },
    {
        "name": "ヒメシャラ",
        "message": "「本宫的，小穴！\n用团长的，鸡巴，爽快地，想要，想要！\n啊啊，嗯嗯，一起舒服地，嗯，啊啊啊啊！」"
    },
    {
        "message": "像是紧紧抓住一般的收缩，将精液从根部挤到顶端。\n在催促的压迫感下，深深地沉入肉壶的深处。"
    },
    {
        "name": "ヒメシャラ",
        "message": "「哈啊，嗯啊，啊啊，来了，来了来了嗯！\n本宫，来了，一起，还有，啊啊，一起……！」"
    },
    {
        "name": "ヒメシャラ",
        "message": "「嗯啊，本宫的，里面，啊啊，唔咕嗯嗯……！\n嗯嗯嗯，嗯啊啊啊啊啊啊啊啊啊啊！」"
    },
    {
        "name": "ヒメシャラ",
        "message": "「嗯嗯嗯，啊啊，啊啊啊啊啊……\n鸡巴，弹跳着……嗯，嗯嗯嗯，团长……大、人～」"
    },
    {
        "message": "同时达到巅峰的身体相互压在一起，\n注视着陶醉的妃梢，将全部灌注到最深处。"
    },
    {
        "message": "精液的味道让妃梢的皮肤泛起一阵阵酥麻。\n释放的呼吸黏糊糊地热辣，\n迷离的视线湿漉漉地凝视着阴茎的根部。"
    },
    {
        "name": "ヒメシャラ",
        "message": "「哈，哈，哈……团长，全部，射出来了，吧？」"
    },
    {
        "message": "面无表情地点了点头。\\n自决心拥抱姬夏拉以来，如同凝固的欲望完全地释放在她的体内。"
    },
    {
        "name": "ヒメシャラ",
        "message": "「那，太好了……\\n那么……嗯」"
    },
    {
        "message": "张开双手，投来邀请的目光。\\n伴随着愉悦的疲劳，身体倾斜，与柔软的身体交织在一起。"
    },
    {
        "name": "ヒメシャラ",
        "message": "「嗯……呵呵，团长的压力，真是幸福的负担\\n身体、身体内、心灵，全部都被团长充实着」"
    },
    {
        "message": "沉浸在满足感中，我也一样。\\n然而，也许她更加幸福，我想着这样的事情。"
    },
    {
        "name": "ヒメシャラ",
        "message": "「嘿……团长？\\n我这个愿望……可以说出口吗？」"
    },
    {
        "message": "在温和的低语中，拥抱着湿润的身体。\\n在迷人的祈求之后，她会希望我寻求什么呢？"
    },
    {
        "name": "ヒメシャラ",
        "message": "「我……从今以后，还想要这份幸福」"
    },
    {
        "name": "ヒメシャラ",
        "message": "「被温柔的你追求，我也在追求……\\n两者交织在一起……想要感受你的重压\\n就这样……一直幸福地，生活下去，嗯」"
    }
]