[
    {
        "message": "今天起有件重要的事要做。\\n不瞒你说，是和库库玛的夏祭约会。\\n几天前约好了，\\n迫不及待地等著这一天的到来。"
    },
    {
        "name": "クルクマ",
        "message": "「嘻嘻……団长，你好像很有干劲嘛」"
    },
    {
        "message": "看来她也注意到了我的兴奋。\\n不知怎的，穿浴衣的库库玛让我有些心神不宁。"
    },
    {
        "name": "クルクマ",
        "message": "「啊，那个……団长？\\n虽然被你抱紧很高兴，\\n但现在该快去祭典了吧……」"
    },
    {
        "message": "不自觉地拥抱住了库库玛。\\n阳光还未完全落下，时间上还有点宽裕。\\n稍微撒娇一下应该是可以被允许的。"
    },
    {
        "name": "クルクマ",
        "message": "「嗯……啊，不要摸屁股啦\\n这样要是有其他想法怎么办？\\n花火要开始了，赶不上就不好了哦？」"
    },
    {
        "message": "本来没有打算进行性交，\\n但一说到这个我就有些意识起来。\\n一直很老实的生殖器膨胀起来，\\n脑海中开始充满和库库玛的交融画面。"
    },
    {
        "name": "クルクマ",
        "message": "「不行，団长……真的来不及了」"
    },
    {
        "message": "我虽然能理解库库玛的话，\\n但身体却不听使唤。\\n伸手进浴衣里，玩弄著她的乳房和私处。"
    },
    {
        "message": "嘟嘟的淫靡水声响起，不用多久，伴随着涌上来的欲望，就像雪崩一样倾泻到床上。"
    },
    {
        "name": "クルクマ",
        "message": "「这、这样真的要做吗？」"
    },
    {
        "message": "一句话应答过后，将渴望刺激的阴茎对准裂缝。被爱抚湿润的花蜜瞬间张开，迎接着男性的象征。"
    },
    {
        "name": "クルクマ",
        "message": "「嗯啊啊……一下子，深入……啊啊！！」"
    },
    {
        "message": "并没有慢慢扭入的余地。一口气贯穿子宫口，完全容纳住了那根阴茎。"
    },
    {
        "message": "无论何时插入，都感到狭窄的阴道紧紧地夹住。在这种刺激中陶醉的同时，将克鲁库玛的腿抬了起来。"
    },
    {
        "name": "クルクマ",
        "message": "「嗯！？ 等、等一下……！ 团长先生！？」"
    },
    {
        "message": "像是向正面展示淫荡的嘴唇一样开腿。对于女孩来说，这样的姿势相当羞耻。"
    },
    {
        "name": "クルクマ",
        "message": "「居然被迫穿上这么羞耻的姿势……」"
    },
    {
        "message": "羞耻感让阴道颤动起来。\\n一说出这个事实，克鲁库玛更加害羞了。"
    },
    {
        "name": "クルクマ",
        "message": "「别、别说也知道\\n明明很害羞，却还怦怦地跳个不停……」"
    },
    {
        "message": "这边却因为那个景象而兴奋。\\n下意识地动着腰，\\n摩擦着那敏感的阴道，怦怦有声。"
    },
    {
        "name": "クルクマ",
        "message": "「嗯啊！ 啊啊！ 唔唔……咕、呼、啊啊啊！\\n一开始就这么剧烈……噢、唔唔唔！ 啊、啊啊啊！」"
    },
    {
        "name": "クルクマ",
        "message": "「为什么、为什么这么兴奋呢……！！\\n我知道你喜欢浴衣……！！」"
    },
    {
        "message": "自己也不明白，为什么看到穿浴衣的克鲁库玛\\n会让自己发狂。\\n唯一可以确认的事实是，\\n她非常非常可爱。"
    },
    {
        "name": "クルクマ",
        "message": "「嘻、唔唔、啊、咕噜噜！\\n深、深入了……！！\\n子宫都抬起来了……！！」"
    },
    {
        "name": "クルクマ",
        "message": "「再、再温柔点不行吗……！！\\n哈、啊啊……啊啊啊！ 嗯嗯、啊、咕啊啊！」"
    },
    {
        "message": "现在只能回答，这个请求有点难以满足。\\n总之，现在迫切地想要克鲁库玛。"
    },
    {
        "name": "クルクマ",
        "message": "「那样啊……嗯，啊啊，嗯嗯，咕噜噜！\\n不过，就一次……嗯噢，嗯嗯，啊嗯，啊啊！」"
    },
    {
        "name": "クルクマ",
        "message": "「一次就结束，你答应了哦……！\\n嘻，嗯嗯，啊啊，唔唔，嗯咕噜，啊啊啊！」"
    },
    {
        "message": "关于这一点，我也想妥善处理，这么回答。\\n不过，要不要进入第二回合，只有试过才知道。"
    },
    {
        "name": "クルクマ",
        "message": "「呼，嗯嗯嗯噢……团长先生，我知道您是停不下来的……\\n也知道您不是个坏人……！」"
    },
    {
        "name": "クルクマ",
        "message": "「只是，有时候控制不住自己而已……\\n嘿，啊啊……嗯噢，咕……啊咕，嗯嗯！」"
    },
    {
        "message": "虽然觉得抱歉，但感觉只是不断升温。\\n另一方面，也觉得必须冷静下来。"
    },
    {
        "message": "想要冷静的自己和想要享受与克鲁库玛的行为的自己，\\n心中好像存在两个自己。"
    },
    {
        "name": "クルクマ",
        "message": "「哈，嗯嗯噢……嘻，啊啊啊！ 又被弄得心动了……！\\n太激烈了，小穴一直在反应……！」"
    },
    {
        "message": "发热的甜蜜之地，随着深入感觉越来越好。\\n不言而喻，带来的快感也变得更强烈。\\n更想让她感到心动，享受更愉悦的体验。"
    },
    {
        "message": "就在那一瞬间，恶意的话语脱口而出。\\n看看窗户那边。"
    },
    {
        "name": "クルクマ",
        "message": "「别，别看，不用看也知道映出什么了……」"
    },
    {
        "message": "充满羞耻的声音。\\n如果真的看到了会怎样呢。\\n改变身体的方向，将映在窗户上的身姿展现出来。"
    },
    {
        "name": "クルクマ",
        "message": "「唔唔唔……！真是的，好羞耻啊……！！」"
    },
    {
        "message": "在黄昏的窗户上若隐若现的男女行为。\\n克鲁库玛的阴道在看到的瞬间夹紧了阴茎。"
    },
    {
        "name": "クルクマ",
        "message": "「嗯哈啊啊，啊啊啊……又一次，我的……！！\\n为什么，会这样……！！」"
    },
    {
        "message": "不给休息的时间，继续言语的责难。\\n说实话，我也想正面看一看。"
    },
    {
        "name": "クルクマ",
        "message": "「嗯嗯嗯嗯嗯嗯嗯嗯嗯！？！？团长先生正面看……！！！！」"
    },
    {
        "message": "是不是已经想象出来了，阴道更加紧致了。"
    },
    {
        "message": "为了给予更多羞耻，再次投掷恶意的言辞。\\n居然能够接受这么大的东西，\\n克鲁库玛，你真是个淫荡的女孩。"
    },
    {
        "name": "クルクマ",
        "message": "「呼，呼呼……今天的团长，真是太刻薄了\\n我自己也意识到，已经变成了一个淫荡的女孩\\n我明白的……」"
    },
    {
        "name": "クルクマ",
        "message": "「绝对是团长的错吧？\\n因为团长总是做着激烈的淫荡的事情……」"
    },
    {
        "message": "这可说不准。\\n至少在第一次的时候，是克鲁库玛主动引诱的。"
    },
    {
        "message": "之后还骑在上面主动摆动腰部，\\n请求着被热精液侵犯，\\n更何况克鲁库玛自己说喜欢坚挺的阴茎。"
    },
    {
        "name": "クルクマ",
        "message": "「那、那个……确实说过，\\n那时的我和现在的团长感觉一样，\\n总之就是想和团长感觉良好……」"
    },
    {
        "name": "クルクマ",
        "message": "「一想像和团长发生关系，我的私处就湿润了……\\n因为太想要做爱了……」"
    },
    {
        "message": "今天最羞耻的瞬间，阴茎在悸动。\\n全身充满力量，抽插的热度急剧上升。"
    },
    {
        "name": "クルクマ",
        "message": "「嗯嘻唔呀！！ 呼呼，嗯，啊啊，嗯啊啊啊啊！\\n团长……这、这太舒服了……！」"
    },
    {
        "name": "クルクマ",
        "message": "「咕噫啊，啊呜呜……被戳得这么深，\\n我……要高潮了……嗯，啊啊，噢，呼呼呼！」"
    },
    {
        "message": "我们的状况也是一样的。\\n阴茎膨胀到极限，射精的迹象逼近。"
    },
    {
        "name": "クルクマ",
        "message": "「哈，嗯嗯嗯呜！ 呼，呜呜呜呜！\\n不行，真的……不能再……了！」"
    },
    {
        "message": "克鲁克玛在极限的快感中扭动身体。\\n我紧紧地夹住腿，专心地摇摆着腰部，一心不乱。"
    },
    {
        "name": "クルクマ",
        "message": "「啊啊啊，啊啊啊啊啊！ 不行，不行！\\n只有深处……总是碰到那个地方……！」"
    },
    {
        "name": "クルクマ",
        "message": "「要来了……嗯嗯！ 快要高潮了……嗯啊啊，啊啊啊！\\n呼，嗯咕呜呜……不行不行不行不行，不行啊啊啊啊！！」"
    },
    {
        "message": "龟头渐渐变得炽热。\\n迎接射精的时候无意中意识到，抽插变得急促而有节奏。"
    },
    {
        "name": "クルクマ",
        "message": "「呼啊啊，啊啊，嗯嗯呜，啊啊啊……已经，到极限了……！\\n忍不住，了不起……！」"
    },
    {
        "name": "クルクマ",
        "message": "「要高潮了，嗯嗯嗯呜……要高潮了，要高潮了，\\n要高潮啊啊啊啊啊啊啊呜呜呜呜呜呜呜呜呜呜！！」"
    },
    {
        "name": "クルクマ",
        "message": "「啊啊啊啊啊啊啊啊啊啊！！\\n高潮了……呼呼，呼呼，嗯嗯嗯！！」"
    },
    {
        "message": "仿佛要直接灌注到子宫一样，\\n克鲁克玛的内里被涂成一片白色。"
    },
    {
        "message": "一同迎来巅峰的克鲁克玛，无力地全身颤抖，\\n只用阴道紧紧夹住，引诱着更多的精液。"
    },
    {
        "name": "クルクマ",
        "message": "「呼啊啊，呼呼……嗯嗯，嗯咕呜呜……\\n肉棒，滴滴答答地……射出好多精液」"
    },
    {
        "name": "クルクマ",
        "message": "「嘻，嗯嗯咕，嘻，嘻嘻……太舒服了，\\n头脑里一片空白……呼呼，嗯咕呜呜，呼呼呼……」"
    },
    {
        "message": "紧抱着喘息不匀的克鲁克玛，\\n沉浸在刚射精的狂喜中。\\n二回合的欲望并未涌起。"
    },
    {
        "message": "守约只进行一回合，陷入余韵中，\\n在相互平静之际，已悄然过渡到傍晚到夜晚。"
    },
    {
        "name": "クルクマ",
        "message": "「嗯，没事了……呼吸也平稳了\\n而且，这样下去真的来不及了」"
    },
    {
        "message": "为了烟花尝试站起来的克鲁克玛。\\n然而，即使解开拥抱，也没有从膝盖上动过。"
    },
    {
        "name": "クルクマ",
        "message": "「怎、怎么办呢……\\n浑身哆嗦，甚至站都站不起来了」"
    },
    {
        "message": "看起来，行为太过激烈了。\\n如果可能的话，我想带她去看烟花，\\n但这个愿望会实现吗？\\n如果来不及的话，一定要弥补上。"
    },
    {
        "message": "邀请她参加祭典，也是因为想要进行这样的行为。\\n就算是任性，如果连代价都无法支付，\\n作为人来说就算是走到了尽头吧。"
    }
]