[
    {
        "name": "アカバナスイレン",
        "message": "「…………………诶？」"
    },
    {
        "message": "无法理解自己所处的情况，睡莲陷入了困惑中。"
    },
    {
        "name": "アカバナスイレン",
        "message": "「那个……团长，先生？可以问一个问题吗？」"
    },
    {
        "name": "アカバナスイレン",
        "message": "「那个……为什么突然变成这种情况？」"
    },
    {
        "message": "睡莲呆住也是可以理解的。她整天呆在房间里，被强行带到这里后，突然被剥去了衣服。"
    },
    {
        "message": "然而，这是对整天呆在房间里，避开阳光，只说消极话的睡莲的惩罚。"
    },
    {
        "name": "アカバナスイレン",
        "message": "「令人晕眩的……惩罚？……啊……啊啊啊……我、我……！」"
    },
    {
        "message": "于是，终于意识到自己被暴露出来的局部，羞耻感涌上心头，睡莲的脸红得很快。"
    },
    {
        "name": "アカバナスイレン",
        "message": "「呜、呜呜呜呜！？团、团长先生！？不、不可以！不、不要看那里啊！」"
    },
    {
        "message": "她在床上挣扎着，但被压制住了。\n无论她多么讨厌，都无法停下来。\n毕竟，这是对她的惩罚。"
    },
    {
        "name": "アカバナスイレン",
        "message": "「那、那样……！呜啊啊……我、我被看到了……！\n团长大人，看到了我……的、的真实情况！」"
    },
    {
        "name": "アカバナスイレン",
        "message": "「不、不行了！\n本来就几乎没有能嫁出去的机会！\n这样下去真的就嫁不出去了！！」"
    },
    {
        "name": "アカバナスイレン",
        "message": "「不要了！请放开我！\n我现在就要从窗户跳下去自杀了！」"
    },
    {
        "message": "那可不行。\n为了消除她的抵抗，\n惩罚开始了。"
    },
    {
        "name": "アカバナスイレン",
        "message": "「…嗯？团、团长先生？\n你、你靠得这么近……诶！？\n不会吧！？肯定是我想多了吧！？团、团长先——」"
    },
    {
        "message": "赤花水莲的制止声被无视，\n接近的舌头从下往上舔过那美丽的纵纹。"
    },
    {
        "name": "アカバナスイレン",
        "message": "「嗯呀、嗯啊啊！？不、不行不行！\n团、团长先生！真、真的……嗯啊啊！」"
    },
    {
        "name": "アカバナスイレン",
        "message": "「真、真的……团长先生，\n在舔我的小穴呢……！」"
    },
    {
        "message": "红莲睡莲身体颤抖着，发出刺激的声音。"
    },
    {
        "message": "她丰满而洁白的臀部被抓住，颤抖的身体被固定住。然后，舌头开始全面舔舐她的裂缝。"
    },
    {
        "name": "アカバナスイレン",
        "message": "「嗯啊啊……！不行，团长……！啊啊……这、这样舔舐……嗯啊啊！」"
    },
    {
        "name": "アカバナスイレン",
        "message": "「呼啊……嗯啊！？这、这样吸吮太过分了……！」"
    },
    {
        "name": "アカバナスイレン",
        "message": "「呼啊啊……！里、里面……里面，要出来了！停下……停下来……！团长……！」"
    },
    {
        "name": "アカバナスイレン",
        "message": "「呜呜呜……求、求你了！团长，请停下来！\\n……我还是个处女！\\n不要舔我的小穴，求你了……！」"
    },
    {
        "message": "用嘴唇和舌头，全面爱抚着裂缝。渐渐地，大阴唇和小阴唇变得红润充血，肿胀起来。阴道已经开始滴出爱液。"
    },
    {
        "message": "舌头细致地舔去滴下的爱液。"
    },
    {
        "name": "アカバナスイレン",
        "message": "「呼嘶嘶……！？不、不要……不要啊……！？团、团长在……啊啊……呼呜呜呜……！\\n你在舔我的淫汁……！」"
    },
    {
        "name": "アカバナスイレン",
        "message": "「舔的话，不行啊……这样舔的话，\\n嗯啊啊……不行了啊……！\\n不好吃的……啊啊啊呢！」"
    },
    {
        "message": "享受着源源不断涌出的爱液，\\n接下来用舌尖舔弄起一直在自我主张的阴蒂。"
    },
    {
        "name": "アカバナスイレン",
        "message": "「嗯嗯嗯……！那、那里也不行了啊……！\\n啊啊，嗯嗯……阴蒂……不行了，要变奇怪了！」"
    },
    {
        "name": "アカバナスイレン",
        "message": "「呀啊啊……不行啊，好舒服……！\\n被团长舔着小穴真是太棒了……！」"
    },
    {
        "name": "アカバナスイレン",
        "message": "「喝下了淫荡的汁液……甚至还虐待到阴蒂……！\\n好厉害……感觉太舒服了……！」"
    },
    {
        "name": "アカバナスイレン",
        "message": "「已经……啊呜……真的！真的不能再活下去了，\\n被团长……啊啊……让我做这种事情……！」"
    },
    {
        "name": "アカバナスイレン",
        "message": "「要死了啊……啊啊呜！我、我要死了！\\n嗯嗯嗯……太、太害羞了……！\\n太、太舒服了……啊呜……我要死了啊！」"
    },
    {
        "message": "睡莲的身体变得紧绷起来。\\n"
    },
    {
        "message": "于是，舔着阴蒂的舌头停止了动作。"
    },
    {
        "message": "动摇的是快感不断升华的红花水莲。"
    },
    {
        "name": "アカバナスイレン",
        "message": "「呼、呼哇！？……团、团长，先生？\\n为、为什么……嗯嗯……！」"
    },
    {
        "message": "身体一直升华到极限，红花水莲用像被抛弃的狗一样的眼神看着这边。"
    },
    {
        "message": "然而，在高潮来临之前，不会进行口交爱抚。"
    },
    {
        "name": "アカバナスイレン",
        "message": "「……哈！难、难道，团长，先生……惩罚是指……\\n不是虐待我吗……」"
    },
    {
        "message": "红花水莲终于明白了这种惩罚的含义。"
    },
    {
        "message": "只是让她感到舒服，绝对不让她达到高潮。这就是这种惩罚的内容。"
    },
    {
        "name": "アカバナスイレン",
        "message": "「这、这样啊……可、可是，我已经做到这个地步了……\\n这、这种拖延真是折磨人啊……！」"
    },
    {
        "name": "アカバナスイレン",
        "message": "「阴道好痛苦……！\\n明明已经变得湿湿的了……！」"
    },
    {
        "message": "看着她的高潮平息下来，\\n再次，口舌爱抚重新开始。\\n这次因为湿润，一下子就被猛攻了起来。"
    },
    {
        "name": "アカバナスイレン",
        "message": "「啊……团长……嗯嗯嗯……！\\n又来了……啊啊，嗯嗯……舌头，在里面动起来……！」"
    },
    {
        "name": "アカバナスイレン",
        "message": "「好舒服……啊，团长的舌头……！\\n好舒服……啊，啊啊啊……！」"
    },
    {
        "message": "赤花水莲的身体颤抖着。\\n于是停止了爱抚。"
    },
    {
        "name": "アカバナスイレン",
        "message": "「啊，啊啊啊……再、再多一点，\\n再多一点就……要到了的……！」"
    },
    {
        "message": "她用快要哭出声音的语气说着，恨恶地看着我。\\n然而不久后，她似乎下定了决心。\\n赤花水莲自己张开双腿，向前挺起了腰。"
    },
    {
        "name": "アカバナスイレン",
        "message": "「请……请……！\\n……拜托了！请让我达到高潮！」"
    },
    {
        "message": "透露出的话语是雌性的本能。\\n媚态的表情和撒娇的声音。"
    },
    {
        "name": "アカバナスイレン",
        "message": "「我会好好做的！\\n不会再躲在房间里了！」"
    },
    {
        "name": "アカバナスイレン",
        "message": "「舔我的小穴……请让我高潮！团长说什么我都听，啊啊！我会乖乖的……！」"
    },
    {
        "name": "アカバナスイレン",
        "message": "「舔我的湿湿的极限小穴吧！」"
    },
    {
        "message": "看起来，阿卡巴纳睡莲已经好好反省了。听到那句话后，口交再次开始。这次，我会好好让她达到高潮。"
    },
    {
        "name": "アカバナスイレン",
        "message": "「啊啊啊……！来了！来了！舔我的小穴……真棒！好舒服！」"
    },
    {
        "name": "アカバナスイレン",
        "message": "「一直以来，我都忍耐着……！请再多舔一点……啊啊啊！」"
    },
    {
        "name": "アカバナスイレン",
        "message": "「啊啊……来了！来了……！让我高潮吧！团长用舔我的小穴……我要射了！！！！」"
    },
    {
        "name": "アカバナスイレン",
        "message": "「嗯嗯……啊啊啊啊啊！！！！！！！」"
    },
    {
        "message": "阿卡巴纳睡莲喷出爱液，身体痉挛着迎接高潮。"
    },
    {
        "name": "アカバナスイレン",
        "message": "「啊啊啊……好舒服……我的小穴自己在抽搐……！」"
    },
    {
        "name": "アカバナスイレン",
        "message": "「团长的惩罚……太棒了啊啊……」"
    },
    {
        "message": "阿卡巴纳睡莲露出迷醉的表情微笑着。"
    }
]