[
    {
        "name": "バニーカクタス",
        "message": "「……这样一来，通过商品销售，我们兔耳教不仅能在骑士团内部扩大影响力，还能触及到外部的粉丝群体！」"
    },
    {
        "name": "バニーカクタス",
        "message": "「这样一来，全人类兔耳化计划的实现将更加迅速！呼呼呼！哇哈哈！你们感到惊讶了吗！」"
    },
    {
        "message": "在办公室里，兔耳教的仙人掌一边滚动着表情，一边慷慨激昂地演讲。加上晃动的兔耳，非常可爱。在繁忙的工作结束后，这份可爱是最好的治愈。"
    },
    {
        "name": "バニーカクタス",
        "message": "「喂，你刚才是认真听我说话吗？……喂，突然摸摸我！我和我的耳朵可不是随便让人碰的东西！」"
    },
    {
        "message": "兔耳教的仙人掌挣扎着乱动，突然停下了动作。我以为她会默默地让我摸摸，但看起来并不是那样。"
    },
    {
        "name": "バニーカクタス",
        "message": "「你……为什么要这样摸我？……虽然我有点察觉到了……难道你……你是用色眯眯的眼神看着我的吗？」"
    },
    {
        "message": "听到她的发言，我一瞬间脑袋空白了。嗯，确实，我觉得她很可爱迷人，但如果被误解成那样，我也会感到不安。"
    },
    {
        "name": "バニーカクタス",
        "message": "「什么，这种平凡的反应！？你果然是用淫荡的眼神看着我的吧！呜呜！愚蠢之徒！你这种家伙要受到制裁～！！」"
    },
    {
        "message": "之后，她一直持续着惯用的制裁言论。由于没有尽头，我渐渐感到厌烦。看来对于兔耳教的仙人掌来说，反而需要从我这里接受制裁。"
    },
    {
        "name": "バニーカクタス",
        "message": "「制裁制裁～！呜……你在做什么，放开我！\n哇！？别，别把我抬起来，无礼之徒！\n人类耳朵的风情，你打算带着高贵的兔耳去哪里！」"
    },
    {
        "name": "バニーカクタス",
        "message": "「……嗯？床？床是……啊，笨蛋！\n等等，这样突然变成男女关系可以吗！？哇啊啊！？」"
    },
    {
        "name": "バニーカクタス",
        "message": "「咕，呜呜……\n终、终于连内裤也被脱掉了……！\n而且还这样的打扮……羞耻的地方都暴露出来了……！」"
    },
    {
        "name": "バニーカクタス",
        "message": "「咕呜呜……作为兔耳教的教祖，\n真是太可耻了……咿呀！？」"
    },
    {
        "message": "对着伸出来的屁股用手掌拍了一下，\n兔耳教的仙人掌发出了可爱的声音，身体颤抖了起来。\n这是满足感和征服欲望强烈满足的反应。"
    },
    {
        "name": "バニーカクタス",
        "message": "「呜呜呜……绝对不会原谅你……给我做这种事……！\n你，等会一定会受到制裁的……圣者……好痛……！！？\n等、等一下，你、你这个笨蛋……别、别把手指伸进去啊……！」"
    },
    {
        "message": "无视兔耳教的仙人掌嘟囔着的怨言，\n用指尖轻抚着伸出来的部位，\n然后将手指侵入阴道中。"
    },
    {
        "message": "阴道内已经湿透了，\n轻轻地动动手指，发出湿湿的淫荡声音。\n与此同时，从她的嘴里也传出了妖媚的吐息。"
    },
    {
        "name": "バニーカクタス",
        "message": "「啊啊……嗯嗯……啊啊……！\n笨蛋，停下来……！\n别把手指，插进那种地方……嗯嗯！\n不行，发出湿湿的声音……嗯嗯！」"
    },
    {
        "message": "兔耳仙人掌害羞地脸红了起来。\n但是，现在要插入的可不只是手指，而是阴茎。\n必须要好好松弛一下才行。"
    },
    {
        "name": "バニーカクタス",
        "message": "「诶？你、你真的要做吗！？\n我、我呜呜……现在的话还可以……放、放过我吗？\n制裁也……撤销掉……可以了吧……？」"
    },
    {
        "name": "バニーカクタス",
        "message": "「所以说嘛……嗯呀啊！？」"
    },
    {
        "message": "抽出手指，将勃起的阴茎对准阴道口。\n只要好好松弛，应该能顺利进入。\n插入的刺激让兔耳仙人掌身体绷紧。\n抱歉，制裁已经由我们这边来执行了。"
    },
    {
        "name": "バニーカクタス",
        "message": "「嗯啊……人类的耳朵……那、那么大……\n嗯，啊，不行，啊，别进来……！\n啊！啊！嗯，啊啊啊……！！！！」"
    },
    {
        "message": "稳准地瞄准，用力将阴茎插入。\n龟头深入阴道内，慢慢地完全侵入。\n被紧紧湿润的温暖感包裹着。"
    },
    {
        "name": "バニーカクタス",
        "message": "「呼啊，啊啊啊……好大，好大……！！\n啊，啊，在肚子里……膨胀着……啊啊……太紧了……！\n真的，啊，你的进来了……！！」"
    },
    {
        "message": "虽然看起来有点紧张，但经过仔细松弛的缘故，\n几乎没有疼痛感，顺利地连接在一起。"
    },
    {
        "name": "バニーカクタス",
        "message": "「嗯，嗯呼……呼，嗯呜……！你这样做了，\n我还是不会原谅你的……制、制裁！一定会制裁你的……！」"
    },
    {
        "message": "即使在这种情况下，对于那样的态度的她，才需要制裁。\n而且，更重要的是，我的制裁才刚刚开始。\n抓住她纤细的腰部，慢慢开始动起腰来。"
    },
    {
        "name": "バニーカクタス",
        "message": "「呜！？啊，嗯，咕嗯……！嗯，啊啊！！\n笨、笨蛋，你在动……啊，不行吧……！！\n啊，在肚子里翻腾着……呜……！！」"
    },
    {
        "name": "バニーカクタス",
        "message": "「啊，嗯，好大……！啊，好大的东西……！\n里面摩擦得好多，嗯，啊……这样不行吧……！\n竟然做这种事……啊，不行了……你这个笨蛋……！」"
    },
    {
        "message": "每次将阴茎插入阴道中时，兔耳仙人掌的身体就会抽搐，并展现出可爱的反应。\n看起来她相当地感受到了。"
    },
    {
        "name": "バニーカクタス",
        "message": "「呜，啊呜呜……笨、笨蛋……！\n这样，被、被强迫着侵犯……还感觉……嗯啊！？」"
    },
    {
        "name": "バニーカクタス",
        "message": "「啊，不行，深处，深处，那里……\n啊，顶住顶住，不行了……！」"
    },
    {
        "message": "然后我也发现了兔耳仙人掌的弱点就在深处。\n既然如此，就重点攻击那里吧。\n我拉近她的身体，猛烈地摇晃着腰部。"
    },
    {
        "name": "バニーカクタス",
        "message": "「啊，啊，啊！嗯咕……咕嗯……！！啊！\n不行，那里，只、只有那里……弱点、只有弱点……！\n呜呜，啊，不行了这个……真的、不行啦……！！」"
    },
    {
        "name": "バニーカクタス",
        "message": "「好舒服啊，啊，在撞击着阴茎、好舒服……！\n深处、顶端来回摩擦，不行啊……！啊，啊呜！\n好舒服，这个、太危险了……啊，啊啊啊……！！」"
    },
    {
        "message": "我能感觉到她发出的喘息声变得更加迷人。\n看来，她的头脑也被快感所淹没了。"
    },
    {
        "message": "确认了这一点后，我加快了最后的冲刺。\n每次腰部撞击都伴随着交合的声音，节奏越来越快，\n与兔耳仙人掌娇喘声混合在一起，在房间里回荡。"
    },
    {
        "name": "バニーカクタス",
        "message": "「嗯，嗯……！！啊，这真的太危险了……！\n被这样对待，啊，头脑都要糊涂了……！\n太舒服了，啊，嗯，要糊涂了……！！」"
    },
    {
        "name": "バニーカクタス",
        "message": "「嗯，嗯啊！？啊，啊！\n好舒服，啊，好舒服……！！」"
    },
    {
        "message": "预感到高潮即将来临，兔耳仙人掌紧紧抓住床单。\n与此同时，我的极限也即将到来。"
    },
    {
        "name": "バニーカクタス",
        "message": "「啊啊，要来了……我要来了……！！\n被人类的耳朵侵犯，被人类的团长的阴茎，我要来了……！\n来了，嗯嗯啊，啊，嗯啊啊啊……！！！！！」"
    },
    {
        "name": "バニーカクタス",
        "message": "「啊，啊啊，呼……哈哈，哈哈，哈哈……！\n啊，好舒服，来了……！嗯，啊……！\n从未经历过如此舒服的事情……！」"
    },
    {
        "message": "在第一次高潮中，兔耳仙人掌发出娇声，\n她的身体颤抖着。与此同时，我也大量射精进入她的阴道。\n她的阴道肌肉一次又一次地挤压着我的跳动的阴茎。"
    },
    {
        "name": "バニーカクタス",
        "message": "「呜呜，呜……哈哈，哈哈，哈哈……！\n啊，在肚子里……好温暖……\n好多东西在流出来，我知道……！」"
    },
    {
        "message": "沉浸在阴道射精的快感中，她倒在床上，脸上露出迷醉的表情。"
    },
    {
        "message": "看到这一幕，我意识到自己做得太过火了，感到后悔。\n这样的话，真的很可能会受到惩罚。\n我问道：你还好吗？然而……"
    },
    {
        "name": "バニーカクタス",
        "message": "「唔唔……啊，唔唔……好、好舒服……\n嗯，好舒服……太危险了……」"
    },
    {
        "message": "兔耳仙人掌被初次的快感所迷倒，\n展现出与平时不同的妖艳可爱之姿。\n如果能一直看到这样的样子，就算受到惩罚也无所谓了。"
    }
]