[
    {
        "name": "ブラックベリー",
        "message": "「团长君教会了我很多第一次的事情」"
    },
    {
        "message": "黑莓用害羞的笑容说道。\\n脸颊泛起红晕，表达出自己的感受。"
    },
    {
        "name": "ブラックベリー",
        "message": "「当我嫉妒其他女孩子时，或者想起团长君时，会感到幸福的心情……\\n有很多无法预测的事情」"
    },
    {
        "name": "ブラックベリー",
        "message": "「所以，谢谢你……我非常喜欢团长君♪」"
    },
    {
        "message": "听到她传达的心意，我的心脏热烈地跳动起来。\\n这是因为我也觉得黑莓非常可爱。"
    },
    {
        "name": "ブラックベリー",
        "message": "「嗯，虽然我觉得就算是被喜欢上也不会开心……\\n但是，我还是想好好表达我的感受」"
    },
    {
        "message": "这也太谦虚了吧。被黑莓告白，怎么可能不开心呢。"
    },
    {
        "message": "我将心中的喜悦传达给黑莓，紧紧地拥抱着她。\\n看到她微微吃惊的表情，我凑近了她的脸庞。"
    },
    {
        "name": "ブラックベリー",
        "message": "「团、团长……嗯，亲……嗯嗯……」"
    },
    {
        "message": "在交换吻的同时，激情变得更加强烈。\\n就这样，彼此互相追求着。"
    },
    {
        "name": "ブラックベリー",
        "message": "「嗯嗯呃，啊啊……硬硬地，碰到了……嗯啊啊……」"
    },
    {
        "message": "我将淤血而肥大的阴茎推入黑莓的阴道中。\\n在膨胀的阴道壁中慢慢前进。"
    },
    {
        "name": "ブラックベリー",
        "message": "「团长君的……变得这么大了呢……\\n里面，完全张开了……啊啊……嗯呜」"
    },
    {
        "name": "ブラックベリー",
        "message": "「因为我是第一次……所以希望你使劲顶进去……\\n这样应该不会很疼……」"
    },
    {
        "name": "ブラックベリー",
        "message": "「拜托了，团长君……进到最深处……\\n把我的第一次奉献给你……一直都在想象着呢……」"
    },
    {
        "message": "她真诚地表达了对我好感。\\n在她的促使下，我插入了最深处。"
    },
    {
        "name": "ブラックベリー",
        "message": "「咿呀……嗯啊啊、嗯呜呜呜呜呜……！」"
    },
    {
        "name": "ブラックベリー",
        "message": "「嗯……咳、一番奥地方，感觉到了硬硬的……\\n肚子里，成为了团长君的形状……」"
    },
    {
        "message": "撕裂处女膜，龟头触及阴道深处。\\n在破处的疼痛和子宫被压迫的冲击下，黑莓的粘膜不断收缩。"
    },
    {
        "message": "感受到活跃的阴道肌肉的动作，同时询问黑莓身体的负担。"
    },
    {
        "name": "ブラックベリー",
        "message": "「没事的……这种疼痛我之前就预料到了……完全没关系……」"
    },
    {
        "name": "ブラックベリー",
        "message": "「比起那个……内心变得温暖了……\\n能与喜欢的人连结在一起，心里充满幸福……」"
    },
    {
        "message": "黑莓用充满热情的眼神看着我说道。\\n受到她纯真的情感，我的心也开始怦怦乱跳。"
    },
    {
        "name": "ブラックベリー",
        "message": "「动起来吧，团长君……希望你能一直爱着我……」"
    },
    {
        "message": "我也想与黑莓尽情地相爱。\\n低声回答着，开始前后摆动腰部，同时爱抚她的乳房。"
    },
    {
        "name": "ブラックベリー",
        "message": "「啊呜……嗯嗯……在里面磨擦得好硬……啊啊……\\n还有胸部，也要多摸摸哦……嗯啊」"
    },
    {
        "name": "ブラックベリー",
        "message": "「因为是第一次，不知道该怎么做……啊呜……\\n我的身体，希望团长君随意……使用它……」"
    },
    {
        "message": "回应她的关心，同时进行爱抚和抽送，低语着给黑莓带来幸福。"
    },
    {
        "name": "ブラックベリー",
        "message": "「嗯啊啊……你现在说这种话……真是作弊啊……\\n肯定会变得开心的……\\n我会更喜欢团长君的……胸口热烘烘的……嗯嗯，呀呜」"
    },
    {
        "name": "ブラックベリー",
        "message": "「肚子里渐渐有了奇怪的感觉……嗯嗯，呀呜\\n虽然是第一次……但已经一点都不疼了……」"
    },
    {
        "message": "止住失去处女的疼痛，黑莓开始品尝到前所未有的刺激。每次接受爱抚和抽送，她的身体都会颤抖并做出反应。"
    },
    {
        "name": "ブラックベリー",
        "message": "「啊啊，呼呼，嗯嗯……身体好热……啊啊\\n这个，有点出乎意料……刺痛来得好快……\\n多亏了你，我……哈啊，嗯嗯，啊啊」"
    },
    {
        "name": "ブラックベリー",
        "message": "「团长君的，好厉害……里面，摩擦着……啊啊，嗯嗯，啊啊\\n胸部也，刺痛得……有点麻痹的感觉……呜呜」"
    },
    {
        "message": "虽然对于这种前所未有的刺激感到困惑，黑莓却用甜美的声音呻吟着。她可爱的反应让我既高兴又兴奋。"
    },
    {
        "name": "ブラックベリー",
        "message": "「这样一下子，头脑就会变得混乱……啊啊，啊、啊啊\\n被团长君如此深爱着……啊啊啊」"
    },
    {
        "message": "接受快感，涌出的爱液。\\n阴道不再紧张，湿润增加的内壁给阴茎带来了甜美的刺激。"
    },
    {
        "message": "在奏响淫荡的水声的阴道内往复时，下腹部的甜蜜麻痹感越来越强。随着快感的增加，呼吸变得急促起来。黑莓微笑着注视着我的样子。"
    },
    {
        "name": "ブラックベリー",
        "message": "「激烈一点，团长……胸部和阴道……可以随便对待我……」"
    },
    {
        "name": "ブラックベリー",
        "message": "「只要是团长，就算被搞得乱七八糟也没关系……多摇动腰部，努力的阳具……更舒服一点……？」"
    },
    {
        "message": "本能地动动腰部，想要享受快感。黑莓鼓励着涌上心头的欲望。"
    },
    {
        "message": "短暂地表达了感谢之词，一边热情地爱抚乳房，一边加快了腰部的动作。"
    },
    {
        "name": "ブラックベリー",
        "message": "「啊啊、呀呀、呼呼、嘿唷……！好厉害……哈啊、啊啊、嗯嗯！阳具，乱蹦乱跳的……！」"
    },
    {
        "name": "ブラックベリー",
        "message": "「插进来……更加乱搅我的阴道……哈呜！我的身体，任由团长使用吧……！」"
    },
    {
        "message": "黑莓渴望着激烈的行为，用甜美的声音表达出来。我被她引诱着，继续热烈地爱抚充满热情的阴道。"
    },
    {
        "name": "ブラックベリー",
        "message": "「哈呜、嗯嗯、啊啊、呼呀、\\n阴道好热，刺痛，深处收缩着，疼痛……啊啊啊！」"
    },
    {
        "name": "ブラックベリー",
        "message": "「我、要……要来了……嗯嗯、嗯呜、啊啊啊……头脑乱了，身体颤抖……呀呜！」"
    },
    {
        "name": "ブラックベリー",
        "message": "「团长君……！啊呜、啊啊、嗯啊啊……！我要高潮了……！小穴，要高潮了！」"
    },
    {
        "message": "黑莓的阴道粘膜感受到高潮的迹象，开始颤动。从紧密贴合的粘膜中感受到快感即将爆发的预兆。"
    },
    {
        "message": "为了同时达到高潮，紧握乳房的手用力进行猛烈的抽插。"
    },
    {
        "name": "ブラックベリー",
        "message": "「哈啊、啊啊、嗯嗯、要射了、啊啊啊……用阳具射出来，被团长君弄得射出来了……！」"
    },
    {
        "name": "ブラックベリー",
        "message": "「呀呜、嗯嗯、啊啊啊……要高潮了，高潮高潮高潮……啊啊啊、啊啊、啊、呼啊啊啊啊啊啊！」"
    },
    {
        "name": "ブラックベリー",
        "message": "「嗯呜、啊啊啊……小穴好舒服，感觉好棒……呀呜呜」"
    },
    {
        "name": "ブラックベリー",
        "message": "「这种感觉，我……第一次……身体轻飘飘的……嗯，脑袋里一片空白……」"
    },
    {
        "message": "黑莓全身颤抖着，尝试着第一次的高潮。紧握住她的乳房，将积攒的浑浊液体全部释放出来。"
    },
    {
        "name": "ブラックベリー",
        "message": "「团长君的精液，好多……从阴茎喷射出来……」"
    },
    {
        "name": "ブラックベリー",
        "message": "「热热的，渗透进了肚子里……好暖和啊……」"
    },
    {
        "message": "黑莓接收着精液，直到阴茎的震颤停止。感受到灌注进阴道的热量，发出舒服的呼吸声。"
    },
    {
        "name": "ブラックベリー",
        "message": "「哈呼呼……和喜欢的人做爱，真是幸福呢……真的，超出了我的预期呀……」"
    },
    {
        "message": "感受到超乎想象的幸福感，黑莓放松了表情。对她露出迷人的笑容，我也回以微笑，再次亲吻她的唇。"
    }
]