[
    {
        "name": "クルマユリ",
        "message": "「看啊！来瞧瞧我的溜溜球绝技！\n嘿！嘿！就是这样！」"
    },
    {
        "message": "车百合展示了她的特技溜溜球。\n周围的人们发出了热烈的欢呼声。"
    },
    {
        "message": "大家纷纷称赞，笑容满面地注视着车百合。\n车百合一边展示着自己擅长的杂耍，一边玩起了杂耍，进一步提升了观众的兴奋度。"
    },
    {
        "name": "クルマユリ",
        "message": "「嘿嘿，还有更多精彩的节目呢！\n大家请留意～～！！就是这个～～！！」"
    },
    {
        "message": "看着这样可爱的场景，但每次追随她的身影，\n我突然想起了那天我们身体交融的事情。"
    },
    {
        "message": "不禁注意到她健康的大腿、弹力十足的胸部和臀部线条。\n现在，可能只有一个人用这样邪恶的眼光盯着她了。\n我闭上眼睛，摇了摇头，告诉自己这是不对的。"
    },
    {
        "name": "クルマユリ",
        "message": "「……团长！」"
    },
    {
        "message": "不知何时，车百合就在我面前看着我。\n似乎她停止了表演。\n然后她轻轻伸长身子，将脸靠近我的耳边。"
    },
    {
        "name": "クルマユリ",
        "message": "「不要老是用那种淫荡的眼神盯着我啊。\n作为花骑士团的团长，在外面也不能露出那种表情吧？\n所以……好吗？我们去一个能够两个人独处的地方吧？」"
    },
    {
        "message": "我无法拒绝车百合的邀请。\n在她牵着我的手的带领下，我们悄悄离开了现场。"
    },
    {
        "name": "クルマユリ",
        "message": "「嗯……真是的，你让我勃起得这么硬……\n呵呵呵，团长真是让人困扰啊。」"
    },
    {
        "message": "车百合压在我身上，嘴角微微上扬地说道。\n她灵巧的手指拿出我的阴茎，轻轻触摸着。\n仅仅这样一点刺激，就让它跳动起来。"
    },
    {
        "name": "クルマユリ",
        "message": "「哇，它跳动了……呵呵\n真是精力充沛啊……那么，我要好好疼爱你\n插进来吧……嗯嗯……！！」"
    },
    {
        "message": "车百合抬起臀部，将顶端对准了凹陷处。\n然后慢慢坐下去。\n阴茎被温暖而滑腻的感触所包裹。"
    },
    {
        "name": "クルマユリ",
        "message": "「啊……嗯嗯嗯……团长的确非常硬，\n嗯，又大又硬……哈哈，\n它正好适合我的里面」"
    },
    {
        "message": "目光落在连接处，阴茎完全插入了阴道。\n这个淫荡的景象让我无法抑制兴奋。"
    },
    {
        "name": "クルマユリ",
        "message": "「在我的子宫里颤抖着……你让它变得这么大……\n从我表演的时候开始，\n你就一直让它变得这么大吧？」"
    },
    {
        "message": "车百合用像恶作剧的孩子一样的表情问道。\n对于这样的问题，我无法回答。"
    },
    {
        "message": "看着我不回答，车百合开始扭动腰部。\n我忍不住发出了快感的呻吟声。"
    },
    {
        "name": "クルマユリ",
        "message": "「只有团长一个人吗？你一直用那种淫荡的眼神看着我，\n以为我没有察觉到吗？」"
    },
    {
        "message": "她的腰部动作逐渐加快。\n仿佛在责难着我一样。"
    },
    {
        "name": "クルマユリ",
        "message": "「可惜，我早就察觉到了哦？\n当然啦，被那样炽热的目光盯着，我马上就注意到了」"
    },
    {
        "name": "クルマユリ",
        "message": "「你看到我的胸部晃动了，对吧？\n嗯，来吧……可以摸哦？你在看表演的时候，\n一定想象着摸我的胸部吧？」"
    },
    {
        "message": "车百合抓住我的手，让它自己触摸乳房。\n突如其来的举动让我无法抵抗，手掌感受到柔软的触感。"
    },
    {
        "name": "クルマユリ",
        "message": "「怎么样？开心吗？\n刚才大家都在看，那个备受瞩目的女孩子的\n胸部，你现在正在摸着哦？」"
    },
    {
        "name": "クルマユリ",
        "message": "「刚才有那么多人在场……只有团长一个人能看到\n我这样的模样……是什么感觉呢？」"
    },
    {
        "message": "面对她的问题，我还是无法回答，只能揉捏着她递过来的乳房。\n此刻我只能做这些，而车百合默默地凝视着我揉捏着乳房的样子。"
    },
    {
        "name": "クルマユリ",
        "message": "「嗯嗯……啊，嗯嗯……团长……哈，嗯嗯……！\n胸部，好舒服……嗯，啊啊……！\n果然，你就是想要这样的吧……啊，啊啊！」"
    },
    {
        "message": "车百合对胸部的爱抚发出了迷人的声音。\n看起来她也感受到了快感。"
    },
    {
        "name": "クルマユリ",
        "message": "「当然了，理所当然吧……因为……\n一直以来团长都用那种淫荡的眼神看着我吧？」"
    },
    {
        "name": "クルマユリ",
        "message": "「嗯……被团长这么喜欢的人这样看着我？\n当然会……变成这样了吧……嗯！」"
    },
    {
        "message": "顺便一提，在这个时候我才注意到。\n她的阴道从一开始就湿透了。"
    },
    {
        "name": "クルマユリ",
        "message": "「我也和团长在一起……被团长看着……只是被看着而已，\n就变得这么淫荡了」"
    },
    {
        "name": "クルマユリ",
        "message": "「被团长这样看着……我很开心……\n嗯，所以……嗯嗯……我的私处，湿透了哦？」"
    },
    {
        "message": "车百合的腰部动作停止了。\n取而代之的是阴道紧紧地夹住了阴茎。"
    },
    {
        "name": "クルマユリ",
        "message": "「哈，哈……嗯，团长……对不起\n你知道吗，我也和团长一样……变得像个淫荡的孩子」"
    },
    {
        "name": "クルマユリ",
        "message": "「所以……想要……团长的小弟弟……在这里猛烈地插进来吗？\n想要的话……给我很多，小弟弟，拜托了？」"
    },
    {
        "message": "听到她带着哭腔的告白，我开始用腰部猛烈地抽送。\n当阴茎顶端碰触到阴道深处时，发出了湿润的声音。"
    },
    {
        "name": "クルマユリ",
        "message": "「啊啊……来了！小弟弟深处……啊啊……！\n团长的，到达了……啊，啊啊啊！」"
    },
    {
        "message": "车百合的身体在我的身体上跳动。\n每一次都让她年轻的胸部颤动起来。\n我用手掌托起她的乳房，并揉捏着。"
    },
    {
        "name": "クルマユリ",
        "message": "「啊啊……好厉害，啊，好激烈……！\n自己动和被动完全不同……啊啊！我喜欢这个！」"
    },
    {
        "name": "クルマユリ",
        "message": "「果然，嗯，我喜欢这个……！！\n被团长这样一下一下地插着……啊啊，好喜欢……！！」"
    },
    {
        "message": "阴道紧紧地收缩着。\n从刚才开始，大量的爱液从连接处溢出，弄脏了彼此的身体。"
    },
    {
        "name": "クルマユリ",
        "message": "「已经……啊啊……要高潮了……！\n被团长……啊啊……！\n被团长弄到高潮了呜呜……！！啊啊……！！」"
    },
    {
        "message": "车百合的身体不停地抽搐着。\n看到这样的情景，我也很快达到了极限。"
    },
    {
        "name": "クルマユリ",
        "message": "「啊，要……射了……！团长，我，啊啊，要射了！！\n看着……用淫荡的眼神看着我！\n我要射了……啊，想让团长看到……！！」"
    },
    {
        "name": "クルマユリ",
        "message": "「啊，射了……！！团长，喜欢你……啊啊啊！\n喜欢喜欢你……嗯嗯，啊啊啊啊啊！！！！！」"
    },
    {
        "name": "クルマユリ",
        "message": "「呼啊……啊，啊啊……啊啊啊……\n嗯，哈哈，哈哈……射了……射出来了哦……哈哈，哈哈\n团长……看到了吗？」"
    },
    {
        "message": "我轻轻地拥抱着她颤抖的身体。\n我一直注视着她的一切。\n从未见过如此美丽的景象。"
    },
    {
        "name": "クルマユリ",
        "message": "「嗯，真的吗？嘿嘿……开心……团长，喜欢你……！\n非常喜欢……嗯嗯……！」"
    },
    {
        "message": "她紧紧地抱住我。\n我轻轻地拍着她的背。\n车百合露出了开心的微笑。"
    },
    {
        "name": "クルマユリ",
        "message": "「团长看起来也很舒服呢……\n我也看到团长很舒服的样子了」"
    },
    {
        "message": "我们稍微分开身体，对视着，车百合害羞地说道。"
    },
    {
        "name": "クルマユリ",
        "message": "「从现在开始，我……会继续吸引团长的目光的哦？」"
    }
]