[
    {
        "name": "サンダーソニア",
        "message": "「团长的声音……更近一些，\n请再让我听到更多」"
    },
    {
        "message": "夜晚，来到自己房间的雷音娜，\n一边眼中泛着泪花，一边低语着，将身体靠近这边。"
    },
    {
        "name": "サンダーソニア",
        "message": "「已经，无法忍耐了……\n团长，请……」"
    },
    {
        "message": "抱住靠近的她，\n然后一起移动到床上。"
    },
    {
        "name": "サンダーソニア",
        "message": "「嗯嗯！！ 到、到最深处，已经全部进去了吗？\n嗯，团长，先生……啊啊啊」"
    },
    {
        "message": "面对面坐着，坐在这边的雷音娜\n大口地呼出一口气。"
    },
    {
        "message": "正如雷音娜所说，\n挺立的雄起完全被阴道吞噬。"
    },
    {
        "name": "サンダーソニア",
        "message": "「肚子，满满的……里面都变成了团长先生的形状，\n嗯嗯……非常宏伟，太棒了」"
    },
    {
        "message": "随着呼吸的吐息，雷音娜低语着，\n这边也称赞着感觉很好。"
    },
    {
        "name": "サンダーソニア",
        "message": "「啊啊……嗯嗯，团长的声音，这么近……那个，再一次，拜托了，而且，如果可以的话，在耳边……」"
    },
    {
        "message": "顺便说一下，雷音娜对声音很敏感。而且，她经常说她喜欢我的声音。"
    },
    {
        "message": "满足你的要求，我在雷音娜的耳边轻声细语。"
    },
    {
        "name": "サンダーソニア",
        "message": "「啊啊啊……果然，团长的声音，好喜欢……」"
    },
    {
        "message": "一边露出迷醉的表情，雷音娜流露出声音。这样真的好吗？"
    },
    {
        "name": "サンダーソニア",
        "message": "「是、是的！团长的声音……真的很舒服，非常美妙……而且，是的」"
    },
    {
        "name": "サンダーソニア",
        "message": "「仅仅听到团长的声音，我就感觉到，变得这么兴奋，湿润了起来……嗯嗯」"
    },
    {
        "message": "正如雷音娜所说，阴道已经湿润，爱液从阴道深处溢出。"
    },
    {
        "name": "サンダーソニア",
        "message": "「唔唔，对不起，变得这么淫荡……但是一听团长的声音，就忍不住……嗯」"
    },
    {
        "name": "サンダーソニア",
        "message": "「团长大人，您讨厌这样的女孩吗？您是不是鄙视我？」"
    },
    {
        "message": "像这样害羞地问我，真是的，团长大人不可能讨厌的。相反，我觉得她为自己变得如此兴奋而感到高兴。"
    },
    {
        "name": "サンダーソニア",
        "message": "「好高兴……团长大人……嗯嗯」"
    },
    {
        "message": "雷音娜闭上眼睛，靠近我的嘴唇。作为回应，我也贴上了我的嘴唇。"
    },
    {
        "name": "サンダーソニア",
        "message": "「嗯嗯，啾……啾……嗯嗯……嗯嗯，我和团长大人，接吻了，嘿嘿」"
    },
    {
        "message": "雷音娜害羞地微笑着。她平时的保守与现在的反差让我的心感到痒痒的。"
    },
    {
        "name": "サンダーソニア",
        "message": "「团长大人，再亲我一点……嗯嗯，啾，啾，啾……嗯嗯嗯」"
    },
    {
        "message": "我改变了脸部的角度，深深地吻了下去。然后伸出舌头，雷音娜也伸出舌头，交织在一起。"
    },
    {
        "name": "サンダーソニア",
        "message": "「啾啾……啾，啾啾啾，啰啰……嗯嗯，团长，啾，来吧……啰啰，嗯啾啾啾」"
    },
    {
        "name": "サンダーソニア",
        "message": "「嗯嗯，啾……噗哈，嗯嗯，太棒了，\n团长和亲吻的声音，在我的脑海中回荡，感觉真是太色情了」"
    },
    {
        "message": "不仅仅是亲吻的快感，\n连那声音也让雷音娜的兴奋加剧。"
    },
    {
        "name": "サンダーソニア",
        "message": "「团长大人，喜欢你……全部全部……好喜欢」"
    },
    {
        "message": "听到雷音娜的话，欲望从腰部涌出。\n忍不住，我用力使劲，不由自主地动了起来。"
    },
    {
        "name": "サンダーソニア",
        "message": "「嗯嗯，啊啊……！」"
    },
    {
        "message": "阴道壁和阴茎摩擦产生的愉悦感，\n雷音娜发出了悦耳的呻吟声。"
    },
    {
        "name": "サンダーソニア",
        "message": "「啊啊，嗯嗯唔唔，团长，大人……啊啊！\n我的，里面……阴户里面……擦擦……！」"
    },
    {
        "name": "サンダーソニア",
        "message": "「请，嗯嗯，多多冲撞吧……！」"
    },
    {
        "name": "サンダーソニア",
        "message": "「听着团长大人的声音，变得发情的淫荡小穴，\n请用团长大人美好的阴茎多多冲撞吧……！」"
    },
    {
        "message": "听到桑德索尼亚说出平时绝对不会说出口的话，更加激起了兴奋，抽送动作变得更加强烈。"
    },
    {
        "message": "结合部传来湿湿的淫荡水音，当然，这声音也会传到桑德索尼亚的耳中。"
    },
    {
        "message": "这样的声音正好让桑德索尼亚变得更加放肆和大胆。"
    },
    {
        "name": "サンダーソニア",
        "message": "「啊，啊啊啊！！从小穴里发出的淫荡声音好多！团长先生，对不起！真是个淫荡的女孩，真是抱歉！」"
    },
    {
        "name": "サンダーソニア",
        "message": "「但是，停不下来了，一想到团长先生，一听到团长先生的声音，就会从小穴里流出发情的液体！」"
    },
    {
        "name": "サンダーソニア",
        "message": "「啊啊啊！！好，好舒服，这，不行了！腰自己动起来了，嗯嗯！……小穴，渴望着阴茎！」"
    },
    {
        "message": "配合着这边的腰部运动，桑德索尼亚也摆动着臀部，贪婪地享受着快感。"
    },
    {
        "message": "那清晰而淫荡的呻吟声，更加激发了这边的兴奋。"
    },
    {
        "message": "如今才明白，桑德索尼亚对声音的反应，加深了感官，增强了官能的体验。"
    },
    {
        "name": "サンダーソニア",
        "message": "「啊啊啊！来了，来了！团长先生，我，已经……感觉太好了」"
    },
    {
        "message": "桑德索尼亚颈间的手心加大了力道。"
    },
    {
        "name": "サンダーソニア",
        "message": "「啊啊啊，团长先生……团长先生……！一起，一起……！好，请直接在我的小穴里射吧」"
    },
    {
        "message": "桑德索尼亚用力摆动着腰，促使射精。不仅仅是她的声音在寻求射精。阴道也在淫荡地蠢动，渴望那一刻的到来。"
    },
    {
        "name": "サンダーソニア",
        "message": "「团长先生，我喜欢你……啊啊啊，好喜欢……啵，啵……舔啊……啾！」"
    },
    {
        "message": "桑德索尼亚低语着表达情感，贴上了嘴唇。我也贴上嘴唇回应，伸出舌头。"
    },
    {
        "name": "サンダーソニア",
        "message": "「嗯啾，舔啊，啾啾啵……呼哈，啊啊啊，喜欢，团长先生，好喜欢！」"
    },
    {
        "message": "能感觉到桑德索尼亚的身体颤抖，紧绷起来。我也感觉到极限的临近。"
    },
    {
        "message": "在最后的瞬间，在桑德索尼亚耳边，我也轻声说了一句同样深爱着她。"
    },
    {
        "name": "サンダーソニア",
        "message": "「啊啊啊！团长先生，啊啊啊啊！」"
    },
    {
        "name": "サンダーソニア",
        "message": "「嗯嗯嗯，啊啊啊……出来了！团长先生的精子……嗯嗯，好多……」"
    },
    {
        "message": "彼此紧紧拥抱，迎接着极致的快感。桑德索尼亚的阴道中的阳具剧烈颤动，释放出积蓄的精液。"
    },
    {
        "name": "サンダーソニア",
        "message": "「我的小穴里在颤抖着……嗯，全部，全部都射进来吧……啊啊啊」"
    },
    {
        "message": "沉浸在高潮的余韵中，桑德索尼亚露出了放松的笑容。"
    },
    {
        "name": "サンダーソニア",
        "message": "「哈哈，哈哈……嗯嗯，团长先生，太美妙了，我，感觉太好了……完全沉浸其中了」"
    },
    {
        "message": "彼此紧紧拥抱，调整着呼吸。当一切逐渐平静下来时，桑德索尼亚开口了。"
    },
    {
        "name": "サンダーソニア",
        "message": "「那个，团长先生，有个请求……可以吗？」"
    },
    {
        "name": "サンダーソニア",
        "message": "「嗯，最后对我轻声说的那句话，那个……能再说一遍吗？」"
    },
    {
        "message": "轻轻抚摸着略带害羞的桑德索尼亚的头，\\n我也在她耳边轻声细语。"
    },
    {
        "name": "サンダーソニア",
        "message": "「……啊啊，嗯，团长先生，我也很喜欢您」"
    },
    {
        "message": "就这样，我们俩继续在一起共享着爱意的低语。"
    }
]