[
    {
        "name": "カズラ",
        "message": "「那是什么身体啊！你可是我们的首领，去王城的机会也很多吧！？不能一直保持邋遢的身体吧！」"
    },
    {
        "message": "在夜晚的房间里，传来了卡兹拉的歇斯底里的尖叫声。"
    },
    {
        "message": "起因是白天发生的事情。在日常繁忙中进行调整，全体骑士团前往海边。在那里暴露了皮肤，似乎影响了她的心情。一回到家，她就穿着泳装冲进了房间。"
    },
    {
        "message": "但我断言，她并没有松懈。我甚至有自信说她很紧致。"
    },
    {
        "name": "カズラ",
        "message": "「哪里松懈了！？我们可是战士啊，作为首领的你也得更加锻炼才行！连皮下脂肪都能捏起来，简直太差劲了！」"
    },
    {
        "message": "说着，她掀起我的衣服，捏起了我的肉，或者说是皮肤。这种程度也算差劲吗，未免太苛刻了吧。"
    },
    {
        "name": "カズラ",
        "message": "「哼！我可不听这种借口！快点减肥吧，减肥！当然，要用正常的减肥方法！这才是最好的！」"
    },
    {
        "message": "被她这么强硬地逼问，我当然不会答应。所以，我明确地表达了抵抗。"
    },
    {
        "name": "カズラ",
        "message": "「哈啊！？不是性爱减肥的话，我就没有动力了……傻、傻瓜吧！那个是不行的！我说过不会再来第二次了吧！？笨蛋、废物！不行的东西就是不行！绝对不行！」"
    },
    {
        "message": "瞬间脸红，更加兴奋的卡兹拉。\\n我们也不能退缩。\\n不成熟的争论自然会走向平行线。"
    },
    {
        "name": "カズラ",
        "message": "「这、这只是……只是减肥而已！明白了吧，废物团长！」"
    },
    {
        "message": "然后，卡兹拉屈服了。\\n我对于她屈服到要让自己变瘦感到惊讶，\\n但我也无法后退。"
    },
    {
        "message": "随波逐流地，握住乳房侵入阴道。"
    },
    {
        "name": "カズラ",
        "message": "「呼……嗯啊，又、又是胸部……嗯，嗯啊啊啊啊！」"
    },
    {
        "message": "回应的触感非常意外。"
    },
    {
        "message": "即使没有进行令人满意的爱抚，\\n阴道仍然舒服地吞噬着。\\n阴道湿润而迷人的肉体缠绕在肉棒上。"
    },
    {
        "name": "カズラ",
        "message": "「嗯，怎么，停下了……快点，动起来！」"
    },
    {
        "message": "卡兹拉用含泪的眼神命令着。\\n然而，我看到她眼中的东西，\\n不允许我顺从命令。"
    },
    {
        "name": "カズラ",
        "message": "「唔呀呀……嗯啊，干什么……嗯呜，胸部，不要……！\n这么用力的话……嗯啊，啊呜呜」"
    },
    {
        "message": "摆弄着让男人疯狂的质感和量感，\n果然回应着可爱的阴道压力。"
    },
    {
        "message": "腰部颤抖，心脏高速跳动的反应。\n忍不住，将低语传到耳边。"
    },
    {
        "message": "实际上，是不是期待着呢。"
    },
    {
        "name": "カズラ",
        "message": "「才、才不是那样的啦……！」"
    },
    {
        "message": "没有可以否定的证据。\n用长长的冲刺来摩擦着。"
    },
    {
        "name": "カズラ",
        "message": "「呼呜……嗯啊……啊呜……嗯啊，哈啊……这、不行了……慢点，全部……嗯啊，啊啊呜！ 全部都进来了！」"
    },
    {
        "name": "カズラ",
        "message": "「发出的声音也太多了……！ 不要、不要、不要……！\n咕嘟咕嘟，别让我听到，废物团长……！」"
    },
    {
        "message": "每一次推进，每一次拉出，\n都会传出深沉而沉重的水声。\n就像把肉棒浸泡在温水中一样的感觉，\n淫荡而下流的责骂之词也充满了热情。"
    },
    {
        "name": "カズラ",
        "message": "「误会，别这样……！\n只是在减肥而已啦……！\n呼……嗯，嗯啊！其实，我并没有感觉到什么！」"
    },
    {
        "name": "カズラ",
        "message": "「哈啊，唔呜……也没有期待什么啦！\n所以，赶快结束吧！\n多摩擦一下，再射进来不就好了吗！」"
    },
    {
        "message": "他的口气似乎在催促着希望我这样做。"
    },
    {
        "name": "カズラ",
        "message": "「嗯呜……所以说，不是那样的啦！」"
    },
    {
        "message": "无法相信。\n在浓郁的雌性气息中陶醉，加快了抽插的速度。"
    },
    {
        "name": "カズラ",
        "message": "「呼啊啊，唔呜！嗯啊，唔呜呜呜！\n哈啊，啊啊啊，刺进了里面！不行啊，这样不行！\n哈啊啊，啊啊啊，呼唔呜呜呜！」"
    },
    {
        "message": "娇喘声和水声，以及肉体相撞的声音充满了房间。\n一丝痛苦都没有传达过来。\n只是单纯地感受着，只有这个在刺激着。"
    },
    {
        "message": "这样的话，别人也会认为一开始就打算要交合了。\n也无可奈何了吧。"
    },
    {
        "name": "カズラ",
        "message": "「不、不要，不要不要啊！\n不是那样的……不、不是这样的啦！\n我、我没有那种想法啦！」"
    },
    {
        "name": "カズラ",
        "message": "「我希望你能减肥……呜呜呜，嗯啊啊！\n真的，只要……哼哼！？ 嗯嗯，啊啊啊！」"
    },
    {
        "message": "仿佛是否定一般，轻轻拧动着两个乳头。\n仅仅这样，蜜壶就会紧紧收缩。"
    },
    {
        "message": "对于敏感的媚态，加虐心越来越强烈。\n在那股热情下，插入之前的愤怒再次浮现。"
    },
    {
        "message": "说起来，我并没有胖。\n强行引诱我节食，\n除了无理取闹之外别无他物。"
    },
    {
        "name": "カズラ",
        "message": "「可、可是……嗯嗯，唔唔啊啊！？」"
    },
    {
        "message": "继续挤压着卡兹拉美乳，\n用力地将乳头按进乳肉中。\n强烈的刺激让眼前的背影颤抖不已。"
    },
    {
        "name": "カズラ",
        "message": "「呼、啊呜呜！ 这、太厉害了……嗯嗯，嗯啊啊！\n胸部，变得奇怪了……！ 嗯啊，唔唔！\n身体，要变得奇怪了……！」"
    },
    {
        "name": "カズラ",
        "message": "「里面也太过了！ 嗯啊，啊啊！\n一直顶到最深处……嗯咕咕，呜啊啊！\n哈啊，啊啊啊，好有力量！」"
    },
    {
        "name": "カズラ",
        "message": "「我要崩溃了……被渣团长侵犯……全部都要被摧毁了！\n呼啊啊，啊啊唔唔！」"
    },
    {
        "message": "这个身体并没有松懈。这种激烈的刺激就是证明。"
    },
    {
        "message": "不断搅拌着肉壶，不断耳语着撤回前言。就像野兽一样，已经没有顾及自己的理性了。"
    },
    {
        "name": "カズラ",
        "message": "「嗯啊，啊啊！嗯呜……是的，但是……！啊呜，嗯啊，啊啊，啊，嗯啊啊嗯啊啊啊！」"
    },
    {
        "message": "然而，卡兹拉在喘息之余仍然想要传达些什么。在流淌的目光中，除了快感还有其他东西在闪烁。"
    },
    {
        "name": "カズラ",
        "message": "「我希望你……变得更帅气一点！」"
    },
    {
        "name": "カズラ",
        "message": "「现在这样已经足够了……呼呼，嗯嗯呜呜！但是，更……更帅气一点，希望你能变得更帅气一点……为了那个目标，已经足够了！呼啊啊，啊啊啊啊！」"
    },
    {
        "message": "这是一个意料之外的真心话。"
    },
    {
        "message": "无法忍受，爱欲之火瞬间燃起。为了催促前进，全力敲击着阴道深处。"
    },
    {
        "name": "カズラ",
        "message": "「为了那个目标……你可以使用我的身体！呼啊嗯啊！可以尽情侵犯我！全部都可以用来中出！」"
    },
    {
        "name": "カズラ",
        "message": "「所以，再更帅一点……啊，渣团长！\n啊啊啊啊啊，啊呜呜呜呜呜！」"
    },
    {
        "message": "心灵和身体都被卡兹拉的呼喊所填满。\n愤怒瞬间消散，\n一切都为了那些倾注的话语而动起来。"
    },
    {
        "name": "カズラ",
        "message": "「呼啊啊，啊嗯呜，嗯呜呜，嗯啊啊！这个不行！\n渣团长的大家伙！深入内部！在敲打着！\n不行，不行不行不行！我也要高潮了！」"
    },
    {
        "name": "カズラ",
        "message": "「哈啊，啊啊啊！要来了，要来要来要来要来要来！\n被渣团长侵犯着，我……我！」"
    },
    {
        "name": "カズラ",
        "message": "「不行了！呼啊啊，啊啊啊啊啊……！」"
    },
    {
        "message": "在深入一次后，\n彼此的高潮爆发了。"
    },
    {
        "name": "カズラ",
        "message": "「啊，啊啊啊……好舒服，来了……♪\n深入内部，满满的……渣团长的精子……都来了♪」"
    },
    {
        "message": "瘫倒在墙上，\n卡兹拉发出湿热的呼吸。\n她的姿态如此诱人，\n肉棒一次又一次地跳动着，就像上次一样。"
    },
    {
        "name": "カズラ",
        "message": "「嗯呜……还在流出来……这么多都被射进来，我……\n一直都在高潮中……哈啊，嗯呜……嗯啊呜……」"
    },
    {
        "name": "カズラ",
        "message": "「呼啊，啊啊……性爱减肥……好刺激啊……\n这种事情……果然还是很危险的呢……呼啊……嗯唔……啊啊啊……」"
    },
    {
        "message": "即使如此，我并没有忘记刚才的话。\n看着卡兹拉露出迷醉的表情，全身颤抖着，\n我再次请求她继续陪我进行这个减肥计划。"
    },
    {
        "name": "カズラ",
        "message": "「知道了嘛……渣团长……\n既然是我自己说的……我会好好陪你的……\n但是，作为代价……」"
    },
    {
        "name": "カズラ",
        "message": "「从现在开始，一定要……让我感到舒服哦……\n不然的话……我可不会答应你的哦……」"
    },
    {
        "message": "便宜办事而已。"
    }
]