[
    {
        "name": "アサガオ",
        "message": "「啊……哥哥的，好大的……嘿嘿」"
    },
    {
        "message": "阴道的疼痛有所缓解\n牵牛花微笑着朝我走来\n然而，紧紧包裹着坚硬肉棒的阴道肉却热得像火一样。"
    },
    {
        "name": "アサガオ",
        "message": "「嗯……我没问题的，哥哥」"
    },
    {
        "name": "アサガオ",
        "message": "「但是……那个，性爱真的好厉害呢\n我的里面，已经充满了哥哥的东西」"
    },
    {
        "message": "她额头上渗出汗珠\n表情上依然没有丝毫轻松之色。"
    },
    {
        "message": "为了稍微缓解她的不安\n我把手放在她谦虚——正在成长中的胸部上。"
    },
    {
        "name": "アサガオ",
        "message": "「嗯嗯……摸胸部吗？」"
    },
    {
        "message": "受到刺激，她扭动身体像是被挠痒痒了。"
    },
    {
        "name": "アサガオ",
        "message": "「虽然不讨厌……那个，我胸部不大，\n哥哥可能不会开心的吧？」"
    },
    {
        "message": "不知为何，她喃喃自语的话让我觉得可爱，\\n我轻轻地描绘出她胸部的轮廓，表达出没有那样的事的想法。"
    },
    {
        "name": "アサガオ",
        "message": "「嗯嗯……呼啊……嘿嘿，好痒啊……」"
    },
    {
        "name": "アサガオ",
        "message": "「但是，如果哥哥高兴的话，\\n没关系的，尽管多多地摸吧？」"
    },
    {
        "name": "アサガオ",
        "message": "「而且，夜来香说过，如果被喜欢的人摸的话会变大呢！」"
    },
    {
        "message": "她似乎也有想要成长的愿望。虽然不知道会不会变大，但是『被喜欢的人』这个词总让人感到有些痒痒的，或者说真心感到高兴。"
    },
    {
        "name": "アサガオ",
        "message": "「嗯嗯……啊，呼唔唔……」"
    },
    {
        "message": "一边用整个手掌爱抚胸部，\\n一边用食指刺激乳头。"
    },
    {
        "message": "乳头似乎已经变尖了。\\n用指尖画圆圈轻擦着鼓起的乳晕。"
    },
    {
        "name": "アサガオ",
        "message": "「呼啊……嗯嗯，嗯嗯……呼呼，呼唔唔」"
    },
    {
        "message": "她那欢快的笑声渐渐变成了有些不同寻常的呼吸声。\\n对于展现她性格的直率反应，我不由自主地加快了手指的动作。"
    },
    {
        "name": "アサガオ",
        "message": "「嗯嗯……哥，哥哥……有点……\\n嗯嗯……有点色色的感觉呢……」"
    },
    {
        "message": "她焦躁地扭动着身体，显得胸部更加挺立。\\n看来她希望我用更大的力度去触摸。"
    },
    {
        "name": "アサガオ",
        "message": "「嗯……嗯！啊！嗯……乳，乳头，这么突然！」"
    },
    {
        "message": "按照她的要求，我用食指和拇指捏住了已经坚硬而尖锐的乳头。"
    },
    {
        "name": "アサガオ",
        "message": "「嗯……啊啊！乳头，不可以用手指擦啊……啊啊啊！」"
    },
    {
        "name": "アサガオ",
        "message": "「别，别扭动啦！」"
    },
    {
        "name": "アサガオ",
        "message": "「嗯嗯……啊啊，乳头，好舒服……\\n被哥哥弄乳头……好舒服……」"
    },
    {
        "message": "她张开嘴巴，露出陶醉的表情。\\n然后我注意到——她的大腿根部，正吞噬着我的肉棒，\\n从那羞处处溢出了透明的爱液。"
    },
    {
        "message": "在刺激乳头的同时，慢慢开始抽送运动。"
    },
    {
        "name": "アサガオ",
        "message": "「嗯嗯嗯！？哥，哥哥……啊啊啊啊呜呜呜！！」"
    },
    {
        "name": "アサガオ",
        "message": "「那、那样子……呼啊！\\n……我的里面，不知何时……\\n这、这么舒服起来了！」"
    },
    {
        "name": "アサガオ",
        "message": "「哥哥的小弟弟好热……\\n深入到底了……啊啊啊，哥哥……好舒服啊」"
    },
    {
        "message": "似乎被那种快感迷住了，\\n她发出了像是乞求玩具一样的孩子般的声音，\\n却又带着媚惑的韵味。"
    },
    {
        "name": "アサガオ",
        "message": "「呼，啊啊呜……嗯嗯！　嗯嗯！　嗯嗯啊啊呜呜！」"
    },
    {
        "name": "アサガオ",
        "message": "「哥哥……呜啊……哥哥！\\n好厉害，这种感觉……第一次……\\n这样热情的爱意……呜呜呜！　第一次……！」"
    },
    {
        "name": "アサガオ",
        "message": "「哥哥的小弟弟每一次顶进来，\\n都充满了浓浓的爱意……进入我体内！」"
    },
    {
        "name": "アサガオ",
        "message": "「啊啊啊！好热……\\n哥哥的小弟弟……」"
    },
    {
        "name": "アサガオ",
        "message": "「我的里面，变得好大！\\n现在，现在一跳一跳的！」"
    },
    {
        "message": "她似乎察觉到了射精的感觉，凭借雌性的本能，更加紧紧地收缩着原本就狭窄的阴道。"
    },
    {
        "message": "每次肉棒抽出时，她红肿充血的肉褶子都会翻卷起来。"
    },
    {
        "name": "アサガオ",
        "message": "「啊啊，不行！要出来了……哥哥！要出来了！」"
    },
    {
        "name": "アサガオ",
        "message": "「好厉害……要完了呜呜呜！！！」"
    },
    {
        "message": "随着一个特别高亢而妖娆的叫声在房间中回荡，她的阴道比以往任何时候都更加紧紧地夹住了肉棒。与此同时，炽热的精液从龟头喷射而出，注入她的体内。"
    },
    {
        "name": "アサガオ",
        "message": "「啊————啊啊啊啊啊啊啊！！！！」"
    },
    {
        "name": "アサガオ",
        "message": "「啊，啊……流出来了……好厉害……好热……」"
    },
    {
        "name": "アサガオ",
        "message": "「嘿嘿，嘿嘿嘿……得到了好多爱情……」"
    },
    {
        "name": "アサガオ",
        "message": "「……哥哥……嗯……\\n好喜欢你……嘘……嘘……」"
    },
    {
        "message": "就像被名为快感的毛毯包裹着全身，\\n她露出幸福和安心的表情，\\n闭上眼睛，开始发出可爱的鼾声。"
    }
]