[
    {
        "name": "カノコユリ",
        "message": "「今晚，为了洗刷污名……我来了！」"
    },
    {
        "message": "薄羽百合的宣言，在夜晚的房间中回荡。"
    },
    {
        "message": "她的表情凝重如英雄，宛如投身讨伐大害虫的骑士风范。言辞虽然如此豪迈，\\n但也可以理解为：遇到鬼就斩鬼，遇到神就斩神。"
    },
    {
        "message": "然而，我有所感。\\n显然，她过于紧张了。"
    },
    {
        "name": "カノコユリ",
        "message": "「完全没有那样的事情！」"
    },
    {
        "message": "她用激昂的语气宣告，小小的骑士瞪大了眼睛。"
    },
    {
        "name": "カノコユリ",
        "message": "「任由那样的可耻行为肆虐下去，我是无法继续生存的！\\n那样的……那样的可耻行为……啊，光是回想一下，我就觉得身心被撕裂成碎片不足以形容了！」"
    },
    {
        "message": "不，应该只是被洗了个澡而已。"
    },
    {
        "name": "カノコユリ",
        "message": "「问题出在对方身上！\\n如果是母亲的话，那反而是理所当然的事……我也不会介意！\\n但是……被你洗过了！\\n彻底地……是的，彻底地被洗过了！」"
    },
    {
        "name": "カノコユリ",
        "message": "「侍奉着，这一辈子唯一的大人的回忆中，容不得留下那种未成熟的印记！现在，请脱掉吧，团长大人！我要拿我的生命…奉献给您的那个地方，让您感到愉悦！」"
    },
    {
        "message": "危险地吹出了誓言后，经过爱抚，进入了实际行动。"
    },
    {
        "name": "カノコユリ",
        "message": "「呼呼……今天也，您的那个，很健康呢……啊啊啊啊啊……」"
    },
    {
        "message": "伴随着稍显偏差的赞美之词，花子百合在插入的刺激下颤抖着。贞操的红晕在她的脸上。毕竟她自己掀起了裙子，这当然是理所当然的。"
    },
    {
        "message": "然而，这激起了欲望。品味着那迎接的狭窄和炽热，最终抵达了阴道深处。"
    },
    {
        "name": "カノコユリ",
        "message": "「呼……嗯啊，啊啊……果然，好大啊……我里面都快涨满了……哈哈，哈哈，团长大人，真是了不起啊……」"
    },
    {
        "message": "凝视着连接的部分，花子百合又夸奖了我。不再能找到当初出现时的威风凛凛。然而，努力不懈的心情并未改变。"
    },
    {
        "name": "カノコユリ",
        "message": "「……不，真是失礼了。刚才那种说法……您应该不会满意的……」"
    },
    {
        "name": "カノコユリ",
        "message": "「要正式一点……说‘阴道’才对……现在……开始吧，团长大人……用坚挺的大老二……好好……搅拌我的，紧紧的阴道……请尽情……！」"
    },
    {
        "message": "我不禁目瞪口呆。到底在哪里学到这样的话的？"
    },
    {
        "name": "カノコユリ",
        "message": "「我学习了……在书上读到了……也进行了练习……当然，都是为了让您高兴」"
    },
    {
        "name": "カノコユリ",
        "message": "「书上写着，绅士们对淫秽的话语会感到兴奋……所以我会努力的……请您也不要客气……尽情享受我的紧紧的小穴吧……」"
    },
    {
        "message": "我再次忍住了笑声。心情确实变得激动起来，不是因为有没有下流话语，而是因为那份情感而兴奋。笑出声来会侮辱那个小骑士。"
    },
    {
        "message": "表达感谢之后，慢慢地摇动着腰部。"
    },
    {
        "name": "カノコユリ",
        "message": "「呼呼……嗯啊……哈啊，啊呜……咦，阴茎好大啊……热热的插进来，我明白了……嗯呜，哈啊，啊呜呜」"
    },
    {
        "name": "カノコユリ",
        "message": "「更、更深一点……团长大人……请不要在意……用那根巨大的阴茎……狠狠地搅拌我的紧紧的小穴……」"
    },
    {
        "message": "加纳子百合因羞耻和抽插而颤抖，挤出下流的话语和喘息声。裙子也被牢牢地掐住了。"
    },
    {
        "message": "她勇敢而无私的样子令人怜爱。毫不犹豫地表达出来，手伸向另一个地方，兴奋感不断膨胀。"
    },
    {
        "name": "カノコユリ",
        "message": "「感谢之极……嗯呜，啊啊……可、可是……团长大人？」"
    },
    {
        "message": "在我的行动前，他的眼神中浮现出疑虑。"
    },
    {
        "name": "カノコユリ",
        "message": "「请、请不要抓住我的脚……到底、你在做什么……嗯呜、嗯嗯嗯！？」"
    },
    {
        "message": "在舔到脚底的瞬间，我的花蜜和全身都愉快地颤动了起来。"
    },
    {
        "name": "カノコユリ",
        "message": "「呼呼呼，嗯嗯啊……那、那样子……不、那里不可以……啊啊，那个地方很脏的……嗯嗯呜呜，呼呼呼！」"
    },
    {
        "name": "カノコユリ",
        "message": "「舌头会弄脏的……啊啊，不要，不要……团长大人，不要……啊～，啊～！」"
    },
    {
        "message": "听到她露出真实口吻的时候，愉悦感扩散开来，比起阴道更加专注地折磨着脚。想要逃跑却无法逃脱，强行握住脚踝，舌头在上面游走。"
    },
    {
        "message": "舔到婴儿般的肌肤，会有这样的触感吗？如此柔软，对于作为战士来说出乎意料。而且，因为汗水的缘故，鼻孔和舌头都受到刺激。大脑麻痹得无法忍受。"
    },
    {
        "name": "カノコユリ",
        "message": "「啊啊，笨蛋，白痴～！团长真是变态，变态！呀～，呀～！舔舔，好讨厌～！」"
    },
    {
        "message": "表达感想后被辱骂了。\\n当然，不可能受到伤害。\\n相反，产生了相反的效果。"
    },
    {
        "name": "カノコユリ",
        "message": "「呼呼，嗯嗯啊……！阴、阴茎变大了！？\\n为什么……为什么呢……！」"
    },
    {
        "message": "虽然没有虐待癖，但对于加纳子百合天真无邪的辱骂就另当别论了。\\n最重要的是，她自己也感受到了。"
    },
    {
        "name": "カノコユリ",
        "message": "「没有这种事……嗯呜，嗯嗯呜呜！？」"
    },
    {
        "message": "加快抽插的速度，像灌输一样。\\n同时，将舌头伸入脚趾之间，进行前后运动。"
    },
    {
        "name": "カノコユリ",
        "message": "「啊啊，哈唔……啊啊，啊啊，咕嘟咕嘟地在喷……！\\n淫荡的汁液流出来了……呼啊啊，啊啊！为什么呢，为什么呢！」"
    },
    {
        "name": "カノコユリ",
        "message": "「虽然很害羞……不、不行……！\\n呀～，呀～！\\n不能感觉出来……不能变得淫荡，不行！」"
    },
    {
        "message": "这也是那天给她洗澡的成果吧。"
    },
    {
        "name": "カノコユリ",
        "message": "「呼啊啊，嗯呜……是、是这样吗……！\\n所以，才会这样……因为团长，才会这样啊……！」"
    },
    {
        "message": "我朝向思绪清晰的加纳子百合微笑，请求她告诉我那个夜晚的事情。"
    },
    {
        "name": "カノコユリ",
        "message": "「那、那个是……」"
    },
    {
        "message": "当然，她的脸上绽放出更深的红晕。尽管如此，她还是告诉了我她自己的羞耻之事。"
    },
    {
        "name": "カノコユリ",
        "message": "「呜呜，呜呜……全部……都被洗干净了……被团长洗干净了……！脚也全部……全身，全部都被洗干净了……！」"
    },
    {
        "message": "这个小骑士会为了让我感到愉悦而尽心尽力。没有别的办法，只能宠爱她。"
    },
    {
        "name": "カノコユリ",
        "message": "「呼呼，嗯嗯啊……！阴、阴茎又变大了……！变得更猛烈了！」"
    },
    {
        "message": "不仅仅是被洗干净而已。一边含着脚趾，一边吮吸，一边侵犯着已经酥软的花蜜。"
    },
    {
        "name": "カノコユリ",
        "message": "「嗯呜呜，嗯呜呜……！阴、阴道也被洗干净了……！在浴室里，嘭嘭作响地……！然后，多次、多次地……被团长搞得高潮了！」"
    },
    {
        "name": "カノコユリ",
        "message": "「啊啊啊，啊啊啊！不、不行了！现在也不行了！一旦想起来，就……啊啊，啊啊！团长！我真的不行了！」"
    },
    {
        "message": "过去和现在交织在一起，预兆涌动。\\n接受这一切，轻轻地刺入浅浅的阴道。"
    },
    {
        "name": "カノコユリ",
        "message": "「呼啊啊，啊啊啊啊啊啊啊啊！？\\n哈啊，不行，不行不行不行呜呜呜！？」"
    },
    {
        "name": "カノコユリ",
        "message": "「明明知道这样不行……忍耐，忍不住了！\\n呼啊啊，啊啊啊啊！？\\n要、要射了……要射了！？要射出来了呜呜呜呜呜呜！？」"
    },
    {
        "name": "カノコユリ",
        "message": "「哈啊啊，啊啊啊啊……！」"
    },
    {
        "message": "稚嫩的身体紧缩着达到极致的高潮。\\n当然，脚趾也是如此。\\n同时插入的舌头被紧紧地夹住，我也完成了射精。"
    },
    {
        "name": "カノコユリ",
        "message": "「哈、啊……哈、啊……脚、湿湿的……\\n小穴也、黏黏的……\\n必须全部吞下去呜呜……溢出来了呜呜……」"
    },
    {
        "name": "カノコユリ",
        "message": "「身体，软绵绵的……没力气了呜呜……\\n团长……对不起呜呜……」"
    },
    {
        "message": "因为被各种考验所困扰，疲惫不堪是理所当然的。\\n所以，作为引起考验的原因，我有责任照顾她。"
    },
    {
        "name": "カノコユリ",
        "message": "「呜呜……抚摸，感觉好舒服……\\n这样的事情……嗯，啊啊……团长大人……非常抱歉……」"
    },
    {
        "name": "カノコユリ",
        "message": "「这次，我……一定……一定要好好做给你看……」"
    },
    {
        "message": "紧紧抱住有些不安的加纳子百合，一边安慰她，\\n一边将她哄入睡眠。"
    }
]