[
    {
        "name": "ヒルガオ",
        "message": "「呀！？ 哎呀哎呀……我、摔倒了……」"
    },
    {
        "name": "ヒルガオ",
        "message": "「明明团长想要抱紧我……为什么我这么笨手笨脚呢……\\n」"
    },
    {
        "name": "ヒルガオ",
        "message": "「……诶？啊，唔嗯嗯嗯嗯……！」"
    },
    {
        "message": "在抱紧的一瞬间摔倒，屁股高高翘起的希尔嘉欧引起了欲望，拉下内裤，将暴露的阴茎顶端插入秘裂。"
    },
    {
        "name": "ヒルガオ",
        "message": "「啊啊，团长……嗯嗯！变、变得好色了吗？唔啊啊……！」"
    },
    {
        "message": "当阴茎推开收缩的阴道肌肉时，处女膜被撕裂，一物完全插入。"
    },
    {
        "name": "ヒルガオ",
        "message": "「啊、啊啊、啊！？肚、肚子里、涨得好满……呼……呼……！」"
    },
    {
        "message": "希尔嘉欧的身体颤抖着，喘息不止。"
    },
    {
        "message": "视线从漂浮在空中转向地面，惊讶地瞪大了眼睛。"
    },
    {
        "name": "ヒルガオ",
        "message": "「啊，啊啊……我、在地板上……\\n阴茎，被插进来了……啊，啊呜……！」"
    },
    {
        "name": "ヒルガオ",
        "message": "「感觉好像被团长强迫一样……\\n啊，哈啊……我要疯了……」"
    },
    {
        "message": "握紧拳头，疯狂地咬住下巴，脸色变得苍白。"
    },
    {
        "message": "或许本来就是受虐倾向吧，看起来好像被『侵犯』了一样，在这种情况下，她剧烈地颤抖着腰部，表现出极度的兴奋。"
    },
    {
        "name": "ヒルガオ",
        "message": "「啊，啊啊……！？ 阴茎、动起来……！\\n嗯呜，啊呜！好、好激烈……！」"
    },
    {
        "message": "看着希尔嘉欧淫乱的姿态，情绪被点燃起来，用力抽送着下体。"
    },
    {
        "message": "用力按住她的背，紧紧抓住她的屁股，将阴茎扭入她的阴道中，破坏性地插入。"
    },
    {
        "name": "ヒルガオ",
        "message": "「嗯呜，嗯啊……！ 不、不要，啊，啊呜……！\\n我、我被团长按住了……嗯呜，嗯呜！」"
    },
    {
        "name": "ヒルガオ",
        "message": "「被强行、扎扎地插进来了……啊，啊啊！\\n我的私处变得湿湿的……啊呜呜！」"
    },
    {
        "message": "微微皱起眉头，但脸上却溶化在快感中。"
    },
    {
        "message": "渐渐地，甚至连疼痛都感觉不到了，屁股抖动着，\\n私处收缩着，仿佛在乞求更多的快感。"
    },
    {
        "name": "ヒルガオ",
        "message": "「啊啊，啊啊，啊呜！\\n虽然是第一次……但我感觉到了！\\n被团长大力地宠爱着我的私处……\\n我变得兴奋起来了！」"
    },
    {
        "message": "下巴颤抖着仰起，手像在抓挠地刮过地板。"
    },
    {
        "message": "一次次托起她摇摇欲坠的腰部，\\n将阴茎猛然插入到根部。"
    },
    {
        "name": "ヒルガオ",
        "message": "「呜啊！？ 阳、阳具……顶进来了……\\n哈啊，哈啊，不、不可能……\\n我的私处高兴地……\\n在品尝着阳具的尖端时咬咬牙……！？」"
    },
    {
        "message": "子宫早已沉入阴道，\\n张开入口，咬住龟头。"
    },
    {
        "message": "保持着阴部和丰满的屁股紧密接触，扭动腰部，\\n希尔嘉欧颤抖着头，痛苦地扭动身体。"
    },
    {
        "name": "ヒルガオ",
        "message": "「啊啊，啊……不、不要……请不要让我等待……\\n更加粗暴地侵犯我……哈啊，哈啊♪」"
    },
    {
        "name": "ヒルガオ",
        "message": "「那边……嗯哈……哈呼……\n感觉自己成为团长的财产，心里踏实……\n啊，啊！」"
    },
    {
        "name": "ヒルガオ",
        "message": "「团、团长渴望着我……让我感到不再孤单……我很开心……！\n啊，啊啊！」"
    },
    {
        "name": "ヒルガオ",
        "message": "「所以……哈哈……哈哈……更加粗暴地侵犯我吧……？\n告诉我……我是团长的东西吧……」"
    },
    {
        "message": "摇摇晃晃地摆动着屁股，\n用可怜的眼神投来视线。"
    },
    {
        "message": "一看到那双眼睛，疯狂的快感穿过脊椎，\n不顾一切地抽动腰部。"
    },
    {
        "name": "ヒルガオ",
        "message": "「啊啊啊！阳、阳具来了！\n在弄得我的阴道乱七八糟的！」"
    },
    {
        "message": "仰起背部，满脸欢喜地放松，\n用粗暴地方式按住希尔嘉欧的头。"
    },
    {
        "name": "ヒルガオ",
        "message": "「呜啊！？啊……啊啊……\n我、我……被当成玩具了……哈啊……哈啊！\n更多！更多地折磨我吧……♪」"
    },
    {
        "message": "贴着脸颊冰凉的地板，幸福地喘息着。"
    },
    {
        "message": "每次背部颤动，丰满的乳房被压在地面上，扭曲得淫荡。"
    },
    {
        "name": "ヒルガオ",
        "message": "「哈呼，哈呼……乳头擦在地板上……好、好舒服……嗯呼♪」"
    },
    {
        "message": "发出甜蜜的叹息，扭头朝这边瞥了一眼。"
    },
    {
        "name": "ヒルガオ",
        "message": "「嗯，啊，啊啊！团、团长的脸……呼啊啊，啊，我、我想看见……！」"
    },
    {
        "name": "ヒルガオ",
        "message": "「想、想看看团长是用什么表情侵犯我的……呐啊！？」"
    },
    {
        "message": "被那句话引诱着，抓住她优雅的头发扎成一个发髻，用力抬起她的头。"
    },
    {
        "message": "上半身被强行扭转，凝视着希尔嘉欧的脸。"
    },
    {
        "name": "ヒルガオ",
        "message": "「啊，啊♪ 是、是团长♪ 做出了非常兴奋的表情……哈啊，哈啊……团长看我的眼神好像在说「不想放开你」……♪ 嗯呼呼♪」"
    },
    {
        "message": "满足地从鼻子里发出甜蜜的呼吸声，脸上扭曲着快感。"
    },
    {
        "message": "将龟头扭入子宫口，来回摇晃，从微微上扬的嘴角滴下大量的口水。"
    },
    {
        "name": "ヒルガオ",
        "message": "「哈呼，嗯啊，啊啊……嗯，我也被看到了……感觉好舒服，脸变得邋遢，被看到了……啊哈啊啊♪」"
    },
    {
        "message": "一边让她的脸朝这边转过来，一边猛烈地抽送着。"
    },
    {
        "message": "视野逐渐变白，阴茎上积聚着甜蜜的麻痹感。"
    },
    {
        "message": "仿佛阴道壁能敏锐地察觉到那根物体的变化一样，紧紧地缠绕在龟头上。"
    },
    {
        "name": "ヒルガオ",
        "message": "「啊、啊呀♪ 团长的小弟弟在抖动着……龟头也变大了呢……哈哈啊！」"
    },
    {
        "name": "ヒルガオ",
        "message": "「嗯，你是打算把种子注入我身体里吗？想要将我身心都变成你的东西吗？啊，啊啊！」"
    },
    {
        "name": "ヒルガオ",
        "message": "「太、太棒了……♪ 快点给我精液……哈啊哈啊！把团长的一切都刻在我身上吧！」"
    },
    {
        "message": "伸出舌头，挑衅地眯起眼睛。"
    },
    {
        "message": "当屁股淫荡地摆动着，仿佛在乞求受精时，阴道壁扭曲起来，猛烈地擦过龟头。"
    },
    {
        "message": "在那不规则的刺激下，我不由自主地收回了腰部，阳具从湿润的秘裂中滑落出来。"
    },
    {
        "name": "ヒルガオ",
        "message": "「唔呀呀♪ 小穴的肉肉被阴茎拽了出来……啊、啊啊、啊啊啊！？」"
    },
    {
        "message": "当龟头猛烈地擦过秘裂入口时，我猛地仰起身子达到了极致的高潮。"
    },
    {
        "message": "对于那淫荡的姿势，欲望冲击着我的大脑，使我的肉棒剧烈地跳动起来。"
    },
    {
        "name": "ヒルガオ",
        "message": "「啊啊啊啊啊啊～♪ 热热的种子汁洒在身体上～♪」"
    },
    {
        "message": "在浴着大量精液的同时，我将屁股顶向阳具，一次又一次地擦过。"
    },
    {
        "name": "ヒルガオ",
        "message": "「嘿♪ 团长真是个笨蛋♪明明想要宝宝的房间呢，啊、啊嗯♪ 啊呼～♪」"
    },
    {
        "name": "ヒルガオ",
        "message": "「但、但是，好幸福啊～……种子汁渗透到皮肤里……被团长的气味包围着……♪」"
    },
    {
        "message": "射精结束后，我松开了希尔嘉欧的头。"
    },
    {
        "message": "希尔嘉欧像一团软绵绵的倒下，高高抬起的臀部颤抖不已。"
    },
    {
        "name": "ヒルガオ",
        "message": "「哈哈……团长，谢谢你……给我这么多的侵犯……♪」"
    },
    {
        "message": "她朝我投来妖艳的目光，从鼻子里喘着气。"
    },
    {
        "name": "ヒルガオ",
        "message": "「这样一来……我与团长之间的羁绊更加牢固了……♪」"
    },
    {
        "message": "她将贴在脸颊上的头发拨到一边，顽皮地微笑着。"
    },
    {
        "name": "ヒルガオ",
        "message": "「不过，下次请务必将炽热的种子汁注入到宝宝的房间里好吗……？我想要完全成为团长的人♪」"
    },
    {
        "message": "她撒娇般地说着，用屁股夹紧了我的阴茎，我的腰部无力地颤抖着。"
    }
]