[
    {
        "name": "クルマユリ",
        "message": "「嗡嗡！那个那个那个～♪\n还有很多余裕的说～♪」"
    },
    {
        "message": "车百合将她双手中的球一个接一个地扔向空中。\n她完美地接住了所有的球，然后立刻再次扔向空中。"
    },
    {
        "message": "看不清楚的杂耍，让人不禁屏住呼吸。\n似乎察觉到我们的样子，她开始增加技巧的难度。"
    },
    {
        "name": "クルマユリ",
        "message": "「好了……再加几个球吧～……！！\n这个！那个！那个！那个！\n嘿嘿～！怎么样～……诶，哇！？」"
    },
    {
        "message": "看起来球的运动顺利进行，但在她手中却出现了问题。\n球互相碰撞，在眼前发出干燥的声音并弹开。\n其中一个球不幸地朝这边飞来。"
    },
    {
        "name": "クルマユリ",
        "message": "「哇哇！？对、对不起团长！！你……没事吧！？\n我又有点得意忘形了……！」"
    },
    {
        "message": "车百合对着蜷缩在地上的我说道。\n球击中的地方不太好。\n那个地方无法通过训练来改善。\n而车百合无法理解那种痛苦。"
    },
    {
        "name": "クルマユリ",
        "message": "「真的很抱歉团长……！啊，我来摸摸你吧！\n嗯，这里可以吗？」"
    },
    {
        "message": "我惊讶于车百合的举动，无法阻止她的手。\n更令人惊讶的是，在这种情况下，\n我竟然对她的触摸有所反应。"
    },
    {
        "name": "クルマユリ",
        "message": "「嗯？啊……团长？这里，肿了……难、难道！球打到肿了吗……不可能吧\n啊哈哈……那个……但是这样也挺辛苦的呢……要继续吗？」"
    },
    {
        "name": "クルマユリ",
        "message": "「嗯，团长，别管了……就这样，可以吗？\n我不想看到团长痛苦的表情……」"
    },
    {
        "message": "车百合一边说着，一边自己张开双腿。\n对于这样的她，我无法忍耐，\n将坚硬的阴茎插入阴道中。"
    },
    {
        "name": "クルマユリ",
        "message": "「呼啊……啊啊！嗯嗯……！\n团、团长的……啊，硬硬的东西进入我的里面了……！嗯，啊啊……！！」"
    },
    {
        "message": "阴茎顺利地插入紧闭的阴道中。\n柔软而滑腻的触感让快感从腰部涌上心头。"
    },
    {
        "message": "很快龟头碰到了阴道深处。\n目光转向连接处，阴茎完全被吞没在阴道中。"
    },
    {
        "name": "クルマユリ",
        "message": "「嗯嗯……肚子里，被团长塞满了\n好厉害……塞得好满……哈哈，哈哈……」"
    },
    {
        "message": "车百合忍受着第一次的刺激，大口呼吸着。\n我轻轻地抚摸她，触摸着柔软的脸颊。"
    },
    {
        "name": "クルマユリ",
        "message": "「嗯……团长的手，好温暖……呼……\n啊，对了，那个……怎么样？疼痛有缓解吗？」"
    },
    {
        "message": "疼痛早已消失殆尽。\n相反，现在感觉非常舒服，让人无法自持。\n我这样说完后，车百合开心地微笑着。"
    },
    {
        "name": "クルマユリ",
        "message": "「是吗，那太好了！\n但是……嗯，在肚子里的硬东西在颤抖……好像有点难受？」"
    },
    {
        "name": "クルマユリ",
        "message": "「难道……你在忍耐什么吗？\n如果是的话，我有点不喜欢……\n我们已经融为一体了……希望团长不要忍耐而是满足自己」"
    },
    {
        "message": "我感受到她脸颊的温度。\n车百合因羞耻而湿润了眼眶，比平时更加迷人。"
    },
    {
        "name": "クルマユリ",
        "message": "「疼痛好像已经消退了，但如果能更舒服一些的话，\n团长可以按照自己喜欢的方式……来吗？」"
    },
    {
        "message": "仿佛将身体交给了那甜蜜的低语，我慢慢开始动起腰来。\n粗糙的阴道摩擦着勃起的表面。"
    },
    {
        "name": "クルマユリ",
        "message": "「啊，啊啊……嗯嗯嗯……团、团长，啊啊！\n在我里面动起来了……嗯嗯……哈、哈……！\n好、好像被搅动着一样……嗯嗯，呼啊啊……」"
    },
    {
        "message": "车百合因黏膜之间的摩擦而深吸一口气。\n湿润的连接部出入顺畅，似乎疼痛也减少了。"
    },
    {
        "name": "クルマユリ",
        "message": "「嗯嗯，啊啊……没、没事……嗯！\n不、不疼的……可能会有点刺痛……啊，\n嗯……反而有点……舒服，啊啊啊……！」"
    },
    {
        "message": "她是一个能够坦率地说出自己内心感受的女孩。\n看到她可爱的反应，我也变得更加兴奋起来。"
    },
    {
        "name": "クルマユリ",
        "message": "「团长，你也很舒服吗？嗯，在肚子里感觉到团长在颤抖呢。\n嗯嗯……呵呵，能一起感受到快乐，我也很开心……」"
    },
    {
        "message": "她敏锐地察觉到我正体验着快感，微笑着。\n看到她这样的表情，我不由自主地露出笑容。"
    },
    {
        "message": "这样的笑容让我感到无比珍惜。\n轻轻地将手移到车百合的乳房上，触碰着。\n她的身体微微颤抖了一下。"
    },
    {
        "name": "クルマユリ",
        "message": "「啊……嗯嗯……团、团长……啊啊……这、这是……！\n这、这么突然摸过来当然会吓一跳啦……」"
    },
    {
        "message": "我仔细观察着车百合的反应，\n但我的手掌动作并没有停下。\n我继续问她是否讨厌。"
    },
    {
        "name": "クルマユリ",
        "message": "「不、不讨厌……嗯嗯，只是有点吓到而已。\n嗯，啊啊……这样，这样淫荡的触摸方式……啊啊……！！」"
    },
    {
        "message": "一边用手掌抬起乳房，\n一边用食指轻轻滑过可爱的乳晕。"
    },
    {
        "name": "クルマユリ",
        "message": "「啊……嗯嗯……啊啊……！！\n团、团长……啊啊……那个……啊啊……\n不、不行……嗯嗯，啊啊……会坏掉的……！！」"
    },
    {
        "message": "我的爱抚使乳房的尖端鼓起并变得坚硬。\\n这次，我用食指和拇指捏住了那个尖端。"
    },
    {
        "name": "クルマユリ",
        "message": "「嗯，啊啊……！！！！」"
    },
    {
        "message": "车百合的身体剧烈地反应着。\\n同时，阴道紧紧地夹住了阴茎。"
    },
    {
        "name": "クルマユリ",
        "message": "「啊，呼啊，嗯……！！ 团长，那个，啊啊……！\\n好厉害，好舒服……我要感觉更舒服……！」"
    },
    {
        "name": "クルマユリ",
        "message": "「团长的小弟弟……啊啊，好痛快……！！\\n啊啊，嗯……啊啊……！！」"
    },
    {
        "message": "面对强烈的刺激，我咬紧牙关忍耐着。\\n这时，车百合伸手碰到了我的脸颊。"
    },
    {
        "name": "クルマユリ",
        "message": "「不要……别露出痛苦的表情好吗？\\n嗯，不要在我面前露出那种表情……！\\n享受快感……把所有的痛苦都吐出来吧？」"
    },
    {
        "name": "クルマユリ",
        "message": "「嗯，我会全部……接受的……！\\n啊啊，所以，请射出来吧？享受快感，啊啊……变得更舒服……！」"
    },
    {
        "message": "听到这话，快感一下子涌上心头。\\n我忘记了一切，只是沉浸在快感之中。"
    },
    {
        "name": "クルマユリ",
        "message": "「嗯，啊啊……嘿嘿，看起来很舒服的表情……\\n可以了，射出来吧……就这样，射进我里面……！！」"
    },
    {
        "name": "クルマユリ",
        "message": "「我也……啊啊……嗯，感觉好舒服……！！\\n嗯，啊啊……啊啊啊啊……！！！！！」"
    },
    {
        "name": "クルマユリ",
        "message": "「呼啊啊……哈哈，哈哈，哈哈……！\\n在，流出来了……团长的热量……好多……嗯嗯……！」"
    },
    {
        "message": "顶着龟头深入阴道深处，喷出大量的精液。\\n车百合接纳了它的全部。"
    },
    {
        "name": "クルマユリ",
        "message": "「哈哈，哈哈……嗯，好厉害，还在流出来……嘿嘿\\n团长，看起来很舒服呢……满意了吗？」"
    },
    {
        "name": "クルマユリ",
        "message": "「痛苦的事情、辛苦的事情全部都忘记了吗？」"
    },
    {
        "message": "吐出了所有的精液，车百合注视着我。\\n只有身体融化般的快感和对她的爱意存在。"
    },
    {
        "message": "看着我这样的样子，车百合满足地微笑着。"
    }
]