[
    {
        "name": "ヨルガオ",
        "message": "「哥哥，我想看你的脸」"
    },
    {
        "message": "夜樱在深夜来到房间，亲昵地靠近我。"
    },
    {
        "name": "ヨルガオ",
        "message": "「嘿，哥哥…能不能再像上次那样对我？」"
    },
    {
        "message": "夜樱这样说着紧紧地抱住了我。与其说是在诱惑我，更像是给人一种无助和不想一个人的印象。"
    },
    {
        "name": "ヨルガオ",
        "message": "「嘿，可以吗？今晚，我想和你在一起」"
    },
    {
        "message": "虽然感觉到有些奇怪的氛围，我还是抱紧了她的身体安抚着她。"
    },
    {
        "name": "ヨルガオ",
        "message": "「让我感受到哥哥的温暖…好吗？」"
    },
    {
        "name": "ヨルガオ",
        "message": "「前端进来了…嗯啊，快点…给我哥哥的小弟弟，好吗？」"
    },
    {
        "message": "我将已经变得十分坚硬的勃起插入阴道口。当龟头完全被吞没时，一股热热的感觉传遍了阴茎。"
    },
    {
        "message": "我们随意握紧对方的手，勃起的阴茎一下子插入了阴道中。"
    },
    {
        "name": "ヨルガオ",
        "message": "「嗯，嗯，阴道……像兄长的形状一样张开，啊啊！\n拜托了，全部都要……插进来」"
    },
    {
        "message": "我点头，一口气将夜樱的阴道粘膜推开。\n欢迎着插入的阴道肉，紧紧地吸附在阴茎上。"
    },
    {
        "name": "ヨルガオ",
        "message": "「嗯啊啊！一下子到底了……\n嗯嗯，已经到了呢，我的深处……被顶上来了」"
    },
    {
        "name": "ヨルガオ",
        "message": "「兄长的，热热的，好像要灼伤一样……\n这就是我想要的……终于感受到了」"
    },
    {
        "message": "夜樱的阴道也因为炽热而变得湿润，更加刺激着阴茎。\n勃起不断增加硬度，在渴望更多刺激的同时颤抖着。"
    },
    {
        "name": "ヨルガオ",
        "message": "「好满，嗯嗯！阴茎在颤抖呢，\n快，动起来……让我们一起感受快感吧？」"
    },
    {
        "message": "重新握紧交织在一起的手指，有节奏地猛烈撞击着。\n夜樱的娇声因为粘膜的摩擦而回荡在房间里。"
    },
    {
        "name": "ヨルガオ",
        "message": "「啊啊，里面，嗯啊啊，摩擦得好多！\n啊，啊，啊啊！好舒服……嗯啊啊！」"
    },
    {
        "name": "ヨルガオ",
        "message": "「一直戳进来……哥哥的小弟弟，好喜欢呀，啊啊♪\n想要更舒服……啊啊！\n求求你了，小弟弟……再多一点」"
    },
    {
        "message": "在兴奋的话语中，阴茎自然而然地变得更加坚硬。\n在阴道内深入往复的同时，夜樱发出甜美的声音。"
    },
    {
        "name": "ヨルガオ",
        "message": "「嗯，嗯……嗯啊！亲吻……亲吻也要给我？」"
    },
    {
        "name": "ヨルガオ",
        "message": "「快点……和哥哥亲吻……\n如果不亲吻我，啊啊，\n我就要用我的小嘴在这里折磨你了……嗯呜♪」"
    },
    {
        "message": "夜樱像孩子一样撒娇地要求亲吻。\n虽然感到些许不自然，但还是按照她的愿望亲吻了起来。"
    },
    {
        "name": "ヨルガオ",
        "message": "「嗯呼吧、嘟噜噜、噗噗吧、\n嗯呼，好喜欢……啪♪」"
    },
    {
        "name": "ヨルガオ",
        "message": "「和哥哥也要亲吻……吧、啊啊、\n放心……啾、啪，嗯嗯♪\n再多一点……给我吧？」"
    },
    {
        "message": "舌头交织，彼此传递爱意。\n夜樱积极地吮吸我的舌头，\n用牙齿轻轻地咬住，仿佛在亲吻一样。"
    },
    {
        "message": "不用说什么，\n感受着夜樱吞下口水的兴奋，\n不断抽送着，继续亲吻着。"
    },
    {
        "name": "ヨルガオ",
        "message": "「唔……啾噗噗，啾噗，啾噗♪\n喜欢你……啾，啾嘭，喜欢……\n啾，不要离开任何地方……」"
    },
    {
        "message": "突然说出的话让我停下了。\\n询问发生了什么事，\n夜樱把视线移开了。"
    },
    {
        "name": "ヨルガオ",
        "message": "「那个，那个……只是稍微有点不安而已。」"
    },
    {
        "message": "她担心的表情握住了我的手。\n我温柔地握住她的手，等待夜樱的回答。"
    },
    {
        "name": "ヨルガオ",
        "message": "「我，我做了个可怕的梦……还在孤儿院的时候，一个人在那里的梦。」"
    },
    {
        "name": "ヨルガオ",
        "message": "「如果我一个人的话……我就不会成为花骑士了……\n然后，也不会遇到哥哥吧……\n所以想到这些，就变得不安起来……睡不着了」"
    },
    {
        "message": "夜樱脸红着坦白了。\n一直以来的不安感终于明确了。"
    },
    {
        "name": "ヨルガオ",
        "message": "「所以，我才说不要离开……\n只是想要和你在一起，想要身体交融，想要强烈的安心感……就这样」"
    },
    {
        "message": "听到这个可爱的理由，我的心被紧紧地勒住。\n夜樱害羞地说着让我感到可爱，\n突然就想要亲吻她。"
    },
    {
        "name": "ヨルガオ",
        "message": "「我也觉得自己有点孩子气……嗯呐，啾，啾噗，啾噗♪\n突然亲吻我……是要安慰我吗？」"
    },
    {
        "message": "虽然不明白，但就是想这么做。\n就这样，专注于抽插运动。"
    },
    {
        "message": "目的并不是为了增加这边的快感。\n为了让夜樱感到安心，\n让她强烈地感受到我的存在，我开始动起腰来。"
    },
    {
        "name": "ヨルガオ",
        "message": "「啊呜，啊啊，啊，嗯啊呜，阴茎，感觉好温柔\n嗯嗯，哥哥的事情，嗯呐，哈啊，好厉害……好有感觉……！」"
    },
    {
        "name": "ヨルガオ",
        "message": "「嗯呐，腰动得好剧烈……啾噗\n身体变得温暖，感到安心……嗯啊\n好舒服……啾，啊啊，啊，唔♪」"
    },
    {
        "name": "ヨルガオ",
        "message": "「再多一点，再多一点阴茎……？\n让阴道感受更多……啾，啾噗噗，\n吸吮着，希望哥哥多宠爱我」"
    },
    {
        "message": "每次前后运动，夜樱的阴道都会涌出大量的爱液。\n它湿润了连接处，使摩擦更加顺畅。"
    },
    {
        "name": "ヨルガオ",
        "message": "「汁水好多呀，嗯啊♪ 被阴茎温柔对待，我在哭呢\n啊啊啊，要让我安心很多很多\n让我的阴道欢喜地流泪♪」"
    },
    {
        "name": "ヨルガオ",
        "message": "「嗯呐，啾，嗯啾噗噗，阴茎，想要更深入一点♪\n哈哈啊，阴道要更猛烈地被插入\n想要被顺畅地刺激♪」"
    },
    {
        "message": "深深地握住她的手，向夜樱传达我的存在。\n为了填满不安的心，\n我一直不停地给予阴茎的刺激。"
    },
    {
        "name": "ヨルガオ",
        "message": "「嗯呐，被这样深爱着，我已经无法忍耐了\n哥哥和阴茎，我都爱上了……！」"
    },
    {
        "message": "没关系，我也同样喜欢夜樱。\n所以，希望你能一直喜欢下去。"
    },
    {
        "name": "ヨルガオ",
        "message": "「啊，嗯哈啊啊♪\n好厉害……！当哥哥说喜欢我的时候……啊啊♪\n我的小穴感到愉悦……嗯啊♪」"
    },
    {
        "name": "ヨルガオ",
        "message": "「啊啊，嗯呼呼！我……已经到极限了\n马上就要……要射出来了！」"
    },
    {
        "message": "与冷静成熟的态度截然不同的淫荡姿态。\n看到这一幕，我的抽插变得更加有力。\n为了让夜樱的快感达到极致，\n我用紧绷的阴茎拼命地动着腰。"
    },
    {
        "name": "ヨルガオ",
        "message": "「嗯啊，被插得好深……啊，啊啊，嗯啊啊！\n好舒服，无法抑制……啊啊，啊啊！♪」"
    },
    {
        "name": "ヨルガオ",
        "message": "「让我高潮吧！\n用哥哥的阴茎……顶到最深处，\n让我高潮吧！」"
    },
    {
        "message": "随着夜樱高潮的迹象，\n我将炽热的阴茎猛烈地撞击到最后一刻。"
    },
    {
        "name": "ヨルガオ",
        "message": "「嗯呐，啊哈啊啊，阴茎也要射出来了！\n头部鼓胀得这么圆润，你知道吗……嗯啊！\n哥哥的浓稠奶汁，想要它喷喷地射进我里面……啊啊啊！」"
    },
    {
        "name": "ヨルガオ",
        "message": "「一起射吧，和我一起……啊，嗯啊啊！\n用你的阴茎狠狠地抽插我的小穴……射得多多的……！」"
    },
    {
        "name": "ヨルガオ",
        "message": "「啊呜呜呢，啊啊，要射了，要射了……！\n哈啊啊，嗯啊啊，要射出来了！！」"
    },
    {
        "name": "ヨルガオ",
        "message": "「嗯啊啊，哥哥的……好多精液……\n嗯呼呼呢，小穴里面都是浓稠的东西……嗯呐♪」"
    },
    {
        "name": "ヨルガオ",
        "message": "「好热、好美妙……啊啊！\n从肚子里蔓延到我的身体里……好幸福啊♪」"
    },
    {
        "message": "阴茎颤抖着射精，不停地喷出精液。\n无法完全收纳的浑浊液体从连接处滴落。"
    },
    {
        "message": "看着像果冻一样凝固的东西，夜樱陶醉地张开嘴巴。"
    },
    {
        "name": "ヨルガオ",
        "message": "「嗯呜呜呢，好厉害……这么浓稠的东西，你给我射进来了吗……\n哥哥的东西，充满了我的里面……」"
    },
    {
        "name": "ヨルガオ",
        "message": "「这样一来，今晚可以安心入睡了……谢谢你，哥哥」"
    },
    {
        "message": "夜樱接住了所有的精液，喘息着。\n她已经恢复了平时冷静的态度。"
    },
    {
        "message": "我表达了对可爱的夜樱非常迷人的真心话。"
    },
    {
        "name": "ヨルガオ",
        "message": "「是吗……那么以后也可以偶尔撒娇吗？」"
    },
    {
        "message": "夜樱用力握紧我的手，冷静地微笑着。"
    }
]