[
    {
        "name": "オトメユリ",
        "message": "「这种事……其实是不应该求的……\\n我自己也……明白的……\\n但是，但是……拜托了……团长先生……」"
    },
    {
        "message": "少女百合以几乎消失的声音说道。\\n身为团长，我认为应该尽量满足花骑士的愿望。\\n然而，在当前的情况下立即回应少女百合的愿望……\\n让我稍微感到一丝为难。"
    },
    {
        "message": "少女百合骑在我身上。\\n她突然闯进房间，然后就这样推倒了我。\\n对于她平时无法想象的大胆举动，\\n我无法表达出言辞。"
    },
    {
        "name": "オトメユリ",
        "message": "「好害怕……非常害怕……\\n如果让团长先生感到不快的话……\\n我真的想立刻逃走……害怕得……\\n像我这样的人，想要这样的事……也太过分了吧……」"
    },
    {
        "name": "オトメユリ",
        "message": "「但是，像以前那样……想要被团长先生爱……\\n可以吗，团长先生……？」"
    },
    {
        "message": "起初确实感到惊讶。\\n然而，看着微微带泪的少女百合——。\\n我决定回应她的感受。"
    },
    {
        "name": "オトメユリ",
        "message": "「嗯……咳……啊啊啊，团长先生……\\n为什么一定要……是这个姿势，不行吗……？\\n这样……太羞耻了……\\n因为，因为……进入的地方，完全暴露在外面……」"
    },
    {
        "name": "オトメユリ",
        "message": "「啊啊啊，越来越深……往里……往里……\\n这、这样的话……实在看不下去……！」"
    },
    {
        "message": "少女百合因为羞耻，用双手掩住了自己的脸。\\n在我面前，是她的耳朵涌红了。\\n我轻轻地用舌头蜿蜒在她的耳朵上。"
    },
    {
        "name": "オトメユリ",
        "message": "「啊，咳，好痒……！\\n啊，啊，已经这么……团长先生的，进得好深……」"
    },
    {
        "message": "少女百合对耳朵的爱抚作出反应，把一直遮住脸的手拿开。\\n这时，她看向眼前的连接处，又用手遮住了脸。\\n不过仔细看，似乎是通过指缝看着连接处。"
    },
    {
        "name": "オトメユリ",
        "message": "「哈哈……团长先生的……还没有全部进去……\\n明明是我想要的……\\n害羞可不行……是吧？\\n嗯嗯……啊啊啊……进到里面了」"
    },
    {
        "message": "少女百合用力压了下来。\\n然后大大勃起的阴茎完全吞没在根部。\\n不久之后——。"
    },
    {
        "name": "オトメユリ",
        "message": "「嗯啊……！ 进、进来了……」"
    },
    {
        "message": "少女百合大口吐出气。\\n正如她所说，坚挺的肉棒完全被吞没到根部。"
    },
    {
        "name": "オトメユリ",
        "message": "「哈哈……不行啊……我这样子，敞开得这么大……\\n而且……变得好滑好滑的……\\n团长先生……至少……能不能改变体势？」"
    },
    {
        "name": "オトメユリ",
        "message": "「之后会动的对吧？我……如果那样的话……\\n那样的地方被展示出来的话……\\n我会害羞得……死掉的……」"
    },
    {
        "name": "オトメユリ",
        "message": "「嗯嗯……哈啊……团长先生，\\n别捉弄我啦……嗯嗯……好羞耻啊……」"
    },
    {
        "message": "嘤咛着像蚊子一样的声音，少女百合流露出羞耻。\\n然后，因为羞耻，她的身体仿佛在寻找逃离之地一样扭动着。\\n这个动作使阴道肌肉起伏不定，刺激了鼓胀得满满的勃起。"
    },
    {
        "name": "オトメユリ",
        "message": "「啊，团长先生……！\\n团长先生的……在跳动，有脉搏的感觉……\\n血管清晰可见……甚至从我这里也……能清晰地看到……」"
    },
    {
        "name": "オトメユリ",
        "message": "「竟然会变成这样……难道团长先生也……\\n在，兴奋吗？ 在我的身体中……\\n这里……也会变成这样……」"
    },
    {
        "message": "少女百合纤细的指头沿着阴茎的里脊游走。\\n变得敏感的勃起对这轻微的接触作出反应，在阴道内蹦蹦跳跳。"
    },
    {
        "name": "オトメユリ",
        "message": "「啊……！ 在里面，狂暴地动着……！\\n刚才的……感觉舒服吗？ 这里的里面……\\n这样用……指甲轻轻抚摸着……\\n嗯嗯……感觉……舒服吗？」"
    },
    {
        "message": "被刺激到阴茎的里脊，每次都让腰部浮起。\\n在看到这边的反应时，她的表情逐渐变化。\\n不再是羞耻，而是微笑——。"
    },
    {
        "name": "オトメユリ",
        "message": "「啊……感觉有点奇怪……\\n虽然很害羞，心跳加速，但是那……好像是，\\n一种舒服的感觉……啊啊……而且，而且……」"
    },
    {
        "name": "オトメユリ",
        "message": "「看着团长先生舒服的样子……\\n这也让我很高兴……咚咚地……越来越……\\n舒服起来……」"
    },
    {
        "message": "感受到少女百合身体温度不断升高。\\n伸手到她整齐的乳房上。\\n暂时停下腰的动作，专注于玩弄乳头。"
    },
    {
        "name": "オトメユリ",
        "message": "「嘿啊，那里……！？」"
    },
    {
        "message": "用指腹轻轻刺激着粉色的芽苞。\\n即便是轻微的刺激，乙女百合的身体也强烈地作出了反应。"
    },
    {
        "name": "オトメユリ",
        "message": "「啊啊啊……呀啊啊啊，这种事……\\n啊，啊啊啊，感觉好……会变得……\\n诶，变得很淫荡，我……我……」"
    },
    {
        "name": "オトメユリ",
        "message": "「哈……哈……团长大人，做一些奇怪的事情……\\n啊啊……呀啊……好舒服啊……」"
    },
    {
        "name": "オトメユリ",
        "message": "「这种……无法忍耐……嗯……\\n对，对团长大人……哈……哈……失礼的事情……\\n求，求你了……」"
    },
    {
        "message": "乙女百合似乎还有些犹豫。\\n为了缓解她的紧张，\\n今晚希望她能对自己更坦率——这样告诉她。"
    },
    {
        "name": "オトメユリ",
        "message": "「那，那种事……嗯，嗯嗯……\\n今天，就是为了那个……过来的……\\n团长大人……嗯……想要撒娇，想要撒娇……\\n害羞，差点就忘了这一点……」"
    },
    {
        "name": "オトメユリ",
        "message": "「团长大人……我……现在，感觉好舒服……\\n但是，想要更舒服……\\n更，更羞耻的事情……想要……」"
    },
    {
        "message": "乙女百合的右手触摸到了阴茎，左手握住了那只触碰着她乳房的手。"
    },
    {
        "name": "オトメユリ",
        "message": "「这里和……这里……请一次性……摸摸我……\\n虽然很害羞……但是……这样一定……会很舒服的……\\n任性吗……太过分了吗……？」"
    },
    {
        "message": "对于还有些犹豫的乙女百合，没关系的——这样轻声细语。\\n然后，如她所愿……\\n紧握住那双乳房，用力顶起腰。"
    },
    {
        "name": "オトメユリ",
        "message": "「嗳呀！？ 团，团长先生！ 突然之间，好，好激烈……！」"
    },
    {
        "name": "オトメユリ",
        "message": "「啊，啊，啊啊啊，呀啊！！\\n我的里面，团长先生的，这，这么激烈……！\\n进出不断，啊，啊啊啊……不行，不行啊……！」"
    },
    {
        "name": "オトメユリ",
        "message": "「好害羞，真的好害羞啊！\\n黏黏滑滑的，不停地，啊，啊，呼啊！\\n这湿湿的，到底从哪里……啊，啊啊啊！\\n不，不要，别看啊！ 团长先生！」"
    },
    {
        "message": "是想要防止露骨的抽送的乙女百合，强行扭动着身体，\\n亲吻着我的嘴唇。"
    },
    {
        "name": "オトメユリ",
        "message": "「嗯嘟……啾……啵嘟……嗯嗯！？\\n扑哈啊，啊，啊，啾……！ 嘟噜！\\n啾，啵嘟，扑哈……！ 哈啊哈啊，\\n嗯嗯，好舒服……」"
    },
    {
        "name": "オトメユリ",
        "message": "「啊，啊，好，好害羞，但是，好舒服……\\n比想象中，一直，嗯嗯，好舒服……！」"
    },
    {
        "name": "オトメユリ",
        "message": "「我的肚子里，渐渐地变得热乎乎的，而且，\\n啊，啊，啊啊啊，嘿，奇怪的感觉……！\\n从肚子深处，咕噜咕噜地颤动着，啊，啊啊啊……！\\n这，这是……什么……？」"
    },
    {
        "message": "少女百合感受全身肌肉紧缩的感觉。\\n洗发水的香气中，汗味变得更浓。\\n已经感觉到发生了什么。\\n少女百合正经历著巅峰。"
    },
    {
        "name": "オトメユリ",
        "message": "「啊、啊、团长……！ 别、别停下来！\\n奇怪的东西，奇怪的东西会来……！\\n太舒服了，奇怪的东西……！」"
    },
    {
        "message": "面对初次的巅峰，少女百合全身颤抖。\\n双臂紧紧拥抱她，施加更多力道。\\n然后，在耳边重复著不用担心，一切都好。"
    },
    {
        "name": "オトメユリ",
        "message": "「真、真的，是、是吗？\\n这种感觉，生平第一次，啊、啊啊啊！\\n不行，真、真的，变得奇怪了……对」"
    },
    {
        "message": "火辣的肉瓣缠绕在阴液中，施加强烈的压力。\\n这边也快到极限了。深呼吸，开始最后的冲刺。\\n一边想像著喷出所有的精液——。"
    },
    {
        "name": "オトメユリ",
        "message": "「啊、啊、奇怪、奇怪……！\\n已经、已经、忍耐不住了……！」"
    },
    {
        "name": "オトメユリ",
        "message": "「团长，即使变得奇怪，也可以吗？」"
    },
    {
        "message": "一说出声音就会出来——因为有这种确信，\\n点头回应著。"
    },
    {
        "name": "オトメユリ",
        "message": "「呜、啊啊、团长，团长啊！\\n奇怪的，奇怪的！ 啊啊啊，完全不行了！」"
    },
    {
        "name": "オトメユリ",
        "message": "「团长大人！我好喜欢你！好喜欢呀！\\n啊！？ 哇啊啊啊啊啊啊――――！！！」"
    },
    {
        "name": "オトメユリ",
        "message": "「啊啊啊―――！？ 喂，喂，这、这是什么鬼――！？」"
    },
    {
        "message": "在少女百合的阴道痉挛的同时，她达到了巅峰。\\n我也同时达到了巅峰，大量的浑浊液体注入到了少女百合的体内。"
    },
    {
        "name": "オトメユリ",
        "message": "「嗯嗯嗯，团长大人，从您的那里，好热呀……\\n啊啊，进入我里面了……啊，停不下来了……！」"
    },
    {
        "message": "射精一点停的迹象都没有。\\n照旧，持续地往少女百合的阴道中喷射着特浓的精液。"
    },
    {
        "name": "オトメユリ",
        "message": "「哈……哈……居然还不停……\\n团长大人，这里也……变得奇怪了呢……\\n与我的这里一起……」"
    },
    {
        "name": "オトメユリ",
        "message": "「呵呵，真是一模一样呢……我们……\\n嗯……！ 还是，请您保持这样……\\n直到最后一滴……射出来……」"
    },
    {
        "message": "两人依然连接在一起，彼此调整呼吸。\\n房间里只有沉闷的呼吸声在回荡。"
    },
    {
        "name": "オトメユリ",
        "message": "「哈……哈……\\n虽然，很害羞的……我，现在……\\n非常……幸福……」"
    },
    {
        "name": "オトメユリ",
        "message": "「团长，能够请求你一件事吗……嘻嘻」"
    },
    {
        "message": "在粗糙的呼吸中，少女百合的微笑交织其中。\\n然后，少女百合这样说道。"
    },
    {
        "name": "オトメユリ",
        "message": "「还可以……再请求一次吗？ 团长大人……♪」"
    }
]