[
    {
        "message": "那是，第一次把泽菲兰萨斯叫到房间的时候。"
    },
    {
        "name": "ゼフィランサス",
        "message": "「这、这个姿势！？」"
    },
    {
        "message": "按照欲望推倒泽菲兰萨斯后，出乎意料地得到了反应。\n应该不是什么奇怪的体位才会让人惊讶。"
    },
    {
        "name": "ゼフィランサス",
        "message": "「你、你在说谎，已经、已经进去了！」"
    },
    {
        "name": "ゼフィランサス",
        "message": "「哟哟，衣服！先、先脱掉衣服！\n你、你的胸部、胸部露出来了……！」"
    },
    {
        "message": "泽菲兰萨斯慌乱地试图遮住那对形状良好的胸部。"
    },
    {
        "name": "ゼフィランサス",
        "message": "「呀、好害羞……」"
    },
    {
        "message": "虽然不像是讨厌的反应，\n但与我预想中的反应不同。"
    },
    {
        "message": "因为泽菲兰萨斯经常说着随时都可以做好事，\n所以我一直以为她会接受这样的行为。"
    },
    {
        "name": "ゼフィランサス",
        "message": "「团长，等、等一下！\n我、我现在要深呼吸一下」"
    },
    {
        "message": "举止可疑的泽菲兰萨斯开始深呼吸。"
    },
    {
        "name": "ゼフィランサス",
        "message": "「完全无法冷静……！该怎么办！」"
    },
    {
        "message": "抱着的大腿非常用力。\n泽菲兰萨斯的整个身体都变得僵硬。"
    },
    {
        "message": "在泽菲兰萨斯的身体变得僵硬之前，阴茎稍微出其不意地插入到最深处，\n但却完全无法动弹。\n可能是因为没有湿润。"
    },
    {
        "name": "ゼフィランサス",
        "message": "「嗯、嗯，在这种时候……在这种时候……\n经验丰富的我来主导！」"
    },
    {
        "message": "虽然说着这样大话，\n但我并不认为现在的泽菲兰萨斯能够被主导。"
    },
    {
        "message": "如果继续这样下去，\n为了让泽菲兰萨斯放松下来，我伸手到她的胸前。"
    },
    {
        "name": "ゼフィランサス",
        "message": "「胸、胸部！？\n也要触摸胸部！？」"
    },
    {
        "message": "触摸整个胸部，泽菲兰萨斯的身体剧烈地颤抖着。"
    },
    {
        "name": "ゼフィランサス",
        "message": "「嗯，嗯，那样是理所当然的，没问题没问题。」"
    },
    {
        "message": "为了让泽菲兰萨斯冷静下来，我只是轻轻地贴上手掌，观察着她的反应。"
    },
    {
        "name": "ゼフィランサス",
        "message": "「团长的手……温暖……」"
    },
    {
        "message": "泽菲兰萨斯微笑着。\n感觉她的身体僵硬稍稍松弛了一点点。"
    },
    {
        "name": "ゼフィランサス",
        "message": "「啊……」"
    },
    {
        "message": "为了确认，我慢慢揉捏起泽菲兰萨斯的胸部。"
    },
    {
        "name": "ゼフィランサス",
        "message": "「嗯……好害羞……」"
    },
    {
        "name": "ゼフィランサス",
        "message": "「虽然现在才说有点晚！但、但是不奇怪吧？那个、颜色和形状之类的……」"
    },
    {
        "message": "没有回答，而是捏住乳头。"
    },
    {
        "name": "ゼフィランサス",
        "message": "「咿呀！？那、那里很敏感的啦！」"
    },
    {
        "message": "泽菲兰萨斯的身体剧烈地跳动着。"
    },
    {
        "name": "ゼフィランサス",
        "message": "「不可以用手指来挠那里啦……」"
    },
    {
        "message": "然而泽菲兰萨斯并没有停下来。"
    },
    {
        "name": "ゼフィランサス",
        "message": "「啊，但是，感觉好舒服，嗯……好像……有点……」"
    },
    {
        "name": "ゼフィランサス",
        "message": "「团长应该已经注意到了吧，嗯，那个，说我经验丰富其实是谎言……嗯……因为我是第一次……」"
    },
    {
        "message": "泽菲兰萨斯脸红着说道。\n虽然之前的反应我有点怀疑过，但看来确实是第一次。"
    },
    {
        "name": "ゼフィランサス",
        "message": "「我一直都想把第一次留给喜欢的人……\n所以，团长，你可以对我做任何你喜欢的事情！」"
    },
    {
        "name": "ゼフィランサス",
        "message": "「话说，我不知道该怎么做……团长，你能告诉我该怎么办吗？」"
    },
    {
        "message": "感觉泽菲兰萨斯的身体变得松软了，所以重新开始对乳头的爱抚。"
    },
    {
        "name": "ゼフィランサス",
        "message": "「啊……」"
    },
    {
        "message": "揉捏着变硬的乳头。"
    },
    {
        "name": "ゼフィランサス",
        "message": "「嗯……啊……感觉有点晕乎乎的，嗯……哈啊……哈啊……」"
    },
    {
        "name": "ゼフィランサス",
        "message": "「想到团长在对我做这个，不知怎的就渐渐感到开心起来……」"
    },
    {
        "message": "稍微用力地捏住乳头。"
    },
    {
        "name": "ゼフィランサス",
        "message": "「嗯……感觉到了……嗯……我在感受着……」"
    },
    {
        "name": "ゼフィランサス",
        "message": "「唔……我感受到了，团长……团长在挑逗我的敏感地方……」"
    },
    {
        "message": "泽菲兰萨斯的声音渐渐变得妖娆起来。"
    },
    {
        "name": "ゼフィランサス",
        "message": "「嗯……呼……嗯……哈啊……哈啊……」"
    },
    {
        "message": "呼吸也变得妖艳起来。"
    },
    {
        "message": "稍微将阴茎抽出，伸手触摸连接处，湿润而滑腻。"
    },
    {
        "name": "ゼフィランサス",
        "message": "「啊……湿润的……我……」"
    },
    {
        "name": "ゼフィランサス",
        "message": "「团长……不仅胸部，其他地方也感觉很舒服，所以」"
    },
    {
        "message": "随着泽菲兰萨斯的话语，慢慢地开始动起腰来。"
    },
    {
        "name": "ゼフィランサス",
        "message": "「哈呜！」"
    },
    {
        "message": "每一次插入时，泽菲兰萨斯的身体都会颤抖，发出声音。"
    },
    {
        "name": "ゼフィランサス",
        "message": "「哈啊……哈啊……嗯嗯嗯！好厉害……好舒服……\n好舒服啊，团长大人！」"
    },
    {
        "name": "ゼフィランサス",
        "message": "「嗯嗯，啊啊！这种感觉！第一次有这样的……\n里面，团长大人的东西，擦着我！\n里面，好热！哈啊！嗯呜！」"
    },
    {
        "message": "尽管还没有那么剧烈地动，\n泽菲兰萨斯的身体却像弹簧一样抽搐着。"
    },
    {
        "name": "ゼフィランサス",
        "message": "「这才是……真正的……\n啊呜……和喜欢的人在一起，哈啊……哈啊……\n感觉真好，原来是这样子的」"
    },
    {
        "name": "ゼフィランサス",
        "message": "「开心……能和团长大人在一起，啊呜呜！\n能与团长大人融为一体，好开心！」"
    },
    {
        "message": "泽菲兰萨斯的阴道收缩起来。"
    },
    {
        "name": "ゼフィランサス",
        "message": "「团长大人，可以随意动哦！」"
    },
    {
        "message": "受到泽菲兰萨斯的话语激发，开始剧烈地摆动腰部。"
    },
    {
        "name": "ゼフィランサス",
        "message": "「啊哈啊啊！好厉害，这个！啊啊！\n团长大人，嗯嗯，嗯呜！太舒服了，要出问题了！」"
    },
    {
        "name": "ゼフィランサス",
        "message": "「啊呜，团长大人，感觉舒服吗？好舒服吗！？」"
    },
    {
        "name": "ゼフィランサス",
        "message": "「团长大人，看起来好舒服的样子，那个表情！啊哈……感觉一阵阵的刺激！」"
    },
    {
        "name": "ゼフィランサス",
        "message": "「嗯呜！团长大人的里面变得又硬又大！嗯！啊呜呜啊！」"
    },
    {
        "name": "ゼフィランサス",
        "message": "「啊哈！好厉害，团长大人的，好厉害！团长大人那粗硬的东西，扩散到了全身！」"
    },
    {
        "message": "看着混乱的泽菲兰萨斯，射精感涌上心头。无法再忍耐下去了。"
    },
    {
        "name": "ゼフィランサス",
        "message": "「嗯呜，啊，激烈一点！嗯呼，嗯呼！嗯！团长大人，更激烈一点！」"
    },
    {
        "name": "ゼフィランサス",
        "message": "「啊呜！忍不住了，无法忍耐了！要完了！要射出来了！要高潮了，团长大人，要高潮了！」"
    },
    {
        "name": "ゼフィランサス",
        "message": "「不行，无法停下来！团长大人！这个！啊啊啊啊啊！」"
    },
    {
        "message": "泽菲兰萨斯的阴道收缩起来，感觉非常舒服，我不禁一口气射精了。"
    },
    {
        "name": "ゼフィランサス",
        "message": "「啊，啊啊啊！团长大人的东西，好多，都出来了！」"
    },
    {
        "name": "ゼフィランサス",
        "message": "「要射了……啊啊！要射了！团长大人，在我里面射了……！」"
    },
    {
        "name": "ゼフィランサス",
        "message": "「团长大、不对，这个，停不下来，嗯呜！抽搐，停不下来呀！嗯呼！」"
    },
    {
        "message": "泽菲兰萨斯的身体痉挛不止，而且阴道紧紧收缩着，不让它结束。稍微想要抽出来一点，就会更紧地夹住。"
    },
    {
        "name": "ゼフィランサス",
        "message": "「哈哈……团长大人，你真的让我感到很舒服……」"
    },
    {
        "message": "泽菲兰萨斯开心地微笑着。"
    },
    {
        "name": "ゼフィランサス",
        "message": "「好开心……」"
    },
    {
        "name": "ゼフィランサス",
        "message": "「但是……还不够」"
    },
    {
        "name": "ゼフィランサス",
        "message": "「想要更多，团长大人对我更加深爱……可以吗？」"
    },
    {
        "message": "尽管已经射过一次，但阴茎完全没有衰退的迹象，反而在那句话下变得更加坚硬。"
    },
    {
        "message": "今晚可能无法入眠。"
    }
]