[
    {
        "name": "アガパンサス",
        "message": "「您有什么事需要我吗，团长大人」"
    },
    {
        "message": "最近，骑士团内都在议论着阿加帕努斯能够应付任何困难的话题。因此，我召唤你是为了提醒你应该拒绝那些不可能完成的事情。"
    },
    {
        "name": "アガパンサス",
        "message": "「团长大人，你还记得菲利亚塔拉萨王家的家训吗？那就是，爱是毫不吝啬地给予的意思。无论是我拥有的东西还是我能做到的事情，都会毫不保留地给予，这就是我的生活方式」"
    },
    {
        "message": "阿加帕努斯笑着回答道。然而从她的回答中可以感受到她坚决不退让的意志。"
    },
    {
        "message": "我认为如果继续这样下去就没有结果了，所以提出了一个不切实际的要求。"
    },
    {
        "name": "アガパンサス",
        "message": "「诶诶诶！？那个，那个……」"
    },
    {
        "message": "阿加帕努斯的脸渐渐染上了红晕。果然是不可能的吧。就算因为这个而被阿加帕努斯讨厌，只要她以后能够拒绝不可能的要求，那就好了。"
    },
    {
        "name": "アガパンサス",
        "message": "「没关系」"
    },
    {
        "message": "阿加帕努斯害羞地说道。她轻松地接受了一个本来就被拒绝的不可能完成的要求，让我不禁感到困惑。"
    },
    {
        "name": "アガパンサス",
        "message": "「但是，团长大人似乎还在混乱中，所以由我来引导吧」"
    },
    {
        "name": "アガパンサス",
        "message": "「虽然说要引导，但是我还是第一次……嗯，确实有点紧张呢」"
    },
    {
        "message": "转眼间就被推倒在床上，阿加帕努斯跨了上来。她的微笑看起来并不紧张。"
    },
    {
        "message": "尽管处于这样的情况，阴茎仍然坚挺。"
    },
    {
        "name": "アガパンサス",
        "message": "「因为是第一次，可能做得不太好……但我会尽力的……嗯」"
    },
    {
        "message": "没有停顿地插入了进去。湿滑的触感包裹住了阴茎。"
    },
    {
        "name": "アガパンサス",
        "message": "「嗯，团长大人的硬硬的东西进来了……嗯！虽然听说过，但还是有点疼呢……」"
    },
    {
        "message": "阿加帕努斯慢慢地坐下来。虽然看到她时不时扭曲的痛苦表情，我想要阻止，但却无能为力。"
    },
    {
        "name": "アガパンサス",
        "message": "「团长大人，请不要露出那样的表情……这是我自愿做的事情……来，看看吧」"
    },
    {
        "message": "阿加帕努斯的阴道被阴茎深深插入。"
    },
    {
        "name": "アガパンサス",
        "message": "「团长大人，我们已经真正地连接在一起了……我很高兴」"
    },
    {
        "message": "阿加帕努斯微笑着说道。"
    },
    {
        "message": "无论怎么掩饰，都只会成为借口，我并没有打算让阿加帕努斯做这样的事情。"
    },
    {
        "message": "阿加帕努斯是香蕉海洋的合法继承者，一个真正的王族。而且还是处女。\n让一个普通的骑士团长随意拥有她，无论受到什么样的刑罚都不为过。"
    },
    {
        "name": "アガパンサス",
        "message": "「是的，团长大人将会在牢狱中度过余生」"
    },
    {
        "message": "我明白了，这样一来骑士团长的人生就结束了吧。"
    },
    {
        "name": "アガパンサス",
        "message": "「开玩笑的，开玩笑而已\n团长大人，您不用担心……嗯……没关系的……嗯……」"
    },
    {
        "message": "说着，阿加帕努斯开始上下动着腰部。"
    },
    {
        "name": "アガパンサス",
        "message": "「团长大人……您是为了我考虑，嗯……所以提出了这个无理的要求吗？」"
    },
    {
        "name": "アガパンサス",
        "message": "「您给我一个看似无法实现的要求，然后拒绝它，\\n从而让我明白……嗯……并不需要回应这个无理的要求\\n……哈，嗯……这是合乎逻辑的\\n除了那个要求……是我能做到的事情之外」"
    },
    {
        "message": "我仿佛窥见了阿加帕努斯慈爱的一面。"
    },
    {
        "name": "アガパンサス",
        "message": "「而且，让我被您拥抱……实际上就是说\\n您可以将我视为那种对象……这个意思吧？\\n我很高兴」"
    },
    {
        "message": "此刻，阴茎正坚挺勃起着，这一点无可否认。"
    },
    {
        "name": "アガパンサス",
        "message": "「所以，请团长大人不要考虑太多困难的事情，\\n只需要考虑如何感到舒服就好了」"
    },
    {
        "message": "说着，阿加帕努斯开始缓慢地前后摆动腰部。"
    },
    {
        "name": "アガパンサス",
        "message": "「疼痛已经减轻了很多，\\n不要上下动，而是像这样，前后……怎么样？」"
    },
    {
        "message": "阿加帕努斯的腰部运动前后摆动得如此熟练，\\n让人怀疑这是否真的是她第一次。"
    },
    {
        "name": "アガパンサス",
        "message": "「男性感到最舒服的时候，应该会射精吧？\\n如果想要射了，随时都可以哦？」"
    },
    {
        "name": "アガパンサス",
        "message": "「嘿，怎么样，呼呼，感觉，舒服吗？」"
    },
    {
        "message": "对阿加帕努斯的问题点头。"
    },
    {
        "message": "虽然没有激烈的动作，但阴茎却被充分刺激着。"
    },
    {
        "name": "アガパンサス",
        "message": "「太好了……嗯，我一直在担心团长大人能否感到舒服……」"
    },
    {
        "name": "アガパンサス",
        "message": "「团长大人，请随意动吧，不用在意的哦？\\n团长大人感到舒服，嗯……是最重要的」"
    },
    {
        "message": "我还有些后悔让阿加帕努斯勉强做这件事。\\n但既然已经做到这一步，再装好人也没用了。\\n决定让阿加帕努斯感受到前所未有的快感。"
    },
    {
        "message": "稍微加强一下动作，没关系吧？向阿加帕努斯确认。"
    },
    {
        "name": "アガパンサス",
        "message": "「嗯，没关系的\\n团长大人，从下面……嗯嗯！」"
    },
    {
        "message": "没有等待阿加帕努斯说完话，我从下面向上顶了上去，为了让她感到舒服。"
    },
    {
        "name": "アガパンサス",
        "message": "「啊啊……好厉害！好厉害！团长大人的，阴茎！好多摩擦！啊啊！」"
    },
    {
        "message": "每次顶进去，阿加帕努斯的阴道都紧紧地包裹住我的阴茎。"
    },
    {
        "name": "アガパンサス",
        "message": "「嗯，啊嗯！团长大人，深入到最里面！阴茎，嗯，啊嗯！到达了！」"
    },
    {
        "message": "我用龟头一次又一次亲吻着阿加帕努斯的子宫口。随着这个动作，阿加帕努斯扭动着腰部，快感膨胀了数倍。射精只是时间问题。"
    },
    {
        "name": "アガパンサス",
        "message": "「不行，嗯，我什么都不想……啊嗯，想要让团长大人感到舒服！啊啊！」"
    },
    {
        "name": "アガパンサス",
        "message": "「我，我！这样的话，很快就会达到极限了！嗯！哈哈，啊啊！想要让团长大人感到舒服，嗯！啊啊！」"
    },
    {
        "message": "阿加帕努斯颤抖着身体，表情陶醉而恍惚。虽然我很想射精，但既然决定要让阿加帕努斯感到舒服，我不能就这样结束。"
    },
    {
        "name": "アガパンサス",
        "message": "「已经没有其他事情能让我感到舒服了！团长大人啊！嗯，团长大人啊！」"
    },
    {
        "name": "アガパンサス",
        "message": "「啊啊，不行，不行！团长大人，您那样，忍耐着的，痛苦的表情！啊啊！好棒，好棒！让我感到颤抖！」"
    },
    {
        "name": "アガパンサス",
        "message": "「射出来吧，团长大人！不要忍耐，射满我的里面吧！」"
    },
    {
        "message": "那诱惑的声音是冲垮理性的最后一击。为了在阿加帕努斯里面射精，我用力顶了上去。"
    },
    {
        "name": "アガパンサス",
        "message": "「啊啊啊！不行，不行！团长大人，我，啊啊啊啊！」"
    },
    {
        "name": "アガパンサス",
        "message": "「啊啊啊！哈哈，呼……哈哈……呼……呼……」"
    },
    {
        "message": "我将所有的精液喷射进了阿加帕努斯剧烈收缩的内部。快感包裹着全身。"
    },
    {
        "name": "アガパンサス",
        "message": "「呼呼……这就是被喜欢的人抱着的感觉……」"
    },
    {
        "message": "阿加帕努斯的身体仍在微微颤抖着。看来她感到很舒服，真是太好了。"
    },
    {
        "name": "アガパンサス",
        "message": "「嗯……啊……团长大人的……已经出来了……」"
    },
    {
        "message": "从结合部混合着爱液，精液也黏糊糊地溢出来。"
    },
    {
        "message": "射精后变得冷静，立刻感到内疚，好像是强迫阿加帕努斯做了什么不该做的事情。"
    },
    {
        "name": "アガパンサス",
        "message": "「团长大人没有必要露出那种表情，因为我一直都想被团长大人拥抱。」"
    },
    {
        "message": "听到意外的告白，我无法掩饰住我的惊讶。"
    },
    {
        "name": "アガパンサス",
        "message": "「虽然我一直想和团长大人成为恋人关系，但是一直找不到关系进展的契机……」"
    },
    {
        "name": "アガパンサス",
        "message": "「但是今天，团长大人突然说要我抱抱他……虽然很吃惊，但觉得这是个绝佳的机会，就把团长大人按倒了。」"
    },
    {
        "message": "阿加帕努斯顽皮地伸出舌头。并不是强迫满足要求，而是本来就想要的事情吗？"
    },
    {
        "name": "アガパンサス",
        "message": "「正是如此。即使有人要我给他大笔钱，如果我的钱包是空的，我也无法给予。」"
    },
    {
        "name": "アガパンサス",
        "message": "「虽然可以和喜欢的人亲密接触，但我无法与不喜欢的人发生关系。」"
    },
    {
        "message": "阿加帕努斯微笑着。"
    },
    {
        "message": "听到这句话，我感到一阵疲倦涌上心头。\\n也就是说，我只是过度相信了谣言而已。"
    },
    {
        "name": "アガパンサス",
        "message": "「团长大人，您辛苦了吗？\\n我会帮您整理好行装，您可以直接休息下来。」"
    },
    {
        "message": "为了回应阿加帕努斯慷慨的提议，\\n我闭上了眼睛。"
    }
]