[
    {
        "name": "ヤマユリ",
        "message": "「来吧，快点开始吧」"
    },
    {
        "message": "刚进房间，就仿佛知道该做什么一样，这是山百合的暗示。\\n这并不是一种有氛围的情况。"
    },
    {
        "name": "ヤマユリ",
        "message": "「怎么了？ 为什么犹豫不决」"
    },
    {
        "message": "站在眼前。 从旁边看，就像是在威慑一样，\\n但表情和口气中并没有刺耳之感。"
    },
    {
        "message": "我们也调整呼吸，做好内心的准备。"
    },
    {
        "name": "ヤマユリ",
        "message": "「性爱，本来就应该在卧室里进行，不是吗？\\n所以，就在这里拥抱吧……不是浴室，就像前几天一样」"
    },
    {
        "name": "ヤマユリ",
        "message": "「而且我只会把身体让给一个人，\\n团长，请给予相应的对待」"
    },
    {
        "message": "对着这番话点头，山百合的心情似乎变得很好。"
    },
    {
        "name": "ヤマユリ",
        "message": "「既然是之前的约定，那我就好好让你感受一下吧」"
    },
    {
        "name": "ヤマユリ",
        "message": "「这样穿着做……」"
    },
    {
        "message": "为了压制有些不满的山百合，同时也是为了给男根找个去处，将它刺入肉壶。"
    },
    {
        "name": "ヤマユリ",
        "message": "「嗯咕！哈、啊啊啊……！进来了、进来了、啊啊啊……！」"
    },
    {
        "message": "因为姿势的关系，清晰地看到阴茎被蜷缩的阴道口所吞噬。\\n挺立的阴茎被小小的孔道吞噬。"
    },
    {
        "name": "ヤマユリ",
        "message": "「这样……嗯、原来也有这样的性行为吗……\\n上一次我在上面，这次是团长在上……」"
    },
    {
        "name": "ヤマユリ",
        "message": "「哈啊……哈啊……全部进去了吗……\\n热热的、硬硬的……似乎已经到了肚子里」"
    },
    {
        "message": "可能是因为这个姿势，阴茎承受的压迫感比上次更强烈。\\n脉动的肉在阴道里蠕动，将阴茎紧紧地夹住。"
    },
    {
        "name": "ヤマユリ",
        "message": "「哈啊、哈啊……还是那么大……嗯、咕……虽然疼痛有所缓解……\\n嗯、我的身体……仿佛被撑开了一样……感觉有点奇怪……」"
    },
    {
        "name": "ヤマユリ",
        "message": "「啊不，我并不是说讨厌和团长发生关系……！\\n这一点请你明白，嗯啊！」"
    },
    {
        "name": "ヤマユリ",
        "message": "「傻、傻瓜……突然、动了，嗯……嗯，啊……啊」"
    },
    {
        "message": "为了看到山百合淫乱的样子，什么都没说就开始动腰。\\n阴道湿润适中，噗噗的淫荡声音传了过来。"
    },
    {
        "message": "挺起腰部，山百合的下腹隆起，阴茎的形状浮现。\\n那种感觉有些淫靡，激起了心头的冲动。"
    },
    {
        "name": "ヤマユリ",
        "message": "「啊……嗯咕，啊……嗯，这样的，姿势……啊啊，\\n我，好像什么都做不了……嗯，啊啊，啊」"
    },
    {
        "name": "ヤマユリ",
        "message": "「我……嗯咕，啊……唔，\\n舒服地，对你说了……啊，应该，的话，啊……咕，唔……」"
    },
    {
        "message": "也许是因为对之前的过程有些不满，山百合有点紧张。\\n为了缓解她的紧张，同时也为了爱抚那富有弹性的臀部，\\n轻柔地爱抚着阴茎夹缝中挤出的部分。"
    },
    {
        "name": "ヤマユリ",
        "message": "「嗯哈，啊……又是屁股……嗯，有点刺激……哈，\\n啊……嗯，唔，里面，在颤抖……啊，嗯嗯」"
    },
    {
        "name": "ヤマユリ",
        "message": "「哈啊，啊……嗯咕，嗯唔……只是被抚摸着，嗯嗯唔，\\n我的屁股，想起了你对我做过的事……\\n啊，嗯嗯，啊，嗯嗯……嗯呼……！」"
    },
    {
        "message": "舌头绕着整个屁股轻轻舔舐，时而用手紧握。\\n指尖深深陷入肉中，情感沸腾。"
    },
    {
        "message": "继续爱抚的过程中，渐渐地变得让人欲罢不能。\\n用力揉搓时，山百合的呼吸变得更加急促，阴道也变得更加紧致。"
    },
    {
        "name": "ヤマユリ",
        "message": "「啊、啊……嗯，这样，我……期望的……啊、啊……！\\n嗯啊、啊、嗯嗯……！」"
    },
    {
        "name": "ヤマユリ",
        "message": "「嗯哈！ 团长……嗯，这么……专注于屁股，嗯……啊、啊……！」"
    },
    {
        "message": "虽然嘴上抱怨着不满，却掩饰不住快感。\\n与平时强烈而果断的口气大相径庭，柔弱而甜美的声音刺激着阴茎。"
    },
    {
        "name": "ヤマユリ",
        "message": "「啊、啊……嗯、嗯……猛烈、嗯、啊、嗯……\\n啊、啊……我的身体，好像……会崩溃了……啊、啊啊」"
    },
    {
        "name": "ヤマユリ",
        "message": "「嗯、嗯、嗯、嗯、嗯、屁股也……啊、啊、啊、啊、啊……\\n弄得太过火了……啊、啊啊」"
    },
    {
        "message": "看着渐渐失控的山百合，让人情难自禁地兴奋。\\n渐行渐远的阴茎在变得越发狭窄、紧致的阴道中不停地出入。"
    },
    {
        "name": "ヤマユリ",
        "message": "「啊……啊、啊、啊、啊……团长，我，嗯……\\n团长的，玩具，啊、啊啊……！」"
    },
    {
        "name": "ヤマユリ",
        "message": "「这样，啊、啊……嗯、嗯嗯……玩具，啊、啊啊！\\n嗯、啊、啊啊、嗯嗯、啊……」"
    },
    {
        "message": "眼前可见的连接部位泄漏着泡状的爱液，显露出其激烈的程度。\\n山百合似乎也注意到了，她似乎对自己的状况感到满意。"
    },
    {
        "name": "ヤマユリ",
        "message": "「嗯咕……哈、啊呀、嗯……呼、但是……\\n为一个变态着迷……我也有责任吗……嗯啊、啊、啊呀」"
    },
    {
        "name": "ヤマユリ",
        "message": "「啊呼、嗯……虽然这样说，但是，可以激烈一些吗……嗯、\\n嗯嗯啊、啊、嗯咕、嗯嗯、啊哈、嗯啊」"
    },
    {
        "message": "变得激烈起来是因为想看到山百合混乱的样子。\\n然后，阴道再次紧紧收缩，给阴茎带来刺激。"
    },
    {
        "message": "进一步想要快感，再次使劲地将腰前后猛烈地挺动。\\n这样一来，彼此的情感在不断地高涨。"
    },
    {
        "name": "ヤマユリ",
        "message": "「啊呀！ 嗯嗯、嗯、团长……嗯、感觉，舒服吗……？\\n嗯啊、啊、我也，嗯……身体变得，啊、啊、热乎乎的……嗯」"
    },
    {
        "name": "ヤマユリ",
        "message": "「明、明白了吗……嗯、嗯、已经，嗯、全身，嗯、颤抖着，\\n来了，嗯啊、啊呀、啊、嗯咕！」"
    },
    {
        "message": "彼此的身体正在构建向着巅峰。\\n已经肿胀到几乎要射精的阴茎正在袭击着山百合的阴道深处。"
    },
    {
        "name": "ヤマユリ",
        "message": "「啊、嗯、啊呀！ 呵……嗯、感觉，很好……嗯、嗯啊、\\n我，很舒服，嗯啊、啊、啊呀、嗯嗯咕、嗯呀！」"
    },
    {
        "message": "快感的原因，子宫口下降，龟头不断碰撞，变形。\\n被湿滑的肉壁包围的阴道深处，有一种柔软的、湿润的刺激。"
    },
    {
        "name": "ヤマユリ",
        "message": "「哈啊，嗯、啊、单、超……嗯啊啊，不行、别、嗯、嗯嗯、\\n快……嗯、从体内的深处……嗯嗯嗯啊！」"
    },
    {
        "message": "射精感一下子膨胀起来，冲开山百合的阴道。\\n不断涌来的温暖肉壁的刺激，让忍耐的极限到来。"
    },
    {
        "name": "ヤマユリ",
        "message": "「团长也……嗯、随便……嗯嗯、啊啊、射出来，给我……\\n嗯嗯嗯、哈啊啊、啊、啊、啊嗯嗯啊！」"
    },
    {
        "name": "ヤマユリ",
        "message": "「嗯哈啊！！ 嗯、嗯嗯嗯嗯……！！」"
    },
    {
        "message": "山百合的身体猛烈地颤动痉挛。\\n与此同时，阴茎被紧紧地困住，不放手，\\n热浓的白浊液体飞入了收缩的阴道。"
    },
    {
        "name": "ヤマユリ",
        "message": "「哈啊，哈啊，团长的……热液体……流入我体内，来了……\\n因为是这样的姿势……更加……」"
    },
    {
        "message": "似乎在自言自语中想起对当前体位的不满，开始抱怨起来。"
    },
    {
        "name": "ヤマユリ",
        "message": "「首先……我并不想要这样的性爱\\n我已经……答应过你让你舒服的，不是吗……」"
    },
    {
        "name": "ヤマユリ",
        "message": "「这个……全都是团长的一意孤行，搞成这样……丢脸的模样……\\n而且，总是只顾让我舒服……嗯……」"
    },
    {
        "message": "就在这时，精液侵入了山百合的体内。\\n粘稠的液体从连接处溢出，流向她的下腹部。"
    },
    {
        "name": "ヤマユリ",
        "message": "「但……嗯，也不是不好，觉得\\n团长的深入感觉好渗透……\\n感到高兴……」"
    },
    {
        "name": "ヤマユリ",
        "message": "「竟然成了恋爱的弱点，呢……呵呵」"
    },
    {
        "message": "自嘲地微笑着，带着幸福的表情。\\n透过那污秽淫荡的连接部，山百合看起来异常地性感。"
    }
]