[
    {
        "name": "サンダーソニア",
        "message": "「团长……噗♪」"
    },
    {
        "message": "正在玩耍的桑德索妮亚，突然从背后被叫到。\\n在我转身之前，她伸长身子，咬住了我的耳朵。"
    },
    {
        "message": "由于突如其来的事情反应迟钝，桑德索妮亚主动开始解释。"
    },
    {
        "name": "サンダーソニア",
        "message": "「这，是恶作剧哦……\\n因为穿着不同寻常，所以，有点特别……为了让你舒服……」"
    },
    {
        "name": "サンダーソニア",
        "message": "「所以团长的耳朵……就这样，咬一咬……嗯……♪」"
    },
    {
        "message": "也许是因为着装的效果，桑德索妮亚的举动似乎比平时更加积极。被咬得不停，不由得身体颤抖，发出声音。"
    },
    {
        "name": "サンダーソニア",
        "message": "「呼啊……刚才，发出了一声像是很舒服的声音……\\n毫无疑问，这是团长正在感受的声音……♪」"
    },
    {
        "message": "突然从恶作剧中解脱出来，我朝桑德索妮亚这边转过头，\\n她用欣喜的表情投来热切的目光。"
    },
    {
        "name": "サンダーソニア",
        "message": "「我，也很喜欢团长舒服的声音……\\n能再，让我听听吗？」"
    },
    {
        "message": "被桑德索妮亚投以热切的目光，我无法拒绝。\\n由于被她多次咬耳朵，我也变得兴奋起来。\\n接受了她的请求，我们彼此迎合着。"
    },
    {
        "name": "サンダーソニア",
        "message": "「团长，请保持静止……嗯嗯，啊啊啊啊……」"
    },
    {
        "message": "桑德索妮亚跨到我身上，主动坐下。\\n缓慢地吞下龟头，迎接着勃起在阴道内膨胀。"
    },
    {
        "name": "サンダーソニア",
        "message": "「啊啊……嗯嗯……就这样全部进去吧……\\n大而挺拔的团长的……从顶端到根部，都会被我吃掉的……」"
    },
    {
        "name": "サンダーソニア",
        "message": "「嘻嘻……为了能够深入到最深处……唔……啊啊啊……\\n阴茎，我收下了……嘿呀啊\\n啊啊啊啊啊啊……！」"
    },
    {
        "message": "桑德索妮亚吞下勃起的阴茎直至根部。\\n感受到顶端抵达阴道深处的触感，她以甜美的声音做出回应。"
    },
    {
        "message": "桑德索妮亚带着热情的目光注视着我。\\n那双眼中，充满了爱意和期待。"
    },
    {
        "name": "サンダーソニア",
        "message": "「团长的……全部都接纳在里面了……\\n我会努力活动的……希望听到你享受的声音……」"
    },
    {
        "message": "桑德索妮亚慢慢摆动着腰。\\n敏感的粘膜相互摩擦，传递着甜蜜的刺激。"
    },
    {
        "name": "サンダーソニア",
        "message": "「啊……嗯嗯……里面好硬……腰，动起来……快点适应……啊……啊啊……会让你感受很多快乐的……」"
    },
    {
        "name": "サンダーソニア",
        "message": "「嗯嗯……哈啊……啊啊……为了听团长的声音……我会变得很淫荡的……」"
    },
    {
        "message": "虽然说是不习惯的腰使，但通过积极的摩擦运动，已经能够给予充分的刺激。"
    },
    {
        "message": "每当从连接部传来摩擦的快感时，都会向雷音娜传达清晰的快感。"
    },
    {
        "name": "サンダーソニア",
        "message": "「啊啊……好高兴……呼……嗯嗯……啊啊……更多……更多地……让我听到……」"
    },
    {
        "name": "サンダーソニア",
        "message": "「团长的甜美声音……在我的脑海中回荡着……我，身体……变得非常热……呀呜……」"
    },
    {
        "message": "随着雷音娜昂扬的表现，爱液溢出她的阴道。这增加了摩擦的敏感度，提升了彼此的快感。"
    },
    {
        "name": "サンダーソニア",
        "message": "「呀啊……淫荡的声音，出来了……嗯嗯嗯……变得很湿……比刚才，更能感受到阴茎的摩擦……舒服……啊啊啊……」"
    },
    {
        "message": "雷音娜也同样欢愉。为了共同获得比现在更大的快感，她继续说着包裹着阴茎的舒适感和快感。"
    },
    {
        "name": "サンダーソニア",
        "message": "「嗯嗯嗯，好高兴……这里，好舒服……啊啊，啊啊啊……耳朵，肚子里……好幸福啊」"
    },
    {
        "message": "瞳孔和声音中洋溢着陶醉。这里的声音和她自己的快感让她兴奋不已。"
    },
    {
        "name": "サンダーソニア",
        "message": "「嗯嗯，啊啊，咕噜咕噜的……这淫荡的汁液声音……按照这个节奏，动起腰来的话……更快，更快地，阴茎摩擦着……！」"
    },
    {
        "name": "サンダーソニア",
        "message": "「啊啊啊，啊哈啊，呼呀啊……就这样……！呼，啊啊，啊啊嗯嗯！呼啊，哈嗯嗯嗯！？」"
    },
    {
        "message": "一声尖叫声高亢地爆发。随后，原本有节奏的腰部动作停滞了下来。"
    },
    {
        "message": "原因不难理解。在尖叫声的瞬间共鸣。在那一瞬间，这边也感受到了一阵强烈的快感，一声难堪的声音溜了出来。"
    },
    {
        "name": "サンダーソニア",
        "message": "「嘻嘻……现在，非常舒服的地方，摩擦到了……声音，能够感觉得到\\n团长先生，也很舒服吧……？」"
    },
    {
        "message": "从腰到背部，一种麻痹般的快感传来。告诉雷音娜的是从连接部传来的强烈刺激。"
    },
    {
        "name": "サンダーソニア",
        "message": "「我也一样……但，不仅仅是这样而已」"
    },
    {
        "message": "雷音娜的笑容变了。\\n透露着一丝天真，却又是一种确切的妩媚笑容。"
    },
    {
        "name": "サンダーソニア",
        "message": "「团长的声音……我，脑袋里都化成了糖浆……\\n所以就算稍微恶作剧一下……也会原谅我吧……对吧……？」"
    },
    {
        "message": "妩媚笑容加深，臀部动作既淫荡又猛烈地重新开始。"
    },
    {
        "name": "サンダーソニア",
        "message": "「啊，嗯嗯，啊啊啊……\\n好舒服，已经无法忍耐了……\\n一直摩擦在那里……\\n阴茎，请让它变得一团糟吧……」"
    },
    {
        "message": "阴茎的尖端。在阴道深处，紧贴着硬直而肿胀的龟头。\\n用愉悦的弹性不断刺激着敏感的粘膜，\\n勃起被一阵战栗的快感所袭击。"
    },
    {
        "name": "サンダーソニア",
        "message": "「啊啊啊，哈呜呜，啊啊啊，嘿啊啊！\\n在我的小穴里……团长，好舒服……嗯啊啊，啊啊！\\n心爱的人的淫荡声音……真的，让我兴奋得无法自拔……！」"
    },
    {
        "name": "サンダーソニア",
        "message": "「更多……我想听更多……嗯嗯，啊啊，啊啊，哈呜呜！\\n阴茎，随时都可以射吧……\\n用我的小穴尽情享受快感吧……！」"
    },
    {
        "message": "持续不断传来的摩擦快感，将我推向极限。\\n感受到从阴茎底部涌上来的热量，\\n直到射精的瞬间，我都交托给了雷音娜。"
    },
    {
        "name": "サンダーソニア",
        "message": "「啊啊啊，哈啊啊，啊啊啊，\\n嗯嗯呜，团长，我快要……啊啊啊啊！\\n精子，准备好要喷出来了……哈呜呜！」"
    },
    {
        "name": "サンダーソニア",
        "message": "「我也要……要高潮了……！ 就要达到了……！\\n老二，让我们一起高潮吧……请一定要高潮！」"
    },
    {
        "name": "サンダーソニア",
        "message": "「啊啊啊，嗯啊啊，哈呜呜，啊啊啊！\\n团长先生的精子，嘴巴里发出滴滴答答的声音，让我听听！\\n嗯啊啊，啊啊，啊啊，嗯啊啊，嗯啊啊啊啊啊啊啊……！」"
    },
    {
        "name": "サンダーソニア",
        "message": "「啊啊啊，嗯嗯嗯，嗯嗯嗯……！\\n热热的精子，满满地……嗯嗯嗯嗯」"
    },
    {
        "name": "サンダーソニア",
        "message": "「滴答滴答地流淌着……最深处，活力十足地涌出……\\n里面传来滋滋的声音……真的好像听得见……\\n我，真的好幸福啊……」"
    },
    {
        "message": "雷音娜同时达到了巅峰，\\n身体痉挛着接收着精液。"
    },
    {
        "message": "被她的模样所吸引，满足感充满了射精的喜悦。\\n不知不觉间，用手掌抚摸着她的下腹部。"
    },
    {
        "name": "サンダーソニア",
        "message": "「嗯嗯……是的，里面充满了\\n团长先生的……我得到了很多……\\n听到了性感的声音，非常满足……♪」"
    },
    {
        "message": "如果她感到高兴，我也很高兴。\\n一边重复着粗重的呼吸，\\n一边沉浸在雷音娜激烈的戏弄的余韵中。"
    }
]