[
    {
        "message": "格洛丽欧莎是一位勇敢且充满进取心的花骑士。\\n无论何时，她都会朝前迈进。"
    },
    {
        "message": "而且她对伙伴的武器也很感兴趣，好奇心非常旺盛。\\n她非常可靠，每天都让我作为上司感到高兴。"
    },
    {
        "message": "然而，让我高兴的不仅仅是这一面。\\n在另一方面，她也让我感到非常愉悦。"
    },
    {
        "name": "グロリオサ",
        "message": "「团长大人……请吧！」"
    },
    {
        "message": "她双手撑在墙上，把屁股朝这边挺了过来，\\n用期待和羞耻的眼神催促着我。没有任何拒绝的理由。\\n我紧紧地拥抱着她娇小的身体，\\n揉捏着从腋下挤出来的丰满乳房。"
    },
    {
        "name": "グロリオサ",
        "message": "「嗯，呜呜……揉揉胸部，多多地揉揉……\\n我想要更多……比之前更多……\\n想要通过一些淫荡的事情，感受到快感……呼，嗯啊，啊啊」"
    },
    {
        "message": "她带着这样的愿望，深夜来到了我的房间。\\n她用呼吸和感谢的话语传达着愈发强烈的欲望。"
    },
    {
        "name": "グロリオサ",
        "message": "「啊呜……好的，好的……妳高兴我也很开心……呼呜，嗯啊……啊呜\\n团长大人的热情传达给了我……我越来越敏感了」"
    },
    {
        "name": "グロリオサ",
        "message": "「哈啊……啊啊……胸部，好舒服……\\n软绵绵的，好多了……顶端也变硬了……\\n啊呜……嗯呜……我喜欢这样……喜欢被顶端戳弄\\n哈啊……啊啊……团长大人，更多一点，再多一点吧」"
    },
    {
        "name": "グロリオサ",
        "message": "「我的小身体，大胸部……请更多地抚摸我\\n想要更淫荡一点……呜……\\n请用团长的手……将我的胸部变得淫荡\\n哈啊……啊啊……啊，好舒服……呼」"
    },
    {
        "message": "在亲吻她的脖子直到变得甜蜜之后，\\n我问道：格洛丽欧莎，可以插入吗？"
    },
    {
        "name": "グロリオサ",
        "message": "「哈啊，哈啊……嗯，插进来吧……我也忍不住了……\\n一边揉着胸部……\\n用粗大的东西，在屁股上磨擦着……\\n肚子里燃烧着热情……渴望不已，无法忍受了」"
    },
    {
        "message": "用手抚摸乳房肉和勃起的肉棒，\\n同时享受着这美妙的时刻。"
    },
    {
        "message": "但是现在应该继续前进了。\\n跟随着心跳加速和滴下淫液的分身，\\n我进入了格洛丽欧莎浅浅的阴道中。"
    },
    {
        "name": "グロリオサ",
        "message": "「哈呜……啊，啊呜呜呜呜呜……呼」"
    },
    {
        "message": "就像沉浸在蜜中一样，那种插入感觉。\\n狭窄的洞穴紧密贴合，每一层肉褶都带来甘美的快感。"
    },
    {
        "message": "没有停下的可能，一口气到达最深处。\\n格洛丽欧莎的口中发出喘息声，\\n墙壁湿漉漉地被浸湿了。"
    },
    {
        "name": "グロリオサ",
        "message": "「哈啊……嗯，啊……咕噗地，进去了\\n比上次更厉害……\\n团长的……全部都能感受到……」"
    },
    {
        "name": "グロリオサ",
        "message": "「大而坚挺的……在我的内部，完全占领了……\\n啊……嗯……没有一点空隙……\\n嗯……这真的好热……全身都……变得炽热了」"
    },
    {
        "message": "小小的身体，因连接处的热而颤抖。\\n伸展在墙上的纤细手臂，肩膀，背部都在颤抖，\\n甚至尻肉被挤压的颤抖一直传到下肢。"
    },
    {
        "name": "グロリオサ",
        "message": "「嗯……真的，已经……比上次更舒服了……」"
    },
    {
        "name": "グロリオサ",
        "message": "「但是……还不够……\\n我，想要更多，更多啊……\\n和你一起……想要更舒服，更快乐」"
    },
    {
        "message": "湿润的眼神让心脏砰然跳动，充满强烈欢愉的愿望让身心颤抖。\\n对方也被激发起欲望，手和腰开始动了起来。"
    },
    {
        "name": "グロリオサ",
        "message": "「啊嗯……啊，啊啊啊……嗯，深一点，顶住了……\\n胸部也……嗯，顶在了，刺刺的，刺激着……\\n啊……啊嗯……好舒服……好舒服啦，团长先生」"
    },
    {
        "message": "敲击着未知其他男性的子宫口，\\n摘弄着不曾感受其他男性之手的乳头。"
    },
    {
        "message": "回应的是，敏感的反应。\\n小小的身体，在雌性的妩媚中感受着。"
    },
    {
        "name": "グロリオサ",
        "message": "「呼……嗯啊，啊唔……好热，好热啊……\\n刺刺的乳头，嗯唔，阵阵发热……\\n和肚子深处的敲击，一起……\\n啊……啊啊……好热，好热啊……好舒服啊，好舒服啊……」"
    },
    {
        "name": "グロリオサ",
        "message": "「我，好像……啊……嗯嗯\\n成为了一个很淫荡的女孩子……」"
    },
    {
        "message": "这并不是坏事。\\n轻轻地将乳头压在乳房上，一边温柔地传达着。"
    },
    {
        "name": "グロリオサ",
        "message": "「啊呜呜……嗯，嗯啊……好，好哦……\\n被团长先生……搞得这么淫荡，好开心……\\n被团长先生……欺负着……感觉好舒服，好开心啊」"
    },
    {
        "name": "グロリオサ",
        "message": "「所以我……嗯，啊啊啊，\\n好像明白了些什么……」"
    },
    {
        "message": "像是挤压出来的一样，格洛丽欧莎扭动着腰部。\\n与此同时，她倾斜上半身，将不成比例的丰满乳房\\n献给了我的手中。"
    },
    {
        "name": "グロリオサ",
        "message": "「这也是我的……天赋，我明白了……」"
    },
    {
        "name": "グロリオサ",
        "message": "「在战斗时可能会妨碍，但是……被团长先生欺负的时候……\\n这对立刻就感到舒服的胸部……\\n一定是为了被团长先生欺负，感到舒服而……\\n赋予我的……」"
    },
    {
        "name": "グロリオサ",
        "message": "「所以……嗯，再多一点，欺负我吧\\n小小的身体和，大大的胸部……\\n让团长先生，更加热烈地，更加舒服地……给我吧」"
    },
    {
        "message": "被这样撒娇，脑海中除了回应之外再没有其他思考。\\n真的，格洛丽欧莎能够让我无尽地陶醉。"
    },
    {
        "name": "グロリオサ",
        "message": "「呀啊，啊呜，啊啊，唔呼呼呼！\n激烈的，来了！深处，乳房，都来了！\n呀啊，啊唔，啊啊，啊啊啊啊！」"
    },
    {
        "name": "グロリオサ",
        "message": "「这个，喜欢……！这个，好喜欢的说！\n揉揉，好多！噗噗噗的，也好喜欢的说！\n哈啊，啊啊啊啊！啊啊，被团长先生这样做，好喜欢的说！」"
    },
    {
        "name": "グロリオサ",
        "message": "「可是……嗯，嗯嗯啊啊！我，热得很呢！\n已经，要来了……激烈的，感觉好舒服啊……\n啊啊，啊啊啊啊！我，好像马上就要高潮了呢！」"
    },
    {
        "message": "挤在一块的刺激，\n在激烈的责难中迅速溢出。"
    },
    {
        "message": "狭窄的蜜壶变得更加狭窄，\n每次玩弄乳头都像达到高潮一样，紧紧地勒住了坚挺。\\n这种妖娆的姿态，强烈地引导着向深处前进。"
    },
    {
        "name": "グロリオサ",
        "message": "「呀呜呜，啊，啊啊啊啊！\n还，激烈呢……！更，更加激烈了呢！\n不行啊！不行，不行！感觉太好了，要发疯了啊！」"
    },
    {
        "name": "グロリオサ",
        "message": "「我，这样的……还很小，可是，这样的……\n唔呼，嗯嗯啊啊！团长先生啊，我，好害羞啊！」"
    },
    {
        "name": "グロリオサ",
        "message": "「这样容易就高潮了，不行啊！呀啊，呀啊啊！\n全部，感觉都好！\n全部，都要疯狂了！脑袋里，变得一团糟了啊！」"
    },
    {
        "message": "虽然认定是天赋却喊出羞耻之言。\n天真可爱的反应，射精冲动加快了腰的运动。"
    },
    {
        "name": "グロリオサ",
        "message": "「啊啊啊，啊嗯嗯嗯，啊嗯呜！来了，来了来了呜呜呜！\\n感觉好羞耻，但好高兴，要高潮了哦！\\n啊啊，啊啊啊啊！团长，团长啊啊啊！」"
    },
    {
        "name": "グロリオサ",
        "message": "「我，不行了！胸部也，全都不行了！\\n好厉害，要来了呜呜呜呜呜！\\n呼啊啊，哈啊啊啊啊啊啊啊嗯嗯嗯……！」"
    },
    {
        "name": "グロリオサ",
        "message": "「啊呜呜……嗯，啊，啊啊啊～～～～～～♪\\n好厉害的，来了啊……♪\\n身体，好热啊……要燃烧起来了嗯，嗯嗯啊啊♪」"
    },
    {
        "name": "グロリオサ",
        "message": "「高潮，好强烈啊……团长的种子也，好热啊……♪\\n呼啊啊……啊啊啊～♪ 燃烧起来了呜……燃烧起来了哦……♪」"
    },
    {
        "message": "每一次喷出，小小的身体都微微颤抖，\\n犹如呢喃般，热量滴落下来。\\n在迷人的艳姿中，射精不停地进行，\\n即便填满了小小的子宫，精液依然不停地流淌。"
    },
    {
        "name": "グロリオサ",
        "message": "「呼啊啊……啊……滴答滴答，滴落下来了呜……\\n淫荡的，好厉害……\\n哈啊，啊啊……居然，这么多，射出来了哦……♪」"
    },
    {
        "name": "グロリオサ",
        "message": "「团长……喜欢呀……好喜欢呀……♪\\n我，现在……好幸福呀……♪」"
    },
    {
        "message": "紧紧拥抱住即将崩溃的格洛里奥萨，\\n向她表达感激之情。\\n胸腔深处，比射精的释放更强烈，她带来的欢愉在燃烧。"
    },
    {
        "name": "グロリオサ",
        "message": "「嘿嘿，嘿嘿嘿……那么我……\\n和团长，要更更更，感觉更好呢\\n为了变得更好，我会努力的……\\n从今以后，一直陪在你身边哦……♪」"
    },
    {
        "message": "明白了，拍了拍胸脯，\\n之后，一边安慰疲惫不堪的格洛里奥萨，一边度过了这个夜晚。"
    }
]