[
    {
        "message": "从那天晚上开始，贝瑟拉经常出现在我的身边。\\n而且，不仅仅是出现在身边而已。"
    },
    {
        "name": "ベッセラ",
        "message": "「为什么，要那么凝视着我呢……？\\n呵呵，团长说些奇怪的话呢。\\n不是吗？」"
    },
    {
        "message": "微微一笑，贝瑟拉靠近了过来。"
    },
    {
        "message": "不，仅仅靠近是不够的。\\n鼻尖几乎触碰到了。\\n面对如此大胆，瞬间屏住了呼吸。"
    },
    {
        "name": "ベッセラ",
        "message": "「想要欣赏美丽的事物，是理所当然的欲望吧？\\n……啾♪」"
    },
    {
        "message": "吻如轻盈的鸟之吻。\\n那柔软，从意识深处带来了一抹炽热。"
    },
    {
        "message": "那就是热情，欲望，想要拥抱贝瑟拉的欲望。\\n双臂不知不觉地抱紧了她。"
    },
    {
        "name": "ベッセラ",
        "message": "「呵呵……看起来你理解了，真高兴♪\\n好吧……你也，好好地凝视着吧」"
    },
    {
        "name": "ベッセラ",
        "message": "「我的，深深地……也许，你的深深的……\\n彼此之间，相互凝视吧？\\n我相信，我们会变得更加喜欢彼此的♪」"
    },
    {
        "name": "ベッセラ",
        "message": "「啊……嗯……嘤，嗯嗯嗯嗯嗯……♪」"
    },
    {
        "message": "视线交织，肉体也交织，顺利插入。\\n期待已久的，是如蜜般的快感。"
    },
    {
        "name": "ベッセラ",
        "message": "「嗯啊……哈哈……♪\\n啊，真是太好了……我，已经……感觉好极了……♪ 嗯，啾啪，啾啾♪」"
    },
    {
        "message": "同样的，我也向她的口中注入了吻。\\n轻盈而甜蜜的味道，弥漫在大脑中，传遍全身。"
    },
    {
        "message": "这份热度，使所有感官变得敏锐。\\n嵌藏的肉棒，贴身的肌肤，触碰乳房的指尖都颤动不已。"
    },
    {
        "name": "ベッセラ",
        "message": "「呼啊……啾嘟……嘟啾……更……感受一下……？\\n我，被你感受到了……嘟，嘟啾……♪」"
    },
    {
        "name": "ベッセラ",
        "message": "「最近，最亲近的……就是你了，只有你，可以感受……\\n嗯……哈……胸部也是，只有你……♪ 尽情地，揉捏吧♪」"
    },
    {
        "message": "贝瑟拉，仿佛在恳求一般，向我靠近。\\n指尖沉浸在柔软的肉体中。\\n在她的鼓励下，五指轻动起来。"
    },
    {
        "name": "ベッセラ",
        "message": "「哈……嗯嗯……太好了……太美好了……♪\\n慢慢地，涌上来了……啊，哈……越来越，感觉不已」"
    },
    {
        "name": "ベッセラ",
        "message": "「关于你的事情……真的，感觉到了……\\n再多一些，让我看到……？ 唔嗯……啾噗……噗啾啾……噗噗噗♪」"
    },
    {
        "message": "如同分开嘴唇的深吻来临。"
    },
    {
        "name": "ベッセラ",
        "message": "「噗啾……噗噗噗……舌头……缠绕在一起……♪\\n噗噗……噗啾……啾噗……嗯姆噜噜♪」"
    },
    {
        "name": "ベッセラ",
        "message": "「啊……嗯……感觉到了，呢……？ 噗啾……啾噗♪\\n里面，越来越翘起……太棒了，团长……啾，啾噗♪」"
    },
    {
        "message": "被全身的引导，就会变成这样。"
    },
    {
        "message": "舌尖舔遍口腔，阴道肌肉轻咬，\\n乳房的压迫感持续不断。\\n自然而然，手指伸向变硬的顶点。"
    },
    {
        "name": "ベッセラ",
        "message": "「嗯啊……那，好……♪ 啾啊……啾噗……♪\\n不要害羞，嘶嘟，发出声音的同时……乳头，被摆弄着……♪」"
    },
    {
        "name": "ベッセラ",
        "message": "「这，真是受不了的……嗯嗯，啾噗……♪\\n笑声……无法忍受，了不起的……♪」"
    },
    {
        "message": "舌尖嬉戏的同时，玩弄着贝瑟拉的乳头。\\n鼻尖的双眸湿润而迷离。"
    },
    {
        "name": "ベッセラ",
        "message": "「嗯啾……再多一些，给我……啾噗……啾啾啾……啾啾啾♪\\n关于你的事情……真的，感觉到了……再多一些，让我看到……？ 唔嗯……啾噗……噗啾啾……噗噗噗♪」"
    },
    {
        "message": "像甜蜜的声音缠绕在腰间。\\n为了回应，它们在密地中交织在一起。"
    },
    {
        "name": "ベッセラ",
        "message": "「嗯姆噜……啊，呼啊……哈啊……嗯噢……！\\n终于，来了呢……♪ 哈啊……嗯嗯……深入，全部……！ 啊噢，哈啊啊！」"
    },
    {
        "name": "ベッセラ",
        "message": "「但是……嗯，还不够……！ 啾啾……啾噗啊……！\\n这样不行……！ 不够，不够的呢……！」"
    },
    {
        "message": "带着悲切的呼声，贝瑟拉使出了臀部的动作。"
    },
    {
        "name": "ベッセラ",
        "message": "「哈啊……啾噗噗，啾啊……！ 再来，更激烈一些……！\\n哈啊……嗯噢噢！ 从你那里，想要的……！ 更猛烈的，给我！」"
    },
    {
        "name": "ベッセラ",
        "message": "「已经不是第一次了……！ 啾啊……啊嗯噢……！\\n想要被搅乱……！ 让我，刻在心中！ 嗯姆噜……！ 啾噗啾噗，啾咪噜噜，噗噗噗噗噗！」"
    },
    {
        "message": "展现在眼前的，正是沉浸在狂热中的模样。\\n通过眼神、舌头和阴道肉的刺激，兽性欲望急速膨胀。"
    },
    {
        "name": "ベッセラ",
        "message": "「哈啊噢，啾啾啊，啊啊啊啊啊，哈噢啊！\\n猛烈而有力地涌来！ 啊啊，哈啊噢，啊啊啊啊啊！」"
    },
    {
        "message": "贝瑟拉娇喘的声音如同被肉棒挤出一般回响。"
    },
    {
        "name": "ベッセラ",
        "message": "「啊，啊！ 激烈的，真好！ 啊，啊呃，呼啊啊！\n多一点，给我！ 全部，擦拭！ 吸嗯嗯！ 嗯噗啊！ 噗噗噗，噗噗噗♪」"
    },
    {
        "name": "ベッセラ",
        "message": "「浪潮哦，浪潮哦！ 喜欢，浪潮哦！\n再搅拌一点！ 嘟啊，吹啊，呼咬噢噢！」"
    },
    {
        "message": "用唾液一同倾注相同的言辞，以更强烈的热情回应。"
    },
    {
        "name": "ベッセラ",
        "message": "「嗯啊，嗯咳噢！ 高兴……♪ 喜欢，喜欢……♪\n感觉真好♪ 双方……啰嗦噢！ 咻噜，咻噜♪\n胸部、深处、口中、啰嗦……♪ 吸嗯嗯！ 啊，嗯啊啊！ 啊啊啊啊啊啊啊啊！」"
    },
    {
        "name": "ベッセラ",
        "message": "「我，要发疯了噢！ 啊呃，啊，啊啊啊！\n让我疯狂，团长哦！ 脑海中，只要是你就好！\n现在，只要这样就好……！ 呼啊，啊呃，呼啊啊！」"
    },
    {
        "message": "被倾注进来的一切，精液涌动而上。\n双方的腰更加猛烈地运动着。"
    },
    {
        "name": "ベッセラ",
        "message": "「嗯啊，呼啊啊！ 啊呃呃呃呃呃呃呃呃呃呃呃呃呃！\n团长，团长哦！ 出来了吧！？ 端部，膨胀着！ 嗯啊，哈啊啊啊！」"
    },
    {
        "name": "ベッセラ",
        "message": "「今晚也要，给我！ 啊，呃呃，啊啊啊！\n想要的！ 你，想要！ 嗯啊，哈啊啊！ 深入到底，全部！\n充实起来！ 喷射出来！ 精液，充分注入吧！」"
    },
    {
        "name": "ベッセラ",
        "message": "「所以，想要……！ 黏糊糊的热情，想要射出来！\n啊啊，啊呜，啊啊，啊啊啊啊！」"
    },
    {
        "name": "ベッセラ",
        "message": "「我也要，要射了……！ 嗯啊啊，啊啊啊！ 快要射了！\n啊啊，啊啊，啊啊啊！ 出来吧，出来，出来，出来吧！\n射满，射出来，团长啊啊啊啊啊啊啊！」"
    },
    {
        "name": "ベッセラ",
        "message": "「嗯嗯嗯嗯嗯嗯嗯～……♪\n呼啊……哈啊……热情直接……♪ 哈啊……啊啊……♪\n再多，塞满吧……深处，全部……渗透进去吧……♪」"
    },
    {
        "message": "在极致的时刻，全部倾注在欢愉的贝瑟拉腰间。"
    },
    {
        "message": "由此带来的满足感，从鼻尖的双眸中传达而来。\n湿润的眼眸像是在催促射精，\n因此愈发漫长地延续着高潮。"
    },
    {
        "name": "ベッセラ",
        "message": "「呼啊……哈啊……嘟……嘟……♪」"
    },
    {
        "message": "然后，射精结束后仍不断被迎接。\n贝瑟拉用像婴儿一样的吻，与我分享了余韵。"
    },
    {
        "name": "ベッセラ",
        "message": "「嘻嘻……果然，如我所料……♪\n你的事……更加、更加……喜欢上了呢……♪」"
    },
    {
        "message": "同样的感觉。即使行为结束，难以分离，揉着乳房，抚摸着头发。"
    },
    {
        "name": "ベッセラ",
        "message": "「嗯……真让人高兴啊……♪\\n我也……已经，无法……离开了……♪\\n你的事情……靠近的时候，越来越喜欢♪\\n当然……不只是看着而已……♪」"
    },
    {
        "name": "ベッセラ",
        "message": "「啊，队长……你，真是太美了……♪\\n再次，这样……把我展示出来吧……♪」"
    },
    {
        "message": "对着满足微笑的贝瑟拉回应着，\\n互相嬉戏度过了余下的时间。"
    }
]