[
    {
        "name": "ユリ",
        "message": "「今天的工作都处理完了吧？\\n那我差不多也该告辞了，那么，团长，再见」"
    },
    {
        "message": "这么说着，由利打算离开办公室。\\n却被抓住了胳膊，停了下来。\\n她有点吃惊的看着，然后回过头来。"
    },
    {
        "name": "ユリ",
        "message": "「嗯……怎么了？工作还没做完吗？\\n还是说，有其他事情？」"
    },
    {
        "message": "由利说着这样的话，表情中带着一丝陌生的笑容。\\n最近她经常这样，建起了一些看不透的墙。\\n问她有没有做错什么，她只是回答什么都没有。"
    },
    {
        "name": "ユリ",
        "message": "「真的什么都没有\\n真是的，团长你想多了」"
    },
    {
        "message": "真的吗？\\n那为什么最近不再叫我亲爱的了呢？\\n说实话，对我们来说，这真是一种寂寞。"
    },
    {
        "name": "ユリ",
        "message": "「那、那个…………哈……真是的，不行了，真的忍不住了……！！」"
    },
    {
        "message": "她压抑着说完，由利扑进了我的怀里。\\n久违地感受到她的柔软，我不禁也回抱了一下。\\n抱着她的时候，询问她发生了什么。"
    },
    {
        "name": "ユリ",
        "message": "「那个，无论是在人前还是什么的，\\n我一直都很直接地寻求着团长。\\n所以……我寻求团长的事情，是不是会变得讨厌呢……\\n所以……一直都在忍耐着」"
    },
    {
        "message": "根本不会让她感到困扰。\\n我紧紧地拥抱着由利，充满了坚定的决心，再也不放开她。\\n直到那一刻我才意识到。\\n平时只是被需求，但其实我也在寻求着她。"
    },
    {
        "name": "ユリ",
        "message": "「啊……！稍、稍等，团长……嗯嗯嗯！！！」"
    },
    {
        "message": "从背后抱住由利的身体。\\n在我的势头下，由利被挤压在墙上。\\n我的阴茎早已因渴望她而坚硬。"
    },
    {
        "name": "ユリ",
        "message": "「嗯，好硬，碰到我的屁股了……\\n团长，你那么想进入我吗？\\n嗯……啊啊，顶端，嗯，擦在入口上了……嗯！」"
    },
    {
        "message": "用手支撑着阴茎，擦拭在入口附近。\\n那个地方已经湿润，每次摩擦\\n都在房间里传出湿湿的淫荡声响。\\n我们彼此准备就绪。"
    },
    {
        "name": "ユリ",
        "message": "「嗯，别这样，好……呜呜……！\\n嗯，好了……团长，进来吧？\\n进入我的体内……！」"
    },
    {
        "message": "听从由利的话，将龟头对准阴道口。\\n接下来只需稍微挺出腰。\\n但是，还没有插入。"
    },
    {
        "name": "ユリ",
        "message": "「……嗯，怎么了？」"
    },
    {
        "message": "看出我这边有点奇怪，由利回头瞥了一眼。\\n对于她，我在耳边发出请求。\\n希望她能说出这句话，渴望她的恳求。"
    },
    {
        "name": "ユリ",
        "message": "「啊……嗯嗯嗯，好，好的，我说，我说就好了，对吧？」"
    },
    {
        "message": "脸颊泛红，然而，由利妖艳地笑着说道。"
    },
    {
        "name": "ユリ",
        "message": "「我的……我的湿湿的地方……\\n亲爱的的生殖器，请插进来吧……！」"
    },
    {
        "name": "ユリ",
        "message": "「已经，已经忍不住了！\\n亲爱的，我太喜欢你了，太喜欢了，控制不住了！」"
    },
    {
        "message": "听到这话，我迅速地突出腰部，插入。\\n阴茎侵入已经湿润的阴道。\\n很快，阴道像被双手握住一样紧缩。"
    },
    {
        "name": "ユリ",
        "message": "「啊啊……！！ 哦哦哦……！！\\n亲爱的，啊啊……进来了……嗯嗯嗯！\\n太棒了，好久没感受到……亲爱的的，生殖器……！」"
    },
    {
        "message": "插入的刺激让由利的腿颤抖。\\n然而，我没有时间去关心她的身体。\\n我直接拉回腰部，再次用力推进。"
    },
    {
        "message": "啪嗒肌肤相撞的声音。\\n然后，由利的娇喘声在房间里回荡。"
    },
    {
        "name": "ユリ",
        "message": "「啊啊……嗯嗯……！！ 这么快，嗯！ 别动……！\\n啊啊……亲爱的……嗯嗯！！ 冷静点……啊啊啊！！」"
    },
    {
        "message": "没时间冷静下来。就像由利自己说的一样，已经很久没做这件事了。对于一直忍耐的身体来说，不可能停下最让她感觉到的事情。"
    },
    {
        "name": "ユリ",
        "message": "「亲爱的的男根，啊啊！在我里面乱动……！嗯嗯！！颤抖着……啊！深处，碰到了……！」"
    },
    {
        "message": "每次龟头碰到阴道深处，由利都会仰起脸庞，发出动人的呻吟声。甚至这呻吟声都让人觉得可爱，让她情不自禁地想要更多。"
    },
    {
        "name": "ユリ",
        "message": "「嗯，这样，被激烈地……啊啊，声音，出来了！嗯，因为，啊啊……亲爱的的男根，完全契合在我里面\\n……感觉好的地方全部……嗯，摩擦着……啊啊！」"
    },
    {
        "message": "每当扎出腰部，她用手抓住胸部，弹性地揉动。揉捏的同时确认，乳头已经硬梆梆地勃起。用指尖轻轻挤压的同时，由利可爱地扭动身体。"
    },
    {
        "name": "ユリ",
        "message": "「嗯嗯嗯嗯……！那里不行……！亲爱的，乳头，如果现在被摸到……啊啊！感觉太好了……哈哈，哈哈……啊啊啊！」"
    },
    {
        "message": "阴道猛然收紧，紧密地缠绕着勃起的男根。一边坚持用龟头敲打深处，一边揉捏着胸部。"
    },
    {
        "name": "ユリ",
        "message": "「啊啊！那里……！啊啊！那里……啊啊……！亲爱的，啊啊，我感觉好的地方……嗯嗯嗯，全都被发现了……！」"
    },
    {
        "name": "ユリ",
        "message": "「太舒服了……亲爱的！好舒服……！嗯嗯……这样摩擦，不行……！」"
    },
    {
        "message": "就算被拒绝，我也会继续追求。她的一切都如此可爱、令人愉悦，让我无法不去追求。"
    },
    {
        "name": "ユリ",
        "message": "「嗯，这样，强君，如果被你追求的话……啊！呼，呼……感觉太舒服了，简直要发疯了……！」"
    },
    {
        "name": "ユリ",
        "message": "「虽然平常总是，啊啊，只是我在追求……！但是如果是达令追求的话……嗯，感觉太舒服了……嗯，没有达令的话，我可能活不下去了……！」"
    },
    {
        "message": "她拥有坚强的身体和坚强的心灵，却在流泪喘息的时候说道。我们彼此渴求对方，理解了这一点，爱意涌上心头。"
    },
    {
        "name": "ユリ",
        "message": "「啊啊，达令，我……要来了！用达令的……嗯，好舒服，要来了！」"
    },
    {
        "message": "由利在紧急情况下教给我顶点的感觉。龟头的进出速度加快。此时，我也已经接近极限。"
    },
    {
        "name": "ユリ",
        "message": "「真的吗？嗯，达令在我的小穴里也感觉舒服吗？嗯，太高兴了……嗯，达令也，感觉很舒服吧……啊啊，达令，达令……！」"
    },
    {
        "name": "ユリ",
        "message": "「啊啊，要来了……达令……我，要来了！啊啊，看着吧……我要高潮了！」"
    },
    {
        "name": "ユリ",
        "message": "「在心爱的达令的阳具里要高潮了……看着吧！」"
    },
    {
        "name": "ユリ",
        "message": "「嗯啊，亲爱的，好喜欢……啊啊，要来了！！\\n亲爱的……啊啊，好喜欢……啊啊啊啊啊！！！！！」"
    },
    {
        "name": "ユリ",
        "message": "「啊啊啊……啊……嗯嗯……！！\\n啊啊啊，哈哈……哈哈……来了，嗯\\n好厉害，这么舒服，第一次……啊啊啊……」"
    },
    {
        "message": "由利颤抖着身体，抬起脸庞，\\n喉咙露出，凝视着天花板低语。"
    },
    {
        "name": "ユリ",
        "message": "「嗯，呼……厉害，在阴道深处，\\n亲爱的的精子……出来了……呵呵呵……亲爱的的阴茎，还很有精神呢」"
    },
    {
        "message": "后面抱着由利的身体，调整呼吸。\\n喷出大量精子，头脑中弥漫着愉悦。"
    },
    {
        "name": "ユリ",
        "message": "「亲爱的，射得这么多……太棒了\\n又一次深深迷恋上了……嗯」"
    },
    {
        "message": "彼此身体贴在一起。\\n通过这样做，心灵更加充实。"
    },
    {
        "name": "ユリ",
        "message": "「嘿亲爱的，那个，只是确认一下，\\n真的，像以前那样坦率地向亲爱的求欢，可以吗？\\n那个，真的不会讨厌吗……嘿啊！？」"
    },
    {
        "message": "对于由利多虑的问题，\\n用手指戳了一下乳头刺激。\\n可爱的尖叫淹没了那多余的问题，答案早就给过了。"
    },
    {
        "name": "ユリ",
        "message": "「噢，亲爱的……不过……嘻嘻，谢谢你」"
    },
    {
        "message": "紧紧地拥抱着微笑的由利。\\n更加渴望着她，想要更多更多。"
    }
]