[
    {
        "name": "レインリリー",
        "message": "「啊～团长，我，有点醉了～\n可能已经走不动了～\n如果不抱公主的话，我可能一步都动不了～」"
    },
    {
        "message": "在今天举行的大规模讨伐庆功会上，我们决定继续喝酒。\n然后我们偷偷溜出了庆功会，\n来到另一个酒馆，刚刚干杯的时候发生了这件事。"
    },
    {
        "name": "レインリリー",
        "message": "「啊！团长，你怀疑我吧？」"
    },
    {
        "message": "确实在庆功会上雷恩莉莉也喝了酒，现在脸色也微红。\n但是，这也太明显了。\n而且一开始她是怀着兴奋的心情跟着来到这个酒馆的。"
    },
    {
        "name": "レインリリー",
        "message": "「呜呜……团长不相信我呀～\n因为是团长的庆功会所以才喝了很多啦～\n好伤心呀～呜呜～」"
    },
    {
        "message": "雷恩莉莉用双手捂着脸，嚅嚅地哭着。其实是在假装。\n如果不从指缝里偷偷瞄着这边的话，\n就会否认这样的事情。"
    },
    {
        "name": "レインリリー",
        "message": "「这样的话，今晚我只能找别的人来安慰了呢……」"
    },
    {
        "message": "听到那句话，我站起身来。"
    },
    {
        "name": "レインリリー",
        "message": "「诶！？等、等一下团长！？开玩笑的，刚才是开玩笑的！？\n对不起，莉莉刚才搞砸了……\n啊，呀！？咦？咦？」"
    },
    {
        "message": "抱起还没消化情况的雷恩莉莉，付了一些钱后离开了酒馆。"
    },
    {
        "name": "レインリリー",
        "message": "「等等，团长，等等啊，啊啊啊啊啊！进来了，进来了哟！团长的，团长的呀！」"
    },
    {
        "message": "一进房间就直奔床上，保持抱着的姿势插入。雷恩莉莉的阴道吞噬着因激动而坚硬勃起的阴茎。"
    },
    {
        "name": "レインリリー",
        "message": "「啊，啊，团长，这个！嗯……嗯，吧……嗯，吧……」"
    },
    {
        "message": "接着亲吻雷恩莉莉的嘴唇，红酒的香气充满了口腔。"
    },
    {
        "name": "レインリリー",
        "message": "「嗯……吧……吧……嗯……」"
    },
    {
        "message": "亲吻一会后，彼此凝视着对方。"
    },
    {
        "name": "レインリリー",
        "message": "「啊哈，被团长强行了♪ 被团长强行，我喜欢的哟？嘿嘿……吧」"
    },
    {
        "message": "雷恩莉莉高兴地在脸颊上轻轻亲吻。"
    },
    {
        "name": "レインリリー",
        "message": "「团长，你突然抱起我，吓了我一跳。从城镇的酒馆一路抱着公主般地带回家，真是大胆呢～♪」"
    },
    {
        "message": "现在才感到害羞起来。我也因为庆祝会上喝了酒而有些头晕，失去了冷静。否则，我怎么可能抱着雷恩莉莉像对待公主一样带回自己的房间呢？"
    },
    {
        "name": "レインリリー",
        "message": "「团长，你是认真的吗？我说过要找别人安慰我吗？」"
    },
    {
        "message": "我无法立刻否定，说不出话来。"
    },
    {
        "message": "我知道雷恩莉莉不会做那种事情。但是那时候，我的内心充满了嫉妒。我想象了不可能的假设，并对那个人感到嫉妒。"
    },
    {
        "name": "レインリリー",
        "message": "「什么！？真的吗！？一直冷静又正经的团长，真的真的嫉妒了！？」"
    },
    {
        "message": "既然无法隐瞒，那就坦白回答吧。我的脸发烫。"
    },
    {
        "name": "レインリリー",
        "message": "「那就是说，你不想把我交给其他人？」"
    },
    {
        "message": "没错。"
    },
    {
        "name": "レインリリー",
        "message": "「呜嘿嘿嘿～……\\n嗯，这种笑声不可爱！\\n队长说了让我开心的话，我就发出了奇怪的笑声！」"
    },
    {
        "name": "レインリリー",
        "message": "「队长，没关系的\\n刚才只是开玩笑，让你吃醋了，对不起？\\n我只属于队长的莉莉」"
    },
    {
        "name": "レインリリー",
        "message": "「这柔软的双唇，可爱的胸部，还有属于队长的那里，\\n全部都是队长的东西……只让队长触碰……\\n只有队长可以随意对待我的身体」"
    },
    {
        "name": "レインリリー",
        "message": "「所以，对吧？ 嗯，嗯～」"
    },
    {
        "message": "雷音莉莉闭上眼睛靠近过来。\\n虽然说可以随意对待，但是看到这样要求亲吻的雷音莉莉我苦笑了。"
    },
    {
        "message": "这么可爱的双唇，不想给任何人。"
    },
    {
        "name": "レインリリー",
        "message": "「嗯……啾……嗯……啾……啾……」"
    },
    {
        "message": "舌头交织，贪婪地吻着雷音莉莉柔软的双唇。"
    },
    {
        "name": "レインリリー",
        "message": "「啾……嗯……队长，真的，亲吻技巧很好……\\n光是亲吻就能这么兴奋……」"
    },
    {
        "message": "正如那句话一样，雷音莉莉的乳头勃起了。\\n用舌头弹弄了几次后，雷音莉莉开始扭动身体。"
    },
    {
        "name": "レインリリー",
        "message": "「啊呜，嗯！这样，像是在恶作剧一样地舔……\\n好刺激，感觉好舒服呀……」"
    },
    {
        "message": "看着雷音莉莉渐渐迷糊的表情，我继续纠缠着她的乳头，\\n她开始扭动起了腰部。"
    },
    {
        "name": "レインリリー",
        "message": "「团长，快来碰碰我这里……\\n我好湿好滑哦？这么……湿透了……？」"
    },
    {
        "message": "伸手到连接处，爱液像是失禁一样涌出来。"
    },
    {
        "name": "レインリリー",
        "message": "「团长，嗯，我已经忍不住了……\\n哈啊，哈啊，无法再忍耐了……」"
    },
    {
        "message": "雷音莉莉开始缓慢地上下扭动腰部。"
    },
    {
        "name": "レインリリー",
        "message": "「哈啊，哈啊，我自己，扭动着腰部……\\n不再是可爱的我，而是变成了淫荡的莉莉……\\n哈啊，哈啊，但是无法停下腰部的动作，哈啊哈啊，嗯啊啊……！」"
    },
    {
        "message": "当我低声说着淫荡的莉莉也很可爱时，\\n雷音莉莉的身体颤抖了一下。"
    },
    {
        "name": "レインリリー",
        "message": "「这种突然袭击，太卑鄙了……太卑鄙了啦……」"
    },
    {
        "name": "レインリリー",
        "message": "「之前你也说过，我好开心啊……\\n莉莉会更加更加喜欢团长大人的……」"
    },
    {
        "message": "雷音莉莉紧紧地抱住了我。"
    },
    {
        "name": "レインリリー",
        "message": "「团长大人，我好喜欢你……\\n因为太喜欢你，所以想要团长大人更多更多地让我感到舒服……\\n也希望团长大人能感到舒服……」"
    },
    {
        "message": "我一动不动地与雷音莉莉对视着。\\n然后微笑着点头，从下面向上抬起了腰部。"
    },
    {
        "name": "レインリリー",
        "message": "「啊呜！嗯呜！」"
    },
    {
        "message": "慢慢地品尝着雷音莉莉的一切。"
    },
    {
        "name": "レインリリー",
        "message": "「团长大人，被激烈地对待也是喜欢的，嗯呜，但是……\\n这样慢慢地对待也是喜欢的……♪」"
    },
    {
        "name": "レインリリー",
        "message": "「哈啊，哈啊，腰部在抽搐着……\\n被团长大人的，啊呜！最深处，嗯呜！一次又一次地敲击着……\\n哈啊，哈啊，啊呜！啊，那个，感觉好舒服！」"
    },
    {
        "message": "雷音莉莉的阴道像是不愿放开那根阴茎一样，紧紧地收缩着。"
    },
    {
        "name": "レインリリー",
        "message": "「啊啊啊！好厉害，摩擦着，嗯！呼，呼……感觉好舒服，头……！变得一片空白……！」"
    },
    {
        "name": "レインリリー",
        "message": "「慢慢地，顶进去！团长的，阴茎，啊啊！好舒服！莉莉的小穴，要化掉了！要溶化了！」"
    },
    {
        "message": "随着这边的抽送，雷音莉莉像是得了高热一样扭动着腰部。感受到射精的欲望上升，抽送的速度保持不变。"
    },
    {
        "name": "レインリリー",
        "message": "「呼，呼，没关系，好舒服，真的好舒服！被顶进去，变得湿乎乎的，呼，呼，感觉好舒服啊！呼，呼，真的好！」"
    },
    {
        "name": "レインリリー",
        "message": "「头部和小穴，慢慢地、充分地，都被团长大人爱着！变得湿乎乎的，呼，不行了，要到了！好厉害，要到了！」"
    },
    {
        "name": "レインリリー",
        "message": "「被团长大人慢慢抽送着，要到了！好厉害，要到了！啊啊啊！要到了要到了要到了！」"
    },
    {
        "message": "无法忍受住雷音莉莉的收缩，尽情地射出所有的精子。"
    },
    {
        "name": "レインリリー",
        "message": "「被团长大人慢慢抽送着！莉莉要……要到了呜呜呜！」"
    },
    {
        "name": "レインリリー",
        "message": "「哈啊，嗯嗯，嗯！哈，哈啊，哈啊，嗯！」"
    },
    {
        "message": "化为痉挛的脸庞的雷音莉莉一次又一次地抽搐着。"
    },
    {
        "name": "レインリリー",
        "message": "「哈啊，哈啊，呵呵……团长也……射了吧……\n射了好多呢……」"
    },
    {
        "message": "整理呼吸的同时，雷音莉莉微笑着。\n她看起来太幸福了，我也不禁跟着笑了起来。"
    },
    {
        "name": "レインリリー",
        "message": "「嗯？这么舒服吗？团长开心的话，我也很开心哦」"
    },
    {
        "name": "レインリリー",
        "message": "「还有……团长说可爱的淫荡莉莉……我也很开心」"
    },
    {
        "message": "雷音莉莉像自言自语一样低声说道。\n听到她这样直率的话语，让我感到惊讶，\n雷音莉莉的脸渐渐变得通红。"
    },
    {
        "name": "レインリリー",
        "message": "「别、别这么仔细地看着！不要看——不——要——看——！\n真的好害羞啊，嘛……」"
    },
    {
        "message": "雷音莉莉满脸通红，用双手捂住了眼睛。\n看起来她是真的很害羞地表白了。"
    },
    {
        "name": "レインリリー",
        "message": "「但是，可爱的莉莉和淫荡的莉莉，\\n全部都是团长的莉莉哦♪\\n团长，我超级喜欢你♪」"
    }
]