[
    {
        "name": "オシロイバナ",
        "message": "「呼～……今天也辛苦了，团长」"
    },
    {
        "message": "傍晚，任务结束后，我和オシロイバナ一起回到办公室。\\n我不经意地看着她，发现她的脸异常地红，不由自主地站了起来。"
    },
    {
        "name": "オシロイバナ",
        "message": "「……诶？啊，不、不是！不是！这不是身体不适什么的！\\n穿着这个狮子装太热了，出了很多汗而已！\\n只是这样而已……呜，让你担心了……对不起……」"
    },
    {
        "message": "我突然感到焦急，难道之前没有注意到她的身体状况吗？\\n然而，如果出汗过多的话也是有问题的。\\n想要确认一下她到底出了多少汗，请脱掉衣服让我看看。"
    },
    {
        "name": "オシロイバナ",
        "message": "「诶诶诶！？现、现在，在这里吗！？那可不行啦～！\\n要是被团长觉得「这家伙好臭啊」之类的，我可就死定了！」"
    },
    {
        "message": "我断言绝对不会这样想。只是想确认一下是否会影响任务而已。"
    },
    {
        "name": "オシロイバナ",
        "message": "「真的吗？呜～……嘛，如果团长这么说的话……我知道了」"
    },
    {
        "message": "オシロイバナ害羞地脱下衣服，\\n露出被汗水浸湿的苗条身材。\\n与此同时，办公室里弥漫着オシロイバナ汗水的香气。"
    },
    {
        "name": "オシロイバナ",
        "message": "「果然，有点臭呢……诶？团、团长？」"
    },
    {
        "message": "闻到オシロイバナ身上散发的汗水香味，体内涌起一股炽热的感觉。\\n明明没有那个意思，完全是个失算。\\n对不起，无法忍耐，低声呢喃着，我紧紧拥抱着她。"
    },
    {
        "name": "オシロイバナ",
        "message": "「团、团长的那个东西，进来了，嗯嗯嗯！」"
    },
    {
        "message": "令人惊讶地顺利地，阴道吞没了我的阴茎。\\n阴道内部也像身体一样湿润而滑腻。"
    },
    {
        "name": "オシロイバナ",
        "message": "「这、这样……突然之间，深入最里面……怎么会……！」"
    },
    {
        "message": "稍微晃动一下腰部，连接处发出淫荡的湿润声音。"
    },
    {
        "name": "オシロイバナ",
        "message": "「哈、哈啊啊！\\n这、这是汗水啦，因为出了很多汗所以……所以……！」"
    },
    {
        "message": "脸红得发紫的オシロイバナ，但阴道并没有流出汗水。"
    },
    {
        "name": "オシロイバナ",
        "message": "「我知道啦！我也知道那种事情！\\n团长你这样真是太过分了！？」"
    },
    {
        "name": "オシロイバナ",
        "message": "「在团长……喜欢的人面前，暴露自己的皮肤……\\n怎么可能保持冷静呢……」"
    },
    {
        "message": "オシロイバナ羞涩地垂下了眼睛。\\n我温柔地拥抱着她纤细娇弱的身体。"
    },
    {
        "name": "オシロイバナ",
        "message": "「啊，不可以这样，这样抱着的话，团长先生也会被汗水打湿的！\\n我的汗水很脏的！\\n所以，那个……这之后，要不我们先洗个澡再继续吧？」"
    },
    {
        "message": "不用在意那种事。相反，因为出汗才更好。"
    },
    {
        "name": "オシロイバナ",
        "message": "「我在意的啦！今天的团长先生，怎么有点强硬……呀」"
    },
    {
        "message": "我一边抱着オシロイバナ，一边将脸贴在她的身体上深呼吸。"
    },
    {
        "name": "オシロイバナ",
        "message": "「那个……汗……没有异味吗？」"
    },
    {
        "message": "オシロイバナ身上散发的汗水香味，就像是媚药一样的信息素，\\n每吸一口都让我感到兴奋。"
    },
    {
        "name": "オシロイバナ",
        "message": "「是、吗……听你这么说，有点害羞呢……\\n诶，不可能，嗯……」"
    },
    {
        "name": "オシロイバナ",
        "message": "「团长先生的小弟弟，在里面抽搐着……\\n兴奋得真实，不只是比喻，真的很兴奋呢……\\n但是，被汗水粘粘的，不好吧？」"
    },
    {
        "name": "オシロイバナ",
        "message": "「呀！？」"
    },
    {
        "message": "我舔了舔オシロイバナ的脖子。\\n如果你不喜欢黏黏糊糊的感觉，那就全部舔干净吧。"
    },
    {
        "name": "オシロイバナ",
        "message": "「不、不可以，我的汗很脏的……啊呜呜！\\n那、那样，舔来舔去的，嗯呜呜！」"
    },
    {
        "message": "我仔细地舔取着オシロイバナ透明白皙的肌肤上的汗水。\\n她的汗水微微带着咸味，可以无限地舔食。"
    },
    {
        "name": "オシロイバナ",
        "message": "「啊、嗯，那里，脖子很敏感的，啊！\\n不可以，会让我起鸡皮疙瘩……！」"
    },
    {
        "message": "看着她身体颤抖，我兴奋起来，从脖子舔到锁骨、上臂。"
    },
    {
        "message": "接下来是主菜的腋下。"
    },
    {
        "name": "オシロイバナ",
        "message": "「那、那里绝对不行！会、会很臭的！\\n绝对不行，所以，嗯……亲……」"
    },
    {
        "message": "我用吻沉默了挣扎的オシロイバナ。\\n舌头交织在一起，她的身体逐渐放松下来。"
    },
    {
        "message": "然后我牵起她的手，慢慢地抬起她的手臂，让她举起来。"
    },
    {
        "name": "オシロイバナ",
        "message": "「呀！啊啊啊……嗯嗯嗯！」"
    },
    {
        "message": "我舔了舔她放弃抵抗的腋下。\\n果然味道和香气都很浓郁。"
    },
    {
        "name": "オシロイバナ",
        "message": "「呜、呜，好痒，嗯，好害羞，我感觉要死了！\\n再继续下去真的不行了！」"
    },
    {
        "message": "我让她眼含泪水的手放下来，温柔地拥抱着她。\\n在这个过程中，我的手顺势触碰到了她的臀沟。"
    },
    {
        "name": "オシロイバナ",
        "message": "「……诶？团长，先生？」"
    },
    {
        "message": "オシロイバナ的表情变得僵硬起来。\\n想必是想象到了那只手的目的吧。"
    },
    {
        "name": "オシロイバナ",
        "message": "「开、开玩笑吧？\\n团长先生，那个地方，真的不行的哦？」"
    },
    {
        "message": "看着她那样的表情，我的虐待心理被激发了起来，\\n一边享受着柔软的臀肉，一边慢慢地将手伸向下方，\\n伸出的手指找到了オシロイバナ的突起部分。"
    },
    {
        "name": "オシロイバナ",
        "message": "「那、那里，绝对，不可以的！\\n团长，真的，那里，啊！啊啊！」"
    },
    {
        "message": "中指指尖轻轻插入オシロイバナ的肛门。\\n那一瞬间，她的腰部猛地一跳。"
    },
    {
        "name": "オシロイバナ",
        "message": "「进、进去了！指头，团长，指头！」"
    },
    {
        "message": "オシロイバナ在我的膝上颤抖着。"
    },
    {
        "name": "オシロイバナ",
        "message": "「拔、拔出来，请，请拔出来，团长！\\n我、那个，感觉奇怪，嗯、会变成那样的！」"
    },
    {
        "message": "稍微动了一下插入肛门的指尖，\\nオシロイバナ的阴道紧紧地夹住了阴茎。"
    },
    {
        "name": "オシロイバナ",
        "message": "「指、不要动了！\\n里面、嗯嗯！别动了！」"
    },
    {
        "message": "每次被オシロイバナ这样说，我的虐待心理就变得越来越强烈。\\n指头一动，阴茎就被夹得更紧，快感的波浪涌上心头。"
    },
    {
        "name": "オシロイバナ",
        "message": "「拔、拔出来，哈啊，哈啊，团长，先生！\\n哈啊，哈啊，指头，拔出来，嗯嗯，啊啊！」"
    },
    {
        "message": "乞求的オシロイバナ的脸颊染上羞耻，同时也带着快感。\\n看到她那样的表情，我无法抑制住自己，一边插入指头一边进行抽插。\\n强烈的收缩带来了难以言喻的快感。"
    },
    {
        "name": "オシロイバナ",
        "message": "「不行，一起这样，不行啊！嗯，啊！啊啊！\\n不行，嗯，哈啊，嗯，啊嗯！我要变成奇怪的样子了！\\n我真的，嗯，啊嗯！要变成奇怪的样子了！」"
    },
    {
        "name": "オシロイバナ",
        "message": "「感觉好舒服！我要变得奇怪了！\\n哈啊，哈啊，团长先生，感觉好舒服，头脑一片空白……\\n……我已经无法忍耐了……无法忍耐了！」"
    },
    {
        "message": "兴奋的オシロイバナ开始随着抽插扭动腰部。"
    },
    {
        "name": "オシロイバナ",
        "message": "「好舒服！这样，好舒服！\\n我是个这么淫荡的女孩，对不起，对不起！\\n但是，嗯，啊嗯！无法忍耐了！」"
    },
    {
        "name": "オシロイバナ",
        "message": "「好舒服！团长先生，我好舒服！\\n啊嗯！嗯呜！请再多一点，团长先生！再多一点！」"
    },
    {
        "message": "看着淫乱的オシロイバナ，感受到涌上心头的射精欲望，\\n更加猛烈地从下面顶击上去。"
    },
    {
        "name": "オシロイバナ",
        "message": "「啊啊啊！太厉害了，团长先生，太厉害了！\\n啊嗯！嗯呜！哈啊，哈啊，嗯嗯！好舒服！」"
    },
    {
        "name": "オシロイバナ",
        "message": "「我要、要高潮了！\\n团长先生，我、嗯呜呜！要高潮了！」"
    },
    {
        "name": "オシロイバナ",
        "message": "「不行，想要更多，嗯！不行，不行！\n要高潮了！我要高潮了！」"
    },
    {
        "name": "オシロイバナ",
        "message": "「啊啊啊！嗯，嗯呜，嗯嗯……！」"
    },
    {
        "message": "无法忍受住奥绝顶的オシロイバナ的强烈收缩，\n将大量浑浊液体射入她的最深处。"
    },
    {
        "name": "オシロイバナ",
        "message": "「嗯！嗯……流出来了……嗯，团长先生的奶水，流出来了……\n这么多……」"
    },
    {
        "message": "射精的波浪一次又一次地来袭，将所有精液射尽。\n无法容纳在阴道中的精液与爱液混合溢出。"
    },
    {
        "name": "オシロイバナ",
        "message": "「团长先生这么兴奋，还是第一次吧？\n团长先生，这么喜欢我吗，汗……」"
    },
    {
        "message": "虽然不知道喜不喜欢，但对于满身汗水的オシロイバナ确实感到兴奋。"
    },
    {
        "name": "オシロイバナ",
        "message": "「也就是说，要让团长先生兴奋的话，就是汗……我学到了」"
    },
    {
        "message": "不仅如此，オシロイバナ似乎变得有自信了，\n我决定不打扰她。"
    },
    {
        "name": "オシロイバナ",
        "message": "「从现在开始，要注意不要因为其他原因出汗了\n如果团长先生在工作时感到奇怪的话，那可就麻烦了」"
    },
    {
        "message": "我温柔地拥抱着微笑着的オシロイバナ，她说着这样的话。"
    }
]