[
    {
        "message": "某个夜晚——。安丝莉姆突然来到办公室。\\n然后坐在沙发上一言不发，\\n静静地盯着这边。\\n尴尬的沉默持续了一会儿，但很快……"
    },
    {
        "name": "アンスリウム",
        "message": "「……都是你的错，团长大人」"
    },
    {
        "message": "安丝莉姆嘟囔道。\\n她不安地摆动着纤细修长的腿。"
    },
    {
        "name": "アンスリウム",
        "message": "「烦恼，就是无论如何都离不开我的头脑\\n从那天开始，一直、一直……无论做什么……」"
    },
    {
        "name": "アンスリウム",
        "message": "「都、都是你的错哦？\\n你有自觉吗？把一个女孩子，搞、搞成这样……」"
    },
    {
        "name": "アンスリウム",
        "message": "「搞成这样……」"
    },
    {
        "message": "安丝莉姆咽下了话语。\\n然后，在短暂的沉默后……抬起了头。\\n一定是非常害羞吧。\\n脸红得耳朵都发烫，微微浮现出泪水——。"
    },
    {
        "name": "アンスリウム",
        "message": "「诶……有、有过那种事……」"
    },
    {
        "name": "アンスリウム",
        "message": "「团长大人……你是认真的吗？让、让我穿上这么淫荡的装扮，\\n而且，还要继续下去……你、你是变态吗……」"
    },
    {
        "message": "我让安丝莉姆把屁股伸出来站着。\\n一开始她感到惊讶和有些抵抗，\\n但这样能更好地看到安丝莉姆最可爱的地方，\\n所以我说我想看得更多一点——。"
    },
    {
        "name": "アンスリウム",
        "message": "「真、真的吗？你觉得我可爱吗？\\n那么……嗯……啊，哈啊……这样的话，\\n能更好地看到吗……呢？」"
    },
    {
        "message": "安丝莉姆用手指撑开阴道口。\\n那美丽的桃色秘处，在爱液的映衬下闪烁着诱人的光芒。"
    },
    {
        "message": "看着那淫荡的景象，我的欲望达到了顶点。\\n我猛烈地插入那滴着蜜汁、引诱着我的裂缝中。"
    },
    {
        "name": "アンスリウム",
        "message": "「嗯呜……啊，啊……不要……\\n团、团长大人，太大了啦……」"
    },
    {
        "name": "アンスリウム",
        "message": "「啊……呜……啊啊，但是……\\n这个，这样……一直以来……都想要的……」"
    },
    {
        "name": "アンスリウム",
        "message": "「啊，再深入一点\\n用你的阴茎插进我的最深处……接吻吧」"
    },
    {
        "message": "听到她的话，我抓住安丝莉姆的臀肉，使劲地拉向我这边。\\n阴茎粗暴地冲破炽热的阴道肉，然后……。\\n——咔嚓，龟头和阴道深处碰撞的声音响起。"
    },
    {
        "name": "アンスリウム",
        "message": "「嗯啊！啊，啊啊……哈啊……\\n碰到了……」"
    },
    {
        "name": "アンスリウム",
        "message": "「呼……呼……好厉害……\\n只是插进来，就这么……感觉起来了……」"
    },
    {
        "name": "アンスリウム",
        "message": "「我的身体完全变得淫荡了……\\n都是因为团长大人的小弟弟……这么多……啊哈，\\n不过，感觉真是太棒了……♪」"
    },
    {
        "message": "从安丝莉姆的阴道口不停地流出爱液。\\n虽然只是刚刚插入，但已经像已经射精一样多了。\\n不对，其实在插入之前裂缝就已经湿透了。\\n她到底有多么期待这一刻呢？"
    },
    {
        "message": "正如安丝莉姆所说，\\n她似乎完全变成了淫荡的身体。\\n然而，这样的话……她自己也会做吗？\\n我试着问她。"
    },
    {
        "name": "アンスリウム",
        "message": "「自、自己吗……自、自慰的意思吗？\\n那个……虽然有点兴趣……」"
    },
    {
        "name": "アンスリウム",
        "message": "「我是想让团长大人……把、把我弄得可爱一点，\\n想听团长大人说我可爱……一个人的话，不会做的」"
    },
    {
        "name": "アンスリウム",
        "message": "「但是，因为这个……烦恼越来越多，\\n越来越、满脑子都是淫荡的事情……我、我……」"
    },
    {
        "name": "アンスリウム",
        "message": "「变成了淫荡的孩子……」"
    },
    {
        "message": "安丝莉姆小声地嘀咕着，\\n她那害羞的样子真是太可爱了。\\n同时，也极大地刺激了我的欲望。"
    },
    {
        "message": "阴道内的阴茎血液涌动不止。\\n可以感觉到理性的边界在自己体内变得模糊。\\n要好好疼爱你……这样对安丝莉姆低语着。\\n我随心所欲地抽送着，她全身颤抖着。"
    },
    {
        "name": "アンスリウム",
        "message": "「啊！啊！好激烈！」"
    },
    {
        "name": "アンスリウム",
        "message": "「等、等一下，团长大人，太激烈了！\\n啊，啊，这、这么激烈的话，我会……」"
    },
    {
        "name": "アンスリウム",
        "message": "「啊，感觉到了，啊呜呜，快要失禁了，\\n无法停止失禁了！」"
    },
    {
        "message": "——噗嗤里！咔嚓！吸吮！\\n爱液越来越多地溢出，在抽送中发出淫荡的声音。\\n然而，在这样淫乱的空间里，\\n扭动在快感中的安丝莉姆却显得可爱。"
    },
    {
        "message": "可爱，真可爱……一遍又一遍地低语着这样的话。\\n每次这样说，安丝莉姆的阴道都会紧缩，全身颤抖在快感中。\\n爱液逐渐变成了带有白色泡沫的真正汁液。简直是魔法般的言辞。\\n安丝莉姆的耳朵和脑袋似乎都变成了性感带。"
    },
    {
        "name": "アンスリウム",
        "message": "「啊哈，哈啊，再说多点！\\n对我来说，可爱，可爱的话再多说几次！」"
    },
    {
        "name": "アンスリウム",
        "message": "「哈，哈，更加疼爱我，团长大人！\\n对我来说，说我可爱，可爱的话！」"
    },
    {
        "name": "アンスリウム",
        "message": "「啊，哈，哈，对我来说，要让我变得可爱，\\n变成一个淫荡的女孩子！拜托了，团长大人！」"
    },
    {
        "message": "平时的安丝莉姆无法想象的淫乱下流的恳求。\\n这让我的肉棒变得更加强烈、更加粗大。"
    },
    {
        "name": "アンスリウム",
        "message": "「团长大人，又变大了……！？」"
    },
    {
        "name": "アンスリウム",
        "message": "「啊、啊、呀、呀啊……！？还会更加激烈吗！？」"
    },
    {
        "name": "アンスリウム",
        "message": "「呀，等一下，这以上的话，\\n啊，啊，我的小穴会……会破裂的！！」"
    },
    {
        "message": "快感越来越强烈。\\n阴茎受到了如此之大的阴道压力，仿佛要被撕裂一样。\\n即便如此，我还是加快了抽送的速度。\\n肉襞像要翻卷起来一样，剧烈而迅速……。"
    },
    {
        "name": "アンスリウム",
        "message": "「哈，哈，哈，团长大人，\\n我、我已经不行了……」"
    },
    {
        "name": "アンスリウム",
        "message": "「这、这以上的话，我就要……要高潮了……！」"
    },
    {
        "name": "アンスリウム",
        "message": "「呀呀！明明说了不行～！」"
    },
    {
        "message": "她因为快感而无法动弹。安丝莉姆的身体变得僵硬。\\n为了进一步逼迫她，我用疼痛般勃起的阴茎不停地冲刺。"
    },
    {
        "message": "而且，当然，我也不会忘记继续对已经变成耳朵妹的她耳语魔法的咒语。"
    },
    {
        "name": "アンスリウム",
        "message": "「啊啊啊啊啊！真是的！我，已经，已经受不了了啦啊啊啊！」"
    },
    {
        "name": "アンスリウム",
        "message": "「再、再对我这样可爱就……我、我头发都要糊涂了，呼啊，不要啦～！」"
    },
    {
        "name": "アンスリウム",
        "message": "「太、太舒服了……呼啊，啊，啊，团长大人，团长大人！已经到极限了……！」"
    },
    {
        "message": "安丝莉姆随着摇晃着头肯定地说。我也到极限了。但是——还有一件事情没有说出口。在即将达到巅峰的时刻，她喘着气挤出最后的力量喊道。我喜欢你……"
    },
    {
        "message": "就在那一瞬间——。"
    },
    {
        "name": "アンスリウム",
        "message": "「喜、喜欢……啊，不行！团长大人，已经不行了――！！」"
    },
    {
        "name": "アンスリウム",
        "message": "「我也、我也喜欢！我喜欢你！啊啊啊，要来了，要来了！」"
    },
    {
        "name": "アンスリウム",
        "message": "「啊啊啊啊！让我看看你射精的样子！」"
    },
    {
        "name": "アンスリウム",
        "message": "「都怪你，害我变得这么淫荡！\n快看！我要……要高潮了！」"
    },
    {
        "name": "アンスリウム",
        "message": "「啊啊啊啊――――！！！！」"
    },
    {
        "message": "安丝莉姆的阴道肌肉猛烈收缩，\n同时充满欲望的精液爆发在里面。\n大量浑浊的液体注入她的体内。"
    },
    {
        "name": "アンスリウム",
        "message": "「哈，呜啊……哈……哈啊～……\n好多……哈，哈，团长大人……肚子，好热……」"
    },
    {
        "message": "安丝莉姆接受了一切，\n带着微笑转过身来看着这边。"
    },
    {
        "name": "アンスリウム",
        "message": "「哈……哈……差点，差点停止呼吸\n太舒服了……而且……嗯……太幸福了……」"
    },
    {
        "name": "アンスリウム",
        "message": "「话、话虽如此，居然射出这么多……\n一定是我太……哈，哈，可爱了吧……」"
    },
    {
        "name": "アンスリウム",
        "message": "「我变得淫荡，都是因为你\n但也因为你，变得可爱……\n为了吸引你的目光……变得可爱……嘿嘿♪」"
    },
    {
        "message": "安丝莉姆笑着说道。\n看着她可爱的笑容，我也不禁露出笑容。\n在彼此调整乱糟糟的呼吸时，我们笑了一会儿。"
    },
    {
        "message": "然后当呼吸恢复正常时，安丝莉姆说道。"
    },
    {
        "name": "アンスリウム",
        "message": "「那么，重新说一遍……团长大人，我，安丝莉姆，非常喜欢您。」"
    },
    {
        "name": "アンスリウム",
        "message": "「所以，请您以后也一直陪在我身边。\n然后……嘿嘿♪请多多疼爱我哦？」"
    }
]