[
    {
        "name": "タチバナ",
        "message": "「团长大人……请，请不要动！」"
    },
    {
        "message": "当我伸手去拿书架上的书时，太刀花说道。\\n她的声音异常紧张地颤抖着。\\n听到她的话，我不由自主地停止了动作。"
    },
    {
        "name": "タチバナ",
        "message": "「呜呜……团长、大人……对、对不起！」"
    },
    {
        "message": "我警觉地等待着，突然感到背后轻微的冲击，柔软的触感扩散开来。\\n看来太刀花从后面抱住了我。\\n她的举动让我身体紧张起来。\\n因为这不是她平常的举止。"
    },
    {
        "name": "タチバナ",
        "message": "「对不起，做了这样的事情……但是，我……我……！\\n无论如何都想触碰团长大人……想被您触碰……！」"
    },
    {
        "message": "太刀花环绕在我的身体上的手微微颤抖着。\\n她稍微快速而有力的心跳从背后传来。"
    },
    {
        "message": "然后，我想起了之前发生过类似情况的事情。\\n但那时候，我们两个的状况完全相反。"
    },
    {
        "name": "タチバナ",
        "message": "「我现在能够理解团长大人的心情了」"
    },
    {
        "message": "她颤抖的手轻柔地抚摸着我的胸膛。\\n我不由自主地闭上眼睛，陶醉在那温柔的感触中。"
    },
    {
        "name": "タチバナ",
        "message": "「我喜欢你……团长大人，是最喜欢的\\n今天由我来……为了让团长大人感到舒服……」"
    },
    {
        "name": "タチバナ",
        "message": "「啊……嗯，进来了……嗯，啊啊！」"
    },
    {
        "message": "她用手抚摸着阴茎，将龟头自己对准湿润的凹陷处。\\n然后慢慢地，太刀花的腰部下降。\\n插入的刺激使阴道收缩了几次。\\n仿佛在确认着阴茎的形状一样。"
    },
    {
        "name": "タチバナ",
        "message": "「进来了……嗯呜，团长大人的，好大\\n……啊啊！嗯，好、好壮观……啊呜！」"
    },
    {
        "message": "太刀花暂时不动，保持插入状态，调整呼吸。\\n过了一会儿，她似乎做好了心理准备，张开了嘴巴。"
    },
    {
        "name": "タチバナ",
        "message": "「因为今天，我决定要做……\n嗯，团长大人……就这样……嗯呜呜！」"
    },
    {
        "message": "太刀花开始缓慢地动起腰来。\\n阴茎的表面在湿滑的阴道壁上摩擦，\\n快感从腰部传遍全身。"
    },
    {
        "name": "タチバナ",
        "message": "「啊呜呜……！这种感触……啊呜呜！\\n好、好久没这样了……啊呜呜……！\\n对、对不起，团长大人……动作不太熟练……啊啊！」"
    },
    {
        "message": "她的腰部动作确实有些生涩，\\n但她努力地为我服务的姿态让我感动。\\n而且，并没有不舒服的感觉。"
    },
    {
        "name": "タチバナ",
        "message": "「真的吗？嗯呜……那就好了……\n嗯呜……啊啊啊！\n那么，我、我继续吧？嗯……！」"
    },
    {
        "message": "太刀花额头上沁出汗水，微笑着看着我。\n看到她那样子，我突然想要提出一个请求。"
    },
    {
        "name": "タチバナ",
        "message": "「团长，有什么事吗？」"
    },
    {
        "message": "太刀花注意到了我的情况，停下了腰的动作，\n歪着头看着我。"
    },
    {
        "message": "我觉得现在的她或许会听从我的请求，\n于是试着让她张开腿。\n然后，太刀花脸红了起来，低下了视线。"
    },
    {
        "name": "タチバナ",
        "message": "「诶？张、张开腿……吗？但、但是……如果这样的话……\n呜呜呜……团长大人……你真的想看那个地方吗？」"
    },
    {
        "message": "她害羞地问着，似乎不太愿意。\n虽然我觉得她可能不会答应，但还是点了点头。\n然而，太刀花给出的回答却出乎意料。"
    },
    {
        "name": "タチバナ",
        "message": "「我、我明、白了……只要张开腿就可以了吧？\n这、这样的话……团长大人会更舒服的对吧？」"
    },
    {
        "name": "タチバナ",
        "message": "「那……好、吧？\n如果团长大人能感到舒服，我……会很开心的」"
    },
    {
        "message": "太刀花慢慢地开始张开双腿。\n这缓慢的动作，表现出了她羞耻地展示私处的心情，\n但在这个时候，我也能感受到她故意让我焦虑的妖艳之美。"
    },
    {
        "name": "タチバナ",
        "message": "「团、团长大人，这样可以吗？\n能、能看清楚吗？」"
    },
    {
        "message": "太刀花的耳朵变得通红，颤抖着说道。\n当然，在这种状态下张开双腿，连接处会完全暴露出来。\n这淫靡的景象让我的全身都沸腾起来。"
    },
    {
        "name": "タチバナ",
        "message": "「团、团长大人……嗯呜，不、不要那么盯着看\n嗯呜呜，被、被看到了……我、我……！」"
    },
    {
        "message": "停下的腰再次开始动起来。\n阴茎在湿润的阴道中摩擦着，一次又一次。"
    },
    {
        "message": "为了进一步激发兴奋，\n我试着请求能否触摸她可爱的乳房。\n然后，太刀花思考了一会儿，稍微弯下身子。"
    },
    {
        "name": "タチバナ",
        "message": "「啊啊！团、团长大人……嗯呜呜！\n这、这样的话，我的……太小了……\n摸起来肯定不好玩的……嗯嗯呜呜！！」"
    },
    {
        "message": "太刀花抱怨着，但并没有表现出不喜欢的样子。\n我用手掌轻柔地抚摸着凸出的乳房。"
    },
    {
        "name": "タチバナ",
        "message": "「嗯，啊啊啊……！团、团长大人……！\n嗯呜呜……！被、被这样温柔地触摸……啊啊啊！\n我、我动不了了……呼、呼啊啊！」"
    },
    {
        "message": "挡住她的话，我开始刺激乳头。\\n那个地方立刻勃起，自我主张起来。"
    },
    {
        "name": "タチバナ",
        "message": "「嗯，啊，团长大人……那里……捏一下……！\\n嗯嗯嗯……！啊！\\n这么……嗯嗯，专心地摸着……嗯嗯！」"
    },
    {
        "message": "因为那可爱的乳房，我变得如此沉迷。\\n没有任何自卑之处。"
    },
    {
        "name": "タチバナ",
        "message": "「这样的话……啊啊……！嗯嗯！\\n这样说，太可爱了……啊啊！」"
    },
    {
        "name": "タチバナ",
        "message": "「如果这样说的话……我，啊啊，嗯嗯嗯！\\n明明想让团长大人感到舒服的……我反而……先一步！\\n嗯嗯嗯……啊啊！」"
    },
    {
        "message": "立花的腰部动作比之前更加顺畅。\\n然后她用湿润的眼神朝这边凝视，继续说着台词。"
    },
    {
        "name": "タチバナ",
        "message": "「请，请团长大人……！请，请射出来！\\n阴茎，请感到舒服！」"
    },
    {
        "name": "タチバナ",
        "message": "「请……射出来……嗯啊，团长大人……！\\n请用……嗯嗯，我的阴道，感到舒服！」"
    },
    {
        "message": "她自己说出淫秽的话语，用撒娇的声音促使射精。\\n与平时的她完全不同，她的形象变得淫荡起来。"
    },
    {
        "name": "タチバナ",
        "message": "「我也要……要射了……！啊啊！\\n用团长的阴茎插入我的阴道，感觉好舒服！」"
    },
    {
        "name": "タチバナ",
        "message": "「啊啊啊……要射了……我的阴道，要射出来！\\n啊啊啊，团长大人……啊啊！啊啊啊……！！！！」"
    },
    {
        "name": "タチバナ",
        "message": "「嗯嗯！啊啊……！阴茎在颤抖……！\\n在我里面……嗯嗯，多多地射出来……嗯嗯嗯！」"
    },
    {
        "message": "大量的精液从阴茎的顶端喷射而出。\\n立花全部接收在阴道深处。"
    },
    {
        "name": "タチバナ",
        "message": "「团长大人，啊啊，嗯嗯嗯……在流出来了……！\\n没关系的……啊啊，我会全部接收的，请尽情地射吧\\n嗯嗯，哈哈……请放进我的里面，全部……！」"
    },
    {
        "message": "颤抖着接受着高潮和精液，\\n立花却没有掩饰住迷乱的表情。"
    },
    {
        "name": "タチバナ",
        "message": "「哈哈，哈哈……嗯嗯，哈哈，哈哈……团长大人……\\n嗯嗯，全部都出来了吗？我，感觉很舒服，对吧？」"
    },
    {
        "message": "微笑着回答立花的问题点头。\\n同样地，也向立花询问。"
    },
    {
        "name": "タチバナ",
        "message": "「是的，我也……我也…………」"
    },
    {
        "message": "然而，她的表情很快变得僵硬，耳朵也渐渐染红。\\n我凑近她的脸看个究竟。\\n接着，立花迅速用双手遮住了她通红的脸。"
    },
    {
        "name": "タチバナ",
        "message": "「不、不要看！我……我怎么会做出这种下流的事情……！\\n怎、怎么会主动做那种事……！」"
    },
    {
        "message": "看起来，她似乎想起了刚才的行为而感到慌张。"
    },
    {
        "name": "タチバナ",
        "message": "「唔唔唔……麻、麻烦了……麻烦了」"
    },
    {
        "message": "立花捂住脸，摇头晃脑。看到这样的样子，我不禁笑了起来。\\n但是，如果一直这样下去，我们也会陷入困境。\\n问她是不是觉得那么害羞、那么讨厌。"
    },
    {
        "message": "然后，立花突然停下动作\\n从遮住脸的手指缝中露出湿润的眼睛，偷偷瞥了一眼我。"
    },
    {
        "name": "タチバナ",
        "message": "「不是……不是因为讨厌，而是因为困扰\\n……呜呜呜呜呜！！！」"
    },
    {
        "message": "她这样说着，又一次陷入了痛苦之中。"
    }
]