[
    {
        "name": "ヘンルーダ",
        "message": "「哈，哈，哈……嘿嘿，嘿嘿嘿嘿，\\n团长大人……今天也是精神满满呢～？」"
    },
    {
        "message": "身体紧贴着，亨露达说道。\\n而且是在耳边轻声细语，让背脊不禁一阵发麻，\\n这边却无法好好回答。"
    },
    {
        "name": "ヘンルーダ",
        "message": "「啊，别在意！健康可是好事情\\n这样才更有养眼的价值，对吧」"
    },
    {
        "message": "最近的亨露达变得非常积极。\\n今天她也主动来到了我的房间。"
    },
    {
        "name": "ヘンルーダ",
        "message": "「团长大人，我想好好疼爱您\\n这份心情日渐变得强烈了起来……\\n那个，是不是让您感到困扰了？」"
    },
    {
        "message": "并不是那样，但最近是每一天。\\n真的在想能够一直保持这样的生活吗。"
    },
    {
        "name": "ヘンルーダ",
        "message": "「没关系，我就是想疼爱团长大人，想陪在您身边\\n所以……嘿嘿嘿，今天也会好好疼爱您的哦？」"
    },
    {
        "message": "这样看着我的亨露达的眼眸微微泛湿。\\n而她的呼吸变得异常急促。"
    },
    {
        "name": "ヘンルーダ",
        "message": "「嗯嗯……稍微……那么团长大人\\n今天也要好好疼爱您……让您感觉舒服哦？」"
    },
    {
        "message": "这样妖艳地微笑的亨露达，却请求稍等片刻。\\n看着我慌张的样子，她带着可爱的表情摇了摇头。"
    },
    {
        "name": "ヘンルーダ",
        "message": "「怎么了～？\\n嘿，团长先生的那个，变大了，颤颤巍巍的哦？\\n要停下来吗？」"
    },
    {
        "message": "她一脸不解地看着，\\n可是我们却无法停下来。\\n因为我已经被绑在床上，手脚无法动弹。"
    },
    {
        "message": "刚躺在床上的瞬间，\\n亨露达理所当然地将我的手脚绑了起来。\\n由于这个动作实在太自然，我来不及阻止。"
    },
    {
        "name": "ヘンルーダ",
        "message": "「诶！？ 嗯……不行吗？\\n因为……我想好好疼爱你嘛……\\n嘻嘻，嘻嘻嘻……团长先生这样，好可爱哦？」"
    },
    {
        "name": "ヘンルーダ",
        "message": "「没事的……请放心，\\n我会让你感觉舒服的……就像这样……嗯！」"
    },
    {
        "message": "亨露达抬起臀部，将阴茎对准阴道口。\\n然后慢慢地降下去。\\n当然，我无法抵抗。"
    },
    {
        "name": "ヘンルーダ",
        "message": "「啊啊，嗯……看，已经进去了哦？\\n根部已经充实……满足于团长先生的那个」"
    },
    {
        "name": "ヘンルーダ",
        "message": "「这样……首先慢慢地动一动？\\n嗯……嘘，嗯……嘘……哈，哈……\\n感觉如何？ 那个很舒服呢～？」"
    },
    {
        "message": "阴茎表面附着着粗糙的阴道皱褶。\\n在快感中，不由自主地流露出喘息声。\\n亨露达陶醉地凝视着我的这种状态。"
    },
    {
        "name": "ヘンルーダ",
        "message": "「啊，嗯嗯，团长先生好可爱啊……\\n被你这样看着的话……我更想好好疼爱你」"
    },
    {
        "name": "ヘンルーダ",
        "message": "「那么，慢慢加快一点速度好吗？\\n嗯，啊啊，啊啊啊，嗯嗯……这，这样？\\n嘿嘿，嘿嘿嘿……舒服吗？肯定很舒服吧？」"
    },
    {
        "message": "亨露达的臀部渐渐加快了动作。\\n快感加剧，这次我居然发出了声音。"
    },
    {
        "name": "ヘンルーダ",
        "message": "「啊，嗯嗯，嘿嘿，没关系的哦？\\n别在意，如果感觉舒服就可以发出声音哦？\\n让我听听团长先生可爱的声音吧」"
    },
    {
        "message": "阴道收缩，更加强烈地刺激着阴茎。\\n在这样的快感中，我几乎要立刻达到极点。"
    },
    {
        "name": "ヘンルーダ",
        "message": "「嗯，嗯嗯，阴茎在跳动，脉搏一样地跳动\\n哈，哈……嗯，团长先生，这样下去我要高潮了吗？」"
    },
    {
        "message": "我慌忙点头回应亨露达的话。\\n但是，尽管我已经表达出即将高潮的迹象，\\n她并没有停下臀部的运动。"
    },
    {
        "name": "ヘンルーダ",
        "message": "「啊，要高潮了……团长先生要高潮了……！\\n忍耐着感觉到快高潮的团长先生……啊啊，嘿嘿嘿，好可爱啊～！」"
    },
    {
        "message": "一方面感受到愉悦，脑海中仿佛要变得怪异。\\n然而，就在触及极限的时候，腰部的动作逐渐放缓。\\n喘着气抬头望去，\\n亨露达近距离凝视着我的脸庞。"
    },
    {
        "name": "ヘンルーダ",
        "message": "「团长先生感到舒适的表情，我都看见了哦？\\n嘿嘿，嘿嘿嘿……好吧，要不要再亲一下呢？」"
    },
    {
        "name": "ヘンルーダ",
        "message": "「嗯，嘟……亲……嗯嗯……请把嘴巴张开好吗？\\n对，嗯，啵啵，舔舔，舔一下啦……\\n舌头，会缠绕得很多的哦……嗯，啵啵……！」"
    },
    {
        "name": "ヘンルーダ",
        "message": "「啵，啵，嗯嗯嗯，啵啵啵啵……！\\n嗯，真是的，团长先生，团长先生，好可爱……！可爱……！！」"
    },
    {
        "message": "随着吻变得更加深情，\\n原本缓慢的腰部动作再次加快。\\n肌肤相互碰撞的声音在室内回荡。"
    },
    {
        "name": "ヘンルーダ",
        "message": "「嗯，啵啵，团长先生……啵，啵啵……\\n嗯嗯嗯，啊啊啊……舔啊，舔啊啊啊……！！」"
    },
    {
        "message": "在亲吻的同时，她的手突然伸向我的鼻子。\\n然后，亨露达直接捏住了我的鼻子。\\n面对这突如其来的举动，一时之间不知所措。"
    },
    {
        "message": "因为被堵住鼻子，呼吸自然变得困难。\\n试图用嘴巴呼吸，但亨露达的嘴唇不允许这样。"
    },
    {
        "name": "ヘンルーダ",
        "message": "「啵啵，嗯嗯……嗯嗯，啵啵……！！\\n嘿嘿，嘿嘿嘿嘿……团长先生，难受吗？ 感到痛苦了吗？」"
    },
    {
        "message": "她究竟想看到我怎样的表情呢？\\n她的思维让我摸不透。\\n但是，亨露达的好意却愈发升温。"
    },
    {
        "name": "ヘンルーダ",
        "message": "「团长……嗯，喝下我的口水吧……\\n来吧，嗯，舔一下……咧啊啊啊」"
    },
    {
        "message": "这次，她嘴巴离开，滴下一串黏糊的口水。\\n头脑在快感和痛苦中麻木，自然而然地接受了这一切。"
    },
    {
        "name": "ヘンルーダ",
        "message": "「啊，高兴，团长喝了我的口水……！\\n啊啊，怎么办，我，要高潮了……\\n看到这么可爱的团长我就要高潮了……！！」"
    },
    {
        "message": "她的口中的唾液弥漫着一种奇异的甜味。\\n在激烈的腰部动作中，我已经到达了极限。\\n剩下的只是沉浸在被赋予的快感中。"
    },
    {
        "name": "ヘンルーダ",
        "message": "「高潮了！请用你的硬邦邦的家伙，尽情射进我的小穴里！\\n啊啊！啊！啊啊啊！我也要高潮了！我要来了！」"
    },
    {
        "name": "ヘンルーダ",
        "message": "「用团长的硬邦邦大鸡巴，涌满涌满地，\\n啊啊啊，感觉好极了……！！」"
    },
    {
        "message": "亨露达一边露出陶醉的表情，一边猛地坐下。\\n与此同时，我已经达到了极限。"
    },
    {
        "name": "ヘンルーダ",
        "message": "「啊啊啊，高潮高潮高潮！！嗯嗯嗯，啊啊啊！\\n高潮了啊啊啊啊……！！！！！！」"
    },
    {
        "name": "ヘンルーダ",
        "message": "「嗯啊啊啊啊……！！啊，啊哈哈，哈哈，哈哈……！\\n真、真是的……脑袋里一片空白……嘿嘿，嘿嘿嘿嘿……！」"
    },
    {
        "message": "弯曲着背仰望天花板，亨露达笑了起来。\\n她的裸体微微泛着红色，\\n那火辣的感觉一看就明白。"
    },
    {
        "name": "ヘンルーダ",
        "message": "「啊，嗯，团长先生的家伙，在里面还在跳动呢？\\n嘿嘿，嘿嘿嘿嘿，在里面射了好多次呢？」"
    },
    {
        "message": "手放在下腹，亨露达俯视着这边。\\n点头回应她，她喜悦地微笑着。"
    },
    {
        "name": "ヘンルーダ",
        "message": "「这样啊，能感受到很多愉悦就好了……吗……\\n好啊……好、好、好吧！ 不好啊～～！！！！」"
    },
    {
        "name": "ヘンルーダ",
        "message": "「嗯、嗯嗯嗯，我真是个笨蛋！又对团长进行变态的行为！！\\n突然就绑起来，亲吻中插鼻子，灌口水！」"
    },
    {
        "name": "ヘンルーダ",
        "message": "「哪哪哪哪……是怎么了……！\\n对不起真是抱歉非常抱歉～～～～！！！！」"
    },
    {
        "message": "突然间慌乱不安，\\n亨露达解开了手脚的束缚。\\n我尽量安抚她。"
    },
    {
        "name": "ヘンルーダ",
        "message": "「团、团长先生……真的真的，真的很抱歉\\n对于自己的变态倾向，我自己也真的很讨厌……啊」"
    },
    {
        "message": "拥抱着卑下的她。\\n确实，她对性的好奇有时让人惊讶，\\n但陪伴着她的人也是自愿的。"
    },
    {
        "name": "ヘンルーダ",
        "message": "「团长先生……居然愿意陪着像我这样的人……\\n真的谢谢你！」"
    },
    {
        "name": "ヘンルーダ",
        "message": "「嗯……那么……下次团长先生要不要让我蒙上眼睛？\\n然后就可以摸摸，疼爱我一番！」"
    },
    {
        "message": "亨露达似乎并没有被吓到，一副不知悔改的样子。"
    }
]