[
    {
        "message": "她正在向罗曼洋甘菊磕头。\\n据她说，原因是不小心打破了办公室的花瓶。"
    },
    {
        "name": "ローマンカモミール",
        "message": "「无论是什么惩罚，我都接受。\\n请您原谅我……」"
    },
    {
        "message": "一听说要接受任何惩罚，我立刻涌起了恶作剧的心思。\\n我从附近拿起一根绳子，让罗曼洋甘菊把手绑在背后。"
    },
    {
        "name": "ローマンカモミール",
        "message": "「团长大人！？您为何要把我捆起来呢？」"
    },
    {
        "message": "我告诉她这是惩罚。\\n作为打破花瓶的惩罚，用她的身体来满足我。"
    },
    {
        "name": "ローマンカモミール",
        "message": "「这是因为性行为而进行的赔偿吧……我明白了\\n但是，我没有经验\\n请毫不留情地下命令，让我能够满足您」"
    },
    {
        "name": "ローマンカモミール",
        "message": "「另外，非常抱歉，请您脱掉我的衣服吗？\\n我被绑住了……啊啊！」"
    },
    {
        "message": "听到是第一次，我的心动摇了一下，但很快就摆脱了，解开了她的衣服。\\n她穿着像女孩子一样的内裤，遮住了私处。"
    },
    {
        "name": "ローマンカモミール",
        "message": "「非常抱歉，我只有这种内衣\\n这样的话，您会不会满意呢？」"
    },
    {
        "message": "反而感到兴奋。\\n我命令她保持这个姿势，然后开始行动。"
    },
    {
        "name": "ローマンカモミール",
        "message": "「在关键时刻，需要勇气呢\\n但是，这是惩罚……我没有任何怨言」"
    },
    {
        "message": "怀着决心，她低下了腰。"
    },
    {
        "name": "ローマンカモミール",
        "message": "「呜呜！啊啊啊啊！」"
    },
    {
        "message": "阴茎撕裂处女膜，顺势进入阴道。"
    },
    {
        "name": "ローマンカモミール",
        "message": "「虽然很大，但还是能够承受……嗯嗯！」"
    },
    {
        "message": "阴茎完全包裹在阴道里，我感受到了罗曼洋甘菊的重量。看着她痛苦的表情，我为自己的恶作剧感到后悔。"
    },
    {
        "name": "ローマンカモミール",
        "message": "「原来男性器官会变成这样……\\n啊，没有疼痛，请不用担心……」"
    },
    {
        "message": "虽然不能退缩，但我还是想给予一些帮助。"
    },
    {
        "message": "还不行。\\n如果在没有湿润的情况下动起来，不会感到舒服的，\\n我试图间接地传达出去。"
    },
    {
        "name": "ローマンカモミール",
        "message": "「遵命。\\n那么，为了分泌爱液，我会稍微动一下」"
    },
    {
        "message": "微微地开始前后摆动腰部。"
    },
    {
        "name": "ローマンカモミール",
        "message": "「咕、呼、嗯嗯、需要比预想中更多的力气呢……」"
    },
    {
        "message": "即使是第一次性交，她也毫不屈服地配合着我的动作。\\n那么，从这里开始我要变得无情起来。\\n即使看到她痛苦的样子也要坚持下去。"
    },
    {
        "name": "ローマンカモミール",
        "message": "「嗯咕、呼呼、嗯嗯、爱液已经相当多了，嗯啊啊！」"
    },
    {
        "name": "ローマンカモミール",
        "message": "「准备好了，我会加快腰部的速度……\\n虽然只有生育知识，但请期待……！」"
    },
    {
        "message": "只有鸽尾部分灵活地动着。\\n感受到一种不同于淫荡的美丽。"
    },
    {
        "name": "ローマンカモミール",
        "message": "「小时候，我曾经骑马，\\n那段记忆……嗯啊、啊、啊啊啊！？」"
    },
    {
        "message": "突然，阴道肉蠢动，前后运动停止了。\n似乎在拼命地接受自己身体发生的事情。"
    },
    {
        "name": "ローマンカモミール",
        "message": "「原来那个是性感的感觉啊……因为是第一次经历……啊呀，啊，啊啊啊！」"
    },
    {
        "message": "罗曼甘菊在快感中痛苦地挣扎。\n对于与她的意愿相反的感觉，有些困惑。"
    },
    {
        "name": "ローマンカモミール",
        "message": "「不、不用担心……我、我会努力的……嗯咕，呼呼，啊啊啊！」"
    },
    {
        "message": "既然决定了要残忍对待她，就不需要帮助。\n相反，我决定捏住她的乳头，加大抽送的力度。"
    },
    {
        "name": "ローマンカモミール",
        "message": "「啊呀呀呀呀！？」"
    },
    {
        "name": "ローマンカモミール",
        "message": "「哈啊，哈啊，那个是什么……\n身体里面，酥酥麻麻的……哈啊，啊啊啊啊♪」"
    },
    {
        "message": "出乎意料，罗曼甘菊开始喘着甜蜜的气息。\n试着再次捏住勃起的乳头。"
    },
    {
        "name": "ローマンカモミール",
        "message": "「啊啊啊♪肚子里面……深处收缩起来了……\n这就是，收紧内部的感觉……嗯嗯♪」"
    },
    {
        "message": "正如她所说，阴道的收紧感并不是紧绷的感觉。\n爱液的分泌也在增加，已经溢出连接处。"
    },
    {
        "name": "ローマンカモミール",
        "message": "「性感是这样的感觉吗……我好像明白了……嗯，嗯呼，有点，有点感觉了」"
    },
    {
        "message": "罗曼甘菊重新开始前后运动。"
    },
    {
        "name": "ローマンカモミール",
        "message": "「啊呀，啊啊，啊呀，啊啊！里面好像被刮到了……嗯啊，啊啊，啊啊啊！」"
    },
    {
        "message": "纤细的腰部在淫荡地扭动着。\n没有骑马般的灵巧，只是对性感变得贪婪的动作。"
    },
    {
        "name": "ローマンカモミール",
        "message": "「团长大人的东西在跳动着，我能感受到……嗯呣、嗯呣、呼哇！虽然很羞耻，但停不下来！」"
    },
    {
        "message": "同时振动着直到最深处，龟头和子宫口不断摩擦。\n不仅前后，还左右磨擦，折磨着阴茎。"
    },
    {
        "message": "全身都被汗水浸湿，微弱的室内光线在闪烁。\n这是全神贯注于行为的最好证明。"
    },
    {
        "name": "ローマンカモミール",
        "message": "「团长大人，有什么命令吗？\n我这样下去……可能会持续不久了……呃！」"
    },
    {
        "name": "ローマンカモミール",
        "message": "「虽然我知道这是惩罚……全身都在颤抖……啊，啊啊啊！」"
    },
    {
        "message": "虽然不打算下命令，但我决定顺着她的感觉给予一项指令。在我达到高潮之前，你必须忍住不要射精。"
    },
    {
        "name": "ローマンカモミール",
        "message": "「我明白了……直到团长大人射精为止……嗯呃呃呃！？」"
    },
    {
        "message": "膝盖滑动，双腿更加张开。\n最深处紧密接触，汗水浸湿的身体开始抽搐。"
    },
    {
        "name": "ローマンカモミール",
        "message": "「哈哈，哈哈，哈哈，现在……眼前的景象……哈哈，哈哈」"
    },
    {
        "message": "瞳孔放大，视线只集中在一个点上。\n呼吸急促到可以看到胸部的上下运动。"
    },
    {
        "name": "ローマンカモミール",
        "message": "「已经……完全达到极限了……即使没有命令，也会……履行承诺……呃！」"
    },
    {
        "name": "ローマンカモミール",
        "message": "「作为代价，我将把这具身体全部献给团长大人……哈哈，哈哈，哈哈哈，哈啊啊！」"
    },
    {
        "message": "随你喜欢地摆动着腰部引导射精，\n隐藏着肿胀的射精欲望下达命令。"
    },
    {
        "name": "ローマンカモミール",
        "message": "「那么，请毫不客气地……嗯啊，啊，嗯啊啊！」"
    },
    {
        "message": "将阴核压在这里的耻骨上，罗曼卡莫米尔陷入了快感的漩涡。"
    },
    {
        "name": "ローマンカモミール",
        "message": "「哈啊，啊啊，好舒服，从阴核传来的抽搐……！」"
    },
    {
        "name": "ローマンカモミール",
        "message": "「要来了！从我的深处……哈啊，啊啊！绝顶的波浪……嗯呃呃呃！」"
    },
    {
        "message": "仿佛屈服于快感一般，阴道收紧，摩擦加速迎向绝顶。"
    },
    {
        "name": "ローマンカモミール",
        "message": "「真是太棒了，就在眼前……！如果我先达到极限，请原谅我……啊呃，啊啊、啊啊啊！」"
    },
    {
        "message": "那么，请让我在收缩的极致中尽情射精吧。"
    },
    {
        "name": "ローマンカモミール",
        "message": "「谢谢，我明白了……虽然有点不雅观……！」"
    },
    {
        "name": "ローマンカモミール",
        "message": "「不行了，到极限了……抽搐起来了……！从刚才开始就一直想要射精……嗯呃呃呃！」"
    },
    {
        "message": "龟头上缠绕的快感升温，\\n向着深处的精液招手。"
    },
    {
        "name": "ローマンカモミール",
        "message": "「团长大人……！\\n请毫不犹豫地，射精吧……！」"
    },
    {
        "message": "摩擦的节奏变得更短。\\n只刺激阴蒂，罗曼・卡莫米尔沉浸在极致的高潮中。"
    },
    {
        "name": "ローマンカモミール",
        "message": "「要来了……我……！\\n哈啊哈啊哈啊哈啊……要来了，要来了！好厉害的感觉来了！！」"
    },
    {
        "name": "ローマンカモミール",
        "message": "「要来了，要来了，要来了，要来了！\\n团长大人，团长大人！我……！！」"
    },
    {
        "name": "ローマンカモミール",
        "message": "「嗯啊啊啊啊啊啊啊啊啊！！」"
    },
    {
        "name": "ローマンカモミール",
        "message": "「啊啊啊啊！在子宫里……！」"
    },
    {
        "message": "热烈滚烫的热量，像是猛击一样注入阴道深处。"
    },
    {
        "message": "被汗水、爱液和精液浸湿的阴道紧紧收缩，\\n挤压得几乎无法相信这是第一次的高潮。"
    },
    {
        "name": "ローマンカモミール",
        "message": "「啊啊啊，射精的感觉真好……啊啊啊」"
    },
    {
        "message": "罗曼・卡莫米尔喘着粗气，沉浸在愉悦之中。\n射精持续了很久，他像她一样不断痉挛。"
    },
    {
        "message": "等她平静下来后，我决定向她道歉。\n我称之为补偿，说我对行为很抱歉。"
    },
    {
        "name": "ローマンカモミール",
        "message": "「并没有什么需要向我道歉的事情。\n因为我也得到了快感，所以并没有「补偿」……」"
    },
    {
        "message": "他有些局促不安地游离着视线。"
    },
    {
        "name": "ローマンカモミール",
        "message": "「刚才的行为并不需要「补偿」，所以……\n我还没有受到打破花瓶的惩罚……」"
    },
    {
        "message": "他频频眨眼，美丽的眼神时而扫视过来。"
    },
    {
        "name": "ローマンカモミール",
        "message": "「既然打破了花瓶，我觉得「补偿」是必要的……♪」"
    },
    {
        "message": "明显是在引诱我进行行为。\n那么，我会告诉她稍后再进行补偿。"
    },
    {
        "name": "ローマンカモミール",
        "message": "「我已经把身体献给了团长大人，\\n如果您想要惩罚我，请随时召唤我，呵呵♪」"
    }
]