[
    {
        "message": "感觉有点奇怪。\\n不管经历多少次，都无法习惯，\\n甚至怀疑自己是不是有两个人格。"
    },
    {
        "message": "柠檬。隶属于橙色队的香蕉海洋的花骑士。\\n活泼开朗，随时散发着活力。\\n委托给柠檬酱，她充满自信地高喊着的样子也让人觉得可爱。"
    },
    {
        "name": "レモン",
        "message": "「那、那样盯着看不行啦……\\n我们只是普通的上司和部下而已啊……\\n看了不行啦……真是害羞呐」"
    },
    {
        "message": "明朗活泼的柠檬，在两人独处时会变成这样。\\n准确地说，她感受到男性气息时立刻变得温顺起来。"
    },
    {
        "message": "因此，虽然口中说着是上司和部下，\\n但柠檬正此刻感受到这边的男性气息。\\n能感知到心脏的急速跳动，传达给这边。"
    },
    {
        "name": "レモン",
        "message": "「虽然是上司和部下……但是……\\n我呢？ 我……好像无法忍耐了\\n所以，我说……我就说出来了，想让你听」"
    },
    {
        "name": "レモン",
        "message": "「我……在团长面前，\\n不再是部下的花骑士……而是个女孩子\\n心脏咚咚跳动……脸发热……头脑变得嗡嗡的」"
    },
    {
        "message": "现在还是这样吗。\\n被迫咽下喉咙里涌出的问题。\\n面对展示出的差异，兴奋和激动涌上心头。"
    },
    {
        "name": "レモン",
        "message": "「总、总之就是？\\n我好像，喜欢上团长了呢……嘿嘿\\n……啊，呀啊！？」"
    },
    {
        "name": "レモン",
        "message": "「不行，不行不行不行……不能再……」"
    },
    {
        "message": "在她虚弱的拒绝前，但是停下来是不可能的。"
    },
    {
        "message": "舔舐，从湿润的秘裂中吸食爱液，抬起脸，将龟头贴在湿润闪光的裂缝上。"
    },
    {
        "name": "レモン",
        "message": "「嘿，嗯……这样擦，不好啊\n团长先生……别插进去，知道吗？」"
    },
    {
        "name": "レモン",
        "message": "「这种事情是不应该在结婚前做的啦……嗯咻！？」"
    },
    {
        "message": "夺去了她的嘴唇。\n为了分散注意力，也为了将她的告白引导的激情还给她自己。"
    },
    {
        "name": "レモン",
        "message": "「嗯啊，啾噗……不行，团长先生，要进来了……\n不可以伸舌头，啾噗，嗯呜\n吻也是，要结婚后才可以……嗯，嗯呜呜」"
    },
    {
        "name": "レモン",
        "message": "「色色的亲吻，不行啦……啾，嗯，嗯呜呜\n我可是第一次……\n这么色色的事，不喜欢啦……啊，啊嗯，啊呜呜呜呜」"
    },
    {
        "message": "用迷惑和羞耻的脸庞凝视着她，\n从上到下，成功地侵入了她的深处。"
    },
    {
        "message": "那样，缓慢而深情地抚摸着。不激烈，但却彻底。\n将自己的热量和形状铭记在初次接触男性的双粘膜上。"
    },
    {
        "name": "レモン",
        "message": "「嗯，啊……真、团长先生，太过分了啦」"
    },
    {
        "name": "レモン",
        "message": "「多少次了，我说过的……我，说过的哦？ 说过的\n这种事情，应该和结婚的人才……」"
    },
    {
        "name": "レモン",
        "message": "「不、不行……嗯唔，嘟噗，吃噗，嗯咿咿呜\n咕噜咕噜，不喜欢啊……嗯」"
    },
    {
        "message": "抵抗只存在于言语中。不逃避，也不挣扎。\n将紧握着的五指当成免罪符，一次次地重复着行为。"
    },
    {
        "name": "レモン",
        "message": "「哈，哈，团长先生……啾，噗，嗯，啊啊\n嗯，我……你讨厌我吗？」"
    },
    {
        "message": "回答说那是不可能的，随即分开嘴和舌头。"
    },
    {
        "name": "レモン",
        "message": "「啊……」"
    },
    {
        "message": "柠檬发出留恋的声音。\n湿润的唾液中，颤抖的舌尖引发了对方的欲望。"
    },
    {
        "message": "随着那股狂暴的力量，我一边告诉他为什么推倒他，一边开始动着腰。"
    },
    {
        "name": "レモン",
        "message": "「啊，嗯嗯……因为，因为，可爱嘛，所以？」"
    },
    {
        "message": "与同性相处时不同，展现给我独特的温柔。那洋溢的纯真，以及不习惯男性的态度。对于那极端的告白，我无法忍耐。"
    },
    {
        "name": "レモン",
        "message": "「嗯啊，嗯嗯……如果你这么说的话……啊，啊啊啊」"
    },
    {
        "message": "已经变成蜜壶的阴道，更加紧致地收缩。将这视为愉悦的反应，我自私地解释着，并反复进行往复。"
    },
    {
        "name": "レモン",
        "message": "「这种事情，明明是不行的……却无法拒绝\n我，喜欢上了你……明明是不行的……却说不出口」"
    },
    {
        "name": "レモン",
        "message": "「头脑一片空白……团长先生的热度，在摩擦中……从那里扩散\n嗯，虽然不应该被冲昏头脑……但高兴的，我……啊，啊啊，啊啊啊」"
    },
    {
        "message": "在羞耻和困惑的深处，快感和喜悦露出了脸。"
    },
    {
        "name": "レモン",
        "message": "「团长先生，请……再一次……」"
    },
    {
        "message": "央求着，柠檬挺起了腰。\\n为了让这边更容易活动，他关心地表现出来的动作。\\n那种无意识的妩媚，刺入了我的腰。"
    },
    {
        "name": "レモン",
        "message": "「可爱啊……再说一遍，可能我想要的吧」"
    },
    {
        "message": "他自己也为自己的欲望感到困惑的请求。\\n这让人感到可爱，一边抚摸着握住的手，我说出了被请求的话。"
    },
    {
        "name": "レモン",
        "message": "「啊……高兴啊♪」"
    },
    {
        "message": "喜悦渐渐侵蚀了柠檬的困惑。\\n已经适应了这边肉棒的肉壶，开始在深处引导着褶皱的蠢动。"
    },
    {
        "message": "判断时机成熟，我加快了抽插的速度。"
    },
    {
        "name": "レモン",
        "message": "「啊、啊，嗯嗯……啊啊，啊啊啊\\n团长先生，团长先生……啊，感觉好像会更大一点\\n虽然很淫荡，但停不下来……呼啊啊，啊啊」"
    },
    {
        "name": "レモン",
        "message": "「虽然是第一次做这种事……被强行袭击……可是……因为是你……喜欢上了你，因为是你\\n汁水也很多……嗯、嗯啊！ 咕噜咕噜，好淫荡啊」"
    },
    {
        "message": "仰望的热切目光，成为了告白的佐证。\\n与此同时，也传达了他究竟在追求什么。"
    },
    {
        "name": "レモン",
        "message": "「不行了……团长先生，请求你了\\n再来一次……拜托，可以吗？」"
    },
    {
        "message": "搅动阴道的声音，为放弃的请求添上了色彩。\\n毫不拒绝，用温柔的节奏引导着柠檬。"
    },
    {
        "name": "レモン",
        "message": "「想要亲吻……再来一次淫荡的吻……\\n在团长先生的嘴里，再来一次……嘟嘟地，想要吗？」"
    },
    {
        "message": "感动如热之块涌上阴茎。\\n无法忍受，夺走了柠檬的嘴唇，品味着黏膜和舌头。"
    },
    {
        "name": "レモン",
        "message": "「嗯啾啾，啾，噗噗噗……呀♪\\n嗯啊，哈啊，淫荡的吻……喜欢，喜欢♪\\n头脑和肚子，都变得不正常了……啾，啾皮」"
    },
    {
        "name": "レモン",
        "message": "「团长先生，让我感觉舒服……让我感觉舒服♪\\n和我一起……嗯，变得淫荡起来♪」"
    },
    {
        "message": "黏膜摩擦和溶化的恳求，刺激着下腹部的热。"
    },
    {
        "message": "既忘却了活泼也忘却了温顺，柠檬却淫荡地迎合。\\n自己引发这一切的优越感，\\n使下腹部的热膨胀，欲望燃烧。"
    },
    {
        "name": "レモン",
        "message": "「啊、啊、啊啊！ 团长先生，好激烈！\\n肚子里，擦得好猛烈！\\n啊呀、嗯啊啊！ 只有肚子可不行哦！ 噗，噗噗噗噗！」"
    },
    {
        "name": "レモン",
        "message": "「嗯嗯，嗯，啾噗噗，嗯啊啊！噗啊，嘴巴也，感觉好舒服！\\n全部，塞满满的……！\\n亲吻和团长先生一起，塞满满的最好了……！」"
    },
    {
        "name": "レモン",
        "message": "「热的，不断地蔓延着……！感觉好大好大……！我可能，就是这个……啾，啾噗噗，啊……，要到了！」"
    },
    {
        "message": "告白加速了律动。\\n协调彼此的时机，用满是汗水的手和全身充满力量。"
    },
    {
        "name": "レモン",
        "message": "「啊、啊啊、啊呜呜！不行的，明明是绝对不行的！\\n你的精子，我好想要啊！啊啊、忍不住了！\\n虽然很淫荡……啊啊、啊呜呜，我、我真的受不了了！」"
    },
    {
        "name": "レモン",
        "message": "「团长先生，要到了……！里面要到了……！\\n在我里面……啊、精子要多多地射进来啊啊啊啊啊啊啊啊！」"
    },
    {
        "name": "レモン",
        "message": "「呼呼呼……！热的，来了啊啊啊……！」"
    },
    {
        "message": "在达到巅峰的花瓣深处，冲破欲望的堤坝。\\n压迫着腰部，紧密结合，\\n直接在柠檬的子宫中挤压着。"
    },
    {
        "name": "レモン",
        "message": "「啊、啊、啊、啊啊啊……团长先生……想要吻吻」"
    },
    {
        "message": "凝视着因饮精而迷离的眼神，同时继续射精，送上亲吻。"
    },
    {
        "name": "レモン",
        "message": "「嗯啊……啾噗噗，啾啾，噗啊啊……\\n啊啊……色色的亲吻，好舒服♪\\n我……已经上瘾了♪」"
    },
    {
        "name": "レモン",
        "message": "「第一次的亲吻，听说是甜酸的味道……\\n啾啾，啾噗啊……原来，感觉不一样呢？」"
    },
    {
        "name": "レモン",
        "message": "「又甜蜜……又色色的味道♪\\n嘿嘿……再用我的舌头，咕噜咕噜地……嗯？」"
    },
    {
        "message": "突然，融化的眼神中闪烁着光芒。"
    },
    {
        "message": "映在那双眼中的，是这边的脸庞。\\n同样地，在这边的眼中，也映照着柠檬融化的表情吧。"
    },
    {
        "name": "レモン",
        "message": "「啊、啊、啊、啊、啊、啊啊啊……」"
    },
    {
        "message": "脸上泛起羞耻的朱红。\\n紧握在一起的指尖微微颤抖着。"
    },
    {
        "message": "回过神来，原来是这样。"
    },
    {
        "name": "レモン",
        "message": "「啊、啊、啊、啊、啊、我、我做了什么……！？\\n居然自己，请求那么淫荡的事……！？\\n好几次……啊啊，竟然说想要里面……我是在说什么啊！？」"
    },
    {
        "name": "レモン",
        "message": "「不行，不行不行不行不行！\\n结婚前的女孩子不能做这种事！\\n太不体面了！太放荡了！太破鞋了！」"
    },
    {
        "message": "但是，我却很高兴。\\n我立刻这样灌输过去，柠檬的脸上轻松地燃起了火花。"
    },
    {
        "name": "レモン",
        "message": "「虽然，我也……但是，婚前交往是不行的！绝对不行！\\n我真是个傻瓜！团长先生也……呜呜，傻傻的啦！」"
    }
]