[
    {
        "message": "酒香弥漫的夜晚，我自己的房间。\\n被浓红的槿花推倒在床上。\\n下半身被强行脱下，私处暴露在空气中。"
    },
    {
        "name": "クチナシ",
        "message": "「呵呵呵……这、这就是那个呀，\\n又热又硬，好厉害……\\n光是碰一下就让我兴奋难耐，真是太受不了了」"
    },
    {
        "name": "クチナシ",
        "message": "「这么硬是因为兴奋吗？\\n……呵呵，那就不客气了吧\\n团长生的那个，就拿过来吧♪」"
    },
    {
        "message": "槿花带着淫荡的微笑说。\\n扬起臀部，把坚硬的东西对准自己的核心，\\n然后缓慢地陷了下去。"
    },
    {
        "name": "クチナシ",
        "message": "「啊、嗯、啊啊啊啊啊啊――嗯……！\\n嗯、在、我的、里面……！\\n团长的……在、刺进来了……好疼……啊啊！」"
    },
    {
        "message": "槿花的性器一口气吞下了阴茎。\\n处女独有的强烈紧致袭击着下腹。"
    },
    {
        "name": "クチナシ",
        "message": "「团长的那个，太、太大了……！\\n我的里面，被撑得一团糟，被、被推广了……！\\n啊啊……咕噜……哈啊啊！」"
    },
    {
        "message": "喝醉的劲头不管怎么说，\\n初次体验骑乘位果然有点辛苦吧。"
    },
    {
        "message": "槿花端正的脸上带着痛苦的扭曲。\\n担心起来，试着开口问道。"
    },
    {
        "name": "クチナシ",
        "message": "「嗯……没关系的……我没事的……！\\n团长大人，随便你，\\n舒、舒服就好，我不介意的……！」"
    },
    {
        "message": "虽然这么说，但是现在动还是太早了吧。\\n抑制住想要搅动粘膜的冲动，默默地忍耐着。"
    },
    {
        "message": "她的表情突然变得不高兴。"
    },
    {
        "name": "クチナシ",
        "message": "「哈……团、团长大人……！\\n嘛，为什么要摆出那么困扰的表情啊ー？」"
    },
    {
        "name": "クチナシ",
        "message": "「什、什么啊ー，真是的……！\\n难道你是说我的那个地方，\\n让你不能感到舒服吗ー？」"
    },
    {
        "message": "她眼中泛着一些泪花。\\n是处女失落的疼痛，\\n还是因为无法得到积极回应而感到的悲伤呢。"
    },
    {
        "name": "クチナシ",
        "message": "「那、那也是我这么大了，\\n也没什么经验的缘故啦\\n可不是我有什么自信的意思啊ー……嘿咻！」"
    },
    {
        "name": "クチナシ",
        "message": "「但、但是嘛！　我也是个女的嘛……！\\n第一次献给你的时候，\\n希望你能高兴一点啦ー……呜呜……嘿咻……！」"
    },
    {
        "message": "是酒意的缘故，情绪和口气\\n突变，没有一贯的稳定。"
    },
    {
        "message": "虽然我是为了关心她的初体验，结果却让她伤心。"
    },
    {
        "message": "也许我应该更加主动一些。考虑到这一点，我伸手向她丰满有存在感的乳房伸去。"
    },
    {
        "name": "クチナシ",
        "message": "「啊……哈……哈……！\\n团、团长大人的手，摸在我的胸上……哈啊！\\n啊，那……感觉……好舒服……！」"
    },
    {
        "message": "在肉感的槿花身体中，特别是揉捏着富有丰满感的乳房。"
    },
    {
        "message": "当手指沉入时，弹力强烈得几乎一下子推了回来，感觉非常愉悦，沉浸其中。"
    },
    {
        "name": "クチナシ",
        "message": "「哈啊……啊，哈啊……啊啊……！\\n还、还可以更多地触摸哦……\\n按照你喜欢的方式……哈啊……！」"
    },
    {
        "name": "クチナシ",
        "message": "「啊啊……那、那个，好舒服……！\\n啊啊，呜呜，我……身体好像有点奇怪……\\n痒痒的感觉……啊啊……！」"
    },
    {
        "message": "是不是无意识的呢，槿花的腰开始扭动起来。从深处分泌出一些黏液，缠绕着我的生殖器。"
    },
    {
        "message": "爱液变成润滑油，生殖器和粘膜愈发融合。她的腰部运动摩擦着我的阴茎，带来难以言喻的快感。"
    },
    {
        "message": "感受到丰满爆乳的弹力，以及满溢爱液的处女膣的紧致，我的勃起更加膨胀。"
    },
    {
        "name": "クチナシ",
        "message": "「呀……！\\n团、团长的生命之柱，在里面又大又硬……\\n咻咻地，在我体内，摩擦着……！」"
    },
    {
        "name": "クチナシ",
        "message": "「哈……哈……哈……！\\n团长……怎么样……？\\n在我里面，感觉舒服吗……？」"
    },
    {
        "message": "槿花用湿润的瞳孔询问。我无法抵挡地点了点头，她的表情放松了，身体更向后仰。"
    },
    {
        "name": "クチナシ",
        "message": "「哈……开心……真的好开心……！\\n初体验居然是在团长的生命之柱下……！\\n而且，还能得到这么高兴的回应……啊……！」"
    },
    {
        "message": "阴道随着腰部的上下运动，时而吞没，时而吐出，粘膜紧绷地扭动。"
    },
    {
        "message": "吸啜、吸啜、吸啜……\\n随着上下运动，湿润的粘膜紧紧吸附，\\n让我的性感感受到强烈的刺激。"
    },
    {
        "name": "クチナシ",
        "message": "「哈……哈……！\\n不要客气……请更享受一下吧……\\n我会努力……让您感到更愉快的……！」"
    },
    {
        "name": "クチナシ",
        "message": "「呼……哈……请慢慢，细细品味吧……？\\n能品味到我的处女之地，\\n全世界，也只有团长您一个人……啊啊！」"
    },
    {
        "message": "媚肉和言辞挑逗着这边。\\n润湿的媚肉像生物一样缠绕在鸡巴上。"
    },
    {
        "message": "血管汇聚在肉棒上，进一步热烈膨胀。\\n椿知智察觉到后，高兴地对视着。"
    },
    {
        "message": "已经，无法忍耐了。\\n抱着她的腰，\\n冲动地从下面猛地挺了上去。"
    },
    {
        "name": "クチナシ",
        "message": "「呀啊啊，啊啊啊啊！？\\n哈啊，那、那样，突然间……激烈地……！\\n啊啊，身体，刺痛，发麻了……呀啊！」"
    },
    {
        "message": "咕噜！ 咕噜！ 咕噜！\\n坚挺的鸡巴在阴道内猛烈摩擦，深入最深处。\\n黏稠的水声在周围响彻。"
    },
    {
        "message": "上下运动时，充满存在感的爆乳颤动不已，\\n每次着地都能品味到沉甸甸的肉感身体的重压。\\n全身感受到的强烈快感，让心情更加高涨。"
    },
    {
        "name": "クチナシ",
        "message": "「哈，哈，啊啊，哈啊……啊啊，哈啊！\\n我，我已经……感、感觉，太过了……！\\n有、有点，要不住了……啊啊啊啊！」"
    },
    {
        "message": "椿知智也同样兴奋，\\n从刚才开始就一直在喘着气。"
    },
    {
        "message": "阴道粘膜扭动着，包裹住阴茎。\\n甜蜜的刺激让下腹部涌上来一阵感觉。"
    },
    {
        "message": "差不多要达到巅峰了。\\n为了冲刺到终点，\\n用更强烈的冲刺侵犯媚肉。"
    },
    {
        "name": "クチナシ",
        "message": "「呀啊啊，啊啊啊啊啊，呀啊啊啊！\\n被这样乱搅拌的话……！\\n啊啊，我，有什么，要来了……！ 来了……呜呜！」"
    },
    {
        "name": "クチナシ",
        "message": "「不行！不、不行了……！\\n团长大人的生殖器，我，要……！\\n要要要……要来了……哈啊啊啊啊啊！！」"
    },
    {
        "message": "随着尖叫，阴道瞬间收紧。\\n对这边来说，那也是极限了。\\n热辣辣的刺痛来临的瞬间，喷出大量浑浊的液体。"
    },
    {
        "name": "クチナシ",
        "message": "「呀啊啊啊啊啊啊啊！！\\n啊，啊啊……里面，滴滴答答的……\\n什么……好多被射进来了……呢……！」"
    },
    {
        "message": "受到射精，嘴里喃喃自语。\\n表情仿佛陶醉在愉悦中。"
    },
    {
        "message": "不知何时，眼角的红晕已经褪去。\\n在交合的过程中，也许随着汗水一起\\n醉意已经消退了。"
    },
    {
        "name": "クチナシ",
        "message": "「哈啊……啊啊……哈啊……\\n大、团长、大人……？\\n啊、哇哇哇，我，那个……！」"
    },
    {
        "message": "是因为醉意消退突然冷静下来，\\n变得慌张的样子。"
    },
    {
        "message": "迅速理解情况后，表情变得激动。"
    },
    {
        "name": "クチナシ",
        "message": "「那，那个……\n团长大人，您第一次给了我……\n真是高兴……一直都想被您这样对待呢……？」"
    },
    {
        "name": "クチナシ",
        "message": "「……团长大人感觉如何呢？\n用我的身体，那个……\n感到舒服吗？」"
    },
    {
        "message": "说得很好，她微笑着松了口气。"
    },
    {
        "name": "クチナシ",
        "message": "「……好，好的……\n真的太好了\n那，那个……辛苦您了……」"
    },
    {
        "message": "脸颊泛红的槲寅非常可爱，\n再一次，这次是淡然的状态，想要拥抱她。\n下半身再次充血复活。"
    },
    {
        "name": "クチナシ",
        "message": "「啊……里面，又变大了……\n难道，又想要了吗？」"
    },
    {
        "message": "她点头表示是的，露出愉悦的微笑。\n扭动着腰部，再次刺激着涨大的那个东西。"
    }
]