[
    {
        "name": "アンゲロニア",
        "message": "「嗯嗯……想要看安酱更可爱的地方，是吧……\\n呵呵～♪\\n虽然知道安酱让你神魂颠倒，但是有点太贪心了哦～♪」"
    },
    {
        "message": "在工作结束的夜晚，我向安琪洛尼亚提出了这样的请求。\\n当然，是用圆滑的措辞表达的。"
    },
    {
        "name": "アンゲロニア",
        "message": "「喂，团长！\\n你又在脑中用全名呼唤我了吧！？\\n这是禁止的，绝对不行！\\n下次再这样叫，我可就辞去花骑士的工作了哦！？」"
    },
    {
        "message": "从得意洋洋的表情转变为愤怒。\\n以后要小心点。我低下头，道歉了。\\n到底她有多讨厌呢。"
    },
    {
        "name": "アンゲロニア",
        "message": "「好吧，我答应了！\\n……那么？具体来说，想要看哪里？」"
    },
    {
        "name": "アンゲロニア",
        "message": "「安酱从头到脚都是可爱的极致，\\n从脚尖到头顶都充满了可爱，\\n所以，想要知道到底想看哪里的可爱，\\n你得好好告诉我哦」"
    },
    {
        "message": "对于毫不怀疑的真心提问，\\n我不禁笑了起来。\\n再次确认到她强烈的自恋程度，我也感到高兴。\\n费劲地保持冷静，回答了问题。"
    },
    {
        "name": "アンゲロニア",
        "message": "「想看我们做的时候，变得性感可爱的样子？\\n哈～，原来如此～……团长，难道上次尝到了甜头吗～」"
    },
    {
        "name": "アンゲロニア",
        "message": "「嘛，原谅你是因为安酱决定的，没办法\\n好吧？ 我给你看♪\\n但是看了那个，\\n团长可能会因为太可爱而昏厥，你还行吗～？」"
    },
    {
        "message": "务必让我看看。\\n当然前提是她能忍受住羞耻心。"
    },
    {
        "name": "アンゲロニア",
        "message": "「呼，嗯……弄得这么紧绷……\\n团长啊……别期待太多了啊……嗯，嗯啊♪」"
    },
    {
        "message": "在互相交融并轻声低语了更多请求之后，\\n将小天使安置在腹部，让她含住龟头。"
    },
    {
        "name": "アンゲロニア",
        "message": "「自己展开来……告诉我发生了什么……\\n呼，呼呼……太任性了♪\\n嗯，嗯，嗯啊……」"
    },
    {
        "name": "アンゲロニア",
        "message": "「不过，我会回答你的哦……♪\\n因为不能错过任何问题，是吧……？」"
    },
    {
        "message": "感谢并回应了感激之词，然后继续晃动腰部。\\n在湿漉漉的肉壶中，\\n慢慢品味着没有插入到底的感觉。"
    },
    {
        "name": "アンゲロニア",
        "message": "「呼……嗯啊……已经湿透了，咕噜咕噜的好刺激……\\n我的淫荡地方……被你那粗的，撑开了……\\n啊，啊啊，好淫荡啊……太淫荡了♪」"
    },
    {
        "name": "アンゲロニア",
        "message": "「淫液被挤出来，溢满了……\\n弄湿的手指，也湿了……嗯啊，嗯啊啊……\\n里面的肉，晶莹剔透的……啊啊，心跳加速不停的……♪」"
    },
    {
        "message": "在热烈的解说中，一股淫欲感蔓延开来。\\n欲望也变得热烈沸腾，肉棒不由自主地蹦跳。\\n但与此同时，也涌上心头的是一丝不安。"
    },
    {
        "name": "アンゲロニア",
        "message": "「呼啊啊……嗯呢，嗯啊……你的，越来越热，变得更大了……\n安酱的里面，翘起来，连龟头都露出来了呢……？\n虽然有点恶心，但总觉得很可爱……♪\n安酱也在颤抖着呢……♪」"
    },
    {
        "message": "解释毫不犹豫，没有任何羞耻，\n这极其直接的刺激直戳内心的激情。\n身体和头脑都在天花板上翻滚，迅速凝固成一团热量。"
    },
    {
        "message": "这样下去，光是报告和微小的摩擦就会达到高潮。\n这种危机感在脑海中一闪而过，不知不觉间腰部停止了运动。"
    },
    {
        "name": "アンゲロニア",
        "message": "「啊……哎……？ 怎么了呀……？\n难道……要，要射了吗？」"
    },
    {
        "message": "面对她仍然从容不迫的样子，试图强装镇定地否认。\n但同时，对这不是预料中情况的后悔涌上心头。"
    },
    {
        "name": "アンゲロニア",
        "message": "「真的吗……？ 呼，呼得好重哦？\n哈啊，哈啊的……像小狗一样……\n虽然碰到脖子上，有点痒痒的……\n真的，没事吧？」"
    },
    {
        "name": "アンゲロニア",
        "message": "「说实话嘛……坦白告诉我～\n是不是想要射精咻咻，了呢？」"
    },
    {
        "message": "没有回答，调整呼吸，心中再次充满后悔。"
    },
    {
        "message": "这绝不是预料中的情况。"
    },
    {
        "name": "アンゲロニア",
        "message": "「嘛……也行，随你吧，没关系\n想要休息的话，就休息吧？\n安酱，安酱自己……玩得很开心嘛♪」"
    },
    {
        "message": "紧接着，腹部上的天使有了动作。\n抬起上半身，双腿更加张开，\n专注地观察着连接部分。"
    },
    {
        "name": "アンゲロニア",
        "message": "「啊……色色的地方啊，安酱果然太可爱了～♪\n光是看着就头发发热，变得更加色色的心情哦♪\n把这样的地方放进去，你果然是个幸福的家伙哦～♪\n我不是男的真是让人感到懊恼啊～♪」"
    },
    {
        "message": "一如往常的自恋之辞中\n仅有的是比平时更加自鸣得意。\n完全没有我本来期待的羞耻心。"
    },
    {
        "message": "是的，本来就是这个目的。\n想要让她混乱，让她感到羞耻。\n想要看到那种意义上的可爱之态。\n但是现状却是这样。我太过乐观了。"
    },
    {
        "message": "这样懊悔着的时候，突然感到一阵愉悦。\n我立即明白发生了什么。"
    },
    {
        "name": "アンゲロニア",
        "message": "「嗯，嗯嗯，嗯嗯……用力的话……嗯，啊啊，这也太可爱了～♪\n你的粗大，努力地插进来……嗯，啊，这些淫荡的汁液渗了出来……嗯，啊，安～」"
    },
    {
        "name": "アンゲロニア",
        "message": "「啊，不行了……团长，动一下吧……♪\n动了的话，就更加可爱了哦……\n我的色色的地方哦……给我，再多看看吧……\n动一下吧……看嘛……动一下吧♪」"
    },
    {
        "message": "居然被催促了。\n本来的目的不得不放弃，\n按照命令移动着天使的身体。"
    },
    {
        "name": "アンゲロニア",
        "message": "「啊啊……嗯啊、哈啊……啊啊、啊啊啊♪\n好厉害……嗯，好厉害哦……\n果然，又……更多……嗯，嗯啊♪ 变得更可爱了」"
    },
    {
        "message": "发出淫荡的声音，被推进和拉出的蜜壶前，\n天使只是沉浸在愉悦中，发出娇声。"
    },
    {
        "message": "这边的身体和本能也在陶醉其中。\n那些狡猾的目的很快就消散了，\n现在只有感受到的快感和兴奋更加突出。"
    },
    {
        "name": "アンゲロニア",
        "message": "「啊啊，嗯嗯啊！ 对，就是这样！\n如果感觉好的话……嗯，感觉好就好了！」"
    },
    {
        "name": "アンゲロニア",
        "message": "「不需要休息的啦……！\n啊啊，嗯啊！ 来吧，团长！\n和我一起，品尝我的可爱而淫荡的地方吧♪」"
    },
    {
        "message": "面对溶化的目光，除了点头以外别无选择。\n不由自主地加大了抽插的力度。"
    },
    {
        "name": "アンゲロニア",
        "message": "「呼啊啊，啊啊啊，啊嗯，啊啊啊！\n滋滋地，来了……嗯，啊啊！ 全部，都在磨擦！\n感觉好，全部都来了！ 可爱，安酱太可爱了啊！」"
    },
    {
        "name": "アンゲロニア",
        "message": "「这么淫荡、可爱的天使啊……嗯，哪里都找不到的啊！\n美味、美味地，你的粗大让她愉悦不已！」"
    },
    {
        "message": "用目光看自己的可爱，通过刺激确认，\n用言语再次确认的激动的天使。\n阴道微痉挛，\n引起肉棒即将爆发的抽插，引诱着更深的进入。"
    },
    {
        "name": "アンゲロニア",
        "message": "「嗯啊啊啊！啊啊，来了！来了！\n安酱，真是太可爱了啊！啊啊，啊啊啊啊！\n团长，感受一下……看着我！\n安酱，好可爱啊！更、更……更加，可爱了啊！」"
    },
    {
        "name": "アンゲロニア",
        "message": "「哈啊，啊啊，啊啊啊！要来了，要来了，要来了！\n我，太可爱了啊……啊，不行了啊啊啊啊啊啊啊……！」"
    },
    {
        "name": "アンゲロニア",
        "message": "「哈啊啊啊，啊啊啊啊啊啊啊……！」"
    },
    {
        "message": "巅峰同时袭来。\n蜜壶紧紧挤压着肉棒，吞噬着喷涌而出的精液。"
    },
    {
        "message": "在那压榨中，我无能为力。\n只能让肉棒脉动不已。"
    },
    {
        "name": "アンゲロニア",
        "message": "「哈啊……哈啊……嗯啊，嗯啊啊啊♪\n太厉害了啊……太可爱了啊……」"
    },
    {
        "message": "然而，她却毫不停歇。\n在余韵和疲惫中，沉醉地传达着声音，\n揭示了连接部位的情况。"
    },
    {
        "name": "アンゲロニア",
        "message": "「精液，装不下了……溢出来了哦\n白色的……黏糊糊的……收缩着哦……\n啊……淫荡，太可爱了啊……♪」"
    },
    {
        "name": "アンゲロニア",
        "message": "「安酱……可能是迄今为止，最可爱的一次呢……\n看到这样的……要是不射的话，就停不下来了呢……♪」"
    },
    {
        "message": "那种反应，让射精后的敏感更加折磨。\\n说实话，有点辛苦。\\n但是，无法逃避。"
    },
    {
        "message": "湿润的瞳孔，以流连的目光看着这里。\\n陶醉而喜悦，比这更幸福的事情，\\n自得地溢满，慢慢地被传达了出来。"
    },
    {
        "name": "アンゲロニア",
        "message": "「因为你……感觉真好啊……变得好可爱了\\n谢谢，团长……嘿嘿，好喜欢你～♪」"
    },
    {
        "message": "不客气。\\n在失败感和喜悦之间，\\n只能这样回应了。"
    }
]