[
    {
        "message": "结束了今天的工作后，我立刻走向浴室。\\n正当我准备洗去一天的疲劳时。"
    },
    {
        "name": "ペポ",
        "message": "「那个，团长先生？你听得见吗？\\n非常抱歉，打扰您洗澡了」"
    },
    {
        "message": "佩波在门后面喊道。虽然我问她有什么急事，但似乎并没有什么特别的事情。"
    },
    {
        "name": "ペポ",
        "message": "「嗯，请让我给您洗背吧\\n团长先生一直以来都照顾着我\\n如果能稍微回报一下就好开心了」"
    },
    {
        "message": "虽然她的提议让我很高兴，但一起进浴室还是不太合适。正在思考该怎么办时，背后传来了门开的声音。我急忙转过身，不想看到佩波的样子。"
    },
    {
        "name": "ペポ",
        "message": "「嘿嘿，团长先生，请看这边过来\\n没关系的」"
    },
    {
        "message": "佩波可爱的声音在浴室里回荡。听她说没关系，我紧张地转过身去。在那里，是穿着泳装的佩波。"
    },
    {
        "name": "ペポ",
        "message": "「嘿～，这样就没问题了吧？\\n嘿嘿，那么，请让佩波给您洗背吧！\\n唰……嘿嘿」"
    },
    {
        "message": "佩波自豪地展示着泳装身姿，给我洗背。然而，虽然佩波说没关系，但我并不放心。兴奋渐增，下半身开始有异样发生。而佩波洗完背后立刻察觉到了这种异样。"
    },
    {
        "name": "ペポ",
        "message": "「团长……？啊……那个……\n没、没关系的！这里也由佩波来打扫干净」"
    },
    {
        "name": "ペポ",
        "message": "「嗯嗯，那么，团长的小弟弟……嗯\n佩波会……好好地打扫干净的……嗯！」"
    },
    {
        "message": "佩波转过身，慢慢蹲下。\n当坚硬勃起的阴茎顶在她湿润的地方时，\n快感从腰部扩散开来。"
    },
    {
        "message": "从这边可以清楚地看到龟头完全插入阴道。\n看着淫荡的景象，身体颤抖着享受插入的快感。\n同样，佩波的身体也因为插入的刺激而颤抖。"
    },
    {
        "name": "ペポ",
        "message": "「啊呜，团长的，好硬……！\n我的里面被撑得好大……嗯嗯……！\n怎、怎么样？小弟弟，有没有进去呢？」"
    },
    {
        "message": "回答佩波的问题。\n无法将目光从这么淫荡的景象中移开。\n只有自己能看到她的淫态，这种愉悦让身体发热，头晕目眩。"
    },
    {
        "name": "ペポ",
        "message": "「当然了……这种事情只能交给团长……嗯\n一直以来都是团长照顾我……啊啊！\n嗯……虽然很害羞……但是我会给你看的……啊呜……！」"
    },
    {
        "message": "阴茎完全被吞没。\n被温暖包裹的感觉已经很舒服了。\n但是，更强烈的快感不断积蓄。"
    },
    {
        "message": "或许察觉到了我的欲望，佩波微微笑了笑。"
    },
    {
        "name": "ペポ",
        "message": "「嘿嘿，嗯，那么我就开始了哦？\n团长不要动……请躺下来\n嗯……我会……让团长感到舒服的……嗯！」"
    },
    {
        "message": "说着，佩波面前的白色小屁股开始上下晃动。\n同时感受到勃起的表面摩擦带来的刺痛感。\n从腰部深处涌上来的快感逐渐增强。"
    },
    {
        "name": "ペポ",
        "message": "「啊呜呜，嗯，嗯……啊啊呜……嗯……！\n团长……怎么样？佩波，做得……啊啊！\n做得好吗？舒服吗……？」"
    },
    {
        "name": "ペポ",
        "message": "「嗯，啊……嘿嘿，团长的小弟弟，\n现在……在我的里面跳动着……\n啊呜，嗯呜……好舒服呢……\n真开心呢……嗯，嗯呜呜……！」"
    },
    {
        "name": "ペポ",
        "message": "「这样下去……团长\n我会让你感到很舒服的哦？\n团长就保持这个姿势……躺着吧」"
    },
    {
        "message": "看到我这边正在感受的样子，\n佩波开心地微笑着，拼命地摇动着小屁股。"
    },
    {
        "message": "随着她的腰部运动，阴茎在阴道中进出。\n每当龟头触碰到阴道深处时，阴道紧缩起来。\n每一次，她可爱的秘穴都会抽搐起来。"
    },
    {
        "message": "忍不住，轻轻地将手伸向臀部。"
    },
    {
        "name": "ペポ",
        "message": "「嗯呜……嗯呜呜……咿呀！？团、团长？\n那个，啊啊呜呜……那、那里不能碰……啊呜！\n那里是不可以的……不能碰的哦……！」"
    },
    {
        "message": "用指尖揉搓着秘穴周围。\n突如而来的刺激，佩波下意识地停止了腰的动作。\n她转过头来，脸红得像火一样，\n眼眶似乎因为羞耻而湿润了。"
    },
    {
        "name": "ペポ",
        "message": "「啊，嗯呜……团长，别碰那里……啊！\n不、不可以……呜呜……不可以……！！」"
    },
    {
        "message": "用一只手按住不停晃动的小屁股，慢慢地玩弄着秘穴。\n佩波因为羞耻而身体更加发烫。\n然后告诉她可以动起腰来。"
    },
    {
        "name": "ペポ",
        "message": "「诶……屁、屁股的洞……还要继续弄吗？\n呜呜……这有点……太害羞了吧……」"
    },
    {
        "message": "虽然这样说着，但在再次请求之后，佩波稍微犹豫了一下，\n然后慢慢地重新开始了腰的动作。\n她的括约肌似乎比刚才更加紧实，\n阴道内对着阳具的挤压力也增强了。"
    },
    {
        "name": "ペポ",
        "message": "「呜呜，呜呜呜……嗯嗯呜……！！ 呜呜呜……！\n这、这……啊啊，好厉害……呜呜……好舒服……！！」"
    },
    {
        "name": "ペポ",
        "message": "「当屁股的洞被玩弄时……啊啊，嗯嗯……！\n力量，啊啊，进来了……团长的小弟弟……嗯！\n好多，啊啊……用力地，嗯，挤压着……啊啊！」"
    },
    {
        "message": "更加强烈的紧缩带来了更多快感。\n我也咬紧牙关忍受着那股快感。"
    },
    {
        "name": "ペポ",
        "message": "「嗯，团长……不要忍耐……\n我不想看到团长痛苦的表情……！\n可以玩弄佩波的屁股，嗯，可以的话……\n请不要忍耐，享受快感吧……！」"
    },
    {
        "name": "ペポ",
        "message": "「好多好多……嗯，佩波会好好侍奉您的……！\n用佩波的小穴……给您带来快感……！\n请把白色的东西都放进佩波里面吧……！」"
    },
    {
        "message": "佩波的腰动作越来越快。\n阴道里不停地扭动，更加刺激着阳具。\n那样的动作仿佛在挤取精液一样。"
    },
    {
        "name": "ペポ",
        "message": "「啊呜，呜……对了，请不要忍耐，\n让我看到团长您快乐的表情……！\n佩波非常喜欢团长您快乐的表情……啊呜！」"
    },
    {
        "message": "在佩波的诱惑下，欲望涌向了高潮。\n触摸着秘穴的手指深入其中。\n感受到指尖被紧紧包裹。"
    },
    {
        "name": "ペポ",
        "message": "「呼啊，啊呜呜……！！！」"
    },
    {
        "message": "就像夹紧屁股的手指一样，\n插入阴道的阳具被强烈地压迫着。"
    },
    {
        "name": "ペポ",
        "message": "「啊啊，团长……佩波已经到极限了……！\n被团长插着屁股的小穴……要射了……！」"
    },
    {
        "name": "ペポ",
        "message": "「用团长的阳具……啊啊，要射了！\n啊啊，要射了……团长，佩波要射了……！！！」"
    },
    {
        "name": "ペポ",
        "message": "「啊啊，嗯嗯……啊啊……！！！！！」"
    },
    {
        "name": "ペポ",
        "message": "「嗯嗯……啊啊……哈啊，哈啊……\n佩波……啊啊，已经……高潮了……！\n啊啊……！」"
    },
    {
        "message": "深深地降下腰部，阴道紧紧地吞噬着阴茎。\n咚咚地，大量的精液喷射进了阴道深处。\n这个情景从这边看得一清二楚。"
    },
    {
        "message": "阴道和秘穴紧紧地收缩着，不断地收放。\n两个洞口跳动着，这是前所未有的淫荡景象。\n想到这下半身属于佩波，实在是太背离道德了。"
    },
    {
        "name": "ペポ",
        "message": "「啊啊……被团长看到了……\n佩波最淫荡的地方……」"
    },
    {
        "message": "佩波瘫倒在地，\n但她的表情变得恍惚起来。\n从某种程度上看，她的表情也显得满足。"
    },
    {
        "name": "ペポ",
        "message": "「嘿嘿……是的，虽然很害羞，但我很满足\n因为……团长你感受到了很多快乐」"
    },
    {
        "name": "ペポ",
        "message": "「那个……其实，从一开始，\n我就想要这样治愈团长了」"
    },
    {
        "message": "佩波的告白让我心中充满了满足感。"
    },
    {
        "message": "之后，重新洗了身体，\n我和佩波一起慢慢地泡在了温泉里。"
    }
]