[
    {
        "message": "用手指按住太阳穴，思绪回旋。\\n那么，该怎么办呢。"
    },
    {
        "name": "サンタンカ",
        "message": "「大、团长……\\n我，没事，哦？」"
    },
    {
        "message": "眼前是三坦卡。"
    },
    {
        "message": "她的脸颊涂抹着红晕，目光充满忧郁。\\n传达出的声音热烈而火热，让人感受到她的热情。"
    },
    {
        "name": "サンタンカ",
        "message": "「这样就好，嘻嘻……没事的，\\n不会再像上次那样了……嗯、嗯嗯」"
    },
    {
        "message": "随着喘息声，传来淫秽的水声。\\n源头在她的双腿之间，引导出水声的是她自己的手指。"
    },
    {
        "message": "我认为是这样，但又犹豫了。\\n考虑到三坦卡的性格，她是否会再次闯出什么麻烦呢。"
    },
    {
        "message": "于是，我牵着她的手，引导她走向床。"
    },
    {
        "name": "サンタンカ",
        "message": "「嘿嘿，嘿嘿嘿～，今晚就是复仇的夜晚♪\\n我会，满心满意地侍奉你的哦～」"
    },
    {
        "name": "サンタンカ",
        "message": "「喂，等、等一下……啊，啊咕噜噜噜噜噜！？」"
    },
    {
        "message": "肉棒被挤压，眼前的身体发出困惑的喘息声。"
    },
    {
        "name": "サンタンカ",
        "message": "「唔，团长，等一下，不行，进来了，不要……」"
    },
    {
        "name": "サンタンカ",
        "message": "「啊，啊啊啊……！\\n哈，嘴里嘟嘟，插进去了，啊呜，嗯嗯嗯～！」"
    },
    {
        "message": "每次拓宽泥潭，木叶草都会摇头敲打床。"
    },
    {
        "message": "毫不在乎地慢慢推进肉棒。\\n准备好的阴道早已变成蜜壶的模样，\\n欢愉地吞噬而无痛苦。"
    },
    {
        "name": "サンタンカ",
        "message": "「哈，哈，哈……为什么呢？\\n团长，为什么……要穿着这样的打扮？」"
    },
    {
        "message": "身体浸没在肉褶的颤动中，\\n木叶草只是将目光投向了那里。"
    },
    {
        "message": "湿润的眼中浮现出令人愤怒的东西。\\n双拳也握紧了愤怒，颤抖着。"
    },
    {
        "name": "サンタンカ",
        "message": "「复仇，说过了吧？\\n上次失败了，这次要从一开始，\\n把小弟弟，弄得很舒服……啊」"
    },
    {
        "name": "サンタンカ",
        "message": "「为了这个一直在准备，\\n像书上写的那样自己玩弄，噗噗地弄……\\n唔，可是，可是～」"
    },
    {
        "message": "愤怒地敲打床。\\n刚才也是这样，但感情和力量并没有匹配。"
    },
    {
        "message": "没想到会这样，轻轻晃动腰部。"
    },
    {
        "name": "サンタンカ",
        "message": "「嗯嗯，嗯嗯，啊，啊，不，慢一点……！\\n嘿，感觉真好，被哄骗了……嗯嗯，不要啊！」"
    },
    {
        "message": "在呻吟声中感受到她的快感。\\n确认润滑液的量，加大了摩擦。"
    },
    {
        "name": "サンタンカ",
        "message": "「哈，哈，嗯，停下来，拜托了\\n我，这样下去，什么都，嗯嗯，做不了，啊」"
    },
    {
        "message": "在高潮即将到来的敏感状态下，不由得问了一句。\\n究竟自慰了多久。"
    },
    {
        "name": "サンタンカ",
        "message": "「呼，呼……出击结束，一直到刚才，一直，\\n不知道要多久，团长，才会满足」"
    },
    {
        "name": "サンタンカ",
        "message": "「中途开始，感觉没了，但……\\n大概……五个小时左右，吧\\n然后，就觉得，应该，没事了吧……」"
    },
    {
        "message": "脑袋里除了快感，还有其他疼痛。是头痛。"
    },
    {
        "name": "サンタンカ",
        "message": "「哈啊，啊啊啊，团长，怎，么了？\\n我，又失败，嗯嗯嗯，了吗？」"
    },
    {
        "message": "……做得太过分了。\\n话到嘴边，但在喉咙里咽了下去。"
    },
    {
        "message": "虽然担心，但她早就已经为了这个在拼命了。\\n而且，还是为了这边的事。\\n能说的话也没几句。"
    },
    {
        "name": "サンタンカ",
        "message": "「呼啊，嗯嗯，哈啊，团长……\\n那，那里，屁股，嗯，嗯嗯」"
    },
    {
        "message": "如同宠爱受折磨的身体，掌心在臀部游走。"
    },
    {
        "name": "サンタンカ",
        "message": "「啊啊，啊啊啊，被摸着屁股……\\n啊啊，感觉，好……\\n这，嗯啊，会变得，怪怪的……！」"
    },
    {
        "name": "サンタンカ",
        "message": "「但是，嗯嗯嗯，但是，但是呀……！\\n团长，感觉，舒服吗？\\n好好地，感觉舒服了吗？」"
    },
    {
        "message": "面对那沉溺的不安的问题，我回应着用深沉的律动代替。"
    },
    {
        "name": "サンタンカ",
        "message": "「啊啊，啊啊啊，团，太重了！\\n嗯啊，肚子，咚咚，过来，嗯嗯，嗯啊啊！\\n舒服，舒服，但是啊！」"
    },
    {
        "name": "サンタンカ",
        "message": "「我也想要，让我来！\\n这样下去，不行，不行，嗯啊，啊啊啊！」"
    },
    {
        "message": "倾身到喘息的サンタンカ身上。\\n嘴唇贴近涌红的耳朵，倾注言语。"
    },
    {
        "name": "サンタンカ",
        "message": "「呼啊，想交给我，嗯啊\\n这是，我的，台词……！」"
    },
    {
        "message": "一开始是为了不让サンタンカ吃力才选择这个姿势。\\n但是，现在不同了。"
    },
    {
        "message": "为了她过于为我努力的那一面，\\n我想让她感到愉快。\\n毫不掩饰地传达，让干燥的声音激烈起伏。"
    },
    {
        "name": "サンタンカ",
        "message": "「啊啊啊，那样，太过分了，太过分了～！\\nJJ，变得很大，说出那样的话……！\\n呼啊，不想，说不出口……哈，啊啊，啊啊！」"
    },
    {
        "message": "接住欢快的呻吟声，指尖在屁股上游动。\\n然而，与律动的强烈相反，轻柔而温和。"
    },
    {
        "name": "サンタンカ",
        "message": "「啊，啊啊啊，这，嗯嗯，太狡猾了……！\\n完全不同，真是狡猾，唔唔唔，哈啊，啊啊！\\n和刚才，完全，不一样哦！」"
    },
    {
        "name": "サンタンカ",
        "message": "「哪个，唔唔，哪个啊！\\n这种的，搞不清楚，我，啊啊，我，啊啊，嗯嗯，嗯嗯嗯！」"
    },
    {
        "message": "圣坦卡忍着的上半身压在床上。\\n一同迫上去的下半身，\\n仿佛要深深拥抱那肉棒一般。"
    },
    {
        "message": "在这淫荡的姿势下，全身猛烈燃烧起来。"
    },
    {
        "name": "サンタンカ",
        "message": "「嗯，嗯嗯嗯！？好厉害……！\\n呼，嗯嗯嗯，好舒服，停不下来！\\n团长，团长……再，再多一点，要！」"
    },
    {
        "message": "陷入绝境的圣坦卡，用可怜的撒娇声求情。\\n像乞求一般扭动着臀部的淫态，\\n射精的欲望逐渐高涨。"
    },
    {
        "name": "サンタンカ",
        "message": "「哈，嗯嗯嗯，我，不行了啊！\\n就这样，被团长，舒服地，对待，想要啊！」"
    },
    {
        "name": "サンタンカ",
        "message": "「被团长这样对待，也好，啊！\\n咕噜咕噜，肚子，搅拌得欢快……！\\n啊啊，给我，嗯啊，团长啊，团长啊！」"
    },
    {
        "message": "呼唤了却无回应。或许是看不见。\\n只突起的臀部，预示着即将到来的波澜。"
    },
    {
        "name": "サンタンカ",
        "message": "「啊，来了……哎，团长，想被搞翻了！\\n再用精液，嗯嗯，肚子，满满的，满满的……！」"
    },
    {
        "name": "サンタンカ",
        "message": "「啊啊，团长，快点，快点快点快点……！\\n我，要，要射了！\\n用精液，让我，嗯，不想单独一个人！」"
    },
    {
        "message": "圣坦卡用淫秽的言语寻求射精。\\n欲望如此迸发，颤抖的肉棒顶入阴道深处。"
    },
    {
        "name": "サンタンカ",
        "message": "「嗯嗯嗯，嗯嗯，给我，给我……！\\n再一次，精液，团长的，精液……！\\n肚子，满满的，啊，嗯嗯！」"
    },
    {
        "name": "サンタンカ",
        "message": "「咕噜，嗯嗯！来了，来了……！\\n快点，放出来，放出来放出来……！」"
    },
    {
        "name": "サンタンカ",
        "message": "「团长，精液，啊啊，流出来啊啊啊啊啊啊啊！」"
    },
    {
        "name": "サンタンカ",
        "message": "「嗯嗯嗯，嗯嗯嗯嗯～～～～～～～～～！」"
    },
    {
        "message": "配合时机，深入并将欲望猛击到深处。"
    },
    {
        "message": "承受住的圣坦卡身体发出甜蜜的痉挛。\\n发出呜咽般的喘息声，紧紧夹住射精中的肉棒。"
    },
    {
        "name": "サンタンカ",
        "message": "「啊，精液，碰到了，嗯嗯！\\n阴茎……弹跳着，噗！」"
    },
    {
        "name": "サンタンカ",
        "message": "「啊，还在流出……真厉害，团长\\n肚子，黏黏的，嗯，好重……\\n啊，危险啊……好高兴啊♪」"
    },
    {
        "message": "圣坦卡高兴地颤抖着皮肤。\\n看着她如此可爱的模样，\\n再次抚摸起颤动的臀肉。"
    },
    {
        "name": "サンタンカ",
        "message": "「嗬！？」"
    },
    {
        "message": "紧接着，发出高亢的尖叫声。\\n立刻转过头，微微瞪视过来。"
    },
    {
        "name": "サンタンカ",
        "message": "「真是的～……突然就停下来嘛\\n我还……嗯，感觉很舒服呢\\n如果现在……」"
    },
    {
        "name": "サンタンカ",
        "message": "「那个……如果再做一次，我会再想要的哦\\n如果团长想要的话，随时可以的……」"
    },
    {
        "message": "将羞耻和期待混合在快感的余火中，向团长诉说。\\n确实，这样下去是不行的。"
    },
    {
        "name": "サンタンカ",
        "message": "「太过分了……是因为这样吗？」"
    },
    {
        "message": "自慰已经五个小时，此刻正在巅峰，甚至已喘不过气来。\\n不能让她再进行更多的行为了。\\n作为团长，我可以下令停止。"
    },
    {
        "name": "サンタンカ",
        "message": "「……知道了，那就是下一步了」"
    },
    {
        "message": "在那认真的目光下，一瞬间感到了压力。\\n瞳孔深处浮现出一股决意的东西。"
    },
    {
        "name": "サンタンカ",
        "message": "「这次的经验，我会用来服务团长的！\\n把你弄得黏黏的！」"
    },
    {
        "name": "サンタンカ",
        "message": "「不要停，直到团长说停！\\n从一开始到最后都是我的服务！\\n这次绝对不能有任何干扰！」"
    },
    {
        "message": "面对她的决心，头又一次疼了起来。\\n担心她接下来会做什么过火的事情。"
    },
    {
        "name": "サンタンカ",
        "message": "「在那之前……嗯，我会努力的！\\n被上帝眷顾的我的服务！\\n请好好接受吧！」"
    }
]