[
    {
        "name": "オオバコ",
        "message": "「打扰了～♪」"
    },
    {
        "message": "已经很晚了，精神焕发地进来的是大叶子。"
    },
    {
        "name": "オオバコ",
        "message": "「团长，最近不累吗？嗯，你看起来很累的样子。我看到了，你一直在叹气呢。」"
    },
    {
        "message": "大叶子一步步逼近。就像是高兴地迎接主人回家的狗一样。"
    },
    {
        "name": "オオバコ",
        "message": "「在这种时候，最好做些什么呢，我知道哦～」"
    },
    {
        "message": "身体被紧密贴合着。给人一种幼稚的印象，但能感受到女性的体温。"
    },
    {
        "name": "オオバコ",
        "message": "「只要爽快解决就好了嘛？我就像把脸埋进小鸟的胸部里，然后大喊「可恶！」那样」"
    },
    {
        "name": "オオバコ",
        "message": "「团长，来和我做些舒服的事情吧。据说坐享其成也是男人的生活方式，我在哪里听说过呢」"
    },
    {
        "message": "被强行带到床上。看来，我在这方面没有拒绝的权利。"
    },
    {
        "name": "オオバコ",
        "message": "「嘻嘻嘻，看起来你有了动力♪\n虽然只是站在起跑线上」"
    },
    {
        "message": "只是轻轻爱抚了一下，她就说没关系了。\n虽然有点害羞，但她并没有遮掩乳房和私处。"
    },
    {
        "name": "オオバコ",
        "message": "「来吧，团长……把我的第一次给我吧」"
    },
    {
        "message": "把勃起的阴茎对准入口。\n慢慢地张开阴唇，侵入其中。"
    },
    {
        "name": "オオバコ",
        "message": "「嗯嗯……来了……」"
    },
    {
        "message": "表情稍微扭曲了一下。\n正如可以想象的那样，里面很狭窄。"
    },
    {
        "name": "オオバコ",
        "message": "「不用担心，一点也不痛……\n团长应该知道，有些女人即使是第一次也不会痛的吧？」"
    },
    {
        "name": "オオバコ",
        "message": "「毕竟是我提出来的嘛\n团长只需要心情愉快就好了」"
    },
    {
        "message": "看起来并不像没有疼痛。\n但无论怎么问，她都不会说疼。\n大叶子就是这样的性格。\n她是那种愿意承受艰苦努力的坚强人。"
    },
    {
        "name": "オオバコ",
        "message": "「让我们感受快乐吧♪\n既然已经连在一起了，无论你说什么借口都是徒劳的」"
    },
    {
        "message": "在大叶子的引导下，开始进行抽插。"
    },
    {
        "name": "オオバコ",
        "message": "「啊……嗯，啊，呜呜……嗯，嗯嗯……\n果然，团长的身体好大呢\n虽然知道男女体重差别很大，\n但总觉得你用力进攻的感觉好强烈……」"
    },
    {
        "message": "大叶子的身体非常娇小。\n也许正因为体重差异，她能更加明显地感受到重量。"
    },
    {
        "name": "オオバコ",
        "message": "「呼，嗯嗯……啊，嗯咕……唔、呜呜……\n再深入一点……顶住来吧……\n我里面已经很湿了……应该没问题的吧……唔、嗯、呼呼」"
    },
    {
        "message": "因为不想激烈地进行，我随便编了个谎言，触摸了她的乳房。"
    },
    {
        "name": "オオバコ",
        "message": "「诶、啊……胸部……呜呜、嗯嗯……\n就算是这样，也想触摸到半吊子的胸部……」"
    },
    {
        "message": "虽然她自称是半吊子，但已经有足够的丰满度了。\n与纤细的女性相比，看起来就像是巨乳一样。"
    },
    {
        "message": "但对她来说，这成为了她的烦恼。\n可能是因为身高早早停止增长，\n以及身边有着丰满的其他女性的缘故吧。"
    },
    {
        "name": "オオバコ",
        "message": "「再多摸摸吧……如果喜欢这个胸部，再多多摸摸吧……♪」"
    },
    {
        "message": "她开心地请求我摸她的乳房。\n看到她的开心，我也变得高兴起来。"
    },
    {
        "name": "オオバコ",
        "message": "「呼，啊……啊啊，\n胸部……嗯，嗯嗯，更多……胸部，胸部……」"
    },
    {
        "message": "她一次又一次地说着胸部，\n让我感到无比开心。\n但是，我还是不敢太过激烈。\n面对她这样娇小的身体，我无法采取粗暴的行为。"
    },
    {
        "name": "オオバコ",
        "message": "「呼啊，啊啊……差不多该轮到这边了吧……？\n还是说，你还没有那个意思？\n难道是在在意着我……？」"
    },
    {
        "message": "在这种情况下，并没有余裕去关心对方。\n为了温柔而说出心不在焉的谎言，选择了接吻来满足兴奋。"
    },
    {
        "name": "オオバコ",
        "message": "「嗯嗯！？ 嗯布！？ 呼，突然袭击……！！\n亲、嗯嗯、咕嘟……呼，嗯嗯！」"
    },
    {
        "name": "オオバコ",
        "message": "「但是，这样就好了……亲、嗯嗯、亲吻、\n亲吻、呼呼……哈姆、嗯、亲吻、亲吻」"
    },
    {
        "message": "通过接吻的刺激，她的腰自然地开始扭动起来。\n不是猛烈地冲击，而是将阴茎的顶端擦拭到最深处，\n逐渐沉浸在快感的世界中。"
    },
    {
        "name": "オオバコ",
        "message": "「嗯嗯，啾……团，团长……啾，嗯啾啾，\n这，感觉好舒服……？我，我觉得很舒服……」"
    },
    {
        "name": "オオバコ",
        "message": "「嘿嘿，嗯嗯，呸啊啊，哈啊……只有我感觉舒服了……\n啾，唔唔……没有意义的哦……」"
    },
    {
        "message": "如果这都不舒服的话，那什么才是舒服的呢。\n坦诚地回答并继续行动。\n已经不需要谎言了。"
    },
    {
        "name": "オオバコ",
        "message": "「是吗……嗯，确实，仔细看你脸上都是认真的表情呢。\n男人在感觉舒服时会露出认真的表情呢。\n确实是在忍住快要射出来的证据吧……？」"
    },
    {
        "message": "被奥芭可盯着看，羞耻感一下子增加了。\n再次贴上双唇，再次沉浸在湿润的快感中。"
    },
    {
        "name": "オオバコ",
        "message": "「啾啾，嗯嗯，勒鲁乌乌……嗯唇舌都进来了……\n团长，我好害羞的……嗯嗯，唔唔，啾啾\n明明不需要害羞的……嗯吱鲁乌，嗯，嗯……」"
    },
    {
        "name": "オオバコ",
        "message": "「其实，早在这种事情发生的时候就已经太迟了哦？\n现在再害羞也已经无法保护什么了吧\n团长和我都是一样的」"
    },
    {
        "message": "突然射精的迹象变得更加明显。\n随意听从奥芭可的话语，\n用热烘烘的阴茎继续刺激着。"
    },
    {
        "name": "オオバコ",
        "message": "「嗯哈啊，哈啊……唔，嗯嗯啾啾啾……呃、\n团长你呢……唔、啾、嗯嗯\n如果想射出来的话，就说想射出来就好了……」"
    },
    {
        "name": "オオバコ",
        "message": "「嗯呼，嗯嗯呼，啾……为什么要隐藏呢？\n作为男人的，所谓的自尊心……？\n如果是那样的话，或许我能理解……」"
    },
    {
        "message": "也许不应该限制行为。\n虽然这样想，但我能感觉到大叶的手紧绷着，\n确信这是正确的。"
    },
    {
        "message": "大叶也一定无法开口吧。\n那么，彼此就应该保持现状。"
    },
    {
        "name": "オオバコ",
        "message": "「哈啊，嗯哈啊，啊……团长，嗯嗯呼，啾，嗯，\n好想要射出来呢……那样的话……」"
    },
    {
        "message": "果然，大叶已经到达极限了。\n她没有说出自己的事情，却试图引导射精。\n如果在意她的话，应该告诉她即使是演技也要表现出来。\n放下一点羞耻心，告诉她想要射出来。"
    },
    {
        "name": "オオバコ",
        "message": "「果然……可以了，来吧……射出来吧♪」"
    },
    {
        "message": "大叶使劲地用手和脚，做出最大的表情。\n在她的脸上受到诱惑，阴茎的顶端变得炽热，\n积蓄的热量很快就爆发了。"
    },
    {
        "name": "オオバコ",
        "message": "「过来吧，团长……把我填满……♪」"
    },
    {
        "name": "オオバコ",
        "message": "「嗯嗯嗯！？！？ 嗯！ 啊啊……啊！！\n咕、嗯嗯呼……抖动着……好几次……啊！！」"
    },
    {
        "message": "安静地沉浸在深深的高潮中。\n虽然不算激烈，但也绝非轻易达成。\n或许是因为动作缓慢，让我错觉精液也变得黏稠。"
    },
    {
        "name": "オオバコ",
        "message": "「哈啊，哈啊，哈啊……这就是与男人的……！\n和我想象的有点不一样……」"
    },
    {
        "name": "オオバコ",
        "message": "「这不仅仅是舒服……\n这是什么感觉呢……成就感？不对，也许不是这个……？」"
    },
    {
        "message": "她带着放松的表情谈论着这次行为的印象。\n对于第一次的感觉，她的头脑无法跟上。"
    },
    {
        "message": "我轻轻地抚摸着她那样子。\n看着她满足地眯起眼睛，我表达了感激之情。\n感谢大叶能让我如此爽快。"
    },
    {
        "name": "オオバコ",
        "message": "「是、是吗……嗯，太好了！\n我邀请你就是为了这个原因」"
    },
    {
        "name": "オオバコ",
        "message": "「团长能开心真是太好了……嘿嘿♪」"
    },
    {
        "message": "身体方面可能还处于震惊的状态。\n但她脸上的笑容并没有一丝虚假。"
    }
]