[
    {
        "name": "カタバミ",
        "message": "「别那么盯着看，团长\\n又没胸，身体也像个男的……有趣吗？\\n比起这个，快点把我变成女人啦……嘿啊……」"
    },
    {
        "message": "片喰这么说着，\\n一边把匀称的臀部抬高，一把插了进去。"
    },
    {
        "message": "她还用双手的指头分开阴唇，\\n示意着要插入。\\n花瓣里闪烁着樱花般的颜色，透明的丝线构成了一座桥。"
    },
    {
        "message": "看到少年女孩这样的身姿，我感到兴奋，\\n顺势将硬度靠近。\\n再往前推动腰部，顺势侵入她的身体。"
    },
    {
        "name": "カタバミ",
        "message": "「啊、啊啊、啊啊……咕唔啊！？\\n疼、疼，好疼……！！」"
    },
    {
        "message": "片喰的未开发之处确实很紧，\\n当将大约一半的阴茎埋入时，\\n她猛地把它推了回来。"
    },
    {
        "message": "感到一丝不安，\\n她就像看透了我的心思一样高声叫了起来。"
    },
    {
        "name": "カタバミ",
        "message": "「没、没事……\\n快点……用团长的那个……\\n让我……成为大人的女人……！」"
    },
    {
        "name": "カタバミ",
        "message": "「有点疼，但不至于忍受不了\\n没关系……再深一点……\\n啊……啊啊啊啊啊！！」"
    },
    {
        "message": "抓住纤腰，再向前挺动。\\n有一阵撕裂的感觉之后，\\n雄根完全地镶嵌在她的体内。"
    },
    {
        "name": "カタバミ",
        "message": "「哈啊……啊，进去了吗……？\\n嗯，我，终于，成为女人了……\\n团长的家伙，让我成为女人了……！」"
    },
    {
        "name": "カタバミ",
        "message": "「啊，谢谢……我，好高兴……！\\n献给心爱的团长……哈啊，哈啊……！」"
    },
    {
        "message": "终于从少女变成成熟女性的事实，\\n她感慨地道谢过来。"
    },
    {
        "message": "居然被感谢给了处女之身……\\n这样的坚韧让人感到可爱，\\n我温柔地抚摸着她的身体。"
    },
    {
        "name": "カタバミ",
        "message": "「但、但是……\\n团长，对我这样的身体会感到愉悦吗……？」"
    },
    {
        "name": "カタバミ",
        "message": "「不像伊奥诺希迪乌姆或格林贝尔那样，\\n胸部并不大……\\n性格也像男人一样，一点性感都没有」"
    },
    {
        "message": "虽然她拥有健康结实的身体，令人难以抗拒的魅力，\\n但她自己好像视之为不足之处。"
    },
    {
        "message": "只是在这里插入而已，\\n却让人难以言喻地舒服。"
    },
    {
        "name": "カタバミ",
        "message": "「团长……不用勉强自己的哦……？\\n如果不舒服的话，就在这里停下也没关系……\\n我已经满足于献出处女之身了――啊啊啊！？」"
    },
    {
        "message": "在这种地方停下的可能性为零。\\n为了驱散她的不安，我开始动作。"
    },
    {
        "name": "カタバミ",
        "message": "「咕，嗯嗯，咕啊啊……啊啊啊啊！\\n团长的坚硬的东西在里面进进出出……！\\n在我体内，咯噔咯噔地，摩擦着……！」"
    },
    {
        "name": "カタバミ",
        "message": "「哈啊……团长！ 这、这样怎么样……？\\n我、我的小穴里，\\n有没有稍微感到舒服一点……？」"
    },
    {
        "message": "没有回答，而是加大了腰的动作。\\n在处女猛烈的夹紧中，感觉到更强烈的摩擦，\\n我能感受到片喰里阴茎进一步膨胀。"
    },
    {
        "name": "カタバミ",
        "message": "「啊啊，在里面变大了……！\\n原来如此……团长是在我的身体中感受着的吧……！」"
    },
    {
        "name": "カタバミ",
        "message": "「哈，哈……啊，谢谢……！\\n我，感到很高兴……胸口好像，要满溢出来了……！」"
    },
    {
        "message": "或许是因为安心，又或者是因为渐渐适应了插入。\\n片喰的深处逐渐分泌出爱液，\\n为阴茎提供了湿润。"
    },
    {
        "message": "阴道内的紧张感消解，抽送变得更为顺畅。\\n随着外物带来的愉悦增加，\\n我更加冲动地加快了腰的节奏。"
    },
    {
        "name": "カタバミ",
        "message": "「啊啊……哈啊……！\n团长，好猛……太猛了……！\n我，作为女人，被团长渴望着……！」"
    },
    {
        "name": "カタバミ",
        "message": "「哈……好，好的，团长……\n别在意我……！\n我没事的，真的……！」"
    },
    {
        "name": "カタバミ",
        "message": "「再多一点，再多一点……\n用团长喜欢的方式对待我的身体……\n不用客气……啊，啊啊啊啊啊！」"
    },
    {
        "message": "处女特有的紧致与被爱液润滑的阴道粘膜的舒适感。"
    },
    {
        "message": "再加上一些挑逗的言辞，理性早已轻而易举地飞逝。"
    },
    {
        "message": "在毫不留情的冲刺中，贪婪地占据她的阴道，发出轻快的拍打声。"
    },
    {
        "name": "カタバミ",
        "message": "「哈，哈，啊啊啊啊！\n团，团长的……那个，在我里面…嘿！？\n疯狂地，疯狂地，翻滚着……！」"
    },
    {
        "name": "カタバミ",
        "message": "「团长，我，我！\n是什么，不知道，变得，迷失了……！\n我，我自己，变得奇怪了……！」"
    },
    {
        "message": "片喰似乎对这一连串的初次感觉感到困惑。"
    },
    {
        "message": "然而，尽管感到困惑，变成女人的身体却渴望着巅峰，涌动着如潮的爱液。"
    },
    {
        "message": "不知何时，从片喰的深处滴下的甜蜜汁液流向外面，在被子上留下了一片渍痕。"
    },
    {
        "name": "カタバミ",
        "message": "「我……啊啊……哈啊……！\n已经什么都想不到了……！\n脑海里，变得一片空白……！」"
    },
    {
        "message": "随着深入穿越阴道追求快感，粘膜的蠢动逐渐增强。看来高潮即将来临。"
    },
    {
        "name": "カタバミ",
        "message": "「哈……这，这样，像动物一样……！\n像雌性一样，被蛮横地，强行玷污着处女之躯……！\n啊、哈、啊啊、哈啊……！」"
    },
    {
        "name": "カタバミ",
        "message": "「开心……开心……！\n我，作为女人，被渴望到这个地步……！\n团长，能感受到舒服，真是太好了……！」"
    },
    {
        "message": "她高兴地知道我也感到愉悦。\n看到她可爱的模样，性感感更加升温。\n我也感觉高潮即将来临。"
    },
    {
        "name": "カタバミ",
        "message": "「啊、啊、啊啊……我，不行了……！\n要飞，要飞起来，感觉要疯狂了\n……啊啊啊啊啊啊啊——！！！」"
    },
    {
        "message": "片喰的阴道紧紧地夹住我的骚，作为我来说也到达了极限。\n我的欲望全部释放到她的深处。"
    },
    {
        "name": "カタバミ",
        "message": "「啊啊啊啊啊啊啊啊！！！！\n那、里面，有什么，热乎乎的，正在……！\n呼啊，啊啊，哈啊！！」"
    },
    {
        "message": "随着我的阴茎颤动，她的全身都猛烈地颤抖着，与之呼应。"
    },
    {
        "name": "カタバミ",
        "message": "「哈……啊啊，啊啊……！\n团长的，小弟弟，好满，\n颤颤地在跳动……哈啊……！」"
    },
    {
        "message": "喘着粗气，一次次达到高潮。\n可能有点过头了，于是我思考着，\n窥探她的表情。"
    },
    {
        "name": "カタバミ",
        "message": "「哈……哈……哈啊……\n感觉……太舒服了……已经……\n不知道会怎样了……哈啊……」"
    },
    {
        "name": "カタバミ",
        "message": "「真的谢谢你……团长\n我……感觉像是重生了一样」"
    },
    {
        "message": "片喰露出如此幸福的微笑\n除了原本的阳刚魅力，\n似乎还多了一份女性的魅力。"
    }
]