[
    {
        "name": "ゴデチア",
        "message": "「团长，您的身体还好吗？\\n听说您发烧了，我非常担心……所以，我来照顾您……」"
    },
    {
        "message": "戈德奇亚说着，露出了脸庞。\\n虽然感觉有点发热，但只是为了保险起见而来看望我。\\n她来看望我，我感到非常高兴。"
    },
    {
        "name": "ゴデチア",
        "message": "「请让我给您擦去汗水……\\n如果不擦干净的话，您真的会发烧的……」"
    },
    {
        "message": "既然如此，我也要求一下她。\\n虽然休息了一段时间，身体状况已经恢复了，\\n但她的关心让我感到非常感激。"
    },
    {
        "name": "ゴデチア",
        "message": "「果然……您出了很多汗呢……\\n请保持不动，我会好好擦拭的……」"
    },
    {
        "message": "戈德奇亚用毛巾擦拭着汗水。\\n虽然感到羞耻，但她仍然热心地继续着。\\n在她害羞的表情和奉献的服务下，我的爱意变得更加浓厚。"
    },
    {
        "name": "ゴデチア",
        "message": "「团长的身体，好坚实……真厉害……\\n啊……又硬又强壮……让我心跳加速……」"
    },
    {
        "message": "随着爱意的增加，下腹部自然而然地充血。\\n逐渐膨胀的阴茎，甚至从裤子上也能看出其存在感。"
    },
    {
        "name": "ゴデチア",
        "message": "「嗯……？啊……团长，您的那个，已经涨得这么大了……\\n这、这么肿胀的话……一定很难受吧……？」"
    },
    {
        "name": "ゴデチア",
        "message": "「如果是我的错的话……我会负起责任，好好照顾你的……\\n所以，嗯……团长先生？在腰部上方……请见谅……？」"
    },
    {
        "name": "ゴデチア",
        "message": "「啊呜……团长先生还躺着不动……我会坚持到最后的……嗯啊……」"
    },
    {
        "message": "戈德奇亚一边发出羞耻的声音，一边慢慢地坐在我身上。\\n然后，渐渐地把龟头塞进了她那小小的缝隙中。"
    },
    {
        "name": "ゴデチア",
        "message": "「团长先生的……好热好胀……啊啊……马上就让我用下面来摩擦一下吧……\\n为了冷却你的热度……哈呜呜呜！！」"
    },
    {
        "message": "因为戈德奇亚松弛了腰部力量，勃起迎接着迅速进入。\\n龟头推动着阴道深处，被阴道肌肉包裹着的温暖感觉从腰部传来，\\n甚至蔓延到了脊椎，让人感到甜蜜的麻痹。"
    },
    {
        "name": "ゴデチア",
        "message": "「啊……嗯嗯……里面，变成了阴茎的形状……\\n好大，我下面都满了哦……」"
    },
    {
        "name": "ゴデチア",
        "message": "「团长先生……感觉如何？在我里面，被紧紧地夹住……\\n会不会太紧，不舒服吗……？」"
    },
    {
        "message": "我明确否定那种说法。\\n虽然有些窄，但阴茎被阴道黏膜包裹着给予了甜美的刺激。"
    },
    {
        "name": "ゴデチア",
        "message": "「啊呜……那就好了……我松了口气……\\n那么，就这样……可以照顾你的下面了吧……」"
    },
    {
        "name": "ゴデチア",
        "message": "「团长先生的身体……还在康复中……\\n我会努力让您快速舒服起来……并满足您的需求……」"
    },
    {
        "message": "下定决心的戈德奇亚开始拼命地扭动腰部。\\n虽然她似乎不太习惯主动行动，但她却拼命地擦动着勃起的部分。"
    },
    {
        "name": "ゴデチア",
        "message": "「哈啊……哈呜……嗯嗯……\\n在上面动起来……好难，呢……嗯呜……\\n用下面巧妙地摩擦着……团长先生的那个地方……好像做不到……嗯呜呜」"
    },
    {
        "name": "ゴデチア",
        "message": "「稍、稍微等一下……哈啊……啊啊……\\n马上就让您的阴茎舒服一点……」"
    },
    {
        "message": "戈德奇亚感受到了羞耻和黏膜摩擦带来的快感，表情明显。\\n我告诉她不需要勉强自己。"
    },
    {
        "name": "ゴデチア",
        "message": "「嗯嗯……啊啊……谢、谢谢您……\\n但是我……一点也没有勉强自己……」"
    },
    {
        "name": "ゴデチア",
        "message": "「自己扭动腰部，虽然很害羞……\\n但是比起这个，我更不想看到团长先生那么辛苦的样子……」"
    },
    {
        "message": "戈德奇亚优先考虑了我的感受，而不是她自己的羞耻心。\\n就像给我治疗伤口和照顾一样，她抑制住了自己的羞耻心为对方着想。"
    },
    {
        "message": "这种温柔与连接部位传来的刺激相结合，\\n让人感到爱意和快感膨胀起来。"
    },
    {
        "name": "ゴデチア",
        "message": "「团长先生……要怎么样才能更舒服呢……请告诉我……我会努力去做的……想要的事情……尽管说出来吧……」"
    },
    {
        "message": "在她的献身和可爱的言辞中，我加强了兴奋，同时传达给她希望的动作。"
    },
    {
        "name": "ゴデチア",
        "message": "「啊……嗯……啊啊……再、再用力顶上来……想要粗鲁地摩擦那个……？」"
    },
    {
        "message": "在戈德奇亚能努力做到的范围内，我希望她这样做。即使摩擦动作有些生涩，她传达的情感会提升快感。"
    },
    {
        "name": "ゴデチア",
        "message": "「啊……我、我会尽全力的……虽然不知道能不能粗鲁地做到……抱着团长先生硬邦邦的那个……一边来回搓动……我、我也会充分表达喜欢的心情的……咬牙切齿的……」"
    },
    {
        "message": "于是，逐渐加强的粘膜摩擦带来的刺激。也许是逐渐适应了腰部的运动，比起刚才更为流畅而热切的动作不断重复。"
    },
    {
        "name": "ゴデチア",
        "message": "「嗯……啊啊……越来越快，能动起来了……呀呜……我也……下面，好热好热的……发烫了……啊啊啊！」"
    },
    {
        "name": "ゴデチア",
        "message": "「哈啊啊……啊啊……哈呜……啊啊啊！身体，酥酥麻麻的……嗯嗯嗯！脑袋都被团长先生充斥着……呀呜呜！」"
    },
    {
        "message": "戈德奇亚在愉悦中痛苦地摩擦连接部，露骨地摇动着腰部。她平时的模样与现在形成鲜明对比，阴茎充血加剧，剧烈地战栗着。"
    },
    {
        "message": "感受到迅速射精的迹象，戈德奇亚更淫荡地摆动着臀部。"
    },
    {
        "name": "ゴデチア",
        "message": "「啊呜呜……团长先生也……那根小弟弟的热度，变得更高了呢……！\\n里面，已经肿胀得很大了……好像要射出来了，对吧？」"
    },
    {
        "name": "ゴデチア",
        "message": "「那、到最后……我来照顾您……咻，嗯呜呜！\\n小弟弟里积蓄的热度，要在我的肚子里射出来了……\\n尽管多射些也没关系哦……！」"
    },
    {
        "name": "ゴデチア",
        "message": "「就算传给我这些不好的热度……让小弟弟肿胀的精子，\\n都可以尽情地喷射出来呢呜呜呜……！！」"
    },
    {
        "name": "ゴデチア",
        "message": "「咻呜呜呜……从小弟弟中，传来的热烈的东西……\\n要尽情地流出来……嗯啊啊啊……」"
    },
    {
        "name": "ゴデチア",
        "message": "「扑哧扑哧地……停不下来……哈啊啊，啊啊啊啊……\\n这样，很多呢……原来，精子积蓄这么多呢……」"
    },
    {
        "message": "戈德奇亚在不断脉动的肉棒中喷出的热量块，\\n她在狭窄的阴道中接收着。"
    },
    {
        "message": "与此同时，迎来高潮并因她紧缩的阴道肌肉，\\n精液被一滴不剩地挤取出去。"
    },
    {
        "name": "ゴデチア",
        "message": "「嗯呜呜……肚子里满是团长先生的热量……\\n在身体中蔓延开来……真的好热，要流出来了呢……」"
    },
    {
        "message": "彼此调整呼吸，沉浸在余韵中。\\n在这种愉悦的懒散感中，被戈德基亚唤起了声音。"
    },
    {
        "name": "ゴデチア",
        "message": "「我……团长先生的照顾，做得还好吗？」"
    },
    {
        "message": "我点了点头回答。渐渐失去核心的阴茎是最好的证明。"
    },
    {
        "name": "ゴデチア",
        "message": "「啊……非常高兴，团长先生……\\n团长先生感到愉快，我很高兴……」"
    },
    {
        "message": "伴随着戈德基亚愉快地微笑，我们一起休息，直到余韵消散。"
    }
]