[
    {
        "name": "カタバミ",
        "message": "「果然……因为胸小，是吧\\n哈啊～……啊，真是的～……」"
    },
    {
        "message": "刚回到骑士团，一回到自己的房间就边摸着自己的胸边说。\\n实在是受不了。"
    },
    {
        "message": "原因是在城里露天市场听到的一句话。\\n是家善良的汉堡店老板，但那份慷慨却适得其反。"
    },
    {
        "name": "カタバミ",
        "message": "「虽然能额外加个肉饼是挺高兴的……\\n但对男生来说多吃点才行之类的……多管闲事啊！」"
    },
    {
        "message": "虽然说别在意，我还是试着安慰了一下，但这已经是第二次了。\\n擦掉嘴上的酱料时，也曾有过同样的安慰。"
    },
    {
        "name": "カタバミ",
        "message": "「那么，你觉得我的胸大吗！？」"
    },
    {
        "message": "然后得到了同样的回答，也陷入了同样的困境。\\n第一次是在外面，所以只是生闷气就算了……。"
    },
    {
        "name": "カタバミ",
        "message": "「第二次可就糊弄不过去了！！\\n现在的我可不会满足于这样的回答！？」"
    },
    {
        "message": "对着摆出不悦的样子的片喰，我回以老套的话语。\\n但理所当然地，她并没有平静下来。"
    },
    {
        "name": "カタバミ",
        "message": "「大小没关系吗！？那么，给我看证据，证据！」"
    },
    {
        "name": "カタバミ",
        "message": "「哈啊，嗯嗯嗯啊啊啊啊……」"
    },
    {
        "message": "在湿润的秘裂中含住龟头，然后顺势推进。听着从那沉稳的娇声中传来，手掌轻抚过胸膛。"
    },
    {
        "name": "カタバミ",
        "message": "「还不行……难道是因为这样吗？我对这个还不满意……」"
    },
    {
        "message": "环绕背后的手臂加大了力道。被引向的是端庄的乳房。"
    },
    {
        "name": "カタバミ",
        "message": "「用我的胸，真的能让你兴奋吗？……胸小有什么关系\\n……哈啊，嗯嗯，证据，告诉我吧」"
    },
    {
        "message": "在不悦和快感交织的声音中，视线被吸向乳房。乳晕和乳肉在唾液的润湿下闪闪发光，中央的小突起显露出来。"
    },
    {
        "name": "カタバミ",
        "message": "「是的……还不够呢\\n脱掉衣服，抱起我像公主一样，让我躺在床上……\\n团长……在那期间一直都在对我做着这些」"
    },
    {
        "name": "カタバミ",
        "message": "「一直都在，摸摸，弄弄，啪啪，对我做着这些\\n还远远不够……所以呢？ 快点告诉我，不然我会生气的哦？」"
    },
    {
        "message": "证据要求已经到这一步的经过。彼此激动不已，这里的阴茎和片喰的乳头都变得非常疼痛。"
    },
    {
        "name": "カタバミ",
        "message": "「光是让鸡巴变大可不够，得扭动腰部，喘着粗气……然后，就是那个，对对对……！」"
    },
    {
        "message": "背后的手紧紧握住。面对那注视的眼神，片喰虽然感到羞耻，但她仍然没有停止说话。"
    },
    {
        "name": "カタバミ",
        "message": "「在我里面，要充实，要颤抖才行……我可是不信任的哦……！」"
    },
    {
        "message": "在湿润的眼神中，心脏跳动加快，腰部隐隐作痛。相应地，对性器进行爱抚。当然，同时对乳房和花房都进行。"
    },
    {
        "name": "カタバミ",
        "message": "「嗯咕，啊啊啊！团长的舌头，湿滑地……嗯，嗯嗯嗯！哈啊，啊啊，嗯嗯，鸡巴，不行了……！」"
    },
    {
        "name": "カタバミ",
        "message": "「嗯，嗯嗯，好大……虽然很大，但还不够啊！反正，团长……嗯嗯，明明讨厌小胸的，真是的！」"
    },
    {
        "message": "刚才被挑起的乳头，这次又刺激得像在拖延一样。用舌尖在乳头周围轻抚，大量涂抹上自己的唾液。"
    },
    {
        "name": "カタバミ",
        "message": "「其实是绿宝石，或者……锡铟之类的呢，至少要有那个程度才……是的，我在想啊，当然是这样，肯定是这样的！」"
    },
    {
        "name": "カタバミ",
        "message": "「而且，嗯嗯，酢漆蒿，因为啊……！\n唔，明明我比姐姐还大……！」"
    },
    {
        "message": "俯视着她的表情，只在心里叹了口气。\n今晚的复杂状况似乎相当严重。"
    },
    {
        "message": "被两个身形如此女性化的人包围，\n似乎确实有一些想法。\n如果妹妹也加入进来，这边也得加把劲。"
    },
    {
        "name": "カタバミ",
        "message": "「呀啊啊！？ 哦啊嗯，嗯嗯，呜呜，单，等等！？」"
    },
    {
        "message": "停止折磨，\n用舌尖轻触坚硬而颤抖的尖端，弹奏般地刺激传送进去。\n对抽插也做了变化。"
    },
    {
        "message": "尽可能地缓慢，用大幅度的动作运用腰部。\n膨胀并变长的肉棒，让片喰在花房中感受到。\n"
    },
    {
        "name": "カタバミ",
        "message": "「嗯咕，别在乳头上玩耍啊……！\n喔，我的胸部不是玩具啊……！」"
    },
    {
        "name": "カタバミ",
        "message": "「仅仅因为小嘛……啊啊啊啊\n别，别责难我，啊啊啊……！」"
    },
    {
        "message": "垂下原本挑起的眼尾，片喰仍在尖叫。\n对她拼命的样子作出回应，我被拉近，耳边低语着。"
    },
    {
        "name": "カタバミ",
        "message": "「啊，啊，我，我再也，忍不住了……嗬，嗬啊啊啊！？」"
    },
    {
        "message": "握住紧握的腰，完全固定。\n不让片喰有任何动作，只是贪婪地咬向乳房。"
    },
    {
        "name": "カタバミ",
        "message": "「哈啊，嗯呜呜，哈，啊啊，好多，都在做啦！？\n被吸，嗯啊，咬……啊，啊啊啊\n呀啊，别挤进去，乳头不行啊……！」"
    },
    {
        "name": "カタバミ",
        "message": "「舌头，啊啊啊，为什么要，动啊，是吗……嗯呜呜！？\n呀啊啊，下一次，那里……！？」"
    },
    {
        "message": "一边吸附在一侧乳房上，同时将手指游走到另一侧。\n面对两种不同的刺激，片喰的整个身体都在抽搐。"
    },
    {
        "name": "カタバミ",
        "message": "「啊，啊啊啊啊，团长，被我的胸部……迷住了……呃」"
    },
    {
        "message": "对于那种行为，虽然感到羞耻但已经没有停下的意思。\n面对乳房对刺激敏感的可爱，\n欲望膨胀得无法抑制。"
    },
    {
        "name": "カタバミ",
        "message": "「变得坚挺了，越来越……嘿嘿，诶嘿嘿♪\n团长……居然这么，喜欢我的、胸部、呀♪\n嗯呜，嗯嗯啊啊，肚子也，变得狂热了！」"
    },
    {
        "name": "カタバミ",
        "message": "「阴茎，粗，哦……！ 比平常，更粗……！\n啊啊，比平常还硬，对着我……硬硬的呢！」"
    },
    {
        "message": "欢快的声音中，身体加速迎接巅峰。\n片喰也紧紧拥抱着。"
    },
    {
        "message": "为了回应，瞬间从乳房上分开嘴巴。\n虽然舍不得，但还是想要来个狠的。"
    },
    {
        "name": "カタバミ",
        "message": "「片喰的，胸部……让我兴奋得要命，\n哈，啊啊，好想射很多……？」"
    },
    {
        "message": "传达了这个信息后，再次吸附在乳房上。\n彼此的眼神此刻交汇。"
    },
    {
        "name": "カタバミ",
        "message": "「啊，啊啊啊……！\n单，稍微等等，团长团长团长，稍微等等！」"
    },
    {
        "name": "カタバミ",
        "message": "「啊，啊啊，团长，吸，再吸一点！\n我的胸部，嗯嗯嗯，一直吸吸到底……！\n射精，直到射精……一直吸吸到底！」"
    },
    {
        "name": "カタバミ",
        "message": "「想要当成玩具对待啦！\n只要能变得更淫荡，就好了！\n哈，用我的胸部，啊，把你的……弄硬起来吧！」"
    },
    {
        "name": "カタバミ",
        "message": "「把胸部给团长，感觉好舒服哦！\n啊啊，哈啊，嗯嗯啊啊啊，吸吸，让我抖动起来！」"
    },
    {
        "message": "在恳求中，龟头膨胀，腰部达到极限。\n就这样潜入到片喰的阴道深处，一口气吸吮起乳头。"
    },
    {
        "name": "カタバミ",
        "message": "「嗯啊啊啊啊啊啊！要，要，要射出来了！\n被摸着胸部，要射了呀啊啊啊啊啊啊！」"
    },
    {
        "name": "カタバミ",
        "message": "「抖动，抖动，啊，啊啊，啊啊啊……\n嘿，嘿，出来了，嗯……」"
    },
    {
        "message": "随着阴茎的搏动，接触的肌肤痉挛不已。\n在那触感下，片喰的嘴角溢出了甜蜜的吐息。"
    },
    {
        "name": "カタバミ",
        "message": "「哈啊，哈啊，哈啊……太，太好了\n谢谢……我，很高兴，吧？」"
    },
    {
        "name": "カタバミ",
        "message": "「团长，很兴奋呢……\n证据，也给了我……用我的胸部，变得淫荡了\n如果团长喜欢的话，我的胸部也不错吧」"
    },
    {
        "message": "沉迷于对乳房的抚摸，感觉真是太好了。\n虽然我也觉得自己有点过分了。"
    },
    {
        "name": "カタバミ",
        "message": "「嘿嘿……团长，就像宝宝一样吸得很用力嘛～\n胸部，差点被吸变形了呢？」"
    },
    {
        "name": "カタバミ",
        "message": "「啊……但如果那样的话……说不定，会有点变大呢？」"
    },
    {
        "message": "舌尖还没干，就已经说出了什么。感觉有些力不从心。"
    },
    {
        "name": "カタバミ",
        "message": "「啊，不对！？ 不对！ 但是那个……嘿嘿♪」"
    },
    {
        "name": "カタバミ",
        "message": "「如果长大了，团长你是不是能享受更多事情呢？\n那个，夹啊夹的，拍啊拍的……应该有这些吧？」"
    },
    {
        "message": "害羞地传达着，自然而然地引起了想象。"
    },
    {
        "message": "阳刚的片喰，以一种自然的方式满足了我的欲望。\n用丰满的乳房，她一定会努力的吧。"
    },
    {
        "name": "カタバミ",
        "message": "「……嗯？」"
    },
    {
        "message": "对怪异声音，她注意到了自己的变化。与此同时，还有些为难。"
    },
    {
        "name": "カタバミ",
        "message": "「为、为什么会变大啊！？\n明明刚才还软塌塌的，只是一想象竟然这么……啊、啊啊，涌出来了啊！？\n果然还是大一点比较好吧！？」"
    },
    {
        "message": "已经无法平静地道歉了，\n然而却并未如理所当然地被接受。\n双手和阴道同时施加的压力让我感到害怕。"
    },
    {
        "name": "カタバミ",
        "message": "「不行不行啦！ 再证明一次，证明啊证明！\n除非你证明了，今晚可是不会让你好好睡的哦！」"
    },
    {
        "message": "之后，直到午后才得以解脱。\n已经发誓不再做愚蠢的幻想了。"
    }
]