[
    {
        "message": "希望你能认真参加除了自己课程以外的课程。\\n放学后在教室里，我向忍冬提出了这样的要求。"
    },
    {
        "name": "スイカズラ",
        "message": "「啊、不要……麻烦死了」"
    },
    {
        "message": "回绝得很是干脆。然而，我不能就此罢休。"
    },
    {
        "message": "的确成绩本身优秀，\n但就学在学校只这样是不行的。"
    },
    {
        "message": "即便心有不甘也要好好地参加其他课程，\n这在将来的某一天定会对忍冬起到帮助。"
    },
    {
        "name": "スイカズラ",
        "message": "「哼～……好积极呀」"
    },
    {
        "message": "她兴味盎然地看著我。\n我不是要说什么很特别的话，\n但如果能触碰到她什么，我已满足。"
    },
    {
        "name": "スイカズラ",
        "message": "「好吧……我会考虑考虑\n作为交换……」"
    },
    {
        "name": "スイカズラ",
        "message": "「现在马上……让我看看你抱我的样子」"
    },
    {
        "message": "真是荒唐无稽的交换条件。\\n虽然有些犹豫，但还是无法抗拒她那锐利的目光。"
    },
    {
        "name": "スイカズラ",
        "message": "「嗯嗯，老师的，好大……啊，嗯嗯嗯！」"
    },
    {
        "message": "吱呀，桌子发出令人不快的悲鸣。\\n这声音让我不得不意识到现在的情况。\\n它在抗议这不是床。"
    },
    {
        "message": "不仅仅是听觉。\\n所有的感官都在品尝着背德的苦涩。"
    },
    {
        "name": "スイカズラ",
        "message": "「哈……呼……呵呵」"
    },
    {
        "message": "忍冬的红眼睛开心地扭曲着。"
    },
    {
        "name": "スイカズラ",
        "message": "「对……学生下手了对吧？」"
    },
    {
        "message": "那一瞬间，喉咙沉重地堵住了。"
    },
    {
        "name": "スイカズラ",
        "message": "「社团里还有留守的孩子呢……\\n看，操场上还有口号声传来呢」"
    },
    {
        "message": "我的意识被吸引到窗外去了。\\n茜红色的天空，清爽而聒噪的声音传进了耳朵。"
    },
    {
        "name": "スイカズラ",
        "message": "「大家可努力了呢……真是聪明，你们觉得吧？\\n老师，如今对外指导着呢」"
    },
    {
        "message": "搞不懂你要说什么。\\n搞不懂，但不知为何嘴唇干了。"
    },
    {
        "name": "スイカズラ",
        "message": "「老师很和善嘛……应该很受欢迎吧？\\n会不会有人给你告白啊？」"
    },
    {
        "name": "スイカズラ",
        "message": "「要是那些孩子……看到老师现在的样子，会怎么想呢」"
    },
    {
        "message": "背后感到不安和恐惧。\\n无意间觉察到幻影的气氛。"
    },
    {
        "name": "スイカズラ",
        "message": "「那边的门，现在打开的话会怎么样？\\n是肮脏的地方，会让那些可爱的学生看到哦？」"
    },
    {
        "name": "スイカズラ",
        "message": "「来，说给我听听\\n对学生出手的老师的话喏……很容易回答吧？」"
    },
    {
        "message": "没法回答。\\n喉咙哽住，声音无法从激荡之中漏出。\\n"
    },
    {
        "name": "スイカズラ",
        "message": "「呵呵……没办法啊，老师\\n那么……就由我来教教你吧」"
    },
    {
        "message": "忍冬露出了肉食兽般的笑容。"
    },
    {
        "name": "スイカズラ",
        "message": "「穿着校服的，那个小不良学生……\\n被我摆上桌子……强行玷污着」"
    },
    {
        "message": "身体一下子变得炽热。\\n并不是兴奋，而是羞耻的热度。\\n渗透全身。\\n可悲的反驳滴落下来。"
    },
    {
        "message": "并不是强迫。并不是在玷污。\\n只是为了不让忍冬逃课，\\n只是遵从她提出的交换条件而已。"
    },
    {
        "name": "スイカズラ",
        "message": "「呵呵……老师，着急了呢」"
    },
    {
        "message": "突然，嘲笑变成了微笑。"
    },
    {
        "name": "スイカズラ",
        "message": "「对不起对不起\\n因为反应太有趣所以捉弄过头了」"
    },
    {
        "message": "在松弛的气氛中，发出了安心的叹息。\\n如果自己也发火了会怎么办呢。"
    },
    {
        "name": "スイカズラ",
        "message": "「老师……不会做那种事吧？」"
    },
    {
        "message": "传达出信任。\\n真是卑鄙的回答。"
    },
    {
        "name": "スイカズラ",
        "message": "「嘛，就算被激怒后被强奸也没关系\\n喜欢危险的事情呢……」"
    },
    {
        "name": "スイカズラ",
        "message": "「如果是老师的话……我觉得那样也挺有趣的」"
    },
    {
        "message": "果然很卑鄙。\\n被学生玩弄于股掌之间的羞辱，\\n温暖而甜蜜的感觉涌上心头。"
    },
    {
        "name": "スイカズラ",
        "message": "「喂……差不多动一动吧\\n不好好做到最后的话，就别想去上其他课了哦？」"
    },
    {
        "message": "无法拒绝涌上心头的甜蜜。\\n被学生引导，身心俱循。"
    },
    {
        "name": "スイカズラ",
        "message": "「嗯啊……啊呵……就是那样，继续\\n嗯嗯啊……哈啊……哈啊呜」"
    },
    {
        "message": "除了身体外，小小的阴道中传来爱液的声音。\\n在湿漉漉的拥抱感中，喘息声溢出。"
    },
    {
        "name": "スイカズラ",
        "message": "「因为欺负老师……感觉很舒服……\\n啊……嗯……而且在这里做这种事，感觉很刺激……」"
    },
    {
        "name": "スイカズラ",
        "message": "「穿着校服……放学后在教室里……和老师发生性关系……\\n啊……嗯……绝对危险……嘿嘿，好刺激♪」"
    },
    {
        "message": "她忘了她是个寻求刺激的人。"
    },
    {
        "name": "スイカズラ",
        "message": "「老师也……一起享受一下？\\n既然已经插进来了……后悔什么的太无聊了吧？」"
    },
    {
        "name": "スイカズラ",
        "message": "「而且，你看……老师的那个……\\n高兴，高兴地在欢喜着\\n女学生的小穴……会让你兴奋吧？」"
    },
    {
        "message": "并非如此。\\n忍冬虽然很有魅力，但并不是沉溺于肉欲之中。\\n只是为了让她上课而已。\\n并非被下半身所控制。"
    },
    {
        "message": "必须想办法挤出来。\\n必须挤出来。"
    },
    {
        "name": "スイカズラ",
        "message": "「原来如此……啊……嗯……原来如此啊……♪」"
    },
    {
        "message": "红色的双眸中闪烁着诡异的光芒。"
    },
    {
        "name": "スイカズラ",
        "message": "「那么……嗯……嗯……这样的话，怎么样呢？」"
    },
    {
        "message": "阴道压力增加。声音溢出。\\n狭窄的甜壶变得更加狭窄，\\n肉襞本应纯洁的部分缠绕在龟头的结部。"
    },
    {
        "name": "スイカズラ",
        "message": "「其实，对学生进行性侵犯……感觉很舒服吧」"
    },
    {
        "name": "スイカズラ",
        "message": "「不成熟，不像大人……\\n无法独自生存的软弱生物……\\n嗯……这样将其变成自己的东西，感觉非常刺激」"
    },
    {
        "name": "スイカズラ",
        "message": "「你看……你看……那个东西，很高兴呢？\\n学生的小穴，感觉很舒服……将其塑造成自己的形状，感觉很舒服\\n老师的下半身，已经完全成为强奸雌性的雄性了？」"
    },
    {
        "message": "意识被吸引。\\n视线被忍冬那双红色眼睛吸引。"
    },
    {
        "message": "从小小的嘴唇中溢出的亲昵言语渗入心灵深处。\\n能感受到某种东西正在被融化。"
    },
    {
        "name": "スイカズラ",
        "message": "「说谎是不行的……要诚实哦？\\n我希望……你能变得这样\\n我那里……你要说舒服才行」"
    },
    {
        "message": "想想忍冬也是个天才。\\n即使不上课考试也能得满分。\\n在学业方面是学校里顶尖的。"
    },
    {
        "message": "那么，就是这样吗？\\n如果是天才，只用低语就能融化伦理吗？"
    },
    {
        "name": "スイカズラ",
        "message": "「不要忍耐……好好告诉我？」"
    },
    {
        "message": "摇曳的银发下，红色的眼睛湿润而猥亵。"
    },
    {
        "name": "スイカズラ",
        "message": "「这样抱着我……并不是为了上课吧？\\n我的小穴，感觉很舒服……\\n做危险的事……因为感觉很舒服对吧」"
    },
    {
        "message": "忍耐。拼命忍住即将涌上喉咙的回答。\\n但那是毫无意义的。\\n身体自行迎合了忍冬的诱惑。"
    },
    {
        "name": "スイカズラ",
        "message": "「啊、啊呜！啊、啊啊呜！果然，就是这样呢\\n啊、啊呜！啊、啊啊啊呜！」"
    },
    {
        "message": "桌子发出夕阳教室中的哀鸣。\\n臀部频繁加速，顽固地刺向浅浅的阴道深处。"
    },
    {
        "message": "不用说，就是子宫口。\\n被忍冬的低语引诱，\\n危险的本能超越理性激动起来。"
    },
    {
        "name": "スイカズラ",
        "message": "「这、这太棒了！哈、哎呀！嗯、啊呜！\\n绝对、太危险了！嗯啊、啊啊！想到了危险的事情！」"
    },
    {
        "message": "忍冬的微笑更加深沉。\\n红色的双眸牢牢地抓住了本能。"
    },
    {
        "name": "スイカズラ",
        "message": "「射、射进来！想要中出！」"
    },
    {
        "name": "スイカズラ",
        "message": "「我，今天，是危险日啦！嗯啊、啊啊、啊啊啊！\\n想要射进来！想要老师的精子，想要被种子嘛！」"
    },
    {
        "message": "于是，理性完全融化了。"
    },
    {
        "name": "スイカズラ",
        "message": "「啊、啊啊啊啊啊啊啊啊！\\n来了！来了！深处，来了！阴茎，好多来了！」"
    },
    {
        "message": "刺激、欲望和射精的欲望让臀部急速动作。\\n已经无法停下心身。"
    },
    {
        "name": "スイカズラ",
        "message": "「就这样射进来吧！可以让学生怀孕哦！」"
    },
    {
        "name": "スイカズラ",
        "message": "「哈、啊啊！老师的宝宝！明明还是学生呢！\\n在教室里，穿着校服呢！\\n接受老师的精子，受精了！\\n太棒了！不停地颤抖着！」"
    },
    {
        "name": "スイカズラ",
        "message": "「快点射出来，老师！赶紧射出来！！\\n用老师的精子让我怀孕！！」"
    },
    {
        "name": "スイカズラ",
        "message": "「嗯嗯～～～～～！！子宫，塞得满满的！！\\n呼啊啊、哈啊啊啊啊啊！」"
    },
    {
        "message": "忍冬的娇声和校园里部活的声音，\\n让阴茎不停地搏动。\\n让我痛切地感受到此时此刻在这个地方所做的事情。\\n真的是痛得要命……。"
    },
    {
        "message": "但那是一种香甜的痛楚。"
    },
    {
        "name": "スイカズラ",
        "message": "「……呵呵，如果是这种感觉，果然还是没事的」"
    },
    {
        "message": "忍冬如释重负地喃喃自语。\\n这是什么意思呢。\\n各种情绪纷涌，让我的头脑一片混乱。"
    },
    {
        "name": "スイカズラ",
        "message": "「没什么……不用在意\\n比起那个……约定」"
    },
    {
        "name": "スイカズラ",
        "message": "「因为老师最后还抱着我……\\n就算是为了老师的努力，我也要去上其他课了吧」"
    },
    {
        "message": "虽然她带着含蓄的表情，但姑且还是高兴起来吧。"
    },
    {
        "message": "一直纠结于这些事情只会让自己更加窘迫。\\n必须尽快离开这里才行。"
    }
]