[
    {
        "name": "スイカズラ",
        "message": "「今晚由团长来做」"
    },
    {
        "message": "我立刻就能猜到她要做什么。\\n但同时，我也有些犹豫。"
    },
    {
        "message": "我能做到吗？\\n具体来说，我能满足那个忍冬吗？"
    },
    {
        "message": "从这边来说，让她像上次那个晚上那样帮我一下会更方便。\\n方便说是方便，其实是更开心的。"
    },
    {
        "name": "スイカズラ",
        "message": "「团长的肉棒很弱所以不行」"
    },
    {
        "message": "不，不是我软弱，而是忍冬太厉害了。\\n无论是地位上还是自尊上，这一点我想澄清。"
    },
    {
        "name": "スイカズラ",
        "message": "「我不需要你的意见，无所谓\\n我只是想解决我的烦恼而已」"
    },
    {
        "name": "スイカズラ",
        "message": "「喜欢团长没问题，现在讨厌起来也麻烦\\n但因为喜欢而让自己的心乱成一团我可不喜欢」"
    },
    {
        "name": "スイカズラ",
        "message": "「所以，今晚用另一种方式\\n让团长责难我\\n全部交给你，随便怎么样都可以」"
    },
    {
        "message": "用冰冷的眼神断言了下来。\\n似乎并没有任何逃跑的余地。"
    },
    {
        "name": "スイカズラ",
        "message": "「嗯……可以……就这样，插进来……\\n全部都……嗯……嗯嗯……」"
    },
    {
        "message": "前戏之后，握住腹部，撕开了狭窄的洞口。"
    },
    {
        "message": "等待着的是与上次一样舒适的束缚感。\\n充满湿润的肉褶相互纠缠的感觉，\\n仿佛腰部被带走一般的快感。"
    },
    {
        "name": "スイカズラ",
        "message": "「团长……动得太急了」"
    },
    {
        "message": "她投来的目光让人难受。\\n被一个小女孩在性交中责难，确实是相当痛苦的事情。"
    },
    {
        "name": "スイカズラ",
        "message": "「快……快点动\\n如果动了就会很快射出来？这种话可不行哦？」"
    },
    {
        "message": "万一射出来了会怎么样呢。"
    },
    {
        "name": "スイカズラ",
        "message": "「你真过分」"
    },
    {
        "message": "说出了可怕的话。\\n因为含糊不清的话语，脑海里只浮现出讨厌的想象。"
    },
    {
        "message": "我可不想要那样的事情。\\n压制住涌上心头的不安，开始插入。"
    },
    {
        "name": "スイカズラ",
        "message": "「啊……嗯……嗯啊……哈……嗯……嗯啊……」"
    },
    {
        "message": "首先温柔地，让自己的形状适应进去。\\n像身体一样，轻轻地在狭窄而浅的肉壶中来回摩擦。"
    },
    {
        "name": "スイカズラ",
        "message": "「嗯……原来如此……\\n你在侵犯女人时……就是这样刺激她的吧……」"
    },
    {
        "message": "但是，即使动了一会儿腰，\\n忍冬仍然将目光投向这边。"
    },
    {
        "message": "为了忍受快感闭上眼睛，也为了逃避羞耻而不移开视线。"
    },
    {
        "message": "被不安所困扰，下意识地停住了腰。\\n果然，她并没有感受到吗。"
    },
    {
        "name": "スイカズラ",
        "message": "「不算糟糕，但也不怎么好」"
    },
    {
        "message": "评价有些模棱两可。\\n倒不如干脆认定它毫无用处更好。"
    },
    {
        "name": "スイカズラ",
        "message": "「啊，有点沮丧」"
    },
    {
        "name": "スイカズラ",
        "message": "「明明这么沮丧，阴茎却硬邦邦的\\n团长，真厉害\\n好可怜啊」"
    },
    {
        "message": "随便说什么都行。\\n只要有洞，我就想进去的心情。"
    },
    {
        "name": "スイカズラ",
        "message": "「现在才说要进哪里？\\n不是已经进去了吗？进入我的洞里了吧」"
    },
    {
        "message": "无表情的轻浮话语更加刺耳。\\n最好是希望不要再欺负我了。"
    },
    {
        "name": "スイカズラ",
        "message": "「呜，这个人更加沮丧了\\n因为麻烦就别再来烦我了？就这样吧」"
    },
    {
        "name": "スイカズラ",
        "message": "「其实，你为什么这么沮丧呢」"
    },
    {
        "message": "那是因为没能让忍冬感到舒服……"
    },
    {
        "name": "スイカズラ",
        "message": "「我并没有说不舒服啊」"
    },
    {
        "message": "听到那令人厌烦的话，一瞬间感到愕然。"
    },
    {
        "name": "スイカズラ",
        "message": "「嗯……不算糟糕，但也不怎么好……只是这么说了而已\\n啊……嗯……并没有说不舒服啊」"
    },
    {
        "message": "用短腿支撑着，\\n忍冬一边说着话一边摩擦着屁股。"
    },
    {
        "name": "スイカズラ",
        "message": "「真的……很舒服……\\n至少比上次……我真的有感觉了……」"
    },
    {
        "name": "スイカズラ",
        "message": "「所以……如果有时间沮丧的话……嗯……哈……\\n好好地，对我……\\n把团长的全部都摩擦在我的里面……」"
    },
    {
        "message": "眼角露出撒娇的神情。\\n这样才终于能够注意到。"
    },
    {
        "message": "忍冬摇动着臀部，示意着渴望。"
    },
    {
        "name": "スイカズラ",
        "message": "「嗯……就是这样？继续保持这个状态……」"
    },
    {
        "name": "スイカズラ",
        "message": "「紧紧地握住我的肚子……\\n一直插到最深处……再来一次……呼啊……嗯嗯嗯……」"
    },
    {
        "message": "在她的撒娇下，我重新坚挺起来，\\n重新开始深入抽插。"
    },
    {
        "name": "スイカズラ",
        "message": "「啊……啊嗯……嗯啊……哈啊……这个……这种感觉\\n不要着急，慢慢来就好了……」"
    },
    {
        "name": "スイカズラ",
        "message": "「真的很舒服……变得很舒服了……\\n哈啊……啊嗯……团长在肚子里抚摸着……\\n因为变得很舒服了呢……啊呵呵……嗯嗯啊……」"
    },
    {
        "message": "因为她撒娇的眼神，不安感逐渐融化。"
    },
    {
        "message": "正因为此，我渐渐注意到了之前未曾察觉的事情。"
    },
    {
        "name": "スイカズラ",
        "message": "「呼啊……嗯呜，那里……好舒服……\\n阴茎的顶端卡住了，好舒服哦……」"
    },
    {
        "message": "没有不安地扭动臀部，\\n我意识到平日里冷漠的她声音中也燃起了热情。"
    },
    {
        "message": "随着抽插而溢出的喘息，并非仅仅是生理上的反应。\\n小小的身体颤抖着，从贴合的臀部传来四肢的颤动。"
    },
    {
        "name": "スイカズラ",
        "message": "「瞧……嗯，感觉到了吧……？\\n真的，很舒服……\\n被你侵犯，我确实很愉悦……」"
    },
    {
        "name": "スイカズラ",
        "message": "「所以……嗯，更刺激我吧……侵犯我，没关系的\\n嗯……啊……啊嗯……能让我更舒服一点吗？」"
    },
    {
        "message": "她渐渐迷醉的眼神点燃了下腹部的欲望。"
    },
    {
        "name": "スイカズラ",
        "message": "「啊嗯……嗯啊……啊啊……好……好哦……！」"
    },
    {
        "message": "臀部的运动变得更深入、更浓烈。"
    },
    {
        "message": "就像同时刺激着忍冬颤抖的地方、感受到的地方、\\n以及狭窄阴道内所有这些地方一样，\\n她轻轻地摩擦着臀部，扰乱着天真无邪的肉壶。"
    },
    {
        "name": "スイカズラ",
        "message": "「哎呀……啊嗯……团长，好厉害……啊，啊啊嗯！\\n肚子里面，变得湿湿的！\\n深处，被触及了！入口处，全部都在摩擦！」"
    },
    {
        "name": "スイカズラ",
        "message": "「再多一点……！ 让我更舒服！\\n嗯，啊啊啊！ 团长，团长啊！ 啊啊，啊嗯，啊，啊！」"
    },
    {
        "message": "跳跃的娇喘声进一步点燃了发作的本能。\\n她的臀部运动加速得像是沉溺于爱欲之中。"
    },
    {
        "name": "スイカズラ",
        "message": "「啊，啊嗯，啊！ 啊！ 啊嗯，啊，啊啊啊！\\n好、激烈！ 嗯，啊啊！ 这种感觉，不知道！\\n这种、舒服的感觉，不知道呀！」"
    },
    {
        "name": "スイカズラ",
        "message": "「再多教我一点吧，团长！\\n团长的……嗯，更想要更舒服的感觉！\\n嗯啊，啊啊！ 哈，啊嗯！」"
    },
    {
        "message": "已经和她一样了。\\n比昨晚被认为是天堂的时候更加兴奋。"
    },
    {
        "message": "在下腹部爱欲凝固，渴望喷发，燃烧着理性。\\n被自己和忍冬的喘息急促地驱使着，\\n龟头一次又一次地撞击子宫口。"
    },
    {
        "name": "スイカズラ",
        "message": "「已经快要出来了！ 我知道了，知道了！\\n嗯啊，啊啊！ 我也要高潮了！」"
    },
    {
        "name": "スイカズラ",
        "message": "「团长……一起高潮吧！ 啊，啊啊啊！\\n就这样，一口气，一直到最后！ 在我里面，一起高潮吧！」"
    },
    {
        "message": "我也想这样做。\\n用兽性的呼吸回答着，并冲刺到最后。"
    },
    {
        "name": "スイカズラ",
        "message": "「啊，啊嗯嗯……啊嗯嗯，啊啊啊！\\n高潮了，高潮了！\\n团长也快点吧！ 嗯啊，啊！ 啊，啊啊！」"
    },
    {
        "name": "スイカズラ",
        "message": "「全部、在里面……！\\n和我一起、感觉舒服起来呀呀呀呀呀呀呀呀！」」"
    },
    {
        "name": "スイカズラ",
        "message": "「呼啊啊！ 哈啊！ 哈啊啊啊啊啊啊……！」"
    },
    {
        "message": "高昂的娇声在夜晚的房间里回荡。"
    },
    {
        "message": "在那声音和收缩的花蕾的牵引下，\\n用精液填满狭窄的子宫。"
    },
    {
        "name": "スイカズラ",
        "message": "「嗯……嗯……啊……好厉害……\\n可能，这次……比上次还多出来了……嗯……嗯……嗯」"
    },
    {
        "message": "忍受着被填满的膨胀感，矮小身躯的痉挛，\\n生产出更多的精液，朝着子宫口前进。"
    },
    {
        "message": "再次，和她一样。\\n今夜的高潮是比昨晚更强烈的快感，更强烈的射精感。"
    },
    {
        "name": "スイカズラ",
        "message": "「哈……哈……溢出来了……\\n滴答、滴答地……精液，滴落着……」"
    },
    {
        "name": "スイカズラ",
        "message": "「呵呵……真的，太厉害了……\\n我也很舒服，但是……你也很厉害呢……？」"
    },
    {
        "message": "因为忍冬感受到了。\\n正因为如此，这边也感受到了，快感在彼此之间回荡。"
    },
    {
        "name": "スイカズラ",
        "message": "「但是……多亏了你，今晚也是失败了」"
    },
    {
        "name": "スイカズラ",
        "message": "「就像你说的……\\n因此我好像更喜欢你了\\n和上次一样呢」"
    },
    {
        "message": "确实如此。\\n但是，忍冬的表情似乎比昨晚更加满足。"
    },
    {
        "name": "スイカズラ",
        "message": "「可能，以后也会一样吧\\n无论做什么……我只会更喜欢你\\n我会一直烦恼下去」"
    },
    {
        "name": "スイカズラ",
        "message": "「所以……算了吧\\n就这样继续烦恼吧\\n我还年轻……我觉得和你在一起，这样的人生也不错」"
    },
    {
        "message": "如此下定决心，忍冬柔和地微笑着。"
    }
]