[
    {
        "message": "圣诞节真不错。非常好。\\n酒很好喝。非常非常好喝。"
    },
    {
        "name": "ジニア",
        "message": "「啊哈哈哈哈哈！\\n团长～，你总是说一样的事情～！　喝得太多了～！\\n正片是明天知道吗～？\\n今晚是平安夜，平安夜，噢～噢～♪」"
    },
    {
        "message": "吉尼亚的笑声让人感到像是成熟的柿子一样香甜。这就是惩罚。我将火热的身体拥入怀中，从她的鼻子吹向我这边。"
    },
    {
        "name": "ジニア",
        "message": "「呼噫～，好讨厌～♪\\n嘛～，对那样的坏孩子可不会送礼物哦～？」"
    },
    {
        "message": "那可麻烦了。\\n求求你原谅我，再次向她吹了口气。"
    },
    {
        "name": "ジニア",
        "message": "「可～，完全不懂呢～，完全不懂呢～！\\n没办法，大叔就送你礼物吧～♪」"
    },
    {
        "message": "醉鬼特有的谜之逻辑。\\n她用邋遢的笑容缠上来。"
    },
    {
        "name": "ジニア",
        "message": "「圣诞礼物是……我，哦！　啾♪」"
    },
    {
        "message": "紧接着，吉尼亚的脖子发出咔嚓一声断裂的声音。她喝醉了，看来已经睡着了。"
    },
    {
        "message": "带你去个凉爽的地方吧。\\n给你换上清凉的衣服。\\n顺便收下我的礼物吧。"
    },
    {
        "name": "ヒャクニチソウ",
        "message": "「嗯……啊、嗯嗯……！」"
    },
    {
        "message": "呼出的呼吸在窗户上形成了一层薄雾。\\n今夜的平安夜非常寒冷。\\n如果出门的话会冻僵吧。"
    },
    {
        "message": "与此形成鲜明对比的是，迎接我的礼物里面却异常火热。\\n酒精和前戏带来的热度舒适地缠绕在阴茎上。\\n不由自主地感受到快感，沉浸在那份湿润之中。"
    },
    {
        "name": "ヒャクニチソウ",
        "message": "「……团长，先生？」"
    },
    {
        "message": "被模糊的呼唤声和投来的眼神唤醒了我从陶醉中清醒过来。\\n仿佛是被插入的冲击惊醒了我。\\n但……不是吉尼亚，而是百日草。"
    },
    {
        "name": "ヒャクニチソウ",
        "message": "「那个，这是，怎么回事……\\n肚子里，感觉有点……胸部也很冷……」"
    },
    {
        "message": "站在窗边露出乳房并被插入阴茎，这样当然会感到寒冷。"
    },
    {
        "name": "ヒャクニチソウ",
        "message": "「哦，原来如此……」"
    },
    {
        "name": "ヒャクニチソウ",
        "message": "「……诶？」"
    },
    {
        "message": "百日草被冰冻了。"
    },
    {
        "name": "ヒャクニチソウ",
        "message": "「诶，窗户……？」"
    },
    {
        "message": "视线慢慢地移向窗外的黑暗。\\n然后停留在自己胸部被挤压在窗户上。"
    },
    {
        "message": "冰冻开始融化。\\n不同于阴道的热量，从她体内涌现出来。"
    },
    {
        "name": "ヒャクニチソウ",
        "message": "「……不、不行」"
    },
    {
        "name": "ヒャクニチソウ",
        "message": "「不行不行不行不行，这、这太过分了！\\n这是怎么回事！？ 到底发生了什么！？\\n为什么会变成这样！？」"
    },
    {
        "message": "混乱也是可以理解的。\\n总之，一边摇动着腰部，一边解释吧。"
    },
    {
        "name": "ヒャクニチソウ",
        "message": "「唔……请、请……等一下……\\n解释什么……唔、唔，请等一下！」"
    },
    {
        "message": "还记得和百日草一起度过的圣诞节的两天吗？"
    },
    {
        "name": "ヒャクニチソウ",
        "message": "「请听我说……！\\n我记得那个……！」"
    },
    {
        "message": "今天的平安夜和明天的圣诞节当天分别和吉尼亚、百日草度过。\\n是吉尼亚让给了百日草。"
    },
    {
        "name": "ヒャクニチソウ",
        "message": "「是、是的……那个，我也记得……啊、唔……！\\n这样，强迫我……！\\n胸部，好冷……先端也在磨擦……！」"
    },
    {
        "message": "所以今晚的平安夜，一直到刚才都是和吉尼亚一起喝酒度过的……。"
    },
    {
        "name": "ヒャクニチソウ",
        "message": "「不，不是一直到而是……！？」"
    },
    {
        "message": "在交杯酒之际，她说礼物就是自己，然后就睡着了，所以我们把她带到这里凉快一下，\\n并且感激地接受了礼物。"
    },
    {
        "name": "ヒャクニチソウ",
        "message": "「吉尼亚，做这种事……又、又在胡来……！」"
    },
    {
        "message": "不过接受礼物的并不是说话者吉尼亚，而是百日草。\\n入睡和苏醒对她们来说都是人格开关之一。"
    },
    {
        "message": "停下来也许更好吧。\\n一边舔着红晕的耳朵，我试探地问道。"
    },
    {
        "name": "ヒャクニチソウ",
        "message": "「啊……啊呜……不、不行……！」"
    },
    {
        "message": "如果不行的话，那还是停下来比较好吗。"
    },
    {
        "name": "ヒャクニチソウ",
        "message": "「啊、不是……那个，我刚才并不是那个意思……！」"
    },
    {
        "message": "我低语着表示理解，并用舌尖舔舐着她的耳朵。\\n百日草的身体展现出了雌性的反应。"
    },
    {
        "name": "ヒャクニチソウ",
        "message": "「啊、啊啊……呜、好刺激……！\\n明明不行，在这种地方被看到，虽然不行……！」"
    },
    {
        "name": "ヒャクニチソウ",
        "message": "「求求你了……！\\n我就当作是礼物好了……！\\n我也会送你同样的礼物的……！」"
    },
    {
        "name": "ヒャクニチソウ",
        "message": "「我是你的女人，我非常爱你……！\\n所、所以，做这种事……做这种事也可以的！」"
    },
    {
        "message": "在羞耻和不安之中，她仍然传达着她的善意，我的心也因此而热烈起来。"
    },
    {
        "name": "ヒャクニチソウ",
        "message": "「但是，在这种地方……如果被别人看到的话，你肯定也会……！\\n拜托了……！至少在床上，温柔对待我……！」"
    },
    {
        "message": "抱歉，不可能。"
    },
    {
        "name": "ヒャクニチソウ",
        "message": "「为什么呀……！？」"
    },
    {
        "message": "半哭的声音实在是可爱。\\n在醉酒的状态下，根本无法抗拒。\\n使出更加剧烈的腰部动作。"
    },
    {
        "name": "ヒャクニチソウ",
        "message": "「啊……啊啊啊！ 嗯啊、啊啊啊啊！ 哈啊啊！\\n团长先生……！ 啊、等等，等等等等……！」"
    },
    {
        "message": "沉浸在羞耻中的妖娆身姿让人目不转睛。\\n一边低语着好可爱一边舔舐她的耳朵，搅动着她的阴道。"
    },
    {
        "name": "ヒャクニチソウ",
        "message": "「真的、不行……！ 哈啊！ 啊、啊啊啊！\\n夸奖也不行，舔舐声也不行……！」"
    },
    {
        "name": "ヒャクニチソウ",
        "message": "「虽然觉得高兴……！ 尽管很害羞……！\\n啊、啊啊！ 发出淫荡的声音了……！」"
    },
    {
        "name": "ヒャクニチソウ",
        "message": "「外面能听见……！ 会被别人听到的……！\\n夸奖我，请原谅……！ 呼呼、嗯啊啊！ 哈、哈啊啊！」」"
    },
    {
        "message": "酒后对我来说没有用，只会变成挑衅。\\n而且，对这么可爱的百日草来说……。"
    },
    {
        "name": "ヒャクニチソウ",
        "message": "「嗯、嗯！夸奖是禁止的……！会变得奇怪的！\\n身体自己……！嗯啊，哈啊！啊，啊啊！」"
    },
    {
        "message": "阴道压力增加，爱液的量也增加了。\\n不情愿地摇头拒绝主人，\\n百日草的身体颤抖着迎接雌性的快感。"
    },
    {
        "message": "仿佛在乞求一般的蠕动让我的心灵和身体更加兴奋。\\n在炽热的冲动下，激烈地刮擦着子宫口。"
    },
    {
        "name": "ヒャクニチソウ",
        "message": "「啊，啊啊！深、深处……！好热的感觉！\\n哈啊啊！啊，啊啊啊！」"
    },
    {
        "name": "ヒャクニチソウ",
        "message": "「好舒服……！团长大人真厉害……！\\n嗯！啊啊！耳朵和深处，咕噜咕噜地、转呀转呀地好厉害……！\\n要、要舒服了呢！脑袋里变得一片空白了呢！」"
    },
    {
        "message": "窗户发出吱吱声，被推出去的娇声变得模糊不清。\\n在羞耻和快感之间混乱不堪，\\n理性已经没有复苏的机会。"
    },
    {
        "name": "ヒャクニチソウ",
        "message": "「啊啊、好大、好大呀！嗯，啊啊好热呀！\\n龟头、膨胀了起来呢！啊啊，要射出来了、要射进来了呢！\\n不行、不行不行不行呀！！」"
    },
    {
        "name": "ヒャクニチソウ",
        "message": "「虽然很害羞，但很高兴也不行呀！！\\n不行了呀！好舒服的感觉呀！我要飞起来了……！\\n团长大人……！团长大人团长大人！！」"
    },
    {
        "name": "ヒャクニチソウ",
        "message": "「啊呜……！」"
    },
    {
        "message": "窗户和自己仿佛挤压着乳房和子宫，将最后一滴都注入其中。"
    },
    {
        "name": "ヒャクニチソウ",
        "message": "「呼……呼……没被看见吧……\\n应该没被看见吧……？」"
    },
    {
        "message": "说着无情的话语，情绪还未散去。"
    },
    {
        "name": "ヒャクニチソウ",
        "message": "「那是理所当然的……\\n在这种地方，如果被人看见的话……\\n我也会感到害羞，你也是吧……」"
    },
    {
        "message": "不过，我也得说些无情的话语才行。"
    },
    {
        "name": "ヒャクニチソウ",
        "message": "「随便什么都好……\\n总之快点离开这里……」"
    },
    {
        "message": "恶心死了。"
    },
    {
        "name": "ヒャクニチソウ",
        "message": "「……什么？」"
    },
    {
        "message": "喝醉后剧烈运动，感觉要吐了。"
    },
    {
        "name": "ヒャクニチソウ",
        "message": "「……诶诶诶诶诶！？」"
    },
    {
        "message": "百日草的情绪即将崩溃。\\n我也感觉自己随时都会崩溃。\\n……想说些轻松的话……但是……。"
    },
    {
        "name": "ヒャクニチソウ",
        "message": "「……呼、咕噜……唔唔……好讨厌……\\n这样太乱了啦……」"
    },
    {
        "name": "ヒャクニチソウ",
        "message": "「我，我……明明想和团长度过更成熟、浪漫、美好的圣诞节……结果却是这样的……」"
    },
    {
        "name": "ヒャクニチソウ",
        "message": "「唔……咕噜……呜呜～」"
    },
    {
        "message": "……反省自己有点得意忘形。\\n她是百日草，不是吉尼亚。\\n冷静下来后恶心感消失得无影无踪。"
    },
    {
        "message": "在百日草心情平复之前，\\n我温柔地拥抱她，轻声细语，抚摸着她的头。\\n一直按照她的愿望行事。"
    },
    {
        "message": "等她终于平静下来时，再次向她低头道歉……"
    },
    {
        "name": "ヒャクニチソウ",
        "message": "「不行，我不会原谅你。」"
    },
    {
        "name": "ヒャクニチソウ",
        "message": "「……虽然很舒服，但是……\\n还是，请适可而止吧？」"
    },
    {
        "message": "我点了点头。\\n……但是，看着可爱的百日草红肿的脸和生气的眼神，\\n我感觉似乎还有其他什么东西即将觉醒。"
    }
]