[
    {
        "message": "在宁静的夜空中，一阵轻微的敲门声响起。\\n打开门，映入眼帘的是加拿大耧斗菜。"
    },
    {
        "name": "コルベット",
        "message": "「团长，能和您谈谈吗……」"
    },
    {
        "message": "加拿大耧斗菜希望能更多地利用自己。\\n她因为过去的事情而感到自己身上缺少了很多东西。\\n曾经受到过迫害，\\n对于被需要这件事感到异常幸福。"
    },
    {
        "message": "但是，她也是一个人。\\n在从长久的沉睡中醒来的这个时代，她有权利过着正常的生活。\\n不能被当作工具般对待。"
    },
    {
        "name": "コルベット",
        "message": "「果然，团长您真温柔呢\\n一定是您的温柔感动了我」"
    },
    {
        "message": "她用一副优雅的姿态走向床边，朝这边投来邀请的目光。\\n加拿大耧斗菜不同寻常地试图坚持自己的意见。"
    },
    {
        "name": "コルベット",
        "message": "「无论是身体还是心灵，甚至命运，现在的我都属于你\\n当然，夜晚的时间也……\\n这具身体，请尽情满足你的欲望」"
    },
    {
        "message": "既然她说到这个份上，我无法拒绝。\\n我决定接受加拿大耧斗菜的邀请。"
    },
    {
        "name": "コルベット",
        "message": "「无论多么激烈都没关系……就算稍微变态也没关系\\n只要是稍微……」"
    },
    {
        "message": "我无法接受这个提议。\\n毕竟，我现在只是勉强活着。\\n必须要温柔地、慢慢地爱抚才行。"
    },
    {
        "message": "进行了细致入微的爱抚。\\n皮肤上微微泛起了汗水。\\n这样的话插入应该没问题了吧。"
    },
    {
        "name": "コルベット",
        "message": "「不需要再进行更多的爱抚了\\n请将那勇猛的东西刺入我的身体吧」"
    },
    {
        "message": "将阴茎的顶端贴近私处。\\n优雅的小阴唇稍微张开，进入阴道。"
    },
    {
        "name": "コルベット",
        "message": "「啊……嗯……」"
    },
    {
        "message": "坚挺的阴茎完全插入，被热情和湿润所包裹。\\n微弱的呻吟带着一丝色气，刺激着欲望，与连接在一起的事实一同。"
    },
    {
        "name": "コルベット",
        "message": "「被插入时，是这样的感觉吗\\n有些疼痛和不舒服却又不是不舒服的奇怪感觉」"
    },
    {
        "name": "コルベット",
        "message": "「团长的、那个……\\n啊，在这里说那个比较好吗？」"
    },
    {
        "message": "看上去很镇定，脸上透露出一丝宽慰之色。"
    },
    {
        "name": "コルベット",
        "message": "「对不起，如果犹豫不决的话会破坏气氛呢。毕竟，这对我来说是第一次……」"
    },
    {
        "name": "コルベット",
        "message": "「从根本上来说，我对男女之间的事情只有一些模糊的了解。在入睡之前，我是一个被排斥的存在，所以，我甚至没有交往的经验」"
    },
    {
        "message": "心里感到一阵紧迫。对加拿大耧斗菜产生了一种保护欲望，不知不觉地嘴唇相互交缠在一起。"
    },
    {
        "name": "コルベット",
        "message": "「嗯！？突然就、接吻……啾、嗯、啾」"
    },
    {
        "message": "一边接吻，一边慢慢地动着腰。"
    },
    {
        "name": "コルベット",
        "message": "「啾、嗯……嗯、啾、嗯、啾……呼、呼……团长……嗯、啾、嗯……」"
    },
    {
        "name": "コルベット",
        "message": "「激烈的事情，我预料到了……嗯啾、啾……这种事情，完全……呼、嗯、啾、嗯啾」"
    },
    {
        "message": "即使是安静的行为，床也发出了吱吱作响。悠闲的吱吱声反而制造出了一种淫靡的氛围。"
    },
    {
        "name": "コルベット",
        "message": "「嗯啾、滑溜滑溜……啊、啾、嗯……虽然可以粗鲁一点也没关系……啾、嗯、啊」"
    },
    {
        "message": "这件事我做不到。她应该学会珍惜自己。"
    },
    {
        "message": "松开嘴唇，手伸向胸部。尽情享受丰满的感觉，只是乳头被忽略了。"
    },
    {
        "name": "コルベット",
        "message": "「啊，嗯啊……噢，对胸部也要温柔一点……更用力揉捏也可以啊……嗯，啊，啊呀」"
    },
    {
        "name": "コルベット",
        "message": "「而且……那个地方……应该更用力一点才能更舒服……」"
    },
    {
        "message": "如果加拿大耧斗菜感到舒服的话，那就没关系。我告诉她同样的话，慢慢地继续享受快感。"
    },
    {
        "name": "コルベット",
        "message": "「那样的话，这场性爱就没有意义了！不利用团长的话……」"
    },
    {
        "name": "コルベット",
        "message": "「我不是为了自己才来的，这场性爱是为了团长的缘故……」"
    },
    {
        "message": "为了挑逗乳头，用手指抚摸乳晕周围。"
    },
    {
        "name": "コルベット",
        "message": "「可以碰吗？可以掐吗？可以弹吗？呵呵」"
    },
    {
        "message": "其实，她并不只是想要被挑逗而已。\\n当我问她时，她立刻否定了。"
    },
    {
        "name": "コルベット",
        "message": "「不、不是的……！\\n只是有点不舒服而已……」"
    },
    {
        "message": "身体渴望快感，但加拿大耧斗菜并没有点头。\\n无论我做什么说什么，她都不肯屈从。\\n也许，我应该改变表达方式。"
    },
    {
        "message": "为了让加拿大耧斗菜感到愉快，我把脸靠近了一些。"
    },
    {
        "name": "コルベット",
        "message": "「就、就算你这么说……」"
    },
    {
        "message": "看到加拿大耧斗菜的动摇，我开始对她进行质问。"
    },
    {
        "message": "粗暴对待她，难道不是出于自己的欲望吗？\\n挑逗乳头，难道也不是在撒娇吗？\\n又或者，她真正希望的是刺激阴蒂吗？"
    },
    {
        "name": "コルベット",
        "message": "「都、都不是！我只是为了团长……！」"
    },
    {
        "name": "コルベット",
        "message": "「但是，再多的反驳也会显得失礼……\\n稍微表露一点真心也无妨……」"
    },
    {
        "message": "脸颊泛起羞愧的色彩更加浓烈。\\n加拿大耧斗菜移开目光，张开嘴唇。"
    },
    {
        "name": "コルベット",
        "message": "「……接吻，是吧\\n接吻，很好……\\n感觉到最深的爱情……」"
    },
    {
        "message": "身体立刻有所动作。\\n再次贴上双唇，倾注着爱意。"
    },
    {
        "name": "コルベット",
        "message": "「嗯嗯、啾、啵啾……团长先生……啊、\\n嗯嗯、啾、嗯、啾、啵啾、啵啾……」"
    },
    {
        "name": "コルベット",
        "message": "「比刚才的吻……啾、呣巴啊、啾啵啾……\\n哈啊、哈啊……嗯嗯、啾啵啾……淫荡」"
    },
    {
        "message": "深吻和收紧的阴道，让腰部疼痛。\\n抑制住对激烈冲刺的渴望，用龙头在子宫口上摩擦。"
    },
    {
        "message": "行为本身的强度增加，两人一同沉溺于兴奋的深渊。"
    },
    {
        "name": "コルベット",
        "message": "「呼哇、嗯呲呲……小穴，收缩得很厉害……呃、\\n我自己也清楚得很明白……唔呣、啾、嗯、啾巴巴」"
    },
    {
        "name": "コルベット",
        "message": "「阴茎……顶得很深入……唔唔呼呼、唔呼、\\n唔巴、唔呼、唔巴巴巴」"
    },
    {
        "message": "珠子汗涔涔地浮现，体温渐渐升高。\\n仿佛置身潮湿的温室，头脑开始变得迷糊。"
    },
    {
        "name": "コルベット",
        "message": "「哈啊、哈啊、哈啊……嗯，啾……嗯嗯！\\n团长先生……啾、嗯嗯、啾、嗯啾、啾噗！」"
    },
    {
        "name": "コルベット",
        "message": "「稍微，休息一下……啾、嗯嗯、啾噗、嗯嗯」"
    },
    {
        "message": "询问是否感到呼吸困难。\\n回答出乎意料。"
    },
    {
        "name": "コルベット",
        "message": "「哈啊、哈啊、哈啊、哈啊……\\n心肺功能也在下降，身体已经到了极限……」"
    },
    {
        "message": "手放在胸前，确认心脏的跳动。\\n仿佛进行了长时间的运动，快速的脉搏在手掌上传递。"
    },
    {
        "name": "コルベット",
        "message": "「而且……哈啊、哈啊……阴道这边也差不多了……\\n阵阵收缩停不下来……」"
    },
    {
        "name": "コルベット",
        "message": "「但是，休息了会不会变软呢……」"
    },
    {
        "message": "如果感到疼痛的话，休息也无妨。\\n回答说希望按照加拿大耧斗菜的意愿行事。"
    },
    {
        "name": "コルベット",
        "message": "「那么，就这样……一直到最后……嘛」"
    },
    {
        "message": "再一次贴上双唇。\\n在热情中，沉浸在快感之中。"
    },
    {
        "name": "コルベット",
        "message": "「嗯，啾，嗯啾……阴茎，\\n好黏稠……深处……啾，嗯嗯」"
    },
    {
        "name": "コルベット",
        "message": "「身体在颤抖……啾，嗯啾，啾」"
    },
    {
        "message": "依然缓慢地，感觉到跨越了一道界线。\\n不需要忍耐。\\n在亲吻的同时，沉溺于快乐的深渊。"
    },
    {
        "name": "コルベット",
        "message": "「啾，嗯嗯啊……不行，阴道……啊、啾、阴茎……阴茎、用力地……啊啊！！」"
    },
    {
        "name": "コルベット",
        "message": "「团长先生……啊、团长先生……！\\n唔呜、啾、嗯、啾、嗯、啾啾啾啾……！！」"
    },
    {
        "name": "コルベット",
        "message": "「啊啊、嗯、啊、呜呜呜……！\\n阴道、抽搐了起来……！\\n嗯、呼呼呼呼……唔、啾」"
    },
    {
        "message": "被汗水浸湿的肢体颤抖着，阴道紧紧地夹住阴茎。\\n迎接着平静的射精，甜蜜的快感充满全身。\\n即便如此，加拿大耧斗菜也不放开双唇，渴望着紧紧相拥的吻。"
    },
    {
        "name": "コルベット",
        "message": "「唔、啾啾、呼呼、啾啾、啾、啾啾……\\n接吻，再多一点……嗯、啾啾、呼呼、呼呼……」"
    },
    {
        "name": "コルベット",
        "message": "「肚子暖洋洋的，感觉好极了……\\n嗯嗯啊、啾啾、嗯啾啾、嗯、嗯唔、嗯嗯……」"
    },
    {
        "message": "在达到极限的身体下，奋力寻求接吻。\\n不能不回应这个。\\n略微窥视着加拿大耧斗菜的状态，我沉浸在了接吻中。"
    },
    {
        "name": "コルベット",
        "message": "「……啪啊啊，哈哈，哈哈，哈哈……嗯唔，哈哈……\\n对不起……明明已经高潮了，却变成了接吻魔」"
    },
    {
        "message": "比起这个，询问身体还好吗。"
    },
    {
        "name": "コルベット",
        "message": "「没事，因为团长先生关心我」"
    },
    {
        "message": "轻轻拍打她的胸膛，在耳边低语。\\n如果以后还有想要我做的事情，请告诉我。"
    },
    {
        "name": "コルベット",
        "message": "「呵呵呵……团长先生真温柔\\n你伸出援手帮助我，真是太好了\\n真的……我由衷地这么认为」"
    }
]