[
    {
        "name": "ジュズダマ",
        "message": "「嘿嘿，今天……\\n为了心爱的团长大人，我特意做了特别的巧克力。」"
    },
    {
        "message": "是什么巧克力呢。\\n满怀期待地询问微笑的薏苡，\\n她拿出了一杯适度冷却的巧克力饮料。"
    },
    {
        "message": "但她没有把它递给我，而是将我引导到床上。"
    },
    {
        "name": "ジュズダマ",
        "message": "「就是这样……嗯，嗯嗯♪」"
    },
    {
        "message": "脱下衣服，将饮料滴在敞露的乳房上的薏苡。"
    },
    {
        "message": "我立刻明白了她的意图。\\n食欲和性欲同时涌现，下体产生了变化。"
    },
    {
        "name": "ジュズダマ",
        "message": "「团长大人……情人节快乐♪\\n我的巧克力……请尽情享用吧？」"
    },
    {
        "message": "被微笑所吸引，俯身覆盖在她纤细的身体上，吸吮着乳房。"
    },
    {
        "name": "ジュズダマ",
        "message": "「啊……嗯……舔舔，好帅♪\\n不用客气，没关系的……呼……啊」"
    },
    {
        "name": "ジュズダマ",
        "message": "「胸部和乳头……尽情地舔舔……\\n当想要插入时，帅气的阳具……\\n你可以尽管插进来哦……♪」"
    },
    {
        "message": "无法忍耐的阴茎，立刻渴望着阴道的温暖。"
    },
    {
        "name": "ジュズダマ",
        "message": "「没关系……就这样，继续舔着吧\\n阳具，由我来……嗯，嗯嗯」"
    },
    {
        "message": "薏苡喘着气，将阴茎对准阴道口。"
    },
    {
        "message": "那里已经湿润了。\\n稍微用力一点，就会被拉扯着深深地插入。"
    },
    {
        "name": "ジュズダマ",
        "message": "「啊……比平时还要大！\\n你的阳具，比平时更帅气！\\n啊啊啊啊……！」"
    },
    {
        "message": "娇声被淹没，羞涩的乳房颤抖不已。\\n顶端已经勃起，\\n被巧克力饮料淫靡地缠绕着。"
    },
    {
        "name": "ジュズダマ",
        "message": "「哈哈……呼呼，乳头被好好地看到了呢」"
    },
    {
        "message": "薏苡害羞了一下，但并没有试图遮掩乳房。"
    },
    {
        "name": "ジュズダマ",
        "message": "「再多一点……再多舔舔也可以哦？\\n亲吻啊，咬一口也都无所谓的」"
    },
    {
        "message": "充满慈爱地将上身拉近。\\n再次贪婪地吮吸着纤细的乳房。"
    },
    {
        "name": "ジュズダマ",
        "message": "「啊、啊呜……比刚才更加有感觉了\\n肚子，满满的……因为阳具，塞得满满的」"
    },
    {
        "name": "ジュズダマ",
        "message": "「做爱，感觉真的好强烈……\\n啊……嗯……刺刺地，好厉害」"
    },
    {
        "message": "薏苡的反应非常敏锐。舌头的动作轻易地引起了反应。\\n吸着乳头上的巧克力，她发出细细的喘息声，\\n舔去乳晕上的巧克力，皮肤上开始渗出甜蜜的汗水。"
    },
    {
        "name": "ジュズダマ",
        "message": "「舔得很好……啊……哈啊……啊呜\\n舔得很棒呢……团长先生♪」"
    },
    {
        "name": "ジュズダマ",
        "message": "「拼命地在舔着呢……好可爱呢\\n在小小的胸部上，拼命地舔着……\\n哈啊，啊……我的巧克力，怎么样？好吃吗？」"
    },
    {
        "message": "回答说很好吃时，\\n她带着慈爱的微笑变得更加深沉。"
    },
    {
        "name": "ジュズダマ",
        "message": "「嘻嘻……非常开心♪\\n不仅是肚子里，心里也……呜，都变得热热的♪」"
    },
    {
        "name": "ジュズダマ",
        "message": "「嘿，团长大人……\\n也给我一点巧克力……可以让我喝一口吗？」"
    },
    {
        "message": "薏苡并没有伸出自己的手，\\n而是看着我的嘴唇请求着。"
    },
    {
        "message": "我立刻明白了她的意图。\\n舔去粘在乳房上的巧克力，\\n她颤抖着期待着，我靠近了她的嘴唇。"
    },
    {
        "name": "ジュズダマ",
        "message": "「嗯……啾……啾啾♪」"
    },
    {
        "message": "分开双唇，将舌头和巧克力送入。\\n薏苡立刻开始吮吸起来。"
    },
    {
        "name": "ジュズダマ",
        "message": "「啾噗……啾啾啾♪\\n好吃……♪ 啾，啾噗♪」"
    },
    {
        "message": "即使巧克力已经没有了，亲吻也没有停下。\\n小小的舌头仿佛在品尝残留的味道，在我的口腔和舌头上舔舐着。"
    },
    {
        "name": "ジュズダマ",
        "message": "「啾噗……头晕晕的了呢\\n你的口水和巧克力混合在一起……啵啵，啾啾♪\\n真的，好好吃呢……♪」"
    },
    {
        "name": "ジュズダマ",
        "message": "「再给我一点……♪\\n呼噜……啾噗……啾，啾噗♪」"
    },
    {
        "message": "交织的舌头触感让我陶醉其中。\\n就像蜗牛交尾般的贴近感。"
    },
    {
        "message": "巧克力很甜，但薏苡的口水也甜。\\n轻抚而来的舌头触感就像一种褒奖，\\n她咬住我的小嘴唇，送入她的口水，仿佛在示意要更多的抚摸。"
    },
    {
        "name": "ジュズダマ",
        "message": "「嗯咕……嗯、嗯、嗯嗯嗯♪」"
    },
    {
        "message": "传来吞咽的声音。\\n随着喉部的动作，甜蜜之处也表现出幸福感，轻轻地啃咬着。"
    },
    {
        "name": "ジュズダマ",
        "message": "「啊……哈……嗯、团长大人\\n肚子，怦怦地跳个不停……」"
    },
    {
        "name": "ジュズダマ",
        "message": "「你的，阳具也变得好粗大……\\n嗯……看起来很舒服呢」"
    },
    {
        "name": "ジュズダマ",
        "message": "「诶嘿嘿……动一动的话，会更舒服的♪\\n团长大人也……是这么想的吧？」"
    },
    {
        "message": "对于这种诱惑，我根本无法忍耐。\\n立刻送入抽插。"
    },
    {
        "name": "ジュズダマ",
        "message": "「啊啊……啊……阳具，刺刺地♪\\n太棒了……好帅气呢♪　啊……哈……唔」"
    },
    {
        "name": "ジュズダマ",
        "message": "「我的肚子里……已经湿润得满满的了\\n嗯啊……嗯啊……尽情地摩擦吧♪」"
    },
    {
        "message": "原本就狭窄的阴道因为收缩变得更加狭窄。\\n交织的贴近感和微笑让人心情愉悦。\\n用大幅度的冲刺在浅浅的肉壶上细致地摩擦。"
    },
    {
        "name": "ジュズダマ",
        "message": "「啊啊，好深……啊、嗯……啊呀\\n宝宝的房间……咚咚，顶端，碰到了呢」"
    },
    {
        "name": "ジュズダマ",
        "message": "「这个，好舒服……哈……啊呀\\n能感受到帅气的你……呃\\n哈……嗯……越来越敏感了！」"
    },
    {
        "message": "每次触及尽头，小小身体都会兴奋地颤动。\\n乳房也在颤抖不已。"
    },
    {
        "message": "再次吮吸那对乳房时，\\n甜蜜之处也再次无限地吸附着。"
    },
    {
        "name": "ジュズダマ",
        "message": "「啊啊，好可爱♪\\n亲亲吸着奶子，好可爱呢……♪」"
    },
    {
        "name": "ジュズダマ",
        "message": "「喝饱了哦？\\n哈……啊呀……啊啊！」"
    },
    {
        "name": "ジュズダマ",
        "message": "「只有你才能喂我喝！\\n只有你的巧克力才行呢……！」"
    },
    {
        "message": "身体颤抖，脸上洋溢着淫靡的表情，全都被薏苡所包容。"
    },
    {
        "message": "在背德的情人节中，理性融化了。\\n射精的欲望涌现，腰部动作加快。"
    },
    {
        "name": "ジュズダマ",
        "message": "「啊啊，啊呀！　嘿咻嘿咻，好帅气……！　嗯啊，啊啊！」"
    },
    {
        "name": "ジュズダマ",
        "message": "「肚子里，全部都在摩擦……！\\n奶子也，奶子也，全部都好舒服！　好舒服呢！」"
    },
    {
        "message": "即使被男人全力摇晃着，\\n薏苡还是在夸奖着并宠爱着我。"
    },
    {
        "name": "ジュズダマ",
        "message": "「太厉害了呢，团长大人……♪\\n你真的……擅长让女孩子幸福呢……！」"
    },
    {
        "name": "ジュズダマ",
        "message": "「非常、非常帅气♪\\n乖乖……我会给你很多回报的哦！」"
    },
    {
        "message": "被无尽的赞美之词感动得心神激荡。\\n下腹的热量仿佛被温柔地拉扯出来。"
    },
    {
        "name": "ジュズダマ",
        "message": "「啊、啊啊、啊啊啊！　顶端已经涨得满满的……！\\n嗯啊、啊啊！　要射了吧……！\\n精液，喷喷地……！　要中出我了……！」"
    },
    {
        "name": "ジュズダマ",
        "message": "「射出来了，好高兴……！　乖乖，让我来吧！\\n啊啊！　嗯啊，啊啊！\\n深处，乖乖……！　在宝宝的房间里乖乖，想要做呢！」"
    },
    {
        "message": "宽容的恳求推动着一切。\\n吸住双唇，扭动着腰部。"
    },
    {
        "name": "ジュズダマ",
        "message": "「嗯噗、噗噗、噗噗……！\\n放出来吧！　深入，充实起来！　嗯咿咿，咪呀！\\n我也要、要一起、达到了呢！」"
    },
    {
        "name": "ジュズダマ",
        "message": "「好帅气的精子……在宝宝的房间里涌进来吧！\\n啊呜、嗯噗噗、噗噗噗噗♪」"
    },
    {
        "name": "ジュズダマ",
        "message": "「哇……！　哈……哈……！\\n啊啊、阴茎，好努力呢……！　精液，喷喷地，好厉害♪」"
    },
    {
        "name": "ジュズダマ",
        "message": "「宝宝的房间……涨满了♪\\n诶嘿嘿……你喜欢我的，情人节礼物吗？」"
    },
    {
        "message": "即使在颤抖于极致和饮下精液之际，\\n还能感受到微笑中的关怀让人开心。"
    },
    {
        "message": "追求更多幸福和甜蜜，\\n再次吸附在沾满巧克力的乳房上。"
    },
    {
        "name": "ジュズダマ",
        "message": "「哈……嗯噜♪\\n这样贴在一起的话……宝宝的房间就要被挤扁了♪」"
    },
    {
        "name": "ジュズダマ",
        "message": "「现在，好敏感呢……啊啊……嗯嗯♪\\n真的，已经……\\n到底要怎样才能让女孩子幸福到满意呢？」"
    },
    {
        "name": "ジュズダマ",
        "message": "「诶嘿嘿……团长大人，好帅气呢♪\\n帅气的同时，还好可爱♪」"
    },
    {
        "message": "在强烈快感和幸福感之间微笑着，\\n薏苡温柔地抚摸着我的头。"
    },
    {
        "name": "ジュズダマ",
        "message": "「乖乖……尽情、亲亲，可以哦♪」"
    },
    {
        "name": "ジュズダマ",
        "message": "「我的，身体和巧克力……\\n都是团长大人的专属呢……♪\\n啊啊……嗯嗯……哈……啊啊♪」"
    }
]