[
    {
        "name": "サフラン",
        "message": "「嗯……团长……」"
    },
    {
        "message": "无视她的犹豫，跪在地上，把嘴唇凑近了番红花的手。\\n仿佛在进行一场誓约般的仪式，但实际上并不是要吻她的手指。\\n而是含住了她的手指。"
    },
    {
        "message": "舔舐之中，我尝到了一丝铁锈的味道。也就是血的味道。\\n舔完后，我瞥见地板上散落的茶杯碎片。\\n此刻，阳光和煦，午后时光宁静而美好。正是喝茶的时刻。"
    },
    {
        "name": "サフラン",
        "message": "「这样做，好像不太像我……？\\n而且，让你做这种事……嗯……啊……嗯……」"
    },
    {
        "message": "虽然确实如此，但我用微笑回应她那带点无奈的俯视。\\n虽然只是临时处理，但她被挠痒似的扭动着身体让人感到愉悦。\\n我玩笑般地用舌头缠绕着她纤细的手指。"
    },
    {
        "name": "サフラン",
        "message": "「啊、啊……别舔那么多……嗯、呜呜……团长……等一下……\\n这样不行，真的不行……嗯、呜呜……虽然是我的错……但再继续下去就不行了……」"
    },
    {
        "message": "然而，我的恶作剧心渐渐变成了惊讶。\\n番红花的声音和表情中透露出了另一种情绪。"
    },
    {
        "name": "サフラン",
        "message": "「哈啊……被这样子舔着……\\n我、我想起了其他事情……嗯、呜呜\\n明明现在不是这个时候……时间还早着呢……哈啊、啊、那个、虽然是这么明亮的天气……啊、呜呜、啊……但是…呜呜」"
    },
    {
        "name": "サフラン",
        "message": "「啊…团、长、我…已经…已经不行了…\\n好痛苦…肚子里…难受…啊…啊…」"
    },
    {
        "message": "裹着的大腿，痛苦地摩擦着母狼。\\n俯视我的眼瞳中，映射出无疑的发情姿态。"
    },
    {
        "name": "サフラン",
        "message": "「嗯嗯，啾……啊啊啊啊啊啊～……！」"
    },
    {
        "message": "被吸入其中。\\n口腔和秘处的插入，伴随着这样的感觉。"
    },
    {
        "name": "サフラン",
        "message": "「嗯，啾……嗯咩，嗯……被填满了……来了……一直这样，要吸吮吸吮……想要充实……」"
    },
    {
        "name": "サフラン",
        "message": "「我，已经不行了……想要，想要……忍不住了……啾，嗯咩咩……啾啪，啾……嗯嗯…」"
    },
    {
        "message": "番红花一边吮吸着手指，一边扭动着腰部。\\n不是在引诱别人，而是自己在摩擦阴道。"
    },
    {
        "message": "对于如此撩人的姿态，除了回应之外别无选择。\\n按照期望开始抽插。"
    },
    {
        "name": "サフラン",
        "message": "「呼……嗯，嗯咩咩……！\\n一直这样……充实地吸吮吸吮？\\n我的、阴户……已经、湿湿的了呢……」"
    },
    {
        "name": "サフラン",
        "message": "「啾，啾皮……♪\\n好舒服呢……好舒服呢……♪\\n啊，嗯……身体、好热呢……更加想要你呢……♪\\n啾哇皮，嗯咩，哦皮皮皮♪」"
    },
    {
        "message": "不仅声音和肌肤，连阴道内也充满了幸福感。\\n黏稠温暖的爱液和阴道肉缠绕在阴茎上，\\n甜蜜地轻咬着并颤抖着摩擦。"
    },
    {
        "message": "而且，现在的番红花是男装打扮。\\n作为包裹淫乱本质的雌性妩媚姿态，这种反差极其强烈，\\n又一次激起了我的兽欲和兴奋。"
    },
    {
        "name": "サフラン",
        "message": "「呼……嗯啊……♪\\n啊……胸部也会让我感觉到……♪」"
    },
    {
        "message": "我也渴望着感受到番红花的温暖。\\n耳边低语时，她的花房收缩了一下。"
    },
    {
        "name": "サフラン",
        "message": "「呼……啊，好开心……♪\\n嗯啊～……更多地、感受到吧……兰陀先生……♪」"
    },
    {
        "message": "收紧着花房，用放荡的舌头舔弄着手指的贵族小姐。\\n如果对这样的行为不感到兴奋，那么那个人恐怕已经不再是男人了。"
    },
    {
        "message": "在这种难以言喻的激动中，\\n用双指和阴茎品尝着贵族小姐淫荡的身体。"
    },
    {
        "name": "サフラン",
        "message": "「呼啊嗯……嗯啊啊、啊哈哈……啊哈哈、太棒了……太棒了♪」"
    },
    {
        "message": "被阴道深处和乳房的刺激所融化的番红花。\\n像婴儿一样吮吸着指尖，并且更加迫切地请求着。"
    },
    {
        "message": "是什么让她变成这样呢。\\n我意识到自己逐渐被吞噬，用剩下的理性提出了这个问题。"
    },
    {
        "name": "サフラン",
        "message": "「啊……嗯，因为你……舔了我的手指……」"
    },
    {
        "message": "作为发生的顺序确实是这样。\\n但是，应该不仅仅是这样。\\n我轻轻地捏了一下变硬的乳头，促使着她。"
    },
    {
        "name": "サフラン",
        "message": "「呜啊啊……！\\n啊啊、嗯啊……我、我……已经想要了……！」"
    },
    {
        "name": "サフラン",
        "message": "「用手指感受你的舌头……呃、\\n回想起之前的淫荡吻，然后自己的小穴就湿润了……！」"
    },
    {
        "name": "サフラン",
        "message": "「肚子里面……呃、子宫变得炽热起来了……呼啊、嗯……渴望着你的东西，我的身体开始疼痛了……！\\n想要含住那个东西……呃、好想要很多很多！」"
    },
    {
        "message": "无法忍受。冲动贯穿全身。"
    },
    {
        "name": "サフラン",
        "message": "「呼呜……嗯啊、哈啊……啊啊、嗯嗯啊啊！\\n那个东西，变得更硬了……！\\n胸部也很舒服哦……啊啊、呼呜、嗯嗯啊啊！」"
    },
    {
        "name": "サフラン",
        "message": "「啊、啊啊……呃、好高兴哦，团长先生……！\\n你也要感受一下哦……！\\n手指，会好好地吸引你哦！我的舌头和口水，让你感受到很多很多！\\n唔咔噗，嗯嗯、呼唷唷、唔唔、唔唔♪」"
    },
    {
        "message": "小幅的抚摸和对柔软肉体的爱抚引发了不雅的娇声，\\n然而，番红花还在舔着这边。\\n是因为渴望这个才伸出手指吗？心中充满了喜悦。"
    },
    {
        "message": "这种兴奋引发了更强烈的力量和欲望。\\n为了追求那种缠绕的湿润和柔软，\\n我深深地吞咽着双方的口腔。"
    },
    {
        "name": "サフラン",
        "message": "「呜呜……！？ 嗯、嗯嗯……好舒服……好舒服啊！\\n嗯啊、啊呜、两个地方都……啊、嗯呜呜、嗯嗯嗯！\\n好厉害啊……！ 嗯嗯、啾啪啊、嗯咿呜♪」"
    },
    {
        "name": "サフラン",
        "message": "「好舒服，子宫、两个地方都……！ 被侵犯了！\\n被犯了……！\\n嗯呜、嗯嗯……嗯唔！ 好舒服，好舒服啊！」"
    },
    {
        "message": "手指感受到阴道里扑簌簌的喘息声，手上传来沉闷的鼻息。\\n紧紧地包裹住阴茎，\\n男装下身陷入了快感之中。"
    },
    {
        "message": "完全沉浸其中。我意识到了这一点。\\n那么接下来，只剩下更深入地将自己注入其中了。"
    },
    {
        "name": "サフラン",
        "message": "「呜呼呼！？ 嗯、哈呜呼……！ 唔啊啊、哈啊啊！\\n哈啊、来了……来了！\\n你的动作在射出时……唔唔、唔唔啊啊！\\n我已经记住了！ 我明白了！」"
    },
    {
        "name": "サフラン",
        "message": "「射精、来了！ 在最深处来了！\\n满满地射进子宫里！\\n在渴望着的阴道里，让我高潮吧！」"
    },
    {
        "name": "サフラン",
        "message": "「快点射出来吧……！ 我已经无法忍受了……！ 快点……快高潮吧！\\n唔唔、啾啪、嗯唔唔唔唔唔唔……！」"
    },
    {
        "name": "サフラン",
        "message": "「嗯唔唔、嗯、嗯、嗯嗯……啪……♪\\n深处……嗯唔唔，好热，来了呢……\\n啊、哈啊啊……被带到高潮的感觉，好幸福呢……♪」"
    },
    {
        "message": "感受到灌注进来的精液的热度，番红花颤抖着，发出迷醉的呻吟。\\n手掌感受到的热度，犹如粘稠而闷热，\\n仿佛正在吞咽着这里所饮下的精液一般。"
    },
    {
        "message": "刚有了那样的感想，立刻就回想起了现在的时间。"
    },
    {
        "name": "サフラン",
        "message": "「哈、哈、啊啊……团长大人，对不起……」"
    },
    {
        "message": "不用在意，我这样回答道。\\n她似乎是在为中午所做的事情道歉。"
    },
    {
        "message": "然而，那并不是真相。\\n因为番红花再次吸住手指，\\n并开始动着沾满精液的阴道。"
    },
    {
        "name": "サフラン",
        "message": "「啪、啪……♪\\n团长大人的手指……白色而且软绵绵的……\\n但是，对不起呢……♪\\n我还想要更多地……舔舐着呢……♪」"
    },
    {
        "name": "サフラン",
        "message": "「阴道和胸部都还不够呢……\\n这样下去，我可回不了工作了呢……♪」"
    },
    {
        "message": "最后那句话恐怕只是表面文章。\\n展现出来的淫态，早已忘记了回去工作或者现在是几点这些事情。"
    },
    {
        "message": "脑海中可能只有一件事，那就是吮吸眼前的手指，以及阴道内的刺激和热度了吧。"
    },
    {
        "name": "サフラン",
        "message": "「嗯、啾……说起来，这不是因为受伤了吗……\n都怪你的哦……？」"
    },
    {
        "name": "サフラン",
        "message": "「和你在一起的时候，我脑海中只有和你做爱的事情……\n期待着，身体和头脑都变得炽热……\n啊……所以，全部都是你的错哦……♪」"
    },
    {
        "name": "サフラン",
        "message": "「大贵族的女儿竟然变得这么淫荡……\n全都是团长大人的错哦……♪\n嗯、啾……所以，快点……负起责任，让我更淫荡一点吧～♪」"
    },
    {
        "message": "征服欲充斥全身。\n立刻复活的阴茎挺立起来，心里默默祈祷着别有人来，\n然后便满足了番红花淫荡的恳求。"
    }
]