[
    {
        "message": "某天的中午，萝卜来到了房间。\\n但是……。"
    },
    {
        "name": "スズシロ",
        "message": "「嗨♪ 团长～，有空吗？」"
    },
    {
        "message": "……怎么了呢？\\n说话的口气怪怪的，而且完全没有感情。\\n是不是得了什么病呢？"
    },
    {
        "name": "スズシロ",
        "message": "「那种事，无所谓吧\\n比起那个，还有其他事要做吧？\\n要躺在床上休息吗？」"
    },
    {
        "message": "听着萝卜那冷淡的语气，\\n我移步到卧室，仰面躺在床上。"
    },
    {
        "name": "スズシロ",
        "message": "「呵呵，真是个乖孩子呢～\\n今晚可不会让你睡着哦，宝贝……♪」"
    },
    {
        "message": "中午。"
    },
    {
        "name": "スズシロ",
        "message": "「那个……午睡的意思吗？\\n噢呼呼呼～」"
    },
    {
        "message": "到底怎么了。\\n如果有烦恼的话，希望你能坦诚相告。\\n是什么让你如此困扰呢……。"
    },
    {
        "name": "スズシロ",
        "message": "「烦恼什么的不存在啦？真的哦～？\\n比起那个，我突然开始渴望那个了♪ 真是忍不住想要呢～！」"
    },
    {
        "message": "一边呆板地说着，\\n萝卜骑在我的身上。\\n然后，激烈地缠绕舌头。"
    },
    {
        "name": "スズシロ",
        "message": "「嗯……啾……啪哈，啾……嗯嗯……\\n嘛，……嗯嗯，亲亲，啾……\\n啪哈，稍……稍等一下，嗯……我要喘口气」"
    },
    {
        "name": "スズシロ",
        "message": "「嗯……啾啾，亲亲、啾、啾、吸吮、吸一口、就这样、\\n团长的插进来了哦……」"
    },
    {
        "name": "スズシロ",
        "message": "「嗯，好痛苦……果然，好、好舒服呢♪」"
    },
    {
        "name": "スズシロ",
        "message": "「呼、啾啾！ 是呢……！你的全部都进去了哦？ 哈哈哈哈，\\n呼、啾啾、好疼……真是没问题没问题哦～！」"
    },
    {
        "name": "スズシロ",
        "message": "「今天的我和平常不一样呢……\\n等等！ 啊啊，稍、别自行动起来！\\n唔唔……果然还是不行呢～！」"
    },
    {
        "message": "一直在呆板表演的萝卜突然恢复了本来的样子。\\n阴茎已经全部进入了。\\n因生理反应勃起的它，在阴道内颤抖着。\\n对于这种颤抖，萝卜似乎无法忍受。"
    },
    {
        "message": "到底怎么了。\\n虽然我们已经多次交合过，\\n但这是第一次出现这种情况。我不知道这种情况……。\\n到底怎么了，为什么会呆板表演呢？我问着萝卜。"
    },
    {
        "name": "スズシロ",
        "message": "「那、那个呢……其实我在看书……\\n书上写着，有时候需要主动一点，\\n对男人，否则可能会被厌倦……」"
    },
    {
        "name": "スズシロ",
        "message": "「我……不想让团长厌倦\\n而且，书上说，情欲高涨的时候……\\n我也能超越快感的极限，达到高潮」"
    },
    {
        "name": "スズシロ",
        "message": "「所以，希望团长能兴奋起来，让我达到高潮……\\n我也想体验一下……高潮是怎样的感觉」"
    },
    {
        "message": "……原来如此，情况已经了解。\\n很符合萝卜的风格。\\n而且，虽然交合了很多次……\\n却从未见过萝卜达到高潮。"
    },
    {
        "message": "内心涌起了想要见证萝卜达到高潮的感觉。\\n情况已经明白了，我对萝卜说继续行动吧。\\n不过，萝卜参考的书是错误的，\\n就算板着脸迫近也没用……我补充道。"
    },
    {
        "name": "スズシロ",
        "message": "「别、别说板着脸啦～！\\n我可是认真地在做的！真是的，团长好坏」"
    },
    {
        "message": "对着生气的萝卜说这样就好了。\\n即使是平时乖巧的萝卜，更不用说板着脸下流的样子了，\\n自然状态的萝卜才最有魅力。"
    },
    {
        "message": "相反，在这种时候更要展现出平时无法展现的本色。\\n这样对于萝卜来说肯定更好。\\n连敬语，在这种时候也不需要使用。"
    },
    {
        "name": "スズシロ",
        "message": "「原来如此……那么，团长，\\n我可以素面对你撒娇吗……不对，\\n撒娇……可以吗？」"
    },
    {
        "name": "スズシロ",
        "message": "「虽然我会撒娇，但你不会觉得讨厌吗？我撒娇了，你也不会对别人说吧？」"
    },
    {
        "message": "回答说绝对不会做那种事。"
    },
    {
        "name": "スズシロ",
        "message": "「团长……谢谢你！我，好喜欢你！我喜欢你！团长，请握住我的双手！」"
    },
    {
        "message": "握住伸出的萝卜的双手，紧紧地握了回去。虽然是柔软而小巧的手，但那体温却热得像火一样。"
    },
    {
        "name": "スズシロ",
        "message": "「走吧，团长……♪ 嗯、呼、哈、啊、啊、啊、咕——团长，团长！」"
    },
    {
        "message": "萝卜开始动了。利用紧窄的阴道，她套弄着勃起的阴茎。刚以为拉出来到龟头了，马上又把根部塞进去。通过这种进出，她不停地刺激整根阴茎。"
    },
    {
        "name": "スズシロ",
        "message": "「嗯……嗯、你的东西深深地刺进去了。啊、好……我喜欢这个……喜欢……啊……多亏了和团长的预习复习才有这个感觉」"
    },
    {
        "name": "スズシロ",
        "message": "「我的里面变得非常敏感了。这种情况……是不是叫做开发？」"
    },
    {
        "name": "スズシロ",
        "message": "「被团长开发了♪ 嗯，感觉真好」"
    },
    {
        "message": "一如既往地在意她在读什么书，但还是不打算深究。随着萝卜的深入激烈的动作，我也猛烈地向上冲刺，仿佛要贯穿她的身体一般。"
    },
    {
        "name": "スズシロ",
        "message": "「啊啊，再来……我想要更激烈的！我也会更加主动……！」"
    },
    {
        "name": "スズシロ",
        "message": "「想要一起感受快感！嘿、啊、啊啊，太舒服了！」"
    },
    {
        "name": "スズシロ",
        "message": "「嗯，呼，啊啊，好像要到了！肚子里在颤抖，啊，这、这是……啊，啊啊，团长！」"
    },
    {
        "message": "握住萝卜的手。那手已经被汗水浸湿。不仅仅是手。从全身涌出像珠子一样的汗水，在抽送的同时四处飞溅。"
    },
    {
        "message": "阴道越发紧缩，强烈的快感让腰部几乎软了下来。阴茎承受着压力，与几乎要融化的阴道温度相互作用。而且肉褶不停地振动着，努力促进射精，预示着萝卜即将达到高潮。"
    },
    {
        "name": "スズシロ",
        "message": "「啊啊，这……就是……高潮了……啊啊，不行，再忍一下……！」"
    },
    {
        "name": "スズシロ",
        "message": "「高潮时最好和你在一起……！嗯、团长要到高潮了，请、忍住……！嗯嗯、忍住～！」"
    },
    {
        "name": "スズシロ",
        "message": "「因为是第一次！因为是第一次达到高潮！我想和我喜欢的你在一起～！」"
    },
    {
        "message": "萝卜的悲鸣般的告白在房间里回荡。\\n我更紧地握住她紧握的手。"
    },
    {
        "name": "スズシロ",
        "message": "「嗯、嗯嗯……！\\n团长，胸部，用嘴巴，用嘴巴对着我」"
    },
    {
        "message": "萝卜的胸部在我面前摇曳。我紧握着她的双手，把她拉得更近。然后，贪婪地吮吸着上下摇摆的粉红色乳头。"
    },
    {
        "name": "スズシロ",
        "message": "「嗯嗯嗯嗯嗯――！啊啊！\\n要更多……！\\n嗯、嗯、这里也被你开发了！」"
    },
    {
        "message": "满口都是萝卜的乳房。用舌尖玩弄乳头，轻轻地咬了一口。"
    },
    {
        "name": "スズシロ",
        "message": "「啊啊！？不要用牙齿啦！\\n啊、啊啊，要高潮了！」"
    },
    {
        "message": "从乳头上脱开口，告诉萝卜，我也快到极限了。疼痛得勃起的阴茎似乎随时都会爆裂。所以——这是最后一次了。"
    },
    {
        "name": "スズシロ",
        "message": "「团长也？ 团长也是吗？\\n嗯、那……那就好了？\\n这里，用力一点？」"
    },
    {
        "message": "微微出汗的萝卜的乳房。再次含住她的乳房，并反复轻轻地咬着。"
    },
    {
        "name": "スズシロ",
        "message": "「嗯咕、嗯嗯！\\n啊，那个，嗯嗯……一直戳着！」"
    },
    {
        "message": "彼此，巅峰即将到来。\\n朝着最后的时刻，一鼓作气地抬起了腰。"
    },
    {
        "name": "スズシロ",
        "message": "「啊呜、啊啊、要高潮了……！\\n要高潮了、要高潮了、要高潮了、嗯嗯嗯！？」"
    },
    {
        "name": "スズシロ",
        "message": "「要高潮了！ 嗯嗯嗯―――！！！」"
    },
    {
        "message": "萝卜的全身一瞬间仿佛僵硬，\\n然后整个身体一下子失去力气。就像坍塌一样，\\n萝卜的整个重量压在这边。\\n她柔软的乳房紧贴在我的脸上。"
    },
    {
        "message": "被汗水包裹的气味和温暖柔软的乳房触感。\\n当呼吸一瞬间被阻塞时，我也达到了巅峰。"
    },
    {
        "name": "スズシロ",
        "message": "「啊、啊啊、啊啊啊、哈哈……\\n好厉害……好多……都出来了……」"
    },
    {
        "message": "大量精液射入萝卜的体内。\\n脚尖挺直，牙关紧咬，\\n将睾丸里的所有东西都尽数释放出来。"
    },
    {
        "name": "スズシロ",
        "message": "「哈啊啊……我也，高潮了……\\n呼、呼呼呼，竟然在高潮时被看到了……」"
    },
    {
        "message": "第一次极致体验后，萝卜陷入恍惚状态。\\n阴道内的阴茎已经射精完毕，\\n但是由于过于愉悦，她无法使劲，甚至无法将其抽出。"
    },
    {
        "name": "スズシロ",
        "message": "「哈啊……哈啊……这就是所谓的高潮吗……\\n好厉害……感觉太舒服了，吓了一跳……\\n和团长在一起，总是吓一跳呢……」"
    },
    {
        "name": "スズシロ",
        "message": "「所以我是因为这个才喜欢上你吗？\\n但是，嗯……撒娇的事情，我打算只在做爱的时候做\\n因为怕懈怠而不努力，所以有点害怕……」"
    },
    {
        "name": "スズシロ",
        "message": "「今后也会作为花骑士加油的\\n和团长一起，会努力很多！\\n但是……关于做爱的事情，也要多多尝试哦？\\n想要团长教我很多东西♪」"
    },
    {
        "name": "スズシロ",
        "message": "「啊，话说……刚才那种板着脸的表演，\\n那个忘了吧！这是约定哦！」"
    },
    {
        "message": "对着萝卜的询问点点头。然后——。"
    },
    {
        "name": "スズシロ",
        "message": "「嗯，谢谢」"
    },
    {
        "message": "说着，萝卜送上了感谢之吻。"
    }
]