[
    {
        "name": "ウィンターコスモス",
        "message": "「感受到了命运」"
    },
    {
        "message": "没有害虫讨伐的任务，夜晚平静而宁静。\\n鬼针草来到房间，轻声嘀咕着。"
    },
    {
        "name": "ウィンターコスモス",
        "message": "「最初，当团长大人在城镇为我指路的时候……\\n那时候，我还只是一个迷路的、普通而脆弱的人吧？」"
    },
    {
        "message": "鬼针草苦笑着怀念起来。"
    },
    {
        "name": "ウィンターコスモス",
        "message": "「下一次，在这个骑士团再次相遇的时候……\\n这一次，成为了花骑士\\n能否成为合格的花骑士，我还有点不太自信……」"
    },
    {
        "name": "ウィンターコスモス",
        "message": "「团长大人，我喜欢团长大人\\n不只是表面上的情感和言辞……\\n也想要你做一些说不出口的事情……就是这样，喜欢上了」"
    },
    {
        "message": "鬼针草哀求地说着。\\n她的嘴唇微微颤抖着。"
    },
    {
        "name": "ウィンターコスモス",
        "message": "「团长大人身边有很多女性对吧？\\n肯定有很多比我更有魅力的人吧……\\n但是，我并不在意」"
    },
    {
        "name": "ウィンターコスモス",
        "message": "「希望团长大人爱我……」"
    },
    {
        "message": "鬼针草尽情地告白。\\n作为回应，紧紧地拥抱着她。"
    },
    {
        "name": "ウィンターコスモス",
        "message": "「啊……嗯！」"
    },
    {
        "message": "将鬼针草躺在床上，开始插入。"
    },
    {
        "name": "ウィンターコスモス",
        "message": "「啊……好开心……能和团长大人连在一起，好开心……」"
    },
    {
        "message": "鬼针草的脸因处女膜破裂的痛苦而扭曲。"
    },
    {
        "name": "ウィンターコスモス",
        "message": "「第一次……这么……但是，感觉团长大人在我的身体里刻下痕迹……」"
    },
    {
        "name": "ウィンターコスモス",
        "message": "「就算我表现得很痛苦，请不要停下来，好吗？\\n和团长大人这样贴在一起，现在，非常、非常幸福……」"
    },
    {
        "message": "看着这样微笑的鬼针草，心中涌起了一股难以言喻的情感，\\n慢慢地推入阴茎。"
    },
    {
        "name": "ウィンターコスモス",
        "message": "「嗯……啊、嗯……啊……\\n没事……我、我、没、事、的、因为……」"
    },
    {
        "message": "在插入到一半的时候，将阴茎抽出。\\n上面沾满了破处的血。"
    },
    {
        "name": "ウィンターコスモス",
        "message": "「没事的，跟对付害虫相比，这算不了什么。」"
    },
    {
        "name": "ウィンターコスモス",
        "message": "「那个……如果可以的话，能、能牵着我的手吗？」"
    },
    {
        "message": "鬼针草有些腼腆地开口。"
    },
    {
        "name": "ウィンターコスモス",
        "message": "「牵着团长大人的手，就感到很安心……」"
    },
    {
        "message": "轻轻握住伸过来的鬼针草的手，\\n鬼针草闭上了眼睛。"
    },
    {
        "name": "ウィンターコスモス",
        "message": "「暖暖的……」"
    },
    {
        "name": "ウィンターコスモス",
        "message": "「在第一次迷路时，感到非常不安无助……\\n但是团长大人紧紧握住我的手……\\n我记得那时候觉得只要跟着这个人就会很安心。」"
    },
    {
        "name": "ウィンターコスモス",
        "message": "「团长大人可能已经忘记了吧？」"
    },
    {
        "message": "说实话，是的。\\n迷路的指引，已经数不清了。\\n并不是所有的细节都记得清清楚楚。"
    },
    {
        "name": "ウィンターコスモス",
        "message": "「但是，这就是好啊\\n不会因为帮助别人而自豪，也不会表现得很恩威并施，\\n这才是真正的善意……这才是美好的地方」"
    },
    {
        "message": "鬼针草微笑着缠绕着我的手指。"
    },
    {
        "name": "ウィンターコスモス",
        "message": "「只要牵着我的手，就没关系的，所以……」"
    },
    {
        "message": "在她的催促下，重新开始插入到鬼针草的身体中。"
    },
    {
        "name": "ウィンターコスモス",
        "message": "「嗯……啊……嗯……」"
    },
    {
        "message": "阴茎深深地插入了鬼针草的阴道中。\\n握住我的手的鬼针草用力了。"
    },
    {
        "name": "ウィンターコスモス",
        "message": "「嗯……啊！」"
    },
    {
        "message": "那声音，并不是因为疼痛。"
    },
    {
        "name": "ウィンターコスモス",
        "message": "「连接好了，呢。」"
    },
    {
        "message": "鬼针草微笑着，看起来很高兴。\\n阴茎到达阴道的最深处，有一种感觉。"
    },
    {
        "name": "ウィンターコスモス",
        "message": "「和团长大人，这样深深地连接在一起……我很幸福\\n只要团长大人能因为我感到舒服的话……」"
    },
    {
        "message": "为了理解鬼针草的心情，慢慢地进行抽插。"
    },
    {
        "name": "ウィンターコスモス",
        "message": "「嗯……啊，我，我！正在被团长大人……！」"
    },
    {
        "message": "不习惯的鬼针草的阴道紧紧地夹住阴茎。"
    },
    {
        "name": "ウィンターコスモス",
        "message": "「哈，哈，哈啊！我很好……！\\n嗯！这样被团长大人接纳着，真的，嗯！\\n很好……！」"
    },
    {
        "name": "ウィンターコスモス",
        "message": "「曾经一度放弃了对团长大人的感情……哈，嗯！\\n但是没有放弃，真的……！」"
    },
    {
        "name": "ウィンターコスモス",
        "message": "「再次见到团长大人，并且能够表达这份感情，\\n哈，嗯，喜欢的感情，真是太好了……！」"
    },
    {
        "message": "在鬼针草愉快的表情下，慢慢地进行抽插，\\n变化正在发生。"
    },
    {
        "name": "ウィンターコスモス",
        "message": "「团，长，大人，我……变，了……嗯！\\n哈，哈，刚才，还那么，疼痛……现在，一点都……」"
    },
    {
        "message": "鬼针草的表情中完全看不到疼痛的痕迹。"
    },
    {
        "name": "ウィンターコスモス",
        "message": "「团长大人……我，我……第一次，却……嗯！\\n啊……团长大人！」"
    },
    {
        "name": "ウィンターコスモス",
        "message": "「再多一点，请继续，团长大人……\\n我没事，或者说，更想要……腰部，有点酸痛……\\n更想要，请……」"
    },
    {
        "message": "从鬼针草的阴道里渗出了明显不同于处女膜破裂血液的液体。"
    },
    {
        "name": "ウィンターコスモス",
        "message": "「这样的事情……虽然是第一次，可能有些不体面……\\n我已经不知道该怎么办了……」"
    },
    {
        "message": "每次抽插时，阴茎都被一种湿润的快感所包裹。"
    },
    {
        "name": "ウィンターコスモス",
        "message": "「团长大人也很舒服吗？ 嗯……哈，哈啊！\\n看起来很舒服的样子呢……」"
    },
    {
        "name": "ウィンターコスモス",
        "message": "「再用力一点……更加剧烈一些……」"
    },
    {
        "message": "为了满足鬼针草的要求，用力摆动腰部。"
    },
    {
        "name": "ウィンターコスモス",
        "message": "「嗯嗯！啊啊！啊！啊！」"
    },
    {
        "name": "ウィンターコスモス",
        "message": "「团长大人！好舒服，啊，那个，感觉，太好了！\\n哈，哈！全部，全部都……摩擦的感觉，太舒服了！」"
    },
    {
        "message": "阴茎完全被愉悦所包围，射精的感觉涌上心头。"
    },
    {
        "name": "ウィンターコスモス",
        "message": "「嗯，哈，哈啊，那个，更多一点，更多一点！\\n哈，哈，嗯，就算坏掉也……团长大人！」"
    },
    {
        "name": "ウィンターコスモス",
        "message": "「嗯，啊啊，嗯！\\n每次和团长大人摩擦时，啊啊！变得不正常了！」"
    },
    {
        "name": "ウィンターコスモス",
        "message": "「身体变得轻飘飘的……\\n这样太舒服了，快要……到极限了！」"
    },
    {
        "message": "鬼针草握住我的手。\\n我也紧紧握住了她的手。"
    },
    {
        "name": "ウィンターコスモス",
        "message": "「我、我……啊啊！团长大人！手！啊……！」"
    },
    {
        "message": "仿佛被射精的感觉推动着，继续摆动着腰部直至极限。"
    },
    {
        "name": "ウィンターコスモス",
        "message": "「一起……一起……嗯，哈！嗯，啊！\\n团长大人，我喜欢你，非常喜欢你！我爱你！嗯，啊啊！」"
    },
    {
        "name": "ウィンターコスモス",
        "message": "「不行了，要到了，团长大人，我……嗯，啊啊啊啊啊！」"
    },
    {
        "name": "ウィンターコスモス",
        "message": "「啊啊！啊啊啊啊啊！」"
    },
    {
        "message": "射出炽热的精液进入鬼针草收缩的阴道中。"
    },
    {
        "name": "ウィンターコスモス",
        "message": "「啊，嗯，嗯……哈，哈……嗯……」"
    },
    {
        "message": "鬼针草不时地颤抖着身体，呼吸急促。\\n她的脸上充满了喜悦。"
    },
    {
        "name": "ウィンターコスモス",
        "message": "「射得好多呢……」"
    },
    {
        "message": "精液从阴道中流出，渗透到床上。"
    },
    {
        "message": "本想起身整理一下，\\n但鬼针草却不放开我的手。"
    },
    {
        "name": "ウィンターコスモス",
        "message": "「就这样……挺好的……\\n比起这个，能再贴近点吗……再近一点……可以吗？」"
    },
    {
        "message": "面对撒娇的鬼针草，我无法反抗，\\n只能苦笑着拥抱她，轻柔地抚摸着她的头。"
    }
]