[
    {
        "name": "プリムラ",
        "message": "「团长……嗯……呵呵，好痛苦啊？\\n你这样紧紧地抱着我」"
    },
    {
        "message": "关上房间的门，我立刻紧紧地抱住了报春花。\\n她虽然有些窘迫，但也将手环绕到我的腰间，决不放开。"
    },
    {
        "name": "プリムラ",
        "message": "「啊，团长……请安静一点……」"
    },
    {
        "message": "报春花察觉到了什么，小声地说道。\\n接着，在门的另一侧。\\n走廊那边几名花骑士从房间前走过去了。"
    },
    {
        "name": "プリムラ",
        "message": "「太好了，看来她们并不是来办事情的\\n我还以为要被发现了，吓了一跳」"
    },
    {
        "message": "她这样说着微笑着。此刻我们都在忙于工作。\\n尽管太阳还未到中天\\n但我们彼此已经无法忍耐，就这样拥抱在一起。\\n当然，要是被发现可就麻烦了。"
    },
    {
        "name": "プリムラ",
        "message": "「团长，那个……可以吻我吗？」"
    },
    {
        "message": "报春花带着期待的表情腼腆地凝视着我。\\n没有回答，我主动吻了上去。"
    },
    {
        "name": "プリムラ",
        "message": "「啊……嗯、啾……嗯嗯……啾……\\n……嗯、哈啊……唔呜呜、虽然我、也想要的……这是回礼、给你的\\n……嗯、啾……嗯、啾……！」"
    },
    {
        "message": "唇分开后，她可爱地鼓起腮，主动再次贴上了嘴唇。\\n舌头相互缠绕的湿润声在我的脑海中回荡。\\n远处，花骑士们在专心训练的声音传来。"
    },
    {
        "name": "プリムラ",
        "message": "「嗯、啾……团长……啊……嗯……！\\n啾……啾啾……嗯嗯……！　嗯嗯！！」"
    },
    {
        "message": "我们互相吸吮着对方的嘴唇，身体相互摩擦。\\n展露出肌肤，坐在我的膝盖上的报春花的身体，触感光滑柔软，让人感到舒适。"
    },
    {
        "name": "プリムラ",
        "message": "「嗯、团长先生，我已经忍不住了\\n嗯……团长先生也是吧？\\n刚才开始你的那个、硬硬的东西碰到我了哦？」"
    },
    {
        "message": "报春花说得好像非常高兴似的。\\n微笑着，她主动抬起臀部\\n将阴茎的顶端对准了凹陷处。\\n然后，灵巧地扭动着臀部，迎接着勃起的阴茎进入阴道。"
    },
    {
        "name": "プリムラ",
        "message": "「啊呀呀呀呀……嗯嗯……！！　进、来了……！\\n哈啊、哈啊…‥嗯、呵呵呵……团长先生的热烈\\n又硬又大，在我里面……充满了哦？」"
    },
    {
        "message": "报春花一边发出甜美的声音慢慢地扭动着臀部。\\n感受着阴茎揉搓着无数阴道褶皱的触感，我不禁紧咬牙关。\\n如果不这样做，很快就会射出去。\\n我只想更深更深地品尝她的感觉。"
    },
    {
        "name": "プリムラ",
        "message": "「团长先生？　……嗯、啊啊！」"
    },
    {
        "message": "贪恋般地将脸埋进前方\\n轻轻摇晃着可爱摇曳的乳房。\\n然后用舌头舔舐乳房上的肉。"
    },
    {
        "name": "プリムラ",
        "message": "「啊啊，嗯嗯……！！　团长，先生！\\n嗯嗯，胸部……啊啊，感觉好……\\n嗯啊，啊啊……！！！」"
    },
    {
        "message": "这样爱抚乳房，乳头渐渐变得挺立。\\n含住尖锐的部分，用舌头舔弄着。\\n随着她的娇喘声，报春花的阴道紧紧收缩\\n紧紧地包裹着阴茎。"
    },
    {
        "name": "プリムラ",
        "message": "「啊啊，啊啊，嗯嗯嗯……！　乳头，啊啊！\\n这样、那样……啊啊……嗯嗯……！！\\n太舒服了……嗯，要、要出事了……！！」"
    },
    {
        "name": "プリムラ",
        "message": "「之前团长先生摸到那里后，\\n嗯嗯……那里、乳头、太舒服了……嗯嗯！！」"
    },
    {
        "message": "报春花弓起身体，不禁颤抖起来。\\n看到她的反应，我也忍不住开始动起腰来。\\n连接处比刚才更加湿润\\n黏膜摩擦增添了甜蜜的色彩。"
    },
    {
        "name": "プリムラ",
        "message": "「嗯，明明还在工作中呢，\\n团长先生和我……做这种色色的事情……！\\n嗯嗯……啊啊！　团长先生也、嗯……兴奋吗？」"
    },
    {
        "message": "听了报春花的话，我想起现在是工作时间。\\n但是此刻我只能想到眼前的她。\\n我全神贯注于她。"
    },
    {
        "name": "プリムラ",
        "message": "「啊啊，你全神贯注于我吧？\\n嗯，高兴……啊啊，高兴呢！」"
    },
    {
        "name": "プリムラ",
        "message": "「请、嗯嗯、请就这样全神贯注于我吧！\\n嗯，啊……全神贯注于我、报春花……啊啊！」"
    },
    {
        "message": "抓住报春花的腰，不断地向里面顶击。\\n阴道不断地收缩，仿佛在榨取精液。\\n愉悦感渐渐袭来，我感受着头脑中的酥麻。"
    },
    {
        "name": "プリムラ",
        "message": "「嗯嗯，啊啊啊……！　啊啊啊！！\\n太好了……！　啊啊，就这样、在里面……！　嗯嗯！\\n射出来……拜托了！　啊啊！」"
    },
    {
        "message": "似乎察觉到我的极限，报春花发出了声音。"
    },
    {
        "name": "プリムラ",
        "message": "「请在我的小穴里，啊啊，射满、射满吧！\\n嗯嗯……啊啊！！！」"
    },
    {
        "name": "プリムラ",
        "message": "「我也……！　啊啊，我也要用团长先生的肉棒，啊啊！\\n要高潮了……！　我要高潮了……！！　啊啊！」"
    },
    {
        "message": "就在报春花发出尖叫的同时，阴道紧紧地榨压着阴茎。\\n仿佛是在努力榨取精液一般。\\n强烈的愉悦感中，射精感迅速袭来。"
    },
    {
        "name": "プリムラ",
        "message": "「啊啊，嗯嗯……要高潮了！　我要高潮了！\\n啊啊，用团长先生的肉棒……啊啊！\\n高潮、我要高潮了！！！！」"
    },
    {
        "name": "プリムラ",
        "message": "「呀、嗯嗯嗯……！！　啊啊，嗯……！\\n团长先生的肉棒、在颤抖着……在颤抖着……！」"
    },
    {
        "message": "肉棒的顶端对准子宫口，一次次地喷射着精液。\\n子宫仿佛被热乎乎的奶水填满，\\n报春花的身体颤抖不已。"
    },
    {
        "name": "プリムラ",
        "message": "「啊啊，团长先生的精液……嗯嗯，在我体内\\n……嗯，好厉害，好多射出来了哦？」"
    },
    {
        "name": "プリムラ",
        "message": "「肚子里，嗯……好热呢……\\n射了好多……团长先生，感觉舒服吗？」"
    },
    {
        "message": "吐出所有的精液，喘着气勉强点头回答。\\n因为太过愉悦，视线都有些发花。"
    },
    {
        "name": "プリムラ",
        "message": "「那就太好了……呵呵\\n我也是，团长先生的感觉真的……\\n太棒了吧？ 团长先生」"
    },
    {
        "message": "额头上沁出汗水，报春花温柔地微笑着。\\n不由自主地轻轻拥抱住她。\\n从她的脖颈传来甜美的香气和一丝汗水的味道。\\n一时间，我们相互拥抱在一起。"
    },
    {
        "name": "プリムラ",
        "message": "「嗯……团长先生……以后也能\\n像这样和你一起青春吗？」"
    },
    {
        "message": "听到报春花的询问，我看着她当然地回答。\\n一直一直，我都想和她一起追逐青春。"
    },
    {
        "name": "プリムラ",
        "message": "「谢谢你，团长先生\\n我也……一直一直想和团长先生一起追逐青春」"
    },
    {
        "message": "我们相互凝视着彼此，\\n远处又传来花骑士们在进行训练的声音。\\n沉浸其中忘记了，现在是在逃避工作。\\n必须赶紧回去才行。"
    },
    {
        "name": "プリムラ",
        "message": "「啊……嗯……呵呵，呵呵呵……\\n团长先生和大家都在工作的时候，\\n我偷偷地做了一些色色的事情」"
    },
    {
        "message": "她异常少见地露出了像是在享受恶作剧一般的微笑。\\n不过，这样的表情也不算坏。\\n这是我独自看到的，新的她可爱的一面。"
    },
    {
        "name": "プリムラ",
        "message": "「这种事情也是青春的一部分吧」"
    }
]