[
    {
        "message": "仰卧着的团长身下，小巧的雏菊跨坐其上。然后，她将那炽热的肉棒直接对准了暴露在外的阴部紧闭的裂缝。"
    },
    {
        "name": "デージー",
        "message": "「啊呜……呜嘿嘿，这样做，感觉真舒服♪」"
    },
    {
        "message": "就像是要开始唱歌一般的声音，雏菊用那种声音不断地刺激着她那小小的粉色凹陷处。"
    },
    {
        "message": "终于，她将那充血的肉棒深深地插入了更深处。"
    },
    {
        "name": "デージー",
        "message": "「嗯嗯……嗯嗯，啊啊……团长先生的小弟弟，进入了雏菊的身体里了」"
    },
    {
        "message": "幼小的阴道只吞下了肉棒的一半就停了下来。受到这样的刺激，她的身体好像变得无力似的，倒在团长身上仰卧着。"
    },
    {
        "name": "デージー",
        "message": "「嗯嗯，团长先生好温暖……呼呼，在肚子里好鼓鼓的……真是满满的」"
    },
    {
        "message": "虽然身体被压在上面，但重量微不足道。"
    },
    {
        "message": "但是，吞噬着膨胀起来的肉棒的阴道紧紧地夹住，滑动的感触只带来无尽的快感。"
    },
    {
        "name": "デージー",
        "message": "「唔啊啊……团长先生的小弟弟，好舒服啊……嗯嗯」"
    },
    {
        "message": "雏菊也一样，放松着身体，闭上双眼，沉浸在快感之中。"
    },
    {
        "name": "デージー",
        "message": "「玩弄雏菊的阴部会感觉很舒服的……嗯嗯，所以，希望团长先生也来帮忙一下」"
    },
    {
        "message": "听到这番话，这位可爱的少女意识到自己并不理解这种行为意味着什么。"
    },
    {
        "message": "对她来说，这种行为似乎只是『做了这个会感觉很舒服』的延伸。"
    },
    {
        "message": "这么说也不完全错误，但是她的天真让人感到有些可怕。不对，天真难道不是雏菊的专利吗？"
    },
    {
        "name": "デージー",
        "message": "「喔喔？ 团长先生，发生了什么事呢？」"
    },
    {
        "message": "察觉到团长在苦笑，雏菊像只小鸟一样歪着头。"
    },
    {
        "message": "虽然理解想要感觉舒服的心情，但是被其他人提出这样的请求还真是让人难以忍受。"
    },
    {
        "message": "那么，为了让你满意，我决定宠爱雏菊。"
    },
    {
        "name": "デージー",
        "message": "「嗯嗯，啊啊啊！团长先生……！」"
    },
    {
        "message": "伸手触摸雏菊的胸部。那个地方充满了未来的可能性。"
    },
    {
        "name": "デージー",
        "message": "「啊呜！嗯嗯，好厉害……摸胸部真舒服，好舒服啊……」"
    },
    {
        "name": "デージー",
        "message": "「啊呜……嗯嗯，这种感觉……我不知道的，团长先生的手掌……好厉害……啊，嗯嗯」"
    },
    {
        "message": "雏菊发出了惊叹声，吐出甜美的呼吸。"
    },
    {
        "message": "小心翼翼地避免她那扭动的小身体倒下，这次用食指腹轻抚乳房中心的突起。"
    },
    {
        "name": "デージー",
        "message": "「……啊呜！？嗯嗯啊啊！」"
    },
    {
        "message": "触碰到那个地方，她的小身体颤抖了一下。看来是很舒服的样子。"
    },
    {
        "name": "デージー",
        "message": "「好厉害、啊啊……好舒服，嗯啊啊！」"
    },
    {
        "name": "デージー",
        "message": "「团长大人，再、再用力地……那里，摸弄……\\n……嗯啊啊，好舒服啊……！」"
    },
    {
        "message": "她的唇边流露出率直的言辞，伴随着膈膜的收缩。\\n因为她天真无邪，毫不羞怯地迎接快感。"
    },
    {
        "message": "用食指的腹部轻抚着小小的乳头，\\n很快尖峰隆起。"
    },
    {
        "name": "デージー",
        "message": "「呼啊啊，好舒服啊，这么舒服，\\n比自己玩弄下体时感觉都不一样啊……！」"
    },
    {
        "name": "デージー",
        "message": "「嗯嗯，从现在开始……呼啊啊、\\n要、要团长大人来弄了……！ 嗯嗯！」"
    },
    {
        "message": "不自觉地说出了毫不掩饰的大胆暴露，\\n雏菊在沉浸在快感中挣扎。"
    },
    {
        "message": "用指尖轻抚着鼓起的乳头。\\n像螺旋一样一次又一次。"
    },
    {
        "name": "デージー",
        "message": "「呼啊啊……啊啊啊……！」"
    },
    {
        "message": "从小巧的嘴唇中溢出的声音中，掺杂着比刚才更加妩媚的气息。"
    },
    {
        "message": "渐渐地，刺激传遍了先前还在狂躁的阴茎。\\n雏菊一边扭动着腰部，一边感受到了这股刺激。"
    },
    {
        "message": "即使是幼小的身体，雌性的本能也在发挥作用吗？\\n还是说……这也是无意识之举？"
    },
    {
        "message": "不管是哪种情况，雏菊仍然继续对乳头的爱抚，\\n仿佛在示意团长也可以动一动腰部。"
    },
    {
        "name": "デージー",
        "message": "「啊啊！？ 哦呜呜……嗯嗯！\\n团长，先生……啊啊，雏菊好奇怪……啊啊！」"
    },
    {
        "message": "膨胀的龟头在幼小的阴道壁上翻滚着。\\n面对未知的快感，雏菊如同上岸的鱼般扭动着身体。"
    },
    {
        "message": "如果不是团长按住她，她或许已经从床上摔下来了，\\n直接扑向床铺。"
    },
    {
        "name": "デージー",
        "message": "「啊啊！ 团长先生……啊啊，好舒服，\\n太舒服了！ 这、太棒了啊！」"
    },
    {
        "message": "甜美的呼喊声在房间中回荡。\\n连接处早已被爱液打湿，弄脏了床单。"
    },
    {
        "message": "雏菊的阴道像蜂蜜一样湿润，\\n甜蜜异常。"
    },
    {
        "message": "肉棒原本只能进入一半左右的阴道，\\n如今却几乎全部吞没了下去。"
    },
    {
        "name": "デージー",
        "message": "「嗯嗯嗯……团长大人……团长大人……！」"
    },
    {
        "message": "嘴角挂着口水，\\n在如此强烈的快感下，雏菊已经无法再叫出其他名字了。"
    },
    {
        "message": "每次扭动腰部，柔软的肉体摩擦着坚硬的阴茎，\\n已经到了极限的边缘。"
    },
    {
        "name": "デージー",
        "message": "「团长大人……！ 团长大人啊！\\n好厉害啊，再多一点、再多一点……！」"
    },
    {
        "message": "最后的瞬间。\\n仿佛被挤压出来的雏菊的声音。"
    },
    {
        "name": "デージー",
        "message": "「射出来吧……团长大人，在雏菊里……！\\n精子，想要你射进来啦……！」"
    },
    {
        "name": "デージー",
        "message": "「团长大人，喜欢你呢！\\n啊啊啊啊啊！！！！！」"
    },
    {
        "name": "デージー",
        "message": "「嗯嗯嗯嗯……！！！！」"
    },
    {
        "message": "在幼小的花蕾中，射出了积蓄的精液。"
    },
    {
        "message": "一旦达到高潮的射精感，就像一股无法后退的巨浪一样，只能向前冲，无法平静下来。"
    },
    {
        "name": "デージー",
        "message": "「嗯嗯，哈啊，哈啊……团长大人……\\n对不起，是的……」"
    },
    {
        "message": "雏菊沉浸在快感余韵中，轻声道歉。"
    },
    {
        "message": "在最后时刻，雏菊说出了这句话。\\n这不是一个只追求快感的无知少女所说的话。"
    },
    {
        "message": "看来她已经接受了很多。"
    },
    {
        "name": "デージー",
        "message": "「雏菊是想要团长大人抱着的……\\n想要团长大人的精液，想要它在体内……」"
    },
    {
        "name": "デージー",
        "message": "「不要假装不知道……\\n团长大人并不认为不会对雏菊做这种事」"
    },
    {
        "message": "她像一只受到责备的狗一样沮丧地说道。\\n但是，雏菊还是继续说了下去。"
    },
    {
        "name": "デージー",
        "message": "「我、我并没有恶意！\\n只是团长大人喜欢而已！」"
    },
    {
        "message": "被这么说了之后，已经无法再有任何回应。"
    },
    {
        "name": "デージー",
        "message": "「团长大人，您会原谅我吗？」"
    },
    {
        "message": "就像刚才所说的，根本没有恶意吧。原谅也就没什么好生气的了。"
    },
    {
        "message": "既然如此也就不必生气了。"
    },
    {
        "message": "她就是雏菊。天真无邪似乎是她独有的可爱、懂事的少女。"
    }
]