[
    {
        "name": "アリッサム",
        "message": "「团长……我、我已经……无法控制自己的感情了」"
    },
    {
        "message": "香雪球说着，突然抱住了我。\\n虽然感到吃惊，但还是问她怎么了。"
    },
    {
        "name": "アリッサム",
        "message": "「我……一直都在忍耐着，\\n但是……从前晚开始，\\n想要依赖团长的心情越来越……强烈了……」"
    },
    {
        "message": "对我的问题，香雪球用一副撒娇的眼神回答。"
    },
    {
        "name": "アリッサム",
        "message": "「明知道会让你困扰……但是，无法忍耐了……」"
    },
    {
        "message": "香雪球的手臂用力地抱住着我。\\n她湿润的眼神靠近，我们的嘴唇相互交融。"
    },
    {
        "name": "アリッサム",
        "message": "「嗯、啾……团长……\\n今天也请多多宠爱香雪球……」"
    },
    {
        "name": "アリッサム",
        "message": "「进来……嗯！\\n快点，快点深一点……我想要团长的！」"
    },
    {
        "message": "她紧紧地缠绕着我的胳膊和腿，\\n在插入的刺激下，香雪球发出了妖娆的声音。"
    },
    {
        "name": "アリッサム",
        "message": "「我的里面已经很湿润了……我已经准备好了……\\n我、好想要依赖团长……\\n在来到房间之前，就变得很淫荡了……嗯呜呜呜！」"
    },
    {
        "message": "充分湿润的阴道粘膜中，膨胀的阴茎顺利地插入。\\n扩张的阴道壁被推开，龟头刺入阴道深处的凹陷处。"
    },
    {
        "name": "アリッサム",
        "message": "「啊啊！碰到最深处了……嗯呜呜！\\n团长的……已经填满了肚子里……」"
    },
    {
        "message": "香雪球幸福地呻吟着，接受着勃起。\\n看到她那淫靡的样子，我也被激发起兴奋。"
    },
    {
        "name": "アリッサム",
        "message": "「团长……我可以动一动吗？\\n撒娇的小穴……已经等不及了……」"
    },
    {
        "message": "对渴望快感的香雪球点头答应。\\n确认得到我的允许后，她立刻开始扭动着腰部。"
    },
    {
        "name": "アリッサム",
        "message": "「谢、谢谢……我会很依赖你的……\\n我、好舒服……啊啊啊，嗯啊，啊啊啊！」"
    },
    {
        "message": "她摇动着臀部，在充满热情的阴道粘膜上摩擦着阴茎。\\n愉悦的刺激不断扩散到腰部，一种酥麻的陶醉感弥漫全身。"
    },
    {
        "message": "看到她毫不控制地撒娇，我除了兴奋还感到高兴。"
    },
    {
        "name": "アリッサム",
        "message": "「啊呜呜、嗯嗯嗯、啊啊啊、哈啊啊！\\n喜欢撒娇，喜欢对团长撒娇，好喜欢……！\\n想要更、更……舒服起来……！」"
    },
    {
        "message": "双腿紧紧缠绕在腰部，更加贴合着连接部。\\n香雪球热情地扭动着腰部。"
    },
    {
        "name": "アリッサム",
        "message": "「啊啊啊！嗯嗯嗯、啊啊啊、呀啊啊！\\n这个……比刚才更多地，内里在摩擦……哈啊啊！」"
    },
    {
        "name": "アリッサム",
        "message": "「我会更加紧紧抱住你的……\\n身体和小穴都……紧紧地、紧紧地挤压着……！」"
    },
    {
        "message": "手臂环绕着脖子，更多力量被注入其中，皮肤的贴合更加紧密。\\n与此同时，从紧贴着阴茎的阴道粘膜传来了香雪球的激动。"
    },
    {
        "name": "アリッサム",
        "message": "「嗯呜呜！这样的话……感觉好像非常撒娇的样子……\\n嗯呜，啊啊啊、啊呜呜、呀呜呜……！\\n团长……团长也要抱紧我……？」"
    },
    {
        "message": "甜蜜的低语让我充满了爱意。\\n当然我用充满爱意抱住了柔软的香雪球。"
    },
    {
        "message": "靠近到能感受到彼此的呼吸，\\n香雪球的阴道壁轻轻地夹住着阴茎。"
    },
    {
        "name": "アリッサム",
        "message": "「啊啊啊……被、被团长抱得很紧……\\n心跳声……都听得见了，贴得那么近……啊啊！」"
    },
    {
        "name": "アリッサム",
        "message": "「下、下面是接吻……啊、想要接吻……！\\n在里面，一边发出噗噗的声音……\\n想要被团长，亲上色色的吻……」"
    },
    {
        "name": "アリッサム",
        "message": "「拜、拜托了……\\n对色色撒娇的香雪球，请亲上吻……！\\n想要团长的口水，想要很多、啾啾地……啊呜呜……！」"
    },
    {
        "message": "堵住了香雪球的嘴唇。\\n一边品尝着柔软的唇触感，一边不断地接吻。"
    },
    {
        "name": "アリッサム",
        "message": "「啾啦、啾……啾嘭、嗯啾、啾啦啦！\\n呼哧……好厉害……感觉好舒服，啾嘭！」"
    },
    {
        "name": "アリッサム",
        "message": "「团长大人……啊、啊呜呜！\\n口水……拜托了……啾嘭嘭、啾嘭！\\n给香雪球，流进来……哈呜呜……啾啾啾、啾嘭！」"
    },
    {
        "message": "舌头交织，交换着彼此的唾液，情欲高涨。\\n自从开始接吻以来，更多阴道内壁缠绕着阴茎，\\n给予这边沸腾般的快感。"
    },
    {
        "name": "アリッサム",
        "message": "「唔呜呜……啊呜呜、啾啦、呼哧哧、啾嘭嘭……\\n口水，好好喝……的样子……嗯嗯呃、啊啊！」"
    },
    {
        "message": "随着摩擦运动，连接部传出淫荡的水声，\\n在房间里回荡。\\n香雪球为了调整呼吸而分开双唇，\\n向这边露出了陶醉于快感的表情。"
    },
    {
        "name": "アリッサム",
        "message": "「发出非常色色的声音……\\n但是……我无法停下来……哈呜呜！\\n太、太放肆地撒娇了……对不起……呀啊！」"
    },
    {
        "message": "喘着着、香雪球因羞耻而扭动身体。\\n对她说，随心所欲地动也没关系。"
    },
    {
        "name": "アリッサム",
        "message": "「是、是真的吗……被这么说了的话，我会更……向团长撒娇的哦……？」"
    },
    {
        "message": "比起自我约束自己想做的事情，这样要好得多。\\n相反，我很高兴她能在这里撒娇。"
    },
    {
        "message": "回答后，香雪球热切地再次夺走了我的唇。"
    },
    {
        "name": "アリッサム",
        "message": "「啾……嗯，啾啾……啾噗……\\n团长……现在的我……不再忍耐了\\n向心爱的团长……倾诉我的全部感情」"
    },
    {
        "message": "香雪球紧紧收缩着阴道肌肉，多次夹紧我的阴茎。\\n对方似乎无法控制自己，开始剧烈地摇动腰部。"
    },
    {
        "name": "アリッサム",
        "message": "「呼呼……嗯嗯……啊啊！\\n多抱抱香雪球一点，\\n多亲吻我……啊啊……啾啾……啾噗」"
    },
    {
        "message": "在她热情的吻和腰部动作下，我的阴茎强烈刺痛，\\n为了宠爱她，主动摆动腰部。"
    },
    {
        "name": "アリッサム",
        "message": "「啊呜呜！ 团长动起来了！\\n一起活动时，里面摩擦得很厉害！」"
    },
    {
        "name": "アリッサム",
        "message": "「想要……想要更多的JJ……！\\n让淫荡的香雪球，被宠爱得体无完肤，\\n只能想着团长，变得无法自拔……，想要撒娇得更厉害……！」"
    },
    {
        "message": "按照香雪球撒娇恳求的愿望，\\n微微抬起臀部，调整勃起的角度更深入。"
    },
    {
        "message": "互相推挤使龟头反复深入阴道口，\\n香雪球甚至流出了大量的爱液。"
    },
    {
        "name": "アリッサム",
        "message": "「啊呜……啾！肚子里面……！\\n被JJ……亲吻着呢……！」"
    },
    {
        "name": "アリッサム",
        "message": "「啾啾，一次又一次地被亲吻着……啊呜！\\n嘴巴和、阴道……两边都在撒娇呢……！」"
    },
    {
        "message": "阴茎在膣内发出的冲击仿佛在吸引着它。\\n突如其来的刺激让背脊颤抖，热量从下半身涌上来。"
    },
    {
        "name": "アリッサム",
        "message": "「呜啊！啊、啊、啊啊……！\\n我……快要高潮了……！」"
    },
    {
        "name": "アリッサム",
        "message": "「撒娇得太过分了团长……！\\n阴道……要高潮了……！」"
    },
    {
        "message": "为了配合香雪球的高潮，我也开始做好射精的准备。"
    },
    {
        "name": "アリッサム",
        "message": "「嗯嗯……！一起……团长也一起……来吧！\\香雪球的里面……请一起来吧！」"
    },
    {
        "name": "アリッサム",
        "message": "「团长先生、团长先生……啊啊啊啊……呀呀呀呀呀！！」"
    },
    {
        "name": "アリッサム",
        "message": "「哈啊啊啊……好舒服……前所未有的……JJ好舒服……嗯嗯嗯」"
    },
    {
        "name": "アリッサム",
        "message": "「要高潮了……停不下来了！\\被射出的热精液填满了里面……JJ在颤抖着」"
    },
    {
        "message": "身体僵硬，香雪球接受着深处的精液。\\她紧紧地拥抱着我，沉浸在高潮的余韵中，\\喉咙颤抖着迎接射精。"
    },
    {
        "name": "アリッサム",
        "message": "「嗯啊……团长先生……我……这么撒娇了……嗯嗯，\\没有给您添麻烦吧？」"
    },
    {
        "message": "我并没有觉得你给我添麻烦。\\我告诉她，能得到她的撒娇让我很开心。"
    },
    {
        "name": "アリッサム",
        "message": "「真、真的吗……？你因为我撒娇而开心吗……\\不、不用太在意，我没关系的哦……？」"
    },
    {
        "message": "为了安抚她过度的担心，我轻抚着香雪球的头。"
    },
    {
        "name": "アリッサム",
        "message": "「啊……那个，团长先生……\\n我，又想要撒娇给我最爱的团长先生了呢……」"
    },
    {
        "message": "脸颊泛起红晕，害羞的香雪球再次把嘴唇贴向这边。"
    }
]