[
    {
        "name": "サフラン",
        "message": "「团长，新年快乐。\\n我来拜访你，你现在好吗？」"
    },
    {
        "message": "迎接新的一年，\\n番红花穿着华丽的服装前来拜访，我的目光被她吸引住了。\\n真的非常适合她。"
    },
    {
        "message": "不知道是故意还是无意，番红花不怎么搭理我的问候，\\n她牵起我的手臂，\\n轻轻地引导进她衣服的交叉处。"
    },
    {
        "name": "サフラン",
        "message": "「团长，你听说过「姬始」这个词吗？\\n这可能是这附近不太熟悉的习俗……」"
    },
    {
        "message": "番红花的脸颊微微泛红。\\n突如其来的事情让她眨了眨眼，等待着接下来的话语。"
    },
    {
        "name": "サフラン",
        "message": "「这是新年开始后第一次做的事情\\n突然前来，这样的邀请……我也觉得有些不检点……」"
    },
    {
        "name": "サフラン",
        "message": "「……想在新年的第一天和团长一起度过「姬始」……\\n怎么样？可以吗？」"
    },
    {
        "message": "从领口伸进去的手触摸到了番红花柔软的肌肤。\\n感受到她急促跳动的心跳声，我的内心也变得炽热起来。"
    },
    {
        "name": "サフラン",
        "message": "「团长……」"
    },
    {
        "message": "少し不安そうに呼ぶ番红花的眼睛泛着泪光。\\n这样被请求，根本没有拒绝的选择。\\n我轻轻地把她推倒在床上。"
    },
    {
        "name": "サフラン",
        "message": "「啊啊，团长先生……这么粗鲁地弄乱衣服……\\n哈啊……啊……连脱衣服的时间都不给……嗯嗯……！」"
    },
    {
        "message": "番红花躺在床上展开美丽图案的衣服。\\n一想到她被触摸到，\\n我意识到裙摆已经被强行撕开，接触到了皮肤。"
    },
    {
        "message": "被嘲笑后回过神来，美丽的和服已经相当凌乱。\\n这件衣服可能已经破损了。\\n从指尖逐渐失去血色。"
    },
    {
        "name": "サフラン",
        "message": "「并不是在责难你……团长先生忍不住了，\\n我这样想……嗯，感到很高兴……！」"
    },
    {
        "name": "サフラン",
        "message": "「只是……虽然是为了让团长先生看见才穿的，\\n也许穿件更容易脱下的衣服会更省事吧……\\n这让我有点在意」"
    },
    {
        "message": "番红花害羞地低下眉头说道。\\n明明是为了自己穿来的，却很快就弄乱了，\\n感到很抱歉。"
    },
    {
        "name": "サフラン",
        "message": "「怎么了……？\\n难道让你担心了吗？\\n那个，真的不用在意衣服的事情……」"
    },
    {
        "message": "我夺走她焦虑的双唇。"
    },
    {
        "name": "サフラン",
        "message": "「嗯嗯……呼啊……啾……哈，嗯嗯……扑哈……\\n突然，就亲吻起来了……唔，啾……诶，啊……等等……嗯！」"
    },
    {
        "message": "一边不断改变角度亲吻，一边在其中夸赞她的美丽。\\n穿着华丽服装的番红花，真的是美丽动人。"
    },
    {
        "name": "サフラン",
        "message": "「嗯，不要了……好害羞……\\n知道了，不要再说了……心里怦怦直跳……快要受不了了……」"
    },
    {
        "message": "听到这样可爱的话语，更加想要攻势更猛烈。\\n如果言语无法表达，只能用身体来传达。\\n已经敞开的衣领处伸进手，揉捏着柔软的双丘。"
    },
    {
        "name": "サフラン",
        "message": "「呀呀……啊啊……嗯嗯……啊呼……\\n这么、用力、握着……哈啊啊……哈唔嗯……！」"
    },
    {
        "message": "番红花因为被触摸胸部而颤抖不已，\\n她的样子实在太淫荡了，感觉体内的热量在加剧。"
    },
    {
        "name": "サフラン",
        "message": "「啊，现在……团长大人里面的好像……变大了感觉……呀！\\n啊啊啊……好厉害，压迫感越来越强烈了……」"
    },
    {
        "name": "サフラン",
        "message": "「这个……团长大人也、有感觉到吧？\\n好高兴……肚子里、一阵阵地酸酸的……！」"
    },
    {
        "message": "紧紧地收缩住身体，忍住即将达到极点的感觉，\\n慢慢地开始扭动起大腰部。"
    },
    {
        "name": "サフラン",
        "message": "「啊，啊……啊呃……嗯嗯……\\n哈啊……团长……更……\\n激烈一点，想要的话……可以……」"
    },
    {
        "message": "被这般可爱的话语所感动，腰部颤抖着，动作自然变得更加激烈。"
    },
    {
        "name": "サフラン",
        "message": "「啊呃，啊啊呃……好厉害……！\\n嗯，啊……胸部也……这么用力握住……啊呃，啊啊……！」"
    },
    {
        "message": "随着欲望的驱使，扭动着腰部，摇撼着番红花。\\n虽然内心想要更加温柔地关心她，\\n但是被激发的情感已经无法控制。"
    },
    {
        "name": "サフラン",
        "message": "「嗯嗯……没关系，不要在意……衣服也……我也……\\n想要团长随心所欲地……对待我才来的……」"
    },
    {
        "message": "虽然是番红花主动引诱过来的，\\n本以为是为了新年的问候，\\n看来从一开始就是为了亲近而来的。"
    },
    {
        "name": "サフラン",
        "message": "「新的一年里……不是其他任何人……\\n最先想要碰触的是团长大人……\\n希望被触摸到……难道不可以吗……？」"
    },
    {
        "message": "因为番红花一直都表现得很自然，所以才能真切地感受到她这番话是发自内心。\\n被说出这样可爱的话语，实在不能不满足她。"
    },
    {
        "name": "サフラン",
        "message": "「呀呵、啊呃……深入了呢、团长大人的进入了深处呢、啊啊啊！\\n竟然能如此深入到里面来拜年呢、嗯嗯！」"
    },
    {
        "name": "サフラン",
        "message": "「啊，啊啊，电流般的感觉……好舒服……啊啊！团长先生，我也……想要向您表达……我的感受！」"
    },
    {
        "message": "深入她的身体，不断地顶击着子宫口的入口。将这视为问候的番红花用力收紧腹部，紧紧地夹住阴茎，并回应着问候。"
    },
    {
        "message": "随着节奏稳定地重复问候，彼此的热情不断升温。"
    },
    {
        "name": "サフラン",
        "message": "「啊啊啊，团长先生……光是问候……还不够……！求求您……在里面，让我充分地感受到您的热情」"
    },
    {
        "name": "サフラン",
        "message": "「请在我体内……今年，第一次……感受团长先生的热情……请多多地……注入进来……啊啊啊……哈啊……呜呜！」"
    },
    {
        "message": "猛烈地刺激深处后，番红花发出了甜美的喘息声。她伸展四肢，美丽的袖子在床上展开，仿佛被蜘蛛捕获的蝴蝶。"
    },
    {
        "name": "サフラン",
        "message": "「蝴蝶这样诗意的表达呢……嗯啊！如果被您所困扰的话……或许再没有比这更幸福的事了吧」"
    },
    {
        "name": "サフラン",
        "message": "「我不会讨厌什么的……因为，就像蝴蝶引诱一样，也有可能是我的错觉吧……就像我一样……」"
    },
    {
        "name": "サフラン",
        "message": "「是被困扰着的是蝴蝶呢还是蜘蛛呢……嗯呐！无论如何，只要是您做我的伴侣……我就没有理由拒绝……拜托了！」"
    },
    {
        "message": "苦涩的微笑中，番红花微笑着，心跳急促地响起。\\n为了实现蝴蝶的真诚愿望，我只专注于填满她的内部。"
    },
    {
        "name": "サフラン",
        "message": "「啊啊啊……好激烈……啊啊啊……我已经……无法思考了！\\n让我更多地感受到您……！」"
    },
    {
        "message": "番红花妖娆的声音在房间里回荡。\\n阴道紧紧地起伏着，然后……"
    },
    {
        "name": "サフラン",
        "message": "「咕……要到了……啊啊，不行了……要到了…！\\n团长，救、救我……啊啊啊啊啊……要到了！」"
    },
    {
        "name": "サフラン",
        "message": "「啊啊啊啊啊，咕、嗯啊……好热……！\\n肚子……好烫……嘿、呀啊啊啊啊啊！」"
    },
    {
        "message": "伴随着番红花的尖叫声，一股浑浊液体喷射而出。"
    },
    {
        "name": "サフラン",
        "message": "「哈……哈呜呃……呼……好厉害……肚子里好满呢……\\n仿佛被团长先生侵蚀着一样……」"
    },
    {
        "name": "サフラン",
        "message": "「啊啊啊……溢出来了……\\n嗯嗯，不行，这可是我得到的压岁钱呢……」"
    },
    {
        "message": "看着番红花试图紧闭阴道口，我疑惑地问压岁钱是什么。"
    },
    {
        "name": "サフラン",
        "message": "「新的一年到来时，会收到庆祝的礼物呢。\\n所以，这是团长送给我的压岁钱。」"
    },
    {
        "message": "看着番红花眯起眼睛幸福地笑着，\\n那么我也想要得到所谓的压岁钱。"
    },
    {
        "name": "サフラン",
        "message": "「只要是我能给的，无论什么都会给你……\\n有什么想要的吗……嗯嗯！？」"
    },
    {
        "message": "夺走番红花倾斜的嘴唇。\\n潮湿柔软的触感让人心旷神怡，我沉迷其中不断亲吻。"
    },
    {
        "name": "サフラン",
        "message": "「哈……感觉就好像我也得到了压岁钱一样……\\n新年伊始，这么幸福真的好吗？」"
    },
    {
        "message": "微笑着回应她轻声说的话，\\n并祝愿今年也一切顺利，番红花也笑着点头。"
    },
    {
        "name": "サフラン",
        "message": "「虽然不知道今年会是怎样的一年……\\n但只要和你在一起，无论是怎样的一年都会很幸福。」"
    },
    {
        "name": "サフラン",
        "message": "「所以，今年也请和我在一起吧\\n像这样相互触碰、相互联系……\\n让我们再度度过美好的一年吧♪」"
    },
    {
        "message": "按照番红花所说，肯定会变得幸福呢。\\n怀着这样的信念，\\n我将自己沉浸在眼前的幸福之中。"
    }
]