[
    {
        "name": "カゲツ",
        "message": "「诶？ 要感谢我？\\n额……感谢，到底是为了什么呢？」"
    },
    {
        "message": "在办公室召见翡翠木，传达要向她道谢。\\n事实上，在今天的任务中，她多次帮了我大忙。\\n我非常想要向她表达感激。"
    },
    {
        "name": "カゲツ",
        "message": "「没什么，其实不用感谢的\\n并没有做什么值得一提的事情……我觉得那是理所当然的吧？」"
    },
    {
        "message": "虽然翡翠木谦虚地说着，但我却觉得这样下去心里过意不去。\\n询问她是否有想要的东西或者想让我做的事情。"
    },
    {
        "name": "カゲツ",
        "message": "「嗯，是啊……啊」"
    },
    {
        "message": "考虑了一会儿后，翡翠木似乎突然想到了什么，小声地说了出来。\\n然而与此同时，不知为何她的脸颊泛起红晕，低下了头。"
    },
    {
        "message": "看到她这样子有些奇怪，但现在无论什么都可以。\\n不要在意地说出来吧。"
    },
    {
        "name": "カゲツ",
        "message": "「啊—，那个随便什么都可以吗？\\n如果我说想要你做的事情，团长会做吗？」"
    },
    {
        "message": "当然会啊笑着回答后，翡翠木的脸更加泛起红晕。\\n她有些局促地摩擦着大腿。\\n终于下定决心抬起头来后，她说道。"
    },
    {
        "name": "カゲツ",
        "message": "「那么，要和我……发生关系吗？」"
    },
    {
        "name": "カゲツ",
        "message": "「嗯，啊，等、等一下……！\\n啊，碰到了？ 嗯，这、这样就要插进来了吗？」"
    },
    {
        "message": "让她坐在椅子上，然后让她坐在我的腿上。\\n然后慢慢地将勃起的部分对准她的阴道口，缓缓地插入。"
    },
    {
        "name": "カゲツ",
        "message": "「呼啊，啊啊……嗯嗯！！\\n啊啊，真的、进来了……啊啊，嗯啊啊！！」"
    },
    {
        "message": "在插入的刺激下，翡翠木发出娇喘声。\\n下半身微微绷紧，支撑身体的四肢颤抖着。"
    },
    {
        "name": "カゲツ",
        "message": "「嗯嗯，团长平时工作的地方……嗯\\n好大的东西，进来了……哈哈……」"
    },
    {
        "name": "カゲツ",
        "message": "「真、真的要这样吗？\\n嗯……不去床上吗？\\n现在也可以去床上吧？」"
    },
    {
        "message": "对翡翠木的建议，我用动作回答。\\n突然用阴茎在阴道内摩擦，她扭动身体并表现出强烈的反应。"
    },
    {
        "name": "カゲツ",
        "message": "「嗯，啊啊……！ 等、等一下团长！\\n不要、不要这么突然动……啊啊，嗯嗯！！」"
    },
    {
        "name": "カゲツ",
        "message": "「啊，嗯嗯……这、你不是打算去床上吗？\\n嗯……已经……啊，嗯啊啊……！」"
    },
    {
        "message": "虽然嘴上有些不满，但翡翠木的身体却有着不同的反应。\\n从刚才开始，阴道紧紧地夹住着阴茎，阴道深处则溢出大量的爱液。"
    },
    {
        "message": "这显然是女性兴奋的证明。\\n我指出这一点，翡翠木羞愧地发出声音，但并没有否认。"
    },
    {
        "name": "カゲツ",
        "message": "「唔唔……别、别说那么害羞的话题啦\\n但是……为什么……我的身体……这么兴奋呢……」"
    },
    {
        "name": "カゲツ",
        "message": "「比在床上做的时候……嗯、在这里做的话……\\n啊啊……感觉真的很舒服呢！」"
    },
    {
        "message": "可以感觉到翡翠木的思绪在快感中变得迷离。\\n感受到这一点，我询问她想要怎样，故意刁难她。"
    },
    {
        "name": "カゲツ",
        "message": "「唔唔唔……团长你明明知道的吧……\\n嗯、你是想让我说色色的话对吧？」"
    },
    {
        "name": "カゲツ",
        "message": "「真是的……嗯、拜托了……请让我、\\n感觉更舒服一点……再、动动腰部？\\n还有胸部也……希望团长摸摸」"
    },
    {
        "message": "本以为她会更害羞一些，\\n但出乎意料，翡翠木毫不迟疑地表达了自己的要求。"
    },
    {
        "name": "カゲツ",
        "message": "「喂，嗯，我的胸部，想要团长摸一下，\\n嗯，已经这么鼓胀了？尖端也，嗯，期待着，变得尖利了\\n所以，嗯？团长……嗯，摸摸看？」"
    },
    {
        "message": "被她的诱惑话语搞得我头晕目眩。\\n我环抱着她的身体，贪婪地揉捏着乳房。"
    },
    {
        "name": "カゲツ",
        "message": "「啊啊啊，嗯呜呜……啊啊啊！\\n嗯，就是这样，啊啊……就是这样，\\n嗯，啊啊啊！我就是想让团长摸我的胸部……！」"
    },
    {
        "message": "手掌感受到乳房柔软而舒适的触感，\\n从下方提起乳房轻轻揉捏。\\n沉甸甸的乳房有着实实在在的重量感。"
    },
    {
        "message": "偶尔用食指和拇指轻轻夹住乳头进行刺激。\\n正如翡翠木所说，那个地方已经硬得尖锐地突显出来。"
    },
    {
        "name": "カゲツ",
        "message": "「啊呜，嗯……啊……果然团长的手很舒服！\\n这样一来，啊啊，就会变得很色情！」"
    },
    {
        "name": "カゲツ",
        "message": "「嗯，嗯呜……！更多地、来吧……！\\n啊呜、嗯……用团长的手，在我的胸部……啊啊！\\n更多、更多地，请把我的胸部弄得更色情一点……！」"
    },
    {
        "message": "翡翠木的要求变得更加大胆。\\n为了挑逗羞耻感而请求爱抚却反而激起了我的兴奋。\\n无法忍耐住，在爱抚她的乳房时用力加重了力道。"
    },
    {
        "name": "カゲツ",
        "message": "「啊呜，团长……嗯呜呜、啊啊！\\n好舒服、真的……好舒服！」"
    },
    {
        "name": "カゲツ",
        "message": "「瞧……团长摸胸，\\n从刚才开始，嗯……淫荡的汁液，止不住地流出来？」"
    },
    {
        "name": "カゲツ",
        "message": "「我……都是因为团长，变得越来越淫荡了\\n嗯，啊啊啊……！」"
    },
    {
        "message": "正如翡翠木所说，连接处已经湿透，\\n水分沿着腿流淌到地板上。"
    },
    {
        "message": "每当乳房受到强烈刺激时，阴道就会收缩。\\n随着腰部的运动，发出湿湿的淫荡声。"
    },
    {
        "name": "カゲツ",
        "message": "「团长……嗯呜呜，团长……！　啊啊啊！\\n我……嗯，已经……想要感觉舒服了……！」"
    },
    {
        "name": "カゲツ",
        "message": "「求求你……嗯，团长的那个地方，让我感觉舒服？\\n用你的那个部位、顶住我的那个地方？」"
    },
    {
        "message": "受她话语的引诱，腰部的动作变得更加剧烈。\\n仿佛要将顶端压向阴道深处一样的抽送。"
    },
    {
        "name": "カゲツ",
        "message": "「啊呀、啊啊啊……！！！」"
    },
    {
        "message": "翡翠木扭动着身体发出高亢的呻吟声。\\n她仰望着天花板，身体不停地颤抖着，似乎在享受着快感。"
    },
    {
        "name": "カゲツ",
        "message": "「嗯，啊啊……好舒服……！ 阴茎，好舒服！\\n我喜欢这个……团长的阴茎，啊啊……我好喜欢！！」"
    },
    {
        "name": "カゲツ",
        "message": "「啊啊，嗯嗯……好舒服……！ 啊啊！\\n被这样强烈地顶到最深处……就会很快感到舒服！」"
    },
    {
        "message": "阴道内不断地收缩。\\n从深处涌出爱液，更加丰富了黏膜的摩擦。"
    },
    {
        "name": "カゲツ",
        "message": "「嗯，啊啊……来了……啊啊，来了……！\\n团长，我已经……啊啊，要高潮了？ 我要高潮了……！」"
    },
    {
        "name": "カゲツ",
        "message": "「用团长的阴茎，在团长的工作地方，\\n啊啊，一边做着淫荡的事情，一边高潮……！」"
    },
    {
        "message": "翡翠木的身体颤抖着。\\n为迎接高潮做好了准备。\\n为此我也加快了最后冲刺。"
    },
    {
        "name": "カゲツ",
        "message": "「高潮了……啊啊，团长也一起……！\\n一起高潮！ 把精子给我阴道里……！」"
    },
    {
        "name": "カゲツ",
        "message": "「啊、啊、啊、嗯嗯……！！！\\n高潮了，团长，啊啊，高潮了呜呜呜……！\\n呼、啊啊……啊啊啊……！！！！！！」"
    },
    {
        "name": "カゲツ",
        "message": "「嗯，嗯嗯……啊啊，哈哈哈哈哈……！\\n太棒了……啊、我、我高潮了呜呜呜……哈哈、哈哈哈……」"
    },
    {
        "message": "在充满冲动的状态下达到高潮。\\n从阴道深处压迫的阴茎顶端，喷涌出大量浑浊的液体。"
    },
    {
        "name": "カゲツ",
        "message": "「啊啊，在我体内，团长的阴茎在不停地跳动\\n嗯，好厉害，还在流着……哈啊，这样被射进来，真是上瘾……」"
    },
    {
        "message": "可以看出翡翠木带着迷醉的表情凝视着连接部。\\n感受着愉悦的疲惫，我从后面拥抱着翡翠木的身体。"
    },
    {
        "name": "カゲツ",
        "message": "「啊，呵呵，能让我这样待一会儿吗？」"
    },
    {
        "message": "对这句话当然回应后，翡翠木依偎到我身边。"
    },
    {
        "name": "カゲツ",
        "message": "「呵呵，我真的很幸运，现在才觉得人生中最幸运」"
    }
]