[
    {
        "message": "当我意识到时，一切都已经太迟了。\\n红岩桐侵入了卧室，我轻而易举地被她制服了。"
    },
    {
        "name": "シーマニア",
        "message": "「这样就好了……嘿嘿♪ 队长先生再也逃不掉了哦？」"
    },
    {
        "message": "红岩桐俯视着我，咯咯地笑了起来。"
    },
    {
        "name": "シーマニア",
        "message": "「我会还你之前的回礼♪ 尽情地品味吧！」"
    },
    {
        "name": "シーマニア",
        "message": "「唔唔～ 队长先生，别挣扎哦，\\n嗯嗯……嗯！ 呵呵，进去了呢……！」"
    },
    {
        "message": "坐在我的膝盖上的红岩桐微笑着，看起来很开心。\\n但是，她的微笑与平时不同，有些诱人。"
    },
    {
        "name": "シーマニア",
        "message": "「那是因为我正在插着队长先生的家伙啊，\\n嗯嗯……呵呵，理所当然……」"
    },
    {
        "name": "シーマニア",
        "message": "「今天我会好好好好地侍奉你～，\\n所以队长先生就乖乖享受吧～♪」"
    },
    {
        "message": "说着，红岩桐开始缓慢地扭动起自己的腰。\\n阴道已经湿润了起来，\\n她温柔地咬着挺立的阴茎来刺激它。"
    },
    {
        "name": "シーマニア",
        "message": "「呵呵，怎么样，团长大人，\\n嗯嗯……我的小穴感觉舒服吗？」"
    },
    {
        "message": "红岩桐一边扭动着腰，一边问道。\\n我努力回答着，但是由于快感太过强烈，嘴唇不禁颤抖起来。\\n看到我这样的反应，红岩桐显得很满足。"
    },
    {
        "name": "シーマニア",
        "message": "「嘻嘻♪ 很好……嗯嗯，就这样，\\n尽情享受吧……嗯，啊呜……！」"
    },
    {
        "name": "シーマニア",
        "message": "「啊呜……嗯嗯，嘻嘻，团长大人的家伙，\\n在我的小穴里不停地颤抖着……！\\n啊呜，嗯嗯……这么舒服吗？」"
    },
    {
        "message": "没有任何抵抗的意愿，只是诚实地陶醉在所受到的快感中。\\n这时，红岩桐靠近我，紧紧地拥抱着我的头。"
    },
    {
        "name": "シーマニア",
        "message": "「唔唔唔……能够如此坦率地回答真是了不起呢，\\n作为奖励给你摸摸头……！\\n摸摸……团长大人真了不起呢……嗯嗯」"
    },
    {
        "message": "细小而柔软的手指梳理着我的头发。\\n有些许痒痒的感觉。但确实很舒服。"
    },
    {
        "name": "シーマニア",
        "message": "「我会让你更舒服的，嗯嗯，\\n嗯嗯……啊呜，小穴已经变得湿润了，\\n团长大人的家伙也比刚才更加硕大了」"
    },
    {
        "message": "红岩桐的腰开始加快节奏。\\n挤压在眼前的乳房轻盈地摇晃着。"
    },
    {
        "message": "我按捺不住，将脸埋进了乳房中，\\n红岩桐发出了轻微的声音。"
    },
    {
        "name": "シーマニア",
        "message": "「啊啊……嗯……团长大人？\\n呵呵，我的胸部……让你在意了？」"
    },
    {
        "name": "シーマニア",
        "message": "「嗯嗯……呵呵，没关系……只要是团长大人，\\n无论做什么都不会生气的～」"
    },
    {
        "message": "她喃喃自语着，红岩桐用力抚摸着我的头，\\n并自己将乳房压向我的脸。"
    },
    {
        "name": "シーマニア",
        "message": "「好啦好啦……尽情品尝我的胸部吧，\\n嗯嗯……只有团长大人才是特别的～」"
    },
    {
        "message": "在红岩桐的声音催促下，\\n我依然将脸埋在乳房中，\\n含住了乳头。"
    },
    {
        "name": "シーマニア",
        "message": "「啊啊……嗯嗯！ 唔……嗯嗯……！！\\n呵呵，嗯，就是这样……尽情品尝吧，\\n我的胸部……好好地吸吮吧」"
    },
    {
        "name": "シーマニア",
        "message": "「啊啊……呵呵，我的胸部好吃吗？\\n嗯嗯，还给你抚摸抚摸头～\\n趁这个机会，好好地吸允我的胸部吧～」"
    },
    {
        "message": "专心地吮吸着眼前的乳房。\\n含住挺立的乳头，用舌头轻舔着滚动。\\n这时，红岩桐的阴道收紧了起来。"
    },
    {
        "name": "シーマニア",
        "message": "「啊啊啊！！ 嗯嗯……！ 团长，\\n嗯嗯，你吸得这么淫荡……啊啊！\\n嗯嗯嗯……我也克制不住了！」"
    },
    {
        "message": "红岩桐的腰部动作渐渐有了起伏。\\n仿佛在摩擦着令人愉悦的地方，\\n更像是在寻找着这边愉悦的部位。"
    },
    {
        "name": "シーマニア",
        "message": "「啊……嗯嗯……呵呵，团长，嗯嗯……\\n一边吸我的胸部，哈呜呜……！\\n阴茎，让它颤颤地跳动着」"
    },
    {
        "message": "看到这边感受到快感，\\n红岩桐开心地低语道。"
    },
    {
        "name": "シーマニア",
        "message": "「嗯嗯，这么，舒服吗？\\n呵呵，那我就让你更舒服一点」"
    },
    {
        "message": "说着，红岩桐的阴道紧紧收缩。\\n仿佛在试图榨取精液一般的动作。\\n被这样的紧缩，不由得从乳房上分开了口。"
    },
    {
        "name": "シーマニア",
        "message": "「呵呵，怎么样？ 舒服吗？\\n嗯，嗯……就这样，嗯，享受吧」"
    },
    {
        "name": "シーマニア",
        "message": "「我的阴道里，嗯……啊，射满吧，\\n嗯……啊啊，嗯……！！」"
    },
    {
        "message": "红岩桐拼命地摆动着腰部。\\n但是，不能让对方一直占据主动。\\n像是在反击一样，这边也猛地抬起了腰部。"
    },
    {
        "name": "シーマニア",
        "message": "「啊……啊啊……！ 嗯，啊……嗯！\\n团长……啊啊，别这样……嗯，好舒服，\\n啊……不行了……！ 乖乖地……嗯嗯嗯！」"
    },
    {
        "name": "シーマニア",
        "message": "「啊啊……！ 团长的阴茎……嗯嗯！\\n进入了我的阴道深处……啊啊！」"
    },
    {
        "name": "シーマニア",
        "message": "「好厉害……嗯嗯，好舒服……嗯，明明是我在侍奉你的……嗯嗯……！\\n这样子，嗯，不行了……！」"
    },
    {
        "message": "抓住试图反抗的红岩桐的臀部，\\n向上猛地挺动着腰部。"
    },
    {
        "message": "在那有力而充满感官的动作下，\\n红岩桐扭动着身体，发出喘息声。"
    },
    {
        "name": "シーマニア",
        "message": "「唔唔……啊啊……！ 团长，唔唔……我不会输的……！\\n唔啊啊……啊呀呀呀！」"
    },
    {
        "name": "シーマニア",
        "message": "「快一点……唔唔，在我的阴道里，唔呀呀，\\n射出来吧～！！」"
    },
    {
        "message": "射精的感觉越来越强烈。\\n老实说，已经忍耐到极限了。"
    },
    {
        "name": "シーマニア",
        "message": "「啊、啊呀呀……团长，到极限了吗？\\n唔呀呀，没关系……啊呀呀，射出来吧，射精吧！」"
    },
    {
        "name": "シーマニア",
        "message": "「我的……啊啊，红岩桐的小穴，\\n被射精了呢！」"
    },
    {
        "message": "红岩桐紧紧地抱住我的头。\\n我就这样埋进了她的胸部。"
    },
    {
        "name": "シーマニア",
        "message": "「啊啊……嗯嗯啊啊啊啊！！！！！」"
    },
    {
        "name": "シーマニア",
        "message": "「啊啊……嗯嗯呜呜呜……！！！！！\\n嗯啊，出来了呢……团长的精子，出来了呢！」"
    },
    {
        "message": "一边猛烈地抽送着，\\n一边将积蓄的精液射出。"
    },
    {
        "name": "シーマニア",
        "message": "「嗯嗯……全部，全部都出来了呢……\\n看，嗯，射出来了呢……啊啊」"
    },
    {
        "name": "シーマニア",
        "message": "「呵呵，那根震动得好厉害，阴茎在跳动着呢，\\n啊啊，还要继续射精吗？」"
    },
    {
        "message": "阴茎的跳动被阴道温柔地包裹着。\\n那甜蜜的刺激让我的腰部抬起，阴茎再次跳动起来。"
    },
    {
        "name": "シーマニア",
        "message": "「一定都射出来了呢……嗯嗯……\\n呵呵，肚子里面，鼓鼓的呢～」"
    },
    {
        "message": "终于，长时间的射精结束了。\\n我试图从红岩桐的身体上脱离，但她轻轻地阻止了我。"
    },
    {
        "name": "シーマニア",
        "message": "「嗯啊，嗯嗯……就这样，就这样待着吧，\\n直到平静下来，你可以吸我的胸部……」"
    },
    {
        "name": "シーマニア",
        "message": "「呵呵，被好好射精了呢……感觉舒服吗？呵呵……」"
    },
    {
        "message": "在她温柔的声音促使下，我将身体交给了她。"
    },
    {
        "name": "シーマニア",
        "message": "「好了好了……就这样摸摸你一会儿吧」"
    },
    {
        "message": "我埋着头躺在红岩桐的乳房上，\\n一时间被她的柔软所包围。"
    },
    {
        "name": "シーマニア",
        "message": "「如果你再想射的话随时告诉我，\\n我会满满地安慰你哦～♪」"
    }
]