[
    {
        "message": "敲门声响起，我回答了一下……。\\n果不其然，笑容满面的绒缨菊站在门前。"
    },
    {
        "name": "カカリア",
        "message": "「嘿嘿！又来了，团长♪\\n那么，就不站着说了！\\n打扰啦♪ 呼呼♪」"
    },
    {
        "message": "她一边说着，一边像跳舞一样滑进了房间……。\\n"
    },
    {
        "name": "カカリア",
        "message": "「团长，今晚也陪我吧！\\n快点快点～♪」"
    },
    {
        "name": "カカリア",
        "message": "「呜嘿嘿嘿嘿嘿～♪ 形象训练完美♪\\n团长，我开动啦……嗯嗯嗯～♪」"
    },
    {
        "message": "欢快地说完，绒缨菊咚地坐了下来。\\n她似乎已经准备好了，迎接我的是一种甜蜜的温暖。"
    },
    {
        "name": "カカリア",
        "message": "「嗯、嗯呜呜呜，团长……今天也、大……啊、啊？\\n怎么感觉、变、了？」"
    },
    {
        "message": "刚插入到最深处后，绒缨菊歪着头。"
    },
    {
        "name": "カカリア",
        "message": "「那个……比之前、小一点？\\n嗯……小一点，虽然只有一点点\\n上次射精的时候，更加……凶猛？ 的感觉」"
    },
    {
        "message": "就算被说了那样的话，我们这边也没什么好回应的。\\n勃起了，也很兴奋。"
    },
    {
        "message": "坐在脚根上的屁股感觉很舒服，\\n粘膜的刺激也传达得很到位。\\n一点也不不满。"
    },
    {
        "name": "カカリア",
        "message": "「啊……难道～，团长，因为我不害羞，\\n所以你就觉得不够兴奋吗？」"
    },
    {
        "message": "并不是那样。不应该是那样。\\n虽然被她如此坦率地吞噬了，\\n但那才是她本来的样子，没有什么好说的。"
    },
    {
        "message": "然而，即使传达了这些，绒缨菊的眼神也没有改变。\\n她带着妖艳的微笑，俯视着这边。"
    },
    {
        "name": "カカリア",
        "message": "「没关系的，团长……我、确实很害羞」"
    },
    {
        "message": "发出湿漉漉的声音。\\n耳朵发红的绒缨菊开始慢慢地含着肉棒。"
    },
    {
        "message": "虽然小但柔软的屁股在下体上摩擦着。\\n湿润的触感画出圆圈，湿润的粘膜制造出快感。"
    },
    {
        "name": "カカリア",
        "message": "「虽然没有上次那么……？ 但、还是很害羞……\\n这样主动地跨坐在你身上、插入阴茎……\\n但……嘻嘻、但是呢？」"
    },
    {
        "name": "カカリア",
        "message": "「害羞成那样，到底要过多久才能由你来做……\\n自己，没法主动去做吧？\\n所以……一开始就很有干劲的啦？\\n可是……真是的！」"
    },
    {
        "message": "肉棒被阴道壁勾住。\\n突然受到不同的刺激，声音不由自主地泄露出来。"
    },
    {
        "name": "カカリア",
        "message": "「因为我害羞，你的阴茎就会变大啊！\\n你，太过分了，我，不能原谅你！」"
    },
    {
        "name": "カカリア",
        "message": "「所以，决定了，今天就这样进行！\\n像平常一样的我，让团长，高潮！\\n快看，快看，用平常的我，感受快感吧！」"
    },
    {
        "message": "随着每个断续的话语，肉穴的动作都在改变。\\n每一次都让坚挺的肉棒有所反应，腰部也不由自主地抬起。"
    },
    {
        "name": "カカリア",
        "message": "「嗯嘻嘻，痛苦吗？ 痛苦吗？\\n被吸吮着只有舒服的地方……痛苦吗？ 脸上看起来好像很痛苦呢？」"
    },
    {
        "message": "肩膀后面露出满足的笑容。\\n完全没有愤怒的迹象。"
    },
    {
        "name": "カカリア",
        "message": "「看起来很舒服的表情……嘿嘿，当然啦\\n我说过了吧？ 想象训练可是非常成功的\\n我上次那次性爱的事情全部都记得哦？」"
    },
    {
        "message": "她确实是这么说过。\\n而且名为绒缨菊的花骑士的记忆和普通记忆不一样。"
    },
    {
        "name": "カカリア",
        "message": "「团长的感觉到底是怎样的，全部都刻在脑子里了\\n阴茎，怎么动的时候表情最好，\\n我用什么样的小穴，身体紧紧地动着的时候，\\n全部，嘿嘿，都明白！」"
    },
    {
        "message": "将所见之物作为移动画面一一记在心中的绒缨菊。\\n上次的快感，她全都牢牢地记在了脑子里。\\n而且，她甚至进行了形象训练。"
    },
    {
        "message": "按照那个进行的话，就会被这样模仿。\\n灌注进来的肉体感触，阴茎完全被操控着。"
    },
    {
        "name": "カカリア",
        "message": "「嘿嘿，嗯……对呀，和记忆一样……！\\n我，能够让团长感到舒服……！\\n真高兴……嗯，这样下去吧？」"
    },
    {
        "name": "カカリア",
        "message": "「就像上次那样，在我的小穴里，尽情地射出来吧\\n射出精液，解脱一下……嗯，那张可爱的脸庞，\\n再让我看看吧，团长！」"
    },
    {
        "message": "兴奋和快感颤抖着的肉穴正在细心地吞噬着欲望强烈的肉棒。\\n每一次都被涂上甜蜜之物、温暖之物吮吸着、\\n将深处积聚的凝滞物拉扯出来。"
    },
    {
        "name": "カカリア",
        "message": "「嗯、啊哈、啊呜、呼、阴茎、阴茎、团长的、阴茎♪\\n我会安慰你……！　很多很多、乖孩子乖孩子、给你做！」"
    },
    {
        "name": "カカリア",
        "message": "「绝对不会让你忍耐……！\\n想射就射出来……！\\n哗啦哗啦地、把白色的东西尽情地放出来！\\n唉、嗯、看啊看啊……阴茎、乖孩子乖孩子♪」"
    },
    {
        "message": "实际上在上面所以绒缨菊说话语气越发变得高高在上。\\n就像摸着孩子头一样，在阴茎头部在阴道深处被抚摸。"
    },
    {
        "message": "眼前展现的淫荡景象，让大脑的麻痹感越来越强烈。"
    },
    {
        "name": "カカリア",
        "message": "「啊呜，阴茎，膨胀了♪\\n好的，要射出来吗？射出精液，让阴茎爽快一点♪\\n我也要一起高潮，用阴道紧紧地夹住，帮你射出来！」"
    },
    {
        "message": "兴奋不已，欲望被加注了油。\\n心中只想更多地触摸。"
    },
    {
        "name": "カカリア",
        "message": "「呀、呀啊！？」"
    },
    {
        "message": "顺从膨胀的欲望，按照那个进行。\\n虽然不是她的话，但我没有忍耐。"
    },
    {
        "name": "カカリア",
        "message": "「嗯啊、不行、不行……！你在哪里碰……嗯啊啊！？\\n等、等一下……！抚摸屁股……！？」"
    },
    {
        "message": "轻抚着光滑的臀部表面。\\n她惊叫着跳了起来，兽性的欲望更加增长，\\n另一只手流向了她的腿。"
    },
    {
        "name": "カカリア",
        "message": "「嗯呜、哈啊、感觉好刺激……！\\n别、别像那样揉我的胸部……！\\n嗯呜呜、啊啊、那里……不行，屁股的洞，嗯呜呜、别碰……！」"
    },
    {
        "message": "被意料之外地爱抚到，绒缨菊开始焦急起来。\\n沿着腿传来挑逗的刺激和从未想过的屁股爱抚。\\n两种快感让她无法自持。"
    },
    {
        "name": "カカリア",
        "message": "「嗯咕噜！？ 哈啊，啊啊啊，呀，被团长，动起来了……！\n哈啊，嗯咕噜，呼啊啊！\n呀啊，哈啊啊！ 阴茎，深处，猛烈地，来回着……！」"
    },
    {
        "message": "停滞的泥泞中，撞击着我的欲望。\n像是吞噬龟头般吸附在阴道深处，腰部一次次地抬起。"
    },
    {
        "name": "カカリア",
        "message": "「哈啊，呀，这种事情、不知道、啊啊、呼呼啊啊！\n呀，团长、不行、不行……我还想要做的事情呢……！\n这种事情、嗯咕噜、哈啊啊！」"
    },
    {
        "name": "カカリア",
        "message": "「哈啊，不要，不行！ 要结束了！ 和之前不一样……！\n这种事情、嗯咕、哈啊！？ 阴道，停不下来……！」"
    },
    {
        "name": "カカリア",
        "message": "「不要、不要……团长，还没让我……！ 就、明明……！\n哈呜、嗯啊嗯嗯嗯嗯呜呜！ 呼啊、啊啊啊啊啊啊！？」"
    },
    {
        "message": "绒缨菊拱起身体达到高潮。\n按照约定挤压着的阴道肌肉被大量的浑浊液体污染。"
    },
    {
        "name": "カカリア",
        "message": "「嗯咕、嗯咕噜、嗯咕噜噜噜……！\n哈、哈、呃哦……已经、已经到了……」"
    },
    {
        "name": "カカリア",
        "message": "「哈、哈、还没结束的说…… 嗯咕、明明说了不行的……\n团长，果然很过分……\n我本来还想做更多事情的……」"
    },
    {
        "message": "是开心还是悲伤。\n用湿漉漉的眼眸凝视着下方的绒缨菊。"
    },
    {
        "message": "因为罪恶感，我不由自主地移开了视线。\\n在那之前，是一片沾满精液的白色连接部。\\n从喀嚓喀嚓呼吸的隐秘之处，精液溢出并滴落下来。"
    },
    {
        "name": "カカリア",
        "message": "「因为你射得很多……所以……没关系，对吧？\\n真的，毫不犹豫……不仅仅是那里，深入阴道里也变得又滑又湿\\n感觉好像比上次还要多呢……？」"
    },
    {
        "name": "カカリア",
        "message": "「总之，目标达成了吧……？\\n像往常一样，明朗的我成功让团长射精了\\n但是……」"
    },
    {
        "message": "声音突然停顿，我把视线移回。\\n绒缨菊微微带着遗憾的微笑。"
    },
    {
        "name": "カカリア",
        "message": "「结果，被团长反转了呢……那边算是失败了\\n呼～，果然画画还是不行呢～……」"
    }
]