[
    {
        "name": "デージー",
        "message": "「团长，雏菊有点不高兴呢？」"
    },
    {
        "message": "雏菊鼓起了嘴，板着脸。\\n突然怎么了，我问道。"
    },
    {
        "name": "デージー",
        "message": "「一点也不突然！\\n明明一直在捉弄我，却一点也不搭理我。」"
    },
    {
        "message": "确实自从雏菊来到房间后，\\n好几次被缠着摸来摸去，惹人讨厌。"
    },
    {
        "message": "即便还有工作未完成，我都轻描淡写地应付了。\\n现在想想，雏菊也是希望得到我的关注吧。"
    },
    {
        "name": "デージー",
        "message": "「上次雏菊说过，下次就轮到团长被捉弄了……」"
    },
    {
        "name": "デージー",
        "message": "「所以一直以来，雏菊都在努力……\\n可团长却对雏菊这样，打算让她成为一个连承诺都不能遵守的女人！」"
    },
    {
        "message": "我可决没有那样的打算……明白了身体接触的原因后，我苦笑了一下。"
    },
    {
        "message": "为了不再破坏雏菊的心情，今天就由她随心所欲吧。"
    },
    {
        "name": "デージー",
        "message": "「雏菊的手……阴茎，好痒……\\n哦，好厉害，马上就变大了！」"
    },
    {
        "message": "对于我这样顺从的态度，雏菊马上就开心起来了。"
    },
    {
        "message": "在轻柔的抚摸下，\\n阴茎立刻充血膨胀起来。"
    },
    {
        "name": "デージー",
        "message": "「团长……一动不动的？\\n雏菊要放进阴茎的地方……\\n你就这样看着吗……！」"
    },
    {
        "message": "雏菊拿着那勃起的阴茎，引导着它进入自己的小缝中。\\n仿佛在向我炫耀一般，她慢慢地吞噬着那根阴茎。"
    },
    {
        "name": "デージー",
        "message": "「嗯嗯，阴茎……进来了呢\\n雏菊的私处，被撑开了……嗯嗯，啊啊」"
    },
    {
        "name": "デージー",
        "message": "「快了……全部都要进去了？\\n团长的大家伙……\\n在小小的私处里，全部都包裹住了呢……」"
    },
    {
        "message": "感受着阴茎逐渐被褶皱包裹的阻力，\\n渐渐地被吞没。\\n从阴茎的顶端开始，一种热烘烘、刺激无比的感觉扩散开来。"
    },
    {
        "message": "就在此时，刚好吞入一半勃起状态下的雏菊突然停止了动作。"
    },
    {
        "name": "デージー",
        "message": "「就这样，一下子坐下去……\\n阴茎，让它舒服起来……」"
    },
    {
        "message": "为了一口气吞下剩下的一半阴茎，雏菊屏住了呼吸。"
    },
    {
        "message": "或许她本人并没有那个意图，\\n但我感到被拖延得有些焦躁不安。"
    },
    {
        "name": "デージー",
        "message": "「那么……阴茎，\\n全部……都要放进去了……嗯嗯啊啊！」"
    },
    {
        "message": "说着话一下子坐了下去。\\n紧密贴合的阴道肌肉，龟头被挤压的感觉。\\n在那刺激下，发出了呻吟声。"
    },
    {
        "name": "デージー",
        "message": "「啊啊啊！ 嗯嗯，团长的……已经到达最深处了，\\n被顶上去，感觉真是太舒服了」"
    },
    {
        "message": "这边也是一样。\\n与阴茎纠缠的阴道粘膜定期地收缩着，\\n煽动着快感。"
    },
    {
        "name": "デージー",
        "message": "「嗯嗯！ 团长……\\n雏菊会让你感受到很舒服的」"
    },
    {
        "name": "デージー",
        "message": "「在雏菊说可以之前……\\n嗯嗯，动的话……是不行的哦？」"
    },
    {
        "message": "雏菊一边享受着快感，一边用调皮的表情微笑着。\\n这身衣服真是非常适合她的笑容。"
    },
    {
        "message": "调皮的吸血鬼，立刻扭动腰部，刺激着粘膜。"
    },
    {
        "name": "デージー",
        "message": "「啊啊啊，啊，啊啊！ 好想要阴道紧紧地夹住，\\n让阴茎感受到充实的快感，嗯嗯，嗯啊啊」"
    },
    {
        "name": "デージー",
        "message": "「在雏菊的内部摩擦……很快，\\n就让团长无法忍耐了」"
    },
    {
        "message": "紧密吸附的阴道肌肉剧烈地弹动着龟头。\\n在那刺激下，似乎很快就要达到极限，想要开口。"
    },
    {
        "message": "但就在说出话语之前，雏菊柔软的嘴唇，\\n迅速地覆盖在我的嘴唇上。"
    },
    {
        "name": "デージー",
        "message": "「嗯……！ 亲、亲亲、吸♪\\n因为雏菊也被拖延了，呼呼、\\n无法忍耐……嗯、吸♪」"
    },
    {
        "message": "从轻轻吻到舌尖贪婪地探索对方口腔。\\n两者交替进行，雏菊不放开双唇。"
    },
    {
        "name": "デージー",
        "message": "「团长……吸♪ 喜欢……喜欢你哦……\\n吸、呼呼♪」"
    },
    {
        "message": "阴茎传来的快感扩散开来，甚至连理性都被融化。\\n虽然想说再忍耐一下，\\n但雏菊却无邪地吸着我的嘴唇。"
    },
    {
        "message": "她是在捉弄我吗……。\\n在这里什么都不让我说，\\n只是单纯地享受着快感。"
    },
    {
        "name": "デージー",
        "message": "「吸、呼呼♪ 哦……亲亲、吸♪\\n一边动着腰部……亲、呼呼♪\\n好舒服啊……呃♪」"
    },
    {
        "name": "デージー",
        "message": "「团长，让阴茎颤动起来……\\n眼神变得迷离了……嗯嗯♪\\n呼呼、嗯……吸！\\n感觉好舒服，已经无法忍耐了吧？」"
    },
    {
        "message": "交织着舌头，互相吞咽对方的唾液，\\n雏菊积极地扭动着腰部。\\n她深情的吻和热情的动作让我无限激动。"
    },
    {
        "message": "正如雏菊所说，\\n阴茎已经紧绷到快要爆炸，\\n已经到了极限。"
    },
    {
        "message": "趁着调整呼吸的时机，终于传达出这个信息。\\n然后请求得到雏菊的允许，\\n也想要主动一些。"
    },
    {
        "name": "デージー",
        "message": "「能感受到舒服吗……雏菊很高兴♪」"
    },
    {
        "message": "她这样说着舔舐我的脸颊。\\n像猫一样用舌头舔了好几次之后，\\n终于把嘴唇分开了。"
    },
    {
        "name": "デージー",
        "message": "「动一下……可以吗？\\n雏菊，好舒服……下体在发痒，\\n其实，一直以来……都在想着要团长动起来……」"
    },
    {
        "name": "デージー",
        "message": "「所以……雏菊的下体，\\n想要被很多……阴茎顶得更深……啊啊！」"
    },
    {
        "message": "还没说完，阴茎已经猛地顶进了阴道。"
    },
    {
        "message": "已经因快感而模糊的理性，在雏菊的允许之言中完全麻痹了。"
    },
    {
        "name": "デージー",
        "message": "「嗯啊！好厉害……好激烈，啊啊啊！\\n阴道深处，不断地撞击着……嗯呜呜！\\n团长真是太好了……感觉太舒服了！」"
    },
    {
        "name": "デージー",
        "message": "「还要更多地顶进雏菊的下体……！\\n直到射精为止……再多一点点……啊啊啊！」"
    },
    {
        "message": "感受到热热的液体从阴茎底部涌上来。\\n告诉她快要射精了，\\n雏菊甜美的声音中频频点头。"
    },
    {
        "name": "デージー",
        "message": "「啊、嗯嗯、嗯啊啊！\\n就这样动下去，雏菊也快要……哈啊啊！」"
    },
    {
        "name": "デージー",
        "message": "「好厉害……阴茎好激烈的感觉……！\\n用力地摆动着腰部，刺激着下体……啊啊啊！\\n就像被团长调皮地惩罚着一样……\\n嗯咕、啊啊啊、哈呜呜！」"
    },
    {
        "message": "配合着我的顶击，\\n雏菊扭动着腰部左右。\\n摩擦感激增，刺激使阴茎剧烈颤抖。"
    },
    {
        "name": "デージー",
        "message": "「嗯呜呜！颤抖了……！啊、啊、啊啊！\\n雏菊也……要高潮了！\\n下体的刺痛变得更强烈……要高潮了……！」"
    },
    {
        "name": "デージー",
        "message": "「和团长一起高潮……！\\n要高潮了，团长也要高潮……！\\n想要团长在里面，啊啊，射很多精液进来！」"
    },
    {
        "name": "デージー",
        "message": "「嗯呜呜！嗯啊啊……！哈啊啊啊啊！！」"
    },
    {
        "name": "デージー",
        "message": "「啊啊啊……！在高潮了……啊啊啊，\\n团长的阴茎，在高潮着……」"
    },
    {
        "message": "每次射精时，阴茎都在颤抖着，\\n将积蓄的精液喷射而出。"
    },
    {
        "message": "随着阴道内收缩的吸力，\\n直到最后一滴，都被雏菊挤出白浊液。"
    },
    {
        "name": "デージー",
        "message": "「能一起感受到快感，真好呢……嗯呜呜！\\n还能做些淘气的事情……雏菊很满足的……」"
    },
    {
        "message": "接受完所有的射精后，松弛下来的雏菊。\\n倚靠在我的胸前，\\n肩膀上下摆动着，喘息着。"
    },
    {
        "message": "在舒适的放松感中，抚摸着雏菊的头。\\n为了之前冷淡的态度道歉，并表达对她恶作剧的感激。"
    },
    {
        "name": "デージー",
        "message": "「不客气，团长♪\\n嘿嘿……明明是恶作剧，雏菊却被夸奖了♪」"
    },
    {
        "name": "デージー",
        "message": "「雏菊也能感受到很多快感，\\n非常非常……咦？」"
    },
    {
        "message": "满脸笑容瞬间凝固。\\n然后歪着头，发出一阵嗯嗯的声音。"
    },
    {
        "message": "我也歪着头思考了几秒钟。\\n正当我想要确认的时候，雏菊却率先开口了。"
    },
    {
        "name": "デージー",
        "message": "「难道团长……是想让雏菊做些色色的事情，\\n所以才故意不理睬我吗……？」"
    },
    {
        "name": "デージー",
        "message": "「哇啊！雏菊现在才注意到！\\n团长真厉害的呢……！」"
    },
    {
        "message": "虽然并非有意为之，\\n但雏菊却自己安慰了下来。"
    },
    {
        "message": "犹豫要不要纠正，\\n最终什么也没说，继续抚摸着雏菊的头。"
    }
]