[
    {
        "message": "已经深夜了，丽莎在自己的房间里露出了不满的表情。"
    },
    {
        "name": "リサ",
        "message": "「为什么只有美樱前辈才会搭车呢，水野前辈……\\n就算是稍微让我搭一下也应该没关系的吧」"
    },
    {
        "message": "白天里悄悄滋生的嫉妒情绪。\\n想要骑在变成马的贵弘身上的愿望，\\n在丽莎心中不断膨胀着。"
    },
    {
        "name": "リサ",
        "message": "「如果前辈说只让美樱前辈搭车的话也没办法……\\n不，即使这样我也应该试着让我搭一下才对」"
    },
    {
        "name": "リサ",
        "message": "「我应该不会造成太大负担，\\n试着稍微……这样才公平……」"
    },
    {
        "message": "抱怨着的丽莎。\\n即便如此不满并未消失，心灵和身体中的渴望却在积聚。"
    },
    {
        "message": "不知不觉地手伸向了阴部，试图满足自己。"
    },
    {
        "name": "リサ",
        "message": "「嗯、呼……就因为羡慕才做这种事……」"
    },
    {
        "message": "开始安慰自己，却对此感到厌恶，不满也变得显露出来。"
    },
    {
        "message": "然而，除了自慰之外，她找不到其他能满足她的方式。\\n她将娇小的身体沉入床中，露出了女性的一面。"
    },
    {
        "name": "リサ",
        "message": "「唔，水野前辈真是小气……\\n就算让我搭一次也不会变成这样的……」"
    },
    {
        "message": "半脱下的短裤和连裤袜。\\n对于看到的人来说，这是无法抗拒的淫靡打扮。"
    },
    {
        "message": "突出娇小但形状完美的臀部，\\n将手指放在阴道口，缓缓侵入其中。"
    },
    {
        "name": "リサ",
        "message": "「嗯嗯嗯！呼……嗯、啊啊……\\n深、最深处……啊啊」"
    },
    {
        "message": "女孩子般纤细的手指逐渐深入阴道内。"
    },
    {
        "name": "リサ",
        "message": "「果然，还是够不到……\\n想再往里一点，但是，\\n手指长度不够……」"
    },
    {
        "message": "没能达到预期位置，丽莎又开始抱怨起来。\\n但这早已在意料之中。"
    },
    {
        "message": "丽莎放弃了深入，并开始自我安慰起来。"
    },
    {
        "name": "リサ",
        "message": "「啊，哈啊……咕、嗯嗯……嘿啊，啊啊……\\n更湿润一点也许更好……咕、嗯嗯……」"
    },
    {
        "name": "リサ",
        "message": "「但是，玩弄的话会自然而然地变得湿润……哈呜、嗯嗯……\\n或许不必在意这种事情吧……哈，啊啦啦」"
    },
    {
        "message": "刚想着应该随便一点的瞬间，手指的动作变得粗鲁起来。"
    },
    {
        "message": "因为是自己玩弄自己的身体，所以才能做到随意的爱抚。\\n即使不在意，身体也会有所反应，不必遭受疼痛。"
    },
    {
        "name": "リサ",
        "message": "「呵呵，啊啊啊……前辈……咕、呼呼……呃、\\n我也是想要上去的……嗯啊、啊啊」"
    },
    {
        "name": "リサ",
        "message": "「肯定不只是我一个人想要的……唔、啊啊……\\n唔唔、好疼……茜前辈和苏利亚前辈也一定想要上去吧……」"
    },
    {
        "name": "リサ",
        "message": "「虽然我知道美樱前辈在担心我们……嗯呼、呼、呼……啊啊、\\n请也关心一下我们的事情……！！」"
    },
    {
        "message": "爱液分泌增多，渐渐地水声开始变大。\\n与此同时，丽莎的喘息声也变得更大了。"
    },
    {
        "name": "リサ",
        "message": "「唔呼啊，啊……咕……嗯啊！！\\n唔、嗯嗯……夹得好紧……哈、啊、嗯嗯……」"
    },
    {
        "name": "リサ",
        "message": "「就像这样擦擦地弄开……咕唔！嗯嗯，啊啊！果然，感觉很舒服……」"
    },
    {
        "message": "脚开始扑通扑通地动了起来。\\n身体开始寻找快感的出口。"
    },
    {
        "name": "リサ",
        "message": "「哈，哈……胸部也摸摸会更好吧……\\n嗯，啊……虽然小了点，但敏感度还不错……」"
    },
    {
        "message": "用手指捏住了控制着谨慎隆起的粉红色突起。\\n手指的压迫感加强，丽莎的身体猛地颤动了一下。"
    },
    {
        "name": "リサ",
        "message": "「嗯呜，啊啊呜……被欺负着，好舒服……\\n哈呜，啊啊……咕，嘿……虽然有点疼痛……」"
    },
    {
        "name": "リサ",
        "message": "「如果不疼痛的话，就无法感受到快感……\\n嗯呼啊，啊……咕，啊，嘿呜……嗯啊啊！」"
    },
    {
        "message": "汗水浮现在皮肤上，滴落的爱液湿透了内裤。\\n女孩子的气味渐渐变成淫荡的性感气息。"
    },
    {
        "message": "红扑扑的脸颊和迷人的表情是淫靡的代名词。\\n专注于自我安慰的行为，并持续不断地享受爱抚。"
    },
    {
        "name": "リサ",
        "message": "「哈呼，哈……嘿呜，啊啊呜……还不够……\\n还要更舒服才能达到高潮……」"
    },
    {
        "message": "得到充分快感后，丽莎仍然渴望新鲜刺激。\\n身体因火热而贪婪不已。"
    },
    {
        "message": "用手指感受阴道壁的粗糙，并轻轻挑逗那里。"
    },
    {
        "message": "得到期望的快感后，丽莎的身体做出反应。\\n背脊波动起来，为了保持腰部不松弛，腿部用力收紧。"
    },
    {
        "name": "リサ",
        "message": "「啊啊呜！这里……嗯嗯！这里，好厉害……\\n一直这样挑逗下去，就要飞起来了……！」"
    },
    {
        "name": "リサ",
        "message": "「呜嘿！啊啊啊！嗯，啊……这里……只要这里就好了……\\n嘿，啊，嗯，呜呜！只要……啊，啊啊啊！」"
    },
    {
        "name": "リサ",
        "message": "「这边也……胸部也，稍微用力捏一下……」"
    },
    {
        "message": "对乳头的进一步刺激让丽莎颤抖起来。\\n爱液沾湿了臀部和大腿，皮肤上的汗渗透到床单上。"
    },
    {
        "name": "リサ",
        "message": "「哈，哈，哈，哈……就这样，更多地……\\n哈，嗯哈……啊……那样的话，会有很棒的感觉……」"
    },
    {
        "name": "リサ",
        "message": "「想要激烈到让我一时无法自控的感觉……！\\n还远远不能满足……」"
    },
    {
        "name": "リサ",
        "message": "「现在就算被称为变态也没关系……」"
    },
    {
        "message": "手指小而剧烈地移动，抚摸着阴道内的粗糙感。\\n阴道收缩着，丽莎身体弯曲，感受着其中的快感。"
    },
    {
        "name": "リサ",
        "message": "「啊、啊啊、啊、啊啊、啊啊、啊啊啊啊！\\n不、不行……咕、啊、啊啊、这、真的……！！」"
    },
    {
        "message": "丽莎扭动着身体。\\n身体颤抖着发出哀鸣，但爱抚并未停下的迹象。\\n相反地，随着快感的牵引，它变得更加强烈。"
    },
    {
        "name": "リサ",
        "message": "「噢咔、啊啊、嘿啊啊、啊、唔唔唔、啊啊啊！\\n这个，最后……要飞起来了……绝对，要飞起来……咕、啊、啊啊！」"
    },
    {
        "name": "リサ",
        "message": "「感觉到这么强烈到让我变得不正常……！！\\n噢、咕、啊、嗯嗯……唔唔、嗯呀、嗯嗯嗯！\\n一定会飞起来的……！！」"
    },
    {
        "message": "身心都变得软绵绵的丽莎。\\n在这时，那个名字再次从她的口中喃喃而出。"
    },
    {
        "name": "リサ",
        "message": "「前辈……下次我也要……呜呀、啊啊、呼呼！\\n就算不能让我坐上去，后辈也会乱成这样的……！！」"
    },
    {
        "name": "リサ",
        "message": "「如果你不让我坐上去，我会生气的……\\n噢、呛、啊啊、唔唔、嗯呀、啊啊啊！」"
    },
    {
        "message": "无论沉浸在自慰的世界多久，她都没有忘记不满的根源。\\n她呻吟着想要骑在前辈的背上，逐渐接近巅峰。"
    },
    {
        "name": "リサ",
        "message": "「嗯啊、啊啊啊、唔、啊……咕、嗯嗯！\\n不行了，要飞起来了……嗯嗯嗯！要飞起来了……！」"
    },
    {
        "message": "丽莎把脸埋在床上。\\n她用脚不停地拍打床单，\\n有时扭动着背部，挑逗着淫荡的双唇。"
    },
    {
        "message": "只有渴望达到极致的欲望在推动着她。"
    },
    {
        "name": "リサ",
        "message": "「啊啊、啊、快不行了……\\n啊、啊、啊、啊啊啊！太难受了，太难受了～～！」"
    },
    {
        "name": "リサ",
        "message": "「已经，什么都……呜呜、唔唔、啊啊、啊！\\n无法忍耐了……啊、咕咕咕、呼、啊啊啊！」"
    },
    {
        "name": "リサ",
        "message": "「呀、啊啊……啊啊啊……！！\\n要高潮了高潮了高潮了！！\\n啊啊啊啊……！！」"
    },
    {
        "name": "リサ",
        "message": "「嗯啊啊……啊啊啊……唔唔……\\n哈哈，哈哈，哈哈……高潮了……咕、唔唔唔……」"
    },
    {
        "message": "她身体剧烈地抽搐，远超想象之外。"
    },
    {
        "name": "リサ",
        "message": "「太、太……舒服了……\\n哈啊、哈啊、哈啊、哈啊……嗯啊！」"
    },
    {
        "message": "痉挛不会轻易停止。\\n身体虽渐渐平静，但丽莎的身体却不规律地迎来了甜蜜的高潮。"
    },
    {
        "name": "リサ",
        "message": "「啊啊！ 啊……哈啊、哈啊……嗯嗯！\\n还没、还要……哦、哦哦啊！」"
    },
    {
        "message": "从匍匐到侧卧的身体一度陷入了甜蜜的高潮，\\n直到汗水开始变冷，她仍然没有完全平静下来。"
    },
    {
        "name": "リサ",
        "message": "「明天，一定要求前辈载我一程才行\\n不然的话，明天还会再做同样的事情……」"
    },
    {
        "name": "リサ",
        "message": "「每天这样下去，身体可能会出问题……\\n如果在比武中变得紧张不安，\\n就再也无法留在赫伦斯希尔了……」"
    },
    {
        "message": "尽管满足于极致快感，丽莎却表达了内心的不安。"
    },
    {
        "message": "为了消除这种不安，满足欲望，\\n看来只能骑在前辈的背上才行。"
    }
]