[
    {
        "message": "做梦般的感觉，就像现在这种状态一样吧。\\n在梦中我茫然地考虑着这样的事情。"
    },
    {
        "message": "难以言喻的舒适感——应该说是愉悦吧。\\n是一种让人愿意一直沉浸其中的快感。\\n这究竟是什么？"
    },
    {
        "message": "正当我这样想的瞬间，那股快感突然膨胀并爆发，\\n我的脑海一片空白。"
    },
    {
        "message": "这是——……。"
    },
    {
        "name": "ヴァルンボン",
        "message": "「……嗯……\\n团长……醒来了……」"
    },
    {
        "name": "ヴァルンボン",
        "message": "「……出来了，就醒来了……是醒来的一击？」"
    },
    {
        "message": "在迷迷糊糊中花了些时间才理解了情况。\\n眼前是裸露着皮肤的瓦伦号，\\n而且她正跨坐在我的身体上。"
    },
    {
        "message": "瓦伦号调皮地微笑着窥视着我。\\n视线从她的脸上移到下半身。\\n连接在一起。清晰可见。"
    },
    {
        "name": "ヴァルンボン",
        "message": "「嗯\\n射出很多呢……吓了你一跳吧……嗯」"
    },
    {
        "message": "结合部溢出着精液。\\n当然是自己射出来的吧。\\n在醒来前的快感重新浮现，恍然大悟。"
    },
    {
        "message": "终于睡意消失，思维回归。\\n所以问，你在做什么呢？"
    },
    {
        "name": "ヴァルンボン",
        "message": "「嗯，嗯……要我解释一下吗……\\n言语刺激？喜欢言语责难？」"
    },
    {
        "name": "ヴァルンボン",
        "message": "「嗯，出乎意料……不、不是\\n嗯」"
    },
    {
        "message": "瓦伦号随意说着些什么，姿势也没变，突然清了清嗓子。"
    },
    {
        "name": "ヴァルンボン",
        "message": "「嗯，那么，解说时间……」"
    },
    {
        "message": "……难道接下来就要被解说了吗？\\n被包裹着的湿润触感，\\n瓦伦号阴道内的热度和紧致感，让人心痒难耐。"
    },
    {
        "name": "ヴァルンボン",
        "message": "「早上好，瓦伦号来到了团长的房间……\\n清爽地叫醒团长，增加好感度啵啵……\\n这种心情……嗯」"
    },
    {
        "name": "ヴァルンボン",
        "message": "「嗯，团长在床上安稳地睡着……\\n瓦伦号在被窝里蠕动……\\n然后，在那里看到的是……！」"
    },
    {
        "message": "好了，我知道了。\\n看出情况了，就制止了瓦伦号。\\n特意解释太尴尬了。"
    },
    {
        "name": "ヴァルンボン",
        "message": "「嗯……可惜……\\n总之，瓦伦号是为了团长的精神状态……\\n这个时候……嗯」"
    },
    {
        "name": "ヴァルンボン",
        "message": "「嗯，嗯，给精神状态好的团长摸摸摸……\\n团长更有精神了……嗯\\n瓦伦号也有点痒痒，骚骚的感觉……」"
    },
    {
        "name": "ヴァルンボン",
        "message": "「嗯……之前说好要再来的……\\n因为说好了，所以没问题……就是这个理解\\n嗯」"
    },
    {
        "message": "所以在我睡觉的时候，发生了这样的事情。"
    },
    {
        "name": "ヴァルンボン",
        "message": "「……团长，精神又好起来了？」"
    },
    {
        "message": "瓦伦号眯起眼睛……说中要害了。\\n被她包裹着的肉棒，在她的感觉和\\n她身前瓦伦号的淫态下\\n重新变得坚硬起来。"
    },
    {
        "name": "ヴァルンボン",
        "message": "「嗯，嗯……虽然很舒服，但是……\\n瓦伦号还是有点骚骚的感觉……嗯」"
    },
    {
        "name": "ヴァルンボン",
        "message": "「所以……嘻嘻……」"
    },
    {
        "message": "瓦伦号带着妖艳的表情含笑了起来。\\n然后——"
    },
    {
        "name": "ヴァルンボン",
        "message": "「——嗯……！」"
    },
    {
        "message": "像是突袭般上下摆动着腰部，进行着大幅的冲刺。\\n突如其来的强烈刺激让我不由自主地发出声音。"
    },
    {
        "name": "ヴァルンボン",
        "message": "「嗯，嗯，嗯……！」"
    },
    {
        "message": "小巧的身体跳动着，瓦伦号轻快地摆动着腰部。\\n连接处残留的精液发出声响溢出。"
    },
    {
        "name": "ヴァルンボン",
        "message": "「嗯……，嗯，团长……看到了吗？\\n哈，嗯，嗯，嗯，嗯……！\\n发出了啪嗒的声音……哈，嗯，嗯，嗯\\n从里面流出来了……嗯」"
    },
    {
        "name": "ヴァルンボン",
        "message": "「嗯，嗯，哈呜，嗯……！\\n刚才，团长在……嗯，在瓦伦号的阴道里，嗯\\n哒哗哒哗地射出来的东西……嗯，嗯」"
    },
    {
        "name": "ヴァルンボン",
        "message": "「团长的精子，嗯，嗯呜……！\\n瓦伦号的、嗯、淫荡的汁液和、呃、呃！\\n黏黏地混合在一起，哈，嗯呜，呃呃」"
    },
    {
        "name": "ヴァルンボン",
        "message": "「哈呜，嗯，从连接的地方……\\n流出来了……嗯，嗯！」"
    },
    {
        "message": "瓦伦号的视线在这里的目光和连接处之间来回移动。\\n不仅是用言语解释，还有意识地展现情况。\\n正如所料，我被眼前淫秽的景象所困扰。\\n无法移开视线。"
    },
    {
        "name": "ヴァルンボン",
        "message": "「嗯呜、嗯、嗯、哈啊、嘿呀……！\\n嗯、嗯、嗯……！」"
    },
    {
        "message": "然后瓦伦号的动作也加速度地变得更快更猛烈。\\n不仅责难着我，她自己也贪婪地享受着快感。\\n这种兴奋和热情传达了过来。"
    },
    {
        "name": "ヴァルンボン",
        "message": "「啊呜、嗯、嗯呜、哈、啊、嗯……！\\n喔，哈、嗯、嗯、瓦伦号……嗯呜！\\n激烈地……嗯呜！」"
    },
    {
        "name": "ヴァルンボン",
        "message": "「嗯、嗯啊、啪啾啪啾，让人……啊、嗯啊！」"
    },
    {
        "message": "像钉子一样激烈地上下摆动着腰部的瓦伦号。\\n随着连接变得更深，\\n她滑腻柔软的肉在我的皮肤上压出了感觉。\\n那感觉实在是让人感到淫荡，又十分舒适。"
    },
    {
        "name": "ヴァルンボン",
        "message": "「呼呀、嗯呜、嗯、嗯呜！\\n唔、唿唿、嗯呜……！」"
    },
    {
        "message": "当然，在她狭窄的阴道内被刺激的快感也是极其强烈的。\\n虽然没有记忆，但我应该已经射过一次了。\\n然而，很快就感觉到高潮即将来临。"
    },
    {
        "name": "ヴァルンボン",
        "message": "「嗯呜、嗯、唔……！　团长……嗯、啊、\\n团长的鸡巴……嗯！\\n在瓦伦号里，唔，又膨胀起来了……哟，哈呢！」"
    },
    {
        "name": "ヴァルンボン",
        "message": "「嗯、嗯、啊嗯、就是这样……嗯嗯！\\n团长的，里面扩张着……嗯、嗯！\\n瓦伦号的腹部深处也，嗯呜，颤颤地……」"
    },
    {
        "name": "ヴァルンボン",
        "message": "「嗯、嗯呜、感觉很好……嗯嗯！\\n我知道的，所以……嗯啊、嗯、嗯！」"
    },
    {
        "message": "引诱般地笑着，瓦伦号继续进行着抽插。\\n已经无法忍受到极限了，抓住了瓦伦号的大腿。"
    },
    {
        "name": "ヴァルンボン",
        "message": "「啊呜……！　嗯、嗯、团长……啊嗯、嗯呜！\\n一起，嗯、嗯、啊呜！\\n一起感觉很好吧……\\n啊啊呜、啊、啊啊……！」"
    },
    {
        "message": "仿佛是最后的点睛之笔，\\n瓦伦号的腰部毫不留情地撞击着——。"
    },
    {
        "name": "ヴァルンボン",
        "message": "「啊啊呜、啊、啊、啊呜，已经，嗯、嗯呜！\\n嗯、嗯……呜！」"
    },
    {
        "name": "ヴァルンボン",
        "message": "「啊呜、啊呜、唔——……呜！」"
    },
    {
        "message": "被快感吞没，射出了精液在瓦伦号的体内。"
    },
    {
        "message": "她深深地陷入臀部变形的腰部，\\n欢喜的表情颤抖着身体。"
    },
    {
        "message": "射精的时候，瓦伦号的阴道像是扭曲般地收缩，\\n仿佛从身体深处吸吮着精液一般。\\n那强烈的快感让我的头再次变得空白。"
    },
    {
        "name": "ヴァルンボン",
        "message": "「嗯……嗯……啊……呼……嗯……」"
    },
    {
        "message": "瓦伦号的余韵持续了一会儿，\\n然后她高兴地呼出了一口气。"
    },
    {
        "name": "ヴァルンボン",
        "message": "「嗯呼……\\n……感觉，很好……？」"
    },
    {
        "message": "第一次和她共度一夜时，\\n结束后也曾经这样问过我。\\n这次与那时不同，\\n现在用被她榨取来形容更加贴切……"
    },
    {
        "message": "感觉、非常、非常好……。\\n这是我真实的感想。"
    },
    {
        "name": "ヴァルンボン",
        "message": "「嗯呼呼」"
    },
    {
        "message": "瓦伦号露出了既天真又妖艳的微笑，\\n同时她紧紧相连的腰部扭动着。"
    },
    {
        "name": "ヴァルンボン",
        "message": "「这样，团长也成了瓦伦号的俘虏？\\n嗯……魔性的女人，瓦伦号……\\n魔弹射手？ 嗯呼……」"
    },
    {
        "message": "一如往常，以轻松的口吻玩弄言辞，瓦伦号一边露出陶醉的表情，一边不停地说着。她的阴道仍然在热烈地蠢动着。"
    },
    {
        "name": "ヴァルンボン",
        "message": "「嗯……从现在开始，要多多做哦……老板……」"
    },
    {
        "message": "不用说从现在开始，就算是今天这样下去——甚至还有一种会继续下去的预感。"
    }
]