[
    {
        "message": "从那时起，一段时间过去了。\\n在此期间，蜂斗菜审视了自己，重新认识了隐藏的性欲，\\n对自己做出了如此认真的结论。"
    },
    {
        "name": "フキ",
        "message": "「一旦意识到了这一点，就不可能假装它从未发生\\n继续压抑也不现实\\n但沉溺其中也无法实现正义，只是梦中之梦」"
    },
    {
        "name": "フキ",
        "message": "「那么，方法只有一个……平时照常生活，忍耐到极限\\n在工作中的你和这里的每个人……\\n更不会向除了你之外的男士们寻求\\n我以我的天篷为誓言」"
    },
    {
        "name": "フキ",
        "message": "「在那之后，如果时机成熟……\\n你要为此负起责任」"
    },
    {
        "message": "这样规划一切也许正是她作为她的理由所在。\\n可爱而又在某种意义上高贵，没有拒绝的理由。"
    },
    {
        "message": "目前，蜂斗菜成功地实现了自己的誓言。\\n白天依然是高贵的骑士。\\n守护国家，消灭世界上的害虫\\n继续做着正义花骑士。"
    },
    {
        "message": "但是，夜晚则不同。"
    },
    {
        "name": "フキ",
        "message": "「团长大人……今晚也拜托您了」"
    },
    {
        "message": "回想中传来了敲门声和蜂斗菜的声音。\\n无法控制加速跳动的心脏，怀着期待迎接他。"
    },
    {
        "message": "招呼进来的瞬间，不等打招呼就被贪婪地吻上。\\n然后被推倒在床上，舌头被吮吸，衣服被脱去，\\n接下来只剩下兽性的喘息交织着一次次的抽插。"
    },
    {
        "name": "フキ",
        "message": "「嗯啊，哈……再来一次……♪\\n啊呃……嗯嗯啊啊啊啊啊～♪」"
    },
    {
        "message": "带着淫笑，蜂斗菜含住了刚刚射精后半软的肉棒。\\n或许是因为沐浴在精液中，阴道仍然热烘烘的。"
    },
    {
        "message": "看到这样的情景，我的身体也很快变得火热。\\n感受到自己重新勃起的力量，在体内蔓延开来，蜂斗菜眯起了眼睛，露出了喜悦的表情。"
    },
    {
        "name": "フキ",
        "message": "「呵呵……果然是团长大人的鸡巴……♪\\n还能给我这么多快乐……我真是个幸福的人♪」"
    },
    {
        "name": "フキ",
        "message": "「还不够……再多一点……请让我挤出更多精液吧♪\\n可以吧？ 不会介意吧？\\n嗯……啊……你会负责任的对吧？」"
    },
    {
        "message": "舔完口交留下的余渣后，蜂斗菜扭动着臀部。\\n她的动作显然是深知我的喜好。"
    },
    {
        "name": "フキ",
        "message": "「嗯啊……唔唔……湿漉漉的，好舒服呢……♪\\n我也很舒服……唔唔，唔唔……♪\\n流出来了，摩擦着……\\n你的种子渗入小穴里，我好喜欢这个感觉……♪」"
    },
    {
        "name": "フキ",
        "message": "「子宫里，你的精液正在滴答滴答地流出来，我知道……♪\\n气味也很浓烈……全身、脸庞……全部都是你的……♪\\n哈啊……啊啊……小穴又湿了……♪\\n明明已经高潮过了……但作为雌性还停不下来呢……♪」"
    },
    {
        "name": "フキ",
        "message": "「这些……全都是……多亏了你……♪\\n一次又一次，把肉棒硬得很，往子宫里灌满精液……♪\\n啊，啊……每晚都……这么美妙，团长大人……♪」"
    },
    {
        "message": "一切都是因为她展现出淫荡的一面所导致的结果。\\n在被灌注的快感中呻吟，被引导着紧握住乳房做出回应。"
    },
    {
        "message": "得出结论后，蜂斗菜每晚都在寻求。\\n每个夜晚她都变得大胆，甚至说出淫秽的话语。\\n这样的话，没有男人会不振作吧。"
    },
    {
        "name": "フキ",
        "message": "「真的非常感谢……嗯，啊啊……\\n太好了！　胸部好棒♪\\n子宫深处……酥酥麻麻的……\\n啊，安乐死了……又想要了……想要种子了♪」"
    },
    {
        "message": "被那样煽动的眼神所诉求，自然而然地背脊发凉。\\n根本不需要忍耐。\\n配合着腰部的动作，将充满体液的粘膜紧密贴合在一起。"
    },
    {
        "name": "フキ",
        "message": "「唔呼……嗯，啊！　开心呢……♪\\n明明想让你休息一下的……嗯，啊啊呜呜！」"
    },
    {
        "message": "刺激男人的本能还说得不错呢。\\n擦上精液般地捏弄着乳头给我看。"
    },
    {
        "name": "フキ",
        "message": "「啊呜呜……♪　啊，原来是想让我怀孕吗……♪\\n嗯……可以哦……没关系♪」"
    },
    {
        "name": "フキ",
        "message": "「我已经告诉过你了吧……\\n把这个淫荡的身体交给你处理之后……即使怀孕也没问题♪\\n相反地，还是期望着呢……呼……嗯嘛…♪」"
    },
    {
        "message": "是的，蜂斗菜得出了这样的结论。\\n即使意识到自己的淫荡，她的性根部分还是非常认真的。"
    },
    {
        "name": "フキ",
        "message": "「其实……第一次的时候……我好像……请求过你的……\\n那时候，感觉太舒服了，就忘记了……\\n但是，现在……啊，啊呜……现在的我……♪」"
    },
    {
        "message": "迷人的眼神缠绕着本能。\\n腰部动作也有所变化。"
    },
    {
        "name": "フキ",
        "message": "「一切……都取决于你……♪」"
    },
    {
        "message": "她伸出妖媚的舌头，擦拭着子宫口，仿佛在挑逗着铃铛一般。"
    },
    {
        "name": "フキ",
        "message": "「我还不够……啊……啊啊……\\n疼痛感，每一次感受到肉棒时都会变得越来越强烈……♪\\n所以，如果你愿意的话……无论多少次……♪」"
    },
    {
        "name": "フキ",
        "message": "「直到我怀孕为止……\\n把种子吐进子宫里，都可以哦……♪」"
    },
    {
        "message": "面对淫荡的引诱，肉欲一下子爆发了。"
    },
    {
        "name": "フキ",
        "message": "「啊呼、嗯啊、啊啊啊、啊呼、嗯嗯咿啊！\\n好厉害……！　嗯啊、啊啊！　还有这样的……！　啊呀、啊啊啊！\\n宝宝的房间，咚咚地来了……！　哈呜、嗯嗯啊！\\n好舒服……呃、啊啊啊！　肯定是要怀孕了！」"
    },
    {
        "name": "フキ",
        "message": "「这种事情是绝对逃不掉的！我也不想逃……啊啊！肉棒，好舒服！好舒服的感觉一波又一波涌上来！啊啊！太棒了！哈啊，好想……想要更多！想享受到极致！」"
    },
    {
        "message": "我不打算放过你，也不打算停下来。我紧握住她的乳房，用力将双手牢牢拉近，猛烈地顶击着蜂斗菜那敏感的身体。"
    },
    {
        "name": "フキ",
        "message": "「嗯啊，那里……那里好舒服！这种感觉，太让人难以忍受了！我要成为母体……属于团长大人的母体……！啊啊，再深一些，团长大人！给我更多的快感！」"
    },
    {
        "message": "在恳求声中，蜂斗菜主动用臀部向前撞击。"
    },
    {
        "name": "フキ",
        "message": "「啊呀呀，哈啊！太舒服了，好深入！我的小穴，太美妙了！明明已经高潮了好几次，可阴道还是持续地颤动着！呀呀，团长大人，团长大人呀！啊呀呀，哈啊啊啊！」"
    },
    {
        "name": "フキ",
        "message": "「我……觉得快乐！哈啊，嗯啊啊！被你看到淫荡的我，真是太幸福了！哈啊啊，看吧，全部都给你看吧！」"
    },
    {
        "name": "フキ",
        "message": "「全部都看到了……肉棒，请硬一点嘛！啊呀呀，哈啊啊，嗯啊，哈啊哈啊！啊呀呀，哈啊啊！粗暴一点嘛！哈啊哈啊！我喜欢这种快感！喜欢这种下流的感觉噢！啊呀呀啊哈啊啊！」"
    },
    {
        "message": "我完全被淹没。被拖进无法控制的境地。心身全都被推向巅峰。"
    },
    {
        "name": "フキ",
        "message": "「哈啊呀呀，嘿哟哟哟哟！龈头部分涨起来了……哈啊，哎哟哟！会射出来吧！再来一次吧！哈啊哈啊！高兴死人了，团长大人哦！快点给我吧！让子宫塞满吧！」」"
    },
    {
        "name": "フキ",
        "message": "「新的，往里面塞进去！新鲜的最好了！\\n啊啊啊啊啊啊啊啊啊啊啊啊！\\n我要榨干你的全部！就这样，全部都给我！求求你了，恩赐给我吧！」"
    },
    {
        "name": "フキ",
        "message": "「啊啊，啊啊啊！哈啊哈哈哈哈哈♪」"
    },
    {
        "message": "同时达到巅峰。\\n喷射精液的肉棒，在贪婪的收缩中被挤压着。"
    },
    {
        "message": "射精感和幸福感几乎让我失去意识。\\n结果，大量的精液被奉献给了蜂斗菜。"
    },
    {
        "name": "フキ",
        "message": "「啊……精液，好丰富……♪\\n明明已经榨干了好几次……呼呼……♪」"
    },
    {
        "name": "フキ",
        "message": "「黏糊糊的……非常浓稠……♪ 哦，超乎预期……♪\\n如果这样的东西被释放出来的话，我……♪\\n呵……嗯……啊，嗯呀呀……♪」"
    },
    {
        "message": "根本没有休息的时间。\\n就像之前一样，\\n蜂斗菜甚至没有展现出余韵就再次摇动起臀部。"
    },
    {
        "name": "フキ",
        "message": "「嗯，嗯呀呀♪ 还不够……再来一次吧……♪\\n更多地、让我们继续吧，团长大人……♪」"
    },
    {
        "name": "フキ",
        "message": "「怀孕也没关系……哦，请让我怀上您的孩子吧……♪\\n只要您的肉棒还能硬起来，无论多少次都可以……♪\\n让我生下您的宝宝吧♪ 呼呼呼♪」"
    },
    {
        "message": "和蜂斗菜的交合，今夜也将持续到天亮。"
    }
]