[
    {
        "name": "ヤクノヒナホシ",
        "message": "「浪漫的景色呢\\n有团长在身边感动更是倍增呢～☆」"
    },
    {
        "message": "久违的约会尾声，\\n是乘坐天鹅舟进行巡游。"
    },
    {
        "message": "屋久雏星的天鹅舟『小雏星号』上，\\n踏着踏板驶向海面，\\n远眺着遥远的约特霍尔克夜景——。"
    },
    {
        "message": "……然后，不知何时双唇相互靠拢。\\n接下来就顺其自然了……。"
    },
    {
        "name": "ヤクノヒナホシ",
        "message": "「啾、嗯啾……啾噗☆\\n噗哈……团长你可真是\\n亲得这么热烈……\\n这样可就看不到夜景了嘛」"
    },
    {
        "message": "虽然这么说着，屋久雏星却下沉了腰——。\\n已经鼓胀得满满的男人的操纵杆，\\n被小小的仓库收纳了起来。"
    },
    {
        "name": "ヤクノヒナホシ",
        "message": "「嗯啊啊啊☆　嘿啊啊啊啊啊！\\n嗯嗯……团长你好大哦……！」"
    },
    {
        "message": "噗噜噜……。\\n屋久雏星淫荡的港湾已经充分湿润。\\n掀开那短暂的美肉，摩擦着褶皱的阴道，\\n向深处推进。"
    },
    {
        "name": "ヤクノヒナホシ",
        "message": "「呼、嗯啊啊……！　啊啊……到了！\\n深处、到了呢……团长！」"
    },
    {
        "message": "屋久雏星切切地皱起眉头。\\n原来是龟头触碰到了什么粗糙的感觉。\\n屋久雏星的私房菜餐厅——\\n似乎已经被侵入到了后厨。"
    },
    {
        "name": "ヤクノヒナホシ",
        "message": "「哈啊、哈啊……团长酱☆　亲亲☆　亲……再多一点！」"
    },
    {
        "message": "那双薄薄的嘴唇逼近。\\n毫不犹豫地回应，舌尖侵入。"
    },
    {
        "name": "ヤクノヒナホシ",
        "message": "「嗯哼……啾啾啾，啾嘭……\\n呼呼，哈啊啊……舔舔舔，啾噗噗噗……\\n团长酱……喜欢你……好喜欢☆」"
    },
    {
        "name": "ヤクノヒナホシ",
        "message": "「啊嘶……啾噗，啾嘭噗☆\\n团长酱的舌头，好软绵……\\n扭动着……好色情……\\n嗯嗯，啊啊……我好喜欢☆」"
    },
    {
        "message": "喜欢——。这句话让下体更加敏感地反应。\\n勃起还有增长的空间。\\n感受着不断膨胀的肉棒，\\n依然热烈、激烈地侵入屋久雏星的口腔。"
    },
    {
        "name": "ヤクノヒナホシ",
        "message": "「啊啊呀、嘿呀呀……！\\n呜呜，小莉的私房菜餐厅，\\n团长酱一个人就已经客满了哦……！」"
    },
    {
        "name": "ヤクノヒナホシ",
        "message": "「唔啊啊呀、哈啊呀、嗯嗯……！　但、但是……喜欢呀☆\\n私房菜餐厅……已经被团长酱包场了！\\n里面充满了涨得满满的东西……唔唔唔，哈啊啊呀！」"
    },
    {
        "message": "肉棒和龟头被紧紧夹住，已经无法忍耐。\\n就像去厨房取点菜一样，\\n贪婪地扭动着腰部。"
    },
    {
        "name": "ヤクノヒナホシ",
        "message": "「啊啊啊啊啊啊啊啊啊啊！队长！\\n扭动得太厉害了……！\\n啊、啊、啊！这、这样不行，不行……！」"
    },
    {
        "message": "没有什么是不可以的……不，没有什么是不可以的。\\n毕竟，这里是海上。周围没有人。\\n发出激烈的喘息声，也不会受到责备。"
    },
    {
        "name": "ヤクノヒナホシ",
        "message": "「嗯、嗯、嗯……！那、那倒是没错……！\\n啊啊啊！……好、好害羞」"
    },
    {
        "message": "试着积极地想一想。\\n因为不会被责备所以可以尽情地喘息――而不是说，\\n因为海上没有人所以可以尽情地喘息，太棒了！――之类的。"
    },
    {
        "name": "ヤクノヒナホシ",
        "message": "「哈！原来如此！哈啊，哈啊……就像在快乐的船上派对中出差一样……？」"
    },
    {
        "message": "虽然不太明白，但大概就是这样吧。"
    },
    {
        "name": "ヤクノヒナホシ",
        "message": "「嗯呜……我、我知道了队长\\n姐姐……因为喘息吓到你了？\\n别客气，尽情享受吧！？」"
    },
    {
        "message": "太棒了心意。这才是天鹅船上性爱的真谛。\\n向新快感之门干杯――。\\n作为庆祝的香槟，用我的下体猛地顶上去。"
    },
    {
        "name": "ヤクノヒナホシ",
        "message": "「啊啊啊啊啊啊啊啊☆」"
    },
    {
        "message": "屋久雏星剧烈地喘息着。\\n仿佛要释放出一直以来忍耐的一切。"
    },
    {
        "name": "ヤクノヒナホシ",
        "message": "「哈啊，啊啊……团长大人……这、这、好舒服……\\n不忍耐地喘息着，我喜欢……\\n在外面做爱……像个流浪者一样的性爱……我喜欢……」"
    },
    {
        "name": "ヤクノヒナホシ",
        "message": "「团长大人……更、更多……更多……阴茎，想要呀……\\n想要把阴道餐厅包场呀呀呀……\\n阴道餐厅，想要更加、更加地客满呀呀呀……！」"
    },
    {
        "message": "――正中下怀。\\n阴道餐厅――我会全力让它客满的。"
    },
    {
        "message": "紧紧拥抱着那娇小的身体，跟着节奏开始摆动腰部。\\n仿佛在给那小小的子宫口打上标记一般，\\n仿佛在主张只有自己才能包场阴道餐厅一样，摆动着腰部，摆动着，摆动着！"
    },
    {
        "name": "ヤクノヒナホシ",
        "message": "「啊啊啊啊啊！ 呵啊啊啊啊！\\n啊啊！ 啊啊啊啊！\\n团长大人……团长大人啊啊啊！」"
    },
    {
        "name": "ヤクノヒナホシ",
        "message": "「啊啊啊擦磨着……擦磨着呜呜……！\\n团长大人的形状，深深地印在心里呜呜呜！\\n阴道餐厅的常客们都会被你迷住的呜呜呜……！」"
    },
    {
        "name": "ヤクノヒナホシ",
        "message": "「不行……不行了……！ 快到了☆ 飞起来了☆\\n姬酱的阴道餐厅！\\n就连天空上也要开分店了呜呜呜……！」"
    },
    {
        "message": "――没关系。越开越好。\\n怀着这样的愿望，紧紧地抓住了她的腰部。\\n就像是排气汁一样，发出淫荡的爆裂声音连续不断地响起。"
    },
    {
        "message": "终于，阴道餐厅在天界开设了分店。"
    },
    {
        "name": "ヤクノヒナホシ",
        "message": "「嘿啊啊啊啊啊啊啊啊啊啊啊啊……！！」"
    },
    {
        "message": "屋久雏星的上半身剧烈地弯曲，\\n抽搐着，抽搐着。\\n伴随着绚烂的喘息声，这是平时绝对不会发出的声音——。"
    },
    {
        "message": "但是，正好那时船身一阵倾斜。"
    },
    {
        "name": "ヤクノヒナホシ",
        "message": "「啊，啊啊……团长大人……危险吗？\\n如果在夜晚的海里跳水……会很危险的……」"
    },
    {
        "message": "在达到高潮的同时，屋久雏星还为我的安危担心着。\\n爱意油然而生，我重新拥紧了她娇小的身体。\\n为了传达平安，我不停地扭动着腰部。"
    },
    {
        "name": "ヤクノヒナホシ",
        "message": "「啊，嗯，啊啊……看来没事了呢☆\\n嗯呜，呜……啊啊\\n但是，姬、姬酱已经高潮了呢……\\n稍微控制一下腰部摆动吧……」"
    },
    {
        "message": "这可是个难题。\\n就像启动的天鹅船一样，这种腰部摆动已经无法停下来。\\n这都怪阴道餐厅得到了三星评价。"
    },
    {
        "name": "ヤクノヒナホシ",
        "message": "「嗯，啊啊……！ 团长大人的阳具头也是姬酱选择的最高金奖呢……！\\n其他阳具头我不知道也不想知道……\\n总之是最高金奖呢……！」"
    },
    {
        "message": "屋久雏星用空洞的眼神说出话语。\\n她的意识似乎已经开始飘忽不定，但她却依然活跃地扭动着腰部。\\n——还能再来一次。\\n阴道餐厅的ＣＬＯＳＥ，还远远没有结束。"
    },
    {
        "name": "ヤクノヒナホシ",
        "message": "「……啊，啊呀？\\n团长酱……感觉好像没靠近港口……？」"
    },
    {
        "message": "被屋久雏星这么一说，我注意到了。\\n确实比刚才更加靠近港口了。\\n唔嗯……。"
    },
    {
        "name": "ヤクノヒナホシ",
        "message": "「嗯嗯……原、原来如此\\n团长酱的腰摆得太猛烈了……嗯呜呜，\\n天鹅船不小心往前移动了……」"
    },
    {
        "message": "屋久雏星盯着这边。\\n她空洞的眼神中，闪烁着寻求更多快感的淫荡之光。"
    },
    {
        "name": "ヤクノヒナホシ",
        "message": "「团长酱……嘿酱有个好主意☆\\n虽然现在已经很晚了，得回约特霍尔克才行……」"
    },
    {
        "name": "ヤクノヒナホシ",
        "message": "「回去的时候不用脚踩踏板，\\n而是让团长酱用厉害的腰部摆动\\n把船划回去……怎么样？」"
    },
    {
        "message": "——好主意。\\n为了满足屋久雏星的期待，我重新调整了姿势。\\n抓住她的腰部，调整呼吸，与她缠绵地对视。\\n好，开始！"
    },
    {
        "name": "ヤクノヒナホシ",
        "message": "「啊啊啊！ 啊！ 这、这就是……！\\n嘿酱期待的就是这样子！\\n团长酱的腰摆得……太厉害了！\\n船也在往前移动着！」"
    },
    {
        "message": "天鹅船，希小姐的星之舟前进着。\\n动力是性爱。\\n两人的腰相互碰撞，性器与性器交织在一起，\\n渐渐地靠近港口。"
    },
    {
        "name": "ヤクノヒナホシ",
        "message": "「啊啊啊啊啊……！　又要高潮了、高潮了！\\n团长，好、好舒服……！」"
    },
    {
        "message": "全力摇动着腰部，吻上了屋久雏星的嘴唇。\\n交织着舌头，唾液溢出来也无所谓，\\n只是贪婪地寻求快感。"
    },
    {
        "name": "ヤクノヒナホシ",
        "message": "「唔啊啊啊啊……！\\n啊、啊啊……团长，再多一点……！\\n希小姐，还要更多更多的快感呀……！」"
    },
    {
        "message": "交织舌头！ 摇摆腰部！ 船只前进！\\n与屋久雏星合为一体，\\n冲向名为巅峰的终点！"
    },
    {
        "name": "ヤクノヒナホシ",
        "message": "「啊啊啊……！ 嗯呵啊啊……！\\n团长……团长喔！\\n喜欢你、喜欢你……\\n喜欢喜欢喜欢喜欢！！！！」"
    },
    {
        "message": "——港口终于逼近了。\\n似乎是时候压制呻吟声了\\n……但这种事情并不重要。"
    },
    {
        "message": "现在只想沉浸在天鹅船性爱中。\\n明明是船上，却想要沉浸其中。"
    },
    {
        "name": "ヤクノヒナホシ",
        "message": "「啊啊啊……团长……要来了、要来了呜呜！\\n好厉害的感觉呜呜呜……！\\n不是划桨而是、阴道划船！\\n这都成正式项目了呀呀呀……！！」"
    },
    {
        "message": "港口的船上巡游也该进入尾声了。\\n船身已经被港口的灯光所照耀。\\n这种情况下被人看到也不奇怪。"
    },
    {
        "message": "终于，射精的感觉达到了极限——。"
    },
    {
        "name": "ヤクノヒナホシ",
        "message": "「啊啊啊啊啊啊啊啊啊啊啊啊……！！！！」"
    },
    {
        "message": "发出迄今为止最激烈的声音，\\n屋久雏星陷入了巨大的高潮。\\n——幸好是深夜。\\n如果是白天，肯定会因为声音而吸引港口的人们。"
    },
    {
        "name": "ヤクノヒナホシ",
        "message": "「哈、哈啊……\\n哈、哈、哈……团长大人……」"
    },
    {
        "message": "紧紧地拥抱着疲惫不堪的小身体，充满温柔和慈爱。"
    },
    {
        "name": "ヤクノヒナホシ",
        "message": "「肚子里……好热呢……\\n团长大人的……好多呢……\\n小穴餐厅……真的是满满的呢……」"
    },
    {
        "message": "屋久雏星温柔地抚摸着自己的肚子。\\n她的表情中透露出一丝母性。"
    },
    {
        "name": "ヤクノヒナホシ",
        "message": "「嘿嘿☆ 嗨酱，我知道哦\\n大概是因为这个，宝宝……会诞生☆」"
    },
    {
        "message": "听到那句话，我的内心充满了感动，我重新拥抱起屋久雏星。\\n她柔嫩的皮肤上微微泛着汗水。\\n她的体温，她的存在，比任何事都显得珍贵。"
    },
    {
        "message": "想着与屋久雏星共同走向未来，我的内心充满了热情。\\n怀着深沉而伟大的爱，\\nHi—chan's Star Oh号成功地返回了约特霍尔克——。"
    }
]