[
    {
        "message": "瓦伦号总是不知不觉地待在房间的角落。虽然我已经注意避免非法入侵，但目前还没有出现问题……。"
    },
    {
        "name": "ヴァルンボン",
        "message": "「嗯……」"
    },
    {
        "message": "甚至在我们邀请她进房间时，她也不会坐在椅子上，而是坐在房间角落的地板上，有点让人困扰。或者说，有点难以启齿。"
    },
    {
        "message": "再过来一点怎么样？我伸出椅子，但她却摇了摇头。"
    },
    {
        "name": "ヴァルンボン",
        "message": "「嗯、嗯……瓦伦号喜欢角落……那边太宽敞了，不喜欢……」"
    },
    {
        "name": "ヴァルンボン",
        "message": "「……嗯……但是……」"
    },
    {
        "message": "瓦伦号脸颊微红。"
    },
    {
        "name": "ヴァルンボン",
        "message": "「……床的话，可以……」"
    },
    {
        "message": "当瓦伦号说着床的话可以并真的走到床边坐下时，我们很快就亲吻在一起，贴身相拥，这一切来得如此迅速。"
    },
    {
        "name": "ヴァルンボン",
        "message": "「嗯……嗯……好、看得见……」"
    },
    {
        "message": "瓦伦号的身影映在了大镜子里。\\n私的秘部已经湿润，我的肉棒的顶端正对准着它。"
    },
    {
        "message": "为什么会陷入这样的境地呢……。"
    },
    {
        "name": "ヴァルンボン",
        "message": "「『嗯……团长……其实呢……\\n瓦伦号，喜欢站在镜子前面……』」"
    },
    {
        "message": "在进行了一段刺激性的爱抚后，就在要进行插入之际，\\n瓦伦号说出了这样的话。"
    },
    {
        "name": "ヴァルンボン",
        "message": "「『嗯、嗯……和团长……连接的地方……\\n瓦伦号也、想要好好地……看一看……』」"
    },
    {
        "message": "既然本人如此期望，我只能满足她了。\\n实际上，镜子里的瓦伦号脸上带着紧张和羞耻的表情……\\n但她却用着迷人的眼神盯着镜子。"
    },
    {
        "name": "ヴァルンボン",
        "message": "「……嗯、嗯……嗯呜……哈呜……」"
    },
    {
        "message": "用龟头摩擦和戳弄她阴道的褶皱和微微突起的肉芽，\\n每一次，瓦伦号都会微微颤抖着身体。"
    },
    {
        "name": "ヴァルンボン",
        "message": "「嗯……嗯呜……啊……\\n团长……还没有插进去……？ 嗯……嗯呜……」"
    },
    {
        "message": "瓦伦号扭动着身体，表现出一副痛苦的样子。\\n她的阴道里流出了爱液，浸湿了肉棒的顶端。\\n确实，我们这边也快要忍耐不住了。"
    },
    {
        "name": "ヴァルンボン",
        "message": "「嗯……！」"
    },
    {
        "message": "再次牢牢地抱住瓦伦号的腰，\\n将肉棒深深地插入她的体内。"
    },
    {
        "name": "ヴァルンボン",
        "message": "「嗯、嗯……！」"
    },
    {
        "message": "瓦伦号纤细的身体内部狭窄而紧致，\\n小心翼翼地前行。"
    },
    {
        "name": "ヴァルンボン",
        "message": "「嗯、……嗯、嗯呜……缩紧……」"
    },
    {
        "message": "镜子里映出了瓦伦号也在承受着痛苦，\\n她皱着眉头，表情非常坚忍。\\n慢慢地，她的腰向这边靠拢，我们的腰则向上顶起——"
    },
    {
        "name": "ヴァルンボン",
        "message": "「嗯呜……！」"
    },
    {
        "message": "终于，完全地插入了根部。\\n内部温热而滑腻，她的脉搏传来了。"
    },
    {
        "name": "ヴァルンボン",
        "message": "「嗯……呜……哈啊……\\n嗯……有点痛……\\n没关系，但是……嗯……」"
    },
    {
        "message": "瓦伦号闭上眼睛，同时说出坦率的话语和坚强的话语，忍耐着。"
    },
    {
        "message": "毕竟立刻动起来也有些犹豫，\\n暂时决定先爱抚她的身体。"
    },
    {
        "name": "ヴァルンボン",
        "message": "「嗯……？\\n团长……不动吗……？」"
    },
    {
        "message": "没有回答她的问题，只是在瓦伦号的胸前轻抚。\\n指尖捏住她纤细胸部尖锐的芽，轻轻一捏。"
    },
    {
        "name": "ヴァルンボン",
        "message": "「嗯……！？\\n嗯、啊呜……！」"
    },
    {
        "message": "瓦伦号发出细细的尖叫声。\\n因为插入前的爱抚都是温柔轻柔的，所以对强烈刺激感到惊讶。"
    },
    {
        "name": "ヴァルンボン",
        "message": "「嗯、嗯、啊呜……\\n嗯、团长、团长……啊、啊呜……！」"
    },
    {
        "name": "ヴァルンボン",
        "message": "「嗯，那个……嗯，酥麻，好……啊，嗯嗯……！」"
    },
    {
        "message": "扭动着身体，我捏住她的两个乳头，\\n瓦伦号发出娇喘声。"
    },
    {
        "message": "即便如此继续刺激了一会儿，\\n等时机成熟，我用一只手伸向连接处。"
    },
    {
        "name": "ヴァルンボン",
        "message": "「嗯呀啊！」"
    },
    {
        "message": "比刚才更大的惨叫声从瓦伦号的嘴里爆发出来。\\n是因为我的指尖在她的肉芽上滚动。"
    },
    {
        "name": "ヴァルンボン",
        "message": "「嗯啊呜、嘿唷、那里……啊、啊、嗯！\\n嗯、团长……啊、嗯嗯……！\\n好舒服……呀……！」"
    },
    {
        "message": "以臀部压迫般的摆动，瓦伦号的腰部开始运动。\\n突如其来的快感让我的克制也到了极限。"
    },
    {
        "name": "ヴァルンボン",
        "message": "「啊……！　嗯、嗯嗯……！\\n嗯！　团长……动了……啊、呀！」"
    },
    {
        "message": "不停地爱抚着瓦伦号，同时开始抽送着腰部。"
    },
    {
        "name": "ヴァルンボン",
        "message": "「嗯，嗯，啊……嗯，嗯……！」"
    },
    {
        "message": "瓦伦号的手紧紧地握住，仿佛在忍受着快感，\\n她主动把裙子提了起来。"
    },
    {
        "message": "因此镜子里清晰地映出了肉体间的交织，\\n一切都毫不掩饰。"
    },
    {
        "name": "ヴァルンボン",
        "message": "「嗯，嗯，嗯……！\\n嗯……好厉害……啊，啊！」"
    },
    {
        "message": "可以看出瓦伦号的目光紧盯着连接处。\\n阴唇被撩拨得淫荡无比，\\n她湿润的眼眸注视着肉棒插入自己的身体。"
    },
    {
        "name": "ヴァルンボン",
        "message": "「嗯，嗯……！\\n连接在一起了，知道吧……嗯……！\\n这个，想看吧……嗯，嗯……！」"
    },
    {
        "name": "ヴァルンボン",
        "message": "「嗯……呵呵……淘气……」"
    },
    {
        "message": "平日里沉默寡言的瓦伦号突然荡漾出淫靡的笑容。\\n一种近乎变态的兴奋感让人不禁打了个寒颤。"
    },
    {
        "name": "ヴァルンボン",
        "message": "「嗯……！？\\n啊，啊……！？」"
    },
    {
        "message": "指尖爱抚也被遗忘，瓦伦号内部被贪婪地侵入。"
    },
    {
        "name": "ヴァルンボン",
        "message": "「嗯，嗯，啊，团长，好厉害，好激烈，\\n啊啊，变得好激烈了……嗯，啊！」"
    },
    {
        "name": "ヴァルンボン",
        "message": "「嘿呀！啊，嗯！声音，嗯，好厉害……啊！\\n啪噗啪噗地响着……啊，嗯嗯！」"
    },
    {
        "message": "湿润的撞击声回荡着，\\n瓦伦号的身体如弹簧般跳动，不断剧烈地顶击。"
    },
    {
        "name": "ヴァルンボン",
        "message": "「镜子、模模糊糊的……啊，嗯嗯，嗯，嗯！\\n啊，嗯啊！」"
    },
    {
        "message": "即使在瓦伦号的内部，甚至连插入的一方都稍感疼痛和拥挤感消失了，\\n充满爱液的粘膜带来了强烈的快感。"
    },
    {
        "name": "ヴァルンボン",
        "message": "「啊，嗯，呼唔呼唔，嗯，嗯！」"
    },
    {
        "name": "ヴァルンボン",
        "message": "「嗯……呼唔！\\n团长……！ 瓦伦号的腹部、呜……！\\n有点抽搐了……呜、呼唔……！」"
    },
    {
        "message": "从她的话语和阴道的动作可以看出她已经接近高潮。\\n这边也快要支撑不住了。"
    },
    {
        "message": "朝着顶端，更加剧烈地相互撞击着腰部——。"
    },
    {
        "name": "ヴァルンボン",
        "message": "「嗯！嗯！嗯……啊，啊，也……啊！\\n嗯……啊！」"
    },
    {
        "name": "ヴァルンボン",
        "message": "「嗯，嗯，嗯……啊！」"
    },
    {
        "message": "最后一次深深地插入的瞬间，热白浊从肉棒中喷涌而出，\\n注入了瓦伦号的深处。"
    },
    {
        "message": "与此几乎同时，\\n瓦伦号的身体也剧烈地抽搐了一下。"
    },
    {
        "name": "ヴァルンボン",
        "message": "「嗯……啊，嗯……啊，嗯……啊！」"
    },
    {
        "message": "为了防止抖动的瓦伦号身体滑落下来，在怀中支撑着她。\\n她的抽搐逐渐平息。"
    },
    {
        "name": "ヴァルンボン",
        "message": "「啊……嗯……啊……呼啊……呼啊……」"
    },
    {
        "message": "终于呼出了憋在心中的气息，\\n瓦伦号做了一个深深的呼吸。"
    },
    {
        "name": "ヴァルンボン",
        "message": "「……啊……呼……\\n……嗯……」"
    },
    {
        "message": "在绝顶的余韵中，瓦伦号透过镜子凝视着。"
    },
    {
        "name": "ヴァルンボン",
        "message": "「……感觉，舒服吗……？」"
    },
    {
        "name": "ヴァルンボン",
        "message": "「嗯……瓦伦号，感觉很舒服……」"
    },
    {
        "name": "ヴァルンボン",
        "message": "「嗯……\\n今天……真的，明白了……\\n瓦伦号和团长……相处得不错……\\n就像已经做了很多次一样，感觉很舒服……」"
    },
    {
        "name": "ヴァルンボン",
        "message": "「嗯\\n高兴吗？」"
    },
    {
        "message": "这时，瓦伦号终于转过肩膀，直接近距离地仰望着这边。"
    },
    {
        "name": "ヴァルンボン",
        "message": "「嗯……谢谢你让我看镜子……\\n因为我有兴趣……想看看\\n嗯，嗯」"
    },
    {
        "name": "ヴァルンボン",
        "message": "「嗯……嗯！\\n……团长\\n你知道刚才说了什么吗？」"
    },
    {
        "name": "ヴァルンボン",
        "message": "「再做一次，说了这样的话……\\n嗯！」"
    }
]