[
    {
        "message": "刚醒来，我立刻察觉到了床上的不适感。\\n轻轻地掀开被子，不适感的本质显露了出来。"
    },
    {
        "name": "カレンデュラ",
        "message": "「团、团长……」"
    },
    {
        "message": "欧洲金盏花眼神迷离。\\n汗水浸湿了她的皮肤，右手伸向下身，\\n弥漫开来的空气中弥漫着独特的香气。"
    },
    {
        "name": "カレンデュラ",
        "message": "「这、这不是那样的！\\n那个……并不是因为发生了什么事情……\\n只是……团长您，那个……啊呜」"
    },
    {
        "message": "她的慌乱渐渐平息，眼中泛起了泪光。"
    },
    {
        "name": "カレンデュラ",
        "message": "「……坦白说，之前和团长发生关系的事情一直忘不掉……\\n所以想夜袭您，但却没能下手……」"
    },
    {
        "name": "カレンデュラ",
        "message": "「所以就等到早上了……\\n但是，团长身上的气味让我无法忍耐……\\n一个人就自己……」"
    },
    {
        "message": "看着她沮丧的样子，我自然地伸出了手。\\n我轻抚着她的头，说她可以坦诚地表达自己的想法，她却小心翼翼地请求着。"
    },
    {
        "name": "カレンデュラ",
        "message": "「那、那个……现在开始可以吗？\\n我还没有达到高潮呢……」"
    },
    {
        "message": "刚才说过的约定。没有拒绝的理由。\\n我接受了欧洲金盏花的愿望，与她亲密接触。"
    },
    {
        "name": "カレンデュラ",
        "message": "「嗯嗯嗯！！好、好宽……！」"
    },
    {
        "message": "欧洲金盏花希望跨上来，然后慢慢坐下。"
    },
    {
        "name": "カレンデュラ",
        "message": "「自己、晃动、不得……啊啊啊……」"
    },
    {
        "message": "臀部左右摆动，阴茎被湿润的阴道吞没。"
    },
    {
        "name": "カレンデュラ",
        "message": "「哈，啊啊……进去了真好……」"
    },
    {
        "message": "短暂的宽慰之后，她似乎想说些什么。\\n眨眼次数增加，视线异常游移。"
    },
    {
        "name": "カレンデュラ",
        "message": "「自、自慰过的、湿漉漉的妹妹小穴怎么样……哥哥？」"
    },
    {
        "message": "被这突如其来的大胆发言震惊，手中的力量一下子松弛了。\\n淫秽语言还算了解，但哥哥这个称呼实在是出乎意料。"
    },
    {
        "name": "カレンデュラ",
        "message": "「诶、诶、妹妹的、骑乘位……不可以吗？\\n我觉得模拟妹妹的方式，也许可以让团长和我都感到幸福……」"
    },
    {
        "message": "不是不行。只是有点吃惊而已。反而希望你继续下去。"
    },
    {
        "name": "カレンデュラ",
        "message": "「那、那样就继续下去……啊！\\n就这样，好多……喀嚓喀嚓地……呢……？」"
    },
    {
        "name": "カレンデュラ",
        "message": "「诶、诶、妹妹一旦起了性趣就停不下来的哦……？\\n做好觉悟哦……哥哥」"
    },
    {
        "message": "尽管她自己说了这些话，欧洲金盏花却开始缓慢地抽送起来。"
    },
    {
        "name": "カレンデュラ",
        "message": "「啊啊……恩……啊……恩……\\n为了哥哥，欧洲金盏花努力学习了哦？」"
    },
    {
        "name": "カレンデュラ",
        "message": "「用欧洲金盏花的小、小穴……\\n装满、哥、哥的、精液……啊呜」"
    },
    {
        "message": "留下微弱的呻吟声，抽送停了下来。\\n低头的脸颊因激动而泛红，似乎快要哭出来。\\n仿佛无法跟上模拟游戏的节奏一般。"
    },
    {
        "message": "克制住想要帮忙的心情，等待着下一步行动。\\n今天的欧洲金盏花应该不需要我推动她了。"
    },
    {
        "name": "カレンデュラ",
        "message": "「对不起，哥哥\\n欧洲金盏花，搞砸了……嘿嘿♪」"
    },
    {
        "name": "カレンデュラ",
        "message": "「但是……你知道吗，我、再也、不会搞砸了？\\n因为、我、非常、喜欢、哥哥\\n为了喜欢的哥哥，妹妹什么都能做到，知道吗……？」"
    },
    {
        "message": "抽送重新开始了。比停下之前更加积极地，身体上下摆动着。"
    },
    {
        "name": "カレンデュラ",
        "message": "「看，对吧……我能做到的，对吧……嗯、啊、哈啊、啊……\\n欧洲金盏花的、腰部运动……你喜欢吗……？」"
    },
    {
        "message": "脸颊的红晕加深，抽送变得更加大胆。由于原本就很紧实，所以在被拉出时特别强烈的快感。"
    },
    {
        "name": "カレンデュラ",
        "message": "「哥哥……啊、哈、感觉很舒服……？\\n专属于哥哥的……妹妹的小穴……知道吗？」"
    },
    {
        "name": "カレンデュラ",
        "message": "「我会让精液充分地被挤出来的哦……！\\n哥哥……啊啊、啊啊……哥哥、哥哥！！」"
    },
    {
        "message": "不断地被呼唤着，无法抑制内心的情感在蔓延。\\n想要更多地被呼唤。为了兄长而努力的可爱妹妹。"
    },
    {
        "name": "カレンデュラ",
        "message": "「为了哥哥，更加激烈一点吧……！\\n哈、哈、哈……哥哥、哥哥、哥哥♪」"
    },
    {
        "message": "一边不断地呼唤着哥哥，欧洲金盏花加快了行动。\\n这边，对妹妹的爱只是增加。"
    },
    {
        "name": "カレンデュラ",
        "message": "「哥哥的小弟弟，比刚才还要大♪\\n刺激到龟头，会变得更大吧……嗯、嗯呜、嗯嗯！！」"
    },
    {
        "message": "子宫口和龟头相接吻的状态下，抽送停了下来。\\n被点燃的淫荡妹妹开始扭动腰部。"
    },
    {
        "name": "カレンデュラ",
        "message": "「嗯嗯嗯！！？　这、比我想象的还要厉害……！\\n子宫口……嗯、咕、呜呜、呼呼啊啊啊！！」"
    },
    {
        "message": "龟头被摩擦着，不由自主地仰起下巴。\\n射精的感觉从内部涌现，全身都绷紧了起来。"
    },
    {
        "name": "カレンデュラ",
        "message": "「这、这样扭动也很舒服呢……啊、啊！　啊啊！！」"
    },
    {
        "message": "腰部以下不断地前后摆动着。\\n除了传达的性感之外，腰部的运动也让人心神荡漾。"
    },
    {
        "message": "充满羞耻的表情释放出享受性交的余裕，\\n看着这边的反应，她笑着戏弄着龟头。"
    },
    {
        "name": "カレンデュラ",
        "message": "「哥哥，看起来很舒服呢……\\n欧洲金盏花也是，摩擦着小蜜蜂感觉很舒服哦？」"
    },
    {
        "name": "カレンデュラ",
        "message": "「这样做的话，全身都会电击一样的……\\n嗯嗯嗯！！　嗯嗯！！！　嗯嗯嗯！！！！」"
    },
    {
        "message": "阴道的收缩急剧加强。\\n几乎要抽筋，射精感的激动加速了速度。"
    },
    {
        "name": "カレンデュラ",
        "message": "「哈、啊啊啊，兄妹性爱，太棒了……！\\n小弟弟和小蜜蜂，相性太好了……呼啊、啊哦、嗯啊啊！！」"
    },
    {
        "name": "カレンデュラ",
        "message": "「再多一点……兄妹性爱，再多一点……！\\n就这样，我们两个，呼、呼、呼……变得幸福吧♪」"
    },
    {
        "message": "甜美得令人陶醉的话语从耳边传入，震撼着大脑。"
    },
    {
        "message": "渴望欧洲金盏花的心情膨胀起来，\\n想要触摸那饱满的乳房。"
    },
    {
        "name": "カレンデュラ",
        "message": "「啊、不行！ 手要握住！！」"
    },
    {
        "message": "试图松开的手被强行握住。"
    },
    {
        "name": "カレンデュラ",
        "message": "「因为害羞，如果不握住的话……我会倒下去……团长」"
    },
    {
        "message": "刹那间窥见素颜的表情，阴茎立刻有了反应。\\n欧洲金盏花似乎也察觉到了，注视着我好一会儿。"
    },
    {
        "name": "カレンデュラ",
        "message": "「团长先生，好像很兴奋呢……要射了吗？」"
    },
    {
        "message": "点头之后，羞耻感甚至残留都消失得无影无踪。"
    },
    {
        "name": "カレンデュラ",
        "message": "「嘻嘻……为哥哥射精前的小弟弟，\\n我会让它能喷出浓浓的精液♪」"
    },
    {
        "message": "如同宣言一般，欧洲金盏花猛烈地扭动着腰部。\\n淫荡的前后运动，以及刺激性十足的旋转运动相结合。"
    },
    {
        "name": "カレンデュラ",
        "message": "「快，快，尽情射吧……嗯啊、啊啊！\\n因为刺激到了我的阴蒂我也要高潮了♪」"
    },
    {
        "message": "不规则的刺激毫不手软。\\n龟头被一股热痒感侵袭，只等待着那一刻的爆发。"
    },
    {
        "name": "カレンデュラ",
        "message": "「啊、好棒……哥哥、好喜欢啊！\\n欧洲金盏花、好喜欢哥哥呢！」"
    },
    {
        "name": "カレンデュラ",
        "message": "「所以，请全部射出来！\\n想要在淫荡的妹妹小穴里射出来……啊、嗯嗯、啊啊啊、啊啊啊！」"
    },
    {
        "message": "精液开始上涌的迹象。已经无法抵抗。\\n只是，沉溺于带来的快感中。"
    },
    {
        "name": "カレンデュラ",
        "message": "「哥哥，射了呢……欧洲金盏花也一起来♪\\n摩擦着阴蒂……嗯啊！啊啊！啊啊啊！呼啊！」"
    },
    {
        "name": "カレンデュラ",
        "message": "「要高潮了……妹妹的小穴，要高潮了！！\\n啊呜！啊啊！嗯嗯啊！哈啊！呼啊！哈啊！」"
    },
    {
        "name": "カレンデュラ",
        "message": "「要高潮了，要高潮了……要高潮了！！」"
    },
    {
        "name": "カレンデュラ",
        "message": "「啊啊啊啊！精子，来了……！」"
    },
    {
        "message": "在痉挛中的欧洲金盏花，挤取着上涌的精液。"
    },
    {
        "message": "自己射精的感觉渐渐淡去。\\n仿佛被插入身体深处的吸管吸干一般。"
    },
    {
        "name": "カレンデュラ",
        "message": "「哥哥的小弟弟，好厉害呀……\\n哈、啊、啊、啊啊……」"
    },
    {
        "message": "狭窄的阴道，无论射出多少次都在猛烈地挤压着。\\n在席卷而来的快感和痛楚中，紧咬牙关以免发出声音。"
    },
    {
        "message": "忍受无情的榨精后，身体失去了力气。\\n牵着的手也松开了。"
    },
    {
        "name": "カレンデュラ",
        "message": "「啊，团长……」"
    },
    {
        "message": "与行为中的焦虑不同，现在并没有焦急之情。似乎不必担心。"
    },
    {
        "name": "カレンデュラ",
        "message": "「并不是因为害羞，而是因为……\\n比起那个，我有话要对你说……」"
    },
    {
        "message": "尖锐的言辞只是一瞬间。\\n呼出一口气后，天真可爱的脸上充满了羞涩的笑容。"
    },
    {
        "name": "カレンデュラ",
        "message": "「谢谢你陪着欧洲金盏花\\n度过了非常幸福的时光……哥哥♪」"
    },
    {
        "message": "这是妹妹对哥哥最高的赞美。"
    }
]