[
    {
        "name": "スノーベリー",
        "message": "「团长的照顾，我来负责！」"
    },
    {
        "message": "脸颊鼓起，白浆果用有些懊恼的声音喊道。\\n她突然怎么了呢。\\n我不明白原因，温柔地询问了一下。"
    },
    {
        "name": "スノーベリー",
        "message": "「我……看到团长被其他人照顾，\\n心里特别难受」"
    },
    {
        "message": "白浆果似乎不喜欢别人替团长操心。\\n大概是看到其他花骑士在照顾团长的样子吧。"
    },
    {
        "message": "对于这位爱面子的她来说，肯定会更加在意。\\n我向她低头致歉，但她仍然无法接受。"
    },
    {
        "name": "スノーベリー",
        "message": "「因为我是最喜欢团长的……\\n所以绝对不会输给任何人」"
    },
    {
        "message": "白浆果像是在闹别扭般地朝我扑了过来。"
    },
    {
        "name": "スノーベリー",
        "message": "「我的感情是真的……希望团长能确认一下」"
    },
    {
        "message": "从她坚定地仰视我的眼眸中，传达出了那份认真。\\n我轻柔地拥抱着满脸通红的白浆果，\\n决定接纳她的情感。"
    },
    {
        "name": "スノーベリー",
        "message": "「啊呜……团长的，好大好硬……\\n顶着入口，好硬的碰到了……嗯嗯嗯！」"
    },
    {
        "message": "硬而肿胀的阴茎，一点点地插入白浆果的阴道。\\n在狭窄而紧致的阴道中摩擦着，慢慢地朝深处前进。"
    },
    {
        "name": "スノーベリー",
        "message": "「因为太硬了……我的阴道被撑得好开……！\\n团长的太大了……肚子都鼓起来了！」"
    },
    {
        "message": "勃起的阴茎稍微前行，尖端却被狭窄的阴道所阻挡。"
    },
    {
        "name": "スノーベリー",
        "message": "「嗯呜……团、团长？已经……全都进去了吗？」"
    },
    {
        "message": "白浆果眯起双眼，身体绷紧。\\n我告诉她差一点就进去了，并劝她放松身体。"
    },
    {
        "name": "スノーベリー",
        "message": "「放、放松？我、我知道了……嗯嗯，\\n尽量放松身体……」"
    },
    {
        "message": "她这么说着，似乎整个身体的紧张都有所缓解，阴道也稍微松弛了一些。\\n我顺势用力，一下子刺入了白浆果的膜。"
    },
    {
        "name": "スノーベリー",
        "message": "「啊呜呜呜呜！阴道深处……！嗯咕、嗯啊啊！」"
    },
    {
        "message": "夺走初体验的同时，龟头撞击阴道深处的感觉也传达开来。"
    },
    {
        "message": "白浆果咬着嘴唇，努力忍受着处女膜破裂的疼痛。\\n我轻抚着她那倔强的头。"
    },
    {
        "name": "スノーベリー",
        "message": "「这样……我……嗯，全都接受了吗？\\n大的，已经……进入了我的阴道吧？」"
    },
    {
        "message": "我点头，称赞她能忍受疼痛。\\n白浆果眼中含泪，紧绷着身体，微微露出了笑容。"
    },
    {
        "name": "スノーベリー",
        "message": "「这点小事……根本不算什么，\\n疼痛对我来说……根本不算什么！」"
    },
    {
        "message": "即使在这种时刻，她那顽强的性格也没有改变。\\n这让我感到非常温暖。"
    },
    {
        "name": "スノーベリー",
        "message": "「比起那个……能和团长这样，融为一体真是太高兴了，\\n我想把我喜欢你的心情……全部都传达给你」"
    },
    {
        "message": "我也表达了自己对相互连接的高兴之情。\\n然后将一直在抚摸她头部的手移到下面，\\n轻轻搭在丰满的乳房上。"
    },
    {
        "message": "努力缓解疼痛，让狭窄的阴道适应阴茎。"
    },
    {
        "name": "スノーベリー",
        "message": "「啊，嗯嗯……胸部……被触摸，感觉很舒服呢\\n嗯……啊……更想，更揉揉哦」"
    },
    {
        "message": "轻轻用力，像揉捏一样爱抚着。\\n手中柔软乳房的触感，\\n让人想要一直确认下去，实在是太舒服了。"
    },
    {
        "name": "スノーベリー",
        "message": "「啊呜，嗯嗯……团长的手，好温柔……\\n被触摸的地方，有点刺痛……开始变得热起来了」"
    },
    {
        "name": "スノーベリー",
        "message": "「这样子，我……就会变得迷迷糊糊的……\\n阴道也不再疼痛了……哈呜」"
    },
    {
        "message": "逐渐松弛的未开发阴道。\\n虽然依然感到局促不安，\\n但与插入之初相比已经有了些许适应。"
    },
    {
        "name": "スノーベリー",
        "message": "「嘿，团长不动的话，我会不舒服的对吧？」"
    },
    {
        "message": "湿润的双眼朝向这边，白浆果说道。"
    },
    {
        "name": "スノーベリー",
        "message": "「我已经不疼了……多亏了团长，才没事了……\\n现在阴道很热……感觉很奇怪」"
    },
    {
        "name": "スノーベリー",
        "message": "「所以……可以动了吗？\\n团长的，那个……要让你感到舒服」"
    },
    {
        "message": "身体扭动着，白浆果催促着这边进行抽送。\\n看起来，疼痛似乎真的减轻了不少。"
    },
    {
        "name": "スノーベリー",
        "message": "「我里面充满了对团长的喜爱……\\n可以多多顶上来……确认一下吗？」"
    },
    {
        "message": "继续爱抚着乳房，向我确认了解。\\n然后慢慢地，让腰部前后滑动起来。"
    },
    {
        "name": "スノーベリー",
        "message": "「嗯嗯……！ 阴茎进出不定……啊呜！\\n磨擦着，阴道被摩擦得……嗯啊」"
    },
    {
        "name": "スノーベリー",
        "message": "「被团长顶上来的话……阴道深处，会收缩起来！\\n肚子里，好像都要化成浓稠的液体了……呜呜，嗯啊，好热啊！」"
    },
    {
        "message": "每往复一次紧紧收缩的阴道，阴茎上就会扩散出甜美的麻痹感。\\n在感受到愉快刺激的同时，为了提升彼此的快感，\\n用热情的腰部运动摩擦着阴道粘膜。"
    },
    {
        "name": "スノーベリー",
        "message": "「啊呜，嗯啊……！ 啊，呀啊……！\\n那个，好舒服呢……阴道在跳动着……扩张着」"
    },
    {
        "name": "スノーベリー",
        "message": "「嗯呜呜……胸部也是……\\n胸部也想要被揉揉得很多很多……」"
    },
    {
        "message": "按需求爱抚着乳房，捏弄着可爱地隆起的尖端。"
    },
    {
        "name": "スノーベリー",
        "message": "「啊呜……！ 嗯啊，乳头……好舒服\\n被揉搓着，身体更……热起来了」"
    },
    {
        "message": "反复确认着弹性，玩弄着粉红色的尖端。\\n用脚尖弹动乳头，白浆果甜美的声音在房间里回荡。"
    },
    {
        "name": "スノーベリー",
        "message": "「啊呀啊！ 呼呼……嗯嗯！\\n胸部和阴唇……感觉好舒服……\\n阴唇，变得奇怪了！」"
    },
    {
        "message": "与刚才不同，随着这边的摩擦运动，耳中传来明显的水声。\\n不知何时连接处已经因彼此体液的摩擦而增加了刺激，\\n白浆果的爱液如此之多，以至于渗透到床单上。"
    },
    {
        "message": "告诉白浆果后，她满脸通红，带着羞愧的神情。"
    },
    {
        "name": "スノーベリー",
        "message": "「因为……变成这样，都是因为团长……我太喜欢团长了嘛」"
    },
    {
        "name": "スノーベリー",
        "message": "「嗯嗯、啊啊……呼呼！ 因为是喜欢的团长的阴茎，\\n所以才会这么……失禁了\\n因为对方是团长……所以没办法！」"
    },
    {
        "name": "スノーベリー",
        "message": "「因为……我的喜欢之情，已经溢出很多了嘛！」"
    },
    {
        "message": "刚发出声音时，阴道内收缩感增加了摩擦刺激。\\n随着白浆果开始感受到强烈快感，这边的快感也在积聚。"
    },
    {
        "name": "スノーベリー",
        "message": "「再用力……再用力……想要被阴茎戳得更深一点！\\n我也……下体收缩得更紧一点……\\n因为我会让团长感到舒服的！」"
    },
    {
        "message": "阴道壁更加紧紧地夹住，刺激着阴茎。\\n这种快感激发了射精的欲望。"
    },
    {
        "name": "スノーベリー",
        "message": "「嗯、啊啊啊、啊呜呜！\\n我……感觉好奇怪，\\n下体在颤抖……呜、嗯嗯！」"
    },
    {
        "name": "スノーベリー",
        "message": "「淫液，涌出了好多！\\n已经无法控制下体的失禁了……嗯嗯呜呜！」"
    },
    {
        "message": "阴道粘膜不断地痉挛。\\n狭窄的阴道仿佛在紧紧地吸吮着阴茎。"
    },
    {
        "name": "スノーベリー",
        "message": "「阴茎也在颤抖！\\n团长也很舒服吧……已经无法忍耐了吧？」"
    },
    {
        "message": "不断点头，示意自己也快到极限了。\\n因为快感让我无法专心去爱抚乳房，\\n只能集中意识去射精。"
    },
    {
        "name": "スノーベリー",
        "message": "「那、那样的话，一起……和团长一起最好了！\\n两个人一起……想要确认彼此的感受！」"
    },
    {
        "name": "スノーベリー",
        "message": "「嗯呜……！ 我、要来了……下体颤抖已经无法忍耐了……！\\n呜呀……！ 嗯嗯呜呜呜！」"
    },
    {
        "name": "スノーベリー",
        "message": "「嗯呜呜呜……！ 阴茎在颤抖不已……\\n在阴道里乱动着……」"
    },
    {
        "message": "从战栗的阴茎中喷出浓稠的精液。\\n迅速充满了白浆果的阴道，\\n无法容纳的精液溢出来。"
    },
    {
        "name": "スノーベリー",
        "message": "「好热……好多射进来了……\\n团长的好热，都要烫伤了……」"
    },
    {
        "message": "第几次射精后，终于停止了射精。\\n在陶醉中，白浆果喘着气，与我的目光相遇。"
    },
    {
        "message": "慢慢地抚摸着她陶醉的头，\\n表达着她感到舒适。"
    },
    {
        "name": "スノーベリー",
        "message": "「我……最喜欢团长了……\\n你明白了吗？」"
    },
    {
        "message": "当然明白了，回答着，紧紧拥抱着她娇小的身体。"
    },
    {
        "name": "スノーベリー",
        "message": "「嗯……♪ 嘿嘿……团长的心情也传达过来了……\\n原本心里的烦恼……已经消失了」"
    },
    {
        "message": "分开身体，相互凝视着对方的脸。\\n那里是白浆果微笑着眯起眼睛，展现出幸福的样子。"
    }
]