[
    {
        "message": "在一个失眠的夜晚——。突然，雏菊来到了房间。\\n我想知道发生了什么事，她指着我……"
    },
    {
        "name": "デージー",
        "message": "「嘿嘿嘿！ 雏菊看穿了吧！\\n今天的团长大人非常疲倦！\\n因为疲倦，所以才会用那样的眼神看着雏菊哦！」"
    },
    {
        "name": "デージー",
        "message": "「这就是女人的直觉啦！\\n不愧是雏菊！ 能够关心别人的女人！ 好厉害啊！」"
    },
    {
        "message": "不管是什么眼神，我确实很疲倦。\\n因为太累了，反而无法入睡，真是困扰。"
    },
    {
        "name": "デージー",
        "message": "「明明这个时间房间的灯一直在闪烁！\\n于是雏菊恍然大悟了！\\n这是团长大人的临终遗言啊！」"
    },
    {
        "message": "不，他并没有死。"
    },
    {
        "name": "デージー",
        "message": "「平时总是受团长大人照顾，\\n这种时候也想要照顾他\\n好了好了，安静地躺下来吧！」"
    },
    {
        "message": "听从她的话躺在床上。\\n但是，依然没有睡意的迹象。"
    },
    {
        "name": "デージー",
        "message": "「我会给你一个入睡的咒语哦\\n团长先生～，你会～入睡的哦～哦～哦～」"
    },
    {
        "message": "残念，即使是靠人力制造回声，也不会有什么效果。"
    },
    {
        "name": "デージー",
        "message": "「哦呀呀？ 团长大人不困吗？……既然如此，就使出最终绝招吧！」"
    },
    {
        "message": "她这么说着，雏菊翻滚到了被窝里。然后——"
    },
    {
        "name": "デージー",
        "message": "「如果团长先生想要舒服、满足的话…… 雏菊可是知道的哦」"
    },
    {
        "message": "雏菊的手指迅速触摸着阴茎。"
    },
    {
        "name": "デージー",
        "message": "「嗯咦咦～♪果然还是硬邦邦的呢，\\n等把这个平复下来，团长大人就能睡着了哦」"
    },
    {
        "message": "正如雏菊所说，阴茎已经变得坚硬。或许是因为疲劳而自行勃起……这种情况吧。"
    },
    {
        "message": "在犹豫间，雏菊取出了我的阴茎，\\n将其压在自己的阴道口上，并一口气吞了下去。"
    },
    {
        "name": "デージー",
        "message": "「嗯嗯嗯……唔咕、这、这样好吗？」"
    },
    {
        "message": "在这只手臂的怀抱中颤抖的雏菊。\\n虽然已经有插入的经验，但没有爱抚地插入还是有些勉强的。"
    },
    {
        "name": "デージー",
        "message": "「大、大丈夫吗，团长大人，平常…嗯，你对我做得那么好……这是在回报你……！\\n团长大人，你要怎么样对待雏菊都可以哦？」"
    },
    {
        "message": "雏菊这样将她那小巧的乳房紧贴过来，同时笨拙地扭动着纤细的腰部。\\n她坚强的姿态让我的阴茎不由自主地有所反应。"
    },
    {
        "name": "デージー",
        "message": "「嗯……！ 团长大人在动……！\\n是的，动得越多越好……\\n尽情地享用雏菊的私处……♪」"
    },
    {
        "name": "デージー",
        "message": "「嗯……雏菊也觉得这样很幸福」"
    },
    {
        "message": "在耳边传来的甜蜜诱惑。\\n或许是因为疲惫，阴茎的疼痛让我的理性轻易被摧毁。\\n我们紧紧相拥着，互相贪婪地追求快乐，我一次次用力顶击着雏菊。"
    },
    {
        "name": "デージー",
        "message": "「嗯……！ 就是这样……！\\n团长大人，就是这样…！ 更、更剧烈一点…！\\n现在只要想着让使用雏菊的私处感到舒服就可以了」"
    },
    {
        "message": "雏菊的手温柔地抚摸着我的头"
    },
    {
        "name": "デージー",
        "message": "「好孩子，团长大人是个好孩子\\n啊，啊，哈，嗯，平常里团长大人…比任何人都努力……雏菊心里都明白」"
    },
    {
        "name": "デージー",
        "message": "「这就是奖励嘛\\n工作的事情，各种事情，现在都忘掉吧\\n全部都忘掉，让雏菊撒娇一下吧」"
    },
    {
        "message": "爱液溢出，伴随着激烈的抽送，从连接处散发出了雌性的气息。\\n在这样淫秽而背德的空间里，\\n就像菩萨一样温柔的雏菊的声音。\\n除了快感，全身被一种仿佛要融化般的宁静所包围。"
    },
    {
        "name": "デージー",
        "message": "「哈哈，团长大人，好激烈……！\\n嗯……呵呵，好可爱啊♪\\n让我再摸摸你吧，摸摸♪」"
    },
    {
        "name": "デージー",
        "message": "「呵呵，不过……团长大人！\\n更深处更舒服哦！\\n所以……嗯，别再摸了，挺直身体，扶着雏菊的膝盖」"
    },
    {
        "message": "从像是只盖在上面一样的姿势转变为露出私处的姿势。\\n伴随着这个动作，阴茎也更深入其中。"
    },
    {
        "name": "デージー",
        "message": "「嗯……！ 阴部……完全暴露出来了……\\n唔……哈、嗯嗯……！ 快、快要裂开了」"
    },
    {
        "name": "デージー",
        "message": "「诶、嘻嘻……！ 但是……\\n这样团长大人的脸就能看得更清楚了呢\\n来吧团长大人，动得更多一点吧\\n和雏菊一起感受快感吧」"
    },
    {
        "name": "デージー",
        "message": "「啊、啊、团长大人……好、好舒服啊！\\n团长大人、团长先生……！」"
    },
    {
        "name": "デージー",
        "message": "「看着团长大人享受的表情，\\n光是看着那个表情，雏菊自己也感到很舒服！」"
    },
    {
        "name": "デージー",
        "message": "「但、雏菊……也喜欢团长的阳具，这样看着他的脸，被阳具戳着……雏菊、太幸福了，幸福得有些变态啦……！」"
    },
    {
        "name": "デージー",
        "message": "「啊、雏菊也可以动吗？已经忍不住了……嗯、嗯！团长！好舒服啊！」"
    },
    {
        "name": "デージー",
        "message": "「啊、哈、呼啊\n雏菊会更舒服的！和心爱的团长一起，一起！」"
    },
    {
        "message": "激烈而淫秽的声音响起，勃起的阴茎从狭窄的阴道口进出。龟头刮过阴道壁，雏菊全身颤抖。这颤抖传达到阴茎上，更加煽动着肉欲。"
    },
    {
        "name": "デージー",
        "message": "「团长，在高潮时要说出来哦！不然只有雏菊一个人高潮！不被告知要忍耐到这种地步，雏菊已经、已经！无法忍耐了！」"
    },
    {
        "message": "没关系，再坚持一下……一边用肩膀呼吸，一边安抚着雏菊。"
    },
    {
        "name": "デージー",
        "message": "「嗯……！知道了……！再坚持一下……嗯……！再坚持一下我能够……忍耐得住……！」"
    },
    {
        "name": "デージー",
        "message": "「啊、被团长的阳具撑开了雏菊的阴道，啊啊，好剧烈，好刺激啊！」"
    },
    {
        "message": "原本就很局促的雏菊的阴道更加紧绷。承受着勃起带来的压力已经到达极限。最后冲刺。腰部一下子加速。"
    },
    {
        "name": "デージー",
        "message": "「嗯呀啊！？ 团长，好激烈啊！\n啊，啊啊，呀啊啊！ 这样太过分了……！」"
    },
    {
        "name": "デージー",
        "message": "「雏菊，没那么坚固啦！\n啊，啊啊，坏掉了，呀，太过分了――！！！」"
    },
    {
        "name": "デージー",
        "message": "「团长！ 雏菊，要高潮了！\n太过分了！ 等不了了啦啦啦啦！」"
    },
    {
        "message": "这边也到极限了。已经忍不住……。\n尽力说出声音，告诉雏菊。但是雏菊已经没有余裕去回应那声音。"
    },
    {
        "name": "デージー",
        "message": "「再这样下去就太过分了啦啦啦啦！\n团长也一起高潮吧―――！！！」"
    },
    {
        "message": "伴随着惨叫声，雏菊用尽全力紧紧收缩着阴茎。\n无法忍耐，在阴道内燃烧般的欲望喷涌而出。"
    },
    {
        "name": "デージー",
        "message": "「呼啊啊啊啊啊―――！！！」"
    },
    {
        "message": "阴茎跳动着，小小的狭窄阴道内，\n注入大量浑浊液体。阴道瞬间充满，热精液从阴道口和阴茎间隙中喷涌而出。"
    },
    {
        "name": "デージー",
        "message": "「哈啊啊…… 啊啊啊……」"
    },
    {
        "message": "雏菊的身体一瞬间绷紧，\n随后便松弛下来。原本紧紧收缩的阴道，\n伴随着精液一起将阴茎排出。\n高潮的快感是否已经席卷了一切呢？"
    },
    {
        "name": "デージー",
        "message": "「哈啊，哈啊……一起，高潮了……\n团长和雏菊……一起高潮了……\n哈啊……哈啊……好幸福……」"
    },
    {
        "message": "两人都被汗水浸透了。\n或许就这样睡下去并不好……\n然而，无法抗拒的睡意袭来。\n雏菊像是覆盖在我身上，倒在了原地。"
    },
    {
        "name": "デージー",
        "message": "「哈啊……哈啊……团长，这样就能睡着了吧？\n雏菊也……一起入眠吧……」"
    },
    {
        "name": "デージー",
        "message": "「团长……以后即使有无法入眠的夜晚，\n也要叫上雏菊……雏菊会立刻过来的\n无论在哪里，在做什么，雏菊都会立刻过来的」"
    },
    {
        "name": "デージー",
        "message": "「辛苦的事情、悲伤的事情、痛苦的事情、紧张的事情、\n团长的心情……都想分担一半」"
    },
    {
        "name": "デージー",
        "message": "「当然，开心的事情、高兴的事情……\n还有色色的事情，都是一起的哦？\n无论做什么，我们永远在一起♪」"
    },
    {
        "message": "耳边响起雏菊微笑的声音。\n在那温柔声音的包裹下，安详地沉入了睡梦之中。"
    }
]