[
    {
        "message": "大事的告白已经被告知并承诺，深夜在自己的房间里迎接番红花。\\n出现的她，身着新制作的礼服。"
    },
    {
        "name": "サフラン",
        "message": "「嘘～……哈啊～……嘘～……哈啊～……好♪」"
    },
    {
        "message": "然后，深呼吸之后。\\n提起裙摆，向小姐般展示了优雅的一礼。"
    },
    {
        "name": "サフラン",
        "message": "「首先是道歉……对不起，团长\\n到现在为止呢？ 全部……嗯，从中途开始都是谎言」"
    },
    {
        "message": "话语无法理解。\\n不禁感到困惑时，她微笑着说那很有趣。\\n就像是告白恶作剧的孩子一样笑了。"
    },
    {
        "name": "サフラン",
        "message": "「我作为大贵族的女儿……\\n变得淫荡、下流、轻浮的女孩子，都是因为你\\n虽然几次这么说并捉弄我，但从什么时候开始那就成了谎言了」"
    },
    {
        "name": "サフラン",
        "message": "「我……自愿地，希望你能改变我\\n如果团长希望的话，想要变得淫荡、下流、轻浮\\n是的……我开始这样想了」"
    },
    {
        "name": "サフラン",
        "message": "「这就是我的告白\\n为了能够告白，特意制作了这件礼服\\n……嘿，团长？\\n换衣服……你知道有什么意义吗？」"
    },
    {
        "message": "知道这样的行为。\\n但是，意义方面虽然知道却无法回答。\\n如实告诉后，番红花高兴地倒在我的怀里。"
    },
    {
        "name": "サフラン",
        "message": "「从纯白的自己，染上了心爱之人的色彩……\\n这就是其中的含义\\n也就是誓约的证明……呼呼♪\\n今晚，如果能拥抱我，我会很高兴♪」"
    },
    {
        "name": "サフラン",
        "message": "「啾，啾噗啊……啊，团长，团长……♪\\n让我更多地，更多地……沉浸在你的色彩中吧♪」"
    },
    {
        "message": "接受着充满爱意的热吻，身心充满了欲望。\\n早已，她和这边都做好了准备。"
    },
    {
        "name": "サフラン",
        "message": "「嗯，在入口处，摩擦着……你的阴茎，变得非常硬……\\n我的，小穴也……已经湿润得不行了……」"
    },
    {
        "name": "サフラン",
        "message": "「我已经无法忍耐了……\\n要全部、进去哦……嗯啾、嗯呜、嗯嗯呜呜～♪」"
    },
    {
        "message": "抬起纤细的腰，番红花一边吸吮着一边将其吞下。\\n迎接她的是一种如同温水般的快感。"
    },
    {
        "name": "サフラン",
        "message": "「哈……嗯啊……哈啊，在深处亲吻着……啊……\\n形状也、非常贴合……全部都夹紧着呢……♪」"
    },
    {
        "name": "サフラン",
        "message": "「团长您……知道这是什么意思吗？\\n如果可以的话……想请您告诉我……嗯、嗯唔！？」"
    },
    {
        "message": "还没来得及回答，就被湿润的双唇所夺取。\\n欲望先于一切。"
    },
    {
        "name": "サフラン",
        "message": "「哈啊……嗯、嗯唔……喂、喂……不行……\\n不好好告诉我……嗯咕、嗯唔、唔唔」"
    },
    {
        "name": "サフラン",
        "message": "「变成这样，真是不值得呢……\\n你也要好好理解才行……嗯，啾啪，啾啪……\\n不这样想的话……会变得痛苦的哦……」"
    },
    {
        "message": "既然如此，就来回答吧。\\n放开嘴唇，湿润的双眸直直地注视着。\\n差点就陷进去了，总算勉强做出了回答。"
    },
    {
        "message": "她染上了我的色彩，这就是证明。\\n刚说完这话的瞬间，她的甜蜜之处高兴地收紧了起来。"
    },
    {
        "name": "サフラン",
        "message": "「呼呼呼……答对了♪\\n我的小穴……已经是你专属的了\\n除了你以外的东西……绝对不会进入的」"
    },
    {
        "name": "サフラン",
        "message": "「身体也是一样的哦？\\n除了你，绝对感受不到快感\\n如果一直这样下去的话……甚至连自己的手都会拒绝♪」"
    },
    {
        "message": "那是一个极度刺激的未来。\\n心脏跳动着，希望能更深入地教导我，使肉体颤抖不已。"
    },
    {
        "name": "サフラン",
        "message": "「嗯……啊、啊嗯……♪\\n现在虽然还在想着你，自我安慰着……\\n但是这样做确实可以感受到快感呢……」"
    },
    {
        "name": "サフラン",
        "message": "「如果一直由你来爱着我……我很快就会……嗯呢\\n甚至自己安慰自己都……做不到了呢……♪」"
    },
    {
        "name": "サフラン",
        "message": "「光是想着你还不够……\\n我需要你插入我的阴道……亲吻我……\\n还要随你喜欢玩弄我的胸部……\\n否则，我就无法达到高潮了……♪」"
    },
    {
        "message": "这简直就像是在自愿放弃主导权一样的话语。\\n而且，这正是她自己所期望的。"
    },
    {
        "name": "サフラン",
        "message": "「呼、啊嗯……阴茎，在体内，变得更硬了……\\n对，想象一下……？」"
    },
    {
        "message": "在感受中，她还在不停地恳求着。\\n她眼中映射出的是对这里的爱意和性的渴望。"
    },
    {
        "name": "サフラン",
        "message": "「我的身体和心灵……都希望被染上你的色彩……\\n只有你……嗯，只有你的色彩……嗯、啊嗯\\n只希望团长大人专属的番红花……♪」"
    },
    {
        "message": "她喘着气说出这样的话，\\n然后开始挑逗地摇动起了臀部。"
    },
    {
        "name": "サフラン",
        "message": "「阴茎、肚子里面、胸部……嗯、甚至口腔里面、全部都……\\n全部填满了……嗯、啾啪噗♪」"
    },
    {
        "name": "サフラン",
        "message": "「如果是你所期望的话，我……嗯、更加淫荡一点，想要变得更坏一点……\\n更加更加……嗯、想要成为团长大人所喜欢的放荡女孩子♪」"
    },
    {
        "message": "毫不留情地恳求着，充满热情和刺激。\\n她挑逗着每一寸肉壁，\\n贵族千金般向您诉说她属于您的一切。"
    },
    {
        "message": "无法言喻的情感涌动。\\n为了回应那份热情，我也开始渴望她。"
    },
    {
        "name": "サフラン",
        "message": "「呼、嗯嗯♪ 啊啊、和你……亲密……♪\\n呼、啾啾、啾啾♪ 是吗？想更亲密一点？」"
    },
    {
        "name": "サフラン",
        "message": "「呼、啾啾、啾啾、啊啊、嗯嗯♪ 兰特先生……兰特先生♪\\n想要更……感受到我的……啾啾、呼」"
    },
    {
        "name": "サフラン",
        "message": "「我……希望自己能变成这样……希望你能对我……嗯咂、啊嗯♪\\n但是……还不够♪」"
    },
    {
        "message": "番红花的舌头缠绕着我的舌头，吮吸着。\\n毫不犹豫。\\n将所有的唾液都送入了自己的喉咙。"
    },
    {
        "name": "サフラン",
        "message": "「嗯、嗯咂……啊、兰布……你真好……\\n哈啊、嗯嗯……让我喝更多口水……\\n肚子里也要……团长大人的满满的♪\\n嗯咂、吮吸、舔舐～」"
    },
    {
        "message": "番红花舌尖吸吮，贴附在铃口上的淫态。\\n看到这样的一幕，根本无法忍耐。\\n稍微加快抽插，轻轻戳向阴道深处。"
    },
    {
        "name": "サフラン",
        "message": "「啊、亲爱的团长，要出来了！？ 我明白……明白！\\n龟头膨胀着……啊、懂了！」"
    },
    {
        "name": "サフラン",
        "message": "「这样一来，我很快就会高潮了！\\n身体很快就准备好了！\\n下面也想要！ 啊啊、哈哈哈！」"
    },
    {
        "message": "渴望着想要被渴望。\\n用鼻子凑近她的眼睛，吹嘘着，\\n上下的嘴唇将对她的欲望施加压力。"
    },
    {
        "name": "サフラン",
        "message": "「呼呜、啾啾啾、啾噗♪\\n快要到了，要来了♪\\n亲爱的，期待着你的期待♪ 因为是白色的，所以期待被染上……」"
    },
    {
        "name": "サフラン",
        "message": "「兰先生，我要……\\n我的子宫也要成为您的一部分……\\n呼呜、啾噗噗♪♪♪♪♪」"
    },
    {
        "name": "サフラン",
        "message": "「啪……嗯……嗯、嗯、哈……啊啊啊～♪」"
    },
    {
        "message": "紧贴在一起，铃口和子宫口也紧密相连。\\n迎接着番红花最深处的腰部，\\n用自己的色彩牢牢地染上了它。"
    },
    {
        "name": "サフラン",
        "message": "「啊……深处，好热……嗯、嗯、嗯啊啊……\\n我的子宫……因着您的精液而愉悦着……\\n咕咕地喝下去……非常、非常幸福呢……」"
    },
    {
        "name": "サフラン",
        "message": "「这样一来，我……嗯、更加无法自拔了……♪\\n更加、变得淫荡起来……\\n成为您所喜欢的、放荡不羁的女孩子吧……」"
    },
    {
        "message": "说着，番红花露出了如同花朵般的笑容。"
    },
    {
        "message": "但是，花归根结底也是生殖器官。\\n引诱、激发欲望，构成性本能的器官。\\n何况像番红花这样美丽的花朵，其效果无疑是巨大的。"
    },
    {
        "name": "サフラン",
        "message": "「啊呜……里面，咕噜咕噜地……\\n刚刚射完了，怎么……又、又硬起来了吗？」"
    },
    {
        "message": "从鼻尖的眼神中传达出对重新开始的插入的疑问和期待。\\n肯定不会出错，是这样的，我这样低语着。"
    },
    {
        "message": "还不够，要把她染成自己的颜色直到底。\\n染上色之前，我都不想放开番红花。"
    },
    {
        "name": "サフラン",
        "message": "「呜呜……谢谢你，团长大人♪\\n嗯唔……啾噗，嗯啊……那么……多、多让我感觉下流一点吧？\\n啾啪，嗯咿呜呜，啾噗」"
    },
    {
        "message": "夜晚还很长。\\n沉醉在交织的舌头和粘膜的触感中，\\n直到裙摆被染上白色为止我们相互爱抚着。"
    }
]