[
    {
        "name": "アーティチョーク",
        "message": "「唔……嘶……哈……呼……\\n好、好的……我要说出来……要好好地传达出去……\\n呼……啊，但果然……」"
    },
    {
        "message": "夜晚，菜蓟来到房间后已经过了一段时间。\\n她请求进来因为有事要办，\\n但她既没有开口说话，\\n也没有表现出要开口说话的样子，\\n只是静静地看着这边。"
    },
    {
        "message": "终于开口的菜蓟说话吞吞吐吐，\\n我试图给她一个开导，主动开口说话。\\n这时，她的脸一下子红了起来，\\n露出下定决心的表情开始说话。"
    },
    {
        "name": "アーティチョーク",
        "message": "「……其、其实，团长大人我想撒娇！\\n所、所以才今天来到这里！」"
    },
    {
        "message": "突然的告白让我们彼此都感到困惑。\\n询问撒娇究竟是什么意思，\\n再次问及时，\\n菜蓟的脸变得通红。"
    },
    {
        "name": "アーティチョーク",
        "message": "「因、因为团长大人的话我才能撒娇！\\n因为是可以信赖的人物，所以才向您请求」"
    },
    {
        "name": "アーティチョーク",
        "message": "「平时虽然会说严厉的话的我……\\n其、其实也想依赖谁、撒娇什么的\\n所、所以……那个……」"
    },
    {
        "message": "听完她的话后，理解了菜蓟想表达的意思，\\n紧紧地拥抱住了她。"
    },
    {
        "message": "在她慌张不安的耳边确认了这样做是否正确后，\\n她轻轻地点了点头。"
    },
    {
        "name": "アーティチョーク",
        "message": "「团长……啊，别、别看那种地方……\\n嗯嗯，好、好害羞……别、别看……」"
    },
    {
        "message": "菜蓟的衣服解开，\\n坚挺的阴茎埋入阴道内。\\n然而，由于她很紧张，\\n阴茎并没有完全进入阴道深处。"
    },
    {
        "name": "アーティチョーク",
        "message": "「对、对不起……把一切都交给你了\\n我也、想努力一下……嗯嗯！\\n唔……哈啊……对、对不起，果然……」"
    },
    {
        "message": "为了不让菜蓟担心，我说没关系。\\n因为是第一次，所以不会那么顺利。\\n但她却低声道歉。"
    },
    {
        "name": "アーティチョーク",
        "message": "「说要撒娇，\\n让团长听我的任性，结果还是抱歉……」"
    },
    {
        "name": "アーティチョーク",
        "message": "「还有……虽然自己说的，\\n但我对撒娇这件事，\\n并没有太理解……」"
    },
    {
        "message": "她一副不知所措的样子看着我，\\n平时看不到的菜蓟的举动\\n让我的心跳加速，但我设法保持冷静。"
    },
    {
        "message": "为了安抚担心的菜蓟，\\n我必须牢牢地引导她。\\n于是我温柔地抚摸着她的头。"
    },
    {
        "name": "アーティチョーク",
        "message": "「啊、唔……那、那个……感觉好舒服\\n只是被抚摸着头而已，\\n心跳却加速了起来……有点奇怪……」"
    },
    {
        "name": "アーティチョーク",
        "message": "「虽然一直都只是让团长生气，但不知为何，却也感到幸福……因为梦想得以实现，我想要撒娇」"
    },
    {
        "message": "菜蓟带着有些生硬的笑容，却真心地望着我，眼神中充满了喜悦。内心涌动着对她的情感，我努力忍住，缓慢地动了起来。"
    },
    {
        "name": "アーティチョーク",
        "message": "「咕……嗯……啊啊……！\\哈啊、嗯……！」"
    },
    {
        "name": "アーティチョーク",
        "message": "「团长先生，我、我撒娇得够好吗？\\这样，可以吗……嗯嗯！」"
    },
    {
        "message": "菜蓟还显得不安。如果她不知道该如何撒娇，我觉得还是应该从我这里教她，于是询问她想要什么。"
    },
    {
        "name": "アーティチョーク",
        "message": "「那个……光是这样被疼爱着，感觉相当幸福……嗯……再说出来就很害羞了呢……」"
    },
    {
        "name": "アーティチョーク",
        "message": "「那、那么……可以摸摸我的胸吗？\\从刚才开始就一直在心跳不止……」"
    },
    {
        "message": "按照菜蓟的要求，触摸着她敞开的胸部。轻柔地抚摸着表面，菜蓟忍不住发出了呻吟。"
    },
    {
        "name": "アーティチョーク",
        "message": "「哈啊……啊啊……嗯嗯……哈啊啊……\\团长先生的手，温暖而舒适\\还、还要……继续摸下去……」"
    },
    {
        "name": "アーティチョーク",
        "message": "「被别人触摸，心跳加速，\\n感觉就好像不是自己的身体一样……嗯嗯！」"
    },
    {
        "message": "菜蓟对触摸有敏感的反应，上半身不由自主地颤抖。\\n我希望她能感受更多快乐，于是继续抚摸她那漂亮的胸部。"
    },
    {
        "name": "アーティチョーク",
        "message": "「哈啊……团长先生……\\n你的触摸好温柔……让我好开心\\n感觉就像被珍惜着一样……」"
    },
    {
        "name": "アーティチョーク",
        "message": "「嗯嗯……啊啊……啊、嗯嗯……\\n团长先生，再、再多一点……\\n我好像喜欢上了被你触摸的感觉……啊啊！」"
    },
    {
        "message": "菜蓟口中喷出热气。\\n随着这个动作，她原本紧绷的表情也变得柔和起来，\\n阴道也开始放松。\\n我觉得现在应该可以动了，于是慢慢地重新开始抽送。"
    },
    {
        "name": "アーティチョーク",
        "message": "「啊……嗯、哈啊、啊啊……！\\n团长先生，动起来了……啊啊！」"
    },
    {
        "name": "アーティチョーク",
        "message": "「咕、嗯呃……好像在肚子深处，\\n被团长先生的东西，擦到了一样……\\n比、比刚才……声音都出来了呃……」"
    },
    {
        "message": "菜蓟的表情从紧绷逐渐变得柔和。\\n身体的紧张也开始缓解，\\n我开始逐渐加快抽送的速度。"
    },
    {
        "name": "アーティチョーク",
        "message": "「团长先生……啊、那、那么激烈……！\\n嗯嗯，声音都……都出来了！」"
    },
    {
        "name": "アーティチョーク",
        "message": "「感觉好像从身体深处涌上一股灼热，\\n整个身体都像被烧伤一样烫……！」"
    },
    {
        "message": "菜蓟开始有了感觉，\\n但似乎还有一丝疼痛残留。\\n我努力忍耐着，希望她能坚持下去，\\n不停地在阴道中往复着插入。"
    },
    {
        "name": "アーティチョーク",
        "message": "「是、是的……按团长说的……！\\n虽然还有点疼，但感觉很舒服……\\n所、所以，请继续这样动下去」"
    },
    {
        "name": "アーティチョーク",
        "message": "「被插动时……全身都发出颤栗……\\n而且，顶到深处的感觉也……嗯嗯！」"
    },
    {
        "message": "阴道收缩，肉茎被包裹其中。\\n我一边关心着菜蓟，\\n一边不断地抽送，给予她快感。"
    },
    {
        "name": "アーティチョーク",
        "message": "「啊啊，好、好舒服……！\\n再、再多一点……！\\n被插得越多，感、感觉越舒服……！」"
    },
    {
        "name": "アーティチョーク",
        "message": "「来得更猛烈些……！\\n感觉团长在渴求着我，这种感觉也……嗯嗯！\\n越来越舒服了……！」"
    },
    {
        "message": "菜蓟自己扭动着臀部，\\n示意要更频繁的抽送。\\n她可爱的动作让下半身充满了欲望，\\n射精即将来临。"
    },
    {
        "name": "アーティチョーク",
        "message": "「团长看起来也很焦急的样子……\\n啊啊，要射了吧……你居然要在我体内射精，\\n真让我开心……哈啊、啊啊啊！」"
    },
    {
        "name": "アーティチョーク",
        "message": "「来……射进来，请！\\n团长的精液，尽情地射进我体内吧！」"
    },
    {
        "message": "菜蓟的双腿缠绕在我的腰间。\\n阴茎根部深深埋入阴道内，强烈的刺激袭来，\\n射精开始了。"
    },
    {
        "name": "アーティチョーク",
        "message": "「我、我也好像要飞起来了……！\\n啊、啊啊、感觉好奇怪……！\\n啊、嗯啊、哈啊、好、好舒服啊！」"
    },
    {
        "name": "アーティチョーク",
        "message": "「嗯啊啊啊，啊、啊啊……！\\n这、这是什么，呜呜，呃呃呃！\\n刺激太强烈了，让我感觉奇怪……！」"
    },
    {
        "message": "菜蓟全身波动着。仿佛同时迎来了高潮，\\n胸中涌起一股炽热。"
    },
    {
        "name": "アーティチョーク",
        "message": "「啊、啊啊……这、这是……\\n为什么，感觉这么舒服……哈啊、嗯」"
    },
    {
        "message": "菜蓟被高潮的刺激所困扰。稍显不安地询问是否没问题，\\n她完全沉浸在快感之中。"
    },
    {
        "name": "アーティチョーク",
        "message": "「没、没事儿……没问题……\\n但是……可能需要稍微休息一下……\\n这就是性爱……高潮的感觉真是厉害……」"
    },
    {
        "message": "轻抚着菜蓟的头，她露出一丝不满的表情。\\n然后有些害羞地小声说道。"
    },
    {
        "name": "アーティチョーク",
        "message": "「如果可以的话……想要你抱紧我……\\n紧紧地，抱住我……」"
    },
    {
        "message": "我被菜蓟撒娇的声音所打动，将她拥入怀中。\\n我们听着彼此的心跳声，\\n一直紧紧拥抱着，直到入睡。"
    }
]