[
    {
        "message": "那一天。由于战后处理文件有瑕疵，给大家带来了麻烦。周围的人都很友善地安慰我，但心情还是有些沮丧。这样的夜晚还是早点睡吧。正想着这个，准备躺到床上的时候……。"
    },
    {
        "name": "サイネリア",
        "message": "「老板，打扰了\\n今天真的辛苦了」"
    },
    {
        "message": "瓜叶菊来到了办公室。\\n究竟是怎么了呢？"
    },
    {
        "name": "サイネリア",
        "message": "「嘿嘿，老板你有点沮丧吧，所以我过来鼓励你了」"
    },
    {
        "name": "サイネリア",
        "message": "「因为平常总是从老板那里得到活力，所以在这种时候，我觉得我应该给你一些活力！」"
    },
    {
        "name": "サイネリア",
        "message": "「而且……老板，我知道怎样才能让你笑容满面！教我的可是你哦？」"
    },
    {
        "name": "サイネリア",
        "message": "「那个夜晚，老板教给我的事情，我可是牢牢记在心里的哦。所以……呵呵，快过来吧♪」"
    },
    {
        "name": "サイネリア",
        "message": "「老板，真的要这样插进去吗？露出屁股洞洞的感觉有点害羞呢～」"
    },
    {
        "message": "眼前摇晃着瓜叶菊小巧的屁股。她裂缝中滴落的爱液点点滴滴地落在这边挺立的龟头上。就这样坐下去吧，对瓜叶菊说。"
    },
    {
        "name": "サイネリア",
        "message": "「知道了……老板的淫荡请求，我会努力满足的！嗯……好紧……」"
    },
    {
        "message": "瓜叶菊开始坐下。\\n一边微微扩开小小的裂缝，一边吞下激烈跳动的肉棒——。"
    },
    {
        "name": "サイネリア",
        "message": "「嗯……果然还是很害羞呢……\\n啊……啊哈……盯着看那么多……不行」"
    },
    {
        "name": "サイネリア",
        "message": "「啊……进去了……进去了哦」"
    },
    {
        "name": "サイネリア",
        "message": "「嘶呼……！　进、进去了……\\n啊，哈啊……哈啊……撞到了肚子里呢……」"
    },
    {
        "message": "瓜叶菊的裂缝，流淌着热腻的大量甜蜜，\\n吞下了膨胀的阴茎直至根部。\\n然而，由于插入的冲击和羞耻，\\n朝向这边的小巧屁股在颤抖着。"
    },
    {
        "name": "サイネリア",
        "message": "「哈啊……哈啊……老板……\\n现在，露出了非常淫荡的表情呢……」"
    },
    {
        "name": "サイネリア",
        "message": "「会露出那么淫荡的表情，\\n是因为很淫荡吗……？我们正在连接的那个地方……」"
    },
    {
        "message": "回答说不是淫荡，而是美丽可爱。\\n肉棒变得滑溜溜的同时，裂缝中溢出爱液，\\n微微出汗的背和屁股，\\n还有粉色微微抽搐的屁眼……。"
    },
    {
        "name": "サイネリア",
        "message": "「嗯……不、不要说那种话\\n真的，会害羞的……」"
    },
    {
        "message": "瓜叶菊像刚出生的小鸟一样颤抖。\\n紧握住她的腰，开始抽送。"
    },
    {
        "name": "サイネリア",
        "message": "「啊……！　团长！」"
    },
    {
        "name": "サイネリア",
        "message": "「啊呀……团长，\\n太、太突然了……！　嗯，啊啊……肚子好疼」"
    },
    {
        "name": "サイネリア",
        "message": "「肚子里，咕噜咕噜地……\\n呼啊，碰到从没碰过的地方……！」"
    },
    {
        "message": "小小身体像橡皮球一样跳跃。\\n抽送动作越来越快，最终瓜叶菊也——。"
    },
    {
        "name": "サイネリア",
        "message": "「嗯……我也要动起来才行……！」"
    },
    {
        "name": "サイネリア",
        "message": "「团长……要让你感觉舒服才行，\\n更、更舒服，让你笑起来……所以呢」"
    },
    {
        "name": "サイネリア",
        "message": "「啊，啊，团长！\\n团长的阴茎，我在用力摩擦！ 唷唷唷」"
    },
    {
        "message": "这样一来，瓜叶菊开始扭动起腰部。\\n左右上下，任意嬲弄着那根阳具，淫荡的腰部动作。\\n被玩弄阳具的感觉，让我的腰不由自主地抬了起来。"
    },
    {
        "name": "サイネリア",
        "message": "「啊哈♪ 团长，感觉舒服吗？\\n被插得腰都抬起来了呢」"
    },
    {
        "name": "サイネリア",
        "message": "「嘿嘿，团长真是个色色的人呢♪」"
    },
    {
        "message": "对着这样的瓜叶菊，我也……回答道。\\n眼前剧烈摆动的臀部，每一次抽送都让阴道口溅射出液体，\\n周围都是那淫液飞溅的景象——这样的景象，简直就是淫秽本身。"
    },
    {
        "name": "サイネリア",
        "message": "「没、没办法啦……\\n我变得淫荡了，那、那都是因为团长你的错？」"
    },
    {
        "name": "サイネリア",
        "message": "「团长……教我色色的事情，\\n嗯……因为那个原因，我也变得、色色的……」"
    },
    {
        "name": "サイネリア",
        "message": "「被看到裸体啥的，很、很害羞……心怦怦跳个不停，\\n但是那种心跳感觉非常舒服……所以、所以……」"
    },
    {
        "message": "——扭动着的臀部停了下来。\\n然后，瓜叶菊吞了口口水……。"
    },
    {
        "name": "サイネリア",
        "message": "「看、看着变得色色的我……请多多关照哦」"
    },
    {
        "message": "……就算不说也显而易见……。\\n这么嘀咕着，紧紧抓住瓜叶菊纤细的腰部，\\n然后，用力顶入了因爱液而像失禁一样湿润的隐秘之处。"
    },
    {
        "name": "サイネリア",
        "message": "「嘿呀！ 团长，好、好厉害……！」"
    },
    {
        "name": "サイネリア",
        "message": "「团长，你、你是不是很兴奋啊！\\n啊，啊呀，但、但是，这、这也太激烈了吧～！」"
    },
    {
        "name": "サイネリア",
        "message": "「呼、哈啊、哈啊、肚子里面在刺痛，\\n啊、啊、啊、身体没有力气了，啊哈啊、没有力气了……」"
    },
    {
        "message": "确实如瓜叶菊所说。\\n她的身体像是断了线的操纵人偶一样，\\n随着我的冲刺而弹跳着。"
    },
    {
        "message": "但是，她的阴道肌肉却是另一回事。\\n仿佛全身肌肉都集中在那里一般，\\n用强烈的阴道压迫夹紧着我的阴茎，将我引向高潮。"
    },
    {
        "name": "サイネリア",
        "message": "「啊、啊、团长，团长的那个，\\n在抖动着！ 啊、啊、而且我也……！」"
    },
    {
        "name": "サイネリア",
        "message": "「肚子里面的咕噜声停不下来！\\n这、这是，这是……！」"
    },
    {
        "name": "サイネリア",
        "message": "「哈、啊、啊、不行……！\\n快、快要发疯了！」"
    },
    {
        "message": "这也是这样。\\n发不出声音的喘息声，\\n一下子冲向射精的瞬间。"
    },
    {
        "name": "サイネリア",
        "message": "「嘿！？ 来、来了，来了啊～！」"
    },
    {
        "name": "サイネリア",
        "message": "「好舒服，啊，啊，来了！\\n啊，啊啊，我，已经忍不住了……！」"
    },
    {
        "name": "サイネリア",
        "message": "「团长！ 团长！！」"
    },
    {
        "message": "——接着，瓜叶菊的肉襞的颤动停了下来。\\n然后下一刻，她全身都冒出汗水，\\n迄今为止最强烈的压力袭击着阴茎。"
    },
    {
        "name": "サイネリア",
        "message": "「呼啊啊啊！ 不行了呜呜！ 团长啊啊啊！\\n要高潮了呜呜！ 不行了呀呀呀呀！」"
    },
    {
        "name": "サイネリア",
        "message": "「快、快要高潮了，请看着我！\\n看着淫荡的我，再多看着点嘛，啊，啊啊！ 高潮了！」"
    },
    {
        "name": "サイネリア",
        "message": "「呼啊、啊啊！ 啊、啊、啊啊啊——！！」"
    },
    {
        "name": "サイネリア",
        "message": "「嗯嗯……呼……哈哈……\\n团长……我……又高潮了……」"
    },
    {
        "message": "瓜叶菊接受了大量的浑浊液体，\\n一脸陶醉地喃喃自语。\\n她俯视着这边微笑的脸……简直就是淫秽本身。"
    },
    {
        "name": "サイネリア",
        "message": "「嘻嘻……团长刚才的笑容真是太好看了♪」"
    },
    {
        "message": "被瓜叶菊这么一说，我想起了今天的失败。\\n沉浸在行为中，已经完全失去了意识。"
    },
    {
        "name": "サイネリア",
        "message": "「嗯……团长……黏黏的呢……\\n居然射这么多……嘿嘿♪」"
    },
    {
        "message": "瓜叶菊拔出阴茎。\\n于是，粉色的美丽私处出现在眼前。\\n她纤细的手指进一步拉开那张裂缝。\\n仿佛在炫耀那黏稠的浑浊液体滴落的样子……。"
    },
    {
        "message": "那淫秽的景象让阴茎不禁有所反应。\\n接着——。"
    },
    {
        "name": "サイネリア",
        "message": "「咦？ 团长，你笑得真开心呢～？\\n这表情……嘻嘻，还期待着下流的事情吗～？」"
    },
    {
        "message": "瓜叶菊妖艳地微笑着。\\n虽然不同于她常见的满脸笑意，\\n但这个笑容无比迷人。"
    },
    {
        "message": "这次轮到我留口水了。\\n瓜叶菊一边露出淫荡的笑容一边说道。"
    },
    {
        "name": "サイネリア",
        "message": "「再来一次，可以吗？」"
    }
]