[
    {
        "message": "哀愁萦绕的黄昏时，独自一人出现的是异果菊。\\n她显得有些局促不安，这并不像她。"
    },
    {
        "name": "ディモルフォセカ",
        "message": "「团长君，因为能让我感到非常愉快……\\n所以，我想要偿还一下……」"
    },
    {
        "message": "眼神未交，她却靠近了过来。\\n是刚洗完澡吗，肥皂的香味刺激着我的鼻腔。"
    },
    {
        "name": "ディモルフォセカ",
        "message": "「只要团长君不介意的话，那个……成年人的时间……\\n当然，只要团长君不介意才行哦？我可不会强迫你……」"
    },
    {
        "name": "ディモルフォセカ",
        "message": "「啊，还有呢，一般来说稍晚一点比较好啦……\\n但是，我会变得很困的……」"
    },
    {
        "message": "努力传达自己的心意，她看起来非常可爱。\\n拒绝是不可能的，作为男人这是极大的荣幸。\\n明白夜晚会变得困倦。"
    },
    {
        "name": "ディモルフォセカ",
        "message": "「那么就交给我吧\\n毕竟是我约你的，理所当然吧」"
    },
    {
        "name": "ディモルフォセカ",
        "message": "「如果说我似乎没法带领你的话会生气哦？\\n虽然没有经验，但知识是有的」"
    },
    {
        "message": "有时候会闹别扭，但现在并没有那种气息。\\n她靠近我的身体，感受到了女性的魅力。"
    },
    {
        "name": "ディモルフォセカ",
        "message": "「首先，脱掉衣服吧\\n我来帮你脱……团长，这是为了留宿哦」"
    },
    {
        "name": "ディモルフォセカ",
        "message": "「差不多可以进去了呢……」"
    },
    {
        "message": "挺立的坚硬已经贴近阴道口。\\n虽然爱抚还有些犹豫，但准备已经足够充分了。"
    },
    {
        "message": "臀部下沉，引导着一直保持纯洁的阴道。\\n滑腻的器官内部，毫不迟疑地吞噬着阴茎。"
    },
    {
        "name": "ディモルフォセカ",
        "message": "「发出淫荡的声音……好害羞」"
    },
    {
        "message": "在那张略显圆润的面庞上，浮现出一抹微笑。\\n涂在脸颊上的朱红，与夕阳有着截然不同的魅力。"
    },
    {
        "name": "ディモルフォセカ",
        "message": "「感觉有点奇怪……\\n接纳男孩子，原以为会更特别一些……」"
    },
    {
        "name": "ディモルフォセカ",
        "message": "「并不是说对团长没有特别的感觉\\n只是之前总觉得这像是一个高尚的仪式……」"
    },
    {
        "message": "害羞地，异果菊伸出了手臂。\\n美丽的容颜近在咫尺。"
    },
    {
        "name": "ディモルフォセカ",
        "message": "「想太多了呢……就算是仪式，也许在某种意义上，也可以算是仪式吧……为了要生宝宝」"
    },
    {
        "message": "美丽的面容更加绯红。\\n如果觉得害羞的话，不说出来也没关系。"
    },
    {
        "name": "ディモルフォセカ",
        "message": "「刚才觉得害羞的话就不说出来，你是这么想的吧\\n明明知道却还会在意，女孩子就是这样的。」"
    },
    {
        "message": "脑海中浮现出可爱这样直率的感想的瞬间，她的腰开始摆动。\\n像画圆圈一样扭动着腰部，用阴道肌肉来刺激着。"
    },
    {
        "name": "ディモルフォセカ",
        "message": "「啊、啊啊、啊……我可是为了让团长开心才来的哦\\n主导权可不会让给你……嗯、哈、嗯」"
    },
    {
        "message": "虽然感觉有些幼稚，但异果菊同时也给人一种可靠感。\\n她并不是真的认真到要争强好胜。"
    },
    {
        "message": "虽然她说这是第一次，但看起来并不担心。\\n即使不熟练，也没有什么让人担心的地方。"
    },
    {
        "name": "ディモルフォセカ",
        "message": "「啊、嗯、哈、啊……或许想要更激烈一点，\\n等等……嗯、呼、嗯呼、嗯嗯」"
    },
    {
        "name": "ディモルフォセカ",
        "message": "「嗯、啊啊、嗯啊、啊、抓住要领后，我会更激烈地对你\\n在那之前，请稍微忍耐一下……嗯唔、啊、嗯嗯」"
    },
    {
        "message": "渐渐地，她的臀部运动变得大胆起来。\\n下半身的火热也与她的淫荡相呼应。"
    },
    {
        "name": "ディモルフォセカ",
        "message": "「胸部，摸摸……嗯啊、嗯啊、嗯咕\\n因为是男孩子，所以喜欢吧……胸部」"
    },
    {
        "message": "她抓住我的手，贴在了乳房上。\\n饱满、圆润、富有弹性。\\n说是极上的触感一点也不为过。"
    },
    {
        "message": "证明就在这里，只是贴上去手就开始动了。\\n整个手掌都在享受着这份幸福。"
    },
    {
        "name": "ディモルフォセカ",
        "message": "「嗯、啊啊、揉得好淫荡……\\n果然，是喜欢的吧……嗯、啊啊、嗯嗯」"
    },
    {
        "name": "ディモルフォセカ",
        "message": "「要是说可爱会生气吗……嗯嗯、啊啊\\n虽然是事实……嗯咕、啊啊、嗯啊」"
    },
    {
        "message": "无法回答，只好继续揉着乳房。\\n被说可爱并不算坏事，但被问起来就不想承认了。"
    },
    {
        "name": "ディモルフォセカ",
        "message": "「是不是陷入了沉迷？ 嗯呵呵，果然可爱……嗯唔！\\n不要再捏乳头了……嗯咕！」"
    },
    {
        "message": "乳头的刺激引起了阴道的反应。\\n阴道开始颤动，并变得更加紧缩。"
    },
    {
        "name": "ディモルフォセカ",
        "message": "「啊啊！ 嗯嗯！ 嗯咕！ 嗯啊啊！\\n不要……那样的话……会感觉到的……」"
    },
    {
        "message": "身体不由自主地颤抖，腰部的动作变得混乱。\\n下半身的刺激似乎要中断，但她沉浸在快感中，让人难以停止刺激。"
    },
    {
        "name": "ディモルフォセカ",
        "message": "「不要……我说了吧……啊嗯」"
    },
    {
        "message": "在紧紧拥抱的同时亲吻了起来。\\n感受到令人窒息的女性气息。\\n肥皂味只残留了一丝。"
    },
    {
        "name": "ディモルフォセカ",
        "message": "「我会亲吻你很多次的……嗯咂、嗯啾、啾\\n上面下面……就连心灵也会满足你的……啾、嗯啾」"
    },
    {
        "message": "同时进行亲吻，身体开始上下摇摆。\\n床发出嘎吱嘎吱的声音。"
    },
    {
        "name": "ディモルフォセカ",
        "message": "「就这样，把你榨干了哦……哩哩、啾、哩哩\\n哩罗罗、哩哩、啾啦、哩罗罗、啾啦」"
    },
    {
        "message": "舌头交织，淫靡的接吻。\\n交换口水的声音，不输给阴茎和阴道结合时发出的水声。"
    },
    {
        "message": "言之准确，上下都被异果菊所压制。\\n体温瞬间上升，皮肤变得湿润起来。"
    },
    {
        "name": "ディモルフォセカ",
        "message": "「好好……啾、啾、跟上来哦……\\n想让你感到舒服，但不是要你受苦……噢呼、啊嗯」"
    },
    {
        "message": "即使行为激烈，温柔并未消失。\\n即使受到激烈的刺激，也能安心地委身其中。"
    },
    {
        "message": "然而，沉溺于快感中的女性面容时隐时现。\\n这也是一种让人看了不会厌倦的东西。"
    },
    {
        "name": "ディモルフォセカ",
        "message": "「哈啊、哈啊……啾、啾、噢呼、\\n好淫荡呢……都被口水打湿了……」"
    },
    {
        "name": "ディモルフォセカ",
        "message": "「更湿更湿也没关系吧……\\n噢呜呜、噢呼、啾、啾、啾……」"
    },
    {
        "message": "接吻停不下来。\\n从彼此间滴落的液体，究竟是谁的？\\n连这个都渐渐分不清楚了。"
    },
    {
        "name": "ディモルフォセカ",
        "message": "「噢呼、啾、啾、啾……\\n呼哈、哈啊……团长大人……\\n拜托，能听我说一件事吗……」"
    },
    {
        "message": "异果菊一边用蒸腾的气息贴近着，一边凝视着这边。"
    },
    {
        "name": "ディモルフォセカ",
        "message": "「做了那种事，我说了谢谢哦……」"
    },
    {
        "message": "润濡的眼眸无法掩饰住性欲。\\n伴随着微弱的温柔氛围，直直地射向这边。"
    },
    {
        "name": "ディモルフォセカ",
        "message": "「对不起，突然就想要精液了……\\n我自己也不明白……只是想要肚子里暖暖的东西……」"
    },
    {
        "message": "微醺地微笑着，上下的摇摆变得更加剧烈。\\n用像是哭泣般紧绷的粘膜折磨着阴茎。"
    },
    {
        "name": "ディモルフォセカ",
        "message": "「求求你……子宫在渴望着……\\n啊、嗯啊、嗯嗯、嗯啊啊、啊啊啊！」"
    },
    {
        "name": "ディモルフォセカ",
        "message": "「明明是第一次做这种事……哈、嗯、啊啊、啊啊啊！\\n嗯咕、嗯嗯、嗯咕、哈啊、精液，拜托……！」"
    },
    {
        "message": "残酷的刺激拉扯出射精的欲望。\\n像泪水般滴落爱液的阴道，使那份欲望变得更加肿胀。"
    },
    {
        "name": "ディモルフォセカ",
        "message": "「射出来……射出来……在最深处，注入温暖的东西……！」"
    },
    {
        "message": "发出呻吟声。\\n全身，尤其是下半身颤抖着，无法抑制龟头上缠绕的快感。"
    },
    {
        "message": "在摇动着乳房和头发的异果菊耳边，勉强地传达出来。\\n已经要出来了。"
    },
    {
        "name": "ディモルフォセカ",
        "message": "「随时都可以……啊，嗯嗯，嗯啊！啊啊啊！\\n准备好了……啊，嗯，啊啊，啊呜啊……！」"
    },
    {
        "name": "ディモルフォセカ",
        "message": "「啊啊啊啊啊啊啊啊！！」"
    },
    {
        "name": "ディモルフォセカ",
        "message": "「啊啊啊啊！身体在颤抖……！」"
    },
    {
        "message": "紧紧拥抱着这边，异果菊痉挛着。\\n将精液注入到同样在颤动的阴道深处。"
    },
    {
        "message": "阴茎不断搏动，将灼热的精液染入阴道内。\\n无法尽收，无论溢出多少。"
    },
    {
        "name": "ディモルフォセカ",
        "message": "「里面在颤抖……温暖的东西流出来了……嗯嗯……\\n好舒服……精液，好舒服呀！」"
    },
    {
        "name": "ディモルフォセカ",
        "message": "「渴望精液可能是本能吧……哈、哈哈……\\n因为，这么舒服嘛……」"
    },
    {
        "message": "即使沉浸在愉悦中，柔和的氛围仍未消失。\\n像棉絮一样，轻轻地将这边包裹起来。"
    },
    {
        "name": "ディモルフォセカ",
        "message": "「原本是想让你感到舒适的，结果我却被满足了……\\n但没关系……我对团长大人的喜欢似乎更加深了……」"
    },
    {
        "message": "我也得到了很多快乐。\\n想着这些，我微笑着与异果菊拥抱了一会儿。"
    }
]