[
    {
        "message": "鹅河菊又熬夜了吗？我因为担心她，来到了她的房间。来到后，看到了令人难以置信的场景。"
    },
    {
        "name": "ブラキカム",
        "message": "「诶……团长先生……？」"
    },
    {
        "message": "双方都呆住了。我先恢复过来，然后装作镇定地轻轻关上了门。"
    },
    {
        "message": "然后，回到了我的房间。不知不觉地回想起刚才看到的场景，走廊上传来了奔跑的声音。"
    },
    {
        "name": "ブラキカム",
        "message": "「团、团长啊啊啊啊啊！刚才看到了！？看到了吗！？」"
    },
    {
        "message": "她变得面色苍白。与我相反，她大大方方地推开门，半裸的鹅河菊冲了过来。"
    },
    {
        "name": "ブラキカム",
        "message": "「怎么样！？怎么样～！？看到了吗！？没看到吗！？告～诉～我～！」"
    },
    {
        "message": "她抓住我的衣领，颤抖着摇晃着我。在这样的情况下，我设法让自己冷静下来，并回答了她，她因羞愧而满脸通红。"
    },
    {
        "message": "看到了。看到了那个场景。她跨坐在枕头上，\\n腰部前后摆动，上下挪动着。\\n我觉得那是在练习性爱吧。"
    },
    {
        "name": "ブラキカム",
        "message": "「那、那是……那是……笨蛋团长啊啊啊～！」"
    },
    {
        "message": "接着，被鹅河菊推倒了。"
    },
    {
        "name": "ブラキカム",
        "message": "「不是练习啦！因为没努力嘛！\\n色色的事情简单得很，根本不需要那些！」"
    },
    {
        "name": "ブラキカム",
        "message": "「我现在就要证明给你看！\\n嗯呜……嗯嗯啊啊啊……！」"
    },
    {
        "message": "将龟头抵在自己的秘处，鹅河菊完成了插入。\\n迎接她的是肉体的紧致和温暖。\\n还有，渗出的爱液的触感。"
    },
    {
        "name": "ブラキカム",
        "message": "「呼呜……嗯啊、哈……我，自己……被插进来了哦……？\\n根本不需要努力……这种事情，很简单的嘛……」"
    },
    {
        "name": "ブラキカム",
        "message": "「所以，就这样……嗯，让你感觉舒服吧？\\n你的那个……我会让你感觉舒服地射精的哦……」"
    },
    {
        "message": "在此之前，有件事想确认一下。\\n为了传达这个，我摆弄着完全暴露出来的乳房。"
    },
    {
        "name": "ブラキカム",
        "message": "「呼啊……啊呜、嗯啊……那、团长先生……嗯、嗯啊啊\\n别、别碍事呀……」"
    },
    {
        "message": "敏感地反应着，鹅河菊扭动身体，责备着。\\n我无视这一点，提出了问题。"
    },
    {
        "message": "那种性爱的练习，是为了和自己的交合吗？"
    },
    {
        "name": "ブラキカム",
        "message": "「嗯呜……！？」"
    },
    {
        "message": "鹅河菊结结巴巴地说不出话来。这不是因为爱抚。\\n增加了羞耻的色彩和对阴茎的紧缩是她的回答。"
    },
    {
        "message": "但是，我也希望她用言语来回答。\\n一边触摸着乳房，一边等待着她的回答。"
    },
    {
        "name": "ブラキカム",
        "message": "「唔唔～……对啊……我在练习啦……」"
    },
    {
        "message": "脸红耳赤，鹅河菊告诉了我。"
    },
    {
        "name": "ブラキカム",
        "message": "「上次说过色色的事情很简单……所以，真的想要……\\n所以从那天晚上开始，一直在做那种事情……」"
    },
    {
        "message": "虽然回答含糊不清。\\n但效果却非常显著。"
    },
    {
        "name": "ブラキカム",
        "message": "「嗯……团长大人……！？\\n那个、阴茎，现在在跳动……是、是因为更兴奋了吗！？」"
    },
    {
        "message": "当然，因为兴奋。\\n我向她传达了对她坚持不懈的喜悦，然后重新开始对乳房的爱抚。"
    },
    {
        "name": "ブラキカム",
        "message": "「呼啊……啊呜、嗯嗯……原来如此啊……\\n明明已经展示了那样的东西……你还感到高兴吗……」"
    },
    {
        "message": "在爱抚中，鹅河菊颤抖着双唇，发出了热烈的喘息声。\\n比以前更加敏感。\\n不仅仅是臀部的运动，她似乎也在自己安慰乳房。"
    },
    {
        "message": "既然如此，我想看看她的成果。\\n我摆弄着勃起的乳头尖端，看她会不会给我看。"
    },
    {
        "name": "ブラキカム",
        "message": "「嗯、嗯啊……好啊？\\n一开始就是这个打算……」"
    },
    {
        "name": "ブラキカム",
        "message": "「好好……感受一下吧？ 团长大人\\n我会让你……感受到很多快乐的……」"
    },
    {
        "message": "饱含羞耻和喜悦，鹅河菊开始运动起臀部。"
    },
    {
        "name": "ブラキカム",
        "message": "「呼……嗯呜……臀部，噗噗地动着……\\n像在吸吮一样……」"
    },
    {
        "name": "ブラキカム",
        "message": "「全部、摸摸……好多好多……\\n紧紧地，夹紧着……你的阴茎，在我里面摩擦……\\n嗯、哈……嗯、哈……怎么样呢？ 团长大人」"
    },
    {
        "message": "灵巧地只动着臀部，鹅河菊给予细致的摩擦。\\n淫荡的水声从连接处溢出。"
    },
    {
        "message": "而且，甚至还有对乳房的反应。\\n她拼命地动着，但偶尔还是会让肌肤烦躁地颤动。"
    },
    {
        "name": "ブラキカム",
        "message": "「没事的……嗯、没事的啦？」"
    },
    {
        "message": "但即便如此，鹅河菊也没有停下来。\\n让我随心所欲地玩弄她的乳房。"
    },
    {
        "name": "ブラキカム",
        "message": "「胸部，虽然很舒服……唔呜、嗯嗯……没事啦\\n我会好好让你舒服的……」"
    },
    {
        "name": "ブラキカム",
        "message": "「所以全部……交给我吧……？\\n为了这个，我已经练习了很多次了……嗯……嗯嗯……唔、哈啊……啊呜、嗯嗯啊啊」"
    },
    {
        "message": "伴随着她坚定的话语，摩擦的黏度和密度慢慢加强。\\n忍不住声音变得含糊，爱抚也变得更加强烈。"
    },
    {
        "name": "ブラキカム",
        "message": "「呼……唔、啊呜！ 阴茎头，紧紧地……哈啊、唔呜！\\n这、好厉害……虽然很厉害但是……呼、唔呜！\\n我会努力的……努力的！」"
    },
    {
        "name": "ブラキカム",
        "message": "「阴茎，多多地抚摸……嗯\\n在我的淫秽洞穴里，满满的……嗯、哈……啊呜、嗯啊！\\n感受吧……舒服地，变得……！」"
    },
    {
        "message": "伴随着淫靡的摩擦声，鹅河菊扭动着腰享受快感。\\n一边玩弄着乳房，一边凝视着我，用粘膜进行摩擦。"
    },
    {
        "message": "感觉到了舒服的心底。\\n情感和身体都在性的热情中升腾。"
    },
    {
        "name": "ブラキカム",
        "message": "「哈、啊……团长大人，看起来很舒服呢……♪\\n开心……嗯、很开心呢……♪\\n肚子里面……颤颤地疼痛着呢……嗯、\\n光是这样子，就好像要高潮了呢♪」"
    },
    {
        "name": "ブラキカム",
        "message": "「但是……那样子，不行呢……嗯、嗯嗯嗯啊\\n会、激烈地……做出来哦，团长大人♪」"
    },
    {
        "message": "拒绝这样愉快的提议根本没有理由。\\n已经在根部凝固的热情正在寻找出口。\\n我诚实地恳求着希望被挤压出来。"
    },
    {
        "name": "ブラキカム",
        "message": "「被这样说还是……有点害羞呢……\\n因为是你……没关系的……♪」"
    },
    {
        "name": "ブラキカム",
        "message": "「团长大人的精液，就这样多多地……在我里面，挤压出来给你♪」"
    },
    {
        "message": "面对羞耻而脸颊泛红，面对愉悦而眼眶泛泪，\\n鹅河菊开始了剧烈的上下运动。"
    },
    {
        "name": "ブラキカム",
        "message": "「哈啊、啊啊、啊呜、啊呜、啊啊啊啊！\\n感受吧……多多地，感受吧……！\\n啪啪地……嗯，我在抚摸着阴茎呢！」"
    },
    {
        "name": "ブラキカム",
        "message": "「哈啊！ 啊啊、啊啊！ 这个，我也好厉害呢……！\\n深深地刺入里面……！\\n嗯啊、哈啊、啊啊！ 舒服，好舒服呢！」"
    },
    {
        "message": "这边也一样。\\n揉搓着乳房，被激烈而又细致的摩擦所席卷。\\n根本无法忍耐。"
    },
    {
        "name": "ブラキカム",
        "message": "「就是这样的呢……！ 哈啊、啊啊！ 忍耐什么的，不要！\\n抚摸着的阴茎……！ 知道想要射精吧！」"
    },
    {
        "name": "ブラキカム",
        "message": "「我也，已经无法了……！\\n要高潮了，团长先生！\\n和我一起……嗯、一起高潮吧！」"
    },
    {
        "message": "想要这样。\\n凝视着急切的泪眼，重复着刚才的恳求。"
    },
    {
        "name": "ブラキカム",
        "message": "「嗯、嗯呜……！ 我会挤出来的……！\\n嗯嗯啊！ 嗯呜呜、嗯啊啊！ 射出来吧！ 团长先生，射出来吧……！」"
    },
    {
        "name": "ブラキカム",
        "message": "「唔呜……嗯嗯嗯呜呜呜呜呜呜……！」"
    },
    {
        "message": "在极致收缩的高潮引导下，肉棒喷射出精液。"
    },
    {
        "message": "反复，脉搏不断跳动。\\n受到达到顶点的阴道肌肉传达的情感推动，\\n抓紧乳房忍耐着连续的射精。"
    },
    {
        "name": "ブラキカム",
        "message": "「嗯、嗯啊……哈啊、啊～……♪\\n肚子，满满的……♪ 我，好好地……让你高潮了呢……♪」"
    },
    {
        "message": "在余韵中摇曳的眼神中，映射出了喜悦。\\n整理呼吸后，鹅河菊开心地凝视着这边。"
    },
    {
        "name": "ブラキカム",
        "message": "「团长……感觉舒服吗……？\\n射得这么多，一定很舒服吧……？」"
    },
    {
        "message": "当然舒服。\\n已经没有什么需要排出的了，\\n留在身体里的只有愉悦的解放感和疲惫感。\\n这一切都是因为她。"
    },
    {
        "name": "ブラキカム",
        "message": "「嘿嘿……不客气♪」"
    },
    {
        "message": "是的，一切都是因为她。\\n具体来说，是因为她给我练习才如此。\\n所以，希望她今后也能继续帮我练习。"
    },
    {
        "message": "在传达这个时刻，鹅河菊的脸再次变得通红。"
    },
    {
        "name": "ブラキカム",
        "message": "「唔唔唔……不要说那种话啦……\\n虽然会继续练习但是……\\n因为不想再展示出来，所以不要说出来～」"
    },
    {
        "message": "看来，对那一部分似乎是不能让步的。\\n虽然苦笑着对她的可爱，那个夜晚我安抚着她度过了。"
    }
]