[
    {
        "name": "ジャーマンアイリス",
        "message": "「……请多关照」"
    },
    {
        "message": "她是那个口头禅有点奇怪、难以捉摸的女孩。\\n德国鸢尾。"
    },
    {
        "message": "即使她那热血的性格完全不显露在外，\\n不管问谁，答案大概都是这样。"
    },
    {
        "message": "如果光说没用的话，今天成为花骑士的她，\\n又迈出了新的一步。"
    },
    {
        "message": "那已经非常直接了。"
    },
    {
        "name": "ジャーマンアイリス",
        "message": "「嗯嗯……！\\n团长……进来了吗？」"
    },
    {
        "message": "将阴茎对准阴道口，一边沉下腰将其插入阴道内。\\n德国鸢尾紧绷着身体，\\n仿佛害怕般地询问着。"
    },
    {
        "name": "ジャーマンアイリス",
        "message": "「团长的……热烈而坚硬……嗯嗯，\\n已经进入我体内了……明白吧」"
    },
    {
        "name": "ジャーマンアイリス",
        "message": "「努力了……真是太好了\\n嗯，能被团长拥抱着……」"
    },
    {
        "message": "今天，德国鸢尾来到团长的房间，\\n是为了表达自己的好意。"
    },
    {
        "message": "然而，她觉得自己的好意没有表现出来，\\n所以直接请求被抱住了。"
    },
    {
        "name": "ジャーマンアイリス",
        "message": "「团长和色色的事……嗯嗯，\\n想要做很多很多的事」"
    },
    {
        "name": "ジャーマンアイリス",
        "message": "「我……团长的事……啊……\\n真、真的、喜欢……非常喜欢……」"
    },
    {
        "name": "ジャーマンアイリス",
        "message": "「但是……我想的话，\\n好像不太容易表现在脸上或声音里……可能没有传达出去吧……所以……担心着……所以……啊！？」"
    },
    {
        "message": "就在德国鸢尾喃喃自语时，\\n他伸出手臂环住她的身体，手指伸向连接处。"
    },
    {
        "name": "ジャーマンアイリス",
        "message": "「嗯嗯嗯……！ 团、团长？」"
    },
    {
        "message": "德国鸢尾的心意已经充分传达了。\\n所以，这种事情现在确认也没什么意义。"
    },
    {
        "name": "ジャーマンアイリス",
        "message": "「太、太高兴了……嗯嗯啊！」"
    },
    {
        "message": "用触摸着的指尖，轻抚着阴蒂。\\n为了不刺激得太厉害，尽量温柔一些。"
    },
    {
        "name": "ジャーマンアイリス",
        "message": "「啊啊……！ 团、团长，那里……被挠痒了，\\n嗯嗯啊！ 身、身体会抖起来的」"
    },
    {
        "name": "ジャーマンアイリス",
        "message": "「嗯嗯……啊啊啊……！」"
    },
    {
        "message": "德国鸢尾的身体颤抖着，发出可爱的声音。"
    },
    {
        "message": "继续爱抚阴蒂，连接处开始变得湿润。\\n确认了这一点，慢慢开始动起腰来。"
    },
    {
        "name": "ジャーマンアイリス",
        "message": "「啊啊！ 团长的……阴茎，\\n在我体内活动着……啊！」"
    },
    {
        "message": "动起腰来时，德国鸢尾的阴道壁\\n紧紧地缠绕着阴茎的运动，仿佛在拒绝一般。"
    },
    {
        "name": "ジャーマンアイリス",
        "message": "「啊啊……嗯嗯，阴茎……啊，\\n在我里面搅动着……嗯嗯，\\n被拉扯得好厉害的感觉……啊！」"
    },
    {
        "message": "挺立的龟头不断地刺激着阴道壁。"
    },
    {
        "message": "每一次如此，德国鸢尾的阴道\\n都会溢出爱液。"
    },
    {
        "name": "ジャーマンアイリス",
        "message": "「啊啊……阴、阴道，变得好湿……\\n嗯嗯嗯，每次被团长插进去……滋啦、滋啦地……啊啊！」"
    },
    {
        "name": "ジャーマンアイリス",
        "message": "「被阴茎插着……好舒服……\\n阴茎，好舒服……！」"
    },
    {
        "name": "ジャーマンアイリス",
        "message": "「想要更多……团长，更多……！」"
    },
    {
        "message": "德国鸢尾的阴道内，完全沉溺于寻求快感\\n而变得淫荡起来。"
    },
    {
        "message": "用力挺动腰部，紧紧地拉近她的身体。"
    },
    {
        "name": "ジャーマンアイリス",
        "message": "「啊啊！」"
    },
    {
        "name": "ジャーマンアイリス",
        "message": "「来、来了……最深处……啊啊！\\n团长的阴茎，到了最深处了……！」"
    },
    {
        "name": "ジャーマンアイリス",
        "message": "「好厉害……好强烈……脑袋、一片空白……啊啊！\\n团长……嗯……啊啊！」"
    },
    {
        "message": "为了控制她因快感而扭动的身体，\\n重新开始对阴蒂的爱抚。"
    },
    {
        "name": "ジャーマンアイリス",
        "message": "「呼、嗯啊啊！？\\n团、团长，那里……！ 不行啊，不行的！\\n啊啊，嗯啊啊啊！」"
    },
    {
        "message": "德国鸢尾像是拧着耳朵一样\\n摇着头表示拒绝，但手指却在捏弄着阴蒂。"
    },
    {
        "message": "阴道紧紧地收缩着，不放开那根阴茎。"
    },
    {
        "name": "ジャーマンアイリス",
        "message": "「不要啊！ 啊啊！ 嗯嗯！ 呼啊啊！\\n阴、阴蒂……被挠痒了……不要啊……！」"
    },
    {
        "message": "德国鸢尾扭动着身体发出娇喘。\\n乳房朝上翘起，乳头也挺得笔直。"
    },
    {
        "message": "然而毫不留情地加快了摩擦速度。"
    },
    {
        "name": "ジャーマンアイリス",
        "message": "「那、那样……摩擦阴蒂的时候，\\n嗯嗯，阴茎、不能太过激烈的搅动进出……！」"
    },
    {
        "message": "爱液从连接处滴落下来，\\n床单上留下了淫秽的污渍。"
    },
    {
        "name": "ジャーマンアイリス",
        "message": "「嗯啊啊，团长，团长……！\\n要、要高潮了……要高潮了！」"
    },
    {
        "message": "眼眶湿润，德国鸢尾的身体颤抖着。"
    },
    {
        "name": "ジャーマンアイリス",
        "message": "「啊啊，已经、已经来了！\\n想要一起……想要一起的……呼啊啊！」"
    },
    {
        "message": "德国鸢尾苦涩地祈求着。"
    },
    {
        "message": "她抬起下巴，背部弓起。"
    },
    {
        "name": "ジャーマンアイリス",
        "message": "「呼啊啊……来、来了……！\\n嗯嗯……啊啊啊啊！！！！！」"
    },
    {
        "name": "ジャーマンアイリス",
        "message": "「呼啊……啊啊啊……！！！！！」"
    },
    {
        "message": "德国鸢尾达到巅峰的瞬间，\\n阴茎迸发出浓烈的精液。"
    },
    {
        "name": "ジャーマンアイリス",
        "message": "「啊啊，啊啊……流、出来了……\\n团长的精液……流出来了……呼啊啊……」"
    },
    {
        "message": "德国鸢尾喜悦地吐出热气。"
    },
    {
        "message": "阴道不断地收缩，仿佛在回应着那喜悦，\\n试图吸取那精液。"
    },
    {
        "name": "ジャーマンアイリス",
        "message": "「嗯、好高兴……团长……能一起、达到高潮……\\n我的小穴，很开心……嗯嗯」"
    },
    {
        "message": "身体颤抖着，\\n德国鸢尾将身体靠近这边。"
    },
    {
        "message": "她肩膀上下起伏，喘着粗气，表情中充满了喜悦，\\n与平时截然不同。"
    },
    {
        "name": "ジャーマンアイリス",
        "message": "「哈、哈……团长，团长～♪」"
    },
    {
        "message": "她用撒娇的声音，\\n摩擦着身体靠近。"
    },
    {
        "name": "ジャーマンアイリス",
        "message": "「我的心意，有传达到吗？\\n你明白吗？」"
    },
    {
        "message": "点了点头，抚摸着她的头。\\n德国鸢尾闭上眼享受着这份愉悦。"
    },
    {
        "name": "ジャーマンアイリス",
        "message": "「好奇怪……团长你对我了解吗？」"
    },
    {
        "name": "ジャーマンアイリス",
        "message": "「好高兴……团长……好喜欢你」"
    },
    {
        "message": "过了一会儿，德国鸢尾一直不停地喃喃自语。"
    }
]