[
    {
        "name": "ツバキ",
        "message": "「这里的话……没关系的\\n这种时候有人在身边，谁都没想到吧\\n所以……可以吗，团长……？」"
    },
    {
        "message": "在福斯佛雷西亚结果公布之夜。\\n荣获第三名的花骑士山茶花，\\n用湿漉漉的声音低语着。"
    },
    {
        "message": "高高隆起的臀部中央，\\n湿润闪光的红色肉体孤独地张开嘴巴。\\n瞄准那个位置，自己的肉体深深地插入其中。"
    },
    {
        "name": "ツバキ",
        "message": "「嗯咕……咳啊啊啊啊啊……！」"
    },
    {
        "message": "到底是从什么时候开始抱有期待的呢。"
    },
    {
        "message": "成为真正的蜜壶的山茶花的阴道肌肉，\\n流下爱液的泪水，吞噬着肉棒。"
    },
    {
        "name": "ツバキ",
        "message": "「哈、哈哈、唔……！\\n呼、呼呼……这、这次……没问题吧，团长……？」"
    },
    {
        "message": "接纳了根部的肉棒，山茶花以不自然的姿势仰视。\\n她的眼瞳完全染上了官能，\\n对问话声音大脑几乎要麻痹了。"
    },
    {
        "name": "ツバキ",
        "message": "「第一次……迎接到最深处时，\\n花了些时间才成功……」"
    },
    {
        "name": "ツバキ",
        "message": "「这次的话，是不是变得柔软了呢……？\\n呼，呵呵……能够迎接到你，真是太好了……」"
    },
    {
        "name": "ツバキ",
        "message": "「我的深处……感受到了吗……？\\n已经，变得如此炽热了……\\n团长的形状也清晰可见……」"
    },
    {
        "message": "被大大张开的双腿，和眼前展开的光滑背部，\\n在她的兴奋和喜悦下，染上了朱红。"
    },
    {
        "name": "ツバキ",
        "message": "「从结果公布的广场上……带出来的你……\\n嗯嗯……非常感谢你……\\n多亏了你，才得以洗刷当时的耻辱……」"
    },
    {
        "message": "确实是因为不喜欢喧闹而被山茶花请求带出来。\\n但是，没想到会变成这样……。"
    },
    {
        "message": "在传达那件事的瞬间，山茶花的柳眉微微一动。"
    },
    {
        "name": "ツバキ",
        "message": "「……那种事情，不管它也没关系吧」"
    },
    {
        "message": "随着持有者低沉的声音，阴道肌肉紧紧地包裹着阴茎。"
    },
    {
        "name": "ツバキ",
        "message": "「现在……咦，请看着我……\\n在你面前……敞开双腿，在你面前湿润的我从……\\n不要移开视线」"
    },
    {
        "message": "嘟噜嘟噜地发出下流的声音，\\n山茶花主动开始吮吸着肉棒。"
    },
    {
        "name": "ツバキ",
        "message": "「好厉害……有声音，对吧……？\\n团长的鸡巴，我的小穴在吃的声音……！」"
    },
    {
        "name": "ツバキ",
        "message": "「而且……瞧……呼！\\n小穴的肉，也在啃啃地吞噬着鸡巴呢……」"
    },
    {
        "message": "阴道的肉被肉棒玩弄着。\\n蠢动的炽热肉体运动着，渴望着这边的激情。"
    },
    {
        "message": "在不改变痛苦姿势的情况下，\\n紧致的臀部在眼前诱人地摇摆着。"
    },
    {
        "name": "ツバキ",
        "message": "「所以呢……呼，嗯嗯！\\n团长一定……啊呀……应该会很满意的……」"
    },
    {
        "message": "她的行为看起来像是为了隐藏什么。\\n也就是说她似乎不打算说出来。"
    },
    {
        "message": "在兴奋和羞耻中，被新娘装束包裹的身体泛起红潮。\\n渴望被贪婪地追求着，如此艰难地哭泣着。就是这样的状态。"
    },
    {
        "name": "ツバキ",
        "message": "「你知道吗……团长？\\n我现在一定很美味吧……？\\n你不觉得想要尝尝看吗……？」"
    },
    {
        "message": "如果你不想说，那也没关系。\\n如果你不想说，我会逼你说出来。"
    },
    {
        "name": "ツバキ",
        "message": "「诶……团长？」"
    },
    {
        "message": "一边宣告着，一边将手指深深地插入紧致的臀部，\\n开始了粗暴的抽插。"
    },
    {
        "name": "ツバキ",
        "message": "「嗯、嗯嗯、啊啊啊啊啊啊……！\\n团长的鸡巴，来了啊啊啊啊♪」"
    },
    {
        "message": "并没有手下留情。\\n毕竟是山茶花自己给予了这边免罪符。"
    },
    {
        "message": "如同剥夺了阴道内的一切一般蹂躏着，\\n用狂暴的肉棒让山茶花陷入混乱。"
    },
    {
        "name": "ツバキ",
        "message": "「啊、啊、嗯嗯啊……！\\n阴、阴道被……全部、擦得好舒服！\\n像是在摇动我的身体……！」"
    },
    {
        "name": "ツバキ",
        "message": "「哈啊啊……而且好、好粗！\\n每次皮肤都和鸡巴的顶端摩擦时……\\n感觉越来越舒服呢呜呜呜呜！」"
    },
    {
        "message": "高贵的山茶花口中说出这些不体面的话语。\\n每一句话都让肉棒变得更加坚硬，热度不断升腾。"
    },
    {
        "message": "深入，肉棒的热度一直向内部传送。"
    },
    {
        "name": "ツバキ",
        "message": "「啊、腰的声音好厉害！\\n啪啪地激烈地相互撞击……好舒服！」"
    },
    {
        "message": "紧紧包裹着的阴道仿佛已经与肉棒融为一体。"
    },
    {
        "message": "一拉开腰部，仿佛在示意不想放开；\\n一压下去，就柔软地吞噬着。"
    },
    {
        "message": "在这样浓烈的抽插中，\\n被拽出的爱液从微小的缝隙中飞溅而出。"
    },
    {
        "name": "ツバキ",
        "message": "「哈、哈、哈……！\\n我、我们淫秽的汁液……弄脏了房间……！\\n还弄脏了衣服……明明是重要的、衣服却……！」"
    },
    {
        "message": "看到爱液飞溅的瞬间，肉体异常剧烈地蠢动起来。"
    },
    {
        "message": "紧接着，根据闪现的直觉，改变了腰部的动作。"
    },
    {
        "name": "ツバキ",
        "message": "「……诶？为、为什么突然……？\\n难、难道……又是什么情况吗？」"
    },
    {
        "message": "山茶花发出绝望的声音。\\n是的，和上次一样。\\n这是让山茶花开口说话的最佳时机。"
    },
    {
        "name": "ツバキ",
        "message": "「那、那样……唔唔唔……\\n动一下……请动一下！」"
    },
    {
        "message": "被阻止了膨胀的快感，\\n焦躁不安的她再次自己开始动了起来。"
    },
    {
        "message": "随着她的动作，我也挺动着腰部。\\n结果，只有阴道口被反复擦弄。"
    },
    {
        "name": "ツバキ",
        "message": "「哈……呜……唔唔唔……\\n不要这样……别这么刻薄！」"
    },
    {
        "message": "山茶花痛苦地扭动着腰部。\\n她的欲望比上次更加强烈。无法忍耐那么多秒钟。"
    },
    {
        "message": "但是，我也一样。\\n在挣扎的感觉中，泪水不停地流淌着。\\n希望尽快结束这一切。"
    },
    {
        "name": "ツバキ",
        "message": "「唔……唔唔唔……\\n又、又是这种事情……太过分了！」"
    },
    {
        "message": "看到渴求着运动的山茶花，内心涌起了想要彻底占有她的冲动，但我拼命地克制住了自己。"
    },
    {
        "message": "新娘的服装是通往广场的钥匙，我知道。\\n全身都在忍耐着冲动，等待着那个时刻。"
    },
    {
        "name": "ツバキ",
        "message": "「唔……呜呜，我说了……我说了啊！」"
    },
    {
        "message": "而这一次，发出声音的还是山茶花。"
    },
    {
        "name": "ツバキ",
        "message": "「穿、穿着这身打扮，我是想和团长……！\\n穿着新娘的衣装，想要被团长抱着……」"
    },
    {
        "name": "ツバキ",
        "message": "「从宣布结果开始，就一直在想象那个情景……\\n虽然有自制力……但身体却越来越湿润……\\n所、所以啊……！」"
    },
    {
        "message": "她断断续续地传达出可爱的心意。\\n看到她努力表达的样子，我的心剧烈地疼痛起来。"
    },
    {
        "message": "为了回应山茶花的心意，我紧紧地拥抱着她。"
    },
    {
        "name": "ツバキ",
        "message": "「啊、团长……」"
    },
    {
        "message": "新娘骑士山茶花，这身衣装非常适合你。\\n我在她耳边低语，为让她哭泣而道歉。"
    },
    {
        "name": "ツバキ",
        "message": "「嗯、我很高兴……\\n我……对时尚之类的不太在意……\\n担心穿得好看不好看……」"
    },
    {
        "name": "ツバキ",
        "message": "「团长能这么说，我……」"
    },
    {
        "message": "山茶花因喜悦而颤抖。\\n为了向她传达比言语更多的东西，毫不犹豫地顶着鸡巴往下刺。"
    },
    {
        "name": "ツバキ",
        "message": "「嗯嗯嗯！ 鸡、鸡巴……！\\n终于……等到了……！」"
    },
    {
        "message": "在比刚才更加强烈的冲击下，她朱红的身体剧烈地摇动着。\\n腋下原本无法触及的乳房，前后剧烈地摆动着。"
    },
    {
        "name": "ツバキ",
        "message": "「哈啊啊啊！ 还、还摸胸部吗……！？\\n啊啊，嗯嗯啊啊！」"
    },
    {
        "message": "看着自己的乳房被前所未有地揉捏着。"
    },
    {
        "name": "ツバキ",
        "message": "「今、今天一点也不疼呢……！\\n嗯嗯啊啊！ 更粗暴一点！\\n哈呜呜呜呜！」"
    },
    {
        "name": "ツバキ",
        "message": "「嗯嗯！ 我的胸、胸部…\\n被变得淫荡了……！\\n每次摸乳头都刺刺地疼疼的！」"
    },
    {
        "message": "山茶花在痛苦的姿势中发出快感的喘息声。\\n那声音色和彼此的热情，交织在一起的性器，\\n都在告诉彼此的极限。"
    },
    {
        "name": "ツバキ",
        "message": "「团长啊、团、长啊！\\n深、深一点……拜托了啊！」"
    },
    {
        "name": "ツバキ",
        "message": "「就是那里……我想全部接纳！\\n团长的宝宝汁啊啊……！」"
    },
    {
        "message": "感受到持有者的喘息声，仿佛子宫在龟头的刺激下颤抖。\\n像是寻求食物的雏鸟一样\\n张开嘴巴等待着深处朝着肉棒吞噬。"
    },
    {
        "name": "ツバキ",
        "message": "「嗷呜呜呜！ 好、进来了……！」"
    },
    {
        "message": "龟头被子宫口吞噬，被吸入的感觉。\\n在那强烈的刺激下，门被迅速地决堤了。"
    },
    {
        "name": "ツバキ",
        "message": "「转、转动着……！\\n压抑着……就这样灌注进去——」"
    },
    {
        "name": "ツバキ",
        "message": "「——嗯嘿嘿嘿嘿嘿～♪」"
    },
    {
        "message": "正如所愿，用全部体重压制住，\\n将一切都注入到子宫中。"
    },
    {
        "name": "ツバキ",
        "message": "「啊、啊啊啊……\\n精、精液……\\n全部、都在我里面～……」"
    },
    {
        "name": "ツバキ",
        "message": "「从上面，精液流了进来，我能感觉到……\\n滴答滴答地，积聚在宝宝的房间里……」"
    },
    {
        "message": "朦胧的视线注视着被肉棒封闭的连接部。\\n嘴角上浮现出一丝解放的笑容。"
    },
    {
        "name": "ツバキ",
        "message": "「终于……进来了～……\\n这就是，我的……理想中的……\\n最想要的团长，和我的……」"
    }
]