[
    {
        "name": "ブラックバッカラ",
        "message": "「这家伙的鸡巴是怎么回事？\\n哈哈，硬得不得了啊……♪\\n是这么想要我的吗……？」"
    },
    {
        "message": "身体被按在床上，\\n上衣被掀起，露出了阴茎。"
    },
    {
        "message": "红扑扑的脸，妖艳地笑着，\\n那张脸简直就是诱人的，\\n让人不禁感到一阵阵的刺激。"
    },
    {
        "name": "ブラックバッカラ",
        "message": "「呵呵，你的鸡巴，\\n在我的手中噗通噗通地跳动着呢？\\n快点让我好好玩弄一下吧～♪」"
    },
    {
        "name": "ブラックバッカラ",
        "message": "「没办法，我就给你舒服一点吧……不过，做好觉悟哦？」"
    },
    {
        "message": "柔软的手掌在阴茎上滑动，轻柔地包裹着龟头。"
    },
    {
        "message": "然后像盖上盖子一样抓住它，\\n五根手指灵巧地摩擦着。"
    },
    {
        "name": "ブラックバッカラ",
        "message": "「我会给你一种你从未经历过的快感……\\n尝过这个滋味后，你就完了」"
    },
    {
        "name": "ブラックバッカラ",
        "message": "「再也离不开我了……\\n呵呵，没有我你就活不下去了吧……♪」"
    },
    {
        "message": "妖艳地眯起双眼，诱人地舔了舔嘴唇。"
    },
    {
        "name": "ブラックバッカラ",
        "message": "「难受吗……？\\n就算你自己安慰，\\n不由我来让你舒服，你是不会高潮的……\\n嘿，光是想象就够刺激了吧？」"
    },
    {
        "message": "她的脸红扑扑地埋进我的颈窝，舌尖在下巴上舔来舔去。"
    },
    {
        "message": "然后突然松开从龟头开始，\\n用握紧的拳头压在阴茎顶端。"
    },
    {
        "name": "ブラックバッカラ",
        "message": "「即使这样，我也不会照顾你的……？\\n这是对自作多情的你的惩罚。\\n只有这一次我才会让你感到舒服。」"
    },
    {
        "name": "ブラックバッカラ",
        "message": "「为了一时的快感而堕入地狱……\\n真是最糟糕的样子♪」"
    },
    {
        "message": "拳头向下按压，\\n龟头缓缓地被手掌包裹。"
    },
    {
        "message": "折磨着，又不敢用力，\\n让阴茎全身都充满着挠人心痒的快感。"
    },
    {
        "name": "ブラックバッカラ",
        "message": "「哈哈♪ 你在抬起屁股干嘛呢？\\n就算这样我也不会好好对待你哦……？」"
    },
    {
        "message": "用舌尖轻舔着乳头，\\n然后再次用松开的拳头顶住阴茎的顶端。"
    },
    {
        "name": "ブラックバッカラ",
        "message": "「瞧……舔舔……舔舔……\\n让肉棒积聚着焦躁的刺激……\\n渐渐地什么都想不到了吧……♪」"
    },
    {
        "name": "ブラックバッカラ",
        "message": "「嘿嘿，眼睛都变得迷离了♪\\n你知道吗……？你一直在看着我……\\n你已经只能想着我了吧……？ 呵呵♪」"
    },
    {
        "message": "仿佛正在逐渐改变自己的身体，\\n感受到一种背德的快感，阴茎剧烈地颤动着。"
    },
    {
        "name": "ブラックバッカラ",
        "message": "「嘿嘿，肉棒开始哭泣了吗？」"
    },
    {
        "message": "像猫咪撒娇般摩擦着下巴，\\n紧握住阴茎。"
    },
    {
        "message": "然后用拇指沾满淫液的龟头上，\\n轻轻地抚摸数次。"
    },
    {
        "message": "从战斗时大胆的动作转变为细腻的手法，\\n阴茎几乎要射精一样紧绷。"
    },
    {
        "name": "ブラックバッカラ",
        "message": "「啊，啊？ 怎、怎么了？」"
    },
    {
        "message": "明明被玩弄得如此舒服，\\n却对黑蔷薇感到无比可爱。"
    },
    {
        "message": "被这样的想法感动着，\\n当我意识到时已经在抚摸她光滑的黑发。"
    },
    {
        "name": "ブラックバッカラ",
        "message": "「喂，停下！？\\n别、别对我温柔……！」"
    },
    {
        "message": "她挣扎着要挣脱我的手，我却将她紧紧拥入怀中。"
    },
    {
        "message": "然后，像撒娇一样在她光滑的脸颊上蹭了蹭，\\n她突然的小肩膀抽搐了一下。"
    },
    {
        "name": "ブラックバッカラ",
        "message": "「嗯、唔！\\n……啊、哈啊、哈啊……这家伙……」"
    },
    {
        "message": "眼角懒散地垂下，幸福地微笑着。"
    },
    {
        "name": "ブラックバッカラ",
        "message": "「被你这样撒娇，我会心跳不已♪\\n太、太好了……呼呼……」"
    },
    {
        "name": "ブラックバッカラ",
        "message": "「没办法，就不用惩罚了，让你舒服一点吧……\\n嗯嘿♪」"
    },
    {
        "message": "薄眯起双眼，嘴角挑起一抹妖艳的弧度，用舌尖轻抚着，\\n不断地捻动着那尖硬的乳头。"
    },
    {
        "name": "ブラックバッカラ",
        "message": "「就在这一瞬间，只有现在，只有现在，\\n你是我的东西……」"
    },
    {
        "message": "瞬间，含住乳头，脸颊紧绷着吸吮。"
    },
    {
        "name": "ブラックバッカラ",
        "message": "「啧嘟噜噜噜噜噜噜呜呜呜呜！！」"
    },
    {
        "message": "一股刺激刺痛着胸部的某处，\\n让我不由自主地挺起了后背。"
    },
    {
        "name": "ブラックバッカラ",
        "message": "「你是我的东西，\\n所以无论如何我都可以随心所欲地对待你♪\\n啾，啾啾，舔舔舔」"
    },
    {
        "name": "ブラックバッカラ",
        "message": "「所以我就让其中一个乳头变得不协调地大一点吧♪\\n舔舔，啾哺，啧噜噜呜！！」"
    },
    {
        "name": "ブラックバッカラ",
        "message": "「按照我的意愿，重新塑造你的身体！\\n哈哈，太棒了♪ 啾啾，啾啾啾……呜！」"
    },
    {
        "message": "一边反复吸吮着乳头，一边猛烈地抚摩着阴茎。"
    },
    {
        "message": "原本细腻的动作瞬间变得狂暴起来，\\n肉棒立刻开始颤动刺痛起来。"
    },
    {
        "name": "ブラックバッカラ",
        "message": "「啊嗯，啵……\\n就这样用手掌涂抹上我的淫液……\\n嗯，嗯啵啵……啵啵啵！」"
    },
    {
        "name": "ブラックバッカラ",
        "message": "「哈啊，哈啊，感觉如何？\\n黏腻感增加了，舒服极了吧♪」"
    },
    {
        "name": "ブラックバッカラ",
        "message": "「啵啵，吸吮着，\\n咕咕，肉棒在颤抖着陶醉其中！」"
    },
    {
        "message": "被不断挑逗，\\n憋积的快感一下子膨胀到了极限。"
    },
    {
        "message": "背部弓起，随时都可能喷射出精液也不奇怪。"
    },
    {
        "name": "ブラックバッカラ",
        "message": "「嗯？ 吸吮着，吸吮着，快要射了？\\n哈哈哈，吸吮着，啵啵啵，吸吮着！」"
    },
    {
        "name": "ブラックバッカラ",
        "message": "「好了？ 不要丢人地射出来♪\\n吸吮着，舔舔舔……\\n但是，射精的时机由我来决定……！」"
    },
    {
        "name": "ブラックバッカラ",
        "message": "「现在，你是我的东西！\\n吸吮着，吸吮吮吮！\\n所以你没有任何自由可言！」"
    },
    {
        "message": "这么一说，用拇指压在龟头上，让指甲深深刻入。"
    },
    {
        "name": "ブラックバッカラ",
        "message": "「喔啦，就是这个时机！哈哈哈！\\n鸡巴上留下我的痕迹，就这样结束了！」"
    },
    {
        "message": "被指甲刺激得几乎无法忍受的亢奋刺激了我的欲望，\\n已经无法再忍耐下去。"
    },
    {
        "name": "ブラックバッカラ",
        "message": "「哈哈哈！射精了♪ 射精了♪\\n还留着我的爪痕，卑微地射出来了♪\\n啵啵啵啵啵～♪」"
    },
    {
        "message": "即使射精了，也不停止对着阴茎的抚摸。"
    },
    {
        "message": "一边大力吸吮乳头，一边想要榨干所有的精液。"
    },
    {
        "message": "她的行为进一步加剧了我的快感，\\n当我意识到时，我已经紧紧抱住了黑蔷薇。"
    },
    {
        "name": "ブラックバッカラ",
        "message": "「嘿嘿♪ 射精了还被抚摸就会变得疯狂吧？\\n好啊，再撒娇一点♪」"
    },
    {
        "message": "我埋着头在她光滑的颈部，不断地颤抖着。"
    },
    {
        "message": "黑蔷薇大口喘着热气，\\n身体不禁颤抖起来。"
    },
    {
        "name": "ブラックバッカラ",
        "message": "「啊……哈啊……♪ 真是可爱的反应啊……\\n本来想这次就结束的，看来不行呢」"
    },
    {
        "name": "ブラックバッカラ",
        "message": "「让你一直属于我，\\n子宫都快要颤动了……♪」"
    },
    {
        "message": "不安地摩擦着大腿，\\n终于抚摸着射精结束后的阴茎顶端。"
    },
    {
        "name": "ブラックバッカラ",
        "message": "「嘿嘿，做好觉悟了？\\n接下来会花很长时间，\\n让你的身体只能为我而颤抖……」"
    },
    {
        "message": "兴奋地笑着，吹着热烈的气息在耳边。"
    },
    {
        "message": "受到那样的刺激，\\n又一次紧紧地抱住了黑蔷薇。"
    }
]