[
    {
        "message": "执务结束后躺在床上睡着了，\\n房间里感觉到了有人的气息。"
    },
    {
        "name": "イヌタデ",
        "message": "「……主、主人？嗯，已经睡着了吗？」"
    },
    {
        "message": "那个气息的主人是睫穗蓼。\\n它爬上床，凑到我的脸前张望着。"
    },
    {
        "name": "イヌタデ",
        "message": "「啊，太好了，主人醒了！\\n嗯，那个，嗯，主人，摸摸我这里……可以吗？」"
    },
    {
        "message": "睫穗蓼这样说着抓住我的手，\\n放在它身体的中心。让我触摸到它的隐秘之处。"
    },
    {
        "name": "イヌタデ",
        "message": "「哈乌……我的这里，变成这样了？\\n想着主人的事情，就忍不住了」"
    },
    {
        "name": "イヌタデ",
        "message": "「所以……所以呢，在我的这里，\\n主人，请给我？」"
    },
    {
        "message": "指尖触碰到炽热而滑腻的感触，\\n再加上睫穗蓼那淫荡的请求，\\n身体立刻变得火热起来。"
    },
    {
        "name": "イヌタデ",
        "message": "「呼啊……啊啊啊啊……！\\n主人的，嗯嗯，进来了……！」"
    },
    {
        "message": "将它躺在床上，\\n将坚挺的阴茎插入裸露的阴道中。"
    },
    {
        "name": "イヌタデ",
        "message": "「啊啊，主人的肉棒好粗……！\\n我的小穴，被撑得好大……啊啊！」"
    },
    {
        "name": "イヌタデ",
        "message": "「一直，一直都好想要……嗯嗯！\\n想要主人的肉棒插进来……啊啊！」"
    },
    {
        "message": "睫穗蓼的阴道已经满是淫液，\\n向我展示着她的兴奋。"
    },
    {
        "message": "阴道的褶皱摩擦着阴茎表面，\\n紧紧地包裹住勃起的根部。"
    },
    {
        "name": "イヌタデ",
        "message": "「呜呀，啊……嗯嗯，主人啊～，\\n啊呢……好喜欢你～好喜欢你」"
    },
    {
        "message": "这个睫穗蓼的状态简直可以说是发情。\\n她的一言一行都在煽动着我的兴奋。"
    },
    {
        "name": "イヌタデ",
        "message": "「嗯嗯，是、是这样的？\\n我，好想要主人疼爱我，所以才发情了」"
    },
    {
        "name": "イヌタデ",
        "message": "「每天每天，都只想着主人……\\n嗯嗯，小穴总是湿漉漉的……啊呜呜」"
    },
    {
        "message": "听着睫穗蓼羞涩的告白，\\n埋藏在阴道中的阴茎跳动不已。\\n受到这样的刺激，她发出可爱的声音，微微扭动着腰。"
    },
    {
        "name": "イヌタデ",
        "message": "「嗯嗯……被插入小穴真是幸福\\n嗯，我好幸福……嗯」"
    },
    {
        "name": "イヌタデ",
        "message": "「但、但是……嗯，怎么办呢，\\n更、更想要了，啊呜呜」"
    },
    {
        "message": "看着睫穗蓼渴望的眼神朝这边看来。\\n看着她粗重的呼吸和潮红的脸颊，我突然感到一丝虐待的快感。"
    },
    {
        "name": "イヌタデ",
        "message": "「主人～，嗯嗯……求求你，再多一点，\\n嗯，再多一点……」"
    },
    {
        "message": "渴望地恳求着的睫穗蓼。\\n然而，我故意置之不理。"
    },
    {
        "name": "イヌタデ",
        "message": "「诶诶？ 为、为什么呀……！？\\n嗯嗯，难、难道我被虐待了吗？」"
    },
    {
        "message": "发出痛苦的声音的睫穗蓼。\\n她说是虐待，但这并不是虐待，而是在进行调教。"
    },
    {
        "name": "イヌタデ",
        "message": "「调、调教……？ 呜呜，明、明白了……嗯，\\n那、那么我会好好地、规规矩矩地请求的……」"
    },
    {
        "message": "这样说着，睫穗蓼再次扭动起了腰。"
    },
    {
        "name": "イヌタデ",
        "message": "「主人……求、求求您，\\n请把肉棒插入睫穗蓼的阴道里……！」"
    },
    {
        "message": "面对羞耻，睫穗蓼满脸通红地仰视着这边。\\n但是，还不行。\\n这么轻易原谅，就失去了调教的意义。"
    },
    {
        "name": "イヌタデ",
        "message": "「嗯嗯……还不行吗？\\n嗯，主人嗯～～」"
    },
    {
        "name": "イヌタデ",
        "message": "「我、我那淫荡的阴道，\\n请主人的强壮而美好的肉棒，多多地给我……！\\n拜托了……拜托了啊……」"
    },
    {
        "message": "口中说出比先前更加下流的话语，\\n拼命地恳求着的睫穗蓼。"
    },
    {
        "message": "然而她是否意识到呢。\\n每次请求调教，每次说出淫秽的话语，\\n阴道都变得更加湿润，她的身体也被官能所染指。"
    },
    {
        "name": "イヌタデ",
        "message": "「哈啊……嗯嗯、调教……嗯，\\n被主人调教着呢……哈啊……嗯嗯」"
    },
    {
        "message": "喘着粗气，睫穗蓼说出了这番话。\\n看来她也意识到了。"
    },
    {
        "name": "イヌタデ",
        "message": "「我、我……好奇怪……！\\n明明被主人调教着，嗯嗯……明明讨厌，讨厌的，\\n嗯，身体却火热起来……感觉好舒服啊」"
    },
    {
        "message": "就像快要哭出来一样的声音，\\n睫穗蓼说出了自己身体的变化。"
    },
    {
        "name": "イヌタデ",
        "message": "「好舒服啊，被主人调教着，好舒服啊……！\\n再多一点，再多一点调教我……嗯嗯」"
    },
    {
        "message": "终于，睫穗蓼仿佛下定了决心般地微微点了点头，\\n然后看向这边。"
    },
    {
        "message": "她的表情上已经不再有刚才的羞耻，\\n而是充满了快感和官能的女人之脸。"
    },
    {
        "name": "イヌタデ",
        "message": "「……请……请把粗大的肉棒在我的淫荡母犬阴道上磨擦啊……！」"
    },
    {
        "message": "最后，睫穗蓼说出了不该说的话语，\\n那是深藏在心底的禁忌之言。"
    },
    {
        "name": "イヌタデ",
        "message": "「拜托了……主人啊……！」"
    },
    {
        "message": "听到这话语，欲望一下子涌现。\\n无法抑制的兴奋感从下腹部扩散开来。\\n原本被插入而停滞不前的阴茎开始有了动作。"
    },
    {
        "name": "イヌタデ",
        "message": "「啊、啊啊啊……！！！！！\\n来、来了……啊啊！ 主人的肉棒，来了～！」"
    },
    {
        "name": "イヌタデ",
        "message": "「啊啊！ 啊啊！ 好，好舒服啊！\\n嗯嗯，主人的肉棒……啊啊！ 好喜欢！」"
    },
    {
        "message": "压在睫穗蓼身上，握住她的乳房，\\n任由欲望驱使，粗鲁地扭动着腰部。"
    },
    {
        "name": "イヌタデ",
        "message": "「啊啊！ 啊啊！ 嗯咕噜！！\\n好，再多一点，再多一点调教我……！」"
    },
    {
        "name": "イヌタデ",
        "message": "「为了主人，做出淫荡的举动，\\n这淫荡的阴道，请多多调教吧……！」"
    },
    {
        "message": "猛烈地扭动着腰部，心里却在担心\\n睫穗蓼身体是否能承受如此激烈的行为。"
    },
    {
        "name": "イヌタデ",
        "message": "「没关系……所以……嗯嗯」"
    },
    {
        "message": "仿佛察觉到了这里的担忧，睫穗蓼立刻露出了迷醉的表情说道。"
    },
    {
        "name": "イヌタデ",
        "message": "「爱，是的……！ 这也是爱……！\\n被主人调教，嗯嗯，这就是我的爱……！\\n嗯嗯，所以，所以……啊啊！！」"
    },
    {
        "name": "イヌタデ",
        "message": "「好想要……！ 想要往我的小穴里，射很多精液……！」"
    },
    {
        "name": "イヌタデ",
        "message": "「想要的时候……随时随地都可以啦！\\n想要饲主的精液……！」"
    },
    {
        "name": "イヌタデ",
        "message": "「想要用我的小穴自慰，嗯嗯，\\n想要很多精液，啊啊，想要射出来……！」"
    },
    {
        "message": "仿佛阴道在榨取那精液，\\n紧紧地刺激着阴茎。\\n那种快感让射精的感觉一下子涌上心头。"
    },
    {
        "name": "イヌタデ",
        "message": "「啊啊，转啊转啊转……！ 饲主的射精来了！\\n想要在我的小穴里……！ 射出来～～！！\\n啊啊……嗯咕噜，嗯啊啊啊啊……！！！！！！！」"
    },
    {
        "name": "イヌタデ",
        "message": "「啊啊……嗯咕噜……！！！！！！！」"
    },
    {
        "message": "猛烈地抽送着，最终在睫穗蓼的深处射精。\\n浑浊的精液喷射而出，充满了睫穗蓼的子宫。"
    },
    {
        "name": "イヌタデ",
        "message": "「啊啊……嗯咕噜……\\n饲主的精液……！ 很多很多呢……」"
    },
    {
        "name": "イヌタデ",
        "message": "「啊啊啊……我的小穴，\\n成了饲主的精子的容器呢……\\n好幸福呀……」"
    },
    {
        "message": "官能的迷恋中，睫穗蓼带着陶醉的表情喃喃自语。\\n在她的身体支撑下，我放松了身体，调整呼吸。"
    },
    {
        "name": "イヌタデ",
        "message": "「呼……主人啊……♪」"
    },
    {
        "message": "睫穗蓼像是在撒娇地叫着我。\\n但是，我已经没有余裕去回应她了。\\n所有的精力都被榨干了。"
    },
    {
        "name": "イヌタデ",
        "message": "「诶诶？ 主人啊……我还要更多，更多精液！\\n请往我的小穴里再注入更多吧～」"
    },
    {
        "message": "睫穗蓼那充满渴望的眼神注视着这边。"
    },
    {
        "name": "イヌタデ",
        "message": "「看啊～对我任性发牢骚的渴望，\\n请再好好调教我吧～」"
    },
    {
        "message": "看着睫穗蓼那样的眼神，不知为何有些害怕。"
    },
    {
        "name": "イヌタデ",
        "message": "「诶嘿嘿，再更～更多地，\\n请主人再好好调教我吧～\\n主人，我爱您～！」"
    },
    {
        "message": "结果，那个夜晚，我的一切都被睫穗蓼\\n榨干了。\\n仿佛被调教的是我一样。"
    }
]