[
    {
        "name": "チェリーセージ",
        "message": "「团长，你没事吧？\\n我以为你会感到寂寞，所以特意过来了！」"
    },
    {
        "message": "某天晚上，小叶鼠尾草突然来到房间，突然开口。"
    },
    {
        "name": "チェリーセージ",
        "message": "「难道你有点……性冲动了吗……？\\n呵呵，那么就轮到我登场了呢」"
    },
    {
        "message": "……登场？ 性冲动？\\n还来不及理解情况，小叶鼠尾草就猛地开始脱衣服。"
    },
    {
        "name": "チェリーセージ",
        "message": "「来嘛，不用客气的哦\\n我的身体，可以由团长任意使用哦……♪」"
    },
    {
        "message": "她一边说着，一边拉起我的手，轻轻地移到了她丰满的胸部。那柔软而有弹性的健康胸部让人感到舒适，不由自主地揉捏起来。"
    },
    {
        "name": "チェリーセージ",
        "message": "「啊……♪\\n团长的手掌……好、好舒服呢\\n再……多摸摸我……哈」"
    },
    {
        "message": "在被小叶鼠尾草挑逗的同时，享受着用手掌触摸乳房的弹性，身体仿佛回想起上次拥抱她时的甜蜜感觉。"
    },
    {
        "message": "既然她如此诱惑我，应该没问题吧。为了再次品味那种触感，我将她推倒在床上……。"
    },
    {
        "name": "チェリーセージ",
        "message": "「啊……啊啊啊啊啊！？\\n这、这身姿，啊，啊啊……！！」"
    },
    {
        "message": "双腿大开，将物品插入裸露的私处。\\n面对重要部位暴露的羞耻，小叶鼠尾草的脸颊泛起红晕。"
    },
    {
        "name": "チェリーセージ",
        "message": "「好、好害羞……真的很害羞！\\n可以随便对待我……能不能穿得正常一点……啊！」"
    },
    {
        "message": "小叶鼠尾草身体扭动，表现出些许抵抗，但对我们来说只是刺激我们的虐待心理。\\n反而更大幅度地张开双腿，盯着她的连接部看个够。"
    },
    {
        "name": "チェリーセージ",
        "message": "「啊……哈……啊！\\n被、被看到进入的地方……！\\n我、我已经……啊！ 害羞得都要死了……」"
    },
    {
        "message": "因为羞耻，小叶鼠尾草眼中泛起泪光。\\n与平时活泼的她截然不同的妩媚之态让我的心跳加速。"
    },
    {
        "message": "已经相当湿润了，现在开始动应该没问题了。\\n开始进行抽插，让坚挺的东西在她体内摩擦。"
    },
    {
        "name": "チェリーセージ",
        "message": "「哈！ 啊，哇、哈、啊……！\\n团长先生的东西，在、在我里面，摩擦着……哈！」"
    },
    {
        "name": "チェリーセージ",
        "message": "「求求您了！\\n因为害羞，请不要、不要看着……啊、呜、哈啊！」"
    },
    {
        "message": "这么说着，她的阴道深处不断地溢出爱液。\\n看来，羞耻正在增强性感。"
    },
    {
        "message": "既然如此，那就更让她感到羞耻吧，\\n命令她解释自己的身体发生了什么。"
    },
    {
        "name": "チェリーセージ",
        "message": "「诶……！？ 那、那个……！\\n唔……团长先生，好坏啊……！」"
    },
    {
        "name": "チェリーセージ",
        "message": "「但、但是，如果团长先生希望的话……\\n我的身体……现在是团长先生想怎么用就怎么用的东西……\\n啊……哈……啊」"
    },
    {
        "message": "她泪眼汪汪地说着，望着这边并张开了嘴。"
    },
    {
        "name": "チェリーセージ",
        "message": "「现在……团长先生的……粗大的肉棒在……\\n我、我那个、那个……」"
    },
    {
        "name": "チェリーセージ",
        "message": "「我的、阴、阴道里面……进去了……啊、哇！\\n不行，果然还是很害羞呢……！」"
    },
    {
        "message": "说小穴时她的脸更加红了。\\n看着她害羞的样子，我越发兴奋，命令她继续说下去。"
    },
    {
        "name": "チェリーセージ",
        "message": "「好、好的……小、小穴好像、感觉很舒服了……！\\n从深处一直溢出了好多东西呢……呀啊！」"
    },
    {
        "message": "忍受羞耻的小叶鼠尾草继续解说，我大幅前后摆动腰部，她发出尖细的娇声。"
    },
    {
        "name": "チェリーセージ",
        "message": "「呀啊！ 啊啊！ 哈啊！\\n被……团长先生的粗大肉棒，在里面，啊，不停地……！」"
    },
    {
        "name": "チェリーセージ",
        "message": "「我、身体……感觉好舒服……！\\n被、淫荡的液体，弄得湿湿的……！」"
    },
    {
        "name": "チェリーセージ",
        "message": "「湿漉漉的，发出淫荡的声音……！\\n啊……哈……啊……！」"
    },
    {
        "message": "似乎是因为解说而让身体更加热烈起来，她的深处不断地溢出爱液。"
    },
    {
        "message": "为了让她感受更多快感，我在鼓起的阴蒂上游走了指尖。"
    },
    {
        "name": "チェリーセージ",
        "message": "「诶……呀、啊啊啊啊！？\\n不、不要、别摸那个豆豆……哈！！」"
    },
    {
        "message": "突如其来的强烈刺激让她的身体颤动了一下。再用三根手指前后擦拭着那秘密之豆，全身颤抖不已。"
    },
    {
        "name": "チェリーセージ",
        "message": "「呀啊！？ 啊，嘿、啊……！！\\n那里太敏感了……啊、不行、不行……！」"
    },
    {
        "message": "对沉浸在快感中的小叶鼠尾草说不要中断解说，她惊慌地睁大了眼睛。"
    },
    {
        "name": "チェリーセージ",
        "message": "「啊……对、对不起……！\\n我、我会、说的……啊、哈、啊啊！！」"
    },
    {
        "name": "チェリーセージ",
        "message": "「我的小穴，被、被团长大人……啊、哈……！\\n淫荡的阴蒂也……被指头，摩擦得好厉害……！」"
    },
    {
        "name": "チェリーセージ",
        "message": "「身体的核心……变得炽热……！\\n已经……脑袋都快变空白了……\\n啊、哈、哈啊！」"
    },
    {
        "message": "看着小叶鼠尾草喘息着拼命解说的样子，我毫不留情地扭动腰部，将她逼入绝境。"
    },
    {
        "name": "チェリーセージ",
        "message": "「呀呢！ 啊啊！ 啊啊……！\\n肉棒在里面猛烈地抽动，啊、嗯！」"
    },
    {
        "name": "チェリーセージ",
        "message": "「阴蒂，啊、这样、磨擦得好厉害，啊……！\\n被擦弄着，嘿、唔、呀……！！」"
    },
    {
        "message": "品味着她的淫态和阴道黏膜的触感，阴茎根部开始灼热起来。看来忍耐的极限快要到了。"
    },
    {
        "name": "チェリーセージ",
        "message": "「呀啊！？ 肉棒，又、又热起来了……！\\n这种感觉……难道是……」"
    },
    {
        "message": "小叶鼠尾草用期待的眼神看着我。\\n我点头回应，她的表情变得愉悦而迷离。"
    },
    {
        "name": "チェリーセージ",
        "message": "「团长大人……好像要射了呢……！\\n好像要在我的里面，从肉棒里射出精液了呢……！」"
    },
    {
        "name": "チェリーセージ",
        "message": "「没、没关系……！\\n我的淫荡的小穴，已经准备万全了……」"
    },
    {
        "name": "チェリーセージ",
        "message": "「团长大人想要的时候……想要的话，尽管射精吧……\\n啊……呀、哈啊！？」"
    },
    {
        "message": "突然她的阴道收紧，带来甜蜜的摩擦感。\\n她也快要达到高潮。\\n为了一起达到，我更加用力地刺入。"
    },
    {
        "name": "チェリーセージ",
        "message": "「啊！ 我、我也……不行了……！\\n被团长大人的……肉棒……已经、已经要高潮了……！\\n快要达到了……啊、哈、啊啊！！」"
    },
    {
        "name": "チェリーセージ",
        "message": "「啊、呀啊啊啊啊啊……！？」"
    },
    {
        "message": "伴随着剧烈的性感，向着小叶鼠尾草的子宫喷发出欲望之种。"
    },
    {
        "name": "チェリーセージ",
        "message": "「啊……团长大人的精子，\\n嗯、已经到达了我的最深处……啊……哈啊」"
    },
    {
        "message": "她的全身不断地抽搐，阴道多次收缩和膨胀。\\n看来，她已经高潮得相当剧烈了。"
    },
    {
        "name": "チェリーセージ",
        "message": "「啊……肉棒还……在里面……在颤抖着……\\n哈……呼……啊……哈」"
    },
    {
        "message": "虽然她的呼吸变得急促无比，\\n但她还是一直按照命令继续着解说……。"
    },
    {
        "message": "小叶鼠尾草经历了无数次小小的高潮之后，\\n看着我说道。"
    },
    {
        "name": "チェリーセージ",
        "message": "「哈……团长大人……很舒服……\\n已、已经……快站不住了……哈、哈」"
    },
    {
        "message": "自己也称赞着达到了最高潮，\\n她松了口气，显得安心了一些。"
    },
    {
        "name": "チェリーセージ",
        "message": "「真、真的吗……？ 很高兴……！\\n虽然很害羞……但努力解说还是值得的……」"
    },
    {
        "name": "チェリーセージ",
        "message": "「哈……哈……那、那个……如果团长大人愿意的话……\\n作为努力后的奖励，能再陪我一会儿吗……？」"
    },
    {
        "message": "小叶鼠尾草撒娇般地说着。\\n她的这份可爱让我决定今天要好好接纳她为努力所得到的奖励……。"
    }
]