[
    {
        "name": "ミニバラ",
        "message": "「谢谢您宝贵的讲话，团长大人！」"
    },
    {
        "message": "迷你玫瑰恭敬地鞠躬，表达了感谢之情。\\n她从野蔷薇那里得到了休假，趁着这段休息时间，来到了这里的房间。"
    },
    {
        "message": "而她现在向迷你玫瑰表达感激之情，是因为我用我所知道的知识告诉她如何留下业绩。"
    },
    {
        "name": "ミニバラ",
        "message": "「能够花时间来见我……请让我表示感谢！虽然……我没有准备好什么……嗯……虽然有点唐突但是……！」"
    },
    {
        "name": "ミニバラ",
        "message": "「用、用我的身体……尽全力！我想向团长大人表示感谢！」"
    },
    {
        "message": "突如其来的发言，一时让我有些懵圈。\\n虽然很快明白了她的意思，但是确实不好意思接受到那种程度的表示。"
    },
    {
        "message": "我们只是聊了一会儿而已。明明不需要被感谢，但迷你玫瑰却不肯罢休。"
    },
    {
        "name": "ミニバラ",
        "message": "「这样可不行！那样就失礼了！拜托了！请不要让我失去体面！」"
    },
    {
        "message": "她用乞求的眼神看着我。让她说到这个份上，我也无法无视她的心意。"
    },
    {
        "message": "我答应了一句话，决定接受她的感谢。"
    },
    {
        "name": "ミニバラ",
        "message": "「嗯嗯……团长大人，您就躺着吧……我自己来……啊呜」"
    },
    {
        "message": "迷你玫瑰跨坐在这里，说着自己的狭窄缝隙迎接龟头。\\n她慢慢地吞没着阴茎，面对它的硬度和大小露出了痛苦的表情。"
    },
    {
        "message": "如果感到痛苦，请千万不要勉强自己，一定要向我报告。\\n我这样说着，迷你玫瑰轻轻点了点头。"
    },
    {
        "name": "ミニバラ",
        "message": "「嗯，知道了……团长大人，不用担心……所以……嗯呜\\n我会尽量不勉强自己……想要努力下去……」"
    },
    {
        "name": "ミニバラ",
        "message": "「尽量放松身体的力量……慢慢地降低腰部……\\n啊啊，嗯嗯……嘿呀呜！」"
    },
    {
        "message": "迷你玫瑰放松全身的力量，艰难地降低着腰部。\\n冲破膜的阻力，阴茎吞没到阴道深处。"
    },
    {
        "name": "ミニバラ",
        "message": "「嗯呜呜！啊，呜呜……\\n从里面传来像是要撕裂一样的感觉……啊啊……\\n因为下面很大所以撑得很满……」"
    },
    {
        "name": "ミニバラ",
        "message": "「第一次的话……会这样刺痛吗……\\n用身体来表示感谢……真的是非常辛苦的事情，我明白了……」"
    },
    {
        "message": "初次失去处女之痛，迷你玫瑰颤抖着声音，\\n承受着破膜的疼痛。"
    },
    {
        "message": "在疼痛缓解之前，请不要动，休息一下。\\n在我传达这个之前，迷你玫瑰开口了。"
    },
    {
        "name": "ミニバラ",
        "message": "「团长大人……一开始我可能动作不太灵活……\\n但是……我会努力让您感受到很舒服的……」"
    },
    {
        "message": "对她来说最辛苦的是无法回报礼物。\\n也就是说，为我服务比任何事情都重要。"
    },
    {
        "message": "尊重她的心情，我也请求迷你玫瑰为我服务。"
    },
    {
        "name": "ミニバラ",
        "message": "「好的……我会全力让团长大人感到舒服的……！」"
    },
    {
        "message": "迷你玫瑰这样说着，笨拙地摇动着腰部。"
    },
    {
        "name": "ミニバラ",
        "message": "「啊呜……嗯……咕……里面摩擦得很多……嗯嗯\\n有点刺刺的感觉……\\n但是，我会好好地进行到最后……嗯，啊」"
    },
    {
        "message": "忍受着疼痛摇动着腰部的迷你玫瑰，\\n笨拙的摩擦运动似乎让破膜的疼痛变得更加持久。"
    },
    {
        "message": "初次的行为，也不习惯主动摇动腰部。\\n为了不让她只感受到疼痛，我伸手到迷你玫瑰的乳房。"
    },
    {
        "name": "ミニバラ",
        "message": "「啊呜……团长大人……啊，嗯……啊呜呜……\\n为什么，摸我的胸部……嗯嗯」"
    },
    {
        "message": "回答说只是想要爱她，继续送上爱抚的刺激。"
    },
    {
        "name": "ミニバラ",
        "message": "「虽然听到您这么说……我很高兴……嗯啊\\n但是……无论团长大人怎么做……都不能算作回报……\\n我必须让您感到舒服才行……嗯嗯」"
    },
    {
        "name": "ミニバラ",
        "message": "「啊呜……嗯啊……胸部，渐渐变得温暖起来了……\\n我反而像是在被您所侍奉着一样……」"
    },
    {
        "message": "不必在意这些。我们一起感受舒适更重要，继续帮助缓解疼痛。"
    },
    {
        "name": "ミニバラ",
        "message": "「嗯呜……团长大人……谢谢您……\\n听到您这样说，总觉得……呃\\n真的，疼痛好像……哈啊，啊呜」"
    },
    {
        "message": "迷你玫瑰的身体和阴道随着情感而变得兴奋。\\n表情也同样如此。\\n天真的脸上除了疼痛之外还有其他情感在蔓延。"
    },
    {
        "name": "ミニバラ",
        "message": "「嗯呜，啊啊……团长……疼痛好像消失了呢……♪」"
    },
    {
        "name": "ミニバラ",
        "message": "「里面大的擦到了……刺痛的感觉……下体……越来越热了……」"
    },
    {
        "name": "ミニバラ",
        "message": "「这是……团长大人，摸我的胸部的功劳……\\n因为和刚才完全不一样……哈呜，啊啊啊！」"
    },
    {
        "message": "生硬的摩擦逐渐变得顺畅。\\n阴道粘膜的紧张也放松了，对阴茎的夹紧也逐渐变得适度。"
    },
    {
        "name": "ミニバラ",
        "message": "「哈啊……啊啊……也许，你感到舒服了吗……？\\n现在，肉棒……抽搐了一下呢……」"
    },
    {
        "message": "坦率地说出从连接处传遍全身的快感。\\n听到这些，迷你玫瑰微笑了。"
    },
    {
        "name": "ミニバラ",
        "message": "「嘿嘿……我，能够表达感谢吗……\\n看到团长大人露出舒服的表情……\\n我的身体也开始变得热乎乎的了……」"
    },
    {
        "name": "ミニバラ",
        "message": "「哈啊……下体，收缩着……坐立不安地发痒呢……\\n胸部的刺刺感也变得更强烈了……\\n我似乎也开始感到舒服起来了呢……」"
    },
    {
        "message": "爱液从连接处流出，使摩擦更加顺滑。\\n在高涨的快感中，更加专心地爱抚乳房。"
    },
    {
        "name": "ミニバラ",
        "message": "「啊呜……啊啊……！摸弄着胸部，动起来了呢……真舒服！\\n腰部开始不受控制地动起来了……啊呜，嗯嗯，哈啊……！\\n还要……还要更多地擦动下体呢……嗯嗯！」"
    },
    {
        "message": "臀部的动作加快。\\n爱液发出淫秽的摩擦声，迷你玫瑰开始失控。"
    },
    {
        "name": "ミニバラ",
        "message": "「下面搓搓的……湿湿的，好淫荡的声音……太厉害了！\\n听到这个声音，我全身都酥麻……\\n好像要……要不住了……啊啊，嗯呜，啊啊啊！」"
    },
    {
        "name": "ミニバラ",
        "message": "「团长大人……感觉如何呢……？\\n这样肉棒，擦来擦去的……感觉舒服吗？」"
    },
    {
        "message": "在已经松弛的阴道内刺激阴茎，\\n一连串灼热的快感袭来。"
    },
    {
        "message": "在被强烈快感淹没的同时回以肯定的话语。\\n继续爱抚她的乳房，一同达到极限。"
    },
    {
        "name": "ミニバラ",
        "message": "「啊啊……嗯呜，哈呜呜……！\\n胸部，被这样用力摩擦着……啊啊啊！\\n我，会变得奇怪的……哈呜，啊啊啊！」"
    },
    {
        "name": "ミニバラ",
        "message": "「团长大人也不要忍耐……请和我一起……啊啊啊！\\n从抖动的肉棒上可以感受到舒服的证明……\\n我想要更多……！」"
    },
    {
        "name": "ミニバラ",
        "message": "「啊呜，啊啊……！\\n肉棒的顶端，涨得鼓鼓的……哈啊！\\n请在我里面……尽情地喷射吧……哈呀，啊啊，嗯啊！」"
    },
    {
        "name": "ミニバラ",
        "message": "「哈啊啊……！里面，喷射着喷射着……\\n好热哦……充满了肚子里呢……」"
    },
    {
        "name": "ミニバラ",
        "message": "「阿，好紧……鸡巴，一直不放开……啊啊\\n热热的精液……好像很高兴地注入了好多呢……」"
    },
    {
        "message": "迷你玫瑰一边身体不断地抽搐着，一边继续接受着射精。\\n当我把所有的浊液都吐完后，她那迷醉的表情与我对视了一眼。"
    },
    {
        "name": "ミニバラ",
        "message": "「啊啊……团长大人……\\n鸡巴，感觉很舒服吧……？」"
    },
    {
        "message": "迷你玫瑰沉浸在高潮的余韵中，向我询问。\\n在射精后同样享受着愉悦的慵懒中，我点了点头回答她的问题。"
    },
    {
        "name": "ミニバラ",
        "message": "「太好了……我能够向团长大人……表示感谢了呢……」"
    },
    {
        "message": "对着开心的迷你玫瑰表达感谢之情。\\n她的感谢，是如此美好，让人难以置信。"
    }
]