[
    {
        "name": "ノヴァーリス",
        "message": "「嗯……这、这样就可以了吗……？」"
    },
    {
        "message": "跨坐在仰卧的诺瓦利斯身上，\\n将暴露在丰满乳房沟壑间的阴茎插入。"
    },
    {
        "message": "感受着阴茎被柔软包裹在丰满的乳肉之间，\\n腰部不禁颤抖起来。"
    },
    {
        "name": "ノヴァーリス",
        "message": "「哇！？\\n从、从乳房间出来了什么……？」"
    },
    {
        "message": "瞪大双眼，\\n好奇地盯着从乳房沟壑中突出的龟头。"
    },
    {
        "name": "ノヴァーリス",
        "message": "「这、这是……是什么东西呢……？」"
    },
    {
        "name": "ノヴァーリス",
        "message": "「……肉……棒？ 这就是所谓的肉棒吗……」"
    },
    {
        "message": "重新将目光从上视角转向阴茎，\\n发出一声惊叹般的甜蜜呼吸。"
    },
    {
        "name": "ノヴァーリス",
        "message": "「这、这形状有点奇怪呢……？\\n龟头像蘑菇一样凸出来……而且好热……」"
    },
    {
        "message": "用手臂从侧面按压丰满的乳房，\\n让柔软的乳肉波浪般地摇动。"
    },
    {
        "name": "ノヴァーリス",
        "message": "「呀！？ 颤颤抖抖地……！？\\n嗯、嗯嗯……！」"
    },
    {
        "message": "为了将不停跳动的阴茎困在乳房中，\\n急忙用力挤压着胳膊。"
    },
    {
        "message": "被柔软触感压迫着的肉棒刺激让我忍不住，\\n开始急促地扭动腰部。"
    },
    {
        "name": "ノヴァーリス",
        "message": "「嗯啊、啊……！？\\n什、什么……突然间！？」"
    },
    {
        "name": "ノヴァーリス",
        "message": "「呼哇～！？\\n肉棒在我的胸部里、\\n进进出出地……！？」"
    },
    {
        "name": "ノヴァーリス",
        "message": "「团长大人？\\n哈哈哈……这是什么仪式呢……？」"
    },
    {
        "message": "看着随着阴茎的运动而变得妖艳多姿的乳房。"
    },
    {
        "message": "当腰部向后拉时，龟头拉动着柔软的肉向下，\\n当龟头完全埋没在乳房中，又会弹回原状。"
    },
    {
        "message": "看到那淫秽的景象，\\n诺瓦利斯的眼睛变得湿润而炽热。"
    },
    {
        "name": "ノヴァーリス",
        "message": "「哈啊……哈啊……啊、啊……我的胸部，扭动着……\\n为什么感觉这么色情……而且……」"
    },
    {
        "name": "ノヴァーリス",
        "message": "「嗯、啊、哈啊……\\n每次被肉棒擦过，胸部都麻木了……\\n身体好像变得热乎乎的……嗯呼呼～……」"
    },
    {
        "message": "发出甜蜜的喘息声，\\n乳头在摇摆的凸起上膨胀着。"
    },
    {
        "message": "坚硬而颤动的芽芽，\\n是诺瓦利斯第一次接触性爱并兴奋的证明。"
    },
    {
        "message": "目睹纯真少女变身成为成熟女性的瞬间，\\n使得腰部内部开始沸腾。"
    },
    {
        "name": "ノヴァーリス",
        "message": "「嗯……哈啊……哈呢……嗯、嗯呼……\\n团长大人？\\n肉棒的尖端流出了透明液体……？」"
    },
    {
        "message": "好奇地扬起眉头，\\n正准备在龟头从乳房间跳出来时，\\n伸出舌头。"
    },
    {
        "name": "ノヴァーリス",
        "message": "「舔舔呢……嗯、咕噜咕噜……有、有点苦味……\\n这是肉棒的药吗……？ 舔舔呢……」"
    },
    {
        "message": "随着扭动臀部的节奏，\\n舔舐着滴落淫液的小铃铛一遍又一遍。"
    },
    {
        "name": "ノヴァーリス",
        "message": "「哇哇！？\\n比、比刚才肉棒更、\\n抖动得更厉害了呜呜……！？」"
    },
    {
        "message": "粗糙的舌头触感成了引发更多快感的导火索。"
    },
    {
        "name": "ノヴァーリス",
        "message": "「嗯、嗯呼……啊、哈啊……嗯哈、啊啊……」"
    },
    {
        "message": "将臀部的摩擦变得更加强烈，龟头不断戳击着小巧的双唇。"
    },
    {
        "name": "ノヴァーリス",
        "message": "「啊、啊……哈啊……？\\n难、难道是想要用嘴含住吗……？」"
    },
    {
        "message": "被投来上视的眼神，匆忙地点了点头。"
    },
    {
        "name": "ノヴァーリス",
        "message": "「明、明白了……嗯、啊……呃……」"
    },
    {
        "message": "虽然略显犹豫，但下一刻，微张的双唇轻咬住龟头。"
    },
    {
        "name": "ノヴァーリス",
        "message": "「啊唔……嗯嗯嗯……！」"
    },
    {
        "message": "然后，即使没有人教过，嘴唇紧抿，\\n猛吸不放。"
    },
    {
        "name": "ノヴァーリス",
        "message": "「啊啊、啧啧……嗯、嗯嗯……\\n别、别太动肉棒……\\n啧啧、啧……吸得不够顺畅了」"
    },
    {
        "message": "被刺激得不由自主地收起腰，拼命伸长脖子，\\n鼻尖埋入乳房，追逐着阴茎。"
    },
    {
        "name": "ノヴァーリス",
        "message": "「啊呜、嗯、啧啧、嘬嘬……团长大人……？\\n这、这样就可以了吗……？」"
    },
    {
        "message": "一边吮吸着阴茎，一边确认地抬起眼睛。"
    },
    {
        "name": "ノヴァーリス",
        "message": "「……诶？用舌头舔舔吗……？\\n……嗯、啊啧……舔舔……舔舔舔」"
    },
    {
        "message": "眼神点头，小舌头游走到龟头上。"
    },
    {
        "message": "虽然舌头动作生涩，但却认真地舔过龟头，\\n令阴茎感受到疯狂的快感。"
    },
    {
        "name": "ノヴァーリス",
        "message": "「嗯、啊……啊、嗯嗯……\\n舔、舔着……啊啊……！」"
    },
    {
        "message": "为了更容易舔到，我微微调整着腰的动作，\\n看向诺瓦利斯，\\n她脸上挂着沉醉在快感中的表情。"
    },
    {
        "name": "ノヴァーリス",
        "message": "「啊啊、啊啊！ 呼……呼……\\n很奇怪……啊啊～\\n这样夹着肉棒用奶子舔舔……\\n胸部会变得很温暖……」"
    },
    {
        "name": "ノヴァーリス",
        "message": "「为什么会觉得肉棒这么可爱呢……\\n舔着舔着……啊啊……\\n越来越想好好宠爱它了……」"
    },
    {
        "message": "炽热的目光投向阴茎，脸上露出愉悦的表情。"
    },
    {
        "message": "然后，自己摇动乳房，开始抚摸阴茎。"
    },
    {
        "name": "ノヴァーリス",
        "message": "「啊、呼呼呼……\\n肉棒，一直在颤抖着……♪\\n舔着舔着……团长大人……\\n感受到你很舒服的样子了……啊啊啊！」"
    },
    {
        "message": "她突然像是注意到了什么。"
    },
    {
        "name": "ノヴァーリス",
        "message": "「啊……原来如此……舔舔地……\\n这就是彼此心意相通的仪式吧……」"
    },
    {
        "name": "ノヴァーリス",
        "message": "「这样宠爱着肉棒……\\n啾啾、啾啊……\\n是为了理解团长的心意，加深我们的羁绊吧……」"
    },
    {
        "message": "说完后，再次伸出脖子，将阴茎吞入嘴中。"
    },
    {
        "name": "ノヴァーリス",
        "message": "「嗯呼呼呼呼呼～！\\n那么，我会努力的……！\\n因为我想更了解团长您，\\n啾嘭、啾噗、啾啰啰啰啰～！」"
    },
    {
        "message": "专心致志地摇动头部，刺激着阴茎。"
    },
    {
        "message": "用柔软的肉体固定住阴茎，用柔软的双唇摩擦着龟头，\\n吮吸着涌出的汁液。"
    },
    {
        "message": "被口交激烈地挑逗，胸部立刻达到了极限。"
    },
    {
        "name": "ノヴァーリス",
        "message": "「嗯呼呼！？ 阴茎变得更大了……！\\n嗯、嗯、嗯呜～……！？」"
    },
    {
        "message": "用力抽动腰部，从口中取出阴茎时，大量精液喷洒在她可爱的脸上。"
    },
    {
        "name": "ノヴァーリス",
        "message": "「哈呜呜呜！？ 啊、好热……！」"
    },
    {
        "message": "紧闭双眼，享受着精液的淋浴。"
    },
    {
        "name": "ノヴァーリス",
        "message": "「哈啊，嗯哈啊……脸上变得很糟糕呢……」"
    },
    {
        "message": "微微睁开眼，凝视着一直不停射精的男性器官。"
    },
    {
        "name": "ノヴァーリス",
        "message": "「啊，啊哈啊……\\n这些白色的东西，弄脏了脸、弄脏了头发……嗯、嗯呼……\\n闻起来很臭，头晕目眩……\\n身体变得越来越热了起来……」"
    },
    {
        "message": "满脸精液，懒散地放松下来，\\n带着愉悦的眼神看着上方。"
    },
    {
        "name": "ノヴァーリス",
        "message": "「但是，多亏了这个……\\n感觉好像比以前更了解团长一样……\\n哈呼呼～」"
    },
    {
        "message": "终于结束射精后，大口喘着热气，微笑着。"
    },
    {
        "name": "ノヴァーリス",
        "message": "「团长？我们再来进行仪式吧……？\\n请再多教我关于团长的事情……♪」"
    },
    {
        "message": "这样说着，像揉捏阴茎一样揉捏着乳房，\\n带着可爱的眯眼笑了起来。"
    }
]