[
    {
        "name": "ローズマリー",
        "message": "「啊啊，真慢……我还以为差不多了呢」"
    },
    {
        "message": "结束工作准备回自己房间的时候，走在走廊上，听到了一声沉重的叹息。"
    },
    {
        "message": "朝着声音传来的方向看去，发现了迷迭香。她似乎也注意到了这边的身影，蓝色的眼睛盯着这边。就在那一瞬间，原本沉闷的表情一下子明亮了起来。"
    },
    {
        "name": "ローズマリー",
        "message": "「团长，辛苦了，我一直在等你。虽然有点晚了，工作方面还好吗？」"
    },
    {
        "message": "她笑着说没问题。看来迷迭香是在等我回去。但是她到底有什么事呢？问她之后，她原本明亮的表情又有些阴郁了起来。"
    },
    {
        "name": "ローズマリー",
        "message": "「啊……不……嗯……唔唔」"
    },
    {
        "message": "看起来迷迭香很难回答或者说有些结巴。她一边挠头一边四处张望着，寻找着合适的词语。过了一会儿，似乎下定决心般，她轻声说出了话语。"
    },
    {
        "name": "ローズマリー",
        "message": "「那个……睡不着……晚上，睡不着」"
    },
    {
        "message": "听到这话，我笑了笑，以为她又是因为专注于研究而失眠了，但迷迭香摇了摇头。然后她轻轻地靠近我，并拥抱了过来。"
    },
    {
        "name": "ローズマリー",
        "message": "「我睡不着是因为团长……夜晚，总是想着团长……想要团长的温暖……所以，能再给我一次那份温暖吗？」"
    },
    {
        "name": "ローズマリー",
        "message": "「不行……嗯，已经无法忍耐了……！」"
    },
    {
        "message": "迷迭香一边发出紧绷的声音，一边逼近。然后我被推倒在床上。她俯视着我，眼神妖艳而湿润，脸颊泛起红晕，显得有些气喘吁吁。"
    },
    {
        "name": "ローズマリー",
        "message": "「我的，已经这么湿了……渴望着团长的\\n嗯，团长的也变得硬了……好像也想进入我的身体」"
    },
    {
        "message": "正如她所说，迷迭香的隐秘之处已经湿透。闪闪发光的褶皱被阴茎挤压着。我们因这种快感而身体颤抖，呻吟不止。"
    },
    {
        "name": "ローズマリー",
        "message": "「嗯啊啊！真的已经无法忍耐了，\\n已经，进来吧……啊啊啊！！嗯嗯嗯！！！！」"
    },
    {
        "message": "迷迭香边说着，稍稍提起臀部，然后将阴茎顶端对准凹陷处，顺势插入。阴茎被包裹在一片滑腻而温暖的感触中。"
    },
    {
        "name": "ローズマリー",
        "message": "「啊啊啊，来了……嗯嗯嗯……！！好厉害，进得好深！\\n哈啊，好硬……真是个……啊啊呃……！」"
    },
    {
        "message": "感受到插入的快感，迷迭香带着淫荡微笑。平日里冷静的她竟然如此淫乱让我感到惊讶。但正因如此，眼前的景象激起了我的欲望。"
    },
    {
        "name": "ローズマリー",
        "message": "「一直，一直……渴望着这个，快要受不了了，嗯嗯！\\n这么热烈、坚硬的……啊啊啊，正好……在我里面！」"
    },
    {
        "message": "忍不住的迷迭香主动扭动着腰部。阴茎表面传来一种磨砂般的舒适触感。"
    },
    {
        "name": "ローズマリー",
        "message": "「嗯啊啊啊，碰到最深处……嗯嗯嗯！\\n不行了，太舒服了，腰停不下来……啊啊啊！」"
    },
    {
        "name": "ローズマリー",
        "message": "「团长……啊啊啊！队长……！！！ 嗯嗯！！\\n团长也是，啊啊，感觉很舒服，嗯嗯……给我……！」"
    },
    {
        "name": "ローズマリー",
        "message": "「我的……啊啊啊，我的身体里……嗯嗯嗯！\\n肉棒，好舒服……嗯嗯嗯嗯……！！」"
    },
    {
        "message": "她一边扭动着腰部，一边恳求着。阴道紧紧地包裹着阴茎，从连接处不断地溢出爱液。迷迭香的兴奋也强烈地传达给我。"
    },
    {
        "name": "ローズマリー",
        "message": "「嗯，啊啊……团长……哦？」"
    },
    {
        "message": "兴奋难以抑制，伸出双手触摸摇曳的乳房。被柔软的触感所吸引，下意识地用力握住乳房进行爱抚。"
    },
    {
        "name": "ローズマリー",
        "message": "「啊啊啊，团长……哦呜呜！\\n呣、好强烈的揉捏……！\\n哦呜呜！太舒服了……嗯嗯！\\n头脑中都被快感所淹没了……！」"
    },
    {
        "message": "更想让你完全融化，用力揉捏着丰满的乳房。\\n丰腴的胸部轻易地改变形状，触摸起来非常舒适。\\n最重要的是，迷迭香的反应满足了我的强烈欲望。"
    },
    {
        "name": "ローズマリー",
        "message": "「嗯嗯啊啊！团长，这样……你看起来好高兴……\\n啊啊啊，你露出这样的表情……我也……\\n会变得非常开心……嗯嗯嗯！」"
    },
    {
        "message": "一边揉捏着乳房，一边扭动着腰部。\\n享受着摩擦局部带来的快感，我们互相追求更高境界。"
    },
    {
        "name": "ローズマリー",
        "message": "「啊啊啊，团长……要……要达到高潮了吗？是吗？\\n啊啊，我里面又变得又大又硬了，我知道……！\\n嗯嗯……很好……就这样，享受吧……！」"
    },
    {
        "message": "我们互相扭动着腰部，迷迭香发出娇喘声。\\n极限即将到来。\\n而显然，她也是同样的感受。"
    },
    {
        "name": "ローズマリー",
        "message": "「啊呀呀呀，啊啊啊！快……！快要了，团长！啊啊……！！一起！\\n啊呀呀呀，一起，一起……！！！」"
    },
    {
        "message": "迷迭香用急切的声音恳求着。手用力爱抚着乳房，并用指尖刺激乳头。"
    },
    {
        "message": "仿佛是对此发出的信号，迷迭香发出了娇喘声，\\n阴道收缩得更加紧实。"
    },
    {
        "name": "ローズマリー",
        "message": "「啊啊，啊啊啊！！\\n团长……！ 啊啊，要高潮了！ 哦哦哦哦……！！！！」"
    },
    {
        "name": "ローズマリー",
        "message": "「嗯嗯嗯……！！！啊啊啊！\\n呼……呼……好厉害……在我里面，好多……！\\n啊啊啊！溢出来了……嗯嗯嗯……！！」"
    },
    {
        "message": "就在我达到极限的瞬间，迷迭香的臀部下沉。\\n大量的精液喷射到阴道的最深处。"
    },
    {
        "message": "在快感中，迷迭香扭动着身体，发出喘息声。\\n身体颤抖的感觉通过手掌传达到了乳房。"
    },
    {
        "name": "ローズマリー",
        "message": "「在我的最深处……团长的温暖的东西……嗯嗯！\\n好厉害……啊啊，还在流出来……\\n就这样……呼呼，全部都……流出来吧……」"
    },
    {
        "name": "ローズマリー",
        "message": "「全部全部，因为想要……团长的……全部\\n啊啊啊……呼呼，呼呼，呼呼……」"
    },
    {
        "message": "为了榨取剩下的精华，阴道紧紧地夹住阴茎。\\n在这种愉悦的感觉下，不由得流露出了叹息。\\n看到这样的情景，迷迭香妖艳地微笑着。"
    },
    {
        "name": "ローズマリー",
        "message": "「呵呵呵，团长的肉棒，颤抖着……感觉很舒服吧？\\n我也很舒服，非常舒服\\n能够感受到团长的温暖真是太棒了」"
    },
    {
        "message": "看到迷迭香露出安心的表情。\\n看到这一幕，我也微笑着回应了她。"
    },
    {
        "name": "ローズマリー",
        "message": "「呼哇～……哈哈……唔唔……\\n安心下来之后，困意袭来了吗？」"
    },
    {
        "message": "就像平常的她一样，可爱的哈欠蹦了出来。"
    },
    {
        "name": "ローズマリー",
        "message": "「嗯……这样一来，终于可以睡着了。\\n谢谢你，团长……不过……呵呵，呵呵呵呵。」"
    },
    {
        "message": "说完感谢的迷迭香陷入了沉思，然后开始笑了起来。\\n询问她究竟觉得什么好笑。"
    },
    {
        "name": "ローズマリー",
        "message": "「不，抱歉，没什么\\n只是……对于自己的事情毫不在意的我……\\n竟然会有这样的感情，我只是这样想而已」"
    },
    {
        "message": "迷迭香把脸凑近过来。\\n我们互相凝视着对方的眼睛。\\n在即将接吻的距离上，她低声说道。"
    },
    {
        "name": "ローズマリー",
        "message": "「看来我对团长的这份情感，是无法漠不关心的吧\\n呵呵呵，这大概是个好变化吧？」"
    },
    {
        "name": "ローズマリー",
        "message": "「谢谢你，团长，我爱你」"
    }
]