[
    {
        "name": "サルビア",
        "message": "「好、好了！那、那么，我要插进去了……」"
    },
    {
        "message": "微微感到紧张，她用认真的眼神看着我。"
    },
    {
        "message": "稍微做了几次深呼吸，抓住阴茎，然后把它的顶端压向自己的秘处，慢慢地坐了下去。"
    },
    {
        "name": "サルビア",
        "message": "「嗯咿！？啊、啊咕……疼、疼……！」"
    },
    {
        "name": "サルビア",
        "message": "「我的里面，要把团长的肉棒挤出去……嗯、咕！我可不会输～！」"
    },
    {
        "message": "龟头刚刚埋没在紧闭的秘处里，一串红的脸扭曲了。"
    },
    {
        "message": "因疼痛皱起眉头，她似乎要抬起臀部，但是她咬紧牙关，再次坐了下去，仿佛在鼓励自己。"
    },
    {
        "name": "サルビア",
        "message": "「啊、啊叩！团长的肉棒……要撬开我的里面……啊、啊……！」"
    },
    {
        "name": "サルビア",
        "message": "「不、不疼、不疼～！嗯嗯嗯嗯呜～！！」"
    },
    {
        "message": "全身颤抖着，一下子坐了下去。"
    },
    {
        "message": "阴茎的尖端强行刺破处女膜，\\n完全埋没在阴道内。"
    },
    {
        "name": "サルビア",
        "message": "「啊、哈……进去了……\\n嗯、哈……团长……进去了……」"
    },
    {
        "name": "サルビア",
        "message": "「我的里面，被团长的肉棒填满了……嘿嘿」"
    },
    {
        "message": "得意洋洋地微笑着，\\n抚摸着坚挺的阴茎完全埋没在腹部的样子。"
    },
    {
        "name": "サルビア",
        "message": "「哈哈，团长的肉棒，颤抖着呢……\\n咕、呼……我的里面，这么舒服吗……？\\n哈、哈……」"
    },
    {
        "message": "扭动上半身，开心地眯起眼睛，凑近看着我的脸。"
    },
    {
        "message": "阴道不断地颤动着，\\n紧紧地包裹住阴茎，让我不由自主地颤抖起来。"
    },
    {
        "name": "サルビア",
        "message": "「嗯、啊！\\n嘿、嘿嘿……又颤动了一下……\\n呼、呼……」"
    },
    {
        "name": "サルビア",
        "message": "「等、等一下……？\\n现在、我会让你更舒服的……嗯、哈」"
    },
    {
        "message": "轻快地眨眼，慢慢抬起腰。"
    },
    {
        "name": "サルビア",
        "message": "「啊……啊啊……从我的里面……\\n团长的肉棒，从里面抽出来了……咕、嗯！」"
    },
    {
        "message": "从张开的阴道中，\\n抽出阴茎的淫靡光景，看着那一幕，她的眼神变得炽热。"
    },
    {
        "message": "粘液从连接处滴落下来，\\n沿着肉棒表面流淌。"
    },
    {
        "name": "サルビア",
        "message": "「啊、哈啊……再抬起腰的话……\\n从我的里面就会掉出来了……」"
    },
    {
        "name": "サルビア",
        "message": "「不、不可以这样……\\n团长的肉棒必须一直留在我的里面才行……！\\n嗯、嗯呜……！」"
    },
    {
        "message": "嘴唇紧闭，小屁屁颤抖着再次坐了下去。"
    },
    {
        "message": "炽热开始融化的阴道壁被阴茎揉搓的感觉，\\n让她微微挺起身体，小幅度地扭动着。"
    },
    {
        "name": "サルビア",
        "message": "「啊、哈啊！\\n嗯、嗯哈啊、啊、啊、啊啊……！」"
    },
    {
        "message": "然后沉重的臀部一下子坐了下去，\\n立刻开始淫荡地扭动腰部。"
    },
    {
        "message": "看着阴道吞吐着阴茎的景象，\\n让我兴奋得胸口发痛。"
    },
    {
        "name": "サルビア",
        "message": "「嗯、啊、啊哈啊！腰停不下来……！\\n团长的肉棒太舒服了……咝、咝哈啊！」"
    },
    {
        "name": "サルビア",
        "message": "「这、这是第一次做爱……嗯、嗯哈啊、哈啊！\\n为什么这么有感觉……咿、啊、啊啊！？」"
    },
    {
        "name": "サルビア",
        "message": "「这、这里不行……！？\\n肉棒的凸起在小穴的腹侧磨擦着……\\n身体麻痹了……啊、啊哈啊！\\n力气都使不出来了……！」"
    },
    {
        "message": "像倒下般弯曲身体，背部颤抖不已。"
    },
    {
        "message": "即便如此，一串红，\\n将肉棒顶在自己说过不能碰的地方，\\n只是不停地扭动着腰部。"
    },
    {
        "name": "サルビア",
        "message": "「啊、啊、啊、\\n肉棒，比刚才更加炽热了……\\n嗯、嗯啊、啊哈！」"
    },
    {
        "name": "サルビア",
        "message": "「不、不要……这样弄得太热了，\\n真的使不出力气了……嗯、嗯嗯、嗯嗯啊……！」"
    },
    {
        "message": "在那一瞬间，臀部高高地抬起，断断续续地颤动。"
    },
    {
        "message": "身体僵硬，狠狠地咬紧后牙。"
    },
    {
        "name": "サルビア",
        "message": "「啊……哈啊……哈啊……嗯、嗯啊啊……」"
    },
    {
        "message": "然后大口喘着热气，迷离的眼神游离不定。腰部仍在不停地运动，\\n但与刚才相比显得小了些，令人焦躁。"
    },
    {
        "message": "无法忍受那微弱的刺激，下意识地抬起了臀部。"
    },
    {
        "name": "サルビア",
        "message": "「啊呀呀！对不起！」"
    },
    {
        "message": "用阴茎顶击着阴道深处，\\n上身势如腾空而起。"
    },
    {
        "name": "サルビア",
        "message": "「是我一个人感到舒服真是对不起吗……？\\n哈、哈……现在……我会好好动的……等我一下……」"
    },
    {
        "message": "她一脸歉意地垂下眉毛，温柔地抚摸着我的腰。"
    },
    {
        "name": "サルビア",
        "message": "「嗯……这、这次……啊，啊……\\n一直保持着激烈的动作……啊，啊呜！」"
    },
    {
        "message": "说着，握紧颤抖的拳头，紧闭双眼。"
    },
    {
        "message": "再次猛地提起臀部，用力摇摆着。"
    },
    {
        "name": "サルビア",
        "message": "「啊，啊……！？\\n那、那个小穴的感觉好舒服……好刺激……\\n呼啊，哈啊呜！」"
    },
    {
        "name": "サルビア",
        "message": "「我、我才不会输呢……！\\n啊，啊呜，嗯啊啊！不、不会被快感打败……！」"
    },
    {
        "name": "サルビア",
        "message": "「要让团长大人感到舒服才行！\\n嗯，嗯嗯，嗯嗯呜～！」"
    },
    {
        "message": "虽然多次陷入崩溃的边缘，却紧咬着后牙忍耐着。"
    },
    {
        "message": "阴道仿佛回应着一串红的情感，忙碌地蠕动着，\\n猛烈地揉搓着整根阴茎。"
    },
    {
        "message": "为了让他感到舒服，\\n一串红拼命地摇动着屁股，让我的心情变得异常激动。"
    },
    {
        "name": "サルビア",
        "message": "「啊呀！？\\n鸡巴的尖端膨胀得噗噗地变大了……！？」"
    },
    {
        "message": "被不断擦动着的敏感部位，\\n让极限感迅速逼近。"
    },
    {
        "message": "为了做好射精的准备，\\n感受到阴茎膨胀的触感，\\n一串红睁大了眼睛，扭动着身体。"
    },
    {
        "name": "サルビア",
        "message": "「团长大人？是、是要射精吗……？\\n感觉舒服吗……？啊、啊……！」"
    },
    {
        "name": "サルビア",
        "message": "「我、我很高兴！嗯，啊，啊呀！\\n要射了！就这样射吧！\\n我的小穴也要更舒服一点呀～！」"
    },
    {
        "message": "瞬间，阴道紧缩到仿佛要将阴茎撕碎一般。"
    },
    {
        "message": "被滑腻的肠壁包裹着整个龟头，\\n终于达到了极限。"
    },
    {
        "name": "サルビア",
        "message": "「啊啊啊啊啊！？在射精吗！？\\n热热的精液在我的小穴里射出来了……！！」"
    },
    {
        "name": "サルビア",
        "message": "「我、我从没感受过这么炽热的！啊啊，啊啊啊！\n小穴……要融化了～……！！」"
    },
    {
        "message": "接纳大量精液，背脊仰得几乎到了极限。"
    },
    {
        "message": "幸福地放松着脸颊，屁股抽搐着。"
    },
    {
        "name": "サルビア",
        "message": "「啊……啊……啊………………啊！？」"
    },
    {
        "message": "仿佛察觉到了什么，原本沉浸在快感中的表情变得惊愕。"
    },
    {
        "name": "サルビア",
        "message": "「我、我被射精到小穴里……也许……也许会……怀上……」"
    },
    {
        "message": "看着慌张转身的一串红，轻柔地抚摸着她的屁股。"
    },
    {
        "name": "サルビア",
        "message": "「嗯，嗯嗯……你是说不用在意吗……？就算怀上了……你会负责的吧……？」"
    },
    {
        "message": "微微点头后，一串红露出了放松的笑容。"
    },
    {
        "name": "サルビア",
        "message": "「嗯，好高兴……是吗……是吗……\n嘿嘿，也许我，可能会有自己的家庭呢……」"
    },
    {
        "message": "一串红高兴地喃喃自语着，\n然后轻轻地靠在我的胸前。"
    }
]