[
    {
        "message": "窗外的星空让我羡慕不已，我一边工作着，一边想着这些，\\n这时，麝香蔷薇来访了。"
    },
    {
        "name": "ジャコウバラ",
        "message": "「哎呀～？来打扰你了～？」"
    },
    {
        "message": "并不会呢，我马上摇了摇头。\\n相反地，我是渴望有人可以聊聊天。"
    },
    {
        "name": "ジャコウバラ",
        "message": "「我不知道自己能不能成为你的谈话对象～」"
    },
    {
        "message": "是洗完澡了吗？靠近我的麝香蔷薇散发出甜美的香气。"
    },
    {
        "name": "ジャコウバラ",
        "message": "「如果团长你不介意的话，\\n我想要更进一步的关系呢～」"
    },
    {
        "name": "ジャコウバラ",
        "message": "「虽然好几次说过喜欢你，\\n但团长你果然和其他男孩子不一样呢～\\n尤其是在好意外地让人感到惊喜的地方～」"
    },
    {
        "message": "自称为爱情多姿多彩的麝香蔷薇向我告白。\\n当我确认是否可以时，她坚定地回答说已经下定决心了。"
    },
    {
        "name": "ジャコウバラ",
        "message": "「再确认下就不行了哦～？\\n女孩子也需要鼓起勇气的嘛～」"
    },
    {
        "message": "麝香蔷薇主动地贴上了嘴唇。\\n她所说的迈向更进一步关系的道路上，并不存在障碍。"
    },
    {
        "name": "ジャコウバラ",
        "message": "「嘻嘻……要到紧要关头时，会感到紧张的哦♪\\n但是，毫不在意地来吧\\n请接受我……爱情多姿多彩女性的初次」"
    },
    {
        "message": "她对我露出温柔的微笑，将枪尖对准了阴唇。\\n在爱抚湿润的内部，将整支枪全部推入。"
    },
    {
        "name": "ジャコウバラ",
        "message": "「嗯啊啊！啊！呜呜呜……！\\n这、是……男孩子的……嗯嗯嗯嗯！！」"
    },
    {
        "message": "丰满的乳房和产后型的腰身。\\n有时甚至会被老练的女性误解为经验丰富，但她的反应毫无疑问是处女之物。"
    },
    {
        "name": "ジャコウバラ",
        "message": "「请把它插进去……\\n确实、会插进去吧……？\\n因为不想拒绝喜欢的人……」"
    },
    {
        "message": "与外表相反，她那处女般的身体引诱着我的阳具。\\n还来不及说放心吧，龟头已经触及了子宫口。"
    },
    {
        "name": "ジャコウバラ",
        "message": "「哈，嗯呼……顺利地进去了真是太好了～♪」"
    },
    {
        "name": "ジャコウバラ",
        "message": "「看起来很顺利地进去了，\\n这样团长也能享受性爱了吧～♪」"
    },
    {
        "message": "很可能，在行为中不会发生麻烦。\\n我立刻抓住她的腰，准备开始抽送。"
    },
    {
        "name": "ジャコウバラ",
        "message": "「请不要在意我，尽情地来吧～\\n只被疼爱的性爱，会留下遗憾哦～」"
    },
    {
        "message": "初次的行为会留下遗憾，但也没必要刻意说出来。\\n只是示意动一下，开始摇动腰部。"
    },
    {
        "name": "ジャコウバラ",
        "message": "「啊……嗯、啊、……咕、呼呼……嗯嗯……」"
    },
    {
        "name": "ジャコウバラ",
        "message": "「虽然听说过……哈、啊啊……\\n体重，原来会有这种感觉……嘿、嗯嗯」"
    },
    {
        "message": "并没有用力到那种程度。\\n只是体重的差异所带来的压迫感罢了。"
    },
    {
        "name": "ジャコウバラ",
        "message": "「啊、嗯嗯……咕、哈……感觉有点奇怪……\\n是因为受到了不习惯的感觉吗……」"
    },
    {
        "name": "ジャコウバラ",
        "message": "「对不起……说了这样的话会让你在意吧……\\n我没事的，随便晃动吧……！」"
    },
    {
        "message": "尽管如此，身体上还是表现出了紧张。\\n不能不加以关怀。"
    },
    {
        "message": "一边轻柔地摇动着腰部，一边伸手触摸丰满迷人的乳房。\\n给她带来刺激的同时，也好好享受着这份触感。"
    },
    {
        "name": "ジャコウバラ",
        "message": "「啊、嗯嗯……胸部，嗯嗯……啊、嗯嗯……！\\n团长大人，果然很喜欢呢……咕、呼呼、啊、嗯嗯！」"
    },
    {
        "name": "ジャコウバラ",
        "message": "「总是感觉到你的目光……哈、嗯嗯、嗯、嘿……呃、呼呼……\\n难道你一直想揉吗……咕、呼呼！」"
    },
    {
        "message": "有这样出色的乳房，\\n听到这样暧昧的话，\\n怎么可能不被目光所吸引。"
    },
    {
        "message": "但是，回答了这样的话，她却感到奇怪。"
    },
    {
        "name": "ジャコウバラ",
        "message": "「我说过那样的话吗～？\\n虽然有点卖弄的意思……」"
    },
    {
        "message": "她并没有意识到自己的行为。\\n但男人却会因为买来的衣服只紧在胸部这种程度而产生各种奇怪的幻想。"
    },
    {
        "name": "ジャコウバラ",
        "message": "「是的……是这样吗……哈、嗯、啊、啊啊啊！\\n明明只是尺寸不合而已……」"
    },
    {
        "name": "ジャコウバラ",
        "message": "「哈啊、嗯、啊、啊、啊啊啊……咕、嗯嗯嗯！\\n感觉好像变了……唔、嗯、啊、啊啊啊！」"
    },
    {
        "message": "身体开始接受刺激了。\\n阴道的状态也好转了很多，\\n飘荡的气味也变得让人联想到性行为。"
    },
    {
        "name": "ジャコウバラ",
        "message": "「哈啊、咕噜……可以更加乱一点哦……\\n团长想做的事情，我也想要……啊啊、嗯！」"
    },
    {
        "message": "还是太早激烈起来。\\n一边探索深处，\\n一边用手指刺激乳头。"
    },
    {
        "name": "ジャコウバラ",
        "message": "「啊啊啊……！　嗯、啊、啊啊啊啊！\\n那个……刚才的……咕、嗯嗯、啊、啊啊啊啊！」"
    },
    {
        "message": "开始挣扎着闭起双腿。为了再加一把劲，用指尖捏住乳头。"
    },
    {
        "name": "ジャコウバラ",
        "message": "「嗯咿咿咿……不要、乳头疼痛……！！」"
    },
    {
        "message": "压迫骨盆，让刺激传达到阴蒂。"
    },
    {
        "name": "ジャコウバラ",
        "message": "「不要、啊啊……嗯嗯、啊啊……里面、好痒痒～\\n啊、嗯嗯、啊、呼、啊啊啊……！」"
    },
    {
        "message": "身体似乎已经开始接受刺激了。\\n无论做什么都会得到愉悦的回应。"
    },
    {
        "name": "ジャコウバラ",
        "message": "「呼、嗯嗯……啊、咕噜噜……嗯啊啊、啊、啊啊啊！\\n团长，再……哈、咕、嗯嗯、啊呼、嘿啊！」"
    },
    {
        "name": "ジャコウバラ",
        "message": "「我，想要更多～♪\\n更多更多，请让我见识未知的世界～♪」"
    },
    {
        "message": "从这边来说，\\n比起被激烈地戳击而乱了阵脚的样子，更想看到你挣扎的样子。\\n现在稍微，缓慢地刺激深处，甜蜜地责难着乳头。"
    },
    {
        "name": "ジャコウバラ",
        "message": "「哈、咕噜……啊、嗯嗯……虽然身体已经没问题了……」"
    },
    {
        "message": "麝香蔷薇叠加了她的手。"
    },
    {
        "name": "ジャコウバラ",
        "message": "「如果不激烈一点我会不高兴……我的身体，已经迫不及待了\\n请给我更多，团长大人……♪」"
    },
    {
        "message": "无法抵挡这诱惑。\\n坚挺变得更加坚硬，阴囊紧紧地收缩。"
    },
    {
        "message": "将麝香蔷薇压在身下，持续不断地用力抽送。"
    },
    {
        "name": "ジャコウバラ",
        "message": "「啊啊！　嗯啊！　嘿啊啊！　嗯……啊、啊啊啊！\\n这个……咕噜噜……嗯、啊啊啊！」"
    },
    {
        "name": "ジャコウバラ",
        "message": "「啊、啊……好、好的～♪ 就这样来回动～♪」"
    },
    {
        "message": "感受到射精的气息，我执着地爱抚着麝香蔷薇。\\n我们互相沁出汗水，浸湿了床单，在深处贪婪地追求。"
    },
    {
        "name": "ジャコウバラ",
        "message": "「哈啊、嗯嗯……啊、啊啊啊！　来了……！\\n啊、嗯嗯……我，要高潮了……咕、嗯、嗯嗯！」"
    },
    {
        "name": "ジャコウバラ",
        "message": "「第一次的性爱，好好地……咕呜呜、嗯、啊哈哈、嗯嗯！\\n好像没有留下遗憾呢……！」"
    },
    {
        "message": "享受着快感仿佛要融化一般，一直持续到最后一刻。\\n为了不留下遗憾，我不停地刺激着麝香蔷薇。"
    },
    {
        "name": "ジャコウバラ",
        "message": "「哈啊、嗯嗯……来了！　嗯、啊、啊啊啊！\\n最棒的高潮来了……哈、嗯、啊啊啊、啊啊！」"
    },
    {
        "name": "ジャコウバラ",
        "message": "「唉呀、呼呼……嗯哼、啊、啊啊啊！\\n不行，不行……嗯、啊啊、啊啊、咕、嗯嗯、唉呀，呜呜呜！」"
    },
    {
        "name": "ジャコウバラ",
        "message": "「啊呀、啊啊……啊啊啊啊啦！！」"
    },
    {
        "name": "ジャコウバラ",
        "message": "「哈呀、哈呀、哈呀……里面，团长大人的……咕咕！\\n被射满了～♪」"
    },
    {
        "message": "阴道肌肉缠绕着阴茎，精液被挤取出来。\\n力量消失，身体随着麝香蔷薇一起颤抖。"
    },
    {
        "name": "ジャコウバラ",
        "message": "「嗯嗯，啊啊……贴得这么近也没关系哦～\\n我觉得没必要勉强忍耐的～」"
    },
    {
        "message": "就在麝香蔷薇说出这话的瞬间，\\n已经到达极限，身体无法支撑。"
    },
    {
        "message": "与丰满的女体紧密相连，\\n感受着气味和体温的舒适，\\n尽情享受射精的快感。"
    },
    {
        "name": "ジャコウバラ",
        "message": "「哈啊、嗯嗯……喜欢的人这么近……♪」"
    },
    {
        "message": "轻轻地，用微弱的力量拥抱着。"
    },
    {
        "name": "ジャコウバラ",
        "message": "「喜欢上团长真是太好了～♪\\n刚才还很帅气，现在变得这么可爱了……」"
    },
    {
        "name": "ジャコウバラ",
        "message": "「越来越喜欢你了呢～♪」"
    },
    {
        "message": "听着她愉悦的声音，沉浸在余韵中。\\n本来是想让她满意的，结果自己也被满足了起来。"
    }
]