[
    {
        "name": "ブラックバッカラ",
        "message": "「喂喂，最强的兔女郎姐姐来啦～」"
    },
    {
        "message": "在工作中，黑蔷薇像是在取笑一样说道。\\n就像之前那样穿着兔女郎装扮挑衅般地摆出姿势。\\n虽然感到懊恼，但那身姿却是刺激的，最重要的是非常迷人。"
    },
    {
        "message": "多亏了她，我从刚才开始就完全无法集中在工作上。\\n大概是因为被取笑而脸红了吧。"
    },
    {
        "name": "ブラックバッカラ",
        "message": "「啊哈哈哈，你的反应真可爱，让我忍不住多来几次呢\\n看着你那张脸，真的一点也不会厌倦呢」"
    },
    {
        "message": "这样做会不会影响黑蔷薇的工作呢？"
    },
    {
        "name": "ブラックバッカラ",
        "message": "「我不需要你担心……工作只是一瞬间而已，一瞬间」"
    },
    {
        "message": "她这么说着，露出了无畏的笑容。\\n单看现在的情况简直难以置信，但她无疑非常出色。\\n她肯定已经轻松地完成了自己该做的事情。"
    },
    {
        "name": "ブラックバッカラ",
        "message": "「所以我是来取笑你的啦\\n看啊～，有漂亮的双腿对吧～？ 看看嘛？ 可以摸吗？ 嗯～？」"
    },
    {
        "message": "被这样取笑，终于忍耐到了极限。\\n这样下去根本无法专心工作。\\n站起身来，用双手抓住了黑蔷薇的肩膀。"
    },
    {
        "name": "ブラックバッカラ",
        "message": "「呀、呀，太过分了……！？\\n那个，那个，那个……开、开玩笑的……现在再说这种话已经太晚了吧？\\n啊，啊哈哈哈哈……怎、怎么办？」"
    },
    {
        "name": "ブラックバッカラ",
        "message": "「啊，等、等一下……这样，突然……！\\n啊啊，嗯嗯嗯……！！？？」"
    },
    {
        "message": "将黑蔷薇按倒在床上。\\n刚才还不断挑逗的阴茎已经坚挺地竖立起来。\\n将它的顶端压向她的花心，一下子插了进去。"
    },
    {
        "name": "ブラックバッカラ",
        "message": "「嗯嗯啊，啊啊……进、啊啊、进来了……嗯嗯！\\n好厉害，我的里面一下子被你的撑得好大……嗯嗯……！」"
    },
    {
        "message": "突如其来的插入刺激让黑蔷薇的身体颤抖不已。\\n阴道壁紧紧地夹住着阴茎，疼痛难忍。"
    },
    {
        "name": "ブラックバッカラ",
        "message": "「嗯，哈哈，哈哈，竟然被你按倒在这里\\n哈哈，嗯……我可没想到呢……」"
    },
    {
        "message": "自己也没想到会对她采取这样的行动。\\n但是，现在已经无法回头了。\\n更确切地说，已经无法停下这股冲动。"
    },
    {
        "name": "ブラックバッカラ",
        "message": "「嗯嗯！？ 等、等一下……啊！\\n那、那样，别、别这么突然动……！」"
    },
    {
        "message": "顺势将阴茎抽出来，再用力向前推入。\\n为了确认阴道内的感觉，有力地进行着插拔。"
    },
    {
        "name": "ブラックバッカラ",
        "message": "「啊啊啊！！ 嗯嗯！！ 啊啊啊！！\\n这么、用力……啊啊啊！！ 别、别这么用力晃动！ 啊啊！！\\n突、突然……啊啊！！ 不行啦！！」"
    },
    {
        "message": "阴茎的顶端湿漉漉地碰到阴道深处。\\n强烈的快感让黑蔷薇眯起眼睛，摇了摇头。\\n即便如此，腰部的动作并没有停下。"
    },
    {
        "name": "ブラックバッカラ",
        "message": "「啊啊！！ 嗯嗯嗯……！！\\n深处……啊啊！！ 碰到深处了……啊啊！！」"
    },
    {
        "message": "因强烈的快感，阴道内收缩着夹住阴茎。\\n连接部分已经变得湿漉漉的。\\n这种感觉被传达给黑蔷薇。"
    },
    {
        "message": "就像刚才黑蔷薇对待我的那样，\\n带着一丝恶作剧的口吻传达出来。"
    },
    {
        "name": "ブラックバッカラ",
        "message": "「别、别说谎……！ 刚、刚才才插进来的！\\n怎么会这么湿……是、是你弄得湿的吧！」"
    },
    {
        "message": "黑蔷薇害羞地抗议着。\\n她慌乱的样子有些奇妙地可爱，勾起了我的虐心。\\n更重要的是，平时的角色颠倒让我异常兴奋。"
    },
    {
        "name": "ブラックバッカラ",
        "message": "「呜呜呜……你、你笑什么！\\n你现在在逗我……嗯、嘿唷！！？？」"
    },
    {
        "message": "我用动作打断了她带着泪水的抗议。\\n她不同寻常可爱的喘息声让行为不断升级。"
    },
    {
        "name": "ブラックバッカラ",
        "message": "「啊啊，嗯嗯，啊啊！！ 嗯嗯，嗯嗯……！！\\n喂、喂，啊啊，嗯嗯，人家在说话呢……嗯啊啊！！」"
    },
    {
        "message": "这次伸出双臂揉捏起刚才一直摇晃的乳房。\\n毫不客气地抓住，仿佛在向她炫耀一般揉搓。"
    },
    {
        "name": "ブラックバッカラ",
        "message": "「嗯嗯，哈啊，哈啊……嗯嗯！！？ 嗯嗯！！\\n别、别……用力揉搓……啊啊……！」"
    },
    {
        "name": "ブラックバッカラ",
        "message": "「你以为人家的胸是什么东西……嗯嗯！！\\n没说可以摸的……没说过吧……嗯嗯！！」"
    },
    {
        "message": "然而，在揉捏乳房的过程中，乳头变得硬梆梆地竖了起来。\\n这是在感受吧，我问道。"
    },
    {
        "name": "ブラックバッカラ",
        "message": "「那、那个……没、没有那回事……嗯嗯！！？\\n喂、喂，所以说，自己的头部……啊啊！！」"
    },
    {
        "message": "用食指和拇指夹住乳头进行刺激。\\n黑蔷薇发出撩人的呻吟声，身体可爱地抽搐着。\\n这种反应真是让人难以自持。"
    },
    {
        "message": "不由得，本来在动的腰部动作变得更加迅速。\\n一边用力撞击着，一边凝视着黑蔷薇感受到快感的表情。"
    },
    {
        "name": "ブラックバッカラ",
        "message": "「啊啊，嗯嗯，笨蛋，别看那个……！\\n嗯嗯，嗯嗯……！」"
    },
    {
        "message": "她害羞地掩住脸，咬着嘴唇，努力抑制着喘息。\\n请求她展现更多的快感表情。"
    },
    {
        "name": "ブラックバッカラ",
        "message": "「不、不行……而且，嗯、我并没有感觉！」"
    },
    {
        "message": "虽然觉得这话说得太过了，但还是决定不说出口。\\n取而代之，慢慢地动起了腰。\\n她停止掩饰脸庞，转而看向这边。"
    },
    {
        "message": "如果没有感觉的话，那就慢慢地动起腰来射吧，我温柔地微笑着说道。\\n仿佛在温柔地关照她的身体一般。\\n听到这番话后，她的表情反而像是吞下了苦虫一般。"
    },
    {
        "name": "ブラックバッカラ",
        "message": "「咕……你……！！ 这里、这种……！\\n呜呜呜呜呜……！！！」"
    },
    {
        "message": "黑蔷薇露出一副愤恨与羞耻交加的表情盯着这边。\\n仿佛明白了黑蔷薇取笑我的理由一般。"
    },
    {
        "name": "ブラックバッカラ",
        "message": "「……别……停下来……」"
    },
    {
        "message": "终于，黑蔷薇缓缓开口说道。"
    },
    {
        "name": "ブラックバッカラ",
        "message": "「尽情地……对我来劲吧！\\n用力到让我的腰都要散架！ 尽情地用肉棒进出并射吧！！」"
    },
    {
        "message": "哀求着，将缓慢的腰部动作一下子变得激烈起来。\\n下半身用力摆动着腰部。"
    },
    {
        "name": "ブラックバッカラ",
        "message": "「啊啊啊！！ 嗯嗯！！ 啊啊啊！！\\n好棒！ 啊啊！！ 你的鸡巴，啊啊！！ 太舒服了！！」"
    },
    {
        "name": "ブラックバッカラ",
        "message": "「啊啊啊！！ 嗯嗯！！ 比平时，啊啊！！\\n好棒！ 鸡巴，啊啊，好有男人味！！\\n啊啊，太厉害了，这个！ 太舒服了！！！」"
    },
    {
        "message": "床榻剧烈地摇晃着，仿佛要崩溃一般。\\n面对前所未有的强烈动作，黑蔷薇发出了迷醉的喘息声。"
    },
    {
        "name": "ブラックバッカラ",
        "message": "「嗯嗯，太厉害了，啊啊……被这样子……啊啊！！\\n我，啊啊，我完全沉迷其中……！ 嗯嗯，啊啊！」"
    },
    {
        "message": "心怀着期待她能陶醉其中，全神贯注地摆动着腰部。\\n渐渐地接近极限。\\n然而，她似乎也是一样。"
    },
    {
        "name": "ブラックバッカラ",
        "message": "「嗯嗯，啊啊！！ 要高潮了！ 我要高潮了！！\\n被你的鸡巴，啊啊，弄得我要高潮了！！」"
    },
    {
        "name": "ブラックバッカラ",
        "message": "「射出来…… 啊啊，精液，在最深处，尽情地射进来！！\\n啊啊，嗯嗯，来了！ 来了来了！！！」"
    },
    {
        "name": "ブラックバッカラ",
        "message": "「要高潮了，啊啊……要高潮要高潮要高潮！！\\n嗯嗯，啊啊，哇哦哦哦哦……！！！！」"
    },
    {
        "name": "ブラックバッカラ",
        "message": "「嗯，啊啊……呼，呼，呼……！\n嗯，我，我……来了……嗯嗯，呼，呼，呼……！」"
    },
    {
        "message": "按照她的要求，射精时将龟头压在阴道深处。\n每次跳动时都能感觉到大量精液喷射而出。\n感受到中出的征服欲得到了满足。"
    },
    {
        "name": "ブラックバッカラ",
        "message": "「啊啊，嗯……呼，没想到你\n会这样……这样抱着我，哈，哈哈哈」"
    },
    {
        "message": "沉浸在高潮的余韵中，黑蔷薇低声说道。"
    },
    {
        "name": "ブラックバッカラ",
        "message": "「……嗯」"
    },
    {
        "message": "说着，黑蔷薇伸出双臂朝我这边靠拢。\n按照她的指示，我俯身被她拥入怀中。"
    },
    {
        "name": "ブラックバッカラ",
        "message": "「呼啊……哈哈，不知不觉间变成了个了不起的男人\n哈哈哈，我很高兴」"
    },
    {
        "message": "她开心地笑着，温柔地抚摸着我的头。\n本以为会生气，但她却一直保持着开心的表情。"
    }
]