[
    {
        "name": "レオノチス",
        "message": "「团长，有什么想让狮耳做的吗？」"
    },
    {
        "message": "在晚餐后的时间里，我正在整理文件，狮耳花一直在帮忙。她突然这样问道。"
    },
    {
        "name": "レオノチス",
        "message": "「啊，不是指现在帮忙整理文件之外的事情吗？因为我是圣诞老人，所以送礼物是我的工作。而且……」"
    },
    {
        "name": "レオノチス",
        "message": "「还有上次让团长您宠爱了我很多……我想要回报您……」"
    },
    {
        "message": "狮耳花脸红羞涩。虽然我想说你的心意已经足够了，但浪费别人的好意也不好。于是，我提出让狮耳花为我服务。"
    },
    {
        "name": "レオノチス",
        "message": "「服务？是指帮忙的事情吗？我现在不就在帮忙吗？还有其他的帮忙吗？」"
    },
    {
        "message": "我想让狮耳花为晚间活动——性的服务。"
    },
    {
        "name": "レオノチス",
        "message": "「啊、啊、啊啊啊！？那、那种、那种害羞的事情！我做不到！那样真的、不是淫乱的母猫！！」"
    },
    {
        "message": "我拥抱着动摇的她，轻声对她说道。我想要让你为我服务。我想看到为我服务的狮耳花。"
    },
    {
        "name": "レオノチス",
        "message": "「啊、啊啊啊啊……！这样、温柔地低语，好过分……！\\n但是，上次……被您疼爱了很多……\\n但是狮耳为您服侍什么的，实在是太害羞了……\\n但是，但是，但是呀……！」"
    },
    {
        "name": "レオノチス",
        "message": "「这边可不许看哦！？ 嗯嗯……」"
    },
    {
        "message": "之后数次低语之后，结果，\\n狮耳花开始为我服务。\\n由于不想被看到脸红的理由，\\n狮耳花背对着我。"
    },
    {
        "name": "レオノチス",
        "message": "「嗯、啊、团长的硬梆梆的全部进去了……」"
    },
    {
        "message": "狮耳花慢慢沉下腰身，\\n勃起的阴茎全部被吞没。"
    },
    {
        "name": "レオノチス",
        "message": "「狮耳还不太明白什么叫做服侍呢……\\n只要能让团长感到舒服就好吧？\\n团长感到舒服了，我会很高兴……\\n所以，我会努力为团长服务的」"
    },
    {
        "name": "レオノチス",
        "message": "「但是！绝对不要说成淫乱的母猫之类的话！\\n如果说了，就结束了哦……一定不要说哦？一定不要哦？」"
    },
    {
        "message": "重复强调奇怪地开始上下摆动腰部的狮耳花。"
    },
    {
        "name": "レオノチス",
        "message": "「嗯……哈啊……嗯……哈啊……啊嗯……」"
    },
    {
        "message": "狮耳花摇动着腰部，甜美的声音溢出。\\n虽然动作缓慢，但敏感的部位摩擦，快感波动而来。"
    },
    {
        "name": "レオノチス",
        "message": "「啊……嗯嗯……呼……\\n摩擦在舒服的地方……嗯……啊……」"
    },
    {
        "message": "为了让这边感到舒服，狮耳花拼命地摇动着腰部。\\n光是看着她如此卖力地侍奉我，就已经是极上的待遇了，更别说还能引导我到射精。"
    },
    {
        "name": "レオノチス",
        "message": "「怎么样，团长大人……嗯……呼呼……舒服吗……？\\n再、再快一点会更好吗……嗯……？」"
    },
    {
        "message": "虽然内心是希望她一直这样卖力侍奉下去，但显然这样对她来说太残忍了。\\n于是我告诉她，可以随心所欲地动。"
    },
    {
        "name": "レオノチス",
        "message": "「嗯，知道了\\n为了让团长大人感到舒服，我会稍微加快一点\\n……啊、嗯、呼、嗯、嗯……啊……」"
    },
    {
        "message": "狮耳花开始有节奏地摇动着腰部。\\n在我的眼前，她可爱的小屁股摇曳不定。尾巴也在晃动。\\n这景象实在太美妙了。"
    },
    {
        "name": "レオノチス",
        "message": "「团长大人，嗯、呼、呼……\\n只盯着屁股看什么的是不行的！」"
    },
    {
        "message": "被狮耳花责备了起来。\\n看向哪里都被发现了。适度地凝视并牢牢地刻在脑海中吧。"
    },
    {
        "name": "レオノチス",
        "message": "「这样快一点，会更多摩擦，啊，啊！嗯嗯！」"
    },
    {
        "message": "狮耳花快速而深入地扭动着腰部。\\n将龟头抬起到极限，然后一下子撞击到子宫口。"
    },
    {
        "message": "这样的抽送快速而频繁，确实带来了强烈的快感，\\n已经没有余裕悠闲地凝视狮耳花了。"
    },
    {
        "name": "レオノチス",
        "message": "「嗯，啊，嗯，团长的，硬硬的，嗯，\\n变得很有活力了，嗯！\\n哈，啊，嗯，哈哈，更多、更多、\\n嗯，团长的、硬硬的、更有活力！嗯嗯！」"
    },
    {
        "name": "レオノチス",
        "message": "「但是，这个，嗯！啊，嗯，狮耳也很舒服！\\n嗯，啊，嗯，狮耳也很舒服！\\n这个，嗯！啊，啊！」"
    },
    {
        "message": "上气不接下气的狮耳花沉迷地不断扭动着腰部。\\n感受到她扭动的腰部带来的巨大快感波动，\\n即使不动也因兴奋而逐渐变得急促起来。"
    },
    {
        "name": "レオノチス",
        "message": "「啊、嗯、不行、这个、嗯、团长、嗯！\\n这个、很舒服呢、啊！嗯嗯！不行！\\n好舒服的地方被触及了！ 嗯、啊、呼啊啊！」"
    },
    {
        "message": "狮耳花的身体剧烈颤抖着，阴道肌肉紧紧地挤压了阴茎数次。\\n大脑被快感充斥。"
    },
    {
        "name": "レオノチス",
        "message": "「哈哈、哈哈……哈哈……啊……对、对不起……\\n我……飞走了……」"
    },
    {
        "message": "绝顶的狮耳花停下了腰的动作，调整着呼吸。"
    },
    {
        "name": "レオノチス",
        "message": "「要好好侍奉您才行，可是……感觉太舒服了……」"
    },
    {
        "message": "狮耳花首次如此自发地活动，理所当然地不知道节制。她能做到这一步，我已经非常满足了。"
    },
    {
        "name": "レオノチス",
        "message": "「但是……团长大人，到最后还没感觉舒服……所以，再努力一次……！」"
    },
    {
        "message": "下定决心的狮耳花再次开始扭动腰部。远去的射精快感被再度唤回。"
    },
    {
        "name": "レオノチス",
        "message": "「嗯、哈、嗯、啊！在感觉很舒服的地方、嗯、不要、嗯、碰到、嗯！嗯、啊、哈、嗯、嗯！」"
    },
    {
        "message": "看着狮耳花努力奉献的行为，让人感动不已。但同时也让人想要恶作剧一番。"
    },
    {
        "name": "レオノチス",
        "message": "「嘻！？」"
    },
    {
        "message": "一直在眼前摇摆不定的可爱小屁股。现在不戏弄它，难道以后再戏弄吗。"
    },
    {
        "name": "レオノチス",
        "message": "「团长大人，屁股，嗯……啊啊……！」"
    },
    {
        "message": "大胆地抓住了狮耳花可爱的屁股，享受着那触感。\\n有一种紧致的弹性，皮肤触感柔软而有弹性。"
    },
    {
        "name": "レオノチス",
        "message": "「这样、捏捏、的话，嗯、狮耳、嗯、会感觉到……\\n屁股、不要摸来摸去的！」"
    },
    {
        "message": "虽然狮耳花说要再努力一次，但是她是否真的有轻易放弃的决心呢？"
    },
    {
        "name": "レオノチス",
        "message": "「但是，但是……狮耳……唔唔……」"
    },
    {
        "name": "レオノチス",
        "message": "「知道了，狮耳，我会努力的……！」"
    },
    {
        "message": "狮耳花一边被揉着屁股，一边继续扭动着腰部。\\n仿佛在扭动着深深吞噬着阴茎，旋转着。\\n刺激阴茎的方式改变了，射精的欲望涌现。"
    },
    {
        "name": "レオノチス",
        "message": "「嗯、啊……哈哈、嗯……\\n啊……嗯……团长大人，看起来很舒服的样子……\\n团长大人……这个、感觉……嗯……舒服吗？」"
    },
    {
        "name": "レオノチス",
        "message": "「你看，这个……嗯、哈哈、好舒服的样子……\\n团长大人的硬硬的东西……在跳动呢？\\n嗯、这个很舒服吧？那么，我再来一点？」"
    },
    {
        "message": "在等不及对方回答的情况下，狮耳花扭动着腰部。"
    },
    {
        "name": "レオノチス",
        "message": "「哈啊，哈啊，嗯……哈啊，看，这个……嗯……\\n更、更激烈一点，可以吗，但是……\\n团长大人，要射了？要射了吗？」"
    },
    {
        "message": "狮耳花不仅扭动着腰部，还开始加入上下的动作。\\n在那快感之下，射精的欲望达到了极限。"
    },
    {
        "name": "レオノチス",
        "message": "「啊、嗯、哈啊、哈啊、这样，狮耳也、狮耳也、\\n感觉很舒服了……\\n团长大人的硬梆梆的东西，好像在抖动呢，啊、嗯嗯！\\n嗯、哈啊、哈啊……这样子，狮耳也、有点麻麻的感觉了……！」"
    },
    {
        "name": "レオノチス",
        "message": "「狮耳、嗯、身体又、又在颤抖了，嗯！快要……！\\n哈啊、哈啊、团长大人，嗯、啊、嗯、好大的东西，来了！\\n嗯、啊、哈啊……哈啊、嗯！团长大人，狮耳又、又……！」"
    },
    {
        "name": "レオノチス",
        "message": "「啊、嗯嗯嗯！团长大人，来了！快来了！\\n狮耳，不行了，嗯，狮耳已经不行了！呜啊啊啊啊！」"
    },
    {
        "name": "レオノチス",
        "message": "「哈啊啊啊……！ 啊、嗯嗯嗯嗯……！」"
    },
    {
        "message": "狮耳花的身体绷紧，连续抽搐。\\n同时，无法忍受的精液全部射进了狮耳花的最深处。"
    },
    {
        "name": "レオノチス",
        "message": "「哈啊，哈啊……嗯……\\n啊……团长大人的热乎乎的东西流出来了……\\n狮耳成功地让团长大人感到舒服了吧……？」"
    },
    {
        "message": "从阴道中溢出的精液量一目了然。"
    },
    {
        "name": "レオノチス",
        "message": "「高兴……狮耳，成功地侍奉团长大人了……\\n太棒了」"
    },
    {
        "name": "レオノチス",
        "message": "「因为已经知道了侍奉是什么意思，\\n团长大人想要的时候随时告诉我哦？\\n狮耳会努力侍奉的！」"
    },
    {
        "message": "说着，狮耳花微笑着。"
    }
]