[
    {
        "name": "ケイトウ",
        "message": "「啊，结束了！？太好了！嗯～……哈啊～\n肩膀酸了～」"
    },
    {
        "message": "最近，因为讨伐任务很忙，报告书完全没动过，\n今天早上一直在处理这些。刚刚才在青葙的帮助下才结束的。"
    },
    {
        "name": "ケイトウ",
        "message": "「哎呀，花了好长时间呢……已经晚上了呢～\n好累呢～」"
    },
    {
        "message": "确实一直对着桌子，非常疲倦。\n超越极限的疲劳引起了身体的自然反应。"
    },
    {
        "name": "ケイトウ",
        "message": "「团长，肚子饿吗？虽然这个时候，想吃点什么吗？」"
    },
    {
        "message": "青葙笑着凑过来。她丰满的乳房被强调出来。\n那诱人的景象让因疲劳而勃起的阴茎更加坚硬。\n如果可能的话，我想吃掉青葙。一边揉捏着她的乳房一边进行性爱。"
    },
    {
        "name": "ケイトウ",
        "message": "「诶诶！？啊、嗯……好的」"
    },
    {
        "message": "内心对自己竟然把心里话说出口感到惊讶，\n同时也对青葙的回答感到惊讶。\n我目瞪口呆地盯着青葙，她的脸渐渐染上红晕。"
    },
    {
        "name": "ケイトウ",
        "message": "「那个，那个……其实我并没有深思熟虑就答应了……\n但是我一直希望有一天能和团长变成那样……」"
    },
    {
        "message": "脸红的青葙认真的表情，\n表明了她说的话并不是谎言。"
    },
    {
        "name": "ケイトウ",
        "message": "「团长，过来……就这样……啊……」"
    },
    {
        "message": "当龟头触碰到青葙的阴道时，她发出了甜美的声音。"
    },
    {
        "name": "ケイトウ",
        "message": "「嗯……啊啊！」"
    },
    {
        "message": "阴茎缓慢地进入青葙的阴道。\n她痛苦的表情和紧紧的收缩表明了她是处女。"
    },
    {
        "name": "ケイトウ",
        "message": "「开心……能和团长连在一起，我，嗯，好开心……」"
    },
    {
        "message": "撕裂处女膜的感觉通过阴茎传达过来。\n通过用力推进髋部，阴茎更深入了。"
    },
    {
        "name": "ケイトウ",
        "message": "「不用那么担心，嗯……没事的，我……\n我记性不好，你知道吧？\n疼痛也很快就会忘记的……」"
    },
    {
        "message": "彼此意识到阴茎已完全插入，互相对视。"
    },
    {
        "name": "ケイトウ",
        "message": "「这里，团长的肉棒，插进来了……和团长连在一起了」"
    },
    {
        "message": "青葙温柔地抚摸着盖着阴茎的下腹部。"
    },
    {
        "name": "ケイトウ",
        "message": "「感觉有点奇怪……这样和团长发生关系……」"
    },
    {
        "name": "ケイトウ",
        "message": "「瞧，我不是那种有魅力的吧？\n男人喜欢那种像公主一样温柔可爱的女孩子……\n所以我以为我不会成为团长的那种对象」"
    },
    {
        "message": "并非如此。\n青葙是迷人的。"
    },
    {
        "name": "ケイトウ",
        "message": "「嗯……谢谢\n所以，我一直觉得要隐藏我喜欢团长的心情\n因为觉得被不喜欢的人喜欢是很烦人的……」"
    },
    {
        "name": "ケイトウ",
        "message": "「但是，即使只是一时冲动，\n知道团长用那样的眼光看着我，我感到非常高兴……\n然后就说了「可以」的」"
    },
    {
        "message": "青葙调皮地笑了笑。"
    },
    {
        "message": "必须要好好教导青葙女性的魅力，\n也就是色气。"
    },
    {
        "name": "ケイトウ",
        "message": "「啊，胸部……」"
    },
    {
        "message": "触摸青葙的乳房，那对双丘轻轻地摇晃着。\n再次摇晃，确认它们的柔软度。"
    },
    {
        "name": "ケイトウ",
        "message": "「团长，感觉好像被玩弄一样……但是……嗯……」"
    },
    {
        "message": "说着这番话的青葙微微动了一下。\n在玩弄她的乳房时，两颗乳头开始坚挺地凸现出来。"
    },
    {
        "name": "ケイトウ",
        "message": "「嗯！乳头！啊，不要！」"
    },
    {
        "message": "触碰乳头时，青葙的身体微微颤抖，阴道紧紧地夹住了阴茎。\n然后，她用手臂遮住了乳头。"
    },
    {
        "name": "ケイトウ",
        "message": "「因为害羞……不行……」"
    },
    {
        "message": "与肌肤相互交融相比，没有什么比这更让人害羞的了。\n恰恰相反，并不是因为害羞，而是因为其他原因。"
    },
    {
        "name": "ケイトウ",
        "message": "「诶！？没有那种事！不会有那种事……啊呀！」"
    },
    {
        "message": "趁她大意之际，我的手滑入她的胳膊和乳头之间。\\n随着乳头被摩擦的感觉，她的腰大幅地跳动了一下。"
    },
    {
        "name": "ケイトウ",
        "message": "「不、不可以，明明说了不要……嗯！啊，啊！」"
    },
    {
        "message": "我用手掌轻轻地按压着乳头，像是在揉捏乳房一样。\\n她在我的爱抚下扭动着身体，发出带有热情的喘息声。"
    },
    {
        "name": "ケイトウ",
        "message": "「嗯，啊，胸部，不行……！嗯！乳头，不行！」"
    },
    {
        "message": "并不是因为害羞才不行。\\n而是因为感受到了快感，所以才想要隐藏起来。"
    },
    {
        "name": "ケイトウ",
        "message": "「啊呜，嗯，不、不是那样！因为……啊！」"
    },
    {
        "message": "身体扭动的青葙扭动着腰部，性器相互摩擦着。\\n忍受住了想要进行冲刺的冲动后，我用手指捏住了青葙的乳头。"
    },
    {
        "name": "ケイトウ",
        "message": "「啊，不行！因为那样会感觉太强烈了，不行啦啊啊啊！」"
    },
    {
        "message": "我用指尖像揉捏一样玩弄着乳头，青葙的身体痉挛了几次。\\n与此同时，阴道收缩着，伴随着快感，阴茎被紧紧地夹住了。"
    },
    {
        "name": "ケイトウ",
        "message": "「啊……哈啊，哈啊……\n团长，摸我的乳头……哈啊，光是这样，我就……嗯！」"
    },
    {
        "name": "ケイトウ",
        "message": "「光是摸乳头就让我高潮了，好羞耻啊，嗯嗯！\n团、团长！现在我刚、刚刚高潮了，嗯！\n休息一下！嗯！啊啊！」"
    },
    {
        "message": "用指尖更加用力地弹弄着青葙的乳头。\n紧握着变硬的乳头，仿佛要把它捏碎一般，\n阴道紧紧地夹住着阴茎。\n在这种冲动下，我开始动起了腰。"
    },
    {
        "name": "ケイトウ",
        "message": "「啊、啊啊！团长的、嗯、肉棒在动、嗯嗯！\n明明刚刚高潮了，这样、嗯！被擦到的话、啊啊！」"
    },
    {
        "message": "通过对乳房的爱抚，青葙的阴道已经完全湿润了。"
    },
    {
        "name": "ケイトウ",
        "message": "「诶、不会吧，哈啊，哈啊，这么、湿润了，哈啊、嗯嗯！\n不会吧、嗯嗯！哈啊、哈啊、嗯嗯！」"
    },
    {
        "name": "ケイトウ",
        "message": "「好多呢，团长的、肉棒！在摩擦着、嗯！\n啊！嗯嗯！哈啊，哈啊，停不下来了呢！」"
    },
    {
        "message": "淫秽的水声伴随着抽送不断地从阴道中流出。\n这数量只是在增加。"
    },
    {
        "name": "ケイトウ",
        "message": "「虽然是第一次，却这么、湿润……嗯嗯，不行，团长！\n明明是第一次，呜呜，我……感觉好舒服呢！」"
    },
    {
        "message": "看着她，感受着她的情绪，我也兴奋地低语着。"
    },
    {
        "name": "ケイトウ",
        "message": "「啊啊，啊！嗯！团长！嗯！\n啊啊！嗯，舒服点！团长！」"
    },
    {
        "message": "无需言说，我在无意识中猛烈地抽送着。"
    },
    {
        "name": "ケイトウ",
        "message": "「啊、嗯、哈啊、哈啊、嗯嗯！够、激烈、嗯！\n但是，好的！感觉、很好！嗯、啊！喜欢！\n感觉很舒服，喜欢呀！」"
    },
    {
        "name": "ケイトウ",
        "message": "「不可能，啊！又来了！又、又高潮了！\n不行，这样，啊、嗯嗯！这样，连续地，嗯嗯！\n我又、嗯嗯！高潮了！啊啊！」"
    },
    {
        "message": "紧握着再次达到高潮并痉挛的青葙的腰部，不断地撞击着。"
    },
    {
        "name": "ケイトウ",
        "message": "「啊！嗯！哈啊、哈啊、啊啊！嗯嗯！团长！\n嗯、啊啊！哈啊、哈啊、激烈的、哈啊嗯嗯！\n嗯嗯！」"
    },
    {
        "message": "感受到射精的冲动，加快了速度。"
    },
    {
        "name": "ケイトウ",
        "message": "「感觉真好呀！嗯，啊啊！\n感觉太好了，嗯嗯，哈啊、哈啊、好舒服呀！」"
    },
    {
        "name": "ケイトウ",
        "message": "「嗯嗯！团长，我，又来了！啊啊！嗯嗯！\n要高潮了！嗯，哈啊，哈啊，嗯嗯！要高潮了！」"
    },
    {
        "message": "享受着快感，青葙露出迷醉的表情如此告白。\n无法再忍耐射精，面对她阴道的收缩如同在榨取精液。"
    },
    {
        "name": "ケイトウ",
        "message": "「啊！太好了！嗯嗯！哈啊、啊啊！啊呀！\n团长，喜欢你、喜欢你、喜欢你！要高潮了！要高潮了！」"
    },
    {
        "name": "ケイトウ",
        "message": "「嗯嗯嗯！啊、哈啊、哈啊、哈啊……嗯！哈啊、哈啊……」"
    },
    {
        "message": "猛烈跳动的阴茎，向青葙的阴道注入炽热的精液。\n由于数量过多，无法完全容纳而溢出。"
    },
    {
        "name": "ケイトウ",
        "message": "「哈啊、哈啊……哈啊、啊……团长的美好汁液流出来了呢……\n太好了……团长也感到舒服了……」"
    },
    {
        "message": "被青葙的色香所吸引，导致如此兴奋而射出这么多。"
    },
    {
        "name": "ケイトウ",
        "message": "「诶？啊，唔……是吗……原来如此……原来如此……」"
    },
    {
        "message": "青葙害羞地微笑着，看着她这样，和她一起慢慢入眠也不错。"
    },
    {
        "name": "ケイトウ",
        "message": "「啊，对了！」"
    },
    {
        "message": "青葙拿起旁边的记事本，开始写字。"
    },
    {
        "message": "突然大声喊叫，到底发生了什么事？"
    },
    {
        "name": "ケイトウ",
        "message": "「今天的事情，我都要好好记下来！\n团长第一次给我的疼痛，还有让我感到舒服的事情……\n全部都不想忘记！」"
    },
    {
        "message": "向这边眨眨眼，兴致勃勃地继续在笔记本上写着。"
    }
]