[
    {
        "name": "デンドロビウム",
        "message": "「团长先生，刚才开始一直偷偷地看着这边，到底怎么了？」"
    },
    {
        "message": "石斛兰一边把文件放回架子上，一边说道。听到她的台词，我不禁心头一跳。因为她说的正中要害。"
    },
    {
        "name": "デンドロビウム",
        "message": "「你这样的状态，工作要是就这样下去可要到何年何月才能结束呢？」"
    },
    {
        "message": "她说得没错，我也无言以对。但是，自刚才起，我就感觉到石斛兰身上飘荡着一股甜蜜的香气，让我分心无法专注于工作。"
    },
    {
        "message": "比起文件的内容，我只关心着她。摇摇头，试图让自己不再发热，深吸一口气平复身体。"
    },
    {
        "name": "デンドロビウム",
        "message": "「你那样子，恐怕很难集中精力吧……那么，要不换个角度思考吧？」"
    },
    {
        "message": "说着，石斛兰走到我坐着的椅子旁。还没来得及问她打算干什么，她纤细的手就伸了过来。那只手触碰到的地方竟然是我的下半身。"
    },
    {
        "name": "デンドロビウム",
        "message": "「啊……呵呵，果然已经硬了呢。真是……没办法呢」"
    },
    {
        "message": "低语着的石斛兰脸颊微微泛红。"
    },
    {
        "name": "デンドロビウム",
        "message": "「啊啊……嗯嗯……呵呵，\\n那么，我就开始……啊啊，插进去了哦……啊啊！\\n团长……先生……嗯嗯……！！！」"
    },
    {
        "message": "骑在上面的石斛兰扭动着腰部，\\n慢慢地将勃起的阴茎对准自己的凹陷处，然后缓缓坐了下去。"
    },
    {
        "name": "デンドロビウム",
        "message": "「嗯嗯……啊啊，哈啊……哈啊……\\n进来了哦……团长先生……」"
    },
    {
        "name": "デンドロビウム",
        "message": "「非常硬、非常大……呵呵呵\\n在我里面可爱地颤抖着……这么舒服吗？」"
    },
    {
        "message": "偶尔看向连接处，阴茎完全埋入了凹陷中。\\n感受到给予石斛兰的愉悦触感，只能点头。\\n但是，真的可以做这样的事吗？"
    },
    {
        "name": "デンドロビウム",
        "message": "「没关系的，整理好之后工作也能更专心吧？\\n而且……嗯嗯，呵呵♪」"
    },
    {
        "message": "说着的同时，石斛兰开始缓慢地左右摆动着腰部。\\n勃起的表面被粗糙的阴道皱褶轻抚着。\\n快感让人不禁紧咬牙关。"
    },
    {
        "name": "デンドロビウム",
        "message": "「这样硬邦邦的你还能专心工作吗？\\n当然……嗯嗯，如果团长先生能够专心工作的话，\\n我就继续工作也没关系哦？」"
    },
    {
        "message": "已经做到这一步了，现在停下来也无济于事。\\n这样是无法工作的，请继续下去。"
    },
    {
        "name": "デンドロビウム",
        "message": "「呵呵，不要露出那样寂寞的表情。为了让团长能够专心工作，我会好好让你舒服的。」"
    },
    {
        "name": "デンドロビウム",
        "message": "「所以请放心……嗯，肉棒……好好享受吧。嗯……啊啊……嗯，嗯……嗯呜呜……！」"
    },
    {
        "message": "微微一笑，石斛兰改变了臀部的动作，开始上下摆动。阴茎在阴道中滑动的感觉让双方的呼吸变得急促。"
    },
    {
        "name": "デンドロビウム",
        "message": "「啊啊……那样啊啊，啊啊！太棒了……很多，啊啊，团长的肉棒，嗯啊啊……很多，擦着吧？」"
    },
    {
        "message": "石斛兰一边摆动着臀部，一边向前倾身凝视着这边的情况。刚才感觉到的甜美气味变得更加浓烈。"
    },
    {
        "name": "デンドロビウム",
        "message": "「团长先生……啊啊，呵呵，感觉舒服吗？这样就会有很多精子喷出来了吧？」"
    },
    {
        "message": "被投来炽热的目光，随着羞耻心情增加而自己的兴奋也进一步升级。虽然感到害羞想要移开目光，但石斛兰却不容许这样做。"
    },
    {
        "name": "デンドロビウム",
        "message": "「嗯，不可以，团长先生……啊啊，好好看着这里。团长先生享受的表情，请好好让我看到。」"
    },
    {
        "name": "デンドロビウム",
        "message": "「而且……嗯，被看到享受的表情会更舒服，并且这样精子也会……喷得更多吧？」"
    },
    {
        "message": "在快感中颤抖的我的脸，石斛兰温柔地凝视着。她像是依偎着我一样，用柔软的身体全身贴近着我，全心全意地侍奉着。"
    },
    {
        "message": "若是继续凝视她的眼眸，我很快就会达到极限。当我移开目光时，她丰满的胸部压在我的胸膛上，被挤压得变形了。"
    },
    {
        "message": "面对这淫荡的景象，我不由自主地咽了口唾液。内心涌起了想要触摸的欲望。"
    },
    {
        "name": "デンドロビウム",
        "message": "「这么明显的反应……呵呵，你这一点也很可爱。如果是故意为之的话，那就满分了。」"
    },
    {
        "message": "石斛兰轻轻地抬起上半身。于是，丰满挺拔的乳房摇摆着悬挂下来。我忍不住伸出手，用手掌揉捏着她的胸部。"
    },
    {
        "name": "デンドロビウム",
        "message": "「啊……嗯嗯……这样淫荡的触摸……啊啊！嗯……啊啊……！！」"
    },
    {
        "message": "用手掌轻轻向上推压。沉甸甸的乳房根本无法被单手完全包裹住。"
    },
    {
        "name": "デンドロビウム",
        "message": "「这样……沉浸其中……啊啊……哈啊……！如果你一直这样下去……我会更想要宠爱你哦？」"
    },
    {
        "message": "揉捏乳房的同时，阴道收缩着刺激着阴茎。接着我将嘴唇移向另一侧乳头，轻柔地吮吸了起来。"
    },
    {
        "name": "デンドロビウム",
        "message": "「啊……啊啊……！？ 嗯嗯……！\\n乳头……啊啊……，这样，突然……嗯嗯……！」"
    },
    {
        "name": "デンドロビウム",
        "message": "「就算这样，嗯……奶水也不会流出来的哦？\\n呵呵……但是，嗯嗯，非常，厉害呢」"
    },
    {
        "name": "デンドロビウム",
        "message": "「再吸一点也可以哦？ 嗯啊，就是这样……用力一点，啊啊！\\n就这样……嗯，用舌头也……嗯嗯……！\\n对了，嗯嗯，呼呼，哈……非常厉害呢……非常，淫荡呢」"
    },
    {
        "message": "对乳头的口唇爱抚让石斛兰的身体颤抖。下半身也像是抽搐一般，阴道比刚才更加收缩。"
    },
    {
        "name": "デンドロビウム",
        "message": "「嗯嗯，那么，我也要更加……给团长做些淫荡的事情……\\n教给你舒服的事情……嗯，啊啊！！」"
    },
    {
        "message": "在吸附在乳房上的耳边，石斛兰用迷人的声音低语着。\\n接着，腰部的动作一下子加快，变得更加激烈。"
    },
    {
        "name": "デンドロビウム",
        "message": "「啊啊……啊啊，嗯嗯……！！\\n哈哈，哈哈……怎么样？ 舒服吗？」"
    },
    {
        "message": "每当石斛兰降下腰部时，肌肤相互碰撞发出拍打声。\\n与身体颤抖的冲击相比，彼此性器摩擦带来的快感更为强烈。"
    },
    {
        "message": "因为过于快感而不自觉地从乳头上脱离。\\n从口中飞出的乳头微微泛红，在快感中显得尖挺。"
    },
    {
        "name": "デンドロビウム",
        "message": "「嗯，呵呵，这是我吸奶吸得很卖力的谢礼\\n啊啊，就这样，好好地感受吧？」"
    },
    {
        "name": "デンドロビウム",
        "message": "「啊啊，我的，小穴里……鸡巴，好舒服……！\\n嗯啊，啊啊……团长，先生……！」"
    },
    {
        "message": "随着上涨的快感，不由自主地开始扭动腰部。\\n明白阴茎顶端触及阴道深处。\\n就在那一瞬间，石斛兰弓起身体发出娇喘。"
    },
    {
        "name": "デンドロビウム",
        "message": "「啊啊啊……！ 嗯嗯，啊啊啊！\\n那个，太棒了，我也好舒服……！ 团长先生……！」"
    },
    {
        "name": "デンドロビウム",
        "message": "「啊，我要高潮了……！ 团长先生，请射进来……！\\n在我里面……全部的精子……啊啊，啊啊！！」"
    },
    {
        "message": "石斛兰的身体颤抖着。\\n继续扭动着腰部，迎接着极限的时刻。"
    },
    {
        "name": "デンドロビウム",
        "message": "「啊，高潮了……高潮了……！！！\\n呼呼，啊啊……嗯啊啊啊啊！！！！！」"
    },
    {
        "name": "デンドロビウム",
        "message": "「啊啊……哈哈，哈哈……嗯嗯，太棒了……！\\n子宫里注满了很多东西呢……嗯嗯」"
    },
    {
        "message": "互相的耻骨紧紧贴在一起达到高潮。\\n阴道不断收缩刺激着阴茎。"
    },
    {
        "name": "デンドロビウム",
        "message": "「团长先生的肉棒……已经牢牢地到达了我的深处\\n呵呵……非常舒服，我可是很喜欢这根肉棒哦？」"
    },
    {
        "name": "デンドロビウム",
        "message": "「而且，团长先生的性爱技巧也非常娴熟，\\n让我也陷入了沉迷」"
    },
    {
        "message": "石斛兰靠近我。\\n我们彼此相拥，享受着她柔软的身体，调整着呼吸。"
    },
    {
        "name": "デンドロビウム",
        "message": "「呵呵，肉棒变得柔软了呢……现在可以回去工作了」"
    },
    {
        "message": "听到石斛兰说的那番话，我回想起了现在其实是在工作中。"
    },
    {
        "name": "デンドロビウム",
        "message": "「如果肉棒再次变硬，请告诉我哦？\\n直到变得柔软，我都会帮你挤压的，呵呵♪」"
    },
    {
        "message": "听着她的低语，我闭上眼睛思索着能否继续专心工作。\\n石斛兰身上散发出的甜美气息中，渐渐掺杂着淫荡的气息。"
    }
]