[
    {
        "message": "后悔了。\\n那个夜晚，我无法推测出亚马逊百合的心情，\\n让她感到挑衅，我后悔了。"
    },
    {
        "name": "エウカリス",
        "message": "「啊……团长」"
    },
    {
        "message": "回到房间，亚马逊百合如约等候着。\\n她坐在床边，抬起头看着我走进来。\\n紧张和期待从她的表情中显露出来。"
    },
    {
        "message": "我径直走向她，抓住她的肩，直视着她。"
    },
    {
        "name": "エウカリス",
        "message": "「那么……请告诉我叫我过来的理由\\n在等待的时候，我一直……渴望着那个」"
    },
    {
        "message": "她也直视着我。\\n微干的嘴唇显示出紧张，发烫的脸颊是否是期待的象征呢？"
    },
    {
        "message": "作为回应，我明确告诉了今晚要做的事情。"
    },
    {
        "name": "エウカリス",
        "message": "「好的……收到♪\\n全身心、全力以赴……请尽情地……侵犯我♪」"
    },
    {
        "name": "エウカリス",
        "message": "「嗯……啊，啊啊啊啊！」"
    },
    {
        "message": "紧握着乳房，用力将其按向墙壁，开始了不停的律动。"
    },
    {
        "name": "エウカリス",
        "message": "「啊呜呜……这么突然……啊啊，啊呜呜！团长大人……是认真的吗？对我……啊呜呜！？」"
    },
    {
        "name": "エウカリス",
        "message": "「胸部被粗鲁对待着……啊、啊、指甲刺进去了……咕噜咕噜……这就是团长大人的全力吗……啊啊，哈啊♪」"
    },
    {
        "message": "暴露出羞耻的部位，亚马逊百合的脸颊泛起羞愧。她那翠玉般的眼眸也变得湿润，凝视着自己被侵犯的隐秘之处。"
    },
    {
        "message": "看到这一幕，欲望沸腾。我将她的双腿再次分开，让我的下半身更深地侵入她的身体。"
    },
    {
        "name": "エウカリス",
        "message": "「咕噜……真的像是在被侵犯一样……！团长大人强壮的身体全部都在深处……哈、啊、嗯嗯！没有任何逃避的余地吗……？」"
    },
    {
        "name": "エウカリス",
        "message": "「我就这样……被团长大人全力侵犯着……再次被那股热流充盈着……啊、哈……太美好了，团长大人……嗯、嗯！？」"
    },
    {
        "message": "为了回应她全力追求快感的话语，我轻轻掐住了勃起的乳头。这样做是为了让她安心，不会中途停下来。"
    },
    {
        "name": "エウカリス",
        "message": "「刚才那个好刺激……！温柔的团长大人对我的胸部……如此粗鲁地对待着……哈、啊啊……太美好了！」"
    },
    {
        "name": "エウカリス",
        "message": "「我，好高兴……！\\n好高兴，肚子里越来越热了！\\n团长大人，感受到了吗……我很湿润！」"
    },
    {
        "name": "エウカリス",
        "message": "「啊啊，声音好大……！\\n每次被搅动，肚子里传出淫荡的声音……\\n咕噜咕噜地流出来了！\\n好淫荡、脏兮兮的声音……嗯、啊、啊啊、啊呜呜！」"
    },
    {
        "message": "为了更加激发出那声音，我更加用力地动着腰。甚至想要充满整个房间。\\n最重要的是，我希望洁癖症的亚马逊百合也能听到。"
    },
    {
        "name": "エウカリス",
        "message": "「不行，不行！\\n如果发出淫荡、脏兮兮的声音，不行的！\\n汁液都溢出来了……\\n地板上都流到了知道吗！」"
    },
    {
        "name": "エウカリス",
        "message": "「我，这样……嗯、嗯、好羞耻！\\n啊啊、呀呀呀……！？\\n舔脖子……呀呀呀！？」"
    },
    {
        "message": "刚舔过眼前的脖颈，她发出了类似呻吟的声音。\\n那声音和她脸上滑落的羞愧汗水交织在一起，刺激着我的欲望。"
    },
    {
        "message": "我想侵犯亚马逊百合。\\n并不是因为承诺过，而是本能开始呐喊。"
    },
    {
        "name": "エウカリス",
        "message": "「啊啊！？ 肚子里鼓起来了……！？\\n你舔我的汗，感到兴奋吗……！？\\n汗只是脏兮兮的东西……嗯、哎呀！ 舔舐是不行的哦！」"
    },
    {
        "message": "羞愧汗甘甜而刺激地扩张着我的味觉和兽欲。\\n为了掩盖洁癖症般的话语，我将欲望压在阴道和乳房上，并且舔着她的脖颈。"
    },
    {
        "name": "エウカリス",
        "message": "「嗯咕、嗯啊啊！ 肚子里，咕噜咕噜……嗯咕、嗯啊啊！？\n入口和深处……啊啊呀，我好像要散架了！\n啊啊、啊呢、嗯嗯咕……呃、哈啊啊！」"
    },
    {
        "message": "解说这是先前晚上的挑衅一样吧。\n挑逗着这边，寻求全力以赴的兴奋。"
    },
    {
        "message": "即使这边做出承诺，她也会变成那样吧。\n这就是亚马逊百合花骑士的性情。\n那么，这边也只能全力以赴地回应。"
    },
    {
        "name": "エウカリス",
        "message": "「啊啊、安安安安安安啊啊啊！？\n激烈了起来……！\n肚子深处，砰砰地来……呃、夸、哈啊啊、啊啊啊！」"
    },
    {
        "name": "エウカリス",
        "message": "「我要散架……呃、要散架了！\n被像野兽一样侵犯……我、我……！\n无法再忍受了……！ 嗯咕、嗯啊啊！ 团长，再多一点！」"
    },
    {
        "message": "全力地拳击子宫口。\n像将亚马逊百合压入墙壁般，用全身贪恋着她。"
    },
    {
        "name": "エウカリス",
        "message": "「再多一点，再多一点，团长大人……！\n全力地，直到最后……侵犯我吧！\n胸部被压坏也没关系！ 小穴坏掉也没关系！」"
    },
    {
        "name": "エウカリス",
        "message": "「全部，全部给我……！\n热度……用团长大人的热度……把我弄坏吧！」"
    },
    {
        "message": "恳求中理性被撕裂。\n不回应任何人的话语，只是将射精欲望撞向眼前的女体。"
    },
    {
        "name": "エウカリス",
        "message": "「啊啊、啊啊啊！\n呵呵、啊呀呀……嘿、嗯嗯、啊啊、啊啊啊啊啊啊……！\n好热，好热！ 身体，都燃烧起来了！ 小穴都要融化了！」"
    },
    {
        "name": "エウカリス",
        "message": "「这个，想要！ 更想要！\n要更热的！ 想要团长大人！」"
    },
    {
        "name": "エウカリス",
        "message": "「侵犯我，侵犯我侵犯我侵犯我！\n我的事情，小穴和子宫都毁坏吧……！\n全部刻印上去，侵犯我吧！ 啊啊、啊啊啊、啊啊啦！」"
    },
    {
        "message": "平日的面容早已消失殆尽。\n只是贪婪地，如同野兽般地享受眼前的肉体和快感。"
    },
    {
        "name": "エウカリス",
        "message": "「呵呵、啊啊、好热，好热，好热！\n我，要高潮了……！\n让我高潮吧，团长大人！」"
    },
    {
        "name": "エウカリス",
        "message": "「子宫，渴望团长大人的精子！\n真的渴望射精，感受着吸附着的感觉！\n呵呵、来了！ 来了！ 嗯、嗯啊啊啊！」"
    },
    {
        "message": "恳求中本能在呐喊。\n为了满足升腾的兽欲，彼此的身体紧密相连。"
    },
    {
        "name": "エウカリス",
        "message": "「啊～！ 啊～！ 啊啊啊～！ 高潮了！ 高潮高潮高潮～！\n我，我要高潮了！ 不行了……不行了……」"
    },
    {
        "name": "エウカリス",
        "message": "「高潮了……高潮了……」"
    },
    {
        "message": "随着尖叫声，欲望的堤坝被冲垮。\\n撬开子宫，将精液喷射进空间。"
    },
    {
        "name": "エウカリス",
        "message": "「呼……嗯嗯、嗯、嗯嗯……啊啊、啊啊啊啊……\\n好热……抽搐着……被热流灌注其中……\\n子宫，愉悦地颤抖着……哈啊、啊啊」"
    },
    {
        "message": "将快要崩溃的亚马逊百合拉近，\\n压迫着臀部肉体，注入自己的体液。\\n蠕动的阴道肉帮助了她，但这还远远不够。"
    },
    {
        "name": "エウカリス",
        "message": "「嗯、嗯嗯……被高潮冲击过的小穴，被摩擦着，是吧\\n高潮后被擦动，虽然很痛苦……却毫不在乎……嗯、嗯嗯」"
    },
    {
        "name": "エウカリス",
        "message": "「被团长大人全力侵犯，真的好厉害呢，是吧……♪\\n这样的事情，我……已经上瘾了♪」"
    },
    {
        "message": "迷醉的眼神盯着交合的部位。\\n被彼此体液混合物沾满，\\n此刻正被涂抹上精液的地方。"
    },
    {
        "message": "没察觉到这一点，看来亚马逊百合相当疲惫。\\n但即便如此，并没有丝毫怜悯之意。"
    },
    {
        "name": "エウカリス",
        "message": "「那个……怎么又……变大了吗？」"
    },
    {
        "message": "终于注意到的亚马逊百合得知还不够时告诉她。\\n在刺激着充盈的阴道内，在摩擦精液的同时勃起再次复活了。\\n那么，这边还保留有余力。"
    },
    {
        "name": "エウカリス",
        "message": "「啊，太棒了……团长♪」"
    },
    {
        "message": "在极致的迷离表情中，充满了痴迷。"
    },
    {
        "name": "エウカリス",
        "message": "「请……尽情地……直到枯竭♪\\n一滴不剩，全力以赴……尽情侵犯这具身体♪」"
    },
    {
        "message": "于是，我与亚马逊百合沉溺其中，直到天亮。"
    },
    {
        "message": "留下的是令人窒息的淫臭和彼此肮脏的身体。\\n还有，满足的亚马逊百合的笑容。"
    }
]