[
    {
        "name": "スイセイラン",
        "message": "「齿舌兰……我已经无法忍耐了……」"
    },
    {
        "message": "回到房间看到的景象。\\n那是齿舌兰躺在床上的样子。"
    },
    {
        "message": "惊讶地站在原地。\\n她似乎注意到了我呆住的样子，坐起身，与我的目光相遇。"
    },
    {
        "name": "スイセイラン",
        "message": "「团长大人……您回来了吗……」"
    },
    {
        "message": "询问她在做什么似乎有些唐突。\\n齿舌兰显然是在自慰。\\n看到她的样子，我感到兴奋，无法移开视线。"
    },
    {
        "name": "スイセイラン",
        "message": "「这个……自从成为团长大人的特别之后……\\n您一次也没有，求过齿舌兰……\\n所以……我就无法忍耐了……」"
    },
    {
        "name": "スイセイラン",
        "message": "「为了让团长大人来袭击我……我一个人就这样……」"
    },
    {
        "message": "湿润的呼吸和发热的身体。看着眼眶泛泪的齿舌兰，\\n我也完全被带动起来。"
    },
    {
        "message": "被激动所驱使，我渴望着齿舌兰的身体。"
    },
    {
        "name": "スイセイラン",
        "message": "「啊啊……好厉害，已经这么硬了……嗯啊！」"
    },
    {
        "message": "他抓住齿舌兰的双臂，将充血紧张的阴茎插入阴户。\\n已经做好准备的阴道顺利地迎接着肉棒。"
    },
    {
        "message": "期待已久的插入让阴道粘膜欣喜若狂地缠绕住坚实的阴茎。"
    },
    {
        "name": "スイセイラン",
        "message": "「齿舌兰里面……团长大人已经满满的了呢……\\n好高兴以至于肚子，紧紧地收缩着……啊啊」"
    },
    {
        "message": "击打子宫深处的触感传达到龟头。\\n在那压迫下，齿舌兰发出了欢愉的声音。"
    },
    {
        "name": "スイセイラン",
        "message": "「嗯啊啊……！ 哦啊……肉棒全部到底了……哈\\n顶端，扎进去了……好舒服……」"
    },
    {
        "name": "スイセイラン",
        "message": "「团长大人的硬物……在齿舌兰里面颤颤地……嗯嗯\\n感觉很舒服吧，对吧……」"
    },
    {
        "name": "スイセイラン",
        "message": "「肉棒好像很中意呢……真开心呢……\\n哎呀，齿舌兰的小穴是团长大人专属的……因为是特别的……\\n当然是这样呢……」"
    },
    {
        "message": "正如齿舌兰所说。\\n贴合着阴茎的阴道肉恰到好处地缠绕其中。\\n愉悦、甜美的阴道粘膜收缩着不断地将甜蜜之痒传遍全身。"
    },
    {
        "message": "马上就要动起来，享受快感。\\n对于这边的要求，齿舌兰也点头表示同意。"
    },
    {
        "name": "スイセイラン",
        "message": "「齿舌兰也想快点感受快感……\\n一直都在等着团长大人来对齿舌兰做呢……」"
    },
    {
        "name": "スイセイラン",
        "message": "「想要团长大人的肉棒……对齿舌兰的话……\\n希望团长大人能多多爱护齿舌兰哦……」"
    },
    {
        "message": "被她恳求抽送的话激起了我的欲望，自控力完全崩溃。\\n重新用力，开始随着欲望进行抽插运动。"
    },
    {
        "name": "スイセイラン",
        "message": "「嗯啊啊……团长大人的，好大……嗯啊\\n里面，被撑得好宽松呢……」"
    },
    {
        "name": "スイセイラン",
        "message": "「龟头肿胀的部分……完全都卡住了……\\n阴道，感觉很好……嗯嗯，啊啊……」"
    },
    {
        "message": "一边扭动着腰部，相互增加快感。\\n每一次勃起刺入阴道时，齿舌兰都迅速发出甜美的声音。"
    },
    {
        "name": "スイセイラン",
        "message": "「哈呜呜……扎扎地……来回深入到底……啊啊\\n就这样……在齿舌兰里面，好多肉棒……\\n嗯，嗯啊啊……摩擦着，请给我！ 啊啊，啊啊……！」"
    },
    {
        "name": "スイセイラン",
        "message": "「还远远不够呢……哈，还不够呢！\\n想要更多、更多！ 在齿舌兰里面动一动吧……嗯嗯」"
    },
    {
        "message": "频繁的抽送摩擦着阴道粘膜，\\n齿舌兰却表达出不够的感受。"
    },
    {
        "message": "齿舌兰希望更加热情的动作，并解释了原因。"
    },
    {
        "name": "スイセイラン",
        "message": "「因为一直，一直都很寂寞……所以请……\\n请多多疼爱齿舌兰吧！」"
    },
    {
        "message": "这是寻求可爱的话语。\\n让她感到孤独，必须进行弥补。\\n明白了她的请求，加大了摩擦运动。"
    },
    {
        "name": "スイセイラン",
        "message": "「啊啊啊，好厉害……团长大人对齿舌兰的爱……\\n好强烈的感觉……啊啊啊！」"
    },
    {
        "name": "スイセイラン",
        "message": "「阴道被激烈地摩擦着……\\n像是在流淫水一样……停不下来呢……！」"
    },
    {
        "message": "连接处传来淫秽的水声。\\n黏稠的爱液缠绕在阴茎上，进一步提高了摩擦所带来的敏感度。"
    },
    {
        "name": "スイセイラン",
        "message": "「嗯啊啊，咕噜咕噜地，好淫荡的声音……\\n太棒了……身体都变得火热了……啊啊啊」"
    },
    {
        "name": "スイセイラン",
        "message": "「啊啊啊，好厉害……里面……在跳动着……\\n齿舌兰已经非常想要团长大人的精液了！」"
    },
    {
        "message": "炽热的阴道紧紧地吸附着阴茎。\\n被滚烫的快感所充盈，我也不禁感觉精液快要喷发出来。"
    },
    {
        "name": "スイセイラン",
        "message": "「这么疼痛……控制不住了……啊啊，嗯嗯，啊呜……\\n鸡巴，好舒服……小穴，颤颤地……嗯啊，啊啊！」"
    },
    {
        "name": "スイセイラン",
        "message": "「就这样深处，要多多顶顶呢！\\n嗯啊，啊啊，啊啊……！　已经……忍不住了……哈呜\\n炽热而黏稠的精液……想要在最深处，喷射出来呢！」"
    },
    {
        "message": "被寻求射精的齿舌兰引导着，阴茎逐渐接近极限。\\n此时我已经失去理智。\\n直到释放出积蓄的热量为止，一直不停地用力挺动着。"
    },
    {
        "name": "スイセイラン",
        "message": "「哈呜，嗯哈呜，啊啊啊啊……！\\n好厉害的……齿舌兰……\\n好厉害，好舒服……要射了嘛……嗯嗯呜呜」"
    },
    {
        "name": "スイセイラン",
        "message": "「小穴在颤抖……已经到极限了呢……嗯哈啊啊……！\\n团长大人，团长大人啊啊……呜啊啊啊啊！！」"
    },
    {
        "name": "スイセイラン",
        "message": "「嗯啊啊啊啊啊……头脑一片空白了……呜呜呜」"
    },
    {
        "message": "紧握着齿舌兰的手臂，用力压迫着跳动的阴茎。\\n毫不犹豫地将炙热的精液尽数注入最深处。"
    },
    {
        "name": "スイセイラン",
        "message": "「这个……好厉害呢……小穴一直在抽搐着呢……\\n炙热的东西，全部都在里面了……嗯嗯呜」"
    },
    {
        "message": "迎来极致，阴道不断痉挛。\\n齿舌兰接纳了喷发出的浑浊液体。"
    },
    {
        "name": "スイセイラン",
        "message": "「团长大人的精液……射得好多呢……齿舌兰好开心呢……\\n齿舌兰的肚子，变得鼓鼓的了……」"
    },
    {
        "name": "スイセイラン",
        "message": "「能射出这么多精液……\\n一定是因为齿舌兰很特别吧……对吧？」"
    },
    {
        "message": "在那种舒适的懒散感中，我毫不犹豫地回答。\\n注入的大量浑浊液体就是证明。"
    },
    {
        "name": "スイセイラン",
        "message": "「特别的存在之间……应该要经常做爱的……\\n就算是从彗星寄来的书上也是这么写的……」"
    },
    {
        "message": "确实或许是这样，我带着苦笑肯定了下来。"
    },
    {
        "name": "スイセイラン",
        "message": "「所以，今后团长大人也要……经常约我呢……\\n齿舌兰随时都可以做色色的事情哦……」"
    },
    {
        "message": "虽然会被性欲冲昏头脑而发出邀请，\\n但我向齿舌兰保证不会再让她感到孤单了。"
    }
]