[
    {
        "message": "与石斛兰一同观摩花骑士们的训练。\\n虽然应该是这样的计划，但不知不觉间就变成了这样。"
    },
    {
        "name": "デンドロビウム",
        "message": "「各位，拳头的挥舞方式不对。\\n好吗？拳头应该是这样挥舞的。」"
    },
    {
        "message": "在篝火下，石斛兰夜间教室开始了。\\n看起来她似乎已经忍耐不住了。她站在用于打击训练的人偶前，双腿分开，拉起拳头摆出姿势。"
    },
    {
        "message": "然后，她改变了呼吸。从平时状态到用于打击的状态。周围的空间是否在扭曲？花骑士们围绕着她，紧张地注视着。"
    },
    {
        "name": "デンドロビウム",
        "message": "「……发！」"
    },
    {
        "message": "然后释放出来。或者说，事实上已经释放出来了。心中似乎感觉到，挥动的身影和打击声音之间有些微差距。"
    },
    {
        "name": "デンドロビウム",
        "message": "「呼……拳头应该是这样挥舞的。各位，明白了吗？即使持有武器战斗，但因为不知道何时会失去武器，所以也应该学会无武器战斗方式才对。」"
    },
    {
        "message": "虽然是毫无疑问的正确论点，但没有人点头赞同。大家都茫然地凝视着人偶。而那个人偶，则在无法看清的高速拳击下，内部被彻底摧毁爆炸开来。"
    },
    {
        "name": "デンドロビウム",
        "message": "「那么，继续训练吧\\n……团长先生，让你久等了\\n………………团长先生？」"
    },
    {
        "name": "デンドロビウム",
        "message": "「怎么样，呼吸急促的样子……等等，请稍等一下\\n你刚才的表情……难道……\\n啊，虽然有点不好意思，还是要确认一下……难道是……」"
    },
    {
        "message": "被问到是不是兴奋了？我只是点了点头作为回答。"
    },
    {
        "message": "当然，对方当然感到困惑，\\n但这并不是石斛兰就此打住的理由。"
    },
    {
        "name": "デンドロビウム",
        "message": "「虽然并不是我的口头禅……但还是忍不住说出口\\n你真是……没办法呢」"
    },
    {
        "message": "如果那样的话也没关系。在被误导到休息的名义下被带到自己房间后，我像撒娇一样回答着，\\n深深地陷入了私密之处。"
    },
    {
        "name": "デンドロビウム",
        "message": "「嗯嗯……！ 这么硬……啊啊啊，好舒服！」"
    },
    {
        "message": "被充实感震颤的石斛兰无法自持。\\n臀部立刻开始摆动起来。"
    },
    {
        "name": "デンドロビウム",
        "message": "「嗯……没有余裕吗？ 呼啊……啊啊」"
    },
    {
        "name": "デンドロビウム",
        "message": "「而且，屁股也一起……啊啊，这样的触摸方式，什么时候……啊啊」"
    },
    {
        "message": "稍微弯曲的膝盖，在抽插和爱抚中颤抖着。\\n在这虚弱的身姿下，下腹部的热度开始凝固。"
    },
    {
        "name": "デンドロビウム",
        "message": "「呼……在里面，好大……啊，嗯啊\\n团长……嗯，那个……不行，不可以……」"
    },
    {
        "message": "变得湿润的眼瞳转向了这边。\\n深处闪烁着一种责备的色彩。"
    },
    {
        "name": "デンドロビウム",
        "message": "「这是……违反礼仪的行为，知道吗？」"
    },
    {
        "message": "这是怎么回事呢。\\n真心搞不懂，不知不觉间腰也停了下来。"
    },
    {
        "message": "我茫然地俯视着调整呼吸的石斛兰。\\n她双手紧贴墙壁，仿佛在忍耐着什么。"
    },
    {
        "name": "デンドロビウム",
        "message": "「哈啊，再说一遍……违反礼仪\\n那个……不可以\\n虽然对我来说可能没关系……\\n但对其他女性来说，是不可以做的事情」"
    },
    {
        "message": "她那样劝诫的表情就像位老师。\\n我依然不明所以，内心涌起了不安。"
    },
    {
        "message": "请你详细告诉我。\\n如果有得罪之处请让我道歉。\\n被不安驱使着，我发出了这样的询问。"
    },
    {
        "name": "デンドロビウム",
        "message": "「不懂的话……我来教你\\n在进行那个的时候……想着其他女性是不礼貌的」"
    },
    {
        "message": "口气有些生硬。"
    },
    {
        "name": "デンドロビウム",
        "message": "「没关系……不用隐藏\\n你……在想着她们……在我心中变得更大了」"
    },
    {
        "message": "口气果然很硬。\\n仿佛在掩饰什么，压抑着的声音。"
    },
    {
        "name": "デンドロビウム",
        "message": "「因为……你现在兴奋的是，\\n是因为在训练场看到她们流汗吗？」"
    },
    {
        "message": "这样指出来，让她意识到自己在掩饰着什么。\\n她现在，和我一样心怀着同样的东西。"
    },
    {
        "message": "那是不安。\\n担心自己并不是对方所兴奋的，\\n这种可爱的不安感。"
    },
    {
        "name": "デンドロビウム",
        "message": "「啊、啊呜、嗯呜、嗯嗯啊！ 队长……！？」"
    },
    {
        "message": "在爱欲沸腾之际重新开始抽插。\\n比刚才更加激烈、更加深入，搅动着沸腾的情感。"
    },
    {
        "name": "デンドロビウム",
        "message": "「我说的话……听到了吗！？\\n违反了规矩……就算是这样，突然这样……啊、啊啊啊！」"
    },
    {
        "name": "デンドロビウム",
        "message": "「我，好难过……！\\n竟然成为这样不称职的学生……！\\n啊啊、啊呜、啊、呜呜呜啊！」"
    },
    {
        "message": "对于那个评价无法表示同意。\\n因为，首先就是存在误解。"
    },
    {
        "name": "デンドロビウム",
        "message": "「什、什么……嗯、嗯啊、啊呜呜！\\n屁股，又……嗯、嗯啊！ 这么用力握着……！」"
    },
    {
        "message": "将两根手指深深插入臀部，\\n将她拉向自己，并自己也向前突进。\\n伴随着溢出的爱液声音，\\n对着石斛兰低语着真相。"
    },
    {
        "name": "デンドロビウム",
        "message": "「我吗！？ 哈、啊啊、啊啊啊！」"
    },
    {
        "message": "以惊讶的眼神回应她的刺击。\\n她挥舞拳头所展现出的力量和美丽，\\n正是让我感到兴奋的地方。"
    },
    {
        "name": "デンドロビウム",
        "message": "「这又是……哈呜、啊啊！\\n果然，你还是个没办法的人呢……！」"
    },
    {
        "message": "一瞬间，从尖叫声中消失了不安。"
    },
    {
        "name": "デンドロビウム",
        "message": "「明明一点色气都没有……！ 哈，啊、啊啊啊！\\n但是，很高兴……！ 很高兴！」"
    },
    {
        "name": "デンドロビウム",
        "message": "「不再说了……！\\n如果是因为我而兴奋的话……哈，啊啊、啊啊啊！\\n全部，都撒在我身上吧……！」"
    },
    {
        "message": "像是反作用一样，花蕊紧紧地勾引着我。\\n这样的反应也很可爱。\\n全身都涌动着力量，用有力的抽插做出回应。"
    },
    {
        "name": "デンドロビウム",
        "message": "「呜啊啊、啊嗯嗯嗯嗯嗯嗯嗯啊啊啊！\\n太好了，好厉害呢！ 鸡巴，好舒服！\\n再多一点，再多一点！ 不要客气！」"
    },
    {
        "name": "デンドロビウム",
        "message": "「蛋蛋碰到屁股了感觉到了！\\n嗯、啊嗯嗯！ 那里，积蓄了吧……！？\\n因为我而兴奋！\\n因为我积攒的精液……呼呼、嗯、啊啊啊！」"
    },
    {
        "message": "就这样告诉她，轻敲着子宫口。\\n欲望让它自行如此做出。"
    },
    {
        "name": "デンドロビウム",
        "message": "「嗯嗯、嗯啊、啊嗯、嗯嗯啊啊！\\n哈啊、嗯嗯、那样的话，就在那里！ 就在那里，射出来……！」"
    },
    {
        "name": "デンドロビウム",
        "message": "「我也很高兴，快要高潮了……！\\n哈啊、啊嗯呃啊！ 让我高潮吧，团长先生！\\n用你的鸡巴让我高潮吧！」"
    },
    {
        "message": "伴随着恳求和乞求般的扭动。\\n精液一下子上涌，\\n深入刺击变成了射精的来回。"
    },
    {
        "name": "デンドロビウム",
        "message": "「啊啊啊！ 你因为我而兴奋的鸡巴……！\\n用你强壮的鸡巴让我高潮！\\n啊啊啊！ 让我高潮，想要……！\\n啊啊、团长先生，团长先生！」"
    },
    {
        "name": "デンドロビウム",
        "message": "「我已经无法忍耐了！！\\n高潮，我要高潮了！ 小穴……啊、啊啊啊！ 我要高潮了！」"
    },
    {
        "name": "デンドロビウム",
        "message": "「就这样，往里面……啊、满满地射进来吧！\\n啊啊啊、啊、啊、啊……啊啊啊啊啊……！」"
    },
    {
        "name": "デンドロビウム",
        "message": "「呼呼……热的，好厉害……\\n浓稠而粘稠的……精液，好开心……哈、啊啊、啊啊……♪」"
    },
    {
        "message": "拉近屁股，自己也向外挺起，\\n一次又一次地射精到最深处。"
    },
    {
        "message": "从连接处溢出，滴答滴答地滴落下来，但脉动并未停止。\\n仿佛在证明它是如此猛烈一样，\\n直到最后一滴也被塞进去。"
    },
    {
        "name": "デンドロビウム",
        "message": "「哈……哈……呵呵♪ 真是……太激烈了吧？\\n腿都在颤抖……膝盖都笑了出来……\\n我……被你打倒了呢……♪」"
    },
    {
        "message": "松弛的视线中已经找不到任何不安的迹象。\\n这样的话，对于差生的评价应该会被撤销吧。"
    },
    {
        "message": "但是，在松了口气之后，我突然想起了一件事情。"
    },
    {
        "message": "那是，训练场的花骑士们。\\n虽然是夜间训练，但作为骑士团长必须一直留到最后。\\n正想着必须赶快回去的时候。"
    },
    {
        "name": "デンドロビウム",
        "message": "「呵呵……果然是个不称职的学生呢\\n这可是违反礼仪的行为哦……团长大人♪」"
    },
    {
        "message": "视线制服了我。\\n接着，复活的阴道肌肉缠绕在阴茎上，臀部也在扭动，\\n精液和爱液混合的黏膜摩擦袭来。"
    },
    {
        "name": "デンドロビウム",
        "message": "「我和你的性爱，还没有结束……嗯、嗯嗯……\\n所以……想着那些孩子们就是违反礼仪哦♪」"
    },
    {
        "name": "デンドロビウム",
        "message": "「来吧……再一次，好吗……？\\n毕竟你这么恳求了呢\\n……不会拒绝的吧？ 呵呵♪」"
    },
    {
        "message": "被她的妩笑轻易地吸引住了。\\n一旦开始就再也停不下来，\\n那晚再也没有离开房间。"
    }
]