[
    {
        "name": "アルストロメリア",
        "message": "「嗯咦咦～……果然，团长的身边，总是那么让人安心呢～」"
    },
    {
        "message": "常在一起的亲昵，常在一起的夜晚。可从未感到厌倦。她幸福的模样填满了我的心房，我把鼻子蹭在她的脖颈上，开始逗弄她。"
    },
    {
        "name": "アルストロメリア",
        "message": "「啊哈哈哈哈，团长，好痒啦！别、别啦，嗯、嗯呜呜呜！」"
    },
    {
        "message": "伸手进入她的腋下，对着挣扎的少女继续逗弄。"
    },
    {
        "name": "アルストロメリア",
        "message": "「嗯呜，不要了，稍微等一下！不行不行啊，团长，请冷静一点！」"
    },
    {
        "name": "アルストロメリア",
        "message": "「哈啊，哈啊，如果你不停下来的话，我也会还击哦？」"
    },
    {
        "message": "请随意。刚说完这句玩笑话后，她的腰突然颤动了一下。"
    },
    {
        "name": "アルストロメリア",
        "message": "「团长的宝贝小子，接吻♪ 嘻嘻～我的气味让你变得硬了？没办法呢，团长♪」"
    },
    {
        "message": "手指穿过紧密的间隙，在衣服外轻抚着下体。她轻盈的动作让我不由自主地喘息起来。"
    },
    {
        "name": "アルストロメリア",
        "message": "「咦，团长，好像很兴奋呢？那～今天也要来一次吗♪」"
    },
    {
        "message": "每天的触摸，每天的夜晚。从亲昵到这一步，都是再平常不过的事情。"
    },
    {
        "name": "アルストロメリア",
        "message": "「今天……想要慢慢地，进入我体内，也说不定」"
    },
    {
        "message": "满足了她的请求，尽量温柔地探入她的阴道。"
    },
    {
        "name": "アルストロメリア",
        "message": "「嗯、嗯呜、谢、谢……我、喜欢这个」"
    },
    {
        "name": "アルストロメリア",
        "message": "「团长的鸡巴，进来了，我能感觉得很清楚。团长的鸡巴，在我体内慢慢扩张着，包裹着我的腹部……」"
    },
    {
        "message": "享受着插入的感觉，六出花将身体靠近我。颤抖的睫毛传达着快感。"
    },
    {
        "name": "アルストロメリア",
        "message": "「啊，啊，啊，已经到了呢～我的阴道，全部都被填满了……」"
    },
    {
        "message": "紧紧拥抱着她略带留恋的声音，缓缓地将龟头送入阴道深处。"
    },
    {
        "message": "肉壶已经滴下了甜蜜，亲昵地缠绕着。\\n感受着柔软褶皱的触感，我告诉她我已经到了耳边。"
    },
    {
        "name": "アルストロメリア",
        "message": "「……嘿嘿，欢迎回来，团长♪\\n今天也辛苦了♪」"
    },
    {
        "message": "看着她幸福的样子，我的心不由自主地加速跳动。"
    },
    {
        "name": "アルストロメリア",
        "message": "「不知不觉，是吧？我说出来了♪\\n一直都在想着的事情，因为太幸福了，所以憋不住了呢\\n……嘿嘿，心跳得好厉害♪」"
    },
    {
        "message": "背部贴在胸膛上，\\n手臂从腋下引导到乳房。\\n无论从哪个方向，她的心跳都传达了过来。"
    },
    {
        "name": "アルストロメリア",
        "message": "「因为我一直都觉得能和团长在一起\\n所以开始想象各种事情，停不下来了\\n……可以听我说吗？」"
    },
    {
        "message": "我也想听听。\\n刚说完这句话，肉棒感受到了甜蜜的刺激。"
    },
    {
        "name": "アルストロメリア",
        "message": "「嗯、谢谢……团长\\n但是……嘿嘿，可以做爱哦？\\n因为我什么都做不了……\\n至少、小穴希望你喜欢就好」"
    },
    {
        "message": "接纳着她热情缠绕的阴道，我开始主动抽送。"
    },
    {
        "message": "绝不会大幅移动。\\n就像插入一样缓慢地摩擦阴道，不打断六出花的话语。"
    },
    {
        "name": "アルストロメリア",
        "message": "「呼呼，温柔，啊，好幸福呀\\n没想到会有这样的未来……」"
    },
    {
        "name": "アルストロメリア",
        "message": "「曾经被害虫侵袭，整天只能躺在床上看天花板的我，\\n呼，变得这么、嗯嗯、这么幸福了\\n被团长、变得幸福了……」"
    },
    {
        "message": "对她洒下热情的爱抚和抽送。\\n为了不打扰她，希望她更加幸福，\\n用全身触摸着火热的皮肤和黏膜。"
    },
    {
        "name": "アルストロメリア",
        "message": "「呼呼，啊，团长，我想和团长在一起\\n不想离开……」"
    },
    {
        "name": "アルストロメリア",
        "message": "「住在同一个家里，吃着一样的饭菜……是啊，想要那样\\n嗯，从家里一起走向骑士团……呼，在一起贴得那么近，我……\\n嘿嘿，想要紧紧抱住团长的胳膊」"
    },
    {
        "name": "アルストロメリア",
        "message": "「然后一起工作，一起吃饭\\n嘿嘿，我会努力做好咖喱？\\n学习团长喜欢的口味……为了能做出来呼、所以努力学习」"
    },
    {
        "message": "即使是温柔的抽送和爱抚也让六出花的皮肤泛起细浪，声音变得哽咽。"
    },
    {
        "message": "彼此心跳与温暖让身体变得极度敏感。\\n即使是缓慢的接触也立刻转化为快感，\\n轻微的动作就让精液涌上心头。"
    },
    {
        "name": "アルストロメリア",
        "message": "「呼，那样，那样，填满肚子之后……\\n嘿嘿，要做坏事♪」"
    },
    {
        "message": "蜜壶娇嗔地啼叫，轻咬着肉棒。\\n她渴望的未来传达开来，兴奋悄然膨胀。"
    },
    {
        "name": "アルストロメリア",
        "message": "「明明是工作时间，团长却盯着我的胸部看\\n我会生气地说不行的」"
    },
    {
        "message": "在引诱的目光下，捏住露出的乳头。\\n挑逗般坚挺的感觉带来了彼此的快感。"
    },
    {
        "name": "アルストロメリア",
        "message": "「嗯呜，被团长强行脱掉衣服，胸部被这样摆弄\\n嗯呜，只要团长碰我一下就会感到舒服\\n被揉捏了就会说「不要」，却说不出口……！」"
    },
    {
        "message": "用手指摩擦乳头，在掌心中享受乳房的柔软。\\n对想象中的情节有些抗拒，\\n轻柔地揉捏，融化快感。"
    },
    {
        "name": "アルストロメリア",
        "message": "「那样，那样，呼，明明是工作时间，却被肉棒插进来了！\\n呼，团长忍不住了……！\\n请求我、嗯呜、请求我……！」"
    },
    {
        "message": "交织着溢出的爱液，加快抽送速度。\\n我们也已经忍耐到极限了，\\n从阴道传来了六出花也渴望的信号。"
    },
    {
        "name": "アルストロメリア",
        "message": "「嗯呜啊，本来应该、工作才对……\\n呼、嗯呜、你为什么不听我的话」"
    },
    {
        "name": "アルストロメリア",
        "message": "「肉棒，不要停下来，啊！\\n一直在我耳边说喜欢我，喜欢我，呼，嗯嗯嗯！」"
    },
    {
        "message": "像对自己的想象一样，向她灌输我的好意。\\n每次六出花的声音都变得柔软，她火热的皮肤颤抖得可爱动人。"
    },
    {
        "name": "アルストロメリア",
        "message": "「我也，呼，忍不住了，嗯嗯，对团长说\\n喜欢你，喜欢你，非常喜欢你，呼，被肉棒征服了……！\\n明明是工作时间却充满了淫荡的气息！」"
    },
    {
        "name": "アルストロメリア",
        "message": "「呼啊，嗯咕，然后团长高兴地……！\\n肉棒在颤抖……！\\n阴道的深处，嗯咕，搅动着……！」"
    },
    {
        "message": "用腰部压迫着，在阴道深处用龟头爱抚。\\n安静而沉重的刺激让腰部的疼痛加剧，\\n互相用身体压迫着忍耐。"
    },
    {
        "name": "アルストロメリア",
        "message": "「呼啊，嗯咕，呼，啊啊啊，然后、然、后……！」"
    },
    {
        "message": "接下来该怎么做呢。\\n在火热的皮肤上留下唾液的痕迹，在乳房上揉搓着、\\n顺着阴道深处轻抚着促使继续进行。"
    },
    {
        "name": "アルストロメリア",
        "message": "「我的、嗯咕、里面、里面！\\n肉棒压迫着、嗯咕、嗯咕」"
    },
    {
        "name": "アルストロメリア",
        "message": "「精液、好多、好多……嗯咕、流出来了！」"
    },
    {
        "name": "アルストロメリア",
        "message": "「啊啊啊啊啊啊啊啊啊……！」"
    },
    {
        "name": "アルストロメリア",
        "message": "「呼、呼、啊啊，团长，团长……！\\n明明是工作时间，不行，不可以的，团长……」"
    },
    {
        "message": "被炽热的情欲冲昏头脑，六出花颤抖着身体，说出了混浊的言辞。\\n看来她陷入了相当深刻的幻想之中。"
    },
    {
        "message": "为了让她冷静下来，我决定停下一切活动，让时间冷静一下。"
    },
    {
        "name": "アルストロメリア",
        "message": "「肚子好沉重……呼呼，这样下去，工作做不了呢\\n不洗个澡的话，甚至无法出击……」"
    },
    {
        "name": "アルストロメリア",
        "message": "「明明还要收拾残局呢，\\n呼呼，团长，请忍耐一下吧\\n回家后我会好好给你服务的\\n……咦！？」"
    },
    {
        "message": "我用力拍打了一下她仍然沉浸在幻想中的头脑，强行将她拉回现实。"
    },
    {
        "message": "同时也对她的幻想内容提出了异议。\\n并不是所有事情都以下半身思考。"
    },
    {
        "name": "アルストロメリア",
        "message": "「哈哈哈……对不起\\n但是我总是在想那种事情，这是真心话哦？」"
    },
    {
        "name": "アルストロメリア",
        "message": "「希望所有的愿望都能实现呢～♪\\n嗯咿咿，团长，你会帮我吗～？」"
    },
    {
        "message": "面对她满脸的微笑，我只能无奈地苦笑。\\n未来的走向谁也说不准。\\n所以，我只能这样告诉她。"
    }
]