[
    {
        "message": "被鸡冠毒引着，进入了教堂的忏悔室。\\n在关闭的门后，可以感受到婚礼活动人员忙碌地来回穿梭。"
    },
    {
        "message": "这种情况——该做的事情只有一件。"
    },
    {
        "message": "——嘭。\\n已经半勃起的肉棒，如同切蛋糕一般，直戳在娇小新娘的面前。"
    },
    {
        "name": "トリカブト",
        "message": "「……团长\\n为什么要拿出肉棒来呢……？」"
    },
    {
        "message": "从鸡冠毒那里传来了责备般的声音。"
    },
    {
        "message": "但没关系……。因为鸡冠毒冷淡的态度，新郎身为新郎的证明变得坚硬到极致——。"
    },
    {
        "name": "トリカブト",
        "message": "「嘻嘻……\\n团长啊……最近，对我冷淡了就会让肉棒变硬呢……\\n为什么呢？」"
    },
    {
        "name": "トリカブト",
        "message": "「真是的……团长你的色……」"
    },
    {
        "message": "穿着神圣的婚纱，却像在戏弄其圣洁一般，鸡冠毒敞开了纤细的双腿。\\n色情的……恐怕不是鸡冠毒吧。"
    },
    {
        "message": "纤细、娇小、玲珑的身体——。\\n被那股令人毛骨悚然的妖艳所吸引，\\n慢慢地扭动着腰部。"
    },
    {
        "name": "トリカブト",
        "message": "「嗯，啊……肉棒的顶端，\\n在小穴的入口戳戳地……\\n好刺激啊……」"
    },
    {
        "name": "トリカブト",
        "message": "「团长……快点做爱吧？\\n在教堂的忏悔室里做，新郎新娘不该做的爱……\\n我已经忍不住了……」"
    },
    {
        "message": "每一次要插入乌头的瞬间都让人犹豫。\\n把这么紧闭的樱色裂缝里，\\n这么涨大的漆黑龟头塞进去，真的好吗——。"
    },
    {
        "name": "トリカブト",
        "message": "「啊，啊啊……进来了……」"
    },
    {
        "message": "切开柔软肉体的瞬间，扑哧一声的触感。\\n同时感受到的是，滋滋作响的、炽热的汁液。"
    },
    {
        "name": "トリカブト",
        "message": "「嗯嗯……哈啊！\\n啊，啊……嗯啊啊……！」"
    },
    {
        "message": "由于太过狭窄，充满爱液的龟头被挤了出来——。\\n但是紧紧抓住乌头的腰部，\\n穿越小穴处女之路！"
    },
    {
        "name": "トリカブト",
        "message": "「卡哈……啊啊啊啊啊！\\n小穴张开了……嗯嗯嗯嗯……！」"
    },
    {
        "message": "挿入前的犹豫，早已飞向何方。\\n狭窄而紧致的入口穿过后，\\n那里是软绵绵地融化着的、淫荡的肉体乐园。"
    },
    {
        "message": "热烘烘湿漉漉的滑腻感，包裹着整根鸡巴。\\n然后仿佛在煽动射精一般，\\n调皮地收缩与松弛交替不休。"
    },
    {
        "message": "从腰的深处被牵引出射精的感觉——\\n不由自主地，一口热气逸出。"
    },
    {
        "name": "トリカブト",
        "message": "「哈啊，哈啊……到了啊……\\n最深处……最舒服的地方……」"
    },
    {
        "message": "对着泪眼婚礼新娘轻轻地吻了一下。\\n这样的吻让她很高兴，热乎乎、软绵绵的肉褶，\\n紧紧地缠绕着新郎的珍郎。"
    },
    {
        "name": "トリカブト",
        "message": "「咯咯……\\n团长，好色的表情呢……\\n鸡巴也在我体内、欢喜地抽搐着呢……」"
    },
    {
        "message": "这样说着的トリカブト也表情懒散地融化着。\\n不过话说回来，这次的性爱真是危险至极的情境。"
    },
    {
        "message": "在教堂忏悔室里交欢，简直亵渎之极。\\n而且就在隔壁一扇门之隔，\\n有着大批婚礼活动的工作人员们。"
    },
    {
        "name": "トリカブト",
        "message": "「在那样的地方进行性爱……感觉真是太好了……\\n哈啊，哈啊……床上做爱也很喜欢，但是、\\n嗯、危险的性爱……更加喜欢……」"
    },
    {
        "message": "这么娇小的女孩，做这种淫荡的事……\\n这样不行。\\n毕竟是在忏悔室里做爱，\\n这里应该进行忏悔性爱才对。"
    },
    {
        "name": "トリカブト",
        "message": "「忏悔性爱是……什么？」"
    },
    {
        "message": "被问到这个问题，我感到有些困惑……。\\n对了，在这里坦白一些以前说不出口的事情，\\n怎么样？"
    },
    {
        "message": "新郎新娘的忏悔性爱——。\\n让即将在心灵和身体上交融的两人，\\n确认彼此的心意，定义为丰富的肉棒/小穴生活吧。"
    },
    {
        "message": "可以说，正适合在忏悔室进行的性爱吧。\\n一边轻轻扭动着腰部，我微笑着看着乌头。"
    },
    {
        "name": "トリカブト",
        "message": "「嗯、嗯、啊啊……\\n知、知道了……那么，我、我来……\\n哈啊啊，进行忏悔……」"
    },
    {
        "name": "トリカブト",
        "message": "「上次的性爱……我在演戏……」"
    },
    {
        "message": "———！！\\n听到震撼人心的告白，我突然感到剧烈的眩晕。\\n但在听清楚详情之前，我不能软下来。\\n加快腰部的摆动，等待乌头继续说下去。"
    },
    {
        "name": "トリカブト",
        "message": "「哈啊！ 嗯啊啊！\\n上次，我在睡觉时希望你来袭击我……对吧……？\\n嗯嗯啊啊！」"
    },
    {
        "message": "是的。\\n根据乌头的话，早上醒来被中出激起了兴奋。\\n于是，我趁她睡着时，向她射了六次。"
    },
    {
        "name": "トリカブト",
        "message": "「那个时候……其实我是醒着的……\\n团长进入我的房间的瞬间，我就因为味道醒来了……」"
    },
    {
        "name": "トリカブト",
        "message": "「一感受到团长的味道，小穴就开始疼痛起来……\\n再睡觉什么的，根本不可能了……」"
    },
    {
        "name": "トリカブト",
        "message": "「但是，因为想要继续这个游戏，\\n呼……我假装在睡觉……\\n嗯、嗯啊啊啊……！」"
    },
    {
        "message": "这一瞬间，小穴更加紧紧地收缩着。\\n小穴似乎回忆起了过去的性经历，\\n再次变得紧绷起来。"
    },
    {
        "message": "回忆中的小穴变得紧绷――。\\n简称为回忆小穴吧。"
    },
    {
        "message": "这种刺激相当强烈。\\n在承受着强烈的射精欲望的同时，我加快了腰部的摆动。\\n还有什么需要忏悔的吗？"
    },
    {
        "name": "トリカブト",
        "message": "「啊啊啊！ 剧烈地……啊嘿……啊、啊、啊……！\\n那个不太好的游戏也要……\\n说出来哦哦哦……！」"
    },
    {
        "message": "——！\\n这又是一个震撼人心的告白。\\n但作为新郎，必须接受新娘的喜好。"
    },
    {
        "name": "トリカブト",
        "message": "「呼、呼……团长的鸡巴辱骂游戏……\\n总觉得有点不妥……」"
    },
    {
        "message": "……是前几天的那个吗。"
    },
    {
        "name": "トリカブト",
        "message": "「对……就是那个\\n趴在团长身上，让他偷窥裙子底下……\\n我踩着他的鸡巴的游戏……」"
    },
    {
        "name": "トリカブト",
        "message": "「用我的小穴蹂躏着他的鸡巴，\\n虽然我狠狠地辱骂了他的鸡巴……\\n但那些话，全都是谎言啊……」"
    },
    {
        "name": "トリカブト",
        "message": "「又粗又长，又大又硬，还弯曲，还美味……\\n能在我里面射出好多精液的，\\n多么美妙的团长的鸡巴啊……」"
    },
    {
        "name": "トリカブト",
        "message": "「说小啊，射得快啊……\\n这种小家子气的家伙被我踩着鸡巴还能勃起，\\n作为成年人不觉得丢脸吗？这样的话……\\n有点……」"
    },
    {
        "name": "トリカブト",
        "message": "「但是，团长……\\n那时候……射得好厉害吧？」"
    },
    {
        "message": "——正是如此。\\n趁着偷窥乌头内裤底下，\\n被她用脚狠狠地蹂躏着裸露的生殖器，\\n再加上辱骂——不射精，还能做什么？"
    },
    {
        "name": "トリカブト",
        "message": "「射精的力道太强了……甚至溅到了我的内裤上……\\n但是，我想要更多地夸赞团长的鸡巴，\\n并且表示感谢……嗯嗯！ 嗯……」"
    },
    {
        "message": "这么说着，乌头的小穴再次急剧收缩。\\n这是——小穴收缩！？\\n……也就是说。"
    },
    {
        "message": "——让你受委屈了。\\n但是，其实乌头也不会没有兴奋吧？"
    },
    {
        "name": "トリカブト",
        "message": "「……！ 太厉害了……\\n团长，什么都看得一清二楚……」"
    },
    {
        "name": "トリカブト",
        "message": "「……我来忏悔\\n一开始，还觉得鸡巴可怜\\n但每次踩着鸡巴的时候，\\n团长都发出淫荡的声音，好高兴的样子……」"
    },
    {
        "name": "トリカブト",
        "message": "「所以……呐，不管是辱骂鸡巴的玩法……\\n还是踩踏鸡巴的玩法……\\n都让我好激动……」"
    },
    {
        "message": "——说得好。\\n对完成忏悔的乌头，\\n我要送上祝福。"
    },
    {
        "name": "トリカブト",
        "message": "「祝福……？ 啊，祝福就是那个意思吗……\\n哈啊啊啊！ 啊，啊啊啊啊啊！\\n扭动腰部，嗯嗯……好快！」"
    },
    {
        "message": "加快扭动腰部。\\n深入乌头最深处，\\n快速、深入、有力！"
    },
    {
        "name": "トリカブト",
        "message": "「哈啊啊啊！\\n团长，要来了，要来了，要来了要来了要来了！」"
    },
    {
        "message": "——献给我心爱的新娘，纯洁的祝福——。"
    },
    {
        "name": "トリカブト",
        "message": "「咿啊啊啊啊啊啊啊啊啊啊啊啊啊！」"
    },
    {
        "message": "哗哗哗哗。哗哗哗哗，嘟哗哗哗哗！！"
    },
    {
        "name": "トリカブト",
        "message": "「哈、哈、哈……\n团长……忏悔性爱……太喜欢了……」"
    },
    {
        "message": "如果进行射精的话，乌头全身就会像婚礼蛋糕一样，充满了射精——。\n她的小穴实现了这场盛大的祝福。"
    },
    {
        "name": "トリカブト",
        "message": "「嗯……哈……\n中出就等于子孙满堂，所以……\n应该不算亵渎教堂吧，应该……」"
    },
    {
        "name": "トリカブト",
        "message": "「……啊」"
    },
    {
        "message": "乌头突然看向门的方向。"
    },
    {
        "name": "トリカブト",
        "message": "「忏悔性爱，太舒服了……\n周围有人，我都忘记了……」"
    },
    {
        "message": "……啊。"
    },
    {
        "message": "确实忘了。\n尽管接下来乌头他们要在外面的工作人员的注视下，进行婚礼活动的彩排……。"
    },
    {
        "message": "但是，在这里只能做好觉悟。\n我们牵起彼此的手臂，昂首挺胸地打开忏悔室的门吧。"
    },
    {
        "message": "因为这样的姿态，一定会给人一种真正新郎新娘的感觉——。"
    }
]