[
    {
        "name": "カトレア",
        "message": "「什么啊，一脸发愣的表情……」"
    },
    {
        "message": "我正想睡觉，刚躺到床上就听到房间外有敲门声。这么晚是谁啊，我感到疑惑地打开门，惊讶地看着站在那的罕见客人。"
    },
    {
        "name": "カトレア",
        "message": "「我来见你有这么奇怪吗？」"
    },
    {
        "message": "被卡特兰交叉着手臂凌厉地逼视，我下意识地摇了摇头。"
    },
    {
        "name": "カトレア",
        "message": "「那、那就好了」"
    },
    {
        "message": "在惊讶的间隙，卡特兰侧身溜进了房间。她径直走向床边坐了下来。"
    },
    {
        "name": "カトレア",
        "message": "「……你在发呆什么呢？女孩子半夜来男生房间！你明白吗？快、明白点嘛」"
    },
    {
        "message": "卡特兰扭过头去，她的脸颊即使在微暗中也能看出泛红。我咽了口唾沫，伸手去碰卡特兰。"
    },
    {
        "name": "カトレア",
        "message": "「等等！这样穿很……啊！别……嗯……啊……啊！」"
    },
    {
        "message": "把手放在卡特兰的柔软大腿上，使其大幅张开。尽管她因羞耻而表现出厌恶的样子，但她已经满溢爱液，内裂湿润得仿佛在期待着什么。"
    },
    {
        "name": "カトレア",
        "message": "「啊！啊！好粗啊，要、要进来了啊，啊、啊……嗯……里面，已经被肉棒撑得好大了」"
    },
    {
        "message": "看着她贪婪地滴下爱液的内裂，我不禁用龇牙咬住了龟头。内部仿佛在等待着我一样扭动着，不断地将我吸引深入。这动作就像蛇欲将猎物吞下肚一般。"
    },
    {
        "name": "カトレア",
        "message": "「啊！肚子里……啊、好痒……啊啊！」"
    },
    {
        "message": "被肉欲引诱，我一口气将腰部全部推进，卡特兰的身体因冲击而颤抖。"
    },
    {
        "name": "カトレア",
        "message": "「嗯……啊……呼……你、你不是太没耐心了吗？」"
    },
    {
        "message": "卡特兰颤抖的声音伴随着忙乱的鼻息，我戏谑地回答说你才是没耐心吧。卡特兰听后脸颊微红，似乎被戳中了要害。她果然是个很容易读懂的女孩。"
    },
    {
        "name": "カトレア",
        "message": "「才、才不会有那种事呢！喂，你在干嘛？快点动起来！别多管闲事了，让我感受更多快感才对！」"
    },
    {
        "message": "被拍打着抓住大腿的手促使着开始有规律地运动。自刚才开始就一直被紧紧地夹住的阴茎也变得没有了余裕。"
    },
    {
        "name": "カトレア",
        "message": "「啊呜呜……啊……呜，一开始，好猛烈」"
    },
    {
        "message": "深入的冲刺来调动后，细腻的抽插。由于内部充满了爱液，阴茎可以顺畅地运动。"
    },
    {
        "name": "カトレア",
        "message": "「哎……稍微……嗯嗯嗯！\\n别这么急，更……啊，温柔点……慢点，行吗！」"
    },
    {
        "name": "カトレア",
        "message": "「嗯嗯，这边……虽然很大，但还不习惯！\\n这么舒服……啊，快……头都要晕了」"
    },
    {
        "message": "看着她陶醉在快感中，我伸手去摸她上次看起来很舒服的乳房。\\n结果，卡特兰身体一颤。"
    },
    {
        "name": "カトレア",
        "message": "「嗯啊！？　又、又擅自摸人家的……啊、不、啊啊！\\n别、别拧动奶头啦，不行啦，真的不行」"
    },
    {
        "message": "每次她摇头表示拒绝时，乳房都会颤动起来。\\n尽管口头上表示不喜欢，身体却顺从地接受刺激。\\n乳头挺立，显然在享受快感。"
    },
    {
        "name": "カトレア",
        "message": "「嗯、啊、不要……呜、不行……！！！\\n嗯啊……这样、被、舒服地、对待的话\\n呜、会变得无法忘记的吧！」"
    },
    {
        "name": "カトレア",
        "message": "「啊呜、嗯、那时候也是这样……！\\n呜、嗯、被抱着……暖暖的！\\n嗯啊、生来第一次……感觉被填满了」"
    },
    {
        "name": "カトレア",
        "message": "「你的事情啊，嗯……啊，明明并没有去想过的……\\n那时起，不知不觉地，眼睛就一直在追随着你……\\n唉……最近，到了晚上……嗯，身体就会疼痛起来」"
    },
    {
        "name": "カトレア",
        "message": "「想要你，碰触我……\\n想要你，嗯……嗯，再一次，抱紧我……\\n唉……真是麻烦透顶了啊……这种，感情」"
    },
    {
        "message": "耳边泛红地吐露出真挚感情的卡特兰。\\n看到与平时高傲形象截然不同的她，\\n感受到了爱意，紧紧地拥抱了她。"
    },
    {
        "name": "カトレア",
        "message": "「啊……真是的！为什么、不给我呢……\\n现在我，感到安心了……！\\n啊、暖和啊……想要变得快乐起来了……\\n这种感情啊，其实并不想知道的」"
    },
    {
        "name": "カトレア",
        "message": "「对于我……嗯，这样子的事情，负起责任来吧……\\n嗯，像那时一样地、让我迷失其中、\\n嗯嗯，啊、让我感受到你」"
    },
    {
        "message": "平时会高压地下命令的地方，在湿润的眼眸中被恳求着，下半身产生了反应。\\n这是对期待作出回应的必要之举，并且积极地重新开始了律动。"
    },
    {
        "name": "カトレア",
        "message": "「啊呜……嗯嗯啊、感觉、好舒服啊……啊、好棒呢\\n有个大东西进入了我的体内、又出去了……\\n啊、又进去了呀、在里面来回扣动着」"
    },
    {
        "name": "カトレア",
        "message": "「啊呜、你粗大的东西在擦拭着好地方呢\\n啊、啊呜、那里、被刺激得好喜欢！\\n声音停不下来呢……好舒服、好舒服呢」"
    },
    {
        "message": "让混乱中的卡特兰感到愉悦，并且更加沉浸于快乐之中，准确地瞄准阴道内看起来很舒适的部位。\\n乳房也被激烈地揉捏得失去了原本的形状。"
    },
    {
        "name": "カトレア",
        "message": "「嗯啊！胸部也、啊……感觉好舒服！\\n啊嗯……啊啊，嗯……啊，呀呜呜！！\\n乳头发热热的，背脊、颤抖着！！」"
    },
    {
        "name": "カトレア",
        "message": "「里面，你的变得更大了，我知道……！\\n啊啊，要出来吗？要射精了吗？\\n嗯嗯……啊，好的……想要……在我最深处」"
    },
    {
        "name": "カトレア",
        "message": "「约定，对吧？用你炽热的精液，填满我的内里，给我……\\n啊啊……嗯，要、要高潮了……还、还要高潮！\\n一起、一起高潮想要……啊啊，一起、一起高潮？\\n在我的、小穴里，把鸡巴的精液全部全部都射出来！！」"
    },
    {
        "message": "用强大的力量像是紧紧地抱住那根阴茎。\\n不再抵抗涌上心头的强烈快感，\\n卡特兰最深处被炙热的飞溅所覆盖。"
    },
    {
        "name": "カトレア",
        "message": "「高潮了……啊，高潮了！！！\\n啊嗯、啊、啊、高潮了！！！！」"
    },
    {
        "name": "カトレア",
        "message": "「啊……流出来了……嗯、炙热的东西，在我最深处……\\n嗯……能再次体验到这种感觉真是幸福……」"
    },
    {
        "message": "沉浸在达到高潮的余韵中，卡特兰身体不由自主地颤抖着说道。"
    },
    {
        "name": "カトレア",
        "message": "「嗯……因为这样想着，我……\\n不管怎么说，或许我喜欢你……也说不定\\n……虽然不愿意承认」"
    },
    {
        "message": "陶醉着眼神迷离地爱抚着自己的腹部的卡特兰。"
    },
    {
        "name": "カトレア",
        "message": "「……什么啊，傻笑个什么劲儿……」"
    },
    {
        "message": "终于注意到一直盯着她看的事情，\\n卡特兰满脸绯红地低下了头。"
    },
    {
        "name": "カトレア",
        "message": "「难道你不是有点得意忘形了吗？\\n我说喜欢你……虽然说了，但是我可不会变成你想怎样就怎样的！」"
    },
    {
        "message": "看到坦率的卡特兰也很可爱，\\n但看到她像往常一样的模样，我不知为何感到了一丝安心，微微一笑。"
    },
    {
        "name": "カトレア",
        "message": "「什么啊，露出那种温柔的表情……\\n可、可别被勾引了哦！」"
    },
    {
        "name": "カトレア",
        "message": "「我会主动约你这种事，只是这一次而已！\\n以后要懂得主动来找我，\\n明白了？」"
    },
    {
        "message": "在点头之际，我轻轻地揉了揉她的肩膀，\\n她有些困惑地靠近了过来。"
    },
    {
        "name": "カトレア",
        "message": "「明白了就给我一个吻……笨蛋！」"
    }
]