[
    {
        "name": "オンシジューム",
        "message": "「团长，累了吗？ 确实有点累了吧？\\n嘻嘻♪ 这种时候当然甜食最棒了！\\n对吧，团长也这么想吧？」"
    },
    {
        "message": "在办公室的桌子前整理文件的我，文心兰微笑着望过来。\\n嗯，确实，糖分可以让疲倦的大脑清醒一些。"
    },
    {
        "name": "オンシジューム",
        "message": "「对吧对吧！ 所以我带来了巧克力哦！\\n这次我已经提前品尝过了，所以没问题的！\\n做得非常好吃呢！」"
    },
    {
        "message": "真是感激不尽。我说着要拿过来，但她却没有递过巧克力。\\n看着她这样的举动，我歪着头，她却像往常一样咯咯地笑了。"
    },
    {
        "name": "オンシジューム",
        "message": "「唔，虽然这样给你也可以啦……嘻嘻♪\\n团长，其实还有更甜的东西哦，要不要？」"
    },
    {
        "message": "可爱的微笑中夹杂着一丝妖艳的色彩。\\n无意识间，\\n文心兰偶尔展现出这种性感的一面到底是怎么回事呢。"
    },
    {
        "name": "オンシジューム",
        "message": "「比巧克力更甜哦？\\n肯定呢，团长你肯定会非常高兴的呢～\\n对吧？ 要不要试试看？」"
    },
    {
        "message": "对文心兰的提问，我回答说想尝尝看。\\n但是，那甜食究竟是什么呢。\\n询问之下，她却用一副调皮孩子般的笑容回答。"
    },
    {
        "name": "オンシジューム",
        "message": "「那个就是我自己……\\n团长，要尝尝我吗？ 嘻嘻♪」"
    },
    {
        "name": "オンシジューム",
        "message": "「嗯，团长的鸡巴……已经硬梆梆的了\\n嘻嘻……可以，随团长喜欢的方式……\\n好好地、尽情地、品尝着我哦？」"
    },
    {
        "message": "看着那挺立的阴茎，文心兰主动地张开了双腿。\\n然后，眼前出现了一道充血发红的裂缝张开的景象。\\n无法忍耐，我将勃起的阴茎顶向了那道裂缝。"
    },
    {
        "name": "オンシジューム",
        "message": "「啊啊，呀啊……嗯嗯！！ 唔！\\n团长的，进来了……啊啊啊，嗯，好厉害……！」"
    },
    {
        "name": "オンシジューム",
        "message": "「好大……啊啊啊，撑得我好大呢！\\n嗯，嗯……呀啊啊……到底、到底进来了呀～♪」"
    },
    {
        "message": "她的阴道已经湿得滋滋作响，轻松地接纳了我的勃起。\\n但是那收紧的空间却紧紧地夹住整根阴茎。\\n让身体因快感而颤抖。"
    },
    {
        "name": "オンシジューム",
        "message": "「唔，嗯嗯，团长的鸡巴……硬梆梆的……唔唔\\n抽搐着动起来……哈呜呜……就这样、就这样都会很舒服的……！」"
    },
    {
        "message": "她也因为插入而颤抖着，就像我一样。\\n询问她身体是否舒服，文心兰露出了开心的笑容。"
    },
    {
        "name": "オンシジューム",
        "message": "「没关系♪\\n……不过呢，今天不用担心我哦？」"
    },
    {
        "name": "オンシジューム",
        "message": "「今天就尽情地品尝团长喜欢的方式吧？\\n让团长好好地品尝我吧～ 嘻嘻♪\\n所以不用客气地、动个痛快吧？」"
    },
    {
        "message": "那番话让我的心怦怦直跳。\\n仿佛被欲望催促一般，开始扭动着腰部。"
    },
    {
        "name": "オンシジューム",
        "message": "「啊，啊啊……嗯啊啊……！好、好舒服……！\\n就这样……啊呀，嗯呜呜……随你喜欢……！」"
    },
    {
        "name": "オンシジューム",
        "message": "「团长，嗯，啊啊啊……哇啊啊！\\n我、我想要团长……嗯，啊呀……要好好地品尝我哦……！\\n嗯嗯，啊啊啊，哇啊啊……！」"
    },
    {
        "message": "像是猛烈地撞击着一般扭动着腰部。\\n在阴道中摩擦着那根肉棒的快感中，发出了吐息声。"
    },
    {
        "name": "オンシジューム",
        "message": "「嗯嗯，嗯嗯……！啊呀……真、真厉害呢！\\n团长的鸡巴……啊呀呀，好像在疯狂地乱动一样……！」"
    },
    {
        "name": "オンシジューム",
        "message": "「被肚子里搅动着……嗯，啊啊啊！\\n感觉真舒服……啊，啊……脑袋都要变空白了……！」"
    },
    {
        "message": "文心兰迷醉的表情朝这边看来。\\n从她那享受的表情中也能看出她是多么开心。"
    },
    {
        "name": "オンシジューム",
        "message": "「团长，嗯，嗯啊……舒服吗？甜蜜而舒服吧？\\n嗯呀，更多地、可以吗？团长……嗯呀！」"
    },
    {
        "name": "オンシジューム",
        "message": "「嗯，啊呀……嗯嗯……！\\n更多更多地……嗯，品尝我？」"
    },
    {
        "message": "甜蜜的触感中，更加文心兰甜蜜的诱惑。\\n我伸出手，仿佛被她引诱一般，触摸着她的乳房。\\n上次，她的乳房很快就被护住了。"
    },
    {
        "name": "オンシジューム",
        "message": "「啊……嗯……嘻嘻……嗯……\\n好的，请……嗯，团长的，乳房，呢……嗯，啊……！」"
    },
    {
        "message": "但是这一次，完全没有遭到抵抗。\\n相反地，她为了更容易被触摸，稍微展露了上半身。"
    },
    {
        "name": "オンシジューム",
        "message": "「因为呢，团长……嗯，啊啊……我想要你……嗯，啊啊……好好地品尝我……嗯，啊呀呀……！\\n乳房……啊啊……好舒服……！」"
    },
    {
        "message": "用手掌轻抚整个乳房时，\\n文心兰抬起头发出了一声舒适的声音。"
    },
    {
        "name": "オンシジューム",
        "message": "「被摸着乳房的同时，肉棒在磨擦着，\\n啊啊，好厉害……喜欢你的那个……啊啊！\\n非常舒服、喜欢你、非常喜欢你！」"
    },
    {
        "message": "触摸着那柔软的地方，很快乳头就变得又硬又尖。\\n用指尖轻轻夹住那尖锐的部分进行刺激。\\n于是，文心兰的身体颤抖了起来。"
    },
    {
        "name": "オンシジューム",
        "message": "「啊……！！ 嗯嗯呃呃！！\\n乳头……嗯，被夹住了、啊啊、好舒服！\\n团长的手指、啊啊……好舒服！」"
    },
    {
        "name": "オンシジューム",
        "message": "「身体、嗯、仿佛麻痹一样……啊！\\n头脑里、真的、嗯呀呀、变得空白了……」"
    },
    {
        "message": "每当可爱的娇声响起时，阴道紧紧地挤压着阴茎。\\n那种像是在宠爱着阴茎的感触令人难以抗拒。"
    },
    {
        "message": "为了获得更多这种甜蜜的快感，我拼命地抚摸着乳房，\\n用力地扭动腰部，进行着阴茎的插入和抽出。"
    },
    {
        "name": "オンシジューム",
        "message": "「啊啊……嗯嗯……团长，好厉害……我已经沉迷其中了\\n嘻嘻……啊啊……你对我、已经沉迷其中了♪」"
    },
    {
        "name": "オンシジューム",
        "message": "「嗯、啊啊啊……好高兴……嗯、啊啊……！\\n好厉害、好高兴……嗯、啊啊啊……！！」"
    },
    {
        "message": "我一边急促地呼吸着，一边偷偷瞥了一眼文心兰的脸。\\n她似乎一直在观察着我的表情。"
    },
    {
        "name": "オンシジューム",
        "message": "「她看起来非常、非常专注……嗯、这样做着……！\\n嗯、嘻嘻……感觉真好呢……嗯、我能理解你的感受哦？」"
    },
    {
        "name": "オンシジューム",
        "message": "「团长看起来很舒服的样子……嗯、我已经明白了……！\\n嗯、可以了……你已经忍耐不住了吧？」"
    },
    {
        "message": "文心兰带着宠爱的目光朝我这边看来说。\\n听她这么说，我才意识到。\\n自己已经到达射精的极限了。"
    },
    {
        "name": "オンシジューム",
        "message": "「团长，嗯、你已经沉迷于我了呢……嗯、啊\\n可以了，射出来吧……因为我也要一起、达到高潮了……！」"
    },
    {
        "message": "阴道紧紧地挤压着射精，仿佛在催促着最后的时刻，我拼命地扭动着腰部。"
    },
    {
        "name": "オンシジューム",
        "message": "「团长感到舒服的时候，啊……嗯，我一直在看着你……嗯嗯，要射了吗？」"
    },
    {
        "name": "オンシジューム",
        "message": "「啊……射进来……射进我的小穴里……嗯嗯！团长的精液，给我更多……！啊啊啊……要来了……嗯，啊啊啊……！！！！」"
    },
    {
        "name": "オンシジューム",
        "message": "「啊啊……嗯，出来了……！嗯，团长的精液……啊啊……在肚子里好热……嗯嗯……！」"
    },
    {
        "message": "在快感中颤抖着，我紧紧地抱住文心兰。她温柔地拥抱着我战栗的身体。在她的身体里，我的阴茎不断地颤动着射精。"
    },
    {
        "name": "オンシジューム",
        "message": "「嗯，好多呢……哈哈，嗯，得到了团长的幸福呢……嗯嗯……哈」"
    },
    {
        "message": "尽管射精结束了，我仍然紧紧地抱着她的身体。从文心兰的身上散发出一种像巧克力般甜蜜的香气。"
    },
    {
        "name": "オンシジューム",
        "message": "「哈哈，团长，感觉如何？我很甜蜜吧？」"
    },
    {
        "message": "面对她的询问，我默默点头。实在是太甜蜜了，让人感到无比陶醉。"
    },
    {
        "name": "オンシジューム",
        "message": "「看到团长舒服的样子，我也很高兴。嘻嘻♪ 团长累的时候随时call我哦？我会飞过来的！」"
    }
]