[
    {
        "name": "ニリンソウ",
        "message": "「呼……工作结束了\\n花了好长时间呢\\n你也辛苦了」"
    },
    {
        "message": "月亮已经落山，看了时间才发现日期都已经变了。\\n对帮忙的鹅掌草甚至没有一句感谢的话。"
    },
    {
        "message": "更何况今天对她来说是难得的休息日。\\n如果可能的话，她本来想早点回去，\\n为了原本计划中的事情养精蓄锐。"
    },
    {
        "name": "ニリンソウ",
        "message": "「哎呀，你还担心我吗？\\n呵呵，谢谢……但那只是多虑而已～」"
    },
    {
        "message": "鹅掌草脱下帽子，摇了摇头发。"
    },
    {
        "message": "瞬间脸被遮住，再次被灯光照亮时。\\n她露出了从未见过的表情。"
    },
    {
        "name": "ニリンソウ",
        "message": "「今天的计划啊，只有在这里才能做到的事情\\n而且能陪我的人也只有在这里」"
    },
    {
        "name": "ニリンソウ",
        "message": "「因为东西是东西所以事先没法说出来……呵呵♪」"
    },
    {
        "message": "带着调皮的微笑和迷人的眼神。\\n摘下帽子后变得与众不同的鹅掌草，伴随着甜美的香气慢慢靠近。"
    },
    {
        "name": "ニリンソウ",
        "message": "「好了，团长？\\n从这里开始就是私人时间……能陪我吗？」"
    },
    {
        "name": "ニリンソウ",
        "message": "「呼……嗯嗯嗯嗯……♪」"
    },
    {
        "message": "刚潜入后，鹅掌草的嘴里发出了甜美的声音。"
    },
    {
        "message": "突破阻力和隐秘处渗出的东西。\\n插入后扭曲的身体却背叛了它，几乎感受不到疼痛。"
    },
    {
        "name": "ニリンソウ",
        "message": "「哈啊，哈啊，哈啊啊啊……呵呵♪\\n欢迎光临，客官♪」"
    },
    {
        "message": "惊讶地看着这边，鹅掌草再次投来调皮的目光。"
    },
    {
        "name": "ニリンソウ",
        "message": "「今天，感谢您光临本店♪\\n虽然这家店刚开业，迎接您的也是第一位客人……」"
    },
    {
        "name": "ニリンソウ",
        "message": "「我们将竭诚为您服务……呵呵♪\\n请尽情享用……？」"
    },
    {
        "message": "摇摆着紧致的臀部，鹅掌草扮演着妖艳的店主角色。\\n平时的冷静一扫而空，让人感到惊讶。"
    },
    {
        "name": "ニリンソウ",
        "message": "「呵呵……怎么了？团长♪」"
    },
    {
        "message": "她似乎注意到了我的表情，透过头发的嘴角露出了苦笑。"
    },
    {
        "name": "ニリンソウ",
        "message": "「现在是私人时间，我不是说过了吗？\\n和工作时不一样，我明确地说过了吧？」"
    },
    {
        "name": "ニリンソウ",
        "message": "「这也是我……毫无疑问是我\\n不行……难道你讨厌我了？」"
    },
    {
        "message": "在被牙齿轻咬的同时被问到这样的问题。\\n心中涌起的只是惊讶，并非厌恶。"
    },
    {
        "name": "ニリンソウ",
        "message": "「那……为什么不动起来呢？\\n明明已经插进去了？\\n互相拖延只会让彼此更难受……对吧？」"
    },
    {
        "message": "左右摇摆的臀肉开始自己动了起来。\\n已经充满热量的黏膜摩擦，让我不由得屏住呼吸。"
    },
    {
        "name": "ニリンソウ",
        "message": "「呼、呼、嗯嗯……呵呵，怎么样？\\n知道肚子已经湿透了吗……？\\n快点，快点……在等着团长你」"
    },
    {
        "name": "ニリンソウ",
        "message": "「难道，你打算就这样离开吗？\\n难道鹅掌草的色情服务就要结束了吗？」"
    },
    {
        "name": "ニリンソウ",
        "message": "「好不容易，为了这一天，做了各种准备\\n客人……？店里的准备，可不能白费了哦……」"
    },
    {
        "message": "看着有些焦躁，鹅掌草露出了从腋下露出的丰盈果实"
    },
    {
        "message": "被如此挑逗的景象所惊讶和理性所融化，\\n忍不住将肉棒插入。"
    },
    {
        "name": "ニリンソウ",
        "message": "「嗯嗯嗯嗯……嗯，谢谢，请……\\n啊，多来点，戳进来……\\n已经很舒服了，啊，啊啊啊……！」"
    },
    {
        "message": "一边送回溢出的爱液，一边抓住形状完美的乳房。"
    },
    {
        "name": "ニリンソウ",
        "message": "「嗯嗯……请享用？\\n本店自豪的一道菜……\\n呵呵，不好意思，是第二道菜吧？」"
    },
    {
        "message": "被玩弄的乳房让鹅掌草陶醉其中。\\n即便如此说着笑话感觉有些奇怪。"
    },
    {
        "name": "ニリンソウ",
        "message": "「嘛，团长只能摸一个呢\\n应该是一道菜没错♪」"
    },
    {
        "name": "ニリンソウ",
        "message": "「要是不抓住腰就没法拍打呢，对吧？\\n很遗憾……嗯，今天只有一边♪\\n满意了吧？」"
    },
    {
        "message": "对于无需回答的问题，我以抚摸和爱抚作出回应。\\n虽然不清楚做了什么准备，\\n但鹅掌草的花蕾却不得不这样煽动着我。"
    },
    {
        "name": "ニリンソウ",
        "message": "「啊啊，嗯嗯，嗯嗯，我做了什么准备，那可是个秘密♪\\n女人，有着各种各样的东西……\\n但是……呵呵」"
    },
    {
        "message": "甚至含蓄的笑容都与平时的她不同。\\n在严肃的工作中展现出与众不同的柔软，刺激着我的腰部。"
    },
    {
        "name": "ニリンソウ",
        "message": "「准备期间啊，啊，真是漫长……\\n从很早以前就一直……为了和你这样做，我做了很多事情\\n嗯嗯，啊啊，啊呃呃」"
    },
    {
        "name": "ニリンソウ",
        "message": "「哈啊，是吗，兴奋吗？\\n为了你，只为了你，我努力做了很多事情……\\n如果不能好好品尝的话，我会感到寂寞的」"
    },
    {
        "message": "绽放的黏膜甜美地缠绕着肉棒。\\n在那刺激和告白下快感被煽动起来，无法停止。"
    },
    {
        "name": "ニリンソウ",
        "message": "「哈，嗯啊，太棒了，哇……！\\n胸部，嗯嗯，紧紧地、紧紧地压着、哈、哈啊、感觉真好！\\n团长的、手指、啊啊、插进了我的里面……！」"
    },
    {
        "name": "ニリンソウ",
        "message": "「好像在说着不想放开一样……！\\n啊、啊啊、我也不能输……！\\n嗯啊、嗯嗯嗯嗯嗯……！」"
    },
    {
        "message": "随着鹅掌草的呼吸声，软肉紧紧地缠绕在肉棒上。"
    },
    {
        "message": "即使是龟头和阴茎之间的缝隙，也被褶皱缠绕着不放开。\\n往复的快感倍增，肉棒变得更加坚硬。"
    },
    {
        "name": "ニリンソウ",
        "message": "「啊啊，哈、啊啊啊啊啊！\\n啊啊，一直到最后，都要好好享受……！」"
    },
    {
        "name": "ニリンソウ",
        "message": "「为了你，我准备好了身体……！\\n喜欢的话，嗯嗯，尽情地、尽情地折腾我吧……！」"
    },
    {
        "name": "ニリンソウ",
        "message": "「这样一来，嗯、嗯嗯、感觉会更舒服……！\\n为了让你感到舒服，我努力了！哈啊，啊啊啊！\\n拜托了，团长，团长……！」"
    },
    {
        "message": "恳求的喘息声刺痛着腰部。\\n渴望释放的欲望也传达给了鹅掌草。"
    },
    {
        "name": "ニリンソウ",
        "message": "「哈、啊啊、嗯嗯、你在颤抖吗……？\\n用屁股、全部都能感觉到……\\n哈啊、想要射出来吧……？男人就是会这样的吧？」"
    },
    {
        "message": "稍稍回头的鹅掌草。\\n她眯起的眼睛和发烫的脸颊上也涌动着与我相同的东西。"
    },
    {
        "name": "ニリンソウ",
        "message": "「啊啊、欢迎光临……深入里面、嗯嗯、那里、我会为你打开……！\\n哈啊、只属于你的地方……虽然我也从没碰过……！」"
    },
    {
        "message": "臀部肉贴在脚根处。\\n在被吞没的深处，龟头被细致地舒展开来。"
    },
    {
        "name": "ニリンソウ",
        "message": "「给你……这里，给你！\\n啊啊，哈啊，团长，团长……！\\n来吧，最深处，啊、嗯啊啊！」"
    },
    {
        "name": "ニリンソウ",
        "message": "「要、要高潮了……好舒服……！\\n哈啊、啊啊、准备好了，奖励我吧、啊啊啊啊、啊、嗯嗯嗯！\\n奖励我吧、拜托了呜呜呜呜呜呜……！」"
    },
    {
        "name": "ニリンソウ",
        "message": "「啊啊啊啊啊啊啊……！」"
    },
    {
        "message": "抓住的身体翻转，迎接着巅峰。\\n紧紧挤压的阴道肌肉，也让我释放出了浓烈的欲望。"
    },
    {
        "name": "ニリンソウ",
        "message": "「哈、哈、哈、哈……好厉害呢\\n居然会这样……没、没想到」"
    },
    {
        "message": "指甲深深扣入乳房，忍受着强烈的释放感。\\n红润而痉挛的鹅掌草背后，我滴下了炽热的吐息。"
    },
    {
        "name": "ニリンソウ",
        "message": "「啊啊啊啊……好热，好热♪」"
    },
    {
        "message": "是我的吐息还是射入她体内的精液。"
    },
    {
        "name": "ニリンソウ",
        "message": "「两者都是……都很热……都很开心\\n你的兴奋是证明」"
    },
    {
        "name": "ニリンソウ",
        "message": "「谢谢……最棒的奖励\\n嘿，我的身体……感觉舒服吗？」"
    },
    {
        "message": "毫无感谢之词。\\n多亏你，我已经把精力全部耗尽在鹅掌草里了。"
    },
    {
        "name": "ニリンソウ",
        "message": "「那……今天的工作也要加油哦♪\\n我虽然休息，但你可不是呢？」"
    },
    {
        "message": "听到她的话，我感到惊讶。\\n与休息的鹅掌草不同，明天早上我还得像往常一样去处理工作。\\n直到此刻我才意识到这一点。"
    },
    {
        "name": "ニリンソウ",
        "message": "「快……再磨蹭下去就要天亮了哦？\\n你已经软绵绵的了，快点拔出来睡觉吧\\n啊，胸部，你打算握着到什么时候呢？」"
    },
    {
        "message": "我勉强地顺从着微笑着的鹅掌草。\\n看来在行为之后我们之间并不能产生亲昵的氛围。"
    },
    {
        "name": "ニリンソウ",
        "message": "「记得早上起床哦？\\n我会继续享受我的假期的」"
    },
    {
        "name": "ニリンソウ",
        "message": "「……你的奖励，就留在肚子里吧♪\\n呵呵……工作加油哦～♪」"
    }
]