[
    {
        "name": "スイセン",
        "message": "「团长，没必要这么沮丧哦？\\n失败，谁都会有的。」"
    },
    {
        "message": "就算这样说，如果没有水仙来安慰我会怎么样呢。\\n作为团长，这是无法掩饰的判断失误。\\n稍有差池，部队就会全军覆没。"
    },
    {
        "name": "スイセン",
        "message": "「啊……你更加沮丧了呢\\n与其安慰你，是不是该给你一个可以哭泣的地方呢？」"
    },
    {
        "message": "水仙低头看着我的脸。"
    },
    {
        "name": "スイセン",
        "message": "「请抬起头来，团长」"
    },
    {
        "message": "按照她的要求抬起头，水仙拥抱了过来。\\n女性特有的甜蜜香气扑鼻而来，\\n直接传来的体温让人感到舒适无比。"
    },
    {
        "name": "スイセン",
        "message": "「无论犯了什么错误都没关系\\n作为人类，那是无法避免的事情\\n就算因此而离开的人也不用担心\\n我会一直支持你到最后……」"
    },
    {
        "message": "被她用平静的声音低语着，我便将身体交给了水仙，\\n她轻轻地吻了上来。"
    },
    {
        "name": "スイセン",
        "message": "「啾……嗯、啾……嗯啾、哈姆……啾……\\n药，我要亲口喂你吃……\\n这是能让身心都感到愉悦的药物……啾、嗯……」"
    },
    {
        "message": "药丸在口中被唾液溶解，顺着喉咙流了下去。\\n那种让人头脑变得迷糊的吻持续着，\\n我意识到自己已经倒在床上。"
    },
    {
        "name": "スイセン",
        "message": "「呵呵……团长，你已经变得如此强壮了呢」"
    },
    {
        "message": "水仙微笑着握住了阴茎。\\n炽热膨胀的龟头贴在阴道口上，她蹲下身子。"
    },
    {
        "name": "スイセン",
        "message": "「嗯啊啊……嗯、嗯嗯……啊啊啊……嗯嗯……\\n我的第一次，正在被团长夺走……」"
    },
    {
        "name": "スイセン",
        "message": "「请牢牢地注视着……\\n献出处女之身的瞬间，对于女性来说是件大事……」"
    },
    {
        "message": "水仙将阴茎根部包裹起来，\\n从一个处女变成了一个女人。\\n然后仿佛在欣赏证据一般，开始抚摸下腹部。"
    },
    {
        "name": "スイセン",
        "message": "「这就是团长的触感……真实的肉棒……爱人的象征……\\n哈……即使身体受了伤，也如此可爱……」"
    },
    {
        "message": "虽然她说是第一次，但并没有表现出疼痛。\\n相反地，她陶醉在阴茎的感觉中。"
    },
    {
        "name": "スイセン",
        "message": "「不用担心我\\n如果感到疼痛就无法包容你了，\\n所以我已经吃过药了」"
    },
    {
        "name": "スイセン",
        "message": "「现在我感受到的，只有可爱的肉棒的感觉和快感……」"
    },
    {
        "message": "再次的吻。\\n明明并不需要得到那么多的付出，本应该传达这个意志，\\n但那黏糊糊而温柔的吻却将我的意志覆盖了。"
    },
    {
        "name": "スイセン",
        "message": "「嗯……啾、啾啾、啾……嗯、噗啊……啊嘶、\\n啾啾……呼、呼……就这样动起来吧……嗯、啾啾……」"
    },
    {
        "name": "スイセン",
        "message": "「通过吻和拍打，让自己感受愉悦吧\\n哈姆，啾，嗯嗯，嗯嗯，啾啾……」"
    },
    {
        "message": "原本就很妖艳的水仙开始摇动起她的腰。\\n深入体内的阴茎受到了一种抚摸般的刺激。"
    },
    {
        "name": "スイセン",
        "message": "「啊，嗯嗯，哈、嗯嗯……啊，嗯、啊啊……\\n龟头，在里面摩擦着……嗯哈、哈哈……嗯嗯……」"
    },
    {
        "message": "水仙俯身摇动着腰。"
    },
    {
        "message": "阴茎被滑腻的阴道粘膜包裹着，\\n尽管很小却带来了确凿的快感，身体渐渐变得兴奋起来。"
    },
    {
        "name": "スイセン",
        "message": "「团长……可以随意玩弄我的胸部哦……\\n男人喜欢的胸部……揉捏或者吸都可以哦……」"
    },
    {
        "name": "スイセン",
        "message": "「母乳虽然没有流出来有点寂寞，但那是迟早会……\\n当和你的关系更进一步的时候，就会流出来的……」"
    },
    {
        "message": "细细听似乎在说着可怕的话。\\n但是，手却不停地伸向了乳房。"
    },
    {
        "message": "如同接住被引力拉扯的幸福一样，\\n开始揉捏起了那块幸福。"
    },
    {
        "name": "スイセン",
        "message": "「嗯咕咕，果然你喜欢胸部呢……咳、嗯嗯、\\n用力揉也没关系哦……嗯、哈啊」"
    },
    {
        "name": "スイセン",
        "message": "「咳呀，啊啊……现在的我并不感到疼痛……\\n用力揉捏，只有快感存在着……」"
    },
    {
        "message": "被这么说了，根本无法抑制。\\n自私地享受着柔软肉体的触感，开始摆弄乳头。"
    },
    {
        "name": "スイセン",
        "message": "「啊啊啊！ 啊、嗯、啊啊！ 呜、嗯、啊啊！\\n刚说好就这么大胆地……哈、啊、啊啊！」"
    },
    {
        "name": "スイセン",
        "message": "「小穴也变得更加紧致了……呜、嗯嗯……\\n哈、嗯嗯……鸡巴变得更加可爱了……」"
    },
    {
        "message": "腰部的动作开始变得大胆起来。\\n强烈的刺激传来，下半身充满了力量。"
    },
    {
        "name": "スイセン",
        "message": "「亲吻……这边也来一下吧……啊，嘟，嗯，嘟……\\n上下都要感受到愉悦……嗯，嗯嗯，啊」"
    },
    {
        "message": "就在刚才，还坐在椅子上低着头的时候。\\n与那时相比，现在仿佛置身梦境一般。"
    },
    {
        "name": "スイセン",
        "message": "「嗯嗯，啊啊……你的表情好复杂呢……\\n啊啊，嘟，啊啊……\\n这种短暂的幸福过后会感到寂寞吗……？」"
    },
    {
        "name": "スイセン",
        "message": "「但是，请放心……啊，嘟……啊，嘟，啊啊……\\n无论团长怎样我都不会抛弃你的……\\n绝对不会背叛你的……啊啊，嗯嗯」"
    },
    {
        "message": "甜蜜的话语震颤着鼓膜。\\n用低语试图将心灵紧紧拥抱。"
    },
    {
        "name": "スイセン",
        "message": "「啊，嘟……团长……啊，嘟，啊……\\n我会一直在你身边的……啊，嘟，哦哦……」"
    },
    {
        "name": "スイセン",
        "message": "「不安也好、幸福也好……哦哦、哦哦、啊、嗯……\\n你的一切，我都会包容的……哦哦、嗯、哦哦、哦哦」"
    },
    {
        "message": "多余的思绪烟消云散。\\n循环播放的治愈之声让人觉得只要看着水仙就好。"
    },
    {
        "name": "スイセン",
        "message": "「团长，表情很好呢……啊啊、嗯嗯、啊、嗯……\\n就是这样就好了……只要看着我一个人就能变得幸福……」"
    },
    {
        "message": "全身渐渐变得炽热。\\n仿佛被热情所包围，\\n但嘴唇和肉棒却清晰地感受到了水仙的存在。"
    },
    {
        "name": "スイセン",
        "message": "「嗯、啊啊、嗯、啊啊……嗯、呼……！\\n鸡巴，又变得更大了……嗯、哈、嗯、啊啊啊！」"
    },
    {
        "name": "スイセン",
        "message": "「看来药效开始发作了呢……嗯嗯，呼、\\n啊啊、咕……咕咚，嗯、啊、啊啊啊！」"
    },
    {
        "message": "抽送变得越发剧烈。\\n快感膨胀，一切都在融化。"
    },
    {
        "name": "スイセン",
        "message": "「那个药……其实是毒药……呼啊、啊啊！\\n喝下去后，只能感受到快感……」"
    },
    {
        "message": "难怪一直都感觉如此美好。\\n那么，请给我更多的快感。\\n想要超越药效的刺激。"
    },
    {
        "message": "在沉浸于快感中挤出声音时，水仙露出了愉悦之情。"
    },
    {
        "name": "スイセン",
        "message": "「能感受到到这种程度，还想要更多……\\n哈啊，哈啊……只能拼命努力了呢……！」"
    },
    {
        "message": "她欣喜若狂地笑着，抽送顿时加速。\\n屁股猛地撞击，干燥的皮肤声音充斥整个房间。"
    },
    {
        "message": "床发出尖叫声，\\n雄性和雌性的气味交织在一起，给人一种深沉的沉浸感。"
    },
    {
        "name": "スイセン",
        "message": "「啊，啊呜，啊啊啊呜，啊，啊呜，啊啊啊！\\n团长……嗯，嗯嗯呜呜……请尽情地……！」"
    },
    {
        "name": "スイセン",
        "message": "「在我的小穴里……随你喜欢……\\n就算让我陷入窒息的感觉，也没关系……\\n咕噗，啊，嗯啊，啊，咕，啊啊！」"
    },
    {
        "message": "摇动着乳房摆动臀部，促使射精。\\n随着她的声音射精感变得更加强烈，阴茎开始颤抖。"
    },
    {
        "name": "スイセン",
        "message": "「来吧……咕啊，啊……尽情地……嗯咕……\\n嗯嗯呜……把积蓄的精液全部释放出来吧……！」"
    },
    {
        "name": "スイセン",
        "message": "「嗯哈，啊，啊啊，咕呜呜……嗯啊，啊，啊啊！\\n团长……团长……嗯啊啊呀呀呀！！」"
    },
    {
        "name": "スイセン",
        "message": "「啊啊啊……嗯，啊啊啊啊啊……！\\n肉棒，在小穴里肆虐吧……！\\n滴滴地流出精液来了……嗯，呼呼……」"
    },
    {
        "message": "引导下达到射精的高潮，并堕入快乐的谷底。\\n在紧紧的肉壶中，男性的象征屡次达到高潮。\\n身体失去力气，只有阴茎在跳动并喷出精液。"
    },
    {
        "name": "スイセン",
        "message": "「哈，唔，啊啊……团长……唔、唔……你感觉很舒服吧……」"
    },
    {
        "message": "水仙陶醉地接受着精液。\\n她冷静的美貌被欲望所染，全身散发着愉悦。"
    },
    {
        "name": "スイセン",
        "message": "「嗯，呼……最后，要再来一次吻吗……\\n啾，啾……嗯，啾……嗯呜，啾，啾」"
    },
    {
        "message": "淫荡的亲吻仿佛在宣告着这场行为的结束。"
    },
    {
        "message": "然而，兴奋依旧未消退。\\n我想再次和水仙做爱。\\n在吻的间隙我请求道，她微笑着答应了我。"
    },
    {
        "name": "スイセン",
        "message": "「你还想要吗，和我……\\n嗯，当然可以\\n把一切都交给我吧」"
    },
    {
        "name": "スイセン",
        "message": "「让你的水仙邀请你进入快乐的世界……」"
    },
    {
        "message": "能够再次品尝这份快感。\\n虽然心里觉得不太好，但和水仙进行淫荡的行为让我心跳加速。"
    }
]