[
    {
        "message": "独自房间里和银荆独处时，她带着迷人的笑容向我靠近。"
    },
    {
        "name": "ミモザ",
        "message": "「呵呵，团长怎么了？\\n一直这么坐立不安的……♪」"
    },
    {
        "message": "……不知为何，只是和她在一起，就会感到不安。\\n难道是因为想起了那个夜晚的香气和触感吗？"
    },
    {
        "name": "ミモザ",
        "message": "「……哎呀？团长，这里……\\n呵呵，变得好有精神了呢」"
    },
    {
        "message": "不知何时开始，明明什么都没做，下腹部却有所反应，\\n在下体处竖起了一顶大帐篷。\\n银荆敏锐地发现了这一点，并高兴地摸了过来。"
    },
    {
        "name": "ミモザ",
        "message": "「兴奋起来了呢……♪\\n那么，应该告诉我才对」"
    },
    {
        "name": "ミモザ",
        "message": "「你说过的吧？\\n我的身体，随时都可以随你所愿……呵呵」"
    },
    {
        "message": "说着，银荆开始脱衣服。\\n闻到她罕见地没有喷香水的原生香气，\\n我的异物更加膨胀起来。"
    },
    {
        "name": "ミモザ",
        "message": "「来吧，不用客气的……？\\n尽情地……对我」"
    },
    {
        "message": "银荆挺动着腰部。\\n我也变得无法自拔，勃起的肉棒露出来，从她身后抱住了她……。"
    },
    {
        "name": "ミモザ",
        "message": "「啊……嗯啊啊……！\\n团长的鸡巴，进入了我里面……啊呜！！」"
    },
    {
        "message": "她已经因为期待而兴奋，她的阴道已经被爱液打湿。\\n坚挺的肉棒毫无阻力地深入其中。"
    },
    {
        "name": "ミモザ",
        "message": "「啊啊……好、好硬……而且……啊、热……！\\n一直往里面，啊啊啊！」"
    },
    {
        "message": "龟头到达最深处时，阴道像软软地包裹住整根肉棒，给予甜蜜的刺激。"
    },
    {
        "name": "ミモザ",
        "message": "「啊、呼呼，呼呼……好高兴\\n团长能在最深处，再次，感受到……！」"
    },
    {
        "message": "紧紧抱住银荆的背后，感受着她生命的气息更加浓烈。\\n冲动之下，从下方猛地向上冲刺。"
    },
    {
        "name": "ミモザ",
        "message": "「哎呀啊！？\\n这、这么突然，好、激烈……啊呜！」"
    },
    {
        "name": "ミモザ",
        "message": "「团长……！\\n你这样在我的身体里如此兴奋吗？\\n啊……呼呜！」"
    },
    {
        "message": "被银荆的生香所激发，\\n她温柔地微笑着。"
    },
    {
        "name": "ミモザ",
        "message": "「哈啊……哈啊，嘻嘻，是吗……\\n太好了……作战成功了……♪」"
    },
    {
        "name": "ミモザ",
        "message": "「认为生香更能激发兴奋……\\n今天特意没有喷洒香水过来的哦……？」"
    },
    {
        "message": "银荆调皮地说道。\\n看来，一切都如她所愿。"
    },
    {
        "message": "竟然被她算计得如此彻底，\\n稍稍有些后悔，便猛烈地冲刺了起来。"
    },
    {
        "name": "ミモザ",
        "message": "「啊呀！　啊啊！　哈啊！\\n肉棒在我体内，粗鲁地横冲直撞……啊啊！」"
    },
    {
        "name": "ミモザ",
        "message": "「被、被深处如此刺激……\\n淫秽的液体，停不下来地流淌出来了……！」"
    },
    {
        "message": "正如她所说，每一次冲刺都会从深处流出爱液，\\n连接处发出湿湿的淫靡摩擦声。\\n房间里弥漫着更加浓烈的淫靡香气。"
    },
    {
        "name": "ミモザ",
        "message": "「啊啊……哈啊……啊呀！\\n更多……请在我体内，感受更多……」"
    },
    {
        "message": "将手臂搂向银荆的胸部，\\n她的上身微微颤抖。"
    },
    {
        "name": "ミモザ",
        "message": "「啊啊！？　那、那里……！\\n被、被摸到胸部的话……！」"
    },
    {
        "name": "ミモザ",
        "message": "「我的身体，感觉太舒服了……\\n好像要变得奇怪了……啊呀！」"
    },
    {
        "message": "用两根手指轻抚乳头，\\n乳头就像有芯一样膨胀起来。"
    },
    {
        "name": "ミモザ",
        "message": "「啊啊！　被、被玩弄乳头的话……\\n呼呼，身体，发麻了……！」"
    },
    {
        "message": "银荆的呼吸加快，体温升高。\\n接着用嘴唇沿着她的颈部轻触，她全身轻微颤抖。\\n汗水的气味刺激着鼻腔，让人难以抗拒地感到舒适。"
    },
    {
        "name": "ミモザ",
        "message": "「哈啊……太好了……太舒服了……！\\n颈部感觉太舒服了，让我不禁起鸡皮疙瘩……」"
    },
    {
        "name": "ミモザ",
        "message": "「更多……更多地品味我的身体……\\n团长也，请享受吧……！」"
    },
    {
        "message": "透过头发看向这边的银荆，她的眼眸湿润得仿佛陶醉一般。"
    },
    {
        "message": "在彼此努力加深快感的同时，\\n全身变得炽热，汗水渗出来。"
    },
    {
        "name": "ミモザ",
        "message": "「哈啊、啊啊、哈啊……！　团长的汗味，好浓……！」"
    },
    {
        "name": "ミモザ",
        "message": "「这个味道……喜欢……非常喜欢……！\\n一直，都想感受着……哈……哈……！」"
    },
    {
        "message": "一边揉搓着乳房，一边在阴道内摩擦，\\n银荆的阴道液流出来湿透了床单。\\n肉棒因甜蜜的摩擦感变得异常肿胀。"
    },
    {
        "name": "ミモザ",
        "message": "「哈啊！　啊啊！　哈啊！\\n这、这么用力地，深入到里面的话……！」"
    },
    {
        "name": "ミモザ",
        "message": "「我的小穴，好、好像要坏掉了……\\n啊啊，哈啊、啊啊呜！！」"
    },
    {
        "message": "在持续深入抽插的过程中，阴茎的内部开始发热刺痛。\\n看来，这边也快到极限了。"
    },
    {
        "name": "ミモザ",
        "message": "「哈啊、啊啊、啊啊……！\\n团长的鸡巴，又开始发热了……！」"
    },
    {
        "name": "ミモザ",
        "message": "「哈……团长，你是不是快要射了呢……？\\n在我里面，要射很多精液吧……？」"
    },
    {
        "message": "是的，点头之后，银荆高兴地发出了声音。"
    },
    {
        "name": "ミモザ",
        "message": "「好的……随时欢迎……请随时来！\\n用团长的精液，填满我的最深处吧……！」"
    },
    {
        "message": "为了在她体内达到最高潮，\\n我猛烈地抽送着肉棒，贪婪地享受着阴道粘膜的快感。"
    },
    {
        "message": "银荆的阴道复杂地扭动着，甜蜜地刺激着我的肉棒。\\n看来她也快要达到高潮了。"
    },
    {
        "name": "ミモザ",
        "message": "「哈……呼……哈……！\\n我也太舒服了……啊啊，不行了，不行了……！」"
    },
    {
        "message": "最后一次猛烈地顶击她的最深处，\\n一股强烈的快感涌上下腹部。"
    },
    {
        "name": "ミモザ",
        "message": "「啊啊，要高潮了……！\\n用团长的鸡巴，我要高潮了……啊啊！！」"
    },
    {
        "name": "ミモザ",
        "message": "「呀、啊啊啊啊啊啊啊！\\n团长的精液，在我体内……哈啊！」"
    },
    {
        "message": "伴随着快感，大量浑浊液体喷射进了银荆的深处。\\n她的阴道也收缩着，仿佛在表达着高潮的来临。"
    },
    {
        "name": "ミモザ",
        "message": "「啊……啊……啊……\\n肉棒，热热的，抽搐着，颤抖着……啊，啊」"
    },
    {
        "message": "经历了一阵高潮的余韵后，\\n银荆转过头来对我说。"
    },
    {
        "name": "ミモザ",
        "message": "「啊……怎、怎么样……？\\n我的身体……感觉舒服吗？」"
    },
    {
        "message": "当然，感觉太舒服了差点忘了自己……我回答道。"
    },
    {
        "name": "ミモザ",
        "message": "「这样就好了……♪ 团长先生也很棒呢？\\n肉棒也……还有香味也很棒」"
    },
    {
        "name": "ミモザ",
        "message": "「团长先生也……呵呵♪\\n我的香味……你也喜欢吧？」"
    },
    {
        "message": "沉醉于生活的香气中，银荆开心地微笑着说。"
    },
    {
        "name": "ミモザ",
        "message": "「这样团长先生也变成和我一样喜欢香气的人了吧……\\n呵呵，我很高兴」"
    },
    {
        "name": "ミモザ",
        "message": "「不用担心，没关系的哦？\\n这件事，我会放在心里的」"
    },
    {
        "name": "ミモザ",
        "message": "「呵呵……是的♪\\n我和团长先生的……秘密，知道吗？」"
    },
    {
        "message": "银荆调皮地微笑着，\\n看起来异常妖艳……。"
    }
]