[
    {
        "name": "スノードロップ",
        "message": "「啊，那个……团长大人，我这个，是第一次，可能会给您添麻烦……」"
    },
    {
        "message": "雪花莲害羞地坦白着。我决定尽量温柔地抚摸她的头。"
    },
    {
        "name": "スノードロップ",
        "message": "「谢谢您……团长大人，我喜欢您，真的」"
    },
    {
        "message": "我抱住雪花莲的身体，然后让她躺在床上。"
    },
    {
        "name": "スノードロップ",
        "message": "「嗯嗯……啊啊……！团、团长大人的……嗯嗯，进来了……啊啊……！」"
    },
    {
        "message": "将阴茎的顶端贴近她的秘处，慢慢地往下压下去。"
    },
    {
        "name": "スノードロップ",
        "message": "「呼啊……啊啊，团长大人的，又热又硬……嗯嗯，进入我的身体里了，嗯，我知道……」"
    },
    {
        "message": "那个从未容许任何侵入的地方紧闭着，试图阻止外物的侵入。"
    },
    {
        "message": "然而，即使是那种抵抗的刺激也变成了对阴茎的快感。"
    },
    {
        "name": "スノードロップ",
        "message": "「啊……嗯嗯……！！」"
    },
    {
        "message": "雪花莲因为破处的疼痛而扭曲了表情。看到这一幕，我试图停下腰部的动作。"
    },
    {
        "name": "スノードロップ",
        "message": "「啊，不要……请不要停下……团长大人，请把它插进来……」"
    },
    {
        "name": "スノードロップ",
        "message": "「我没事的……嗯，团长大人，想要怎么样对待我都可以……嗯嗯」"
    },
    {
        "name": "スノードロップ",
        "message": "「希望团长大人能好好品尝我的第一次……嗯嗯，所以，请……团长大人……！」"
    },
    {
        "message": "听到雪花莲的话，重新开始了停滞的腰部动作。"
    },
    {
        "message": "为了尽量不让她感受到疼痛，我轻柔地、慢慢地往下压着腰部。"
    },
    {
        "name": "スノードロップ",
        "message": "「啊呀呢……嗯嗯……啊啊……！！」"
    },
    {
        "message": "终于，阴茎的顶端触及了阴道深处。阴道紧紧地收缩着包裹着阴茎。"
    },
    {
        "name": "スノードロップ",
        "message": "「团长大人……全都进去了吗？」"
    },
    {
        "message": "我轻抚着忍受疼痛的雪花莲的头。\\n雪花莲含着泪水微笑着看着我。"
    },
    {
        "name": "スノードロップ",
        "message": "「嗯，呵呵……太好了，\\n团长大人，您给了我第一次。」"
    },
    {
        "message": "看着她坚强的微笑，内心涌起了无比的爱怜。\\n阴茎依然插在里面，我抚摸着她的乳房。"
    },
    {
        "name": "スノードロップ",
        "message": "「啊，嗯……团长大人……嗯，害羞……呜呜」"
    },
    {
        "name": "スノードロップ",
        "message": "「嗯嗯，胸部……啊啊，被摸到了……\\n啊啊，嗯嗯……被别人摸到，会这样……」"
    },
    {
        "name": "スノードロップ",
        "message": "「啊啊！ 嗯嗯……感觉好……\\n被团长大人摸着，感觉好，呃……啊啊！」"
    },
    {
        "message": "第一次被爱抚她的乳房，雪花莲满脸通红，\\n发出一阵阵闷哼。"
    },
    {
        "name": "スノードロップ",
        "message": "「啊呜、嗯嗯……声音出来了……呃呃呃、\\n……嗯、嗯嗯……不行、还是出声了……！」"
    },
    {
        "message": "用手掌揉搓着丰满的胸部，\\n在那刺激下，雪花莲发出了可爱的娇声。"
    },
    {
        "message": "不久，乳房的尖端开始自主隆起。\\n我用指尖轻轻地刺激着那尖端。"
    },
    {
        "name": "スノードロップ",
        "message": "「啊、嗯嗯呀啊啊！ 嗯嗯！\\n啊，头……啊啊，被摘下来了……啊啊！」"
    },
    {
        "name": "スノードロップ",
        "message": "「我的身体……嗯嗯、抽搐着……啊啊！\\n就像被电击一样……嗯嗯、在颤抖着……！」"
    },
    {
        "message": "每次刺激雪花莲的乳头，她都会扭动身体喘息。\\n看到她可爱的反应，我不由自主地陶醉其中。"
    },
    {
        "name": "スノードロップ",
        "message": "「呜呜……嗯嗯、团长大人好像很中意我，\\n嗯嗯、我好高兴……呼呼、请更加、好好品尝我吧」"
    },
    {
        "message": "说着话，雪花莲害羞地脸红了起来，\\n视线稍稍移开。"
    },
    {
        "name": "スノードロップ",
        "message": "「啊……团长大人，那个……」"
    },
    {
        "message": "这时，雪花莲轻声叫了起来。"
    },
    {
        "name": "スノードロップ",
        "message": "「额……下面的疼痛好像，有点减轻了」"
    },
    {
        "message": "听到那句话，慢慢地退后腰部\\n将阴茎从阴道中抽出。"
    },
    {
        "name": "スノードロップ",
        "message": "「呼……嗯嗯……嗯，没、没事了\\n有点刺痛，但是，不疼了」"
    },
    {
        "name": "スノードロップ",
        "message": "「诶嘿嘿，团长大人真的很温柔呢，\\n谢谢您……所以，团长大人也不要、\\n忍耐了哦？」"
    },
    {
        "message": "听到那句话点头，慢慢地动着腰部。\\n阴道内因为乳房的爱抚，\\n变得湿润而且不再紧绷。"
    },
    {
        "name": "スノードロップ",
        "message": "「呼啊，啊啊……在我里面，团长先生的，\\n嗯嗯呃呃、在动……啊啊啊……好厉害、嗯嗯……！」"
    },
    {
        "name": "スノードロップ",
        "message": "「腰的深处麻木了……嗯嗯呃呃、啊啊……！\\n这、好厉害……呃……\\n啊啊、嗯嗯、感觉、好舒服……！」"
    },
    {
        "message": "看着发出快感的喘息声的雪花莲，慢慢加快了臀部的速度。"
    },
    {
        "message": "阴道温柔地吞没着阴茎，\\n不停地给予快感。"
    },
    {
        "name": "スノードロップ",
        "message": "「嗯嗯、啊啊……团长先生呢？\\n团长先生，嗯嗯，感觉很舒服吗？」"
    },
    {
        "name": "スノードロップ",
        "message": "「确实能和我一起，感觉很舒服吗？\\n如果不是的话，唔……\\n我想要团长先生也能感觉很舒服……！」"
    },
    {
        "message": "对着不安的雪花莲温柔地回答。\\n说实话，感觉太舒服了，都快忘记节制了。"
    },
    {
        "name": "スノードロップ",
        "message": "「嗯嗯，不要控制……\\n想要团长先生，随心所欲地对待我……！」"
    },
    {
        "name": "スノードロップ",
        "message": "「呜呜呜，团长先生……嗯嗯，\\n我、我……请尽情地品尝吧……！」"
    },
    {
        "message": "雪花莲的话让欲望一下子涌了上来。"
    },
    {
        "name": "スノードロップ",
        "message": "「团长先生……啊啊，团长先生……！\\n嗯嗯，我非常喜欢您……我非常喜欢您……！」"
    },
    {
        "message": "伴随着雪花莲的告白，一直忍着的腰部动作\\n瞬间变得又快又有力。"
    },
    {
        "message": "像抓住一样贪恋着雪花莲的身体。\\n在阴道中摩擦着阴茎的快感中，\\n立刻感到头脑变得迷离。"
    },
    {
        "name": "スノードロップ",
        "message": "「啊啊，嗯嗯……啊啊，\\n团长先生的，啊啊，一直在我这里……小穴，\\n搅得好厉害……！ 啊啊啊！！」"
    },
    {
        "name": "スノードロップ",
        "message": "「嗯啊啊，啊啊……好舒服……啊啊！！\\n好舒服……！ 嗯嗯！！」"
    },
    {
        "name": "スノードロップ",
        "message": "「再多一点，嗯嗯，再多一点！\\n团长先生的……嗯嗯，\\n擦得更多小穴里……！」"
    },
    {
        "message": "从平日的她口中绝对听不到的淫秽言辞，\\n更是如同火上浇油般激发着兴奋。"
    },
    {
        "name": "スノードロップ",
        "message": "「啊啊，嗯嗯，嗯嗯……好喜欢……啊啊，非常喜欢你……！ 啊啊！！」"
    },
    {
        "message": "雪花莲的阴道仿佛在抽搐一般颤动。\\n这种颤动更加甜蜜地刺激着阴茎。"
    },
    {
        "name": "スノードロップ",
        "message": "「啊啊，嗯嗯，团长先生，嗯嗯，\\n我、我……啊啊，要高潮了……要高潮了！」"
    },
    {
        "name": "スノードロップ",
        "message": "「嗯嗯，虽然是第一次……啊啊，要高潮了！\\n啊呀！ 嗯嗯，在团长先生的肉棒下要高潮了……！」"
    },
    {
        "message": "雪花莲的手紧紧抓住床单，\\n背部猛地向上拱起。"
    },
    {
        "name": "スノードロップ",
        "message": "「啊啊，要高潮了，高潮了高潮了……！\n嗯嗯啊，嗯嗯啊啊啊啊啊！！！！！」"
    },
    {
        "name": "スノードロップ",
        "message": "「嗯，嗯，嗯……嗯那啊啊啊啊！！！！」"
    },
    {
        "message": "就在雪花莲发出异常大的喘息声的瞬间，\n我也同时到达了极限。"
    },
    {
        "name": "スノードロップ",
        "message": "「啊，嗯嗯呜呜，在我里面，\n嗯，抖动着……啊啊，精子……出来了。」"
    },
    {
        "name": "スノードロップ",
        "message": "「团长……嗯，射精了……\n啊啊……好高兴呢……嗯嗯」"
    },
    {
        "message": "只有女性才能体会到的快感中，\n雪花莲发出了欢喜的叹息。"
    },
    {
        "name": "スノードロップ",
        "message": "「啊啊……团长，我，我……\n感觉好舒服……好幸福……」"
    },
    {
        "message": "听到雪花莲的低语声，我倒在她身上。\n一段时间里，我们紧紧拥抱着彼此的身体平复呼吸。"
    },
    {
        "name": "スノードロップ",
        "message": "「……唔、唔唔唔唔」"
    },
    {
        "message": "终于，雪花莲在胸中轻轻地呻吟了一声。\n看到她，耳朵都红透了。"
    },
    {
        "name": "スノードロップ",
        "message": "「我、我、我……我做了多么羞耻的事情……」"
    },
    {
        "message": "看样子她在回忆着行为中的事情。\n安慰着她，她渐渐抬起了头。"
    },
    {
        "name": "スノードロップ",
        "message": "「但、但是……感觉好舒服啊，\n那个……团长大人，请再……对我……做一次吧！ 呃嘿嘿！」"
    }
]