[
    {
        "name": "パフィオペディルム",
        "message": "「最近，我有一种感觉……和你在一起时，特别强烈\\n不同于战斗的喜悦……心跳的感觉也不一样」"
    },
    {
        "message": "下班后的夜晚。\\n表达了感谢得到帮助后，直直地回答了我的目光。"
    },
    {
        "name": "パフィオペディルム",
        "message": "「为了确认那是什么，我才让你帮忙\\n虽然不习惯办公室工作……看来，还是值得的」"
    },
    {
        "message": "目光接近。\\n轻巧地，没有机会反问的时机和速度。"
    },
    {
        "name": "パフィオペディルム",
        "message": "「……啾」"
    },
    {
        "message": "一瞬间被柔软的触感冲昏了头脑。\\n她凝视着我，\\n然后抓住了我的胸部。"
    },
    {
        "name": "パフィオペディルム",
        "message": "「……大概就是这样吧\\n但还不够……还不够确信\\n我想要明白心跳的理由」"
    },
    {
        "name": "パフィオペディルム",
        "message": "「如果能确定这件事，我会变得更加强大\\n为了那个……你会帮助我吗？」"
    },
    {
        "message": "从丰满的胸部深处传来激荡的心跳。\\n思维赶上了毫无误会的发展，我向她确认。"
    },
    {
        "name": "パフィオペディルム",
        "message": "「啊……我想要，你抱着我\\n我考虑了一番，才采取了这种行动……你不会拒绝吧？」"
    },
    {
        "name": "パフィオペディルム",
        "message": "「嗯，好强壮……肚子，好像要爆炸了……嗯，嗯嗯，嗯嗯」"
    },
    {
        "message": "兜兰是个处女。"
    },
    {
        "message": "某种意义上来说，这是可以预料的。\\n她沉迷于战斗的喜悦，全神贯注于战斗之中。\\n或许正因为没有遇到过这样的机会，她才会一直保持着这份纯洁。"
    },
    {
        "name": "パフィオペディルム",
        "message": "「哈啊，哈啊，哈啊……啊，这就是你吗……」"
    },
    {
        "message": "即使在破处的痛苦中，兜兰也没有流露出任何表情。\\n她眯起了眼睛，炽热的目光和呼吸传达出她内心的情感。"
    },
    {
        "name": "パフィオペディルム",
        "message": "「凶器啊……\\n肚子里好热……虽然曾经被害虫刺伤过，但这更甚一筹\\n呼呼……竟然携带着如此凶器」"
    },
    {
        "name": "パフィオペディルム",
        "message": "「你用这把凶器……要如何对待我？\\n因为是第一次……你可以认为我不会反击哦？」"
    },
    {
        "message": "她用一种挑衅的眼神仰视着我。\\n处女的紧缩也仿佛在挑衅地将我夹紧。\\n虽然可能是无意识的用力，但却被传达到了我的心中。"
    },
    {
        "message": "于是，我用力抓住了丰满的乳房。\\n以那丰满的乳房为支点，向好战的佣兵发起了挑战。"
    },
    {
        "name": "パフィオペディルム",
        "message": "「呜……嗯嗯嗯！\\n用、用力吗……嗯，呜呜，嗯啊啊！」"
    },
    {
        "message": "强势的腰部运动让自己的形态深深印入记忆。\\n压制长身体型所带来的优越感，拒绝对处女的怜悯。"
    },
    {
        "name": "パフィオペディルム",
        "message": "「嗯嗯……不错，不错……！\\n当然，我也考虑到了这种情况……！来吧，团长……！\\n让我看看更多……你给我看！」"
    },
    {
        "name": "パフィオペディルム",
        "message": "「我想看到像男人一样的你……！\\n无论什么事情……都想要你告诉我！」"
    },
    {
        "message": "毫不责备她强势的态度，接纳了帕菲奥佩迪卢姆。\\n对着鼻尖传来的愿望，欲望沸腾，渴求更进一步的行为。"
    },
    {
        "name": "パフィオペディルム",
        "message": "「咕噜……嗯嗯！？ 腹部深处，扭动着……\\n这也……相当刺激……呼呼，嗯啊」"
    },
    {
        "message": "她从未触及过的腹部深处。\\n第一次接纳男性的阴道深处被龟头揉搓。\\n长身体型痉挛着，经过锻炼的下半身紧紧夹住肉棒。"
    },
    {
        "message": "虽然有一种挤压感，但已经不需要强硬了。\\n接纳男性的肉穴里渗出润滑油。"
    },
    {
        "name": "パフィオペディルム",
        "message": "「啊，啊，原来……我，湿了吗\\n被你，攻占着内心深处……嗯，咕噜噜\\n有什么在扩张……被你攻占着，扩张着」"
    },
    {
        "name": "パフィオペディルム",
        "message": "「这就是，快感……吗？ 腹部深处，在疼痛……咕噜\\n深处……开始疼痛起来了……嗯，嗯啊啊！？」"
    },
    {
        "message": "为了引出那种触感，她将嘴巴贴在摸索过的乳房上。"
    },
    {
        "name": "パフィオペディルム",
        "message": "「唔、胸部……你的舌头，在游走……啊啊呃、啊啊呃\\n发麻的感觉，涌上来了……嗯嗯啊、呼呼、啊啊！」"
    },
    {
        "message": "从她的娇声中已经溢出了一种艳丽。这是一个激起我的欲望的女人的声音。"
    },
    {
        "message": "寻求战斗，寻求刺激，在孤身赴战场的女神。\\n用与战斗时相同的声音，让我听到女人的喘息声。\\n她让我感觉到满足了她男子气概的态度。"
    },
    {
        "name": "パフィオペディルム",
        "message": "「嗯啊、呼呼……发麻的感觉变得更强烈了……咕噜\\n腹部和胸部都……嗯、呼呼、团长，为什么，只有这个……\\n嗯嗯啊、啊啊……最初的强硬在哪里？」"
    },
    {
        "message": "并没有触及到坚挺的乳头。\\n也没有刺激花瓣深处。"
    },
    {
        "name": "パフィオペディルム",
        "message": "「呼呼、呼呼、原来如此，是吧……这是重要的事情\\n无论是战斗中……肯定，在这种事情中也是如此，这是重要的事情」"
    },
    {
        "message": "察觉到我的心思，兜兰深深地笑了起来。\\n在那双细长的眼瞳深处，性的火焰在摇曳。"
    },
    {
        "name": "パフィオペディルム",
        "message": "「在逗弄我……引诱着我吗？\\n你是想让我，用自己的嘴……说出来，是这样吗？」"
    },
    {
        "message": "面前火热的美貌，并没有让我感到懊恼。"
    },
    {
        "message": "阴道紧紧地缠绕着。\\n让眼神迷离，湿润，战场女神迎合了男人的欲望。"
    },
    {
        "name": "パフィオペディルム",
        "message": "「肚子里……胸部……都很烦躁\\n被逗弄的快感之处……已经，无法忍受了\\n想要被你……攻占」"
    },
    {
        "name": "パフィオペディルム",
        "message": "「再来激烈一点……扰动我的内心\\n乳头变得坚硬……想要你的舌头，渴望着，疼痛着……」"
    },
    {
        "name": "パフィオペディルム",
        "message": "「团长……啊、团长\\n就这样……让我感到舒服吧」"
    },
    {
        "message": "平时的坚毅已经融化，渴求着女人的快乐。\\n在她的眼神和身体的甜蜜中，男人的欲望迸发了。"
    },
    {
        "name": "パフィオペディルム",
        "message": "「啊、啊、啊、啊啊啊啊！？\\n来、来了……！　所有美好的感觉都来了……！」"
    },
    {
        "message": "吸吮乳头，蹂躏阴道。\\n为了让兜兰在双重刺激下陷入狂乱，\\n全身心地强行将爱进行到底。"
    },
    {
        "name": "パフィオペディルム",
        "message": "「啊、嗯啊、身体……崩溃了……！\\n太舒服了，要完蛋了……！\\n啊啊啊啊啊啊啊啊！」"
    },
    {
        "name": "パフィオペディルム",
        "message": "「团长、团长……！ 我，好舒服……！\\n胸部、肚子里，全部都好舒服……！\\n全部、全部……要发疯了！\\n啊啊、啊啊、让我发疯吧，团长！」"
    },
    {
        "message": "祈求女神的表情让心脏和欲望失控。\\n肉体相连处传来的拍击声和爱液泛起的气泡声，\\n也让这边无法抑制内心的蔓延前兆。"
    },
    {
        "message": "兜兰难道知道那之后会发生什么吗？\\n沉迷于进攻的思绪让他开口提出这个问题。"
    },
    {
        "name": "パフィオペディルム",
        "message": "「当然知道……你的话，我不在乎……！\\n啊，我明白……你是想要在我的内心深处\\n射出来吧！？」"
    },
    {
        "name": "パフィオペディルム",
        "message": "「我也想要……你的东西……！\\n射进来……精液，射进我里面……\\n啊啊、啊啊、射进来！ 啊、嗯啊！」"
    },
    {
        "message": "回答激发了勃起。\\n攻陷颤抖的女神花径，将欲望深深压迫至内心深处。"
    },
    {
        "name": "パフィオペディルム",
        "message": "「呼呼、啊啊呀、我也要到了！　要到了、要到了！\\n被你攻击着……啊、啊、啊、啊！\\n要到了！！！！」"
    },
    {
        "name": "パフィオペディルム",
        "message": "「呼……啊啊啊……啊啊，啊啊啊啊啊\\n我……来了\\n被你……攻陷了……来了♪」"
    },
    {
        "message": "在高潮中，我们的身体绷紧着。\\n被挤压着，将精液喷射到子宫口。"
    },
    {
        "name": "パフィオペディルム",
        "message": "「嗯……啊，好多，都出来了\\n肚子里，好像要烫伤了……呼，呵呵呵」"
    },
    {
        "message": "在余韵中微弱的声音。\\n但从她的表情中，透露出一种渗人的幸福。"
    },
    {
        "message": "相互凝视，调整着呼吸。\\n当余韵渐渐消退时，兜兰仿佛恳求般地向我靠近。"
    },
    {
        "name": "パフィオペディルム",
        "message": "「嘿，这次……你能主动来个吻吗？」"
    },
    {
        "message": "在她的呢喃中，我吻上了湿润的双唇。"
    },
    {
        "message": "当然，并不深。\\n只是轻轻触碰的轻吻而已。"
    },
    {
        "name": "パフィオペディルム",
        "message": "「啾……呵呵，果然不一样」"
    },
    {
        "message": "鼻尖上，兜兰眯起了眼睛。\\n舔了舔自己的嘴唇，露出了妩媚的微笑。"
    },
    {
        "name": "パフィオペディルム",
        "message": "「第一次和现在……感觉不一样\\n肯定是因为我的心变得坚定了……是这样吧」"
    },
    {
        "name": "パフィオペディルム",
        "message": "「对你的感情……我已经清楚地意识到了\\n不是模糊的，而是清晰地……除了战斗之外，我还喜欢其他东西……感觉很幸福」"
    },
    {
        "message": "她多次投来目光。\\n那种热情仿佛是战斗的激昂，但却明显地不同。"
    },
    {
        "name": "パフィオペディルム",
        "message": "「喜欢你……团长\\n想要一直和你在一起……这样想着\\n呵呵……虽然真的能变得更强还有点可疑♪」"
    }
]