[
    {
        "message": "在水仙的帮助下，完成了今天的工作。\\n和她两个人在一起总是让我很在意，\\n很难集中精力工作。"
    },
    {
        "name": "スイセン",
        "message": "「团长……你盯着我看得太过了吧？\\n一直以来，你那炽热的目光都在刺痛着我。」"
    },
    {
        "name": "スイセン",
        "message": "「啊，别在意\\n我知道你是故意的，所以才没有说出来」"
    },
    {
        "message": "把笔放在桌子上，水仙悄悄地靠了过来。"
    },
    {
        "name": "スイセン",
        "message": "「明明想要伸出手却无法做到，感到很焦躁对吧？\\n这样感受到我近在咫尺的心情，感觉如何？」"
    },
    {
        "message": "工作时回想起先日的奉仕活动，\\n那一幕更加清晰地浮现在脑海中。"
    },
    {
        "name": "スイセン",
        "message": "「想和我发生关系……是吧？\\n我知道的，所以请放心」"
    },
    {
        "message": "用熟练的动作把药丸含入口中，她又贴了上来。"
    },
    {
        "name": "スイセン",
        "message": "「啵嘟、啵嘟……\\n这次调配的效果比上次更强……\\n嗯、啵嘟……请放心地吞下去……」"
    },
    {
        "message": "和前几天一样，药物在唾液的作用下渗入体内。\\n被持续的亲吻和她的爱抚所诱导，\\n裤子里的阴茎膨胀起来。"
    },
    {
        "name": "スイセン",
        "message": "「呵呵，团长先生的阳具真是硬邦邦的呢\\n精液已经渗出来了，\\n好像在催促着想要快点进入我体内」"
    },
    {
        "message": "水仙愉悦地触摸着阴茎。\\n这根硬邦邦的雄性象征，\\n对轻微的触感表现出过度的反应。"
    },
    {
        "name": "スイセン",
        "message": "「那么，就引导进去吧……」"
    },
    {
        "message": "阴茎被深深地吞没在甜蜜和紧致之中。"
    },
    {
        "name": "スイセン",
        "message": "「啊啊……嗯嗯……果然好强壮……啊、\\n压迫感让人难以忍受……嗯哈哈哈……」"
    },
    {
        "message": "下意识地想要扭进更深处。\\n然而，阴茎却停滞不前，无法到达更深处。"
    },
    {
        "name": "スイセン",
        "message": "「请不要动得太厉害\\n等到膨胀开始了，我会让你尝尽深处的滋味」"
    },
    {
        "message": "水仙纤细的手指抚摸着阴茎的后缝。\\n几乎要进入肉洞里的阴茎微微颤抖着。"
    },
    {
        "name": "スイセン",
        "message": "「看来药效相当不错呢\\n但是，如果你太过挣扎的话，小穴里就会流出来哦？」"
    },
    {
        "name": "スイセン",
        "message": "「一直……想要留在这里对吧？\\n想要一直待在这个舒适的女人洞里，对吧？」"
    },
    {
        "message": "水仙的手指反复抚摸着阴茎。\\n用轻声细语的力度，有些刁钻地挑逗着。"
    },
    {
        "name": "スイセン",
        "message": "「嗯……如果你想要在我的小穴里感到愉悦，\\n请温柔地抚摸我的大腿吧」"
    },
    {
        "name": "スイセン",
        "message": "「还是说，你想要被我玩弄呢？\\n如果是这样的话，请轻轻戳一下我的大腿」"
    },
    {
        "message": "毫不犹豫地抚摸着大腿。\\n比起被拒绝，更渴望刺激。"
    },
    {
        "name": "スイセン",
        "message": "「你想要我的小穴对吧……知道了\\n我会慢慢地、让你尽情享受这淫荡的洞穴……」"
    },
    {
        "message": "水仙开始扭动着腰部。\\n终于，阴茎与阴道粘膜开始摩擦。"
    },
    {
        "name": "スイセン",
        "message": "「嗯……呼呼……动起来之后，\\n鸡巴的反应更好了呢……啊、嗯……」"
    },
    {
        "name": "スイセン",
        "message": "「明明没有那么剧烈，却颤抖得这么厉害……\\n屁股都抽搐起来了……啊，嗯嗯……」"
    },
    {
        "message": "水仙再次开始抚摸着阴茎。\\n龟头被淫秽的肉体所包裹，龟头下的脊梁被纤细的手指挑逗着，\\n早早地显露出射精的迹象。"
    },
    {
        "name": "スイセン",
        "message": "「嗯、啊、嗯……啊、哈……嗯嗯，\\n团长身体的紧绷感，有点奇怪呢\\n已经想要射精了吗？」"
    },
    {
        "name": "スイセン",
        "message": "「药效看来已经很好了，\\n即使想要射精也不奇怪哦？」"
    },
    {
        "message": "明知道却依然细细地舔舐着。\\n并不剧烈，但却无法停止刺激。"
    },
    {
        "name": "スイセン",
        "message": "「唔、嗯嗯……鸡巴的抽搐，停不下来呢\\n果然是想要射精了吧……」"
    },
    {
        "name": "スイセン",
        "message": "「虽然想说让你射出来也没关系……但是，\\n这么快就射出来的话，我也没有继续服务的价值了」"
    },
    {
        "name": "スイセン",
        "message": "「伴随着快感的服务呢……稍微延长一点，我也会很高兴的哦？」"
    },
    {
        "message": "那么，请至少动作正常一点。\\n我低声说道，立刻就得到了回应。"
    },
    {
        "name": "スイセン",
        "message": "「这种辛苦，是因为感觉舒服的缘故吧？\\n让许多研究者都为之倾倒的，伴随快感而来的痛苦。」"
    },
    {
        "name": "スイセン",
        "message": "「对女性来说，嗯，不行……是一样的\\n所以，无法停下……呼呼呼」"
    },
    {
        "message": "臀部抬起。\\n想要射出来，不小心将阴茎送入更深处。"
    },
    {
        "name": "スイセン",
        "message": "「嗯嗯！？　不行了……团长\\n还不能射出来……」"
    },
    {
        "name": "スイセン",
        "message": "「如果你比我先射出来的话，我就再也不会侍奉你了哦？\\n享受着能感到快感的药物性交，我的侍奉……\\n你肯定想一遍又一遍地品尝吧？」"
    },
    {
        "message": "虽然想射精，但不想再次失去这种快感。\\n颤抖着用力夹紧大腿，克制住射精。"
    },
    {
        "name": "スイセン",
        "message": "「呼呼呼……团长你真是容易懂啊\\n你拼命的模样，全部都传达到了呢？」"
    },
    {
        "message": "水仙笑了起来，而我只是拼命地挣扎。\\n稍有疏忽就会丧命，与她的行为将成为最后一次。"
    },
    {
        "name": "スイセン",
        "message": "「要再激烈一点吗……小穴的刺激，你还想要更多吧？」"
    },
    {
        "message": "这里要激烈一点吗？\\n满怀期待和不安，喉咙一阵干涩，迎接着强烈的快感。"
    },
    {
        "name": "スイセン",
        "message": "「那么，我会激烈一点哦？请不要射出来哦？」"
    },
    {
        "message": "问题提出后，全身的重量增加了。\\n阴茎深深刺入，床开始发出嘎吱嘎吱的声音。"
    },
    {
        "name": "スイセン",
        "message": "「嗯、啊、咕、嗯！\\n紧紧地夹住，像在爱抚肉棒一样……」"
    },
    {
        "name": "スイセン",
        "message": "「啊、啊、嗯咕、嗯嗯！\\n哈哈，肉棒还好吗？\\n已经到极限了吗？」"
    },
    {
        "name": "スイセン",
        "message": "「就算是这样，我也不会停下来的……\\n喀、啊、呼、嗯、啊啊、嗯、嗯嗯！」"
    },
    {
        "message": "索性放弃也许更好。\\n龟头热得似乎随时都可能流出精液。"
    },
    {
        "name": "スイセン",
        "message": "「哈呼、嗯、啊、咕呜、嗯、啊啊呜、\\n还不行……呜、嗯呜！\\n请忍耐……哈啊！」"
    },
    {
        "name": "スイセン",
        "message": "「但是，我并不是个残忍的人\\n无论怎么忍耐都明白会变得无法忍耐」"
    },
    {
        "name": "スイセン",
        "message": "「所以，请忍耐等我数到二十\\n之后，尽管射出来也没关系」"
    },
    {
        "message": "数字二十仿佛是攀登不上的高墙。\\n究竟，还能忍耐到那个地步吗？"
    },
    {
        "name": "スイセン",
        "message": "「开始了……二十、十九、十八、十七……快点，忍耐哦\\n请忍耐……再数到十六就结束了哦……」"
    },
    {
        "name": "スイセン",
        "message": "「十六、十五、十四……哈啊、嗯嗯呜、啊呜、啊啊！」"
    },
    {
        "message": "想要尽快射出来。\\n明明知道还有倒数，却禁不住扭动着腰部。"
    },
    {
        "name": "スイセン",
        "message": "「不可以动……如果再动的话，我会增加倒数的哦？\\n只剩下十三了哦……在那之前，请好好享受我的小穴」"
    },
    {
        "name": "スイセン",
        "message": "「十三、十二、十一、十……终于只剩个位数了♪\\n加油哦……再坚持一下，\\n以后也能继续品尝我的身体哦？」"
    },
    {
        "message": "无需确认。\\n比起确认，希望你继续倒数。"
    },
    {
        "name": "スイセン",
        "message": "「……十、十一、十二」"
    },
    {
        "message": "为什么会增加呢。\\n捏了一下她的大腿，诉说着。"
    },
    {
        "name": "スイセン",
        "message": "「啊，对不起……只是想开个小玩笑而已♪\\n我会好好倒数的」"
    },
    {
        "name": "スイセン",
        "message": "「十、九、八、七、六、五、四、三……\\n呵呵，来了呢……再三就射精了\\n准备好了吗？ 零就射出来哦？」"
    },
    {
        "message": "鼻息粗重地点了点头，等待着最后的瞬间。"
    },
    {
        "name": "スイセン",
        "message": "「那么最后，尽量不要后悔地射出来哦♪\\n三、二、一……」"
    },
    {
        "name": "スイセン",
        "message": "「……零♪」"
    },
    {
        "name": "スイセン",
        "message": "「嗯！ 啊啊啊……！ 真厉害……！\\n肉棒和腰部都在猛烈地颤动着……♪」"
    },
    {
        "message": "全身痉挛着。\\n从发热到不知所措的阴道口，\\n喷出了早已迫不及待的浑浊液体。"
    },
    {
        "message": "老实说很辛苦。\\n但因此感觉很舒服。\\n感觉很舒服又很辛苦，头脑都要变得不正常了。"
    },
    {
        "name": "スイセン",
        "message": "「嗯嗯，呼……嗯，快射出来吧\\n就算把我弄得一团糟也没关系」"
    },
    {
        "message": "虽然不是因为水仙的话，但我射出了极度干涸的精液。"
    },
    {
        "message": "身体已经不听使唤了。\\n累得连一根手指都不想动。"
    },
    {
        "name": "スイセン",
        "message": "「呵呵，真的很粘稠……被精液弄脏，感觉好淫荡……♪」"
    },
    {
        "message": "我已经没有心思说什么了。\\n就算说是粘稠，也搞不清楚到底发生了什么。"
    },
    {
        "name": "スイセン",
        "message": "「能让你射出这么多，我觉得我的服务是值得的\\n但是……可能有点做得过头了」"
    },
    {
        "name": "スイセン",
        "message": "「拼命忍耐的团长变得太可爱了♪」"
    },
    {
        "message": "虽然她在道歉，但她的手却摩挲着阴茎。\\n毫不在意精液的沾染。"
    },
    {
        "name": "スイセン",
        "message": "「以后也请继续展现可爱的一面吧\\n我的……珍贵而可爱的团长」"
    }
]