[
    {
        "message": "——莉莉伍德　埃伦贝尔克骑士学校　讲堂的休息室——。"
    },
    {
        "message": "距离乌头的特别讲座只剩一点时间了。\\n在这种情况下，随时有导览员少女来到休息室也不奇怪。\\n如果被少女叫到，\\n乌头就必须前往讲堂的舞台。"
    },
    {
        "name": "トリカブト",
        "message": "「……？ 这个门，锁坏了……？\\n嘻嘻……这边有很多化妆用具……\\n……哇，那边的镜子好大……」"
    },
    {
        "message": "在这样的情况下，乌头对休息室的摆设充满了兴趣。\\n……但是，我明白了。\\n她因为紧张才会在室内走来走去，\\n说话也变多了。"
    },
    {
        "message": "能不能想办法缓解一下紧张呢……。正在思考着的时候，被人突然拉住了袖口。"
    },
    {
        "name": "トリカブト",
        "message": "「……嘿嘿，团长……」"
    },
    {
        "message": "乌头斜视着向这边仰望着。\\n这难道是……。"
    },
    {
        "name": "トリカブト",
        "message": "「……团长，要不要做爱……？」"
    },
    {
        "name": "トリカブト",
        "message": "「嘻嘻……好厉害的……\\n色色的……」"
    },
    {
        "name": "トリカブト",
        "message": "「镜子里映出的我的小穴，裂开了……\\n团长，怎么样……？\\n团长的肉棒，要进来这里了……」"
    },
    {
        "message": "被乌头要求性交，拒绝是不可能的。\\n甚至在性交的「关键时刻，八成以上已经勃起完毕。"
    },
    {
        "message": "于是乌头提出的建议是，在休息室里的大镜子前，映出彼此连接部位的交合。"
    },
    {
        "message": "但是，让引导员少女看到这样的场景是不妥的，所以在进行行为之前，确实地把门锁好了。"
    },
    {
        "name": "トリカブト",
        "message": "「啊啊……我的小穴，期待着团长的肉棒，\\n在颤抖着……\\n瞧，看……\\n黏黏的汁液，已经满溢出来了……」"
    },
    {
        "message": "从镜子里映出的乌头的蜜穴中，\\n流淫秽的体液滴答滴答地滴落下来。\\n渴望着被肉棒挑逗着的时刻。"
    },
    {
        "name": "トリカブト",
        "message": "「团长……进来吧……？\\n用肉棒，在我的小穴里，\\n热～烈地亲吻……？」"
    },
    {
        "message": "在热情中，将乌头的身体压下去。\\n性器和性器逐渐靠近。"
    },
    {
        "message": "然后——映在镜子中的两人的性器，\\n伴随着粘稠的水声声音，混合成一体。"
    },
    {
        "name": "トリカブト",
        "message": "「啊啊……进来了……！\\n团长……看，看镜子……\\n团长的肉棒，膨胀得厉害，\\n小穴，被撑得这么开……！」"
    },
    {
        "name": "トリカブト",
        "message": "「啊啊……团长的体温，传达到里面……\\n嗯嗯……啊呜呜……！」"
    },
    {
        "message": "插入的瞬间，包裹龟头的是一股热得仿佛要灼伤的温度。\\n炽热而湿润的触感，带来了剧烈的快感麻痹。"
    },
    {
        "name": "トリカブト",
        "message": "「啊啊……镜子里……变得好厉害……！\\n我的小穴，越来越多地吞噬着肉棒呢……！」"
    },
    {
        "message": "咚咚地有力地搏动着的雄性象征，\\n埋没在天真无邪的缝隙中。\\n映入镜中的是如此背离道德的景象。"
    },
    {
        "message": "这种体格差异。性器发育的差异。但是，这个……实在是太好了。\\n或许因为客观地看待自己进行多么不道德的性行为，勃起力量增加了三成……不，四成。"
    },
    {
        "name": "トリカブト",
        "message": "「嗯咕……哈啊啊……！\\n团长，到了……\\n龟头……深深地进入我最深处了……！」"
    },
    {
        "name": "トリカブト",
        "message": "「啊啊啊啊……团长，看镜子……\\n太厉害了……连接在一起了……嗯咕，哈啊……\\n我的小穴里，有根粗大的肉棒……\\n插到根部了……」"
    },
    {
        "message": "镜中映出淫荡的交合部——相连的性器彼此如同寻求般齐心协力地颤动着。"
    },
    {
        "name": "トリカブト",
        "message": "「啊啊啊……为什么呢……\\n明明还没有被敲打，只是团长的鸡巴进来了，\\n就这么舒服……就这么幸福……」"
    },
    {
        "message": "另外，在和乌头发生性关系时，\\n有一些注意事项。"
    },
    {
        "message": "首先，要温柔地插入，不要伤害她娇小的阴道。\\n其次，一定要进行多次中出，用热精液来保持她的小腹不会受凉。\\n然后第三点是——。"
    },
    {
        "name": "トリカブト",
        "message": "「嗯嗯……啊啊、啊啊啊！ 团长，我要高潮了……！\\n鸡巴在里面，好幸福……！\\n啊啊……高潮了、高潮高潮高潮……！！」"
    },
    {
        "message": "扑通！扑通！\\n乌头娇小的身体，在突如其来的高潮中跳动着！蹦跳着！\\n软绵绵的阴道肉仿佛在挤取精液一般，\\n紧紧地收缩着！"
    },
    {
        "message": "第三点注意事项——。\\n那就是，在这甜美的阴道收缩中被卷入，\\n要忍住不要立即射精！"
    },
    {
        "name": "トリカブト",
        "message": "「啊啊啊啊啊……！ 团长，我喜欢你……喜欢你、喜欢你、喜欢你……！」"
    },
    {
        "message": "忍住射精的感觉，开始配合『喜欢你』的节奏扭动腰部。\\n每当这边抬起腰部时，乌头的身体就会弹跳起来。"
    },
    {
        "name": "トリカブト",
        "message": "「啊、啊、啊啊啊啊……！\\n敲打开始了……！\\n啊啊、团长……我喜欢你、喜欢你……！」"
    },
    {
        "message": "镜子里的景象太过刺激。\\n鸡巴露出，又埋没，露出，又埋没……。\\n一次又一次地戳进乌头的阴道缝隙。"
    },
    {
        "message": "啪嗒！咕嘟！嗯嘟！扑嗒！\\n淫荡的汁水声在房间里回荡。\\n鸡巴上满是湿漉漉的爱液在闪闪发光，\\n随着腰部的摆动四处飞溅。"
    },
    {
        "name": "トリカブト",
        "message": "「啊啊啊……！\\n我的小穴，已经记住了团长的形状……！\\n感受着鸡巴的形状在小穴中……！！」"
    },
    {
        "message": "正如乌头所说。\\n或许是几乎每天不间断地做爱的成果，\\n她的阴道已经开始与我的阴茎形状相契合。"
    },
    {
        "message": "阴道的觉醒——确实应该这样解释这种现象。\\n刚开始做爱时，她那紧紧的程度曾经让我欢喜不已。\\n然而随着进出的次数增多，不仅仅是紧绷，\\n还能品尝到像融化般甜蜜的紧缩感。"
    },
    {
        "name": "トリカブト",
        "message": "「团长……我想要……\\n想要你在里面……！\\n啊啊啊啊、啊、啊啊……！\\n热热粘稠的精液，流进肚子里……！！」"
    },
    {
        "message": "我也快到极限了。\\n好吧，就像解开演讲压力一样，\\n给你一个最棒的中出礼物吧。"
    },
    {
        "message": "……就在做出了那个决定的时候。"
    },
    {
        "message": "咚咚、咚咚。"
    },
    {
        "name": "トリカブト",
        "message": "「……！？」"
    },
    {
        "message": "控制室的门被敲响了。一名引导员小姑娘来到了这里！\\n在门的另一边传来\\n『乌头大人，前来接您了』\\n的声音。"
    },
    {
        "name": "トリカブト",
        "message": "「嗯啊啊，来了吗……\\n啊嘿啊啊……但是，在这么美好的地方，\\n做爱……我停不下来！！」"
    },
    {
        "message": "啪嗒！咕噜！哗啦！\\n淫秽的水声迸发着。\\n爱液和忍耐汁混合成了性感的鸡尾酒，地板上一片黏糊糊。\\n而且因为性爱的热度，镜子都起了雾，两人都满身大汗。"
    },
    {
        "name": "トリカブト",
        "message": "「呜呜……团长，怎么办……啊啊啊啊！\\n如果在骑士学校被发现在这里做爱，\\n说不定会被开除吧！！」"
    },
    {
        "message": "――好了。首先要继续做爱，同时透过门告诉引导员小姑娘『马上就过去』就好了。\\n于是，我继续在乌头的阴道深处疯狂抽插着。"
    },
    {
        "name": "トリカブト",
        "message": "「啊啊啊啊……！！\\n那里……那么深……深呀呀呀……！\\n我快不行了！！」"
    },
    {
        "message": "乌头发出异常剧烈的声音。\\n――但这下糟糕了。"
    },
    {
        "message": "在门的另一边，引导员小姑娘慌张地说道\\n『乌头大人！？已经不行了吗……您、您没事吧！？』"
    },
    {
        "name": "トリカブト",
        "message": "「……！　……！！」"
    },
    {
        "message": "乌头因极度兴奋而痉挛，甚至无法发出声音。\\n正当我打算代替她回答『马上就过去』的时候，下一瞬间。"
    },
    {
        "message": "引导员小姑娘说道\\n『没有回应……我要开门了哦！』"
    },
    {
        "name": "トリカブト",
        "message": "「啊啊……哈啊啊～……」"
    },
    {
        "message": "乌头露出满足的微笑。\\n但是，没关系的。\\n毕竟门是锁着的……。"
    },
    {
        "message": "咿……"
    },
    {
        "message": "――已经开了吗……！？"
    },
    {
        "message": "看来钥匙坏了。\\n再开一点点，骑士团长和花骑士在镜子中做爱的画面就会被目击到！"
    },
    {
        "message": "我努力将血液从下体集中到大脑，拼命地思考着。\\n要突破这种局面的方法。那就是……！！"
    },
    {
        "name": "トリカブト",
        "message": "「……啊啊啊！？\\n团、长……啊啊啊，嗯啊啊啊啊……！」"
    },
    {
        "message": "――那就是『加快腰部摆动』的行为！\\n用膨胀到极致的赤黑兽来刺激乌头最重要的地方！ 刺激刺激！ 不停地刺激！！"
    },
    {
        "name": "トリカブト",
        "message": "「啊啊啊啊……！！\\n要高潮了，高潮了，高潮高潮高潮高潮呜呜呜呜呜呜……！」"
    },
    {
        "name": "トリカブト",
        "message": "「呜呜呜呜呜呜呜呜呜呜呜呜呜呜……！！！！」"
    },
    {
        "message": "这简直就像是演讲成功前的庆祝。\\n通过尿道口喷射出浓稠的庆祝炮，把乌头的秘密花园染成了浑浊的颜色。"
    },
    {
        "name": "トリカブト",
        "message": "「啊啊，啊，啊……啊啊，啊……」"
    },
    {
        "message": "也许是因为射精压力太大，乌头全身剧烈地颤抖着。\\n在喷射出如同爆炸般的潮水后，原本模糊的镜子变得清晰了。"
    },
    {
        "message": "门已经开了一半以上——好险，差一点就完全打开了！\\n引导员小姑娘说道『走、吗……？ 嗯，您来了吗？\\n那么，请到舞台袖那边来』。\\n不久，她的脚步声渐行渐远。"
    },
    {
        "message": "不是停止性行为，而是加速性行为来化解危机——。\\n这种逆转的想法竟然奏效了。"
    },
    {
        "name": "トリカブト",
        "message": "「团、长……好、好猛烈啊……」"
    },
    {
        "message": "紧紧拥抱着气喘吁吁的乌头。\\n也许她很疼吧。"
    },
    {
        "name": "トリカブト",
        "message": "「……嗯，没有那种事……\\n脑袋里一片空白……\\n感觉有些轻松了……」"
    },
    {
        "message": "最初的目的『舒缓乌头的紧张』似乎已经达到了。\\n她温柔地抚摸着自己的肚子，看起来很是喜爱。"
    },
    {
        "name": "トリカブト",
        "message": "「肚子里，暖洋洋的……\\n充满了团长的精液\\n……这样一来，我一定可以镇定地进行演讲了……」"
    },
    {
        "name": "トリカブト",
        "message": "「……谢谢，团长\\n一直、一直都很喜欢你……」"
    },
    {
        "message": "亲吻了乌头的颈部。\\n她转过头来，露出笑容。"
    },
    {
        "name": "トリカブト",
        "message": "「演讲成功后……想要奖励\\n回程马车上，一直、一直做爱到达基地……\\n除了中出以外都是违反规则的，黏稠浓厚的那种……」"
    },
    {
        "message": "答案当然是肯定的。\\n但在此之前，必须成功完成演讲这项大工作。"
    },
    {
        "message": "抽出阴茎，牵起乌头的手开始走。\\n她的辉煌时刻即将到来。"
    }
]