[
    {
        "name": "スイセイラン",
        "message": "「团长大人～！ 彗星回信来了哦～！！」"
    },
    {
        "message": "房间外传来了欢快的声音。\\n我警觉地等待着，齿舌兰冲进了房间。"
    },
    {
        "name": "スイセイラン",
        "message": "「你看！这本书就是答案！\\n有了这个，齿舌兰就能成为团长大人的特别人物了！」"
    },
    {
        "message": "齿舌兰握着一本书。\\n封面上绘着赤裸女孩。\\n这种淫秽的书，究竟是怎么回事呢？"
    },
    {
        "name": "スイセイラン",
        "message": "「在晚间回家路上捡到的！\\n这明显是彗星传来的讯息吧！？」"
    },
    {
        "message": "明显是别人掉的东西。\\n但话音刚落，齿舌兰已完全没有听进去。"
    },
    {
        "name": "スイセイラン",
        "message": "「我们放飞瓶信的努力终于收到回报了！\\n这已经是彗星引领、命运啦！」"
    },
    {
        "name": "スイセイラン",
        "message": "「所以团长大人，现在立刻和我以及……\\n像这本书一样激烈地彼此确认彼此之爱吧！」"
    },
    {
        "message": "就在那样，激动的齿舌兰冲了过来。"
    },
    {
        "name": "スイセイラン",
        "message": "「这个齿舌兰，就交给我吧……因为书里，女人是在上面呢……嗯」"
    },
    {
        "name": "スイセイラン",
        "message": "「硬硬的，可爱的团长大人的东西……\\n就要插进齿舌兰的里面了呢……嗯嗯嗯！」"
    },
    {
        "message": "阴茎传来阴道壁的阻力。\\n这个行为，对她来说似乎是第一次的经历。"
    },
    {
        "name": "スイセイラン",
        "message": "「肚子里面，越来越宽敞了呢……\\n不愧是团长大人……好大啊……！」"
    },
    {
        "name": "スイセイラン",
        "message": "「已经……到达最深处了……嗯嗯！\\n硬硬的东西，全部都进去了呢……啊啊啊啊！」"
    },
    {
        "message": "齿舌兰毫不在意处女膜的阻力，欢迎着他的到来。\\n因为第一次插入而感到担心的她发出了声音。"
    },
    {
        "name": "スイセイラン",
        "message": "「你在说什么呢……如果能成为团长大人特别的存在的话……\\n这点小事根本算不上什么啦……」"
    },
    {
        "message": "通过这样贴身接触，齿舌兰确实可以说是特别的存在。\\n这个事实让我也感到很高兴。"
    },
    {
        "name": "スイセイラン",
        "message": "「终于，成为特别的存在了……真开心……\\n齿舌兰没事的，所以……嗯嗯\\n希望团长大人能像书里画的男人一样……得到很多快乐……啊啊」"
    },
    {
        "message": "如果她没事的话，我就不再深究了。\\n我决定接受齿舌兰的感受，把自己交给她。"
    },
    {
        "name": "スイセイラン",
        "message": "「啊啊，嗯嗯……怎么样？肉棒，感觉好吗……？」"
    },
    {
        "name": "スイセイラン",
        "message": "「在书里是这样摇动着腰部……嗯啊，嗯呃……\\n让男人感觉舒服的……」"
    },
    {
        "message": "不熟悉的腰部动作。\\n即便如此，齿舌兰积极地摇动着腰部。"
    },
    {
        "message": "对于误以为得到书籍是彗星引导的她来说，\\n按照书中描绘的内容行事无疑是最重要的。"
    },
    {
        "name": "スイセイラン",
        "message": "「嗯嗯……啊啊……看着团长大人的脸……\\n我会多多地摇动腰部的……啊啊……」"
    },
    {
        "name": "スイセイラン",
        "message": "「先端那里，摩擦得很多呢……感觉很舒服吧……\\n齿舌兰……摇动得还不错吧……？」"
    },
    {
        "message": "紧紧盯着这边，用留有紧张感的阴道粘膜摩擦着。\\n虽然腰部动作有些生涩，但她那细致而认真的姿态让我愈发高兴和兴奋。\\n紧实的阴道肌肉触感加剧了我的兴奋，确实带来了明显的快感。"
    },
    {
        "message": "告诉她做得很好很舒服后，齿舌兰开心地微笑着。"
    },
    {
        "name": "スイセイラン",
        "message": "「嘿嘿……放心了吧……嗯嗯……啊啊……\\n既然这样，齿舌兰……会让你更加感受到的哦……♪」"
    },
    {
        "message": "被齿舌兰抓住了手。\\n然后手掌像是在推压一样，引导向了乳房。"
    },
    {
        "name": "スイセイラン",
        "message": "「团长大人……请多多摸齿舌兰的胸部……\\n书里面也写着男人摸胸部的时候……看起来好舒服的样子……」"
    },
    {
        "name": "スイセイラン",
        "message": "「哈啊……嗯嗯……齿舌兰的胸部，只属于团长大人一个人的……\\n如果你高兴的话，尽管多揉揉也没关系哦……」"
    },
    {
        "message": "因为被允许触摸而产生的特别感觉，让我越发兴奋。\\n按照齿舌兰的期望，享受着柔软的触感。"
    },
    {
        "name": "スイセイラン",
        "message": "「呼啊啊……！ 嗯嗯，被揉弄着胸部……哈啊，嗯嗯\\n齿舌兰，感觉很舒服呢……啊啊，嗯嗯」"
    },
    {
        "name": "スイセイラン",
        "message": "「胸部被挠痒痒的……啊啊……哈啊……\\n肚子里面，渐渐地变得热热的了呢……」"
    },
    {
        "name": "スイセイラン",
        "message": "「这个……感觉有点奇怪呢……嗯啊，哈啊，呜呀\\n里面硬硬的东西在摩擦着……头脑都有点发麻了呢……呼啊啊」"
    },
    {
        "message": "加上爱抚，齿舌兰对摩擦带来的刺激变得更加敏感。\\n逐渐地肌肉也开始放松下来，并且上下运动的速度也在加快。"
    },
    {
        "message": "随着腰部动作的加剧，彼此的快感也在不断升华。"
    },
    {
        "name": "スイセイラン",
        "message": "「嗯嗯……团长大人也感到舒服了呢……\\n握住胸部的手也变得更有力了……能喜欢上齿舌兰，真是太好了……」"
    },
    {
        "name": "スイセイラン",
        "message": "「就这样，尽情地摸齿舌兰的胸部吧……\\n齿舌兰也会更用力地扭动腰部……嗯嗯，啊啊，哈啊……！\\n硬硬的东西也会让你满意的哦……」"
    },
    {
        "message": "齿舌兰上下剧烈地摆动着腰部。\\n完全习惯了淫荡的腰部动作，全神贯注地为对方服务着。"
    },
    {
        "name": "スイセイラン",
        "message": "「在齿舌兰里面，肉棒在跳动着呢……\\n喜欢这样快速的运动吗……啊啊，啊啊，哈啊……！」"
    },
    {
        "name": "スイセイラン",
        "message": "「这样一边用子宫紧紧地夹住，一边摩擦着肉棒……\\n嗯嗯，呼呼，啊啊，你的表情看起来好陶醉……真的，感觉很舒服呢……\\n果然……就像书上写的一样呢……！」"
    },
    {
        "name": "スイセイラン",
        "message": "「啊啊，哈啊，嗯嗯……如果像书上所说那样继续下去的话……\\n团长大人特别的证明……\\n白色、黏稠的精液……会流出来吧！？」"
    },
    {
        "message": "在被阴道肌肉夹紧摩擦着阴茎时提出问题。\\n看到没有发出声音地点头，齿舌兰微笑了。"
    },
    {
        "name": "スイセイラン",
        "message": "「那么……用很多淫荡的话语来……请求你了……嗯嗯，啊啊\\n让齿舌兰里面射精吧……哗哟地射进来吧！」"
    },
    {
        "message": "齿舌兰追求精液的动作。在那强烈的快感中，我沉浸其中。\\n蠕动的阴道粘膜，逐渐将我推向极限。"
    },
    {
        "name": "スイセイラン",
        "message": "「嗯啊，啊……！　齿舌兰的……小穴里……\\n团长大人的奶汁……请让我喝个饱……」"
    },
    {
        "name": "スイセイラン",
        "message": "「已经硬得……肉棒，多多刺激我……\\n我会把全部都挤出来的哦……！」"
    },
    {
        "message": "不断收缩着阴道肌肉，摩擦着阴茎。\\n像是真的在吮吸和挤取一样的蠢动，不由自主地发出呻吟声。"
    },
    {
        "message": "为了回报强烈的快感，抓住乳房的手掌也用上了力气。"
    },
    {
        "name": "スイセイラン",
        "message": "「哈啊……啊，嗯嗯！　紧紧地抱住胸部……啊啊\\n而且，发出了好像非常舒服的声音……\\n难道说，已经……要射了吗？」"
    },
    {
        "name": "スイセイラン",
        "message": "「好的……随时，在任何时候……哈呜！\\n看到团长大人迷醉的表情……齿舌兰也……\\n已经无法忍耐了！」"
    },
    {
        "message": "龟头已经肿胀，无论什么时候射精都不奇怪。\\n为了配合这边似乎随时都可能射精的状态，\\n齿舌兰也不停地扭动着臀部朝着高潮迈进。"
    },
    {
        "name": "スイセイラン",
        "message": "「哈啊，嗯啊……请射出来吧团长大人……！\\n射进齿舌兰黏糊糊的小穴里……浓稠黏稠的奶汁……\\n喷喷地喷出来吧！」"
    },
    {
        "name": "スイセイラン",
        "message": "「成为特别存在的证明……！　全部都……进来了……！\\n啊啊……嗯啊啊啊啊啊啊啊啊！！」"
    },
    {
        "name": "スイセイラン",
        "message": "「肉棒……在颤抖着……嗯嗯……啊啊啊\\n热烘烘的，浓稠的……感觉到好多射出来了……」"
    },
    {
        "name": "スイセイラン",
        "message": "「团长大人的热乎乎的奶汁……请全部都射进小穴里吧……」"
    },
    {
        "message": "颤抖的阴茎喷射出来的浑浊液体，被齿舌兰接纳着。\\n身体颤动着，享受着愉悦高潮的波涛，喉咙颤抖着。"
    },
    {
        "name": "スイセイラン",
        "message": "「哈啊啊啊……团长大人的热量……扩散到全身的感觉……\\n好幸福呢……」"
    },
    {
        "name": "スイセイラン",
        "message": "「团长大人呐……这样一来，齿舌兰就……\\n成为了团长大人，特别的存在吧……」"
    },
    {
        "message": "沉浸在余韵中微微带笑的齿舌兰朝我微笑着。\\n回以微笑后，她缓缓地依偎过来。"
    },
    {
        "message": "紧紧拥抱着齿舌兰的身体，轻声说道她是特别存在。"
    }
]