[
    {
        "name": "シンビジューム",
        "message": "「团长，辛苦了，工作这么晚，辛苦了。\n那个，如果可以的话，请收下这个……」"
    },
    {
        "message": "她说着，递给我巧克力和杯子蛋糕。\n每一样看起来都很好吃，而且外观也很可爱。"
    },
    {
        "name": "シンビジューム",
        "message": "「最近我和文心兰她们一起做的哦？\n当然，这也是手工制作的……嗯，那个，我的……」"
    },
    {
        "message": "她有些害羞，但在某种程度上也有些自豪地微笑着。\n再次凝视着她，她穿着可爱的围裙连衣裙。\n对于温柔可爱的她来说，这身打扮非常适合她。"
    },
    {
        "name": "シンビジューム",
        "message": "「真、真的吗？\n嘿嘿，在团长开心我也很高兴\n我也很喜欢这件衣服呢？」"
    },
    {
        "message": "她微微张开双臂，为了让服装更容易被看到而向我摆出姿势。\n看到她的样子，我的内心变得炽热。\n忍不住轻轻地将大花蕙兰的身体拥入怀中。"
    },
    {
        "name": "シンビジューム",
        "message": "「团长……嗯……突然怎么了？」"
    },
    {
        "message": "被突然拥入怀中，大花蕙兰的身体变得紧绷起来。\n反省自己的行为后，我松开了抱着她的肩膀。\n但出乎意料的是，她却把脸埋在我的胸前没有离开。"
    },
    {
        "name": "シンビジューム",
        "message": "「难道……你心情有点色情吗？\n那个……如果是这样的话……我、我可以……没、问题哦？」"
    },
    {
        "message": "大花蕙兰腼腆地抬起头来，眼中微微泛着热情。"
    },
    {
        "name": "シンビジューム",
        "message": "「嗯啊啊，啊啊……团长……嗯！\\n啊啊……好硬……嗯，进入我体内……啊，啊……进来了！」"
    },
    {
        "message": "龟头在阴道口前滑动。\\n异物侵入的感触让大花蕙兰的身体绷紧了起来。"
    },
    {
        "name": "シンビジューム",
        "message": "「啊啊……！ 进来了……嗯，嗯啊啊！！\\n噢，已经进到最深处了……嗯，嗯嗯，哈啊，哈啊……！」"
    },
    {
        "name": "シンビジューム",
        "message": "「好大……嗯，又粗又……哈啊，哈啊……！\\n团长的，好强壮呢……嗯」"
    },
    {
        "message": "当根部完全插入时，大花蕙兰朝这边湿润的眼眸微笑着。\\n看到她如此可爱的反应，我的心情更加澎湃，忍不住开始缓慢地动起腰来。"
    },
    {
        "name": "シンビジューム",
        "message": "「啊、嗯……啊啊……！ 团长……嗯，这样下去……嗯……在这里做吗？」"
    },
    {
        "message": "在微弱的粘膜摩擦声中，大花蕙兰问道。\\n她被压在桌子上。"
    },
    {
        "name": "シンビジューム",
        "message": "「床……嗯，在床上，忍不住吗？\\n呼啊、啊啊……嗯、嗯啊啊……！」"
    },
    {
        "message": "抱歉，我已经无法忍耐了。\\n我的心和身体都渴望着她。"
    },
    {
        "name": "シンビジューム",
        "message": "「啊呜、嗯……但是，这里，嗯嗯……！\\n我、我要工作……在桌子上……嗯，啊啊啊！」"
    },
    {
        "name": "シンビジューム",
        "message": "「如果、如果弄脏了……啊啊啊，嗯……！\\n会、会很麻烦的吧，啊啊啊，不是吗？」"
    },
    {
        "message": "确实或许是那样，但现在这些都已经微不足道了。\\n此刻我全神贯注于眼前柔软的身体。"
    },
    {
        "name": "シンビジューム",
        "message": "「呼啊、嗯……你这么专注于我吗？\\n啊啊啊……嗯，我很高兴……！\\n啊啊啊，团长大人……如此渴求着我……！」"
    },
    {
        "message": "我的髋部开始缓慢而渐渐加快地运动。\\n我意识到连接处已经湿润，\\n阴茎的进出变得更加顺畅。"
    },
    {
        "name": "シンビジューム",
        "message": "「啊、啊呜……啊啊啊……！\\n团长的，深处好舒服……！ 啊呜！\\n那、那淫液……嗯，会不停地流出来……！」"
    },
    {
        "name": "シンビジューム",
        "message": "「哈、哈、嗯……弄脏了桌子……嗯\\n对、对不起……但是，嗯，淫液止不住流出来！\\n啊呜、哈、哈啊、嗯……感觉太舒服了，无法停下来！」"
    },
    {
        "message": "大花蕙兰扭动着身体发出高亢的喘息声。\\n她的身体一跳动，丰满的乳房摇曳起来。"
    },
    {
        "message": "腰部不停地摆动，伸手触摸着那双丰满的乳房。\\n手掌感受到了充满水润却又富有弹性的触感。"
    },
    {
        "name": "シンビジューム",
        "message": "「嗯、啊啊啊、啊、啊……！\\n可以的……嗯，团长大人，\\n请更加、更加尽情地品味我吧……！」"
    },
    {
        "message": "毫不犹豫地享受着那年轻的胸部，尽情地揉捏。\\n柔软变化自如，能够按照自己意愿塑造的愉悦让我不由得舒了口气。"
    },
    {
        "name": "シンビジューム",
        "message": "「啊呜、嗯……喜欢的话……请尽情地……！\\n被团长大人……啊呜、做出淫荡的事情……嗯\\n我、我……嗯、非常喜欢，所以……啊、嗯嗯……！！！」"
    },
    {
        "message": "对于淫荡的告白，肉棒仿佛在欢欣鼓舞地颤抖。\\n她的脸颊涨红，仿佛是因为羞耻而变得通红。\\n她是否因为想要让我高兴而坦率地说出了这些话呢？"
    },
    {
        "name": "シンビジューム",
        "message": "「团长大人的，嗯、啊啊……在我体内不停地颤抖着……！\\n嗯、看起来很舒服的样子……嗯、呵呵，我很高兴……！」"
    },
    {
        "name": "シンビジューム",
        "message": "「请更加更加地享受吧……！\\n在我的身体里……在我的体内……啊啊啊、尽情享受吧……！」"
    },
    {
        "message": "当我的手揉捏着乳房时，与大花蕙兰的手相互交错。\\n一边紧握着乳房，一边将腰部向她猛烈撞击。"
    },
    {
        "name": "シンビジューム",
        "message": "「啊啊啊、啊啊啊……顶到了最深处……！\\n嗯、啊啊啊、我也，感觉好舒服……！」"
    },
    {
        "name": "シンビジューム",
        "message": "「团长的……强壮的身体……啊啊，好舒服，好……\n舒服……！」"
    },
    {
        "message": "大花蕙兰的眼中溢满了快感的泪水。\n龟头每一次撞击阴道深处，阴道都会紧紧收缩，刺激着阴茎。"
    },
    {
        "message": "当接近极限时，我看到她放在桌子上的巧克力和杯子蛋糕。\n不由得笑了出来。"
    },
    {
        "name": "シンビジューム",
        "message": "「嗯、啊……嗯嗯、团长、先生？\n啊、啊啊……嗯，您、您做了什么？」"
    },
    {
        "message": "对问询的大花蕙兰，我说出了刚才想到的事情。\n这样下去就好像在吃大花蕙兰一样。"
    },
    {
        "message": "听到这番话，大花蕙兰妖艳地回以微笑。"
    },
    {
        "name": "シンビジューム",
        "message": "「想要……吃掉我……\n团长先生\n嗯……请把我……美味地享用吧」"
    },
    {
        "message": "听到这番话，射精的感觉一瞬间涌上心头。\n为了尽可能多地品尝她，我用力地扭动着腰部。"
    },
    {
        "name": "シンビジューム",
        "message": "「啊啊、啊啊啊……！\n请、请把我吃掉……！\n啊啊啊、啊啊啊！」"
    },
    {
        "name": "シンビジューム",
        "message": "「团长……啊、啊……我要……！\n被团长吃掉了……啊啊、我要高潮了……！！！」"
    },
    {
        "name": "シンビジューム",
        "message": "「啊啊啊、呀……啊啊啊……！！！！！！！」"
    },
    {
        "name": "シンビジューム",
        "message": "「啊、啊……嗯嗯……哈啊啊……哈……\n团长的……在我体内射出来了呢……嘻嘻嘻……」"
    },
    {
        "message": "将阴茎顶端压向阴道深处，然后射精。\\n随着勃起的跳动，大量的精液不断地喷射而出。"
    },
    {
        "message": "在颤抖着达到高潮的同时，大花蕙兰接纳了所有的精子。\n紧紧抱住她的身体，我的身体也笼罩在快感的波涛之中。"
    },
    {
        "name": "シンビジューム",
        "message": "「团长……您满意了吗？\n感觉好吗？」"
    },
    {
        "message": "当我回答说当然满意时，大花蕙兰开心地微笑着。"
    },
    {
        "name": "シンビジューム",
        "message": "「那个……您觉得我的味道怎么样？」"
    },
    {
        "message": "对她害羞地再次询问，我告诉她是最美味的。"
    },
    {
        "name": "シンビジューム",
        "message": "「是吗……嘻嘻♪\n如果又想吃的话，随时告诉我哦？\n我会好好准备的！」"
    }
]