[
    {
        "name": "トリカブト",
        "message": "「团长……过来……？ 嘿嘿，团长……」"
    },
    {
        "message": "眼前，凝视着那带有摇曳圆润的物体。\\n向右，向左，再向右。\\n一旦被吸引的视线，不容易就能移开。"
    },
    {
        "name": "トリカブト",
        "message": "「我没问题的……剩下的就由团长决定了」"
    },
    {
        "message": "乌头摇动着小小的臀部，好像在迫使你做出选择。"
    },
    {
        "message": "光滑如剥了壳的鸡蛋一般的皮肤——。\\n虽然不算大但却富有感官曲线，向左向右摇摆着。"
    },
    {
        "name": "トリカブト",
        "message": "「无论是小穴还是臀部……我，两个都准备好了\\n只为了让团长高兴，我准备好了两个……」"
    },
    {
        "message": "——阴道还是肛门？\\n这个世界上最具魅力的选择之一，让我的脑海一阵刺痛。"
    },
    {
        "name": "トリカブト",
        "message": "「团长，仔细看看？ 阴道和臀部……\\n无论哪一个都会让你感到愉悦……」"
    },
    {
        "message": "阴道还是肛门。这是一个重大的问题。\\n——不，但是不能忘记。\\n这次性交，最终目的是让乌头\\n增强自信心。"
    },
    {
        "message": "乌头鼓起了自信，为了能够在人前露面，她在天才庆典「诺布尔・格雷斯」上挑战了被称为「天赐花的令嬢」的仪式。"
    },
    {
        "message": "没关系。\\n我提前检查了卫兵的巡逻时间，\\n不会被发现的。"
    },
    {
        "name": "トリカブト",
        "message": "「啊啊……团长的眼神好色……\\n嗯呜，被看着，宝宝，\\n好像就要怀孕了……」"
    },
    {
        "message": "宝宝。造人。\\n——是啊，现在是时候回到原点了。\\n阴道还是肛门？\\n为了让乌头增强自信心……"
    },
    {
        "message": "——答案出来了。"
    },
    {
        "message": "噗噗噗噗噗……。\\n坚挺有力的肉棒，深深地脉动着，埋没在乌头柔弱的小穴中。"
    },
    {
        "name": "トリカブト",
        "message": "「嗯啊啊！！\\n哈啊，嗯嗯……团长的肉棒，好喜欢……\\n小穴里，要填满了哦……」"
    },
    {
        "name": "トリカブト",
        "message": "「嗯呜，好厉害……进得太深了，嗯呜……！\\n哈啊……团长，慢一点好吗？\\n肉棒太大了……小穴有点……难受」"
    },
    {
        "message": "当然不会强迫。\\n再说乌头的身体还太小了，还无法进行这样的交合。"
    },
    {
        "name": "トリカブト",
        "message": "「呼，呼……小穴还有点刺痛……\\n你，看着我？」"
    },
    {
        "message": "乌头额上沁出了汗珠，双手扶住自己的隐秘之处，\\n左右轻轻地拉开。"
    },
    {
        "message": "首先映入眼帘的是，吞噬着红黑色阴茎的狭窄阴道。\\n淡粉色的、鼓鼓的蜜壶……那里已经湿润，溢出的爱液滴落在大腿上。"
    },
    {
        "message": "然后是紧闭的后门。\\n这里的颜色也很浅，贪婪地颤动着。"
    },
    {
        "name": "トリカブト",
        "message": "「啊……被团长看个彻底了……\\n嗯……虽然害羞，但心跳加速……\\n要溢出来了呜呜……」"
    },
    {
        "name": "トリカブト",
        "message": "「团长……差不多可以了\\n小穴深处在颤动着……\\n想要团长的肉棒……所以，请开始吧！」"
    },
    {
        "message": "——正等着这句话。\\n用双手抓住乌头纤细的腰部，开始前后摆动。\\n轻柔地、频繁地进入深处。\\n将龟头在阴道褶皱中来回摩擦。"
    },
    {
        "name": "トリカブト",
        "message": "「啊啊啊啊啊啊！！嗯啊啊团长……\\n深处，这么温柔地、一次又一次地刺激……\\n嗯嗯呜！忍不住了……哈啊啊啊！！」"
    },
    {
        "message": "乌头紧紧抓住天才庆典的颁奖台。\\n然而，膨胀的龟头发起更猛烈的攻势。\\n在最深处，不断戳击着乌头的子宫口。"
    },
    {
        "name": "トリカブト",
        "message": "「啊啊啊，喔，好深，喜欢……喜欢啊啊啊！\\n我，不行了，要高潮了！！」"
    },
    {
        "message": "扑通！扑通！小小身体在快感中跳动。\\n与此同时，乌头覆盖在上面，\\n从背后紧紧拥抱着。"
    },
    {
        "name": "トリカブト",
        "message": "「嗯嗯……嗯啊！从后面抱着……啊啊啊！\\n肉棒，深入，一下下地来回……！\\n团长，好温暖……好温柔……好舒服啊！！」"
    },
    {
        "message": "纤细的身体一次次泛起波澜，乌头颤抖着达到了巅峰。\\n她脚下形成了爱液的水洼，\\n诉说着快感的剧烈程度。"
    },
    {
        "name": "トリカブト",
        "message": "「因为……在外面做的话，总比平时更兴奋呢……\\n而且，在才华节的会场上……颁奖台上，这种地方……」"
    },
    {
        "name": "トリカブト",
        "message": "「颁奖台的顶端……明天，我会站在那里的地方……\\n可是我……却紧紧抓住那里，\\n品尝团长的肉棒……呜啊啊……这样一来，怎么可能不兴奋呢！！」"
    },
    {
        "message": "明天，乌头将站在这个颁奖台上。\\n作为才华节的巅峰『天之花令嬢』，\\n将向聚集在会场的众多观众发表讲话。"
    },
    {
        "message": "乌头感到不安也是可以理解的。\\n正因如此，在实际会场上提前放纵一番，\\n应该能减轻颁奖典礼时的紧张——。\\n这种开放式后入体位就是出于这样的考虑而产生的策略。"
    },
    {
        "name": "トリカブト",
        "message": "「嗯嗯、嗯嗯、嗯嗯……！ 团长，摇动得好厉害！\\n啊啊啊好喜欢肉棒！\\n哈啊、哈啊呃……又要高潮了！要高潮了！！」"
    },
    {
        "message": "乌头的小穴更加紧紧地夹住着肉茎。\\n睾丸收缩，阴茎膨胀。\\n仿佛融化般的现实解离感袭来，射精的麻痹感涌上心头——。"
    },
    {
        "name": "トリカブト",
        "message": "「……！！ 哈啊、哈啊……团长，有人来了……！」"
    },
    {
        "message": "乌头的声音将我拉回了现实。\\n——确实有人来了。\\n两束火炬的光芒正朝这边走来。"
    },
    {
        "name": "トリカブト",
        "message": "「哈啊、嗯嗯……大概是在会场巡逻的卫兵们吧\\n啊啊……团长，如果被发现了，会被骂的……」"
    },
    {
        "message": "巡逻时间居然改变了……。必须设法熬过去才行。\\n稍加思索，再次将乌头覆盖在上面。\\n——好，这样就可以了。\\n这样一来颁奖台就成了掩体，可以藏身其中！"
    },
    {
        "name": "トリカブト",
        "message": "「嗯呜呜呜……！ 团长，在这个姿势下……好深入啊……！\\n嗯啊啊，宝宝的房间，\\n转啊转……用力地、啊啊啊啊……」"
    },
    {
        "message": "乌头捂住嘴唇，压抑着喘息声。\\n火炬的光芒越来越近。\\n龟头顶端顶击子宫口，扣挠着，敲击着！"
    },
    {
        "name": "トリカブト",
        "message": "「嗯啊啊……里面、深入得好厉害……\\n啊啊啊啊、哈啊、啊啊啊……\\n团长，肉棒拔出来……拔出来吧……」"
    },
    {
        "message": "卫兵已经近在眼前。火炬的光芒隔着颁奖台摇曳不定，\\n就在对面晃动着。\\n彼此的声音清晰可闻。两个卫兵都像少女一样。"
    },
    {
        "message": "少女们正在谈论恋爱话题，嘻嘻哈哈地兴奋着，\\n但如果其中一人突然偷偷探头看颁奖台的背后……\\n那就糟糕了。"
    },
    {
        "name": "トリカブト",
        "message": "「团长……肉棒……拔出来……拔出来……\\n我，马上就要高潮了啊啊……」"
    },
    {
        "message": "这可不妙。\\n一旦乌头达到巅峰，就会被卫兵发现。\\n必须小心翼翼地将膨胀的雄性象征抽出来。"
    },
    {
        "message": "微微往后缩了一下腰。\\n但——这个选择是错误的！"
    },
    {
        "name": "トリカブト",
        "message": "「～～～～～啊啊啊，肉棒……\\n拔出来的时候也好舒服啊啊啊……！」"
    },
    {
        "message": "乌头的阴道肌肉已经收缩得紧紧的。\\n在这种情况下慢慢抽出肉棒，\\n就像是在细致地爱抚着阴道壁一样。"
    },
    {
        "message": "咕嘟咕噜……。\\n发出粘稠的声音，充满爱液的肉棒暴露在外界空气中。"
    },
    {
        "name": "トリカブト",
        "message": "「呼啊啊啊啊啊啊啊啊！」"
    },
    {
        "message": "似乎已经无法忍耐，乌头发出了全神贯注的娇喘声。\\n——结束了。一切都结束了。\\n冷酷的手铐和铁窗的形象在脑海中闪现。"
    },
    {
        "message": "――然而。\\n天空还没有放弃我和乌头！"
    },
    {
        "message": "就在乌头达到巅峰的同时，\\n正在谈恋爱的卫兵少女们发出了「嘻嘻嘻嘻！」的大笑声。"
    },
    {
        "message": "恋爱谈话的笑声和乌头的喘息声。\\n它们相互碰撞，互相抵消了！"
    },
    {
        "message": "作为证据——火炬的光芒，\\n就像什么都没发生一样离开了领奖台。\\n仿佛在催促着重新开始立ち背一样，\\n会场再次充满了寂静。"
    },
    {
        "name": "トリカブト",
        "message": "「哈啊，哈啊……团长……」"
    },
    {
        "message": "乌头一边用肩膀呼吸，一边露出了安心的表情。\\n暂时脱离了危机。\\n现在可以安心地重新开始立ち背了。"
    },
    {
        "message": "正当要再次撞击臀部的时候，\\n噼嚓……脚下传来水声。\\n原来，爱液形成的水洼变得相当大了。"
    },
    {
        "name": "トリカブト",
        "message": "「团长……别看太多……\n在卫兵们快发现的时候高潮了……太兴奋了……憋不住尿了……」"
    },
    {
        "name": "トリカブト",
        "message": "「尿急……？ 潮水……？虽然不太明白，\\n但是……非常非常地舒服……」"
    },
    {
        "message": "快感中，我的心激烈地跳动着，仿佛融化在乌头的快感中。\\n我想再次引导她达到巅峰。\\n我想将我的浑浊爱意注入她的体内，让她怀抱坚定的勇气。"
    },
    {
        "message": "将激情注入阴茎，深深地插入乌头的花蕊中。"
    },
    {
        "name": "トリカブト",
        "message": "「啊啊啊啊啊啊！？！？\\n团长……又、又要进那么深……！」"
    },
    {
        "message": "炽热。狭窄。黏腻。\\n乌头的阴道立刻收紧，强烈地夺取精液。"
    },
    {
        "name": "トリカブト",
        "message": "「啊啊啊啊……！\\n团长的肉棒……在里面摩擦……嗯啊啊！\\n啊、啊！　又要高潮了！　要高潮了！」"
    },
    {
        "message": "刺入肉棒。攻击子宫口。\\n忍耐着射精冲动，不断地冲击乌头柔软的臀部。"
    },
    {
        "name": "トリカブト",
        "message": "「嗯啊啊啊！ 阴道里都是团长的肉棒……！\\n嗯嗯，不行了……\\n要高潮了，要高潮了……要高潮了！」"
    },
    {
        "message": "阴道再次紧紧收缩——\\n在乌头深处，浑浊液体喷涌而出。"
    },
    {
        "name": "トリカブト",
        "message": "「啊啊啊啊啊啊啊啊啊啊！！」"
    },
    {
        "message": "乌头背着身子，朝着夜空发出了极致的呻吟。\\n全身颤抖着，大颗的汗珠浮现……\\n但是，她的表情却像是幸福地融化了。"
    },
    {
        "name": "トリカブト",
        "message": "「团长……团长……」"
    },
    {
        "message": "插入的同时，从背后紧紧拥抱着乌头。\\n充满了深深的爱。"
    },
    {
        "name": "トリカブト",
        "message": "「我……已经没事了\\n团长的心意，我感受到了……\\n已经，不再担心了……\\n明天肯定能，在大家面前，好好地……说话的」"
    },
    {
        "message": "满足的表情述说着这番话语——。\\n那肯定是乌头的真心吧。\\n抚摸着她的头，她轻轻地眯起了眼。"
    },
    {
        "name": "トリカブト",
        "message": "「登台演出时，感到紧张时，就会想着团长的鸡巴……\\n登上领奖台时，在那里说话时也是一样……\\n脑海中，充满了团长的鸡巴，\\n紧张和不安肯定都不会感受到」"
    },
    {
        "message": "这也算是一种解决办法吧。\\n只是担心在典礼中乌头会不会说出「鸡巴」——\\n只有这一点让人担心。"
    },
    {
        "name": "トリカブト",
        "message": "「团长……谢谢你呐\\n我、我、我好喜欢你呐……」"
    },
    {
        "message": "听到这番话，心中热血沸腾，重新拥抱起乌头。\\n这时，她体内的伙伴再次充血起来了。"
    },
    {
        "name": "トリカブト",
        "message": "「呵呵……团长，好强壮啊……\\n不过，要适可而止，\\n不然，打扫起来……会很辛苦的」"
    },
    {
        "message": "听她这么说，我心里一紧。\\n汗水、爱液、小水、潮水、忍耐的汁液，还有精液。\\n才华节的舞台上，到处都是各种体液。\\n行为结束后，必须立刻打扫才行。"
    },
    {
        "name": "トリカブト",
        "message": "「嗯……但是打扫还要几次呢……\\n直到我和团长都满意了，再开始打扫吧……」"
    },
    {
        "name": "トリカブト",
        "message": "「那么团长……肉棒……给我吗？」"
    },
    {
        "message": "在乌头的催促下，我开始前后摆动着腰部。\\n站在颁奖台的巅峰，她会堂堂正正地向众人演讲——\\n想象着她那尊贵的雄姿，在心中浮现……"
    }
]