[
    {
        "name": "カトレア",
        "message": "「嗯嗯！ 咕、咕……啊，啊咕……」"
    },
    {
        "message": "大腿间张开，身体挤入其中，\\n将阴茎顶端紧紧推入紧闭的秘裂。"
    },
    {
        "name": "カトレア",
        "message": "「等一下，嗯，嗯咕！ 疼，疼啊……！\\n再、再温柔一点……！」"
    },
    {
        "message": "她的脸上挤出了痛苦的表情，卡特兰用力握紧了手。"
    },
    {
        "message": "她那双充满坚定光芒的眼眸中微微泛起泪光。"
    },
    {
        "name": "カトレア",
        "message": "「啊……嗯咕呜〜！」"
    },
    {
        "message": "撑开收缩的阴道壁，\\n阴茎顶端穿破了一层薄膜般的东西。"
    },
    {
        "message": "面对这一冲击，卡特兰紧闭着眼睛和嘴巴，颤抖不已。"
    },
    {
        "name": "カトレア",
        "message": "「啊哈啊，哈啊，哈啊……\\n啊，啊……我的里面……你的肉、肉棒在……」"
    },
    {
        "message": "恐怖地朝着那处凝视，\\n沿着坚挺的阴茎滑落的破处之血。"
    },
    {
        "message": "卡特兰亲眼见到这一幕，\\n脸上瞬间涌起绯红。"
    },
    {
        "name": "カトレア",
        "message": "「嗯，嗯嗯……别、别抖动啊……\\n啊，嗯咕……痛，因为……哈啊，哈啊！」"
    },
    {
        "message": "她用全身力量呼出一口大气，试图将疼痛排出体外。"
    },
    {
        "name": "カトレア",
        "message": "「呼啊！？ 你、你在随便摸我的胸部！？」"
    },
    {
        "message": "为了稍微减轻疼痛，\\n她从下方揉捏丰满的乳房。"
    },
    {
        "message": "在那刺激下，纤细的肩膀猛地颤抖了一下。"
    },
    {
        "name": "カトレア",
        "message": "「嗯啊……啊，啊……\\n不、不要……别、别停下……嗯呼！」"
    },
    {
        "message": "大张着嘴，身体向后仰去，\\n阴道内渗出了爱液。"
    },
    {
        "name": "カトレア",
        "message": "「嗯，嗯呼……\\n不、不要……胸部麻痹了……咕嗯」"
    },
    {
        "name": "カトレア",
        "message": "「啊，啊！？ 别、别挤奶啊……！\\n嗯，嗯啊！」"
    },
    {
        "name": "カトレア",
        "message": "「用力搓动乳头，对吧……啊，啊啊！」"
    },
    {
        "message": "像挤牛奶一样揉捏乳房，\\n同时用手指夹住乳头，用力拉扯。"
    },
    {
        "message": "在那快感的摧残下，\\n卡特兰疯狂地扭动着弯曲的双腿。"
    },
    {
        "name": "カトレア",
        "message": "「呃哈，哈，哈……\\n你的手……怎么这么温暖呢……」"
    },
    {
        "message": "羞愧地避开了凝视着自己变得扭曲的乳房的目光。"
    },
    {
        "message": "然后当视线再次交汇时，\\n她修长的眉毛高高挑起。"
    },
    {
        "name": "カトレア",
        "message": "「更……更用力揉揉！」"
    },
    {
        "message": "听到那句话，不由自主地停下了揉捏胸部的手，凝视着卡特兰的眼睛。"
    },
    {
        "name": "カトレア",
        "message": "「为什么停下来啦！\\n我不是让你揉吗！？\\n这是命令哦！！ 快点啦！」"
    },
    {
        "message": "被这么说了，手也停不下来了。"
    },
    {
        "message": "比刚才更加剧烈、有力地，压迫着乳房，\\n同时捏弄着乳头。"
    },
    {
        "name": "カトレア",
        "message": "「呼啊、呼啊！ 热热的……\\n嗯，嗯呼……你的温暖传达过来了……」"
    },
    {
        "message": "卡特兰幸福地眯起眼睛，\\n将自己的手覆盖在揉捏乳房的手背上。"
    },
    {
        "message": "扑通扑通地感受着卡特兰的心跳通过乳房传到手掌心。"
    },
    {
        "message": "一感受到这个声音，温暖之物在胸腔中蔓延开来，\\n当意识到时已经紧紧拥抱住了她。"
    },
    {
        "name": "カトレア",
        "message": "「啊、啊啊啊！？」"
    },
    {
        "message": "这时，背脊仰起，身体不由自主地颤抖著。"
    },
    {
        "message": "从张大的眼睛中，一滴晶莹的泪珠滑落在脸颊上。"
    },
    {
        "name": "カトレア",
        "message": "「我……被拥抱著……紧紧地……」"
    },
    {
        "name": "カトレア",
        "message": "「一直……渴望著这样……\n嗯，呃……一直想被谁抱紧……」"
    },
    {
        "message": "微微一笑，用纤细的指尖拭去眼角的泪珠。"
    },
    {
        "message": "下一刻，她主动摆动腰部，摩擦起阳具。"
    },
    {
        "name": "カトレア",
        "message": "「啊、啊呃！\n让、让我更加感受到你……！\n让我感觉到不是一个人……哈哈呃！」"
    },
    {
        "name": "カトレア",
        "message": "「让我感受到你一直在我的身边，让我感受到呀〜！\n啊啊啊！！」"
    },
    {
        "message": "不是命令而是恳求——\n为了实现这个愿望，他配合她的动作摆动腰部。"
    },
    {
        "message": "从微红的颈部抽出手臂，\n再次揉捏丰满的乳房。"
    },
    {
        "name": "カトレア",
        "message": "「啊，是、是的！也、也揉揉胸部吧！\n嗯，嗯呼呼！」"
    },
    {
        "name": "カトレア",
        "message": "「也、也更用力地摩擦肚子！\n我要你的一切都刻在我身上！」"
    },
    {
        "message": "身体不断地弹动，如同哭喊般地喘息。"
    },
    {
        "message": "初次迎接男性的阴道内已经没有硬度。"
    },
    {
        "message": "像是温柔地包裹着阴茎，\n用带着爱液的阴道壁发出咔嚓咔嚓的摩擦。"
    },
    {
        "name": "カトレア",
        "message": "「嗯哈啊，哈啊呃，我的小穴，酥麻酥麻的……\n那感觉真好，又温暖……\n啊，头都快麻痹了……呃啊！」"
    },
    {
        "message": "背脊猛地仰起的瞬间，\n阴道壁强烈地收缩引导着阴茎深入。"
    },
    {
        "message": "受到强烈刺激，阴道口张合着，\n准备迎接射精。"
    },
    {
        "name": "カトレア",
        "message": "「啊呀啊！？\n你的肉棒、又变得好大、嗯、嗯咕噜咕噜地在我的阴道里磨擦……！？」"
    },
    {
        "name": "カトレア",
        "message": "「这个……哈啊哈啊！\n肉棒好像在说想射出浓浓的精液！？\n嗯、嗯嗯呼……！」"
    },
    {
        "name": "カトレア",
        "message": "「好的，射吧！射进我的阴道里，用你的热精液填满我吧！」"
    },
    {
        "message": "一瞬间，阴茎在阴道壁上摩擦着，\n很快达到了极限。"
    },
    {
        "name": "カトレア",
        "message": "「啊、啊啊……！？\n你的肉棒的精液正在涌出来！」"
    },
    {
        "name": "カトレア",
        "message": "「我的阴道变得像被烫伤一样热……\n呼呼……好舒服……！」"
    },
    {
        "message": "紧握着手腕，卡特兰不断地抽搐。"
    },
    {
        "message": "她的眼神变得迷离，嘴角露出幸福的微笑。"
    },
    {
        "name": "カトレア",
        "message": "「呼……呼……真是射得太多了。\n下体都弄得一团糟了！」"
    },
    {
        "message": "终于射精结束，\n看着大量的精液从连接处溢出，脸颊一直红到耳根。"
    },
    {
        "name": "カトレア",
        "message": "「嗯，哈啊，这是需要惩罚的……知道吗？\n下次把鸡巴奶射进来！」"
    },
    {
        "name": "カトレア",
        "message": "「这样你就能再次填满我了！\n这是约定……对，约定！」"
    },
    {
        "message": "卡特兰突然抬起头，紧紧抱住对方的脖子。"
    },
    {
        "name": "カトレア",
        "message": "「这样的话我就能感受到你的温暖……\n所以，请……给我注入你的鸡巴奶……？」"
    },
    {
        "message": "在羞耻中颤抖的声音让人心痒难耐。"
    },
    {
        "name": "カトレア",
        "message": "「今天，谢、谢谢……教会我温暖……\n多亏了你，色色的事情都成了习惯了」"
    },
    {
        "message": "说着，她害羞地噘起了脸颊。"
    },
    {
        "message": "就这样，抚摸着可爱的卡特兰的头发，\n就像梳理一样。"
    }
]