[
    {
        "name": "トリカブト",
        "message": "「咯咯……\\n团长的裤子，又是奇怪的……咯咯……」"
    },
    {
        "message": "——午后的办公室。\\n乌头看着这边，露出笑容。"
    },
    {
        "name": "トリカブト",
        "message": "「……团长，不要忍耐……？\\n忍耐对身体不好的」"
    },
    {
        "message": "从桌子下面爬出来的乌头的手，毫不犹豫地伸向这边。"
    },
    {
        "name": "トリカブト",
        "message": "「刚才已经射了那么多……\\n现在，这么硬，\\n看起来很难受……\\n来吧，脱裤子吧……」"
    },
    {
        "message": "就这样无情地脱下了裤子。"
    },
    {
        "message": "正如她所说的，\\n下体已经紧绷得难受。"
    },
    {
        "name": "トリカブト",
        "message": "「哇……不管看多少次，还是好大……\\n嗯，早上用嘴巴……然后用手、嘴巴、\\n腋下、腿、大腿、嘴巴……\\n……嗯，那么，接下来，在这里吧……」"
    },
    {
        "message": "乌头将手指放在自己的淫穴上，\\n然后轻轻地扩张了一下。"
    },
    {
        "name": "トリカブト",
        "message": "「团长……可以吗……？」"
    },
    {
        "message": "——忍耐，根本做不到。"
    },
    {
        "name": "トリカブト",
        "message": "「啊啊……进来了……\\n嗯，嗯……好大……！」"
    },
    {
        "message": "那枚微红的小裂缝，\\n吞没了涨红的阴茎。\\n一触及到乌头的黏膜……那热烈的湿润，\\n龟头为性的愉悦而跳动。"
    },
    {
        "name": "トリカブト",
        "message": "「……嗯，肉棒，抖动了一下呢……\\n嗯，团长……感觉好吗？\\n呼呼……我的，小穴……感觉好吗？」"
    },
    {
        "message": "乌头喘息着，满脸潮红地询问。\\n没有回答，只是继续往里侵入。"
    },
    {
        "name": "トリカブト",
        "message": "「啊啊……嗯，嗯，到了……\\n最深处……\\n呼，呜呜……我的，小穴……\\n已经记住了团长的形状……」"
    },
    {
        "name": "トリカブト",
        "message": "「呼，呼……每天都在做爱呢……\\n啊啊……团长的肉棒，\\n滑溜溜地进来了……我好喜欢……」"
    },
    {
        "message": "幼稚而淫荡的湿润眼眸……。\\n被那目光射穿，不禁开始前后摆动腰部。"
    },
    {
        "name": "トリカブト",
        "message": "「啊啊，啊，团长，好厉害……！\n嗯啊，啊啊……今天已经，已经射了七次了，\n精液……团长……哈啊，你的精力太旺盛了……！」"
    },
    {
        "message": "每一次在乌头的阴道内往复时，射精感都在增强。\n湿润的阴道壁缠绕着，显得非常淫荡。\n已经射了七次并不重要。\n对于这个阴道来说，无论多少次都可以……。"
    },
    {
        "name": "トリカブト",
        "message": "「啊啊……啊，啊啊……！\n咯咯……团长，你的表情好色情……\n看着团长那副表情做爱……\n嗯呜，真的很兴奋……！」"
    },
    {
        "name": "トリカブト",
        "message": "「团长，还记得吗……？今天早上就很厉害了……\n啊啊……首先是用口交叫醒一次……\n用手抚摸早晨勃起的鸡巴一次……\n嘿啊……然后再一次口交……」"
    },
    {
        "name": "トリカブト",
        "message": "「正在吃早餐时，裤子又膨胀起来了……\n……啊啊，我在桌子下给口交了一次，\n嗯呜，把它吞下去了……」"
    },
    {
        "name": "トリカブト",
        "message": "「只属于我的特别早餐……\n不被其他花骑士发现真的好紧张……」"
    },
    {
        "message": "——对了。那个口交确实非常刺激。\n只是回忆起来下体就变得更加坚硬。"
    },
    {
        "name": "トリカブト",
        "message": "「嗯呜呜……现在又勃起了变大了……\n哈，哈……就算在办公室工作时，\n鸡巴也变得这么大了呢……」"
    },
    {
        "name": "トリカブト",
        "message": "「…为了平复它， 我打飞机， 嗯……接着， 脚底， 来平复……」"
    },
    {
        "name": "トリカブト",
        "message": "「呃啊，啊啊……团长，用手比较不如用脚，精液会更快出来……\n啊啊……团长，你更喜欢脚吗？」"
    },
    {
        "message": "乌头用纤细的手指轻柔地抚摸着阴茎……\n这本身是一种极致的享受，但小小的脚夹住，\n从裙子下露出的内裤一瞥，配合着足交，\n那种背德感简直是不同凡响。"
    },
    {
        "message": "被娇小的乌头踩着阴茎，用脚尖玩弄着龟头后面的部位，\n在双腿夹住的状态下上下摩擦……\n射精感也随之增强。"
    },
    {
        "name": "トリカブト",
        "message": "「啊，啊，又、又硬了……\n回想起来就勃起了……？\n嘻嘻……团长，你真是个色色的人……」"
    },
    {
        "name": "トリカブト",
        "message": "「就算是足交，肉棒还是很硬……\n这次用大腿夹住……嗯呜，好像射了呢……\n我好好地学习了呢……」"
    },
    {
        "message": "然后到了午餐时间，\n再次在桌子下接受了乌头的服务。"
    },
    {
        "message": "回想起那时的兴奋，\n手伸向她微微隆起的胸部。"
    },
    {
        "name": "トリカブト",
        "message": "「啊啊，呜呜……胸部……\n啊啊，团长，摸得好温柔……\n呜呜，啊啊……！」"
    },
    {
        "message": "正在发育中的小巧胸部和浅色的小乳头。\n用手掌轻抚着柔软的隆起，并用指尖玩弄变硬的乳尖。"
    },
    {
        "name": "トリカブト",
        "message": "「啊，嗯……乳头，好舒服……\n团长……啊！别、别捏着……不行……\n嗬……捏着，转来转去的……\n再多一点，不行……！」"
    },
    {
        "message": "用指尖轻轻捏弄着挺立的乳头。\n随即，乌头的私处便涌出了爱液。\n这孩子就是喜欢这个。"
    },
    {
        "name": "トリカブト",
        "message": "「啊啊……乳头，再多一点……再多一点啊啊……\n啊啊，转来转去的……转来转去呀……！」"
    },
    {
        "name": "トリカブト",
        "message": "「……！？ 团长……你在做什么……？」"
    },
    {
        "message": "一边玩弄着乳头，空闲的一只手\n便伸向了乌头身后的那个地方。"
    },
    {
        "name": "トリカブト",
        "message": "「嗯嗯……屁股……\n团长，想要在屁股上做吗……？」"
    },
    {
        "message": "乌头身后的那个洞，简直是美丽的浅桃色……\n不去触摸简直是不可能的事情。"
    },
    {
        "message": "首先用指尖沾上爱液。\n然后以此作为润滑剂，轻柔地抚摸着后面的入口。"
    },
    {
        "name": "トリカブト",
        "message": "「啊啊……奇怪的感觉呢……\n嗯，啊啊……啊啊啊……」"
    },
    {
        "message": "松弛下来的时候，噗——\n中指插入到第一关节。\n然后慢慢地在内部挠痒。"
    },
    {
        "name": "トリカブト",
        "message": "「啊啊啊……啊啊……屁股……嗯嗯……\n团长……好……很好……那个，很舒服呀……！\n屁股……感觉好棒呀……！」"
    },
    {
        "message": "正当乌头的舌头开始打结的时候，抽出了中指。\n让乐趣留到以后吧。\n做任何事情都有个顺序。\n现在，是充分品味阴道的时刻。"
    },
    {
        "name": "トリカブト",
        "message": "「哈、哈、哈……\n那个地方……如果团长想要的话，我可以的……？\n啊啊……为了团长，我会加油的……！」"
    },
    {
        "name": "トリカブト",
        "message": "「所以，接下来……\n接下来，如果团长的肉棒变大了的话……\n可以在我的屁股里，给我吗……？」"
    },
    {
        "message": "刚提出这么迷人的建议，\n乌头突然歪起了头。"
    },
    {
        "name": "トリカブト",
        "message": "「嗯、团长……嗯、啊啊……\n说起来，从早上开始精液一直在流个不停呢……\n啊啊，工作好像也没怎么做呢……」"
    },
    {
        "message": "……这孩子总是戳到痛处。\n但是，勃起了也没办法。\n积压的工作就像积压的精液一样，\n之后一口气解决掉就好了。"
    },
    {
        "name": "トリカブト",
        "message": "「嗯、嗯、嗯……对、对呀……\n那么团长……现在是要做爱吧……\n啊啊啊……尝尝我的阴道吧……\n啊啊啊……！」"
    },
    {
        "message": "我已经掌握了乌头喜欢的地方。\\n调整腰部角度，重点摩擦那部分。"
    },
    {
        "name": "トリカブト",
        "message": "「嘿啊啊啊……！\\n那里……嗯啊啊，团长，那里……我喜欢的……！\\n啊啊……果然，自己做和被人做完全不一样呢……！」"
    },
    {
        "message": "——对了。有件事一直在我心里。\\n虽然离第一次结合已经有一段时间了，\\n但自慰方面的情况又是怎样呢？"
    },
    {
        "name": "トリカブト",
        "message": "「嗯，啊啊……自慰的次数……？\\n嗯，啊啊……比起以前，\\n明显增加了很多呢……！」"
    },
    {
        "message": "为什么呢。"
    },
    {
        "name": "トリカブト",
        "message": "「啊，啊啊呜……因、因为，给你口交的时候……\\n我在摸自己的小穴，所以……！\\n感受着团长的肉棒的味道和气息……\\n所以感觉很舒服……！」"
    },
    {
        "name": "トリカブト",
        "message": "「我把这称之为奢侈自慰……\\n呼呼，嗯嗯……和团长做爱后，\\n在基地的各处……\\n嗯啊，回忆起来也会自慰……！」"
    },
    {
        "message": "……突然意识到她是多么淫荡的孩子。\\n但是，这让我兴奋起来……\\n加大腰部摆动。不断刺激乌头的弱点。"
    },
    {
        "name": "トリカブト",
        "message": "「嗯啊啊，那里太舒服了……！\\n并不是说和团长做爱不够满足……\\n性、自慰都是不同类型的需求……！」"
    },
    {
        "message": "……这点，我也能理解。\\n但是，现在是性爱的时间。\\n为了刺激乌头的快感，\\n重点摩擦她的弱点。摩擦。摩擦。"
    },
    {
        "name": "トリカブト",
        "message": "「嗯啊啊……团长，我要高潮了，要高潮了……\\n快要来了……！嗯，啊啊啊……！\\n团长的肉棒，我喜欢……！\\n和团长做爱，我好喜欢啊……！」"
    },
    {
        "name": "トリカブト",
        "message": "「啊啊啊……嘿呀啊……！\\n啊啊啊……肉棒，涨涨地膨胀起来了……！」"
    },
    {
        "name": "トリカブト",
        "message": "「呼呼，呼呼啊……团长也要高潮了吗……？\\n一起的话更好……啊啊啊，一起高潮吧！！」"
    },
    {
        "message": "一边扭动着腰部一边急速点头。\\n放任射精感上涨，不再忍耐。"
    },
    {
        "name": "トリカブト",
        "message": "「啊啊啊呀呀……啊啊呀……！\\n里面……想要里面的东西……！\\n嗯呀，嘿呜……团长的精液，\\n想要感受在肚子里！！」"
    },
    {
        "message": "注视着乌头迷人的表情。\\n她也在凝视着我。\\n我们互相对视着，\\n冲向巅峰——！"
    },
    {
        "name": "トリカブト",
        "message": "「啊啊啊呀呀呀呀呀呀呀呀……！！！！」"
    },
    {
        "message": "滋滋滋滋滋滋滋滋滋滋滋滋滋滋滋滋！！"
    },
    {
        "name": "トリカブト",
        "message": "「啊……在里面……\\n肚子里……\\n中出……喜欢中出的感觉……嗯呜，中出……我喜欢」"
    },
    {
        "name": "トリカブト",
        "message": "「哈啊，哈啊……\\n肚子里，热热的，扩散开来了……\\n眼前是，团长那淫荡的表情……\\n哈啊……感觉好幸福啊……」"
    },
    {
        "message": "乌头爱怜地抚摸着充满精液的肚子。\\n心中充满了满足，她的嘴唇靠近了我的脸颊。"
    },
    {
        "name": "トリカブト",
        "message": "「啾……嗯咔，啾噗噗……\\n亲吻也，好喜欢呢……\\n感受到团长的心意，好强烈……」"
    },
    {
        "message": "突然，乌头看向办公桌上的文件。\\n她一边急促地呼吸着，一边拿起羽毛笔，\\n在文件上盖上了一个勾。\\n那份文件是……？"
    },
    {
        "name": "トリカブト",
        "message": "「这是骑士团内部，风纪是否混乱的\\n调查报告……\\n对『没有混乱』打上了勾……」"
    },
    {
        "name": "トリカブト",
        "message": "「和团长做的事情……\\n都是因为爱的缘故……\\n所以和风纪混乱无关……」"
    },
    {
        "message": "确实。\\n正如乌头所说的。"
    },
    {
        "name": "トリカブト",
        "message": "「团长……抱抱」"
    },
    {
        "message": "紧紧相拥在一起，轻盈的身体。\\n这个姿势……是面对面座位。"
    },
    {
        "name": "トリカブト",
        "message": "「团长，我有个好主意……\\n今天就保持这个姿势，边做爱边工作吧……」"
    },
    {
        "message": "好主意。我试着坐到椅子上。\\n……原来如此。\\n总是被阴茎填满，同时培养爱情，\\n专心做文件工作。"
    },
    {
        "name": "トリカブト",
        "message": "「团长，我爱你……团长，团长……\\n啾……舔舔，啰啰啰……\\n啾，噗噗，啾啾……」"
    },
    {
        "message": "品尝着乌头的阴道，交织着深情的吻，\\n开始下午的文件工作。\\n相当舒适的工作环境。"
    },
    {
        "message": "但愿这份纯粹的幸福能够永远延续下去……。\\n眼前摇摆着的少女，在未来，永远地……和她两人…………"
    },
    {
        "message": "下午的工作开始了。\\n我们的骑士团，今天也被爱充满了——。"
    }
]