[
    {
        "name": "カトレア",
        "message": "「要去冲个澡吗？\\n明明工作还没结束，你说的话可真悠闲啊？」"
    },
    {
        "name": "カトレア",
        "message": "「不过嘛……也无所谓啦，反正\\n你和我不一样，你看起来挺热的嘛……好吧，一路顺风？\\n琐碎的事情就交给我来处理吧」"
    },
    {
        "message": "炎热的傍晚。\\n因为身体发热而想要流汗，这是对卡特兰说的回答。\\n但她却产生了严重的误会。"
    },
    {
        "message": "谁都没有说要一个人去。"
    },
    {
        "name": "カトレア",
        "message": "「等、等一下……这样强行……！\\n我不要……啊、毕竟是穿着泳衣，流汗什么的……诶！？」"
    },
    {
        "message": "对抗着的卡特兰碰到了阴茎勃起。\\n当然，原因在于她。\\n这样低语着，将脸红的她强行带进了浴室。"
    },
    {
        "message": "就这样两人一边冲澡一边开始了上次报复的开始。"
    },
    {
        "name": "カトレア",
        "message": "「嗯呜呜……啊啊、上次被带进来的回报……\\n哈啊、啊啊……胸部、已经、不行了……\\n为什么、这么有感觉呢……啊呜呜、啊、嗯呜呜」"
    },
    {
        "name": "カトレア",
        "message": "「明明是穿着泳衣的……变得这么热，停不下来了\\n喂、喂你……这样摸我……乳头在哪里……啊\\n嗯、明明知道……快停下来……太变态了吧！」"
    },
    {
        "message": "淋浴声中，浴室里回荡着卡特兰的责骂和娇声。\\n身体在冷水冲刷下，却愈发热烈。\\n不经意间压迫着的臀部触感助长了这份狂热，\\n彼此再也无法忍耐，时间并不长。"
    },
    {
        "name": "カトレア",
        "message": "「啊……一边揉一边插……嗯、嗯嗯嗯嗯！」"
    },
    {
        "message": "随着插入，拉开泳衣，挑逗着已准备就绪的阴道。\\n面对迎接的热度，腰部不禁颤抖。"
    },
    {
        "message": "但是，止步于此显然是不够的。\\n为了触及想要触及的一切，\\n用鼠径部触摸臀部，用双手品味丰满的乳房。"
    },
    {
        "name": "カトレア",
        "message": "「这个……太大了，太过分了……\\n比上次还要粗……碰到最深处了\\n嗯啊……哈啊、啊、明明在洗澡，却这么热」"
    },
    {
        "name": "カトレア",
        "message": "「骑士团长呢……？ 你……难道不害羞吗？\\n看到部下穿泳衣就……嗯、嗯嗯！\\n哈啊、嗯……能不能稍微停下来呢……」"
    },
    {
        "message": "被水手服外的丰满肉体揉搓着，\\n卡特兰口头上责骂着，但她十分地享受着。"
    },
    {
        "message": "除了淋浴水之外的液体，浸湿了交合部。\\n这些液体帮助黏膜接触和摩擦，使行为更加顺畅。"
    },
    {
        "name": "カトレア",
        "message": "「哈啊……啊、啊啊……完全停不下来……\\n胸部和肉棒都……啊、哈啊、啊啊\\n为什么……这么……\\n上次明明还在忍耐呢……」"
    },
    {
        "name": "カトレア",
        "message": "「我，注意到了……明明在带你到这里之前，我还能忍耐得住……\\n啊，啊，为什么今天……\\n工作还……没做完呢……呼啊，啊呀！？」"
    },
    {
        "message": "用手指摩弄着紧实的乳头穿过泳衣。\\n即使是在水中也能感受到那不可能滑动的重量，揉捏着，既想要坚硬又想要柔软。\\n同时，身体上下摆动也让阴道肌肉摩擦不已。"
    },
    {
        "message": "停不下来。确实如此。\\n也确实无法忍耐。这也是事实。\\n但毕竟，原因还是在卡特兰身上。"
    },
    {
        "name": "カトレア",
        "message": "「你、说什么呀……我什么都没有……\n和上次一样……并没有做什么特别的事情啊……」"
    },
    {
        "message": "泳衣换了。\\n湿漉漉的红发被挪开，耳边轻声细语。"
    },
    {
        "name": "カトレア",
        "message": "「这、这样的事情……嗯，啊啊……\n会变成这样……你……难道不觉得奇怪吗！？」"
    },
    {
        "message": "变得奇怪的是卡特兰自己。\\n如此说着，加大了抽插和爱抚。"
    },
    {
        "name": "カトレア",
        "message": "「啊呜、嗯嗯啊……啊，啊！ 呜呜、嗯嗯！\n激烈的……！ 胸部好热，都要融化了！ 呼啊、嗯嗯！」"
    },
    {
        "message": "一直想要触摸着穿着新泳衣的卡特兰。\\n新鲜而迷人过分了，想象力加剧了白天的炎热和火热感。"
    },
    {
        "message": "因此，我无法忍耐。\\n比起上次更加了解她，也更加亲近她的内心，\\n这次我想要在同一个地方继续亲密下去，这样的想法一直在心中轻声细语。"
    },
    {
        "name": "カトレア",
        "message": "「哈啊，啊呜……居然想要触摸我……一直到这个地步……\\n嗯嗯……嗯啊，哈啊，你一直都是这样看着我的吗……啊呜呜」"
    },
    {
        "message": "回应的是愉悦的反应。\\n敏感度上升，光泽度增加，刺激着这边。\\n揉捏乳房的手也变得更有力气。"
    },
    {
        "name": "カトレア",
        "message": "「呼啊，胸部……嗯，全部都被揉捏着……\\n哈啊，嗯呜……不行，不行啊……太舒服了！\\n为什么呢，笨蛋……啊呜，嗯啊！」"
    },
    {
        "message": "在娇声中掺杂着懊恼或许是先前所说的原因吧。\\n即使是穿着泳衣的爱抚也对卡特兰丰满的乳房产生了十足的刺激。"
    },
    {
        "name": "カトレア",
        "message": "「明明没有好好地触摸着……\\n胸部，并不一样……泳衣碍事呢……！\\n哈啊，啊呜，到这个地步了吗……嗯呜，嗯嗯啊！」"
    },
    {
        "name": "カトレア",
        "message": "「哈啊，啊呜、笨蛋、真是笨蛋笨蛋笨蛋！\\n我的胸部被你弄成这样了！\\n要负责任哦……笨蛋、笨蛋！」"
    },
    {
        "message": "从某种意义上来说，那是一种原谅和自觉的话语。\\n尽管正在淋浴，却让身体的热度和爱意升腾而起。"
    },
    {
        "name": "カトレア",
        "message": "「已经无法再装作坚强了……因为你触摸我而感到高兴！\\n你以那样的方式看待我……也让我感到高兴！」"
    },
    {
        "name": "カトレア",
        "message": "「所以，一直到最后……你强行带我来这里，就要一直到最后……！\\n用你的手，让我感觉舒服啊……！」"
    },
    {
        "name": "カトレア",
        "message": "「我的胸部和身体全部……都是你开发出来的！\\n所以，请……请好好地……好好对我……！拜托了，拜托你了！」"
    },
    {
        "message": "被压抑的热量因此一下子爆发了出来。\\n欲望和善意燃烧起来，紧紧拥抱着卡特兰，全身心地爱着她。"
    },
    {
        "name": "カトレア",
        "message": "「呼啊、啊啊、嗯嗯、哈啊、全部、都要来了、都要到了！\\n胸部也全部……感觉太舒服了！」"
    },
    {
        "name": "カトレア",
        "message": "「舒服、太舒服了！被你爱着真是太好了！\\n被触摸就会融化掉！哈啊、啊啊、嗯嗯！\\n喜欢，因为太喜欢了，所以不行！感觉太舒服了，都要发疯了！」"
    },
    {
        "message": "这边也是一样的。\\n用力拍打着屁股，发出比淋浴还要大的声响，互相拉近彼此的极致。"
    },
    {
        "name": "カトレア",
        "message": "「知道那种感觉的呢……！\\n和你一样，我也是……嗯、我也是……！\\n哈啊、啊啊啊！不行了！不行了，要到了！」"
    },
    {
        "name": "カトレア",
        "message": "「不行，不行不行，要高潮了！\\n奶水，都流出来吧……！深处全部都装满……！\\n你的奶水呢，请全部给我吧！\\n啊啊啊啊啊啊啊……！」"
    },
    {
        "name": "カトレア",
        "message": "「哈啊、啊啊……啊啊、扑通扑通地来着♪\\n热热的奶水……深处被敲击着……\\n嗯、子宫好高兴呢……哈啊、啊啊、嗯嗯嗯♪」"
    },
    {
        "message": "抱着卡特兰，只用腰部向她投射热量。\\n在她颤抖的接纳中，肉棒不断地悸动。"
    },
    {
        "message": "但是，无法全部容纳。\\n卡特兰朦胧地俯视着被握住的乳房，理解了这意味。"
    },
    {
        "name": "カトレア",
        "message": "「啊、啊……滴落在地板上……我明明说了要全部给我……\\n如果要射的话，就好好……别让它溢出来啊……」"
    },
    {
        "message": "如果卡特兰能够努力的话，或许还能解决这个问题，\\n但请求她这样做实在太过分了。"
    },
    {
        "name": "カトレア",
        "message": "「当然了吧？站着的话，感觉太舒服了……\\n腿都在颤抖……已经没有力气了……」"
    },
    {
        "name": "カトレア",
        "message": "「身体太热了，受不了……你也是吧……？\\n明明洗过澡了……一点意义都没有……笨蛋」"
    },
    {
        "message": "对此表示赞同。\\n虽然是因为爱和欲望而陷入这种情况，但实在是相当愚蠢。"
    },
    {
        "message": "不过多亏了这一切，我的愿望得以实现。\\n向卡特兰道谢后，我们重新一起洗澡。"
    },
    {
        "message": "就在我从她的乳房上抬起手的瞬间。"
    },
    {
        "name": "カトレア",
        "message": "「啊……嗯？」"
    },
    {
        "message": "短暂而清晰，听得出困惑和依依不舍。"
    },
    {
        "message": "当我转过头去询问她时，卡特兰的目光流转了过来。\\n在湿漉漉的刘海深处，眼瞳中带着一丝无奈的泪光。"
    },
    {
        "name": "カトレア",
        "message": "「喂、不可以……直接……摸一下吗？」"
    },
    {
        "message": "她那样看着自己裹着泳衣的乳房，说出了这样不像她的撒娇口吻。\\n我无法不回应。"
    },
    {
        "message": "于是，放弃了剩下的工作和冷却身体的念头，\\n直到卡特兰满意为止，我深入、热烈地触摸着她，直到那一天结束。"
    }
]