[
    {
        "name": "イオノシジウム",
        "message": "「啊—真讨厌！好烦人！」"
    },
    {
        "message": "讨伐作战结束后。\\n率领队伍的小文心兰突然大叫道。"
    },
    {
        "name": "イオノシジウム",
        "message": "「报告之类的以后再说，以后！\\n现在……瞧，团长先生过来这边！」"
    },
    {
        "message": "被牢牢抓住手臂，被强行拖着，\\n从骑士团的前庭穿过设施内，\\n一下子就被带到了办公室。"
    },
    {
        "message": "期间，当然多次呼唤她，但全都被无视。\\n能理解的只有握紧的细指压力，\\n以及微微可见的脸颊和耳朵的发热。"
    },
    {
        "name": "イオノシジウム",
        "message": "「哈、哈、哈……团长、先生！」"
    },
    {
        "message": "没有调整呼吸，小文心兰紧紧抱住。\\n仰望的眼眸中闪烁着炽热，\\n夹夹的大腿上有一丝湿润。"
    },
    {
        "name": "イオノシジウム",
        "message": "「好吧，怎么样？嘿，嘿？\\n我已经忍不住了！\\n阴道，忍不住了……！」"
    },
    {
        "name": "イオノシジウム",
        "message": "「肚子里一直很寂寞……一直、一直！\\n想要插进去，想要搅动……！\\n啊，团长先生，请，请啊！」"
    },
    {
        "message": "以娇美的容颜依偎着小文心兰。\\n她没有拒绝那股激烈的冲动，就像是被感染一般，直接进行了行为。"
    },
    {
        "name": "イオノシジウム",
        "message": "「啊啊啊……\\n啊，终于来了……嗯嗯！」"
    },
    {
        "message": "抓住突出的臀部，一下子插入到最深处。\\n小文心兰用甜美的娇声回应着这边。"
    },
    {
        "name": "イオノシジウム",
        "message": "「哈、哈啊，动起来，团长！\\n不需要驯服，不需要！」"
    },
    {
        "name": "イオノシジウム",
        "message": "「来吧，来吧！动个不停，搅乱小穴！」"
    },
    {
        "message": "摇动着臀部诱惑般地哀鸣着的小文心兰。\\n无法忍耐，将阴茎剧烈地摩擦着。"
    },
    {
        "name": "イオノシジウム",
        "message": "「啊啊、嗯咕啊啊啊！\\n哈、打击着，小穴、深处……！\\n更多、更多、嗯嗯，这样还不够！」"
    },
    {
        "name": "イオノシジウム",
        "message": "「知道吧？对吧？\\n我湿了，我已经、肚子、啊啊、敞开了！\\n哈、一直一直等着你呢！」"
    },
    {
        "message": "已经肉穴因为蜜汁而溢出，缠绕的刺激让人觉得刚插入似乎不可能。\\n伴随着抽插发出淫荡的水声，\\n告诉了期待已久的行为所积蓄的欲望。"
    },
    {
        "name": "イオノシジウム",
        "message": "「寂寞、好寂寞啊！\\n从战斗开始，一直都是这样，一直都是！\\n小穴，你在的地方，感觉就像是被你占据的地方，变得空荡荡的！」"
    },
    {
        "message": "对于总是迫切想要立刻满足自己欲望的小文心兰来说，这是一件痛苦的事情。\\n她对于比平时更积极主动和紧迫感也感到满意。"
    },
    {
        "name": "イオノシジウム",
        "message": "「嗯嗯、团长、团长……！\\n不只是胸部啦！小穴也想要！」"
    },
    {
        "message": "在淫荡的抽插声中，她那切实的要求传达了过来。"
    },
    {
        "name": "イオノシジウム",
        "message": "「呜呜、好辛苦啊！\\n明明想要你做的事情，但因为作战中，啊啊、没法得到……！」"
    },
    {
        "name": "イオノシジウム",
        "message": "「胸部、团长的手指，想起来就疼痛难忍……\\n安慰我、安慰我啊……！」"
    },
    {
        "message": "在这淫荡的乞求中，性感不断积聚，她一边轻轻摩擦着阴道，一边伸手摸向乳房。"
    },
    {
        "message": "按照她所说，那双勃起的乳头显得异常疼痛。\\n她用双手揉捏着那柔软而坚挺的乳房，试图将其压扁。"
    },
    {
        "name": "イオノシジウム",
        "message": "「呼呜呜、啊啊、嗯嗯！\\n啊啊、喜欢、喜欢、我好喜欢这个……！\\n胸部被搓揉得好厉害啊、嗯嗯、啊啊啊！」"
    },
    {
        "name": "イオノシジウム",
        "message": "「啊啊，啊啊，要奖励，要嘛？\\n再多一点，再多一点……啊啊，努力了，要奖励，嗯，嗯！」"
    },
    {
        "message": "高昂的喘息声甜蜜地回荡。\\n伴随着香气弥漫整个房间，缠绕在四肢和意识之间。"
    },
    {
        "name": "イオノシジウム",
        "message": "「想做的事情，都忍住了……都赢了！\\n好好地，嗯，工作做完了……！\\n你会高兴的，我忍住了……啊呜！」"
    },
    {
        "message": "性感的地方被热烈地摩擦着，\\n小文心兰的声音急剧地上升。"
    },
    {
        "message": "缠绕的肉褶的颤动就像是那时的预兆。\\n沾满欲望的背脊发出难以抑制的颤抖。"
    },
    {
        "name": "イオノシジウム",
        "message": "「所以说，奖励……啊，啊啊，很好吧\\n啊啊，给我吧，给我吧……嗯咕、呜啊、嗯嗯啊！」"
    },
    {
        "message": "刹那间，阴茎被强烈地收缩。\\n转眼之间就没有了思考的余地。"
    },
    {
        "name": "イオノシジウム",
        "message": "「嗯嗯、嗯嗯呜呜呜呜……！」"
    },
    {
        "message": "四肢和阴道内部紧绷着，\\n小文心兰因快感而扭曲着身体。\\n在挤压般的压力下，不由自主地停止了腰部的运动。"
    },
    {
        "message": "似乎察觉到了，小文心兰只是扭动了一下视线。\\n快感已经变得模糊不清，\\n睫毛伴随着炽热的呼吸微微颤抖。"
    },
    {
        "name": "イオノシジウム",
        "message": "「啊啊、啊啊、团长……」"
    },
    {
        "message": "对于这边的召唤也没有力气。\\n毕竟刚刚回来，这也是无法的，\\n正想着这样的事情。"
    },
    {
        "message": "但是，那是不可能的。"
    },
    {
        "name": "イオノシジウム",
        "message": "「什么……停下了啦\\n嗯呜、嗯嗯、啊啊、嗯啊啊！」"
    },
    {
        "message": "在模糊的焦点下，小文心兰自己开始了动作。"
    },
    {
        "message": "即使对于已经变得敏感的粘膜也毫不在意，\\n滴下甜美的喘息声，一再进行着恳求般的抽插。\\n不断抽搐的皮肤和阴道肌肉点燃了性欲的余火。"
    },
    {
        "name": "イオノシジウム",
        "message": "「动、动起来……！\\n我还想要团长！\\n啊呜、求求你、嗯嗯、求求你……！」"
    },
    {
        "message": "从微微可见的眼角滴落下来，\\n沿着发热的脸颊滑落到地板上。\\n看到这一幕，我也全力以赴地回应着。"
    },
    {
        "name": "イオノシジウム",
        "message": "「啊呜呜、啊啊啊啊啊！\\n好厉害，好厉害……！\\n入口、深处、啊、啊、啊啊、啊呀呀！」"
    },
    {
        "name": "イオノシジウム",
        "message": "「哈啊、哈、嗯、嗯嗯！\\n搅动着，粗大的，一直很深，满满的，嗯嗯，哼哼哼！\\n……啊啊啊、哼哼哼」"
    },
    {
        "message": "四肢紧紧地用力。\\n无法控制的东西被压制住，\\n小文心兰召唤着这边。"
    },
    {
        "name": "イオノシジウム",
        "message": "「一直到最后，都不会停下来……！」"
    },
    {
        "message": "那是一个前所未闻的拼命声音。"
    },
    {
        "name": "イオノシジウム",
        "message": "「我，已经快要变成小穴的白痴了！\\n虽然很小，但是一次又一次地到来了，变得敏感了\\n但是，但是，嗯嗯，停不下来……！」"
    },
    {
        "message": "不断的收缩和痉挛传达到阴茎。\\n伴随着喷涌而出的快感的哭喊声，\\n小文心兰强烈地向这边渴望着。"
    },
    {
        "name": "イオノシジウム",
        "message": "「你能感受到快感……！\\n我最开心了，最开心了，所以……\\n一个人……没有意义……嗯、嗯嗯！」"
    },
    {
        "name": "イオノシジウム",
        "message": "「感觉舒服、再次感觉舒服、再次射精……！\\n让我感受到热烈的东西……！」"
    },
    {
        "name": "イオノシジウム",
        "message": "「我一直都在忍耐，所以……！\\n我要你给我带来热情！我想要感受到，啊啊啊啊啊！」"
    },
    {
        "message": "小文心兰一次次地呼唤着自己的渴望。\\n接受着所有的刺激，\\n同时也像疯狂地追求射精一样不断地抽送。"
    },
    {
        "name": "イオノシジウム",
        "message": "「不行，要高潮了，要高潮了！\\n变得好迷糊，好傻，被搞得好厉害！\\n团长，直到最后……！」"
    },
    {
        "name": "イオノシジウム",
        "message": "「就算我高潮了，也要一直……！\\n不要停下来，不要停下来啊，啊啊啊！」"
    },
    {
        "name": "イオノシジウム",
        "message": "「啊啊啊啊啊啊啊！」"
    },
    {
        "message": "在享受着无数次高潮的同时，无法忍耐地射出了精液。"
    },
    {
        "name": "イオノシジウム",
        "message": "「出来了、出来了……\\n又是热烈的……团长的、热烈的、嗯、嗯嗯」"
    },
    {
        "name": "イオノシジウム",
        "message": "「终于、一起达到了……嗯嗯嗯」"
    },
    {
        "message": "小文心兰的四肢像断了线的玩偶一样摔倒在地。"
    },
    {
        "message": "这边也已经到极限了。\\n我倚在那名美女身上，把身体的重量压在她身上，喘着粗气。"
    },
    {
        "message": "就这样，我们呼吸合而为一。\\n贴在一起的肌肤，让时间变得愉悦而美好。"
    },
    {
        "name": "イオノシジウム",
        "message": "「啊，说起来……」"
    },
    {
        "message": "我用一种慵懒的声音向她提问。\\n我自己的声音也变得摇摆不定。"
    },
    {
        "name": "イオノシジウム",
        "message": "「报告，我还没有做呢\\n……你也是，忘了吧？」"
    },
    {
        "message": "被她提醒后，我回想起来，只是随口说了句之后再说。\\n现在并不想听，和她一起懒散的时光更加迷人。"
    },
    {
        "name": "イオノシジウム",
        "message": "「同感呢……呼呼，团长大人也完全被我给驯服了呢\\n虽然身体上好像是我被驯服了♪」"
    },
    {
        "message": "看着她温和的笑容，我的脸颊不自觉地放松了下来。"
    },
    {
        "name": "イオノシジウム",
        "message": "「呵呵……我一直都想要这样下去，团长大人\\n做爱、懒散、相互欢笑……」"
    },
    {
        "name": "イオノシジウム",
        "message": "「你也想这样做，对吧……？\\n嘿嘿……想这样做，说出来♪」"
    },
    {
        "message": "可爱的强制让我的脸颊再次放松。\\n我不禁开始觉得，和她在一起的日子也不错。"
    }
]