[
    {
        "message": "在喧闹的节日中，我坐在椅子上，心猿意马。\\n刚刚，我还和初恋草一起享受着节日的快乐。\\n如果打开窗户，或许能听到为节日结束而惋惜的人们的声音。"
    },
    {
        "message": "但是，明天我还有工作要做。\\n因为到处走动，累积了疲劳，最好早点休息。\\n我也催促初恋草回到自己的房间。"
    },
    {
        "name": "レシュノルティア",
        "message": "「……已经结束了吗？」"
    },
    {
        "message": "整洁的脸上映现出一抹寂寞的阴影。\\n与吃棉花糖时的笑容截然相反。"
    },
    {
        "name": "レシュノルティア",
        "message": "「我还不想结束……\\n因为最重要的事情还没做呢」"
    },
    {
        "message": "初恋草紧紧地抱住了我。\\n透过浴衣也能感受到丰满的胸部压在身上。"
    },
    {
        "name": "レシュノルティア",
        "message": "「说到约会的最后要做的事情，你明白吧？」"
    },
    {
        "message": "不需要更多的言语。\\n我也紧紧地拥抱着初恋草，双唇相互交融。"
    },
    {
        "name": "レシュノルティア",
        "message": "「嗯……啾，嗯，啊妈……嗯哼，啾啾……嗯哼啊、\\n亲吻……嗯嘟……啾、呜呜……」"
    },
    {
        "message": "激烈的亲吻间，手在曲线优美的身体上游走。\\n抚摸着乳房和臀部，解开浴衣，触摸着私处。\\n花蕊很快就开始分泌爱液，准备工作并不需要太长时间。"
    },
    {
        "message": "纤腰展现出丰满的臀部。\\n与她留有一丝幼稚性格的背影形成鲜明对比。\\n散发出的魅力让人心跳加速，阴茎被吸入到阴户中。"
    },
    {
        "name": "レシュノルティア",
        "message": "「嗯嗯嗯……啊，啊啊啊……终于来了……！」"
    },
    {
        "message": "发出妩媚的声音的初恋草。\\n一边听着她的愉悦声音，一边亲吻着枪尖和子宫口。"
    },
    {
        "name": "レシュノルティア",
        "message": "「啊啊，嗯啊啊……碰到最深处了\\n这就是我一直想要的」"
    },
    {
        "name": "レシュノルティア",
        "message": "「并不是整个祭典期间都在意这件事，\\n但从回家的路开始就一直在意……」"
    },
    {
        "message": "阴道开始抽搐反应。\\n她似乎真的期待这次行为。\\n不由得，我的阴茎也跳动起来。"
    },
    {
        "name": "レシュノルティア",
        "message": "「啊……团长大人的肉棒，动了一下」"
    },
    {
        "message": "可能是因为穿着浴衣，又或者是因为渴望吧。\\n今天的初恋草看起来比平时更加妖艳。"
    },
    {
        "name": "レシュノルティア",
        "message": "「快点动一动吧……我已经等不及了\\n心里和身体都坐立不安了……」"
    },
    {
        "name": "レシュノルティア",
        "message": "「团长大人，快把蕾娜的专属小穴\\n深处填满爱意……！」"
    },
    {
        "message": "被诱惑的言语激起身体的反应，为了快感扭动着腰部。"
    },
    {
        "name": "レシュノルティア",
        "message": "「咕噜，啊啊……就是这个，嗯嗯呃，就是这样\\n啊啊，好，嗯，啊，呜……往深处戳进去吧！」"
    },
    {
        "name": "レシュノルティア",
        "message": "「已经涨得要炸裂了……嘿，嗯嗯啊、\\n啊啊、呜呜……让蕾娜乱成一团吧！」"
    },
    {
        "message": "从喘息声中已经感受不到任何保留。\\n对行为的愉悦让初恋草摇摆不已。"
    },
    {
        "message": "我也用力摆动着腰部，\\n但她现在即使是缓慢的冲刺也会变得混乱无序。"
    },
    {
        "name": "レシュノルティア",
        "message": "「团长大人，请尽情享受蕾娜的身体吧……\\n性爱就算一个人感到愉悦也是不行的……」"
    },
    {
        "name": "レシュノルティア",
        "message": "「虽然这么说……啊啊啊、呵唔、啊啊！\\n这个姿势下，蕾娜可什么都做不了呢……！」"
    },
    {
        "message": "初恋草的皮肤上早已渗出汗水。\\n在每一次冲刺之间，臀部微微泛着光泽，轻轻地摇晃着。"
    },
    {
        "message": "随着快感的挣扎，欲望不断膨胀。\\n将身体半拉向自己，腰部的动作也变得更加热烈。"
    },
    {
        "name": "レシュノルティア",
        "message": "「嗯咿啊啊！嗯嗯、啊、呜呜呜！那、那个……！\\n上面被刺激到的感觉，真是太棒了……！」"
    },
    {
        "name": "レシュノルティア",
        "message": "「咕啊、啊、啊啊啊！嘿啊！\\n小穴自己就开始收缩……！\\n鸡巴，紧紧地……啊呜、嗯嗯、啊、啊啊啊！」"
    },
    {
        "message": "按照她所说的加强了收缩的初恋草，\\n沉溺于欲望中疯狂挣扎。"
    },
    {
        "message": "面对如此淫荡的姿态，我的本能也被不断刺激。\\n对于源源不断涌现的快感的渴望，\\n让我不顾疲惫的身体在这场盛宴中来回穿梭。"
    },
    {
        "name": "レシュノルティア",
        "message": "「哈哈、哈哈、啊啊、哈哈……今天的团长大人真厉害……！\\n蕾娜想要时，你甚至比她更加充盈……」"
    },
    {
        "message": "很可能是因为初恋草太过淫荡了吧。\\n但是，这似乎并不是唯一的原因。"
    },
    {
        "name": "レシュノルティア",
        "message": "「嘿、嗯嗯……哈呜、啊、啊啊啊！\\n团长大人……团长大人……呜、嗯嗯、啊、啊啊啊！」"
    },
    {
        "message": "也许是因为高兴吧。\\n她有着初恋的人，而且那个人竟然说她和我很像。\\n现在，她只关注着我。"
    },
    {
        "message": "确切地说，虽然她以前就这么说，\\n但在潜意识里可能一直怀疑着。\\n但是，这种怀疑甚至在我内心消失了。"
    },
    {
        "name": "レシュノルティア",
        "message": "「嗯呜、嗯嗯呜……再多一点、啊、呼呼、嗯嗯呜……\\n再多一点，拜托了……\\n想要变得更舒服到腿软的感觉！」"
    },
    {
        "message": "对初恋草的占有欲越来越强烈。\\n想要让她更加属于自己。"
    },
    {
        "message": "就在这样想的瞬间，射精的感觉突然涌上心头。\\n差点就要射出来，全身自然而然地绷紧了起来。"
    },
    {
        "name": "レシュノルティア",
        "message": "「鸡巴，颤颤巍巍地……嘿、啊、啊啊啊！\\n但是，请不要射出来……唔、啊、啊啊啊！」"
    },
    {
        "name": "レシュノルティア",
        "message": "「蕾娜，想要更多……呼呼……唔唔、嗯嗯！\\n和团长大人在一起的美好时光，不想结束！」"
    },
    {
        "message": "既然她这么说，我不能就这样射出来。\\n顽强地忍住，再次加快抽送的速度。"
    },
    {
        "name": "レシュノルティア",
        "message": "「啊啊啊！ 就是那样……哈、啊、啊啊啊！\\n最舒服的地方……哈哈、啊啊啊！」"
    },
    {
        "message": "结合部溢出的爱液起了泡，诉说着激烈的抽送。\\n虽然多次快要射精，却一直击打壶的最深处传递快感。"
    },
    {
        "name": "レシュノルティア",
        "message": "「啊，啊……嗯咳，啊啊！那里，那里……！\\n再欺负我一点……！嘿，啊，啊啊，啊呜呜！」"
    },
    {
        "name": "レシュノルティア",
        "message": "「一直刺激到最深处……嗯呀，哈呜，嘿，啊啊！\\n咕，嗯嗯呜……哈哈……咕，嗯嗯！！」"
    },
    {
        "message": "不堪一击，而又不知廉耻地初恋草狂喘。\\n与此同时，我的忍耐已经到了极限。"
    },
    {
        "message": "即便如此，为了满足初恋草的请求，我咬紧牙关。\\n到了这一步突然就结束也太遗憾了吧。"
    },
    {
        "name": "レシュノルティア",
        "message": "「团长大人……果然还是不行吗……？\\n嗯呼，呼……精液会流出来吗？」"
    },
    {
        "name": "レシュノルティア",
        "message": "「哈呜，嗯嗯呜，哈呜，啊啊呜……！\\n莲奈，咕，嗯呼呜……我是不是太任性了？」"
    },
    {
        "message": "并不是为了听你说这种话才在这里。\\n鼓起勇气用力挺动腰部。"
    },
    {
        "name": "レシュノルティア",
        "message": "「咕，啊啊，啊唔唔，啊啊唔！又、顶顶地……」"
    },
    {
        "message": "虽然努力支撑着，射精的迹象却不曾消失。\\n不禁发出的呻吟声变得越来越大。"
    },
    {
        "name": "レシュノルティア",
        "message": "「嘿，啊！啊啊啊！好像要射了……！\\n再坚持一下……再坚持一下！」"
    },
    {
        "message": "终于可以射精了。\\n那份喜悦让身体开始动起来。"
    },
    {
        "name": "レシュノルティア",
        "message": "「嗯啊啊！嘿呀啊！要……要射了……嗯嗯，要射了，啊啊啊！\\n要射要射要射要射……啊呜，啊，啊啊啊！」"
    },
    {
        "name": "レシュノルティア",
        "message": "「要射了！！」"
    },
    {
        "name": "レシュノルティア",
        "message": "「啊啊啊……呼，啊，啊啊啊！\\n好厉害……嗯嗯……滴答滴答地……呼，啊啊！」"
    },
    {
        "message": "在极致快感中，精液被挤压出来。\\n快感太过强烈，几乎让我失去意识。"
    },
    {
        "name": "レシュノルティア",
        "message": "「呼，呼……嗯嗯，呼呼……\\n好舒服……被插得好多次……」"
    },
    {
        "name": "レシュノルティア",
        "message": "「或许是迄今为止最激烈的一次吧……呼，唔唔……」"
    },
    {
        "message": "我紧紧拥抱着初恋草，用枪尖不断刺激她的最深处。\\n即使想停下来，身体也不听使唤。\\n就像倚靠般，我的臀部不由自主地向前挺动。"
    },
    {
        "name": "レシュノルティア",
        "message": "「嗯，啊……不用再这样搓了\\n莲娜，已经满足了」"
    },
    {
        "message": "即使明知道这样做不好，也无法停下来。\\n就像一个学会了新玩具的孩子，总是重复着同一件事。"
    },
    {
        "message": "最终，直到心情平复，我才停止刺激子宫口。"
    },
    {
        "name": "レシュノルティア",
        "message": "「看起来差不多可以了」"
    },
    {
        "message": "我半信半疑地回答，心神放松。"
    },
    {
        "name": "レシュノルティア",
        "message": "「辛苦你了，谢谢\\n多亏你，度过了非常愉快的时光」"
    },
    {
        "message": "初恋草开心地笑着。\\n今天彼此之间似乎不会有第二次了。"
    }
]