[
    {
        "name": "レシュノルティア",
        "message": "「我的初恋的人呢」"
    },
    {
        "message": "初恋草有时会谈起她的初恋对象。\\n说实话，对于我这个对她怀有情感的人来说，\\n这样的话题自然就不那么有趣了。"
    },
    {
        "name": "レシュノルティア",
        "message": "「……所以，团长您和我的初恋的人有点像呢」"
    },
    {
        "message": "每次听到这样的话，\\n就觉得自己被拿来和她的初恋对象相比。\\n会有这样的感觉。"
    },
    {
        "message": "所以，我决定要成为初恋草的第一。"
    },
    {
        "name": "レシュノルティア",
        "message": "「啊！？ 团、团长大人！\\n你、你、你要做什么啊！？」"
    },
    {
        "message": "将阴茎插入初恋草的阴道中，\\n然后将她移到窗边，并让她靠在窗户上。"
    },
    {
        "message": "果然，初恋草变得慌张起来了。"
    },
    {
        "name": "レシュノルティア",
        "message": "「哈呜！ 团长大人……\\n这样的话，外面的人，嗯嗯……都看得见了」"
    },
    {
        "message": "她一副欲哭无泪的表情和声音，\\n初恋草转过头来看着这边。"
    },
    {
        "message": "她的眼中已经浮现出泪水，\\n脸颊因害羞而涨得通红。"
    },
    {
        "name": "レシュノルティア",
        "message": "「明、明明太阳都还没升起……怎、怎么会、啊啊啊！\\n难、难道，就这样下去吗？」"
    },
    {
        "message": "事情就是这样。"
    },
    {
        "name": "レシュノルティア",
        "message": "「团长大人，为、为什么会这样？」"
    },
    {
        "message": "初恋草不仅不愿意让别人看见，\\n甚至不愿意让她那段回忆中的初恋对象想象得到。\\n这样一来，就再也不会被拿来比较了。"
    },
    {
        "name": "レシュノルティア",
        "message": "「根本不该拿来比较……啊啊！」"
    },
    {
        "message": "我抓住她双手撑在窗户上的屁股，\\n重新开始了停下的腰部动作。"
    },
    {
        "name": "レシュノルティア",
        "message": "「啊啊啊，不、不该比较……没有在比较！\\n啊……只有团长大人才能做这种事情啊」"
    },
    {
        "message": "即便如此，她仍然记得自己的初恋。"
    },
    {
        "name": "レシュノルティア",
        "message": "「那个……是的，但是……\\n我喜欢那个人，但是……嗯嗯！」"
    },
    {
        "message": "初恋草害羞地喃喃自语。\\n连她脸颊的红晕都让我嫉妒不已，内心涌起了强烈的占有欲。"
    },
    {
        "name": "レシュノルティア",
        "message": "「嗯嗯！不、不行，\\n现在，肉棒，别动，不要啊啊……！」"
    },
    {
        "message": "每一次振动，她的身体都被推到窗框上。"
    },
    {
        "message": "与孩子般的性格截然相反，\\n发育良好的乳房被挤压在窗户上，\\n扭曲着它们的形状。"
    },
    {
        "name": "レシュノルティア",
        "message": "「啊，嗯嗯……这太丢人了……\\n团长大人……啊啊，啊啊呜」"
    },
    {
        "name": "レシュノルティア",
        "message": "「碰到窗户了……\\n好冷……嗯呐」"
    },
    {
        "name": "レシュノルティア",
        "message": "「嗯嗯……啊……！？」"
    },
    {
        "message": "她喘着气，突然像是察觉到了什么一般，身体变得僵硬。"
    },
    {
        "name": "レシュノルティア",
        "message": "「啊哇哇……团长大人！\\n有、有人！有人在这里！」"
    },
    {
        "message": "或许是看到了窗外经过的行人，\\n初恋草慌忙地缩起身体。"
    },
    {
        "message": "然而，她的腰却更加用力地撞击了过来。"
    },
    {
        "name": "レシュノルティア",
        "message": "「呀啊啊！？团长大人……！\\n不行，现在不行啦」"
    },
    {
        "name": "レシュノルティア",
        "message": "「嗯嗯，这里有人啊！\\n啊呜……会被看到的！」"
    },
    {
        "message": "她试图阻止阴茎的运动。\\n然而，尽管她的努力，阴茎的运动却变得更加剧烈。"
    },
    {
        "name": "レシュノルティア",
        "message": "「啊啊啊！不行，啊……嗯嗯！\\n肉棒，别动！」"
    },
    {
        "name": "レシュノルティア",
        "message": "「啊啊……别动……不要……\\n……嗯嗯，小穴的深处……不要动！」"
    },
    {
        "name": "レシュノルティア",
        "message": "「被看到了……嗯嗯……团长大人的肉棒在小穴里顶着，感觉好……被看到了哦……啊啊啊！」"
    },
    {
        "message": "被他人看到的不安和羞耻，正成为她的快感。"
    },
    {
        "message": "实际上，她吞噬着阴茎的阴道，比刚才更加紧致。"
    },
    {
        "message": "从连接处溢出的爱液增多，已经沿着她的大腿滴落下淫秽的水滴。"
    },
    {
        "name": "レシュノルティア",
        "message": "「嗯嗯……不要这样，嗯嗯……我没有感觉呢，只是想象被看到那种淫荡的表情……嗯啊啊，我并没有感觉呢……啊啊啊！」"
    },
    {
        "message": "像一个任性的孩子一样摇晃着头。然而，只是一想到被看到，她的子宫就开始流出爱液。"
    },
    {
        "message": "这直接导致阴茎和阴道的活塞运动变得更快、更强劲，并且更加紧致。"
    },
    {
        "name": "レシュノルティア",
        "message": "「不要……不要这样……嗯嗯！淫荡的汁液停不下来……啊啊啊！」"
    },
    {
        "message": "热烈而甜蜜的呼吸使窗户变白。满是汗水的手掌在窗户上留下了淫秽的手印。"
    },
    {
        "message": "仿佛要给她最后一击般，他将龟头紧贴子宫口，深深地顶了进去。"
    },
    {
        "name": "レシュノルティア",
        "message": "「啊呜呜呜！」"
    },
    {
        "message": "这个地方，也是她感受最强烈的地方。"
    },
    {
        "name": "レシュノルティア",
        "message": "「啊呜呜！团长大人，不要……啊啊啊！……啊啊呜呜，不行，那里……嗯嗯嗯，不行！」"
    },
    {
        "message": "身体向后拱起，初恋草发出甜美而妖娆的惨叫声。"
    },
    {
        "name": "レシュノルティア",
        "message": "「子宫里被搅动着……嗯嗯，好厉害……！在子宫里亲吻我吧……！」"
    },
    {
        "name": "レシュノルティア",
        "message": "「不行不行不行！太敏感了，会变得奇怪的……啊啊啊！！！」"
    },
    {
        "message": "初恋草发出异常高亢的娇声，身体颤抖着。"
    },
    {
        "message": "从握住她臀部的双手中可以感受到快感的颤抖。"
    },
    {
        "name": "レシュノルティア",
        "message": "「啊啊啊，啊……嗯，呼呼啊啊啊……」"
    },
    {
        "message": "终于，初恋草大口地呼出一口气。\\n看样子，似乎有点高潮了。"
    },
    {
        "name": "レシュノルティア",
        "message": "「好、好……的……」"
    },
    {
        "message": "在粗重的呼吸间，初恋草喃喃自语着什么。"
    },
    {
        "name": "レシュノルティア",
        "message": "「不要了……不要了……\\n就算被看到也没关系！」"
    },
    {
        "name": "レシュノルティア",
        "message": "「初恋之人之类的，被谁看到也没关系了！」"
    },
    {
        "name": "レシュノルティア",
        "message": "「团长大人是最重要的！\\n兰娜只需要团长大人！」"
    },
    {
        "message": "是做出了什么决心，还是放弃了什么。\\n初恋草自己主动扭动着臀部。"
    },
    {
        "name": "レシュノルティア",
        "message": "「请多多地顶进来……\\n兰娜的小穴，请用团长大人的肉棒\\n多多地顶进来吧！」"
    },
    {
        "message": "听到她的哀求，停下的腰部再次开始动了起来。"
    },
    {
        "name": "レシュノルティア",
        "message": "「呜啊啊啊！啊，啊，嗯嗯嗯！\\n好、好厉害，这样、一下子……嗯嗯嗯！」"
    },
    {
        "message": "肿胀的龟头在缠绕的阴道内搅动的感觉。\\n快感和陶醉的感觉。"
    },
    {
        "name": "レシュノルティア",
        "message": "「好舒服啊，嗯，啊，\\n团长大人的肉棒，啊啊……！\\n兰娜的小穴想要被挠得更深……」"
    },
    {
        "message": "已经不再担心被别人看到，\\n她心中只有这个欲望。"
    },
    {
        "message": "只有想要感受快感的雌性本能。\\n即使在快感波动中，她也敏锐地感受到了阴茎的狂暴。"
    },
    {
        "name": "レシュノルティア",
        "message": "「啊，嗯……团长大人，肉棒在跳动……\\n在兰娜的小穴里颤抖着！」"
    },
    {
        "name": "レシュノルティア",
        "message": "「要射了吗，在兰娜里面，\\n嗯，精液，要射进来吗！？」"
    },
    {
        "message": "为了品味初恋草腔内的触感，加快了抽插的速度。"
    },
    {
        "name": "レシュノルティア",
        "message": "「啊呀啊……好、好的，嗯嗯……\\n射出来吧，请……啊啊啊，\\n精液，请射进兰娜的体内」"
    },
    {
        "name": "レシュノルティア",
        "message": "「兰娜也要，要高潮了，嗯嗯……\\n好多，啊，好多高潮……！」"
    },
    {
        "message": "就在那一瞬间，阴茎猛地刺入初恋草的阴道深处。\\n那仿佛是一种粗暴的撞击。"
    },
    {
        "name": "レシュノルティア",
        "message": "「啊啊啊呀，高潮了，高潮高潮高潮！\\n我要高潮了！！！！」"
    },
    {
        "name": "レシュノルティア",
        "message": "「嗯嗯啊啊啊啊啊！！！！」"
    },
    {
        "message": "听着她甜美的喘息声，\\n直接将炽热的精液注入子宫。"
    },
    {
        "name": "レシュノルティア",
        "message": "「啊啊，出来了……\\n团长大人的，炽热的，精液……好多……」"
    },
    {
        "message": "初恋草浮现出陶醉的表情，\\n品味着爱人在子宫中留下的精液。"
    },
    {
        "name": "レシュノルティア",
        "message": "「团长大人……我喜欢您……我喜欢您……\\n团长大人是最棒的……」"
    },
    {
        "message": "在此前所未有的强烈快感中，她的视野变得模糊。"
    },
    {
        "message": "就在这时，她察觉到有人在窗外凝视着这边，\\n初恋草注意到了。"
    },
    {
        "message": "然而，对她来说，那样的事实已经无关紧要了。\\n初恋草妖艳地对着那个凝视着她的人微笑。"
    },
    {
        "message": "即使那个人是她记忆中的初恋对象，\\n初恋草或许也会同样微笑吧。"
    }
]