[
    {
        "name": "ユズ",
        "message": "「我提议了，但果然还是相当害羞呢……要和团长一起洗澡……这种事情……」"
    },
    {
        "message": "香橙害羞地动着身体说道。虽然手里拿着毛巾，但眼神无处安放。而且，香橙也是一样的情况。"
    },
    {
        "name": "ユズ",
        "message": "「但是能和团长这样裸体相处真是太好了。香橙……只有对信任的人才会这样一起洗澡，加深友谊……当然，男性只有团长一个了」"
    },
    {
        "name": "ユズ",
        "message": "「啊，请坐那边，我来帮你洗背。呵呵，我还挺擅长的哦？柳橙队的姐姐们也对我评价很高」"
    },
    {
        "message": "在她的催促下坐下后，香橙开始起泡毛巾。然后认真地帮我擦洗背部和手臂。舒适的触感让我不由得舒了口气。"
    },
    {
        "name": "ユズ",
        "message": "「嗯嘻、嗯嘻……呵呵，怎么样？感觉很舒服吧？团长的背部真的好宽，所以洗起来很有成就感」"
    },
    {
        "message": "热心地给我的身体洗着。偶尔她柔软的身体会碰到我的背部，内心有些紧张。那份心跳声渐渐集中到下半身。"
    },
    {
        "name": "ユズ",
        "message": "「好了，背部差不多了吧，接下来要洗前面，请面向这边……嗯？团长？怎么了？」"
    },
    {
        "name": "ユズ",
        "message": "「啊……团长，那个……好大……那个、别在意……不讨厌的话，反而挺高兴的呢……因为是为了我吧？」"
    },
    {
        "message": "小声嘀咕着，香橙轻轻伸出手指触摸着勃起的部位。\\n在这样的刺激下，我不由得喘息起来，而她那双美丽的眼睛正凝视着我的模样。\\n她的指尖紧紧握住了阴茎。"
    },
    {
        "name": "ユズ",
        "message": "「啊……嗯，团长……没关系……\\n就这样……就这样……请进入香橙的身体吧……！」"
    },
    {
        "message": "香橙颤抖着腰部，鼓起勇气说道。\\n但是，真的可以就这样进行下去吗？我开始犹豫不决。"
    },
    {
        "message": "她提议裸体相处的初衷，会不会产生出与她所期待的不同结果呢？"
    },
    {
        "name": "ユズ",
        "message": "「呵呵，团长真温柔呢……\\n没关系的……从邀请团长开始……我就考虑到了会变成这样\\n我已经……做好了觉悟……所以没关系的」"
    },
    {
        "name": "ユズ",
        "message": "「所以，请进入吧……香橙已经……深深爱上了团长\\n团长呢，您又如何呢？\\n会爱上香橙吗？」"
    },
    {
        "message": "接受了香橙的心意，我也决定回应她。\\n一边回答着深深爱着她，一边缓缓向前推进着腰部。"
    },
    {
        "name": "ユズ",
        "message": "「嗯呜呜、啊啊……！！\\n团、团长……嗯呜呜、进来了……啊、来了啊……！」"
    },
    {
        "message": "阴茎顶端滑过原本紧闭的阴道口。\\n初次接触到粘膜间的摩擦让阴道紧紧收缩了起来。"
    },
    {
        "name": "ユズ",
        "message": "「啊、啊、啊……嗯嗯嗯……！！\\n团长……啊、好厉害，硬硬的，就这样撑开了我的腹部……！\\n嗯，啊啊啊……啊，好热……！」"
    },
    {
        "message": "感受到插入的触感，香橙似乎无法抑制自己的声音。\\n她颤抖着，努力保持着僵硬的身体姿势。"
    },
    {
        "message": "为了支撑她的身体，我用双手抓住香橙纤细的腰。\\n渐渐地，阴茎的顶端碰到了阴道深处。"
    },
    {
        "name": "ユズ",
        "message": "「啊……呼呼，呼呼，呼呼……进去了吗？\\n团长的……进入了我的体内吗？」"
    },
    {
        "message": "点头回答后，香橙开心地微笑着。"
    },
    {
        "name": "ユズ",
        "message": "「呵呵，太好了……我和团长已经变成了一体……我很高兴」"
    },
    {
        "name": "ユズ",
        "message": "「和心爱的团长……能够这样连接在一起……\\n啊，但是……仅仅这样还不够吧？」"
    },
    {
        "name": "ユズ",
        "message": "「要是不舒服的话……\\n那个，动一动会变得舒服吧？」"
    },
    {
        "message": "她虽然这么说，但刚插入就立刻做那种事并不想。\\n只有我一个人舒服是没有意义的。\\n我想让香橙也感受到快乐。"
    },
    {
        "name": "ユズ",
        "message": "「诶？我也……啊，嗯嗯……！！\\n团长……啊，嗯，你在做什么……？」"
    },
    {
        "message": "插入的同时，抚摸着香橙柔软的臀部。\\n她对这种刺激有了强烈的反应。"
    },
    {
        "name": "ユズ",
        "message": "「啊，嗯嗯……团长……！啊，嗯嗯……！\\n好、好害羞……别、别摸那里……！」"
    },
    {
        "message": "我问身体有没有感到舒服。"
    },
    {
        "name": "ユズ",
        "message": "「嗯，嗯嗯……好、好痒……别、别这样……！」"
    },
    {
        "message": "在她害羞的耳边轻声说着。\\n痒的地方就是最舒服的地方。"
    },
    {
        "name": "ユズ",
        "message": "「舒服吗？啊，嗯嗯……真的吗？\\n团长……嗯嗯……！！」"
    },
    {
        "message": "用指尖轻抚着柔软的臀肉。\\n她的身体似乎很快就从刺激中得到了快感。"
    },
    {
        "name": "ユズ",
        "message": "「啊，嗯，真、真的……啊！\\n嗯嗯，被团长摸到痒痒的地方……啊，\\n嗯，感觉好舒服……嗯，啊啊……！」"
    },
    {
        "message": "香橙微微反弯着背。\\n与此同时，阴道收缩了一下。\\n她似乎也察觉到了自己身体的变化。"
    },
    {
        "name": "ユズ",
        "message": "「团长……我，有点……\\n好像，没事了……肚子里，好热……痒痒的」"
    },
    {
        "message": "听到她这么说后，慢慢地开始动起腰来。\\n阴道的紧张不知何时已经消失，变得柔软起来，\\n而且，结合部因为从阴道深处溢出的爱液而变得湿润。"
    },
    {
        "name": "ユズ",
        "message": "「嗯，啊……团长的在里面、动了起来……！\\n嗯，嗯嗯……！ 团长、啊……啊啊……！」"
    },
    {
        "message": "阴茎在阴道内滑动的感触让香橙发出了娇喘声。\\n这声音中已经感受不到之前的痛苦。"
    },
    {
        "name": "ユズ",
        "message": "「啊、啊啊……团长……好像、啊啊！\\n和刚才完全不一样……！\\n这个、啊啊、摩擦的感觉、嗯、啊啊、好舒服……！」"
    },
    {
        "message": "香橙因快感颤抖着发出声音。\\n看到这样的她，我的欲望更加强烈地涌现了出来。\\n自然而然地，我的腰开始加快并变得更有力。"
    },
    {
        "name": "ユズ",
        "message": "「啊、团长……啊啊，好有力量……！\\n嗯、啊啊，好舒服……啊啊、我都要融化了！」"
    },
    {
        "message": "我想让她更加陶醉其中。于是用力撞击着她的腰。"
    },
    {
        "message": "啪嗒啪嗒的干燥声在浴室中回荡。\\n与此同时，香橙娇媚的声音也在空中回荡。"
    },
    {
        "name": "ユズ",
        "message": "「啊、啊、不行、不行……声音、出来了！嗯、团长……啊、好舒服啊！啊、啊、嗯……！！」"
    },
    {
        "message": "阴道紧紧地收缩着。\\n在这刺激下，很快就到了极限。"
    },
    {
        "name": "ユズ",
        "message": "「啊啊、嗯……！ 团长大人，在香橙里面颤抖着！\\n啊啊、不行了！ 这个，啊啊！ 太舒服了……！」"
    },
    {
        "name": "ユズ",
        "message": "「香橙，变得奇怪了……！ 啊啊！\\n呼啊、团长大人……啊、呼啊、啊啊啊啊啦……！！！！」"
    },
    {
        "name": "ユズ",
        "message": "「嗯、啊啊……哈哈，哈哈……嗯嗯……！\\n太厉害了，脑袋里一片空白……」"
    },
    {
        "message": "香橙的身体抽搐着，发出热烈的喘息声。\\n与此几乎同时，我也到达了极限，\\n将大量精液射入了阴道内。"
    },
    {
        "name": "ユズ",
        "message": "「啊、嗯……哦，好厉害，在香橙里面颤抖着……\\n团长大人……难道您也感到舒服吗？」"
    },
    {
        "message": "我点头回答她的问题。\\n同时将龟头顶在最深处射出。\\n那股快感让我也颤抖起来。"
    },
    {
        "name": "ユズ",
        "message": "「啊……团长，你看起来好舒服的样子……\\n嘿嘿，我很高兴……团长感到舒服」"
    },
    {
        "message": "我从背后拥抱着微笑的她。\\n香橙毫无抵抗地接受了我的拥抱。\\n之前还警惕地瞪着我，现在却像是谎言一样。"
    },
    {
        "name": "ユズ",
        "message": "「哈啊、哈啊……嗯、嘻嘻……\\n这就是，融为一体的感觉吧……那个，团长，\\n能再一起，去洗澡吗？」"
    },
    {
        "message": "对于这个问题我当然答应了，香橙开心地微笑着。"
    }
]