[
    {
        "name": "エノコログサ",
        "message": "「嗯～，嗯嗯嗯～！\\n团长，抱起来感觉真好～！」"
    },
    {
        "message": "突然来到房间的狗尾草也突然抱住了我。\\n她说因为累了，想要抱着我当作玩偶。\\n当然，我是没有拒绝的权利的。"
    },
    {
        "name": "エノコログサ",
        "message": "「嗯～，感觉好舒服。\\n果然，如果要抱的话，只限于团长啊～♪\\n只属于我的玩偶呢」"
    },
    {
        "message": "狗尾草使劲用四肢抱住我，更加紧紧地贴在我身上。\\n被她贴近的柔软肌肤，让我的身体不由自主地有了反应。"
    },
    {
        "name": "エノコログサ",
        "message": "「嗯～？ 怎么……碰到屁股了？\\n玩偶可不会在这种地方变大哦」"
    },
    {
        "message": "她贴着我的脸的乳房仿佛在挠痒一样地摩擦着。\\n狗尾草身上散发出的柔和香气，让我的血液流速越来越快。"
    },
    {
        "name": "エノコログサ",
        "message": "「啊呀，不要吸我的味道啦～！\\n好刺激啊～！」"
    },
    {
        "name": "エノコログサ",
        "message": "「……团长，忍不住了吗？」"
    },
    {
        "message": "穿着内衣的坚硬触感让狗尾草的声音变得充满渴望。\\n我没有否定的意愿，只是大幅度地点了点头。"
    },
    {
        "name": "エノコログサ",
        "message": "「嗯，好的……我一开始就是这个打算\\n但是不能动哦\\n现在的团长先生，就是个玩偶，嘛」"
    },
    {
        "name": "エノコログサ",
        "message": "「我来代替你动\\n给你好好地舔舔……再喝点奶♪」"
    },
    {
        "message": "狗尾草脱掉衣服，将挺立的肉棒吞入了私处。\\n近在咫尺的她的声音已经变得娇软。"
    },
    {
        "name": "エノコログサ",
        "message": "「啊啊，嗯嗯嗯……团长先生\\n嗯～，今天也好大呢～……」"
    },
    {
        "name": "エノコログサ",
        "message": "「呼呼，呼呼，嗯～别急着动哦\\n作为上次的回报……今天我来给肉棒带来快感……嗯，嗯嗯嗯～……！」"
    },
    {
        "message": "紧绷的声音伴随着狗尾草的粘膜摩擦。\\n迎接我的柔软肌肤，像上次一样已经十分湿润。"
    },
    {
        "name": "エノコログサ",
        "message": "「嗯，这种事情以前也有过\\n毕竟是为了见团长先生才准备的\\n无论什么时候想要肉棒都可以，我都做好了准备」"
    },
    {
        "message": "湿润的褶皱被抚摸着，发出声音。\\n抓住纤细身体的手也充满力量。"
    },
    {
        "name": "エノコログサ",
        "message": "「诶嘿嘿，看起来很舒服呢……\\n肉棒在里面扑通扑通地敲打着肚子\\n挺有趣的呢……再多摸摸啊」"
    },
    {
        "name": "エノコログサ",
        "message": "「团长的舒服地方，用小穴塞满，擦擦的，\\n但是，不能动哦，想要打击柔软小穴深处的话\\n要忍耐……毕竟玩偶是不会做那种事的」"
    },
    {
        "message": "身体伸展自如，\\n狗尾草用火热的肌肤抚摸着这边的身体。"
    },
    {
        "message": "就像小猫撒娇给母猫一样。或者像淫荡的舞蹈一样。\\n扭动着腰部揉捏着肉棒，\\n向这边倾注着令人焦躁的快感。"
    },
    {
        "name": "エノコログサ",
        "message": "「忍耐，一定要忍耐哦，团长\\n这样的话肯定会比平时多出很多奶油呢」"
    },
    {
        "name": "エノコログサ",
        "message": "「如果多出很多奶油，团长会很舒服吧\\n我也会很舒服\\n所以要忍耐……好吗？」"
    },
    {
        "message": "她喜爱自由却束缚了这边的自由。\\n对于这种不像她的迷人言语，我无法反驳。"
    },
    {
        "name": "エノコログサ",
        "message": "「团长，真乖呢\\n作为奖励，给你很多很多肉棒，好孩子好孩子」"
    },
    {
        "message": "腰部动作改变，一下子被引诱到最深处。\\n然后继续扭动腰部，专注地爱抚着铃口。"
    },
    {
        "name": "エノコログサ",
        "message": "「呼呼、嗯、嗯、小穴、舒服吧、对吧？\\n嗯、看起来很舒服的样子……！」"
    },
    {
        "name": "エノコログサ",
        "message": "「这样下去，一直抚摸到最后……！\\n好孩子，乖孩子……！\\n被抚摸着，感觉很舒服呢！」"
    },
    {
        "message": "小小身体剧烈地动着，吞没的肉棒被揉捏着。\\n这样下去，根本无法忍耐到最后。"
    },
    {
        "name": "エノコログサ",
        "message": "「呜啊！？ 嗯、团长……你、你在做什么！\\n嗯、嗯、这样吸啊，不行啊……！」"
    },
    {
        "message": "眼前摇曳着羞涩的少女乳房。\\n含住挺立可爱的乳头，轻轻吮吸。"
    },
    {
        "message": "感受到前所未有的快感，狗尾草不情愿地摇晃着头。\\n但是，她并没有离开这里，也没有停止腰部的动作。"
    },
    {
        "name": "エノコログサ",
        "message": "「嗯、嗯、团长……你忘了吧？\\n团长不是玩偶，也不是宝宝啊……！」"
    },
    {
        "name": "エノコログサ",
        "message": "「玩偶是不会吸奶的……\\n也不会用舌头舔舐那个地方啊……！」"
    },
    {
        "message": "就算是宝宝也不会这样吸啊，虽然心里这么想却没说出口。\\n更何况，狗尾草扭动身体，将胸部压了上来。\\n看起来很满意的样子却没有多余的话语。"
    },
    {
        "name": "エノコログサ",
        "message": "「嗯、虽然很可爱……嗯、对不起啊，团长……」"
    },
    {
        "message": "喘息声中还不知为何道歉。"
    },
    {
        "name": "エノコログサ",
        "message": "「我，还没有奶水呢……\\n再怎么吸也什么都出不来……！\\n所以，嗯，还不能给团长奶水呢！」"
    },
    {
        "name": "エノコログサ",
        "message": "「哈啊，哈啊，嗯嗯，如果能流出来的话……！\\n我会让你吸的，所以……！\\n所以，嗯嗯，现在对不起……！」"
    },
    {
        "message": "耳朵变得通红，害羞地喊着的狗尾草。"
    },
    {
        "message": "第一次见到这样的表情和听到这样的话语，欲望一下子就燃了起来。"
    },
    {
        "name": "エノコログサ",
        "message": "「呼啊，嗯，哎呀，团长！？\\n为什么肉棒变这么大了呢！？\\n呼啊，在哪里刺激到了，嗯嗯，这么兴奋了呢！？」"
    },
    {
        "message": "膨胀的肉棒顶击着阴道深处，\\n狗尾草发出困惑交织的娇喘声。"
    },
    {
        "message": "随着迫切的需求，肉棒一次次深入其中。\\n每一次喘息都变得更加尖锐，\\n紧紧抓住的手臂也变得更有力。"
    },
    {
        "name": "エノコログサ",
        "message": "「呼啊，啊啊啊，肉棒好厉害……！\\n嗯，嗯嗯嗯，阴道好舒服……\\n口水都流出来了呢！」"
    },
    {
        "name": "エノコログサ",
        "message": "「啊，想快点，想喝奶，想喝……！\\n呼啊，呼啊，团长的，想喝奶……！\\n呼啊，嗯嗯，呜娜啊啊啊啊！」"
    },
    {
        "message": "缠绕着的痉挛感触，全身的血液都汇集到了肉棒上。\\n仿佛在欢迎一般，迷醉的阴道肌肉紧贴着它。"
    },
    {
        "name": "エノコログサ",
        "message": "「嗯，嗯，呼啊，想要……！\\n再次，奶，嗯，满满地灌进来……！」"
    },
    {
        "message": "摩擦着痉挛的皮肤，积蓄的快感泪水滑落在脸上。\\n少女变成淫荡的雌性时，脸上的表情已经被腰间的疼痛所冲淡。"
    },
    {
        "name": "エノコログサ",
        "message": "「呜娜，呜娜啊啊啊啊！\\n奶啊，团长的奶……好多好多，想要，好想要啊……！」"
    },
    {
        "name": "エノコログサ",
        "message": "「阴道张开着等着呢……！\\n再次，多多地流进来吧！！」"
    },
    {
        "name": "エノコログサ",
        "message": "「那、那啊啊啊啊啊啊！」"
    },
    {
        "message": "回应着可爱的恳求，在阴道深处射精。\\n将小小身体紧贴着肉棒，并且不断地灌注大量精液。"
    },
    {
        "name": "エノコログサ",
        "message": "「嗯嗯，嗯嗯，嗯嗯嗯嗯……\\n满满地，在肚子里面\\n团长的奶水让我好像要裂开了似的……」"
    },
    {
        "message": "阴道褶皱和肌肤痉挛，欢愉被喉咙所呕吐。"
    },
    {
        "message": "被耳中黏稠的液体所侵入，更加用力地压迫着腰部。"
    },
    {
        "name": "エノコログサ",
        "message": "「啊，这样的话，会溢出来的，嗯啊\\n太可惜了……团长先生，冷静一点啊」"
    },
    {
        "message": "疲惫不堪的狗尾草无力地挣扎着。\\n我像抱着布偶一样紧紧搂住了她。"
    },
    {
        "name": "エノコログサ",
        "message": "「唔唔，好累啊……\\n团长先生也是吧？」"
    },
    {
        "message": "眼皮低垂下去，我点了点头。\\n于是，我得到了她微微一笑的回应。"
    },
    {
        "name": "エノコログサ",
        "message": "「那么，就这样一起睡觉吧……\\n团长先生不会放开我……\\n我也动不了……只能这样了啊」"
    },
    {
        "message": "带着昏昏欲睡的声音，狗尾草依偎着摩擦着我的皮肤。\\n感受着那份温暖，慢慢地倒在床上。"
    },
    {
        "name": "エノコログサ",
        "message": "「……奶水，总有一天会给你喝的\\n乖孩子，等着吧……团长先生♪」"
    }
]