[
    {
        "name": "エノコログサ",
        "message": "「特等席啊～♪」"
    },
    {
        "message": "狗尾草跨坐在我的腿上，摇摆着她的臀部。\\n她一进来就开始擦拭下半身，刺激着我。"
    },
    {
        "message": "问她在干什么都没必要。\\n她肯定是想捉弄我。"
    },
    {
        "name": "エノコログサ",
        "message": "「嘿嘿，怎么了团长？难受了？」"
    },
    {
        "message": "她不停地擦动下半身，似乎在等待我无法忍受的时候。"
    },
    {
        "name": "エノコログサ",
        "message": "「嘿嘿，团长\\n怎么样？难受得要命了吧？」"
    },
    {
        "message": "虽然我想摇头，但是被她摇晃了这么长时间，我也开始有所反应。"
    },
    {
        "message": "也许是感受到了我的渴望，\\n狗尾草露出了迷人的表情，开始褪下下体的内衣。"
    },
    {
        "name": "エノコログサ",
        "message": "「其实，我也……下面变得暖洋洋的……\\n团长……可以来点……色色的恶作剧吗？」"
    },
    {
        "message": "为了让狗尾草尽情玩耍，我顺势接纳了她。"
    },
    {
        "name": "エノコログサ",
        "message": "「团长的鸡巴，进来了……嗯，嗯噢！」"
    },
    {
        "message": "已经完全融化的狗尾草的阴道顺利地吞下了滚烫坚挺的阴茎。"
    },
    {
        "name": "エノコログサ",
        "message": "「好厉害……团长的鸡巴，原来这么硬\\n被调戏着感觉舒服了呢～♪」"
    },
    {
        "message": "伴随着愉悦的声音，颤抖的阴道开始紧紧地夹住阴茎。\\n在那柔软之中，我喘息着，更加兴奋。"
    },
    {
        "name": "エノコログサ",
        "message": "「……好啦团长，\\n被调戏得忍不住的鸡巴，我会让你感受更多快感的」"
    },
    {
        "message": "随着狗尾草的动作，从紧紧包裹着阴茎的蜜壶中，爱液如涌泉般溢出。"
    },
    {
        "name": "エノコログサ",
        "message": "「团长……嗯，怎么样？我的小穴……\\n已经完全融化了……鸡巴好像也在请求更多呢……」"
    },
    {
        "message": "诱人的声音缠绕在耳边。\\n受到这声音的启发，我伸手触摸了狗尾草的乳房。"
    },
    {
        "name": "エノコログサ",
        "message": "「呜啊啊！胸部，好舒服……团长……再，再玩弄我的胸部，嘛……」"
    },
    {
        "message": "自己主张般用手指捏住尖尖可爱的乳头，确认其弹性。\n用指腹摩擦着这个突起，狗尾草发出更加愉悦的声音。"
    },
    {
        "name": "エノコログサ",
        "message": "「嗯啊啊！！　乳头好敏感啊……\n团长，你专心致志地玩弄着，嗯……我这个恶作剧你喜欢上了吧！」"
    },
    {
        "message": "接受对乳房的爱抚后，狗尾草更加剧烈地摇动着臀部。\n她不停地扭动着臀部，将更多的快感传递给这边。"
    },
    {
        "name": "エノコログサ",
        "message": "「呼啊，啊，嗯嗯……\n怎么样，团长……用小穴来回搓擦，感觉好舒服吧？」"
    },
    {
        "name": "エノコログサ",
        "message": "「嗯嗯呜，嘿嘿……来回搓擦……\n肉棒，再来点折磨吧～」"
    },
    {
        "message": "感受到恶作剧的成果后，狗尾草更加投入地服务着。这种快感也使得这边的爱抚变得更加剧烈。"
    },
    {
        "name": "エノコログサ",
        "message": "「唔啊！　突然吸起胸部来了！\n唔啊！ 团长，吸胸部的感觉真好……再多亲亲、吸吸我吧……」"
    },
    {
        "message": "含住乳房，用舌头玩弄着那个突起。\n狗尾草一边喘息着一边将乳房往前挤压过来。"
    },
    {
        "name": "エノコログサ",
        "message": "「啊哈，嗯嗯！ 团长，突然胸部好敏感，嘛，怎么了呢？」"
    },
    {
        "message": "看着我的脸，狗尾草露出调皮的表情，我坦率地告诉她我因为被捉弄而兴奋。"
    },
    {
        "name": "エノコログサ",
        "message": "「唔呜～……原来如此，原来如此。因为我的恶作剧而兴奋，专心地吸我的胸部呢」"
    },
    {
        "message": "这样坦率的告白，看来让她非常高兴。狗尾草的臀部动作变得更加热烈。"
    },
    {
        "name": "エノコログサ",
        "message": "「嘿嘿，因为我喜欢团长啊，所以会更多地进行淘气的恶作剧呢」"
    },
    {
        "message": "狗尾草扭动着臀部，露出调皮的笑容。在阴道粘膜不断刺激着阴茎的快感中呻吟着，她的笑容变得更加深沉，被性快感所染色。"
    },
    {
        "name": "エノコログサ",
        "message": "「如果被做这样的事团长……嗯……可能会更舒服♪」"
    },
    {
        "message": "仿佛想到了什么好主意一般，狗尾草带着淫靡的微笑。"
    },
    {
        "name": "エノコログサ",
        "message": "「唔呜，我收下了……啊啊……亲亲……啊啊……亲亲、吸吸……嗯咦？\n啊啊……这个、感觉很舒服？」"
    },
    {
        "message": "突然，狗尾草咬住了耳旁的颈脖。用恰到好处的力道，一点也不疼。但是现在，适度的刺激已经和性快感联系在一起，让阴茎更加肿胀。"
    },
    {
        "name": "エノコログサ",
        "message": "「嗯啊！啊，轻轻地咬……你喜欢吗？\n现在……嗯，团长的肉棒跳动得好厉害呢？\n唔呜……团长的肉棒真乖巧可爱呢」"
    },
    {
        "message": "狗尾草继续轻轻地咬着。她一边左右摇晃着臀部，一边爱抚着我的颈脖，渐渐地融化了我的思绪。"
    },
    {
        "message": "狗尾草的牙齿嵌入皮肤的感触，甜美得足以让人上瘾。\n再加上阴道里的蠕动和她的轻咬，让我感受到了令人陶醉的快感，甚至让我的腰部离开了床面。"
    },
    {
        "name": "エノコログサ",
        "message": "「啊呣……嗯……亲亲……就这样\n我会让团长沾满我的口水」"
    },
    {
        "name": "エノコログサ",
        "message": "「唔吃、吸吸……肉棒……\n变得这么硬了呢，被我标记上会让你兴奋吗？」"
    },
    {
        "message": "终于从轻咬中解脱出来。\n舔干了嘴角流下的口水，狗尾草露出淫靡的笑容。\n她说自己是个调皮捣蛋的坏孩子。这种淫荡让人浑身发毛。"
    },
    {
        "name": "エノコログサ",
        "message": "「是啊，我就是个调皮捣蛋的坏孩子……\n所以无论是口水还是阴道都会轻轻地咬上一口哦？」"
    },
    {
        "message": "享受着轻咬带来的舒适感，阴茎更加坚挺了起来。"
    },
    {
        "name": "エノコログサ",
        "message": "「被捉弄了，肉棒就兴奋起来了……团长先生，你真是个坏孩子」"
    },
    {
        "name": "エノコログサ",
        "message": "「因为你是个坏孩子……我会给你更多淘气的色情玩笑♪」"
    },
    {
        "message": "看到我的反应，狗尾草得意洋洋地扭动着腰部，大胆地动了起来。"
    },
    {
        "message": "从连接处传出湿湿的恶心声音，响彻整个房间。"
    },
    {
        "name": "エノコログサ",
        "message": "「嗯嗯～……从肉棒和小穴之间传出了淫荡的声音……我，感觉得如此之强烈！」"
    },
    {
        "name": "エノコログサ",
        "message": "「啊啊，啊，嗯，啊……好棒！嗯……小穴太舒服了……太、太好了！」"
    },
    {
        "message": "享受着粘膜相互摩擦的感触。狗尾草的阴道变得湿润柔软，感觉非常舒适。"
    },
    {
        "message": "这样下去，我就要一个人达到高潮了。因此，我请求让狗尾草休息一会儿。"
    },
    {
        "name": "エノコログサ",
        "message": "「呼、呼那……团长先生……肉棒已经无法忍耐了吗？」"
    },
    {
        "message": "狗尾草不满地叫了起来。\\n但是，当传达想要一起感受快乐的愿望后，她的心情立刻好转了。"
    },
    {
        "name": "エノコログサ",
        "message": "「没关系的，团长♪\\n我也……因为团长的肉棒，我快要高潮了，所以……」"
    },
    {
        "message": "就在那一瞬间，阴道紧紧收缩。\\n突然的剧烈快感让我险些射精。"
    },
    {
        "name": "エノコログサ",
        "message": "「如果忍不住了……随时都可以射，所以……」"
    },
    {
        "message": "在她说出那番话后，狗尾草用双手拉着我。\\n她露出迷醉的表情，用呼吸在我的鼻子前摆动，并粗鲁地摩擦着黏膜。\\n面对这种强烈的快感，根本无法忍耐。"
    },
    {
        "message": "精液被挤压出来，阴道在痉挛。\\n已经随时可能射精了。"
    },
    {
        "name": "エノコログサ",
        "message": "「我、要高潮了！\\n嗯、啊啊！ 团长的肉棒也在颤抖着、\\n肉棒奶快要出来了、是吧……！」"
    },
    {
        "name": "エノコログサ",
        "message": "「好、想要团长的奶水、\\n证明团长已经很舒服了、\\n想要你把它注入我的小穴里……！」"
    },
    {
        "message": "直到达到高潮的那一刻，狗尾草的动作没有停止。\\n然后，在阴茎深深触及阴道深处的那一刻。快感的波浪同时袭击彼此。"
    },
    {
        "name": "エノコログサ",
        "message": "「肉棒的奶水……奶水来了！\\n团长先生的精液……请往小穴里，给我满满的……啊啊啊！」"
    },
    {
        "name": "エノコログサ",
        "message": "「嗯呜、啊啊……热热的奶水，顺着小穴流出来……我也、要、要高潮了、高潮……呜那啊啊啊！」"
    },
    {
        "message": "感受到紧紧收缩的阴道，我将积蓄的欲望喷涌而出，迅速地射入了狗尾草的深处。"
    },
    {
        "name": "エノコログサ",
        "message": "「团长先生的精液……在流出来……\\n满满地灌注着奶水，小穴感到愉悦呢……」"
    },
    {
        "message": "承受着射精的冲击，狗尾草达到了高潮。她满意地接纳着精液，凝视着滴落精液的连接部。"
    },
    {
        "name": "エノコログサ",
        "message": "「太、太舒服了呢……\\n团长先生觉得怎么样呢……我的恶作剧，让你很舒服吧？」"
    },
    {
        "message": "表达了非常舒服的感觉，并抚摸了她的头。"
    },
    {
        "name": "エノコログサ",
        "message": "「如果你喜欢那就没办法了嘛♪ 我会再来个淘气的玩笑♪ 只有当我想要的时候哦♪」"
    },
    {
        "message": "对这番话表示期待。这一次，被狗尾草玩弄到最后。"
    }
]