[
    {
        "message": "为了工作，我叫橄榄到办公室，她显得异常紧张地出现了。"
    },
    {
        "name": "オリーブ",
        "message": "「男人的房间……在夜晚被叫去，是很危险的事情\\n可能会变成狼，被袭击\\n对，香橙也这么说过」"
    },
    {
        "message": "不知道香橙到底教了她些什么，让我有点惊讶。没办法，只好尽快处理完事情，然后橄榄却不知怎的更加靠近了。"
    },
    {
        "name": "オリーブ",
        "message": "「……但是，如果是喜欢的人就另当别论\\n最好是做对方高兴的事情\\n对，香橙也这么说过」"
    },
    {
        "message": "橄榄紧贴着我，将体重压在我身上。惊讶间，她的手摸到了我的阴茎。"
    },
    {
        "name": "オリーブ",
        "message": "「这里，有香味呢……\\n从进屋时就感觉到了……\\n这种味道，第一次……但并不讨厌……哈」"
    },
    {
        "message": "她说着毅然决然地褪下了我的下身衣物。柔软的手抚摸着我的生殖器，下腹部传来一阵甜蜜的麻痹感。"
    },
    {
        "message": "已经无法忍耐了。我将娇小的橄榄按倒在床上，解开她的衣服。"
    },
    {
        "name": "オリーブ",
        "message": "「啊，团长……会给我……吗\\n太高兴了……让我有第一次的经历……\\n啊，哈，啊……！！」"
    },
    {
        "message": "限界般的雄物贴在阴唇上，然后顺势侵入……。"
    },
    {
        "name": "オリーブ",
        "message": "「咕……啊啊啊啊啊……！\n那、团长的肉棒，撑开了我的里面……咕」"
    },
    {
        "message": "橄榄的阴道被雄物填满，她的表情变得痛苦扭曲。"
    },
    {
        "message": "从连接处滴下了初次失身的鲜血，证明她是第一次。"
    },
    {
        "name": "オリーブ",
        "message": "「哈……呼，哈……\n虽然听香橙说过……但果然，第一次很痛呢……哈」"
    },
    {
        "message": "她僵硬的身体散发出微微的汗臭，尚未完全进入，她已经相当痛苦。\n为了确保，我问她是否还能继续。"
    },
    {
        "name": "オリーブ",
        "message": "「没、没关系……\n虽然很疼，但还不至于无法忍受……而且」"
    },
    {
        "name": "オリーブ",
        "message": "「如果这是所爱之人的愿望，满足是女人的责任\n香橙也这么说过……啊呜」"
    },
    {
        "message": "对着她坚强的话语，我向前推进。在狭窄的阴道中，阴茎摩擦着，性感刺激让下腹部微微麻木。"
    },
    {
        "message": "沿着这条道一直走，最终到达了尽头。"
    },
    {
        "name": "オリーブ",
        "message": "「咕……哈啊……！\n哈，呼，哈……呜，好高兴……\n团长的肉棒，深深地进入了……哈啊」"
    },
    {
        "name": "オリーブ",
        "message": "「这个……是幸福的事情呢……我第一次知道\n团长……觉得怎么样？」"
    },
    {
        "message": "当然说是幸福的话，\n她松了口气般地喘了口气。\n吐出的气息甜蜜芬芳，让人感到脑袋发麻。"
    },
    {
        "name": "オリーブ",
        "message": "「哈啊……太好了……\n因为希望团长也……感到愉快才」"
    },
    {
        "message": "虽然很想立刻行动，但对处女的橄榄不能太过分。 \n首先，我缓缓地用指尖在她的脖颈上游走。"
    },
    {
        "name": "オリーブ",
        "message": "「哈啊……呼，哈啊……\n团长的手……很温柔，让人感到颤栗……」"
    },
    {
        "message": "轻轻地触摸着她的脖颈、肩膀、上臂。\n每一次都让她不知是痒还是舒服，\n橄榄都轻轻地扭动着身体。"
    },
    {
        "name": "オリーブ",
        "message": "「哈啊……啊，好舒服……\n再多摸摸我……嘿呀！？」"
    },
    {
        "message": "轻轻抚摸着她的乳房，\\n她发出了惊讶的声音。"
    },
    {
        "name": "オリーブ",
        "message": "「啊……被、被摸到胸部了……！\\n我，第一次有人摸到那里……\\n啊，感觉好奇怪……」"
    },
    {
        "message": "虽然这么说，但她并没有表现出讨厌的样子。\\n一边用手掌轻柔地揉捏着丰满的双乳，享受着弹性感，\\n渐渐地从她身上散发出淫荡的香气。"
    },
    {
        "name": "オリーブ",
        "message": "「啊，哈……哈……\\n心脏怦怦地跳动着……已经，快要炸裂了……啊呜！？」"
    },
    {
        "message": "用两根手指捏住乳头的尖端。\\n伴随着娇喘声，她的上身猛地抽搐了一下。"
    },
    {
        "name": "オリーブ",
        "message": "「啊呜……哈呜……啊，好、好舒服……！\\n乳头、被这样摩擦着……\\n我的身体，要变得奇怪了……！」"
    },
    {
        "message": "对两颗乳头进行摩擦刺激，\\n渐渐地仿佛有一根芯进入其中般变得坚挺。"
    },
    {
        "name": "オリーブ",
        "message": "「哈呜、呼呼、哈呜……麻、麻木了……！！」"
    },
    {
        "name": "オリーブ",
        "message": "「这、这种感觉……\\n以前、从未知道过……啊呜……！」"
    },
    {
        "message": "不断地刺激着阴道的最深处，\\n她的眼睛开始变得潮湿而痛苦。"
    },
    {
        "name": "オリーブ",
        "message": "「为、为什么……？\\n明明还有点疼……阴道的深处，渐渐地变得温暖……\\n感觉很舒服……啊呜呜！」"
    },
    {
        "message": "原本紧绷的橄榄的阴道逐渐放松，\\n从深处渗出了爱液。\\n爱液润湿了整个阴道，像是在亲昵地缠绕着阴茎。"
    },
    {
        "message": "差不多可以动一动了吧。\\n这么想着，我缓缓地开始前后摆动腰部。"
    },
    {
        "name": "オリーブ",
        "message": "「啊、哈啊……啊啊……！？\\n鸡巴在里面摩擦着……哈啊！」"
    },
    {
        "message": "当试图将阴茎抽出时，阴道黏膜仿佛在紧紧地抓住不放。当插入到最深处时，\\n黏膜仿佛在柔软地包裹着整根阴茎。"
    },
    {
        "message": "每一次运动，爱液飞溅着，\\n使办公室内充斥着更加淫靡的气味。"
    },
    {
        "name": "オリーブ",
        "message": "「啊，为、为什么会这样，一直流出来……？\\n我的身体好像变得奇怪了……哈啊！」"
    },
    {
        "message": "橄榄对自己身体的变化感到困惑。\\n疼痛似乎已经几乎消失了。"
    },
    {
        "message": "于是，我更加剧烈地扭动着腰部。"
    },
    {
        "name": "オリーブ",
        "message": "「啊啊！哈啊！啊啊，好、好厉害……！\\n在、在我的小穴里，肉棒在里面粗鲁地乱撞着……哈啊！」"
    },
    {
        "name": "オリーブ",
        "message": "「好舒服……\\n世上居然有这么美好的事情……！！」"
    },
    {
        "name": "オリーブ",
        "message": "「该怎么办呢……\\n这样的事情，肯定、肯定会让我忘记不了的……\\n啊啊，哈啊，啊啊，哈啊……！！」"
    },
    {
        "message": "为了让她的初体验变得更加难以忘怀，\\n我紧紧抓住她的腰部，猛烈地冲击着最深处。"
    },
    {
        "name": "オリーブ",
        "message": "「啊啊！哈啊！呀啊！！\\n这么剧烈……我的身体，快、快要崩溃了……！！」"
    },
    {
        "message": "一次次地割裂处女膜，我感受到从下腹部深处涌上来的热浪。\\n看来，极限即将到来。"
    },
    {
        "name": "オリーブ",
        "message": "「啊、哈啊！？在小穴里，又、又膨胀起来了……！！」"
    },
    {
        "name": "オリーブ",
        "message": "「团长，难道……要高潮了吗……？\\n在我的小穴里，要高潮了吗……？」"
    },
    {
        "message": "点点头，橄榄露出了陶醉的微笑。"
    },
    {
        "name": "オリーブ",
        "message": "「啊……好高兴……！\\n因为交让木说，这代表着我的身体，感觉很舒服……哈啊，啊啊！！」"
    },
    {
        "message": "因为感受到了这边的快感，橄榄自己也更加兴奋起来，\\n她滑腻的褶皱开始紧缩蠕动。"
    },
    {
        "name": "オリーブ",
        "message": "「啊……幸福……我，幸福……！！\\n能让团长给我第一次的体验，我，幸福……！！」"
    },
    {
        "message": "为了进一步追求极限，我连续不断地顶击着龟头。"
    },
    {
        "name": "オリーブ",
        "message": "「呀啊！？　啊啊！！　哈啊！　啊啊！！\\n我、我已经……不行了……！！\\n被团长的肉棒抽插着，啊、要、要高潮了……！！」"
    },
    {
        "message": "就像最后的致命一击般，我强烈地顶击着处女膣。\\n我也已经到了极限。"
    },
    {
        "name": "オリーブ",
        "message": "「呀啊啊啊啊！？　好、剧烈、哈啊！\\n我的小穴……不行了……啊、要高潮了、要高潮了……！」"
    },
    {
        "name": "オリーブ",
        "message": "「啊、啊啊啊啊～～～！！\\n小穴的深处……热热的东西在涌动着……哈啊！！」"
    },
    {
        "message": "橄榄的体内一阵颤动，同时从顶端喷射出炽热的浑浊物。"
    },
    {
        "name": "オリーブ",
        "message": "「啊……团长也……射了吗……？\\n太好了……我，好幸福……哈」"
    },
    {
        "message": "接受了初次精液的深处，橄榄陶醉地说道。"
    },
    {
        "message": "在经历了几次小小的高潮之后，\\n她突然像是察觉到了什么，嗅了嗅鼻子。"
    },
    {
        "name": "オリーブ",
        "message": "「嗅嗅……这股香味，难道是……」"
    },
    {
        "message": "橄榄用手指舀起从连接处溢出的精液，\\n然后靠近自己的脸。"
    },
    {
        "name": "オリーブ",
        "message": "「哈……嗅嗅……\\n感觉有点香味，果然是这个味道」"
    },
    {
        "name": "オリーブ",
        "message": "「不错的香味……\\n光是闻着就……感到幸福……呼」"
    },
    {
        "message": "闻着夹杂了破处血的粉红色精液的气味，她露出了陶醉的表情……。"
    }
]