[
    {
        "message": "夜晚，我在房间里，门外传来有力的敲门声。我允许对方进来，迎春花精神饱满地冲进了房间。"
    },
    {
        "name": "オウバイ",
        "message": "「团长大人，晚上好！有件重要的事情……现在，您没事吧？」"
    },
    {
        "message": "我点了点头，关上门。就在那一瞬间，迎春花扑进了我的怀里。我感到困惑，不明白她为什么要这样做，便询问起理由。"
    },
    {
        "name": "オウバイ",
        "message": "「那个，其实，迎春花喜欢团长大人！所以，那个……想要表达这份心意……」"
    },
    {
        "message": "听到这些话，我理解了迎春花的决心。为了不伤害她，我温柔地拥抱着她，并低语着感谢之情。"
    },
    {
        "name": "オウバイ",
        "message": "「啊……那、那个……也就是说，您愿意接受迎春花了吗？啊哈哈，感觉有点像在做梦一样……团长大人！」"
    },
    {
        "message": "看着脸变得通红的她，我对迎春花的拥抱充满了爱意。然后，我低声对她说要搬到床上去，并和她一起移动过去。"
    },
    {
        "name": "オウバイ",
        "message": "「团长大人……请接受迎春花……啊、呀、啊啊啊啊啊……！」"
    },
    {
        "name": "オウバイ",
        "message": "「进来了、塞满了……嗯嗯嗯！团长大人的、迎春花的、里面……好热啊……嗯嗯嗯！」"
    },
    {
        "message": "迎春花狭窄的阴道中插入了阴茎。\\n我告诉她成功进入了，\\n迎春花虽然因疼痛而扭曲了表情，\\n却微微一笑。"
    },
    {
        "name": "オウバイ",
        "message": "「嘿嘿……团长大人，迎春花……做得好吗？\\n太好了……第一次能献给心爱的团长大人」"
    },
    {
        "name": "オウバイ",
        "message": "「嗯嗯……团长大人，好热啊……\\n而且，那里有点刺痛……\\n动不了……呜呜……」"
    },
    {
        "message": "迎春花全身颤抖着。\\n由于疼痛，她还无法动弹。\\n为了不伤害她，\\n我必须主动引导。"
    },
    {
        "name": "オウバイ",
        "message": "「只要能让团长大人感到愉快，\\n我就很开心了……」"
    },
    {
        "name": "オウバイ",
        "message": "「所以，请不要在意迎春花……嗯嗯！\\n随、随意地对待我吧……」"
    },
    {
        "message": "迎春花的关心让我感到心头一暖。\\n正因如此，为了不让她受伤，\\n我慢慢地活动着腰部。"
    },
    {
        "name": "オウバイ",
        "message": "「嗯！ 哈啊，啊，哎呀……啊啊、嗯嗯……\\n团长大人，请、请不要在意、迎春花的事情……嗯嗯！」"
    },
    {
        "name": "オウバイ",
        "message": "「但是，呜、我很高兴……！\\n啊，团长大人的温柔传达到了……！」"
    },
    {
        "message": "阴茎在阴道中缓慢来回，\\n迎春花的腹部微微颤动。\\n她的表情依然显得扭曲，似乎还在感到疼痛。"
    },
    {
        "name": "オウバイ",
        "message": "「嗯嗯……不要客气……\\n能和喜欢的人亲密接触，\\n迎春花……感到非常幸福……」"
    },
    {
        "name": "オウバイ",
        "message": "「而且也感到有些紧张……\\n有点害羞……\\n啊啊，这样张开双腿……\\n唔，无处可藏……」"
    },
    {
        "message": "为了让迎春花平静下来，我握住了她的手。\\n这样做的同时，她的表情似乎柔和了一些，\\n于是我重新开始了抽送。"
    },
    {
        "name": "オウバイ",
        "message": "「唔……哈啊……啊……啊啊……\\n团长……啊、团长……」"
    },
    {
        "name": "オウバイ",
        "message": "「嘿嘿，团长的手好温暖……\\n被你抱着，总觉得很安心……哈啊……」"
    },
    {
        "message": "随着迎春花表情的放松，阴道也逐渐放松，\\n阴茎的往复变得更加顺畅。\\n我强忍住焦躁的心情，\\n开始爱抚她的腹部和胸部。"
    },
    {
        "name": "オウバイ",
        "message": "「唔唔……被触摸到就会有点奇怪的感觉……\\n身体会有反应……啊、哈啊……」"
    },
    {
        "name": "オウバイ",
        "message": "「因为是团长、是喜欢的人在触摸我，\\n所以心跳加速得停不下来……真的很开心……」"
    },
    {
        "message": "迎春花的表情从痛苦转变为兴奋。\\n阴道中开始渗出爱液，\\n阴茎的往复变得更加顺畅。"
    },
    {
        "name": "オウバイ",
        "message": "「嗯嗯啊……！啊、啊啊！\\n这、这声音……嗯嗯！\\n我、我不想发出这样的声音……！」"
    },
    {
        "name": "オウバイ",
        "message": "「声音、出来了……啊啊……这样淫荡的声音，\\n都出来了……啊啊啊……！」"
    },
    {
        "message": "迎春花的呻吟声逐渐变得甜美起来。\\n身体也弯成一条弓，结合部传来水声，\\n爱液不断地流淌。"
    },
    {
        "name": "オウバイ",
        "message": "「咿……咕噜咕噜的声音……\\n这、这种声音，我从没听过……\\n迎春花的身体，到底怎么了呢……」"
    },
    {
        "name": "オウバイ",
        "message": "「团长，听到了是不行的……！\\n这、这么淫荡的声音……啊啊……！」"
    },
    {
        "message": "虽然迎春花感到害羞，\\n但我告诉她感受到快感是好事。\\n一边告诉她希望她更加享受，\\n一边继续抚摸着她的胸部。"
    },
    {
        "name": "オウバイ",
        "message": "「迎春花的小胸部，嗯嗯！\\n被触摸着，感觉真好……啊啊！」"
    },
    {
        "name": "オウバイ",
        "message": "「已经、已经忍不住发出声音了……\\n啊、啊啊……团长，嗯嗯！」"
    },
    {
        "message": "迎春花的身体开始轻微抽搐。\\n她似乎终于适应了快感，\\n阴道壁也愉快地缠绕在阴茎上。\\n我觉得差不多了，开始渐渐加快腰部的摆动。"
    },
    {
        "name": "オウバイ",
        "message": "「啊啊，团长……！\\n身体深处，嗯嗯，有硬硬的……！\\n进来了……啊，啊啊啊……！」"
    },
    {
        "name": "オウバイ",
        "message": "「被顶到深处……感觉身体变得炽热……\\n呼啊，声音也出来了，控制不住……」"
    },
    {
        "message": "疼痛似乎完全消失了，\\n迎春花发出甜美的娇喘声，接纳着阴茎。\\n我松了口气，但射精的感觉却更强烈，\\n已经接近极限。"
    },
    {
        "name": "オウバイ",
        "message": "「团长，迎春花的身体深处变得炽热……\\n感觉有些难以忍受……呜呜……」"
    },
    {
        "name": "オウバイ",
        "message": "「团长，你也难受吗……？\\n差不多到极限了吧……？」"
    },
    {
        "message": "一边摆动着腰部，一边告诉迎春花射精即将发生时，\\n她满脸欣喜地微笑着。"
    },
    {
        "name": "オウバイ",
        "message": "「团长……请射进来……！\\n就这样，在迎春花的身体里……嗯嗯！\\n想要团长的精液……！」"
    },
    {
        "name": "オウバイ",
        "message": "「这是让迎春花感到愉悦的证明，\\n请务必注入其中……啊啊啊！」"
    },
    {
        "message": "迎春花向我要求射精，背脊传来一阵颤栗。提高阴茎的往复速度，朝着射精前进。"
    },
    {
        "name": "オウバイ",
        "message": "「嗯嗯，在更深处，不断地碰触……！团长的呼吸……嗯，变得非常粗糙，啊！要射出来，给我……嗯嗯！」"
    },
    {
        "name": "オウバイ",
        "message": "「高兴……射出来，拜托了……！在迎春花的……嗯嗯，里面……！」"
    },
    {
        "message": "将阴茎推入阴道的最深处，阴道内涌动着，下半身传来强烈的刺激。忍耐到极限，射精开始了。"
    },
    {
        "name": "オウバイ",
        "message": "「嗯嗯嗯，啊啊啊啊啊啊啊啊啊啊啊！团长，喜欢你……！非常喜欢你……啊，啊啊，嗯啊啊，啊，啊啊啊啊！」"
    },
    {
        "name": "オウバイ",
        "message": "「哈啊，嗯啊，啊啊……！流出来了……热热的东西，在迎春花里面……！嗯嗯啊啊咿呀呀……」"
    },
    {
        "message": "向迎春花的阴道内注入精液。一瞬间，眼前一片白色的感觉陷入其中，但保持清醒地注视着迎春花。"
    },
    {
        "name": "オウバイ",
        "message": "「团长……啊啊……很多呢……这么多……哦，高兴……」"
    },
    {
        "name": "オウバイ",
        "message": "「迎春花很幸福……第一次献给心爱的人，就像置身梦境中一样……」"
    },
    {
        "message": "告诉迎春花，这不是梦，而是真实的事实，一边抚摸着她的脸颊。然而，她仍然沉浸在梦幻之中。"
    },
    {
        "name": "オウバイ",
        "message": "「嘿嘿……因为，真的很幸福呢。感觉就像置身于恋爱小说中一样……能度过这么美好的时光真是太棒了」"
    },
    {
        "message": "看着迎春花幸福地笑着，我感到无比可爱。她的心愿得到了满足，我真是松了口气。"
    },
    {
        "name": "オウバイ",
        "message": "「团长……可以再任性一点吗？我想要，那个，紧紧地抱着我……」"
    },
    {
        "message": "我答应她的请求，紧紧地拥抱着迎春花。迎春花发出愉悦的声音，也紧紧地回拥着我。"
    },
    {
        "name": "オウバイ",
        "message": "「一直、一直……和团长在一起……嘿嘿……迎春花很幸福……」"
    }
]