[
    {
        "name": "コーレア",
        "message": "「那个……团长大人？我可能是弄错了……但是感觉到了一直盯着我看的视线。」"
    },
    {
        "name": "コーレア",
        "message": "「这身打扮，有什么奇怪的地方吗？因为是和平常不一样的衣服，被盯着看就感到害羞……」"
    },
    {
        "message": "并没有奇怪的地方。对着脸颊泛红的折瓣钟南香说道。因为太适合你了，所以不由自主地被吸引住了。"
    },
    {
        "message": "看着因害羞而咬唇娇羞的她，竟然让我想要捉弄她。"
    },
    {
        "name": "コーレア",
        "message": "「啊、捉弄……吗？那个……也就是说，你对这身打扮很中意……是这个意思吧？」"
    },
    {
        "message": "对着上瞄视我的折瓣钟南香，我点头肯定她的想法。"
    },
    {
        "name": "コーレア",
        "message": "「团长大人这么说的话……虽然很害羞，但没关系……」"
    },
    {
        "name": "コーレア",
        "message": "「请对我……做、做很多捉弄……」"
    },
    {
        "message": "折瓣钟南香的脸颊更加红润。虽然害羞却似乎也愿意将自己交托给我。"
    },
    {
        "message": "出乎意料地得到了许可，期待和欲望也随之高涨。\\n顺着欲望，任由自己的身体去追求，玩弄着她。"
    },
    {
        "name": "コーレア",
        "message": "「啊啊，嗯，团长大人在……玩弄着各种地方……\\n进行着淫荡的恶作剧……」"
    },
    {
        "name": "コーレア",
        "message": "「而且……嗯，顶端，硬硬的……碰到了入口……\\n哈……咕噜一下，进去了……呼、嗯嗯……」"
    },
    {
        "message": "一边玩弄着折瓣钟南香的乳房和下腹部，\\n一边将勃起的阴茎顶端插入其中。"
    },
    {
        "message": "因为感受到刺激而变得湿润的阴道平稳地接受了插入。"
    },
    {
        "name": "コーレア",
        "message": "「哈啊……越来越深入了……\\n团长大人的，好大的……嗯嗯\\n肚子里面，撑开了……最深处，好像要触及了……呼、啊嗯」"
    },
    {
        "message": "推开缠绕的阴道肌肉，将龟头压迫着折瓣钟南香的最深处。"
    },
    {
        "name": "コーレア",
        "message": "「啊啊，嗯嗯……呜呀呀呀呀呀……！\\n最深处，被硬硬地顶起来了……」"
    },
    {
        "name": "コーレア",
        "message": "「我的里面，紧紧地贴着团长大人的……\\n非常、非常地愉悦着呢……」"
    },
    {
        "message": "活跃地收缩的阴道粘膜。\\n正如她所说，仿佛在颤抖着感受到被插入到阴道深处的愉悦。"
    },
    {
        "message": "在甜蜜的刺激下，我也变得兴奋起来。\\n龟头紧贴子宫口摩擦着，扭动着腰部，更加感受到折瓣钟南香的快感。"
    },
    {
        "name": "コーレア",
        "message": "「啊……团长大人……在前端，这样刺激的话……嗯呜呜\\n淫秽的恶作剧，好厉害……我很快就……啊啊」"
    },
    {
        "message": "发出甜美的声音，在我的怀中挣扎的莉可。\\n可爱她的反应让我无法抑制住冲动。"
    },
    {
        "message": "玩弄着乳房，我的手从下腹部游向了阴部。\\n同时扭动着腰部开始粘膜摩擦。"
    },
    {
        "name": "コーレア",
        "message": "「哈啊，呼呼，硬的，在动……嗯嗯\\n胸部和小穴的入口……一起被玩弄着……嗯，啊啊」"
    },
    {
        "name": "コーレア",
        "message": "「身体越来越热……啊啊，哈啊，嗯嗯……\\n团长大人的恶作剧……让我感受好多……」"
    },
    {
        "message": "在刺激性感带的同时摩擦着阴道粘膜，\\n莉可发出愉悦的声音并继续挣扎。"
    },
    {
        "name": "コーレア",
        "message": "「啊啊，哈呜，嗯嗯，嗯啊啊……\\n团长大人……好主动……唔呜，嗯嗯……\\n淫荡的声音一直出不停了……」"
    },
    {
        "name": "コーレア",
        "message": "「这样，能让你兴奋……我很高兴但是……嗯啊\\n我，变得不检点了……害羞……哈呜呜」"
    },
    {
        "message": "诉说的话语虽然坦率，身体也同样坦率地作出反应。\\n乳房和阴部各自的地方都因愉悦而勃起，\\n从后颈处散发出羞耻的汗味更加浓烈。"
    },
    {
        "message": "想要看到更加淫乱的折瓣钟南香。想要感受一下。\\n她让我觉得更舒服，表达着希望，\\n用手指轻抚着已经硬得发烫的阴部。"
    },
    {
        "name": "コーレア",
        "message": "「咿呀！那里……啊啊，嗯嗯……\\n被摩擦到，刺痛得……麻木了……哈呜」"
    },
    {
        "name": "コーレア",
        "message": "「咿啊，啊呜，阴蒂很敏感的……啊啊\\n现在被调戏的话，我……咿呜，啊啊啊」"
    },
    {
        "message": "当用手指爱抚阴核时，折瓣钟南香的声音变得更高了。\\n剧烈地扭动身体，对加剧的快感欢欣雀跃地作出反应。"
    },
    {
        "name": "コーレア",
        "message": "「嗯嗯，啊啊啊，团长大人……如果被这样对待的话……啊啊啊\\n我会变得奇怪的……唔唔唔」"
    },
    {
        "name": "コーレア",
        "message": "「胸部、阴蒂都……都很舒服……\\n小穴、软绵绵的……嗯唔、哈啊、啊啊！」"
    },
    {
        "message": "积极而热心的爱抚和冲刺让折瓣钟南香变得淫乱。\\n在耳边低语着她那可爱又淫荡的模样。"
    },
    {
        "name": "コーレア",
        "message": "「呜……好害羞……\n明明自己也知道很淫荡……\n却越来越、淫荡的感觉……强烈起来了……」"
    },
    {
        "name": "コーレア",
        "message": "「団长大人，好厉害……啊啊，嗯嗯……\n能够被您如此玩弄，我感到很高兴……呜呀呀\n会陷入沉迷的……」"
    },
    {
        "name": "コーレア",
        "message": "「更多……更多淫荡的恶作剧，想要我做给您……\n期待着団长大人对我做下下流的事情……\n小穴的深处，已经充满了欲望……」"
    },
    {
        "message": "柯蕾雅用甜美迷人的声音向我示爱。\n勃起的阴茎被她紧紧包裹的阴道粘膜所传达着她的激动。"
    },
    {
        "message": "感受到她的激动，我的兴奋也随之上升。\n我渴望着能够爱抚柯蕾雅直到快感爆发。"
    },
    {
        "message": "在收缩加剧的阴道内不断摩擦，\n表达着希望你能感受到更多快感，\n我的爱抚和腰部动作变得更加剧烈。"
    },
    {
        "name": "コーレア",
        "message": "「呜呀呀，嗯啊啊，団长大人，好激烈，啊啊，啊呜呜！\n湿湿的小穴……啊啊，啊啊，嗯嗯！\n肉棒在搅动着……啊啊！」"
    },
    {
        "name": "コーレア",
        "message": "「就这样，请了！啊啊，嗯嗯，啊啊！\n胸部和阴蒂也，请多多玩弄……恶作剧一样\n下流的事情……想要更多地做给我！」"
    },
    {
        "message": "在快感中表达着喜悦，并且变得愈发激动的柯蕾雅。\n她甜美淫荡的声音引起了阴茎的反应。"
    },
    {
        "message": "每一次在炽热的粘液中摩擦着荡漾的阴道，强烈的快感在全身蔓延。在这种状态下被央求，欲望猛然升腾。"
    },
    {
        "message": "捏住她充满刺激的阴蒂，然后反复揉搓。"
    },
    {
        "name": "コーレア",
        "message": "「啊啊啊！好厉害……啊啊，嗯嗯嗯嗯！\n团长大人……那个、感觉太舒服了……啊啊啊！\n我要高潮了，要高潮了……！」"
    },
    {
        "message": "紧绷的阴茎被折瓣钟南香的阴道肌肉紧紧缠绕。被吸吮着精液的蠕动袭来，我也被推向了极限。"
    },
    {
        "name": "コーレア",
        "message": "「要高潮了！啊呜呜，啊啊，小穴在颤抖要高潮了……啊啊！\n团长大人，我……已经不行了……！\n呼啊，啊啊，啊呀呀呀……！」"
    },
    {
        "name": "コーレア",
        "message": "「要高潮了，要高潮了！\n嗯嗯呜呜，啊啊，嗯嗯呜呜，要高潮了，啊呀呀，要高潮了！\n哈啊啊，呼啊啊啊啊……！！」"
    },
    {
        "name": "コーレア",
        "message": "「嗯嗯嗯嗯……呀呀呀，脑海一片空白……嗯嗯嗯……」"
    },
    {
        "name": "コーレア",
        "message": "「小穴……一直在颤抖……被团长大人、弄得高潮了。」"
    },
    {
        "message": "在极致快感的冲击下，折瓣钟南香的阴道不断地收缩。她扭动着身体，尝试着享受这爆发的快感。"
    },
    {
        "name": "コーレア",
        "message": "「热热的精液，满满地注入肚子里……这种充实的感觉，真的好幸福……」"
    },
    {
        "message": "在那迷人娇软的声音中，我们都陶醉在余韵中。\n在那舒适的慵懒中，我们彼此调整着因兴奋而变得粗重的呼吸。"
    },
    {
        "name": "コーレア",
        "message": "「哈啊……哈啊……被团长大人……玩弄了好多淘气的小把戏……」"
    },
    {
        "message": "折瓣钟南香疲倦地倚靠在我身上喃喃自语。\n虽然看不到她的表情，\n但从她沉浸在余韵中的声音里可以感受到喜悦。"
    }
]