[
    {
        "message": "帚石楠和我约好了去度假，但过了一段时间，\\n还没有空闲的时间安排。"
    },
    {
        "message": "彼此都忍耐着情感，但终于到了极限，\\n最终帚石楠提出了一个建议。"
    },
    {
        "name": "ヘザー",
        "message": "「团长，您觉得怎么样？这套泳装……\\n之前那套是运动型的，\\n这套时尚可爱，您不觉得吗？」"
    },
    {
        "message": "虽然无法度假，但在房间里穿上泳装，\\n来体验度假的氛围的提议。\\n帚石楠拿来了新买的泳装给我看。"
    },
    {
        "message": "非常适合她，但在房间里穿泳装非日常，\\n也因为不同的意义让我心跳加速。"
    },
    {
        "name": "ヘザー",
        "message": "「团长的视线……\\n一直盯着不怀好意的地方呢\\n真是淫荡……」"
    },
    {
        "message": "帚石楠像是被热情冲昏了头。\\n她也受到了这种特殊氛围的影响，\\n看起来有点兴奋。"
    },
    {
        "name": "ヘザー",
        "message": "「明知道不行，\\n心跳却止不住……我是个坏孩子呢\\n但、团长对这样的我……可以吗？」"
    },
    {
        "message": "帚石楠用湿润的眼眸凝视着我。\\n当然，没有拒绝的理由，所以我肯定了她的询问。"
    },
    {
        "name": "ヘザー",
        "message": "「好了……那么，我们去床上吧\\n那样更能慢慢享受……」"
    },
    {
        "message": "被帚石楠甜蜜的邀请激动不已。\\n怀着期待的心情，我们一起移向床边。"
    },
    {
        "name": "ヘザー",
        "message": "「是我发出的邀请，所以今天由我来……\\n那么，我从上面开始吧……」"
    },
    {
        "name": "ヘザー",
        "message": "「嗯、嗯……啊、啊啊……进来了……！」"
    },
    {
        "message": "阴茎发出泡泡声，沉入阴道之中。\\n已经有爱液从阴道口流出，\\n这说明帚石楠已经感受到了。"
    },
    {
        "name": "ヘザー",
        "message": "「啊……好大啊……\\n要全部进去还真费劲……嗯嗯！」"
    },
    {
        "name": "ヘザー",
        "message": "「这下全部进去了……\\n啊……里面在颤抖着……\\n看起来很高兴的样子……真的，很开心……」"
    },
    {
        "name": "ヘザー",
        "message": "「我也一直……都想要的」"
    },
    {
        "message": "帚石楠看起来由衷地微笑着，开始缓慢地动起腰来。\\n媚肉缠绕着阴茎，甜蜜的刺激传遍下半身。"
    },
    {
        "name": "ヘザー",
        "message": "「啊啊……这个姿势，进得好深……\\n马上就会感觉到……嗯啊……哈，啊……」"
    },
    {
        "name": "ヘザー",
        "message": "「肉棒也在颤抖着……真高兴……\\n请用我的小穴尽情享受吧」"
    },
    {
        "name": "ヘザー",
        "message": "「啊、哈、嗯、哈啊、哎呀……」"
    },
    {
        "message": "帚石楠的臀部上下摆动，\\n阴道壁不断套动着阴茎。\\n背脊一阵颤栗，\\n不由自主地发出喘息声。"
    },
    {
        "name": "ヘザー",
        "message": "「呵呵呵，团长啊，\\n才刚开始而已，就发出这么可爱的声音……\\n我的小穴，这么舒服吗？」"
    },
    {
        "name": "ヘザー",
        "message": "「没关系，我会让你更舒服的……\\n让肉棒感受更多，发出那么可爱的声音……\\n哈、啊、嗯、嗯、哈哈、嗯」"
    },
    {
        "message": "帚石楠的声音渐高，腰部动作加快。\\n臀部的肉在颤动，视线不由自主地移了过去。"
    },
    {
        "name": "ヘザー",
        "message": "「啊、嗯、哈、嗯嗯……\\n团长，只看着我的臀部吗？\\n呵呵，你的目光让我感觉好强烈」"
    },
    {
        "name": "ヘザー",
        "message": "「但是不只是看我的臀部……\\n这套新泳衣也要好好看哦\\n毕竟是特意挑选来的……」"
    },
    {
        "message": "帚石楠停下了腰部的动作。\\n被问及关于泳衣的看法，我坦率地表示很可爱，很适合你。"
    },
    {
        "name": "ヘザー",
        "message": "「可爱……适合你……\\n这些都是普通的感想呢……\\n我想要更不一样的感想」"
    },
    {
        "name": "ヘザー",
        "message": "「不想让任何人看到，或者是性感的……\\n这是只想让团长看到的泳衣」"
    },
    {
        "message": "帚石楠略显失望地发出了声音。\\n我判断自己做了令人遗憾的事情，\\n坦率地承认，当然也感到兴奋。"
    },
    {
        "name": "ヘザー",
        "message": "「嗯……呵呵，呵呵呵……\\n果然，团长是喜欢泳衣的变态先生呢\\n色色的……嗯、啊、哈啊……！」"
    },
    {
        "message": "帚石楠开心地微笑着，重新开始了腰部的动作。\\n这次毫不保留地大幅度上下摆动，\\n将阴茎根部完全吞没在阴道中。"
    },
    {
        "name": "ヘザー",
        "message": "「嗯嗯、怎么样……？\\n完全吞没根部，就像这样……嗯、嗯！\\n我会紧紧夹住你哦」"
    },
    {
        "name": "ヘザー",
        "message": "「这样为你服务，\\n也是相当不错的事情呢……！\\n团长能感受到快感，我也很高兴……」"
    },
    {
        "message": "对帚石楠细致的服务感到赞叹。\\n下半身渐渐升起火热，\\n一不留神就会射精出去。"
    },
    {
        "name": "ヘザー",
        "message": "「我会让你感受更多快感的……\\n尽情享受吧……\\n随时都可以射出来哦……」"
    },
    {
        "name": "ヘザー",
        "message": "「啊啊、嗯啊、啊啊、啊啊！\\n肉棒，颤颤巍巍地……啊啊，好高兴」"
    },
    {
        "message": "帚石楠的腰部动起来，臀部不自觉地颤动着。\\n手不由自主地伸向了那双臀部。"
    },
    {
        "name": "ヘザー",
        "message": "「啊啊、团长，摸摸屁股……\\n嗯嗯嗯嗯！ 别、别揉捏啦」"
    },
    {
        "name": "ヘザー",
        "message": "「我、我已经在给你快感了，\\n你却这样触摸着……\\n哈啊、呀啊、啊啊啊……！」"
    },
    {
        "message": "揉捏着帚石楠的桃臀，轻抚着。\\n她的身体开始颤抖，更加兴奋起来。"
    },
    {
        "name": "ヘザー",
        "message": "「动作、淫荡呢……嗯嗯、别、啊啊！\\n我、我光是这样摸屁股就……啊啊！\\n别、别再碰我了」"
    },
    {
        "message": "听到帚石楠可爱的声音，内心升起一股热情。\\n想要感受更多快感，一起达到高潮，\\n于是主动扭动腰部。"
    },
    {
        "name": "ヘザー",
        "message": "「啊、啊啊！ 这样子，呣呣呣！\\n从下面顶上来，我会、呣呣呣！」"
    },
    {
        "name": "ヘザー",
        "message": "「要高潮了、啊啊、小穴高潮了！\\n好、好舒服啊！啊啊啊！」"
    },
    {
        "name": "ヘザー",
        "message": "「被肉棒戳到，我、我忍不住\\n马上就感觉到，要高潮了……啊啊啊！」"
    },
    {
        "message": "就像帚石楠在享受快感一样，\\n我也感受到了同样的快感。\\n然后迎接着射精的极致，进行最后的冲刺。"
    },
    {
        "name": "ヘザー",
        "message": "「啊啊、啊、啊啊啊！\\n不行，这样戳来戳去，小穴要高潮了！\\n马上就要高潮了，啊啊、嗯嗯！」"
    },
    {
        "name": "ヘザー",
        "message": "「一起来，求求你，团长，一起来！\\n一起高潮……啊啊、嗯嗯！」"
    },
    {
        "message": "对着帚石楠的请求点头回应。\\n爱抚着她的臀部，扭动着腰部，\\n最终迎来了射精的极限。"
    },
    {
        "name": "ヘザー",
        "message": "「啊啊、要高潮了！我要高潮了！\\n团长也射出来吧，在里面……小穴里射出来吧！\\n想要中出小穴里面呢！」"
    },
    {
        "message": "帚石楠的腰部松弛下去，阴道紧紧包裹住阴茎。\\n同时射精的感觉涌上心头，毫不犹豫地射精进入阴道。"
    },
    {
        "name": "ヘザー",
        "message": "「啊啊、要高潮了、要高潮了！\\n团长也射出来吧，精液喷出来吧！」"
    },
    {
        "name": "ヘザー",
        "message": "「啊、嗯嗯嗯嗯嗯嗯！\\n在里面射出来，好热，好满……！\\n不、不行，中出会让我又……又高潮了……！」"
    },
    {
        "message": "帚石楠扭动着背部。\\n她痛苦地发出声音，激起我的兴奋，\\n将葡萄球菌中的精子全部排出。"
    },
    {
        "name": "ヘザー",
        "message": "「嗯、啊、啊啊……已、已经……\\n小穴，被精液填满了……\\n哈、嗯哈啊……」"
    },
    {
        "message": "射精结束后，沉浸在余韵中，\\n连正常的词语都说不出来。\\n帚石楠也是一样，\\n我们俩一起深呼吸了一会儿。"
    },
    {
        "name": "ヘザー",
        "message": "「嗯嗯……已经，有点……\\n感觉像飘上云端一样……有点迷失了方向……」"
    },
    {
        "name": "ヘザー",
        "message": "「和平时做爱相比，\\n穿着泳衣做爱的话，就会变得这么混乱……\\n感觉变得更加淫荡了……」"
    },
    {
        "message": "确实，穿着泳衣的帚石楠更加主动，更容易放纵。\\n指出这一点后，\\n她并没有否认，只是苦笑着点头。"
    },
    {
        "name": "ヘザー",
        "message": "「被这么说虽然有点不愿意……\\n但是，确实就是这样呢……」"
    },
    {
        "name": "ヘザー",
        "message": "「虽然有点遗憾，但或许已经成为习惯了呢……呵呵呵」"
    },
    {
        "name": "ヘザー",
        "message": "「下次要的话，是不是该买一套新的泳衣呢……？」"
    },
    {
        "message": "对着帚石楠的建议笑着点了点头。\\n这次她也满脸开心地答应了下来。\\n看来接下来会有一段时间频繁穿泳衣的快乐时光，\\n我有这样的预感。"
    }
]