[
    {
        "name": "マネッチア",
        "message": "「团长大人，工作虽然辛苦，\\n再努力一把！一起加油吧～♪」"
    },
    {
        "message": "蔓炎花在帮忙工作。\\n她的帮助真是太令人感激了。\\n……但是——。"
    },
    {
        "name": "マネッチア",
        "message": "「嘻嘻♪ 团长大人怎么了呀～？」"
    },
    {
        "message": "心跳变得异常剧烈。头脑也变得昏昏沉沉，而且……。"
    },
    {
        "name": "マネッチア",
        "message": "「看，工作就这样结束了\\n诶嘿……♪ 团长大人，接下来要做什么呢？」"
    },
    {
        "message": "蔓炎花比平时更加多倍、十倍地显得迷人。"
    },
    {
        "name": "マネッチア",
        "message": "「啾啾，啾啾，啾啾……\\n团长大人……团长大人……」"
    },
    {
        "message": "蔓炎花伸出舌头，召唤着我。\\n我拥抱着她柔软的身体，交织着双唇。"
    },
    {
        "message": "工作结束后和她的闲谈。\\n不知不觉间变成了这样，\\n都是因为她准备的香薰蜡烛。"
    },
    {
        "name": "マネッチア",
        "message": "「嗯啊，香气很好闻，对吧……？\\n这是蔓炎花的特制哦\\n啾，嘿嘿……感觉变得淫荡了，特别制作的～」"
    },
    {
        "message": "已经不知道这样做了多久。\\n意识融化在彼此散发出的淫荡香气中\\n身体的疼痛无法停止。"
    },
    {
        "message": "忍不住扭动着腰，\\n蔓炎花开心地对我微笑。"
    },
    {
        "name": "マネッチア",
        "message": "「啊哈，肉棒……忍不住了吗？\\n啾，啪，呼呼，可以哦～」"
    },
    {
        "name": "マネッチア",
        "message": "「怎么样……蔓炎花也已经、软绵绵的了……\\n小穴……请享用吧」"
    },
    {
        "name": "マネッチア",
        "message": "「嗯，哈啊，好大啊……」"
    },
    {
        "message": "迎接我的只有微弱的抵抗和软化的肉体。\\n阴茎滑入到深处的触感让它颤动不已。"
    },
    {
        "name": "マネッチア",
        "message": "「哈啊，嗯啊，哈啊，太好了……\\n成功、进入了呢～\\n嘿嘿，拿蜡烛过来真是太好了呢」"
    },
    {
        "message": "蔓炎花眉头微皱，轻轻地叹息着。\\n连接处滴落下处女的证明。"
    },
    {
        "name": "マネッチア",
        "message": "「啊，在意起来，不～好……\\n反而……嘿嘿，如果不说高兴的话，\\n蔓炎花会很伤心的」"
    },
    {
        "name": "マネッチア",
        "message": "「特地，把处女给了你知道吗？\\n为了那个，还做了各种准备呢……啾」"
    },
    {
        "name": "マネッチア",
        "message": "「就算是处女的小穴，也要让团长大人感到舒服才对……\\n嘿嘿，怎么样呢……？ 鸡巴，舒服吗？」"
    },
    {
        "message": "在回答那个问题的同时吮吸着。\\n被厚实的阴道温柔地包裹着，只感受到幸福的刺激。"
    },
    {
        "name": "マネッチア",
        "message": "「啾啾……太好了，蜡烛的效果真是绝佳呢\\n这样就可以尽情地聊天了呢？」"
    },
    {
        "name": "マネッチア",
        "message": "「蔓炎花一直都想和团长大人聊天呢\\n笑着开心地……聊天，不想离开……\\n不想一个人呆着……」"
    },
    {
        "message": "擦着鼻子，蔓炎花的眼神逐渐靠近。"
    },
    {
        "name": "マネッチア",
        "message": "「啾……所以，努力做了各种事情知道吗？\\n因为疼痛不能和团长大人聊天什么的很讨厌」"
    },
    {
        "message": "对于如此深情的心意，我也想回应。\\n紧紧拥抱着柔和笑容一样温柔的身体，\\n将肉棒擦拭在甜蜜之地。"
    },
    {
        "name": "マネッチア",
        "message": "「啊，啊，啊，啊，好舒服……\\n鸡巴，在蔓炎花里面，咕噜咕噜地动着」"
    },
    {
        "name": "マネッチア",
        "message": "「团长大人的大家伙，嗯，\\n一直在肚子深处，咚咚地敲打着呢？\\n啊，头部，都麻痹了」"
    },
    {
        "message": "即使受到刺激，蔓炎花的嘴唇也不停地动着。\\n用沉闷的呼吸传达着自己的状态。"
    },
    {
        "name": "マネッチア",
        "message": "「嘿嘿……因为，想让团长大人全都知道呀\\n蔓炎花感受到了什么，舒服的感觉」"
    },
    {
        "name": "マネッチア",
        "message": "「什么都不会隐瞒的\\n小穴也好，身体也好……全部、全～部、\\n都会告诉团长大人的」"
    },
    {
        "message": "缠绕着四肢，蔓炎花将乳房压向这边。"
    },
    {
        "name": "マネッチア",
        "message": "「嘿嘿，蔓炎花的胸部被压扁了呢\\n嗯，每次团长大人动的时候，都会咕噜咕噜地……\\n因为汗水而变得滑溜溜的……嗯，嗯啊」"
    },
    {
        "name": "マネッチア",
        "message": "「乳头也是，啊，哈啊，摩擦得很厉害呢\\n啊呜，头部感觉刺刺地……」"
    },
    {
        "name": "マネッチア",
        "message": "「团长大人怎么样呢……？\\n只有蔓炎花一个人说话很讨厌呢\\n舒服的感觉，请告诉我～」"
    },
    {
        "message": "愉快的对话对她来说就像是在聊天。\\n单方面的话她会感到不满吧。"
    },
    {
        "message": "苦笑着，传达着自己的快感。\\n肌肤的温暖，唇的柔软，舌头的热度。\\n毫无隐瞒，坦诚地说出口。"
    },
    {
        "name": "マネッチア",
        "message": "「嘿嘿……其他呢？其他地方，感觉如何呀？\\n唔啊，呀啊，按摩的话，要好好聊过再做嘛！」"
    },
    {
        "message": "虽然顺序搞反了，一边道歉，一边揉捏丰满的乳房。"
    },
    {
        "name": "マネッチア",
        "message": "「唔呜，可以哦，我会原谅你的\\n不过代价是，如果不好好告诉我，可是不行哦？」"
    },
    {
        "message": "沉入柔软的乳房中，伴随着吻传达那种状态。\\n从手掌到手臂，感受到头部传来的柔软、弹性和甜美。\\n毫无保留地述说着所有感受到的快感。"
    },
    {
        "message": "这依然让她感到害羞，无法像她那样巧妙地解释。\\n即便如此，蔓炎花看起来很高兴地听着。"
    },
    {
        "name": "マネッチア",
        "message": "「啊唔、啾啾、嗯嗯啊、哈啊、哈啊、\\n嘿嘿、嘿嘿……可以哦，团长大人\\n好好地聊了呢，真棒呢」"
    },
    {
        "name": "マネッチア",
        "message": "「我想知道更多……啾\\n团长大人舒服的感觉，我想更多地了解\\n淫荡的蔓炎花……怎么样呢？」"
    },
    {
        "message": "每一次揉弄乳头，阴道的肉体都会酥麻而融化。\\n这一次，我要用肉棒传达那甜蜜的感觉。"
    },
    {
        "name": "マネッチア",
        "message": "「小穴……好开心啊，嘿嘿嘿～\\n我被团长大人夸奖了呢」"
    },
    {
        "name": "マネッチア",
        "message": "「但是，还不够啊，想要更多更多的夸奖\\n所以我……要让鸡巴更舒服，\\n让你感受更多快感呢……」"
    },
    {
        "message": "彼此传达快感，彼此的欲望不断升高。\\n不知道是谁开始的激烈抽送，\\n淫荡的气味充斥整个房间。"
    },
    {
        "name": "マネッチア",
        "message": "「哈啊，想要感受、想要更多地感受蔓炎花……！\\n团长大人的、舒服的、想要知道更多呢…！」"
    },
    {
        "name": "マネッチア",
        "message": "「因为团长大人教给了我\\n蔓炎花的身体变得这么湿润……！\\n我想回报你，呢！」"
    },
    {
        "message": "交换言语和呼吸，交换彼此的快感。\\n随着兴奋情绪的升腾，相互摩擦的皮肤温度灼烧着意识。"
    },
    {
        "name": "マネッチア",
        "message": "「哈啊，好舒服啊……团长大人\\n啾、啾啪，想一直感受下去……！」"
    },
    {
        "name": "マネッチア",
        "message": "「已经不关心其他事情了……！\\n一直、一直这样下去，和团长大人一起，哈啊、嗯啊！\\n想要进行、淫荡的对话呢！」"
    },
    {
        "message": "但是，激动过度的身体却不允许这样做。\\n我们彼此都已经到了绝境，释放的时刻即将到来。"
    },
    {
        "name": "マネッチア",
        "message": "「啾、啾噗、呼啊，好像要到了！\\n小穴，刺痛……停不下来！」"
    },
    {
        "name": "マネッチア",
        "message": "「团长大人也……？忍耐不住……？\\n肉棒，蓬胀起来了，呼，无法停下……？」"
    },
    {
        "message": "当坦诚地传达即将射精的感觉时，\\n蔓炎花微微地回以笑容。"
    },
    {
        "name": "マネッチア",
        "message": "「那、那个……在射出来的时候，请说你要射了哦？\\n蔓炎花也会说要射了哦……！」"
    },
    {
        "name": "マネッチア",
        "message": "「一起，直到最后，感受愉悦吧……！\\n团长大人……啾、嗯嗯、呼啊、啾噗！」"
    },
    {
        "message": "为了抑制痉挛，四肢紧紧缠绕在一起。\\n嘴唇和腰相互压迫，迸发出巅峰。"
    },
    {
        "name": "マネッチア",
        "message": "「啾噗、嗯啾啾、团长大人……嗯呜呜！\\n呼啊、要射了、要射了……！\\n哈呜、嗯啊啊、要射了！！」"
    },
    {
        "message": "两张嘴紧贴在一起，享受着巅峰的滋味。"
    },
    {
        "name": "マネッチア",
        "message": "「啊，嗯嗯嗯嗯嗯……！\n啪唔，呀，团长大人……嘿嘿，嘿嘿嘿嘿……」"
    },
    {
        "message": "接受射精的蔓炎花，愉悦地颤抖着身体。\n被唾液弄脏的嘴角，诉说着迷醉的话语。"
    },
    {
        "name": "マネッチア",
        "message": "「乖乖地，说出来了呢……要射了……呢……\n嗯呼，好可爱的声音……听到了呢……」"
    },
    {
        "name": "マネッチア",
        "message": "「但是啊，嗯呜，肉棒好凶暴啊……\n喷喷地，射出精液来……\n这么想要占据蔓炎花的内里吗……？」"
    },
    {
        "message": "低垂的目光在寻求答案。\n考虑到自己射出的量，已经没有任何借口了。"
    },
    {
        "name": "マネッチア",
        "message": "「好啊……但是呢，作为代价……」"
    },
    {
        "message": "蔓炎花引诱着走向床边。\n看来她还不想离开。"
    },
    {
        "name": "マネッチア",
        "message": "「肉棒就留在里面吧……\n和蔓炎花聊到睡着为止吧？\n嘿嘿嘿……一定会很有趣的吧……？」"
    }
]