[
    {
        "message": "进入办公室时，发现有一身穿的衣服散落一地。\\n我在想这到底是谁的衣服，很快就明白了，原来是某位花骑士的。\\n走向房间深处，正如我所想象的，那里站着一位花骑士。"
    },
    {
        "name": "レウコフィルム",
        "message": "「哦，团长，你来了啊，不好意思自己随便进来了」"
    },
    {
        "name": "レウコフィルム",
        "message": "「嗯？啊抱歉，不经意间养成了脱衣服的习惯\\n……诶？不是脱的问题？哈哈，这可真是严厉啊」"
    },
    {
        "message": "我曾多次提醒过红花玉芙蓉关于脱衣服的习惯。\\n然而她似乎并没有改掉这个习惯，\\n导致类似现在这样的尴尬情况时常发生。"
    },
    {
        "name": "レウコフィルム",
        "message": "「我讨厌被束缚，无论是心灵还是身体\\n事实上，现在被提醒反而更想脱得更彻底」"
    },
    {
        "name": "レウコフィルム",
        "message": "「嗯……不行忍不住了，抱歉在这里脱掉吧」"
    },
    {
        "message": "话刚说完，红花玉芙蓉果然开始脱起衣服来。\\n我急忙移开视线，并问她为什么会这样做。\\n此刻我只能做到这些了。"
    },
    {
        "name": "レウコフィルム",
        "message": "「为什么呢……因为我讨厌被束缚啊\\n没必要那么慌张啦\\n毕竟，在这个房间里只有你和我团长两个人」"
    },
    {
        "message": "只有我们两个人。\\n红花玉芙蓉几乎裸着身子扑到床上，并没有意识到这才是最大的问题。"
    },
    {
        "message": "眼前的景象让身体变得炽热，欲望愈发增长。\\n理性逐渐淡去，最终身体不受控制地动了起来。\\n我俯身躺在红花玉芙蓉的身上。"
    },
    {
        "name": "レウコフィルム",
        "message": "「嗯嗯？ 团长君？\\n感觉到我的屁股被硬物顶到了……\\n这个……嗯，啊哈哈，果然是这样吗？」"
    },
    {
        "message": "对于一个自己心仪的迷人女性，如果她以这种姿态躺在自己的床上，\\n应该早就明白会发生这样的事情。\\n我一边像在找借口一样喃喃自语着，一边触摸着红花玉芙蓉。"
    },
    {
        "name": "レウコフィルム",
        "message": "「嗯唔……这么硬擦来擦去……啊呃\\n我的身体让你这么兴奋了吗？\\n啊，嗯……！ 唔，那里……嗯，进来了？」"
    },
    {
        "message": "勃起的阴茎夹在她的臀部肉上摩擦着。\\n尿道口已经流出透明的Cowper液，\\n弄脏了红花玉芙蓉的白皙肌肤。"
    },
    {
        "name": "レウコフィルム",
        "message": "「啊呃、嗯、唔唔……！ 在入口处、擦到了……！\\n团长君，你要插进来吗？ 唔、啊、啊呃！\\n要、进来了……啊、来了……！！」"
    },
    {
        "message": "毫不客气地将阴茎滑入她的阴道内。\\n也许是因为前戏的缘故，\\n红花玉芙蓉那里似乎已经微微湿润起来。"
    },
    {
        "message": "贴合紧密的阴道中，龟头顺利进入阴道深处。\\n阴道紧紧收缩，阴道皱褶缠绕着阴茎。"
    },
    {
        "name": "レウコフィルム",
        "message": "「啊真是的，团长君那么大……啊啊、碰到最深处了……\\n唔、你勃起得这么硬……是不是很久没解决了呢？」"
    },
    {
        "name": "レウコフィルム",
        "message": "「……啊，嗯啊……！\n啊，那么深，扭来扭去的……嗯嗯！\n声音都出来了呢……呼呼，嗯，啊啊……！」"
    },
    {
        "message": "腰部像是在阴道深处摩擦龟头。\n从被温暖包裹的阴茎传来愉悦感。"
    },
    {
        "message": "更想要品尝她，于是缓慢而有力地开始在阴道内进行抽送。"
    },
    {
        "name": "レウコフィルム",
        "message": "「啊，嗯……啊啊……！\n嗯，嗯嗯……！！」"
    },
    {
        "name": "レウコフィルム",
        "message": "「怎么了呢，团长大人……今天比平时更激烈呢\n嗯，嗯嗯……这么，兴奋了吗？」"
    },
    {
        "message": "确实是兴奋了。\n但是比平时更激烈是因为这次感觉不需要保留。"
    },
    {
        "name": "レウコフィルム",
        "message": "「哈哈，感觉就像平时都在保留一样\n啊啊……开玩笑的，开玩笑……\n那么，今天为什么不保留呢？」"
    },
    {
        "message": "在这个只有我们两人的房间里，在床上脱掉的是你。暴露出无防备的姿态的红花玉芙蓉才有错。\n这样被欲望所驱使，并不是因为我们这边的错吧。"
    },
    {
        "name": "レウコフィルム",
        "message": "「嗯，嗯嗯……也就是说做一些色色的事情\n都是我的责任，所以不需要保留……大概是这个意思吧？」"
    },
    {
        "message": "返答之际，用力地撞击着腰部。\n肌肤相碰的声音，以及红花玉芙蓉甜美的声音在房间里回荡。"
    },
    {
        "name": "レウコフィルム",
        "message": "「啊嗯嗯……嗯嗯……呼呼，原来如此……\n所以你这么卖力地摆动着腰部……」"
    },
    {
        "name": "レウコフィルム",
        "message": "「但如果是这样的话，或许是我的错吧\n所以就算更加激烈一些……嗯嗯\n也无法抱怨的立场呢……呼呼呼」"
    },
    {
        "message": "明明应该是我在一方面刺激她，但她却表现得很从容。\n甚至看起来有些高兴的样子。"
    },
    {
        "message": "这种情况让我感到不爽。\n既然如此，我加快了腰部的速度。"
    },
    {
        "name": "レウコフィルム",
        "message": "「啊，嗯嗯……啊啊……啊，好厉害！\n团长大人……啊啊，这么卖力地……啊啊！」"
    },
    {
        "name": "レウコフィルム",
        "message": "「嗯，鸡巴，在我里面，啊，摩擦着……！\n啊，啊……深入到底部，啊啊，好紧……啊啊！」"
    },
    {
        "message": "用力地摆动着腰部。\n每次都能感觉到她柔软的臀部颤动起来。"
    },
    {
        "message": "对于这淫荡的景象实在是受不了了，像托起屁股一样揉捏着臀部。\n红花玉芙蓉的臀部颤抖了一下，并且声音变得更加妩媚。"
    },
    {
        "name": "レウコフィルム",
        "message": "「啊，真是的……嗯嗯，今天的团长大人，\n真的好像一点都不懂得克制……啊，嗯嗯……！」"
    },
    {
        "name": "レウコフィルム",
        "message": "「被这样激烈对待，还是第一次……嗯，啊……！\n嗯，嗯嗯……啊啊，啊，啊啊嗯嗯……！」"
    },
    {
        "message": "阴道紧紧地收缩着，仿佛在刺激着阴茎一般。\n突如其来的刺激让快感瞬间增加，不经意间阴茎跳动了一下。"
    },
    {
        "name": "レウコフィルム",
        "message": "「啊啊啊啊……！ 团、团长大人，好厉害……啊啊！\n还在变得更大呢……嗯嗯……！\n非常、有男子气概呢……呼呼，太棒了……！」"
    },
    {
        "name": "レウコフィルム",
        "message": "「好的……就这样激烈地，对我来说就好了……！\n用团长大人的鸡巴……更加激烈地顶进来吧……！」"
    },
    {
        "message": "在她的引诱下，更加激烈地顶动着腰部。\n每次都会感受到阴道剧烈地收缩回应着。\n仿佛在努力挤取精液一般。"
    },
    {
        "name": "レウコフィルム",
        "message": "「啊，啊啊啊……！ 好棒！\n就这样……用团长大人的鸡巴来惩罚我吧……！」"
    },
    {
        "name": "レウコフィルム",
        "message": "「随你喜欢……团长大人，在你喜欢的时候射出来也可以哦！\n啊，啊啊……惩罚我吧……！」"
    },
    {
        "message": "因为过于剧烈的腰部运动床铺剧烈地摇晃着。\n甚至连这种事都变得无关紧要，全神贯注地摆动着腰部。"
    },
    {
        "name": "レウコフィルム",
        "message": "「啊，啊啊，好厉害……！\n团长，啊，我喜欢这个……已经、回不去了……！」"
    },
    {
        "name": "レウコフィルム",
        "message": "「不被团长做的话……啊啊，不这样做的话，\n啊啊，就感觉无法满足了……！\n啊啊，啊啊，啊啊……！」"
    },
    {
        "message": "红花玉芙蓉露出了陶醉的表情并发出娇喘。\n极限就在眼前。\n毫不犹豫地释放着那股快感。"
    },
    {
        "name": "レウコフィルム",
        "message": "「啊啊，团长……啊啊，啊啊！\n要、要高潮了……啊啊，高潮了…！　嗯，啊啊，呜呀呀呀……！！」"
    },
    {
        "name": "レウコフィルム",
        "message": "「呀，啊啊……！　嗯嗯……！\n出、出来了……惩罚的液体……充满了、我的、里面……！」"
    },
    {
        "message": "浑浊的液体不断地流入红花玉芙蓉的阴道。\n她的阴道仿佛在接纳着所有的液体。"
    },
    {
        "name": "レウコフィルム",
        "message": "「嗯嗯，嗯嗯……还在、抽动着腰部……\n嗯，不行了，那里已经是尽头了……嗯，\n再往里就进不去了……嗯……！」"
    },
    {
        "message": "为了把最后一滴也尽量释放到她的体内，龟头在阴道深处摩擦着。\n就连这样的举动也让\n红花玉芙蓉投来了炽热的目光。"
    },
    {
        "name": "レウコフィルム",
        "message": "「哈哈、哈哈……真厉害，被惩罚得好厉害……\n简直觉得身体都要散架一样，好激烈呀……哈哈」"
    },
    {
        "message": "我们喘着气倒在床上。\n一时之间，几乎无法动弹。"
    },
    {
        "message": "在这样的情况下，我偷偷地观察着红花玉芙蓉的表情。\n她也同样地盯着我。"
    },
    {
        "name": "レウコフィルム",
        "message": "「呵呵，要是这么舒服的话\n团长大人面前一直都裸着会怎么样呢？」"
    },
    {
        "message": "她调皮地微笑着说出这番话，\n看来她那个脱衣的癖好是改不掉了。\n我也只能笑笑回应。"
    }
]