[
    {
        "message": "夜晚，欧石楠来到我的房间，说想要聊天。享受着与她的对话，不知不觉间大家都已经入睡了。"
    },
    {
        "message": "当然，因为我们两人独处在房间里，所以不可能不去在意。每次看着欧石楠，心脏就会怦怦地跳动起来，那种邪恶的感觉也会涌上心头。"
    },
    {
        "name": "エリカ・クリスマスパレード",
        "message": "「嘛，我在那个地方……嗯，团长，怎么了？你脸色这么红……啊，难道……」"
    },
    {
        "name": "エリカ・クリスマスパレード",
        "message": "「嗯嘛，毕竟我们两人独处在这里呢。不去在意才更加失礼呢。」"
    },
    {
        "message": "当然，欧石楠肯定察觉到了我的心思，并且得意地笑了起来。既然如此，我觉得直接表达比较好，于是我试着接近她。"
    },
    {
        "name": "エリカ・クリスマスパレード",
        "message": "「嗯……毕竟是团长呢，没关系！产生那种感觉也是我的错啦。所以……包括让你有那种感觉的责任在内哦？」"
    },
    {
        "message": "欧石楠温柔而妩媚地笑着向我走来。然后我们一起走向床边。"
    },
    {
        "name": "エリカ・クリスマスパレード",
        "message": "「好了，我来抱住团长……我要上去了……嗯、啊……」"
    },
    {
        "name": "エリカ・クリスマスパレード",
        "message": "「嗯……哈啊……好厉害……心跳得好厉害……团长，感觉快要冲出来了呢」"
    },
    {
        "message": "欧石楠骑在上面，插入了阴茎。尽管有点刺激性的她的眼神让我心跳不已，但我的身体却不受控制地反应了起来。"
    },
    {
        "name": "エリカ・クリスマスパレード",
        "message": "「嗯……团长，你有点着急了？没关系，没关系，不会疼的啦。嘿，我只是说说而已」"
    },
    {
        "name": "エリカ・クリスマスパレード",
        "message": "「我可不是那种被责难就会陶醉的类型，所以放心吧……啊哈哈」"
    },
    {
        "message": "欧石楠开心地笑着，慢慢开始摆动腰部。阴道收缩，对阴茎施加压力，我不由自主地发出声音。"
    },
    {
        "name": "エリカ・クリスマスパレード",
        "message": "「哎呀，发出了可爱的声音呢……嗯咳咳但是，现在只是稍微动了一下而已。正片才刚刚开始呢」"
    },
    {
        "name": "エリカ・クリスマスパレード",
        "message": "「多动一点，享受一下吧。我可是很期待的哦，团长」"
    },
    {
        "message": "欧石楠微笑着全身上下开始摆动。随着她的动作，我也慢慢开始摇动腰部。"
    },
    {
        "name": "エリカ・クリスマスパレード",
        "message": "「嗯……在动呢……无所谓啦，团长随便……我们一起享受吧」"
    },
    {
        "name": "エリカ・クリスマスパレード",
        "message": "「哈啊、啊、嗯嗯、啊……真厉害呢，还这么硬、这么热……充满活力……啊、啊、哈啊！」"
    },
    {
        "message": "阴道壁被阴茎挤压，下半身被一种扭曲的感觉所包裹。我努力地刺激着，同时也摇动着腰部回应着。"
    },
    {
        "name": "エリカ・クリスマスパレード",
        "message": "「啊，团长果然是个充满斗志的男孩呢……嗯……！喜欢这样的你啊……」"
    },
    {
        "name": "エリカ・クリスマスパレード",
        "message": "「让我更开心一点，更舒服一点吧。啊，好、那里、摩擦着，好舒服……！」"
    },
    {
        "message": "欧石楠轻轻地抬起臀部，用阴茎的尖端摩擦着阴道口。虽然龟头受到刺激，我的腰部也不由自主地摆动左右。"
    },
    {
        "name": "エリカ・クリスマスパレード",
        "message": "「啊，那个，好……哈哈，被刺激了……我也想认真起来了。所以……要不要来得更猛烈一点呢」"
    },
    {
        "name": "エリカ・クリスマスパレード",
        "message": "「嘿，嗯嗯，嘿，嘿！看，感觉越来越好了吧？我也感觉很舒服……嗯！」"
    },
    {
        "message": "对阴茎的刺激变得更加强烈，全身都开始有反应。虽然她的刺激让我有些难以忍受，但我努力忍耐着不能输。"
    },
    {
        "name": "エリカ・クリスマスパレード",
        "message": "「哎呀呀，你这样挑逗我……不行啦，这样会让我失控的」"
    },
    {
        "name": "エリカ・クリスマスパレード",
        "message": "「团长你真是太过分了呢。举止、呼吸、甚至你的鸡巴……全部都让我兴奋不已」"
    },
    {
        "message": "欧石楠缓缓俯身，用嘴唇堵住了我的嘴唇。不只是触碰，而是一种贪婪的深吻，让我的大脑都仿佛要融化了一般。"
    },
    {
        "name": "エリカ・クリスマスパレード",
        "message": "「啾、啦、啖、哈啊……嗯，在接吻的同时进行爱爱真是太好了。感受到团长的热情和心意……」"
    },
    {
        "name": "エリカ・クリスマスパレード",
        "message": "「嘿，伸出舌头……？让我们来一个深情的湿吻吧。来，啊啊，亲亲，舔舔，啦啦……」"
    },
    {
        "message": "我们的舌头交织在一起，深深地亲吻着。湿漉漉的触感和热度传来，我加快了舌头的速度。"
    },
    {
        "name": "エリカ・クリスマスパレード",
        "message": "「亲亲，啊，啾，舔舔舔……嗯啊，亲亲，舔舔……呐呐，充满激情的吻……我喜欢你，团长……」"
    },
    {
        "message": "与欧石楠深情接吻的同时，我开始扭动着腰部。一股寒意沿着我的脊椎涌上来，下半身也逐渐有了射精的迹象。"
    },
    {
        "name": "エリカ・クリスマスパレード",
        "message": "「亲亲，在接吻的同时……这样玩弄乳头也不错吧……不只是鸡巴，乳头也勃起了」"
    },
    {
        "name": "エリカ・クリスマスパレード",
        "message": "「看，转来转去～！哈哈哈，动得好厉害呢。团长你真可爱……太棒了」"
    },
    {
        "name": "エリカ・クリスマスパレード",
        "message": "「你喜欢这样的对吧……？被玩弄得很舒服对吧……来，嗯嗯、嗯嗯、嗯嗯、嗯嗯……！」"
    },
    {
        "message": "欧石楠更快地上下摆动着腰部，轻轻捏着乳头。锐利的刺激袭遍全身，我快要忍不住射精了。"
    },
    {
        "name": "エリカ・クリスマスパレード",
        "message": "「嗯，鸡巴，又硬起来了……啊哈哈，好像要射了呢……可以啊，射吧……不过……」"
    },
    {
        "name": "エリカ・クリスマスパレード",
        "message": "「我也一起来吗？再坚持一下，不要射精，一起享受……嗯嗯，嗯啊！」"
    },
    {
        "message": "欧石楠的动作变得更加剧烈。阴道壁紧紧缠绕着阴茎，给予强烈的刺激，让射精的时间变得更加紧迫。"
    },
    {
        "name": "エリカ・クリスマスパレード",
        "message": "「啊、啊啊、好、团长，喜欢、喜欢你……！爱你，嗯、啊、啊啊！」"
    },
    {
        "name": "エリカ・クリスマスパレード",
        "message": "「我的阴道变得很舒服……！嗯嗯、啊、啊啊……！太舒服了，我、我……！」"
    },
    {
        "message": "欧石楠的声音渐渐柔和下来，阴道内的触感也变得柔软起来。她的身体也轻微地开始抽搐，看上去就快要达到高潮了。"
    },
    {
        "name": "エリカ・クリスマスパレード",
        "message": "「来吧……团长，来吧……！把你的热情射进来……！我已经快要高潮了……！」"
    },
    {
        "name": "エリカ・クリスマスパレード",
        "message": "「这样下去，一起享受吧……？把你的精液注入进来，一起享受吧，嗯、啊啊！」"
    },
    {
        "message": "欧石楠的身体变得紧绷，阴道猛然收缩。同时，阴茎受到挤压，忍耐的极限到来，射精开始了。"
    },
    {
        "name": "エリカ・クリスマスパレード",
        "message": "「好舒服啊，小穴好舒服……！啊、啊啊，鸡巴也变得更硬了……！要出来了，要射出来了呢……！」"
    },
    {
        "name": "エリカ・クリスマスパレード",
        "message": "「嗯、好高兴，我、嗯啊、要高潮了……！嗯啊、啊、啊、啊、嗯嗯嗯嗯嗯！」"
    },
    {
        "message": "射精开始时，全身一阵紧绷。同时一股疲劳感袭来，思绪变得混乱不堪。"
    },
    {
        "name": "エリカ・クリスマスパレード",
        "message": "「嗯嗯……哈啊……啊、啊啊……！射出来了……里面好热……太厉害了，嗯嗯啊……」"
    },
    {
        "message": "欧石楠愉悦地接受着阴道内的射精。片刻之后，射精结束，彼此的喘息渐渐平复。"
    },
    {
        "name": "エリカ・クリスマスパレード",
        "message": "「嗯、哈哈、太棒了呢！我中途就迷失在腰部的动作中了」"
    },
    {
        "message": "我向她表示抱歉让她一直承受着，欧石楠开心地微笑着，轻柔地用指尖抚摸着乳头。"
    },
    {
        "name": "エリカ・クリスマスパレード",
        "message": "「不要在意这种事情哦？如果你想再抱我的话随时告诉我？无论何时我都会抱着你」"
    },
    {
        "message": "看到欧石楠的微笑，不由得咽了口唾沫。她那样的反应让我感到高兴，她从内心深处开心地笑了起来，然后倒在床上。"
    },
    {
        "message": "下次再和欧石楠做的时候一定要报仇。我下定决心，慢慢闭上了双眼。"
    }
]