[
    {
        "name": "オキザリス",
        "message": "「团长大人～！我来找您玩啦～！」"
    },
    {
        "message": "刚一打开寝室的门，双色酢浆草就扑到了我的怀里。"
    },
    {
        "message": "她一路势不可挡地把我往床上推去。我想要顶住她的力道，可她却纠缠住我的腿，成功地把我摔倒了。"
    },
    {
        "name": "オキザリス",
        "message": "「团长大人送给我的一招\\n这是我从酢浆草哥哥那学来的技能呢！」"
    },
    {
        "message": "说着，双色酢浆草紧紧地拥抱了过来。她还穿着庆祝新年的振袖。\\n那华丽而美丽的服装，简直就是迎接新一年的完美打扮。"
    },
    {
        "name": "オキザリス",
        "message": "「诶嘿，团长大人！\\n您白天还夸过我这身振袖可爱呢对吧？\\n所以我就穿着这身衣服来了♪」"
    },
    {
        "message": "双色酢浆草说着，把脸埋在我的胸前。然后，在短暂的沉默后，她轻声喃喃道。"
    },
    {
        "name": "オキザリス",
        "message": "「可以抱紧我吗？\\n更……更、更想要贴近一点」"
    },
    {
        "message": "听从她的话，我把手搂到了双色酢浆草的背后，紧紧拥抱着她。然而——。"
    },
    {
        "name": "オキザリス",
        "message": "「更多……我想更贴近一点♪」"
    },
    {
        "message": "下一刻。\\n双色酢浆草湿润的嘴唇，触碰到了这边的嘴唇。"
    },
    {
        "message": "——啪噗……。\\n剥去庆祝新年的礼服，双色酢浆草裂口显露出来。\\n那里传来了龟头碰到漏出的尿道口的声音。"
    },
    {
        "name": "オキザリス",
        "message": "「啊呜♪ 头部亲吻起来了」"
    },
    {
        "message": "双色酢浆草微笑着，头饰可爱地摇曳着。\\n然而，眼前展现的景象更适合用下流来形容。"
    },
    {
        "message": "在凌乱中褪下的和服上，\\n双色酢浆草等待插入的阴道口在抽搐着。\\n为了回应她的期待，肉棒缓缓送入她的体内。"
    },
    {
        "name": "オキザリス",
        "message": "「啊呜……！果然很大呢～！\\n啊、啊……慢点，轻柔一点……」"
    },
    {
        "name": "オキザリス",
        "message": "「嗯嗯……团长先生，请握住我的手……\\n这样，一定……嘿、没事的……」"
    },
    {
        "message": "接过双色酢浆草伸出的双手，\\n再施加重量。\\n肉棒顺着小小裂口，脉动着被吞没了进去。"
    },
    {
        "message": "握紧的手中充满力量。\\n小巧玲珑的双色酢浆草的手。\\n然而，那手中蕴含的力量却是强大到令人疼痛。"
    },
    {
        "name": "オキザリス",
        "message": "「啊呀，好……进去了呜～\\n嗯嗯……再多一点……啊、啊、好、进去了」"
    },
    {
        "name": "オキザリス",
        "message": "「啊……呀呜！好、进来……了呜……」"
    },
    {
        "message": "双色酢浆草深吸一口气。\\n与此同时，握住的手稍稍松开了些。"
    },
    {
        "name": "オキザリス",
        "message": "「哈……哈……呼……呵呵呵……\\n我们，真的融为一体了吧？」"
    },
    {
        "name": "オキザリス",
        "message": "「幸福……真想一直保持这样下去……\\n但是……团长先生，您也是这么想的对吧？」"
    },
    {
        "name": "オキザリス",
        "message": "「想要更多肉棒的快感……\\n团长先生的脸上，写满了这样的字眼」"
    },
    {
        "message": "她微笑着说着，\\n双色酢浆草直勾勾地盯着这边，\\n展现出平日里无法想象的妖艳，舔了舔嘴唇。"
    },
    {
        "name": "オキザリス",
        "message": "「嗯嗯呜……嘿嘿嘿……\\n我会让您感到非常舒服的，团长先生……♪」"
    },
    {
        "name": "オキザリス",
        "message": "「一直以来，你总是关心着我，这是我的谢意。而且……我也想要得到很多的快感」"
    },
    {
        "message": "双色酢浆草的手再次用力。然后她白皙纤细的双腿缠绕在我的腰间，缓缓开始抽送。"
    },
    {
        "name": "オキザリス",
        "message": "「嗯……啊……碰到里面了……呼啊……团长先生也……动一动吧」"
    },
    {
        "message": "我也紧紧握住双色酢浆草的手，配合她的腰部运动，将阴茎送入阴道中。"
    },
    {
        "name": "オキザリス",
        "message": "「啊、啊、好舒服……非常……团长先生的……在里面摩擦着……啊……感觉……很好……」"
    },
    {
        "name": "オキザリス",
        "message": "「更深一点……嗯……更深入一点，\n啊、轻点……来吧……♪」"
    },
    {
        "message": "感觉到双色酢浆草的手上渗出了湿漉漉的汗水。抽送动作加速不断。"
    },
    {
        "message": "――就在那时。随着淫荡的腰部运动，我注意到双色酢浆草的乳房在贪婪地摇晃着。"
    },
    {
        "name": "オキザリス",
        "message": "「哈、哈……团长先生，\n在盯着胸部看吗？在在意吗？」"
    },
    {
        "name": "オキザリス",
        "message": "「团长的眼神，好色得很明显呢。\\n可以的话，也请多多关照我的胸部吧♪」"
    },
    {
        "name": "オキザリス",
        "message": "「啊，但是，请不要放开我的手」"
    },
    {
        "message": "这样的话，只能用嘴去爱抚乳房了。\\n但是，保持双手相握的情况下，采取这种体位稍微有些麻烦。"
    },
    {
        "name": "オキザリス",
        "message": "「嗯……这样……还是这边更好吗？」"
    },
    {
        "message": "一边牵着双色酢浆草的手，一边摸索着试图爱抚。\\n终于，在这个姿势下，我的嘴巴找到了可以爱抚双色酢浆草乳房的位置。"
    },
    {
        "name": "オキザリス",
        "message": "「啊，是这样吗！就是这样！怎么样！？」"
    },
    {
        "message": "双色酢浆草认真而满足地看着我。在这种情况下——。她那样的态度有点可笑，我不由得笑了出来。"
    },
    {
        "message": "然后，双色酢浆草也意识到了自己有点可笑。她露出吃惊的表情后也笑了出来。"
    },
    {
        "name": "オキザリス",
        "message": "「呼、呵呵呵，我真是有点奇怪呢\\n在这种时候还笑出来了……」"
    },
    {
        "message": "强握的手突然失去了力气。\\n但是——。"
    },
    {
        "name": "オキザリス",
        "message": "「…………可是」"
    },
    {
        "message": "突然，双色酢浆草的脸上闪过一丝阴郁。\\n她的手再次用力握紧。"
    },
    {
        "name": "オキザリス",
        "message": "「但是，我真的不想放开手\\n我想一直和团长手牵手到最后」"
    },
    {
        "name": "オキザリス",
        "message": "「因为不想被抛下……」"
    },
    {
        "message": "双色酢浆草低声说道。\\n没关系，我绝对不会抛下你——。\\n然后，轻轻地吻了上去。"
    },
    {
        "name": "オキザリス",
        "message": "「啾……嗯……啾啪……啊……\\n团长……啊……啾、啾、再、再多一点！」"
    },
    {
        "message": "依旧牵着对方的手，多次交换吻。\\n紧握对方的手已经让人感到疼痛。"
    },
    {
        "message": "终于从唇边分开，含住了双色酢浆草的乳房。\\n微微带有汗水的淡咸味。\\n用舌头轻舔着稍稍变硬的乳尖，进行细致的爱抚。"
    },
    {
        "name": "オキザリス",
        "message": "「啊呀！不要、啊呀！\\n不要这样，啊、发……\\n只舔龟头是不行的哦～！」"
    },
    {
        "name": "オキザリス",
        "message": "「不行，不可以！不行！\\n啊、啊啊啊，这样……呜呀！」"
    },
    {
        "message": "双色酢浆草全身扭动，试图挣脱乳房的刺激。\\n然而，他继续按住她，不放她逃脱。\\n不会让你逃掉——就像在传达这样的意志一样，他紧紧握住了她的手。"
    },
    {
        "name": "オキザリス",
        "message": "「啊、啊、团长！ 团长啊！\\n好舒服哦～！」"
    },
    {
        "message": "对双色酢浆草乳房的爱抚引发了出乎意料的反应。\\n阴道里润滑液溢出，\\n在那狭窄的缝隙中，阴茎的进出变得更加容易。"
    },
    {
        "message": "一边爱抚着乳房，一边持续着对双色酢浆草的贯穿。\\n两人的腰部运动迅速变得剧烈起来。"
    },
    {
        "name": "オキザリス",
        "message": "「哈、哈、哈、哈、哈、哈、好、好了、再多一点」"
    },
    {
        "message": "舔弄着双色酢浆草的乳头，偶尔轻咬。\\n每次她的阴道都会紧缩，抽送速度也会加快。\\n她背后的振袖被汗水打湿，凌乱不堪。"
    },
    {
        "message": "湿润肌肤相碰撞的声音和双色酢浆草甜美的喘息在房间中回荡，\\n那淫秽的声音更加激发了抽送的狂热驱动。"
    },
    {
        "message": "在持续着这样的抽送时，突然感到了射精的预感。\\n热烈浓厚的精液从阴茎根部迅速上涌。\\n一感受到这种感觉，便从乳房上抬起嘴唇，专注于抽送。"
    },
    {
        "name": "オキザリス",
        "message": "「啊、啊、团长先生，看起来很痛苦呢！\\n呼、哈、咕，你在忍耐吗？\\n是因为想射很多精液所以在忍耐吗？」"
    },
    {
        "message": "双色酢浆草的询问得到肯定的回答。高潮即将来临。肉棒在阴道内跳动不已，\\n勃起得让人难以忍受。"
    },
    {
        "message": "同样感到疼痛的不仅是握住的手。\\n双色酢浆草和我，\\n用尽全力握紧对方的手。"
    },
    {
        "name": "オキザリス",
        "message": "「啊、啊、好、好\\n就这样，射进我里面吧！」"
    },
    {
        "name": "オキザリス",
        "message": "「手不能松开！直到最后，嘿呀！\\n一直到最后，全部，全部一起来吧～！」"
    },
    {
        "message": "双色酢浆草紧紧地抓住我的手，甚至留下了指甲印。\\n疼痛——但是，是一种愉悦的疼痛。\\n然后，就像刺破了充满空气的气球一样，\\n伴随着这种疼痛，阴道内的阴茎达到了极限。"
    },
    {
        "name": "オキザリス",
        "message": "「呼、哈、正在流出来！团长先生！\\n呼啊！？正在大量流出来吗！？」"
    },
    {
        "name": "オキザリス",
        "message": "「全部都要哦！请全部射进来！」"
    },
    {
        "message": "双色酢浆草说什么，将所有精液射入阴道内。\\n这种量并不寻常，小小的阴道无法容纳。\\n很快，热热的浑浊液体从阴道口溢出。"
    },
    {
        "message": "美丽艳丽的振袖，却因为彼此的汗水、爱液和精液，\\n变得一片淫秽的碎布。"
    },
    {
        "name": "オキザリス",
        "message": "「哈……哈……好厉害……居然射这么多……\\n都湿漉漉的了……嘿嘿，嘿嘿……\\n没能全部接住呢～」"
    },
    {
        "name": "オキザリス",
        "message": "「嗯……好热……好浓稠……\\n居然射出这么多……团长大人真是♪」"
    },
    {
        "message": "双色酢浆草喃喃自语。\\n然而，她的手并没有放开。"
    },
    {
        "name": "オキザリス",
        "message": "「请再稍微握紧我的手……\\n再稍微一点点……」"
    },
    {
        "name": "オキザリス",
        "message": "「如果可能的话，我想就这样睡去……」"
    },
    {
        "message": "双色酢浆草的手渐渐失去力气。\\n明明之前还紧紧握着，现在却像是假的一样。"
    },
    {
        "name": "オキザリス",
        "message": "「团长大人，以后也请多多疼爱我这样子！\\n拜托了～」"
    },
    {
        "message": "双色酢浆草满脸挂着笑容。\\n刚才那一瞬间显露的阴暗，此刻已经荡然无存。"
    }
]