[
    {
        "name": "ヒナソウ",
        "message": "「团长，早上好～……咦，还在睡觉呢……」"
    },
    {
        "message": "清晨，美耳草进屋时发出了一些声响。\\n虽然意识正在苏醒，但无法抵挡睡意，无法起床。"
    },
    {
        "name": "ヒナソウ",
        "message": "「团长的身体，已经没事了吗……」"
    },
    {
        "message": "美耳草这样说着，钻进了我的床里。\\n直接接触到她，我陷入的沉睡意识迅速苏醒了起来。"
    },
    {
        "name": "ヒナソウ",
        "message": "「那个那个……哇……」"
    },
    {
        "message": "美耳草的小手在我的下体游走。"
    },
    {
        "name": "ヒナソウ",
        "message": "「还很柔软……软绵绵的呢……\\n不兴奋的时候鸡巴是这样的吗……\\n啊……渐渐地硬起来了……」"
    },
    {
        "message": "她笨拙地抚摸着我的肉棒，很快就勃起了。"
    },
    {
        "name": "ヒナソウ",
        "message": "「这样的话应该没问题，应该能好好做呢」"
    },
    {
        "message": "美耳草慢慢地跨坐在我的下半身上。\\n虽然我知道她想要做什么，但在头脑还没有完全清醒的状态下，我无法阻止她的行动。"
    },
    {
        "name": "ヒナソウ",
        "message": "「嗯……团长的硬东西，进去了……嗯\\n啊啊……团长的，全部，都进去了……」"
    },
    {
        "message": "美耳草慢慢地坐在挺立的阴茎上。\\n湿润的阴道肉紧紧缠绕着阴茎。\\n在依然有些微睡意的情况下，快感唤醒了我的大脑。"
    },
    {
        "name": "ヒナソウ",
        "message": "「啊，团长，终于醒来了？早上好♪\\n这样叫醒你，偶尔也不错吧？」"
    },
    {
        "message": "半裸的美耳草带着调皮的笑容向我打招呼。"
    },
    {
        "name": "ヒナソウ",
        "message": "「看起来有点想问什么呢？\\n嗯～为什么早上要做这种事情呢？」"
    },
    {
        "message": "这当然是不言而喻的疑问。"
    },
    {
        "name": "ヒナソウ",
        "message": "「这是道歉\\n因为前几天，美耳草让团长喝了茶，结果就变成那样了……」"
    },
    {
        "message": "数天前，美耳草让我尝了一口茶。\\n那茶里含有对男性产生兴奋作用的催淫剂，效果强大到可能危及生命。"
    },
    {
        "message": "不管射了多少精液，精力都不减，\\n只能沉浸在大脑的快感中。\\n迎来了清晨，美耳草半昏迷的时候，\\n虽然平息下来了，但反应极其剧烈，导致我病倒了好几天。"
    },
    {
        "name": "ヒナソウ",
        "message": "「团长也恢复元气了，\\n大概已经开始有冲动了吧♪」"
    },
    {
        "message": "自从病倒以来，美耳草经常来我的房间。\\n虽然我隐约察觉到她是在等道歉的时机，\\n但没想到她会采取这种方式。"
    },
    {
        "name": "ヒナソウ",
        "message": "「向有经验的人请教了一下铁苋菜之类的人，\\n他们告诉我这样做没有男人不高兴的！」"
    },
    {
        "message": "虽然询问如何道歉是个好主意，\\n但是询问的对象错了。\\n不过被戳中要害所以也无法反驳。"
    },
    {
        "name": "ヒナソウ",
        "message": "「团长不用动哦？全由美耳来帮你做好了」"
    },
    {
        "message": "说着美耳草开始上下摆动腰部。\\n性器紧紧缠绕在一起。"
    },
    {
        "name": "ヒナソウ",
        "message": "「啊……嗯……团长的肉棒，在里面……嗯……摩擦得很……嗯……舒服……\\n怎么样？团长……嗯……舒服吗？」"
    },
    {
        "message": "美耳草的动作虽然笨拙，但温柔的刺激让人感到舒适。"
    },
    {
        "name": "ヒナソウ",
        "message": "「嗯，那我继续……嗯……啊……嗯……\n啊，好厉害……团长的肉棒，\n碰到了很舒服的地方……啊呜」"
    },
    {
        "message": "美耳草开始扭动腰部。\n连接部溢出爱液，慢慢地扩散开来。"
    },
    {
        "name": "ヒナソウ",
        "message": "「啊，嗯……啊，啊……好舒服……嗯……\n啊……明明不行的……美耳却感觉很舒服……\n嗯……明明不行的……\n得让团长感觉舒服才行，嗯……啊」"
    },
    {
        "message": "美耳草也感觉舒服了也没关系，这么说着，\n露出了怪异的表情。"
    },
    {
        "name": "ヒナソウ",
        "message": "「这个是……嗯……美耳的，道歉哦？\n让团长，感觉舒服，嗯……\n给予的事情，是第一位的哦？」"
    },
    {
        "message": "美耳也感觉舒服了，这边也变得兴奋了传达。"
    },
    {
        "name": "ヒナソウ",
        "message": "「那个是……嗯……知道了……嗯……\n美耳也看到了团长的，感觉很舒服的表情……\n嗯……有点发毛呢……」"
    },
    {
        "message": "另外补充一下，关于先前的事情，我也想道歉。\n虽然是茶的效果，\n但忘我地像对待美耳草一样道歉。"
    },
    {
        "name": "ヒナソウ",
        "message": "「嗯……第一次知道那么厉害的东西呢……\n像物品一样对待的感觉……非常发毛、很舒服呢……\n所以，团长要道歉什么的都不用哦？ 嗯…」"
    },
    {
        "name": "ヒナソウ",
        "message": "「但是……嗯……就算这样，如果团长想要道歉的话，嗯……\n团长也、对美耳的事情……感觉很舒服的话，也可以哦」"
    },
    {
        "message": "火热的美耳草，把我的手引向了她自己的乳房。"
    },
    {
        "name": "ヒナソウ",
        "message": "「啊……嗯！　胸部，感觉很舒服……啊呜……」"
    },
    {
        "message": "享受着发育中的乳房的触感，\n美耳草发出了娇喘声。"
    },
    {
        "name": "ヒナソウ",
        "message": "「团长的手，有点粗糙，我喜欢……嗯！\n感觉像成年男性的手一样……嗯……让我有点激动……」"
    },
    {
        "name": "ヒナソウ",
        "message": "「多摸摸美耳的胸部……让我感受一下？」"
    },
    {
        "message": "忍住了想要突然抬起臀部的冲动，\n我集中精神在指尖上揉弄着美耳草的乳头。"
    },
    {
        "name": "ヒナソウ",
        "message": "「嗯呀！啊、乳头、被这样揉弄着，\n嗯！美耳、感觉很舒服，嗯、会……舒服得出声来……\n嗯、啊、被挠痒了，不行……好舒服……呜！」"
    },
    {
        "name": "ヒナソウ",
        "message": "「嗯、美耳也不会输给你的哦……！\n嗯、哈啊、嗯！\n团长的，哈啊、硬鸡巴，嗯……\n让我好舒服，哈啊、哈啊呜！\n给你很舒服的感觉……啊呜！」"
    },
    {
        "message": "美耳草不输给对乳头的爱抚，开始大幅度地摆动腰部。"
    },
    {
        "name": "ヒナソウ",
        "message": "「啊、嗯、啊、啊啊……嗯、哈、哈……\n嗯！ 哈、哈、嗯……！」"
    },
    {
        "message": "美耳草一脸陶醉地不停地扭动着腰部。\n这一幕让人感到一股快感从脊椎直冲而上。"
    },
    {
        "name": "ヒナソウ",
        "message": "「团长，嗯、哈、哈，看起来很舒服的样子，嗯，脸上！\n嗯，哈，哈，感觉麻麻的！ 嗯，哈，哈，嗯！\n再更舒服些，给你弄得更舒服点吧……！」"
    },
    {
        "message": "美耳草的腰部摆动变得更加剧烈，连接部位的摩擦加速了。\n无法忍受的射精欲望涌现而出。"
    },
    {
        "name": "ヒナソウ",
        "message": "「哈、哈、美耳草，在里面真舒服！\n哈、嗯、啊、里面充满了团长的肉棒，嗯！\n擦着，嗯，好舒服啊！」"
    },
    {
        "message": "为了抑制想要随着美耳草的腰部摆动而动的冲动，\n用指尖弹弄着美耳草的乳头。\n每次如此，她的阴道就会紧紧地夹住着阴茎。"
    },
    {
        "name": "ヒナソウ",
        "message": "「那个，不行啊！ 乳头，嗯嗯嗯！ 不行啊！\n美耳草要高潮了！ 快要高潮了……！\n不行啊，还没享受够呢，嗯！ 哈唔！」"
    },
    {
        "name": "ヒナソウ",
        "message": "「啊……团长也好像快要高潮了呢……？\n嗯，快要射了？ 快要射了？\n随时都可以哦？」"
    },
    {
        "message": "就在这个时候，美耳草的阴道紧紧地收缩了一下。\n这股快感让射精的欲望超越了极限。"
    },
    {
        "name": "ヒナソウ",
        "message": "「嗯、啊、尽情地、哈、哈、尽情地射吧！\n团长的，嗯、精液！ 嗯、美耳草的里面，尽情地射吧！\n哈、哈、嗯嗯，美耳草的里面，感觉舒服吗！」"
    },
    {
        "name": "ヒナソウ",
        "message": "「美耳草会全部接纳，给你！ 嗯，啊！\n嗯，啊，要高潮了！ 美耳草也要高潮了！\n感觉好极了，快要爆发了！」"
    },
    {
        "name": "ヒナソウ",
        "message": "「在最深处，深入到最深处！ 嗯！ 哈唔！\n哈唔！ 不行，不行了！\n要高潮了！ 被玩弄着乳头，美耳草要高潮了！\n哈唔！ 嗯咕咚，啊啊啊啊啊！」"
    },
    {
        "name": "ヒナソウ",
        "message": "「啊、嗯、这个……嗯……啊……」"
    },
    {
        "message": "将所有的精液都射进了正处于极致快感中的美耳草体内。\n释放出的快感让头脑变得一片空白。"
    },
    {
        "name": "ヒナソウ",
        "message": "「哈、哈、肉棒在里面不停地跳动着……\n嗯……哈、哈……」"
    },
    {
        "message": "一阵射精结束后，\n阴茎逐渐恢复了柔软的感觉。\n与上次不同，这种正常的反应让人松了口气。"
    },
    {
        "name": "ヒナソウ",
        "message": "「没事吧？ 没问题吧？\n哈～，太好了。\n担心喝茶的影响会持续下去呢」"
    },
    {
        "message": "难道，为了确认那个才做了这种事吗。"
    },
    {
        "name": "ヒナソウ",
        "message": "「是啊\\n要是发生万一也不奇怪吧？」"
    },
    {
        "name": "ヒナソウ",
        "message": "「但是，就算像上次那样被搞得很厉害，\\n那样也挺好的嘛……嘿嘿♪\\n啊，但团长再次倒下可不行呢」"
    },
    {
        "message": "美耳草露出一副尴尬的笑容。"
    },
    {
        "name": "ヒナソウ",
        "message": "「今天的H好像是在责难团长一样，我超兴奋的\\n知道了如果这样叫醒团长会怎么样，\\n真的太好了～♪\\n团长觉得怎么样？感觉舒服吗？」"
    },
    {
        "message": "最棒的早晨，最棒的醒来。"
    },
    {
        "name": "ヒナソウ",
        "message": "「真的吗？太高兴了～♪」"
    },
    {
        "message": "高兴的美耳草紧紧地抱住了我。"
    },
    {
        "name": "ヒナソウ",
        "message": "「那么，以后偶尔这样叫醒你可以吗？」"
    },
    {
        "message": "美耳草抬起了头，调皮地微笑着。"
    }
]