[
    {
        "name": "オキザリス",
        "message": "「一直一直，因为你总是好好地看着我，\\n所以……所以我，团长大人……」"
    },
    {
        "message": "听到这话，双色酢浆草主动褪下了衣服。\\n她的脸颊因羞耻而泛起红晕。"
    },
    {
        "name": "オキザリス",
        "message": "「请让我……请让我为团长大人服务\\n让我让团长大人感到舒服」"
    },
    {
        "message": "湿润的双眼清晰地凝视着这边。\\n看着双色酢浆草的决心，\\n根本无法拒绝她的提议。"
    },
    {
        "name": "オキザリス",
        "message": "「啊……嗯嗯嗯嗯嗯……！」"
    },
    {
        "message": "背对着这边，主动露出屁股的双色酢浆草。\\n她暴露了身体的中心点，自己最脆弱的部位。\\n一看到这一幕，阴茎就变得坚硬无比。"
    },
    {
        "name": "オキザリス",
        "message": "「嗯嗯、啊啊……团长大人的肉棒、\\n嗯嗯、好大……啊啊呃！」"
    },
    {
        "message": "双色酢浆草将湿润的小凹处对准阴茎的尖端，\\n然后扭动腰部将阴茎吞没。"
    },
    {
        "name": "オキザリス",
        "message": "「咕……嗯嗯嗯……进去了……！\\n哈……哈……呣，团长大人，已经进去了」"
    },
    {
        "message": "微弱的抵抗虽然存在，但阴茎还是缓缓进入了双色酢浆草的阴道内。\\n感受到这一触感，双色酢浆草发出了热烈的呼吸。"
    },
    {
        "name": "オキザリス",
        "message": "「啊……嗯嗯，这样动的话，\\n嗯嗯，可以吗？\\n……啊呼……双色酢浆草……会加油的……所以……」"
    },
    {
        "message": "说着，双色酢浆草微微地扭动着腰部。\\n然而，阴茎在阴道内摩擦的初次触感中，\\n双色酢浆草似乎还不太习惯。"
    },
    {
        "message": "她的动作像是初次之见的少女般，有些生涩。"
    },
    {
        "name": "オキザリス",
        "message": "「嗯、嗯……啊呜呜……\\n啊、啊？ 嗯、对不起……要、要好好地……\\n嗯嗯、要好好地……才行呀……啊」"
    },
    {
        "name": "オキザリス",
        "message": "「对、对不起，团长大人……\\n我、要好好地……要好好地才行……\\n团长大人……会被抛下去的呜呜」"
    },
    {
        "message": "奋力地扭动着腰部，双色酢浆草轻声低语着。\\n她非常讨厌自己落后，被抛下去。"
    },
    {
        "message": "即使在这种行为进行中，她也在担心着这一点。\\n为了安抚担忧的双色酢浆草，\\n我轻抚了她面前那洁白而丰满的臀部。"
    },
    {
        "name": "オキザリス",
        "message": "「啊呀！？ 团、团长、大人？\\n……嗯嗯，被、被摸到屁股的话，\\n嗯嗯……就、就动不了了哦」"
    },
    {
        "message": "即使这样也没关系。\\n现在，双色酢浆草的奉献之情让我感到开心。\\n而且，绝对不会抛下双色酢浆草。"
    },
    {
        "name": "オキザリス",
        "message": "「真、真的吗？ 呜呜呜……团长大人……\\n不、不可以说这种话啦」"
    },
    {
        "name": "オキザリス",
        "message": "「被说了这种话……双色酢浆草……呜呜，\\n太开心了……嗯嗯呜呜呜！」"
    },
    {
        "message": "从原本紧张的双色酢浆草的阴道中，\\n液体慢慢地流了出来。\\n阴道口多次抽动着。"
    },
    {
        "name": "オキザリス",
        "message": "「啊呜呜……团长大人……我好喜欢您呀……\\n我的这份心意，传达到了吗？」"
    },
    {
        "message": "我点头回答了双色酢浆草的问题。\\n然后，忍不住从这边慢慢地\\n开始扭动腰部。"
    },
    {
        "name": "オキザリス",
        "message": "「啊啊呜、嗯嗯呜……啊呼呼，不、团长大人！？\\n不、不可以……今天是我要……啊啊、\\n我要……嗯嗯、为团长大人、服务……啊呜、才对」"
    },
    {
        "name": "オキザリス",
        "message": "「哈呜、嗯嗯呜呜……！ 啊啊、这样的话，\\n嗯嗯、动不了……啊啊！！」"
    },
    {
        "message": "在已经变得柔软的阴道内，摩擦着坚硬的阴茎。\\n感受到这摩擦带来的快感，双色酢浆草发出了甘美的声音。"
    },
    {
        "name": "オキザリス",
        "message": "「嗯嗯呜、团长大人、啊啊！ 嗯嗯呜呜！\\n这样的话，团长大人会……啊呜、\\n无法感到快乐的……嘿嘿呜呜、不要啊啊！」"
    },
    {
        "message": "虽然双色酢浆草这么说，但并非如此。\\n这边已经十分地感到快乐了。\\n忍耐已经变得无效，这就是证据。"
    },
    {
        "name": "オキザリス",
        "message": "「嗯，哈呜……是、是吗？\\n团长大人，对我感到快乐吗？ 啊啊……！」"
    },
    {
        "message": "为了让双色酢浆草感受到这份快乐，我用力地扭动腰部。\\n阴茎的顶端撞击着阴道深处，阴道收缩得紧紧的。"
    },
    {
        "name": "オキザリス",
        "message": "「啊、啊啊！ 嗯嗯呜呜！ 团长大人！\\n嗯嗯，深……啊啊！ 阴道的，深处……啊啊！」"
    },
    {
        "name": "オキザリス",
        "message": "「这么多……啊啊！ 不要再戳了！\\n我的身体……啊啊，刺痛得……！\\n嗯嗯呜啊啊啊！」"
    },
    {
        "message": "看起来双色酢浆草对被深入阴道并不善感。\\n口头上虽然说着停下，但身体并没有这么做。"
    },
    {
        "message": "每次顶进去，双色酢浆草的阴道都更加地、更加地，\\n紧紧地压迫着阴茎寻求快感。"
    },
    {
        "name": "オキザリス",
        "message": "「呜呜呜、哈哈呜……！\\n团长大人，享受吗……唔唔……！\\n阴道深处……啊啊，只有……！」"
    },
    {
        "name": "オキザリス",
        "message": "「但、但是……啊呜、团长大人，如果您、嗯嗯呜呜、\\n感到快乐的话……啊啊啊！\\n好、好的，所以……所以……！」"
    },
    {
        "name": "オキザリス",
        "message": "「再、再来、一次……！ 啊啊呜！\\n双色酢浆草的小穴……嗯嗯呜呜、要充满，要充满……\\n啊啊呜，尽情地品尝吧……！」"
    },
    {
        "message": "初次感受到快感，她的娇小身体颤抖着。\\n双色酢浆草感受到了献身的快乐。"
    },
    {
        "message": "这份快乐，直接转化为我的快乐，\\n甚至变成了无尽的快感。\\n不知不觉间，我的腰部动作变得更加强烈、粗暴。"
    },
    {
        "name": "オキザリス",
        "message": "「啊啊呜！ 嗯嗯呜呜！ 啊啊啊！\\n嗯嗯呜，好厉害……啊啊啊！ 小穴……嗯嗯！\\n会、会坏掉……啊啊啊！ 我的身体……会坏掉的！」"
    },
    {
        "message": "双色酢浆草的阴道不断地收缩着。\\n她的身体，即使如此，仍在寻求着这边。"
    },
    {
        "name": "オキザリス",
        "message": "「想要更多更多……！ 团长大人……！\\n嗯嗯呜呜，想要更多关怀……嗯嗯，更多的爱抚……！」"
    },
    {
        "name": "オキザリス",
        "message": "「只有团长大人一个人……嗯嗯呜呜！\\n我会将我的身体全部全部献给团长大人……！」"
    },
    {
        "name": "オキザリス",
        "message": "「啊啊啊！ 呜呜呜！ 嗯嗯呜呜呜……！\\n全部、全部都是团长大人的……啊啊啊！\\n请给我吧！！」"
    },
    {
        "message": "双色酢浆草的阴道剧烈收缩着。\\n在那充满诱惑的动作中，让我射精的感觉迅速升高。"
    },
    {
        "name": "オキザリス",
        "message": "「啊呜呜，一起……啊啊啊！\\n别、别离开我……嗯嗯呜呜，\\n不、不行了……啊呜，啊啊啊啊啊啊！！！！」"
    },
    {
        "name": "オキザリス",
        "message": "「啊呜呜，啊啊啊啊啊……！！！！！」"
    },
    {
        "message": "炽热的精液一下子喷射出双色酢浆草的阴道深处。\\n阴茎不断搏动，被双色酢浆草的阴道轻柔地包裹着。"
    },
    {
        "name": "オキザリス",
        "message": "「啊啊……小穴的深处，嗯嗯呜呜，\\n好、好热……哈啊嗯嗯……！」"
    },
    {
        "message": "感受着从阴道深处传来的热精液，\\n双色酢浆草带着陶醉的表情喘息着。"
    },
    {
        "name": "オキザリス",
        "message": "「好、高兴……团长大人的全部，\\n都在我体内……啊啊啊……好舒服……」"
    },
    {
        "message": "享受着阴道射精所带来的快感和喜悦，双色酢浆草的身体颤抖着。\\n为了品尝最后一滴，她紧紧地挤压着阴茎。"
    },
    {
        "message": "射精结束后，我们彼此身体无力地倒在一起。\\n我覆盖在双色酢浆草的身上。"
    },
    {
        "message": "她的身体娇小纤细。\\n触摸起来仿佛会断折的纤细身躯，\\n却比床还要柔软。"
    },
    {
        "name": "オキザリス",
        "message": "「嗯嗯呜呜……团长大人……团长，啊……！」"
    },
    {
        "message": "双色酢浆草靠近了过来。\\n那种撒娇的举动让人感到可爱。"
    },
    {
        "name": "オキザリス",
        "message": "「从现在开始一直、一直……\\n请一直爱着双色酢浆草……不要让我一个人……」"
    },
    {
        "message": "对着双色酢浆草可爱的恳求点了点头，\\n紧紧拥抱着她那娇小的身躯。\\n决不会让她离开。"
    }
]