[
    {
        "name": "ヒナソウ",
        "message": "「团长，我有件事想问你！\n可以稍微打扰一下吗？」"
    },
    {
        "message": "正在准备就寝的时候，听到敲门声，打开门，\n看到美耳草露出笑容站在那里。\n手上拿着托盘，托盘上放着茶杯，冒着热气。"
    },
    {
        "message": "感觉不妙，就说如果是事情就明天再说吧，然后把门关上了。"
    },
    {
        "name": "ヒナソウ",
        "message": "「等、等一下！你为什么要这样做啊！\n我只是想问问你对我们正在策划的「疯狂茶话会」\n准备推出的茶的感想而已啊！」"
    },
    {
        "message": "愤慨的美耳草打开门，开始抗议。\n但是身为骑士团长的直觉告诉他\n这茶很危险。"
    },
    {
        "name": "ヒナソウ",
        "message": "「危险～？如果怀疑的话，我先喝一口！\n嗯、咕、嗯……哈啊！一口气喝完了！\n嗯～？嗯～……这、这是普通的茶呢……」"
    },
    {
        "message": "仔细观察美耳草的表情，看不出她在说谎。\n身体状况也没有变化。"
    },
    {
        "name": "ヒナソウ",
        "message": "「奇怪呢，明明说是稀有茶买来的……有点失望\n虽然特意泡了，团长你要尝尝吗？\n不喝的话我就带回去了」"
    },
    {
        "message": "觉得白白浪费美耳草泡来的茶也不太好，\n喝了一口。\n虽然不懂茶道，但香气和味道都很普通。"
    },
    {
        "message": "就在我感受到这一刻之后，\n我知道作为骑士团长的直觉是正确的。"
    },
    {
        "name": "ヒナソウ",
        "message": "「啊、怎、怎么了，团长大人，不行，嗯嗯嗯！」"
    },
    {
        "message": "我抬起慌乱的美耳草的一条腿，强行插入。\n阴茎异常坚硬勃起。"
    },
    {
        "name": "ヒナソウ",
        "message": "「这、这样、突然就、全部进去了！\n嗯嗯嗯嗯！啊啊啊啊啊！」"
    },
    {
        "message": "滑入阴道的阴茎龟头敲击着美耳草的子宫口。"
    },
    {
        "name": "ヒナソウ",
        "message": "「深处、全部都进去了，嗯，全部都进去了！\n这么强行！嗯，哈啊，哈啊……哈啊嗯！」"
    },
    {
        "message": "兽欲从身体深处涌出，无法停止。\n我只能想到用美耳草来满足这股兽欲。"
    },
    {
        "name": "ヒナソウ",
        "message": "「等、等一下，团长先生，好吗？\n刚才的团长先生有点太兴奋了，先冷静一下，\n呼啊啊啊啊啊！」"
    },
    {
        "message": "毫不留情地在美耳草狭小的阴道中进行冲刺。\n柔软的阴道肌肉缠绕着阴茎，摩擦着，带来强烈的快感。"
    },
    {
        "name": "ヒナソウ",
        "message": "「哈啊，啊啊，明明说要冷静的，明明说了，这样，这么强行，不行！\n不行啊！啊啊，啊啊啊啊！」"
    },
    {
        "name": "ヒナソウ",
        "message": "「美耳草，要发疯了！\n这样，激烈地！被这样折腾！嗯，哈啊！\n感觉太好了，要发疯了！」"
    },
    {
        "message": "没有时间倾听美耳草的话语，就猛烈地抽送着。"
    },
    {
        "name": "ヒナソウ",
        "message": "「呼啊啊！不行，团长先生，不行！\n嗯，哈啊，哈啊嗯！\n美耳草，这么强烈的快感，要高潮了，马上就要高潮了！」"
    },
    {
        "name": "ヒナソウ",
        "message": "「要来了！感觉太舒服了，要来了！要爆发了！\n团长先生，团长先生！美耳草要高潮了！要高潮了！\n呼啊啊啊啊啊嗯！」"
    },
    {
        "message": "美耳草娇小的身体颤抖着。\n看起来她达到了高潮。"
    },
    {
        "name": "ヒナソウ",
        "message": "「嗯嗯啊……美耳草、高潮了……\n高潮……嗯！？ 啊！ 哈啊哈啊，啊啊！\n团、团长先、嗯嗯嗯！ 啊啊！」"
    },
    {
        "name": "ヒナソウ",
        "message": "「美耳草、美耳草、现在、在高潮中、嗯！ 在高潮中呢！\n正在高潮中呢，嗯！ 团长先生、狠狠地、顶着、啊啊啊！」"
    },
    {
        "message": "因为美耳草达到了高潮，并不是停下来的理由。\n她的阴道不断地收缩着，在抽插。"
    },
    {
        "name": "ヒナソウ",
        "message": "「求求你，团长！\n嗯，就这样，啊！\n就这样，温柔地，嗯，温柔地对待我吧！」"
    },
    {
        "name": "ヒナソウ",
        "message": "「哈啊、哈啊、这种感觉，不像是团长平常的……\n嗯，哈啊、哈啊、今天为什么这么、激烈呢？」"
    },
    {
        "message": "怎么回事明明喝的是美耳草带来的茶的效果。\n除此之外别无他想。"
    },
    {
        "name": "ヒナソウ",
        "message": "「可、可是明明美耳喝了也一点事都没有，\n嗯！ 哈啊！ 尽管已经高潮了，还被不停地、激烈地抽插着，\n感觉变得奇怪了……啊啊……哈啊！」"
    },
    {
        "message": "显然是只对男性有效的茶。\n到底在哪里弄来的呢。"
    },
    {
        "name": "ヒナソウ",
        "message": "「刚才喝的茶是在小巷里……\n从一个从未见过的可疑露天商那里买来的」"
    },
    {
        "name": "ヒナソウ",
        "message": "「因为那个露天商大叔说是非常珍贵的提神饮料，\n嗯，所以很在意……\n既然如此，只能买来尝尝了♪」"
    },
    {
        "message": "从可疑小巷露天商那里购买了\n效果也不太清楚的茶。"
    },
    {
        "name": "ヒナソウ",
        "message": "「就是♪」"
    },
    {
        "message": "给喝这种东西的孩子要受到惩罚。"
    },
    {
        "name": "ヒナソウ",
        "message": "「啊啊啊啊啊！」"
    },
    {
        "message": "我用尽全力，向前挺起了腰。\n龟头磨蹭着美耳草的子宫口。"
    },
    {
        "name": "ヒナソウ",
        "message": "「深、深、深！啊、嗯嗯！\n惩罚，嗯，啊啊！\n激烈！惩、惩罚，好厉害啊！」"
    },
    {
        "message": "我进一步抓住美耳草谦虚的乳房，粗鲁地揉搓着。\n正在膨胀的乳房柔软而有弹性，\n充分展现了美耳草是女性的事实。"
    },
    {
        "name": "ヒナソウ",
        "message": "「不行，胸部，被这样，粗暴地，嗯，对待着，\n美、嗯，会感觉……！」"
    },
    {
        "message": "当我用指尖轻轻揉捏美耳草可爱的乳头时，\n她的身体每一次都敏感地反应着，紧紧地夹住我的阴茎。"
    },
    {
        "name": "ヒナソウ",
        "message": "「这、这样玩弄乳头的话，\n又、又会、啊啊、感觉很舒服呢，所以！」"
    },
    {
        "name": "ヒナソウ",
        "message": "「休息一下吧？ 啊！\n因为太舒服了，快要发疯了，所以休息一下吧。」"
    },
    {
        "message": "那么，就不会受到惩罚了。"
    },
    {
        "name": "ヒナソウ",
        "message": "「这样啊……！啊啊，嗯嗯！啊啊！\n啊，不行，又、又要、感觉很舒服了！\n团长大人，对我的乳头进行虐待，让我感觉很舒服！」"
    },
    {
        "message": "对于在受到惩罚时感到舒服的孩子，\n还是要继续进行惩罚。"
    },
    {
        "name": "ヒナソウ",
        "message": "「那、那样啊！那样的话，永远也不会结束的呢，嗯嗯嗯！\n啊啊啊！不行了，肉棒，不要这样刺刺地戳进来！\n好疼！已经不行了！」"
    },
    {
        "message": "感觉到美耳草像是被电击一样抽搐着，\n我感受到射精的欲望上升，继续进行着抽插。"
    },
    {
        "name": "ヒナソウ",
        "message": "「不行，不行！已经不行了！啊啊！呼呼呼！\n感觉太舒服了，美耳草又、又要高潮了！\n高潮得太厉害了，脑袋都快炸掉了！」"
    },
    {
        "name": "ヒナソウ",
        "message": "「停下来，求求你了，团长大人，停下来吧，嗯嗯！\n感觉太舒服了，在脑袋里爆炸开来了，嗯嗯！\n太过分了！不行了，要高潮了，要高潮了！」"
    },
    {
        "name": "ヒナソウ",
        "message": "「真的对不起，请原谅我吧！\n呼呼呼，啊啊！呼呼呼！\n对不起，请原谅我喝下奇怪的茶水，嗯嗯，请原谅我啊啊啊！」"
    },
    {
        "message": "因为美耳草恳求原谅而被情欲所煽动，\n为了达到巅峰更加剧烈地抽插着。"
    },
    {
        "name": "ヒナソウ",
        "message": "「对不起，对不起，啊啊啊啊！\n求求你，让我舒服一点，放过我吧！\n美耳草，哈啊，哈啊，这个，啊啊！太舒服了，哈啊，哈啊！」"
    },
    {
        "name": "ヒナソウ",
        "message": "「团长大人，被戳戳的感觉好舒服！嗯啊啊！\n求求你，放过我吧！我要……要高潮了！\n哈啊，哈啊，在那里，深处，啊啊，美耳草要擦得更多了，要高潮了！」"
    },
    {
        "name": "ヒナソウ",
        "message": "「不行了！太舒服了，要高潮了！\n美耳草要高潮了！高潮高潮高潮！\n高潮、啊、啊啊！嗯！啊啊！要高潮了！」"
    },
    {
        "name": "ヒナソウ",
        "message": "「啊啊……出来……嗯！哈啊，哈啊……」"
    },
    {
        "message": "再次达到巅峰的美耳草颤抖着。释放出不可思议的精液，大脑被射精的快感填满。"
    },
    {
        "name": "ヒナソウ",
        "message": "「哈啊，哈啊……啊呃呃！团长大人！嗯！\n明明已经射出来了，嗯！哈啊……已经射出来了，但还是、嗯！呃呃呃呃呃呃呃呃呃呃呃呃呃呃呃呃！！」"
    },
    {
        "message": "尽管释放出如此大量的精液，但阴茎并没有衰退的迹象。\n显然是茶的功效。\n而且抽插也停不下来。"
    },
    {
        "name": "ヒナソウ",
        "message": "「团长大人，请，请让我、哦哦哦哦……！」"
    },
    {
        "message": "现在只能考虑追求快乐。\n感受着美耳草的恳求带来的愉悦感觉，贪婪地享受着性器相互摩擦的快感。"
    },
    {
        "name": "ヒナソウ",
        "message": "「啊，不行，这么激烈的惩罚，嗯！啊！\\n感觉好，会上瘾的！啊！如果不行的话！\\n团长大人，这么厉害的事情，嗯！会上瘾的，请原谅我！」"
    },
    {
        "message": "我一边迷迷糊糊地考虑着这种兽欲是否能在早上得到满足，一边继续对着美耳草迷恋快乐的表情不停地摇摆着腰。"
    }
]