[
    {
        "message": "桌子上随意放置的小瓶。喝下那瓶液体，一切就此开始了。"
    },
    {
        "name": "チェッカーベリー",
        "message": "「你、你喝了吗，团长……！没事吧！脸都红透了！」"
    },
    {
        "message": "身体发烫。耳边仿佛响着心脏的跳动。拼命克制着越来越急促的呼吸，询问着是否知道发生了什么。"
    },
    {
        "name": "チェッカーベリー",
        "message": "「其实那瓶里装的是我调配的变身药！」"
    },
    {
        "message": "变身药？"
    },
    {
        "name": "チェッカーベリー",
        "message": "「嗯，还记得那本咒语书吗？里面有一种能变成兔子的药方，想着复活节要到了，长兔耳朵应该挺有趣的……」"
    },
    {
        "message": "调配后就把它放在桌子上出门了。喝下那个自己调配的药水。チェッカーベリー总是经常忘东忘西。"
    },
    {
        "name": "チェッカーベリー",
        "message": "「就是这样！但是，为什么没有长出兔耳朵？尾巴也没有长出来啊。除了身体发烫还有其他奇怪的地方吗？快告诉我！」"
    },
    {
        "message": "有。对着即将去观察的チェッカーベリー断言后，她小小的身体倒在床上。"
    },
    {
        "name": "チェッカーベリー",
        "message": "「喂、团长！ 你为什么把我举起来……！？\\n啊咕噜！？ 嗯，啊啊啊啊啊呜呜……！」"
    },
    {
        "message": "毫不客气地，立刻插入。\\n一口气填满了浅浅的阴道。"
    },
    {
        "name": "チェッカーベリー",
        "message": "「嗯，哈啊……顶到了里面\\n小穴，被塞得满满的」"
    },
    {
        "name": "チェッカーベリー",
        "message": "「鸡巴，太大了……\\n这根本不是兔子先生……！ 啊，啊啊呜！？」"
    },
    {
        "message": "没有爱抚，火热而湿润的生膣感觉舒适。\\n立刻开始扭动腰部。"
    },
    {
        "name": "チェッカーベリー",
        "message": "「哈啊呜……嗯，啊啊！ 团长……！\\n嗯，啊呜……你怎么了！\\n什么都不说，就这样……嗯，啊啊！\\n和平常不一样……！ 不是绅士！ 完全不是绅士的样子！」"
    },
    {
        "message": "性欲无法停止。\\n头脑仿佛被性欲所支配。\\n身心的感受变得更加敏锐，\\n接收到的所有信息都转化为性快感。"
    },
    {
        "message": "矮冬青的声音、肌肤的热度、粘膜的湿润，\\n甚至已经让汗水的甜味比平时更加激发阴茎。"
    },
    {
        "name": "チェッカーベリー",
        "message": "「难、难道……是药物的作用吗！？」"
    },
    {
        "message": "这是怎么回事。\\n轻易地搅动着变得像这样的阴道。"
    },
    {
        "name": "チェッカーベリー",
        "message": "「呼啊……嗯……我明白了\\n那个，那个药……啊，不是变身药！」"
    },
    {
        "name": "チェッカーベリー",
        "message": "「像兔子一样，可以变成的药……嗯啊……哈啊\\n不是可以变成兔子先生的药……！\\n却是让人性欲旺盛的药！」"
    },
    {
        "message": "这是一个令人震惊的事实。\\n我明白了。\\n而且，也明白了自己该做什么。"
    },
    {
        "name": "チェッカーベリー",
        "message": "「哎呀……啊啊呜……团长，那里，那里！\\n我的，弱点，嗯……啊啊呜！\\n总是攻击那里，真是卑鄙……！」"
    },
    {
        "message": "不能放任这种危险的药物。\\n用惩罚般的冲刺集中攻击弱点。"
    },
    {
        "name": "チェッカーベリー",
        "message": "「啊、啊、啊、啊、啊啊、啊啊啊啊啊！\\n这样不行！ 不行，不行不行呀……！」"
    },
    {
        "name": "チェッカーベリー",
        "message": "「穿着这么羞耻的衣服……嗯呵、嗯啊、啊啊！\\n被喜欢的你，做这种事情……！\\n很快就会变得奇怪！ 很容易就会高潮了！」"
    },
    {
        "message": "在这种时候表露好意真是可爱。\\n越发想要进行严厉的惩罚了。"
    },
    {
        "name": "チェッカーベリー",
        "message": "「啊啊啊，好疼，好舒服……！\\n要高潮了……！　要高潮了啊啊啊……！　憋不住了！\\n被惩罚的抽插，小穴要高潮了啊啊啊啊啊！\\n哈啊，啊啊啊！　啊呀呀呀呀呀……！」"
    },
    {
        "message": "尖叫着达到了极致，\\n短小的四肢末端\\n传来阵阵痉挛，宣告着极致的到来。\\n甜蜜之地也像被紧紧勒住一样。"
    },
    {
        "name": "チェッカーベリー",
        "message": "「唔、唔唔……！？　鸡巴，停不下来……！\\n团、团长，惩罚太过分了……还在继续惩罚吗……！？」"
    },
    {
        "message": "直到这边满意为止。"
    },
    {
        "name": "チェッカーベリー",
        "message": "「这、这样子，就好像理所当然一样……！\\n呜哎哎！　啊呜，啊啊！　啊啊，啊啊！」"
    },
    {
        "name": "チェッカーベリー",
        "message": "「兔子先生，性欲好强……！　哈呀……啊啊啊，啊呀呀！\\n要崩溃了……！　要崩溃了……！」"
    },
    {
        "message": "崩溃也无所谓。\\n只是对着崩溃的身体进行侵犯而已。"
    },
    {
        "name": "チェッカーベリー",
        "message": "「太、太过分了……！　温柔的、团长……哈呀，啊啊！\\n到底去哪里了……！　发、发出声音了吗……哈呀，啊啊！」"
    },
    {
        "message": "虽然这么说，矮冬青全身都是洪水。\\n爱液不停地流淌，性感的汗水也源源不断地涌出。\\n散发出的香气扑鼻而来。"
    },
    {
        "name": "チェッカーベリー",
        "message": "「嗯啊，啊啊啊！深一点，咚咚……！嗯啊，啊啊啊！\n宝宝的房间……好多，被侵犯了……！」"
    },
    {
        "message": "握住柔软的腹部，任性地撞击着。\n仿佛悲鸣般的娇声在耳边回荡。五感都屈从于性欲。\n小小身体的一切都成了兴奋的源泉。"
    },
    {
        "name": "チェッカーベリー",
        "message": "「哈……哈……兔子先生的、肉棒，好舒服！\n呜啊啊啊！啊，啊啊！」"
    },
    {
        "name": "チェッカーベリー",
        "message": "「我也要成为兔子先生的……！\n哈啊，啊啊啊！团、长！长官大大大大！」"
    },
    {
        "message": "原本就狭窄的阴道变得更加紧窄，仿佛在撒娇一般。"
    },
    {
        "name": "チェッカーベリー",
        "message": "「想要宝宝……！\n团长的、宝宝……好多，想要！」"
    },
    {
        "message": "背脊传来一阵甜蜜的麻痹感。"
    },
    {
        "name": "チェッカーベリー",
        "message": "「想要做内射……！精液，好多！\n哈，啊啊！想要宝宝……！\n想要像兔子先生一样，生很多宝宝……！」"
    },
    {
        "name": "チェッカーベリー",
        "message": "「团长的、宝宝……在被惩罚式抽插中，让我怀上吧！\n生很多，我会生很多……！\n我想喝精液……咕咕地喝下去吧！」」"
    },
    {
        "message": "小兔的雌兽的呼唤，轻易地刺激了本能。"
    },
    {
        "name": "チェッカーベリー",
        "message": "「啊啊啊啊啊！\\n啊，啊啊啊，啊啊啊啊啊啊！」"
    },
    {
        "message": "好吧，那样也行。惩罚结束了。\\n抬起矮冬青的下半身，\\n沉浸在繁殖的欲望中。"
    },
    {
        "name": "チェッカーベリー",
        "message": "「认真地、顶击、嗡嗡地来……！\\n啊啊啊！太厉害了，太厉害了……！\\n头变成了肉棒，团长的种马，太厉害了！」"
    },
    {
        "name": "チェッカーベリー",
        "message": "「我、要高潮了……！\\n刚才高潮了，敏感的小穴……一直在高潮♪」"
    },
    {
        "message": "本能激动起来，其他一切都变得无关紧要。\\n脑海中只有往子宫里灌输精液。\\n被最纯粹、最野蛮的欲望所附身。\\n小小身体不断地达到极致、抽搐和快感。"
    },
    {
        "name": "チェッカーベリー",
        "message": "「要、要高潮了……！啊，啊啊！疯狂地高潮……！\\n呼、啊啊啊！团长，团长还、没有吗！？」"
    },
    {
        "name": "チェッカーベリー",
        "message": "「好热、精液……嗯，啊啊！快点、注入吧！\\n宝宝的房间……已经、忍耐不住了！」"
    },
    {
        "message": "那么，首先是一发。\\n用兽一般的呼吸喘息着，\\n将扎根的下半身对准兽欲推进。"
    },
    {
        "name": "チェッカーベリー",
        "message": "「啊、啊啊啊！快要到了，要到了要到了要到了！\\n最厉害的那一次来了！期待的高潮，来了！」"
    },
    {
        "name": "チェッカーベリー",
        "message": "「被孕育着真开心……啊，要高潮了！\\n哈啊啊，啊，啊，啊，啊，啊啊啊啊啊！\\n呼啊啊啊……♪」"
    },
    {
        "name": "チェッカーベリー",
        "message": "「呜咽！嗯，啊啊！？\\n团长……你、在做什么呀！？」"
    },
    {
        "message": "极致快感和精液摄入的愉悦稍纵即逝。\\n矮冬青发出困惑的绝叫。"
    },
    {
        "message": "当然。没有停下来。\\n一边射精一边搅动着。"
    },
    {
        "name": "チェッカーベリー",
        "message": "「呼……呜……这样下去会、会坏掉的！\\n哗哗地、刺刺地，停不下来！\\n被抽出来的同时，一直在高潮中……！」"
    },
    {
        "message": "矮冬青看起来非常痛苦，\\n但这只是开始而已。\\n为了让矮冬青生很多宝宝，\\n射精还远远不够。"
    },
    {
        "name": "チェッカーベリー",
        "message": "「我、不明白呀！\\n真的、脑袋变成肉棒了！\\n嗯，啊啊！团长的、肉棒！渴望孕育的、魔鬼肉棒！」"
    },
    {
        "name": "チェッカーベリー",
        "message": "「我、虽然满是……嗯，啊啊！ 啊啊！\\n惩罚、停不下来……！\\n停不下来真厉害……♪」"
    },
    {
        "name": "チェッカーベリー",
        "message": "「这样，好难……好难！\\n这样下去，还没生宝宝就要坏掉了～～～♪\\n呼啊啊，啊啊！ 啊啊啊啊啊啊啊啊啊啊！」"
    }
]