[
    {
        "message": "短促的敲门声响起，隔了一会儿，门开了。\\n探出头来的，是那个表情难以言喻的圣诞欧石楠。"
    },
    {
        "name": "ジャノメエリカ",
        "message": "「团长大人……现在可以打扰您一下吗……」"
    },
    {
        "message": "我点点头示意她进来。\\n她看上去有些不安，似乎有话要说。"
    },
    {
        "name": "ジャノメエリカ",
        "message": "「因为最近很少有机会和团长大人在一起……」"
    },
    {
        "message": "圣诞欧石楠害羞地说着。\\n她的话似乎还有后续。"
    },
    {
        "name": "ジャノメエリカ",
        "message": "「能和团长大人再次在一起……能否……让我……抚平这段时间的……寂寞呢……？\\n作为回报，无论什么事情……我都会为您做到……」"
    },
    {
        "message": "一股不祥之感袭上心头。\\n她那令人心动的眼神助长了我的欲望。"
    },
    {
        "message": "我咽下口水，凝视着毫无戒备的公主。\\n她毫无戒备地让我为所欲为。\\n那纯真的眼神让我相信着这一切。"
    },
    {
        "name": "ジャノメエリカ",
        "message": "「是的……无论什么事情，都可以\\n如果您能抚平我的寂寞……我愿意为您做任何事情」"
    },
    {
        "name": "ジャノメエリカ",
        "message": "「嗯嗯！啊啊啊啊啊啊……」"
    },
    {
        "message": "两人的腰部紧密贴合。根部完全被阴道吞没的阴茎微微跳动。阴道适度湿润，爱液从阴茎尿道渗入其中。"
    },
    {
        "name": "ジャノメエリカ",
        "message": "「呼，嗯嗯……团长大人，这样……可以吗？」"
    },
    {
        "message": "圣诞欧石楠不害羞地张开双腿询问。她完全暴露在我的面前，正如我所期望的那样。"
    },
    {
        "message": "就像上厕所一样的姿势。尽管是分家出身，但她作为温特罗斯王室的一员，却接受了我的请求，展现出这样的姿态。"
    },
    {
        "name": "ジャノメエリカ",
        "message": "「呼，嗯嗯……变得更大了……在我体内……嗯嗯，这样……可以吗？我很高兴」"
    },
    {
        "message": "圣诞欧石楠笑着迎接了我的自然激情。"
    },
    {
        "name": "ジャノメエリカ",
        "message": "「团长大人的……可爱……呼呼，哼哼哼……啊……发抖着……啊，嗯……」"
    },
    {
        "message": "即使没有实际动作，阴茎已经受到刺激。阴道的肌肉紧紧地包裹着阴茎。"
    },
    {
        "name": "ジャノメエリカ",
        "message": "「交给我吧……嗯，动了吗？\n啊，啊呀呀，嗯，嗯嗯……！」"
    },
    {
        "message": "她张开双腿，用一种不太符合她身份的姿势上下摆动着腰部。尽管不太熟练，但她勇敢地继续着这样的动作，让我兴奋不已。"
    },
    {
        "message": "我传达让她继续保持这样的节奏，她松了口气般地放松了表情。"
    },
    {
        "name": "ジャノメエリカ",
        "message": "「嗯嗯，太好了……嗯，啊啊……嗯，嗯，嗯，啊呜……\n如果有什么你想要的……啊，嗯，请告诉我……」"
    },
    {
        "name": "ジャノメエリカ",
        "message": "「团长大人……能够触及我的身体的最深处……嗯，啊啊……\n能再次和您在一起……嗯，我很高兴……嗯嗯啊」"
    },
    {
        "message": "阴道里滴落着湿漉漉的爱液。她呼出的吐息也带着一丝湿热，看起来完全沉浸在快感之中。"
    },
    {
        "name": "ジャノメエリカ",
        "message": "「哈啊，哈啊，嗯……唔唔……啊呀，啊呜呜……团长大人……\n唔唔，唔唔，在自己动着腰部、唔唔、啊呜呜……」"
    },
    {
        "message": "圣诞欧石楠渐渐加重了攻势。\n一直被不断刺激着，不由自主地发出声音。"
    },
    {
        "name": "ジャノメエリカ",
        "message": "「唔唔，在这种程度上会发出声音吗……\n唔唔，在感到舒服吧……」"
    },
    {
        "message": "舒服的感觉让我发出喘息和呻吟。\n她是否因为这种可怜的声音而感到高兴，圣诞欧石楠加快了腰部的速度。"
    },
    {
        "message": "咕噜咕噜，淫荡的水声在房间里回荡。\n从她娇小的性器中，阴茎不断进出，两人连接的小穴里充满了热量。"
    },
    {
        "message": "她告诉我想要更激烈一点，圣诞欧石楠露出了温柔的微笑。"
    },
    {
        "name": "ジャノメエリカ",
        "message": "「知道了……嗯，那个……啊啊啊，啊啊啊，啊啊啊……\n碰到了……啊啊啊，啊啊啊，唔唔唔」"
    },
    {
        "message": "阴茎的尖端刺激着阴道深处。\n龟头不断撞击子宫口，带来一阵阵压迫般的感觉，全身涌上一股麻痹般的快感。"
    },
    {
        "name": "ジャノメエリカ",
        "message": "「唔哈，唔唔！团长大人，在我的身体里……好像被刺穿了一样……唔唔，哈，啊呜呜」"
    },
    {
        "name": "ジャノメエリカ",
        "message": "「哈、哈啊……唔唔、唔唔……呜呜、身体好像要麻痹了……唔唔、哈、哈、哈、哈啊」"
    },
    {
        "message": "原本弹跳般上下运动的圣诞欧石楠逐渐放慢了速度。"
    },
    {
        "name": "ジャノメエリカ",
        "message": "「唔……团长大人，抱歉……有点、有点累了……」"
    },
    {
        "message": "告诉她不要勉强自己。\\n她的请求和羞态已经足够让人兴奋了。"
    },
    {
        "message": "所以，从这里开始就该轮到我了。\\n正当我要说这句话的时候，圣诞欧石楠摇了摇头。\\n她似乎有什么想法，眼神在诉说着。"
    },
    {
        "name": "ジャノメエリカ",
        "message": "「团长大人，嗯嗯……上次您对我非常……嗯，照顾……\\n啊，嗯，今天……该由我来……嗯啊」"
    },
    {
        "message": "接着，圣诞欧石楠停止了上下的动作，身体紧贴着我的腰部。\\n她将手搭在我的腰间，然后开始以臀部画出圆圈磨蹭起来。"
    },
    {
        "name": "ジャノメエリカ",
        "message": "「嗯嗯嗯……怎、怎么样……呵呵，嗯……啊啊……\\n嗯嗯啊，里面，团长大人的……在乱动着……嗯」"
    },
    {
        "message": "变化的刺激让快感更加强烈。\\n柔软的肉壁不断地变换形状，包裹着阴茎。"
    },
    {
        "name": "ジャノメエリカ",
        "message": "「嗯嗯，感觉舒服吗……？　嗯嗯，啊……呵呵，\\n不能太激烈地……但是……如果能感到舒服的话……」"
    },
    {
        "name": "ジャノメエリカ",
        "message": "「呵呵，啊啊、呵呵……嗯，啊啊……\\n唔，我也、水流出来了……唔、呵呵」"
    },
    {
        "message": "湿润的阴道内充满了爱液和淫液，仿佛是一片水洼一般温暖。\\n肉壁黏稠地缠绕着阴茎，并紧紧地压迫着。"
    },
    {
        "name": "ジャノメエリカ",
        "message": "「啊……嗯嗯，啊，嗯……团长大人，嗯嗯，对不起……\\n果然……嗯嗯，我，忍不住了……！」"
    },
    {
        "message": "接着，圣诞欧石楠开始剧烈地上下摆动腰部。\\n阴道内的液体喷溅而出，势头非常强劲。"
    },
    {
        "message": "无法抑制住射精的冲动，声音从体内深处被迫发出。"
    },
    {
        "name": "ジャノメエリカ",
        "message": "「啊哈啊，嗯嗯，团长大人，嗯，变得更加坚挺了，\\n嗯嗯，我也……身体在颤抖着……啊啊啊，啊呀呀！」"
    },
    {
        "name": "ジャノメエリカ",
        "message": "「啊哈、啊呜、嗯！ 团长大人，嗯，团长大人啊……！ 嗯嗯，啊啊\\n已经、嗯嗯……力气不从心了、来了、啊呀、哈、啊」"
    },
    {
        "message": "圣诞欧石楠不断地扭动着腰部。\\n她那异常的姿势和混乱的状态引发了更多的兴奋。"
    },
    {
        "message": "积攒的射精感仿佛被她的肉壁挤压出来一般，一下子达到了顶点。"
    },
    {
        "name": "ジャノメエリカ",
        "message": "「大、团长大人，嗯，啊啊呀呀，我又……嗯嗯，像上次一样、\\n啊呀呀、好羞耻、啊呀！」"
    },
    {
        "name": "ジャノメエリカ",
        "message": "「嗯嗯嗯！ 唔唔唔唔唔！！」"
    },
    {
        "message": "达到巅峰的圣诞欧石楠身体猛然反弯。\\n与此同时，大量精液喷射进收缩的阴道内。"
    },
    {
        "message": "尽管仰卧着，射精却势如奔腾，直达阴道深处。"
    },
    {
        "name": "ジャノメエリカ",
        "message": "「啊……热、好热……团长大人……里面、好多……在流出来……」"
    },
    {
        "name": "ジャノメエリカ",
        "message": "「和团长大人融为一体的证据……又在这里……啊……哈啊……哈啊……」"
    },
    {
        "message": "彼此感受着巅峰的余韵。\\n热气的呼吸在两人之间交织不断。"
    },
    {
        "message": "射精结束后，心情上颇感满足。\\n考虑到圣诞欧石楠也经历了盛大的高潮，应该足够了吧。"
    },
    {
        "name": "ジャノメエリカ",
        "message": "「团长大人……我还、还没有完全感受到您呢\\n就这样下去，我对这段时间未能见到您的寂寞无法得到安慰」"
    },
    {
        "message": "高潮之后，重新抬起贴身的臀部。\\n精液慢慢滴落，她似乎并不在意。"
    },
    {
        "name": "ジャノメエリカ",
        "message": "「团长大人……看来您还是很硬朗、很有活力呢……\\n可以继续吗……？」"
    },
    {
        "message": "被她展现出天使般的微笑，我无法拒绝。"
    }
]