[
    {
        "name": "シンクライリアナ",
        "message": "「嗯嗯……啊啊……！！\\n团长……啊呜……！！」"
    },
    {
        "message": "将勃起的阴茎顶端压在珊瑚塔的花蕊上，\\n慢慢地往下沉腰。"
    },
    {
        "name": "シンクライリアナ",
        "message": "「呼啊啊……团长的……嗯嗯……好大，\\n啊啊……好大啊……嗯嗯！！」"
    },
    {
        "message": "虽然只有阴茎进入了花蕊的中间，\\n但珊瑚塔因插入的刺激而紧绷身体并发出声音。"
    },
    {
        "message": "看着她的样子，停下了腰的动作。\\n不能伤害珊瑚塔的身体。"
    },
    {
        "name": "シンクライリアナ",
        "message": "「没事……没事，所以……\\n团长……不要担心……」"
    },
    {
        "message": "身体颤抖着，但她微笑着。\\n没事，一遍又一遍地说。"
    },
    {
        "name": "シンクライリアナ",
        "message": "「没事……我喜欢团长你的，\\n所以，想要被爱很多很多……不可以吗？」"
    },
    {
        "message": "她的眼眶湿润了起来，\\n但其中透露出坚定的决心。"
    },
    {
        "message": "看着那样的表情，中途中断行为什么的，\\n根本做不到。"
    },
    {
        "name": "シンクライリアナ",
        "message": "「谢谢，团长……\\n真的真的……我好喜欢你」"
    },
    {
        "message": "边说着，珊瑚塔自己扭动着腰部。"
    },
    {
        "message": "听着珊瑚塔的告白，\\n我也向前挺动着腰部。"
    },
    {
        "message": "不相称大小的阴茎慢慢地侵入了小小的阴道。"
    },
    {
        "name": "シンクライリアナ",
        "message": "「啊……啊啊……团长的，\\n嗯嗯……进来了……啊啊……好大，好热……！」"
    },
    {
        "name": "シンクライリアナ",
        "message": "「就是这个……嗯嗯……团长的……啊啊、\\n肉棒……啊啊……嗯嗯！！！！」"
    },
    {
        "message": "终于，挺立的勃起完全被小小的阴道吞没。\\n扩张的阴道感触着，珊瑚塔大口地呼吸着忍耐。"
    },
    {
        "name": "シンクライリアナ",
        "message": "「嗯嗯……哈、嗯……哈、哈、哈……」"
    },
    {
        "message": "看着珊瑚塔那样的样子有些担心，\\n但在我的呼唤下，她微笑着回答。"
    },
    {
        "name": "シンクライリアナ",
        "message": "「没事……有点刺痛，但真的没事……\\n而且我，非常开心」"
    },
    {
        "name": "シンクライリアナ",
        "message": "「能被团长抱着……对我的心意作出回应，\\n我……很幸福！」"
    },
    {
        "message": "说着，珊瑚塔把身体靠近我，\\n脸颊贴了过来。\\n我也靠近她，抚摸着她的头。"
    },
    {
        "name": "シンクライリアナ",
        "message": "「啊呜呜……团长……喜欢你……非常喜欢你……\\n我想更加更加地珍惜团长」"
    },
    {
        "name": "シンクライリアナ",
        "message": "「所以……更加更加地，让团长\\n感受到快乐」"
    },
    {
        "message": "珊瑚塔含着泪水的双眼看向我。"
    },
    {
        "name": "シンクライリアナ",
        "message": "「嘿，团长……不要忍耐，让珊瑚塔，\\n更加享受一下？」"
    },
    {
        "message": "听到这话，阴茎跳动了一下。\\n刚才还竭尽全力保持理智。"
    },
    {
        "name": "シンクライリアナ",
        "message": "「只要是团长的就好……我全部，\\n都想被团长夺走……想成为团长的一部分」"
    },
    {
        "name": "シンクライリアナ",
        "message": "「所以……所以……」"
    },
    {
        "message": "在珊瑚塔还没说完之前，她扭动着腰部，让阴道里擦过阴茎。"
    },
    {
        "name": "シンクライリアナ",
        "message": "「啊……啊啊啊！！ 嗯、团长！\\n啊啊……嗯嗯嗯……好多，啊啊！\\n在、擦着呢……啊啊啊！！！」"
    },
    {
        "name": "シンクライリアナ",
        "message": "「好、厉害……！ 啊啊啊……！\\n团长的肉棒，在我里面……嗯嗯，好厉害……！」"
    },
    {
        "message": "珊瑚塔的阴道和她的身体一样还很小。\\n为了阻止异物侵入，阴道壁紧紧地夹住着阴茎，让她感到疼痛。"
    },
    {
        "message": "即使是这样微小的抵抗对我来说也变成了快感的刺激。"
    },
    {
        "name": "シンクライリアナ",
        "message": "「啊啊……呀呀……！ 团长……！\\n肉棒在动着呢……！」"
    },
    {
        "name": "シンクライリアナ",
        "message": "「我的小穴……嗯嗯，感觉舒服吗？\\n团长，喜欢吗？ 嗯嗯……\\n你喜欢吗？」"
    },
    {
        "message": "在阴道粘膜的摩擦刺激下，\\n珊瑚塔喘着气向我询问。"
    },
    {
        "message": "看到她那奉献的姿态，我心中涌起了对珊瑚塔的爱。\\n我点了点头作为回答，她微笑了。"
    },
    {
        "name": "シンクライリアナ",
        "message": "「好高兴……啊啊！ 嗯嗯……！\\n团长能高兴……嗯嗯！\\n团长能感觉舒服……！」"
    },
    {
        "name": "シンクライリアナ",
        "message": "「我也……嗯嗯……好幸福！\\n团长感觉舒服……啊啊！\\n我也……啊啊，感觉很舒服！」"
    },
    {
        "message": "就在珊瑚塔说话的同时，阴道里喷出了一股水花。"
    },
    {
        "message": "不知不觉中，珊瑚塔的身体已经在快感中挣扎。"
    },
    {
        "name": "シンクライリアナ",
        "message": "「嗯嗯……啊啊，团长，团长！\\n啊啊……呼呼……！ 嗯嗯……！」"
    },
    {
        "name": "シンクライリアナ",
        "message": "「更多……啊啊，想要更多！\\n希望团长更舒服……！\\n还有，希望你也让我更舒服！」"
    },
    {
        "message": "从珊瑚塔眼中流下的泪水，早已变成了因快感而流下的泪水。"
    },
    {
        "name": "シンクライリアナ",
        "message": "「好厉害……！啊啊！\\n团长的大鸡巴，进出着我的小穴……！啊啊……好舒服！」"
    },
    {
        "message": "注视着交合的部分，珊瑚塔发出了沉醉的声音。"
    },
    {
        "name": "シンクライリアナ",
        "message": "「我们两个……啊啊，一直在一起……！\\n啊啊……嗯嗯……我们一起感觉很舒服……啊啊！！」"
    },
    {
        "message": "阴道内强烈地收缩着。\\n整根肉棒仿佛被双手紧紧握住一般。"
    },
    {
        "message": "在试图榨取精液的刺激下，\\n肉棒颤抖着，达到了极限。"
    },
    {
        "name": "シンクライリアナ",
        "message": "「呼啊……！啊啊……！团长！\\n嗯嗯，一起……一直在一起……！」"
    },
    {
        "name": "シンクライリアナ",
        "message": "「啊啊，团长，团长！！\\n嗯嗯……呼啊啊啊啊啊……！！！！！！！！！！」"
    },
    {
        "name": "シンクライリアナ",
        "message": "「啊啊……！！！嗯嗯啊啊啊啊……」"
    },
    {
        "message": "肉棒仍深入珊瑚塔的阴道中，\\n射出了所有的精液。"
    },
    {
        "name": "シンクライリアナ",
        "message": "「呼啊啊……啊啊，啊啊……\\n肚子里，好热，这是，怎么回事……」"
    },
    {
        "message": "珊瑚塔一边凝视着虚空，一边说出这番话。\\n身体内部不断脉动的阴茎和散发的温热，\\n让珊瑚塔感受到了前所未有的快感。"
    },
    {
        "name": "シンクライリアナ",
        "message": "「我，感觉有点奇怪……脑袋一片空白，\\n但是……非常非常……幸福呢……」"
    },
    {
        "message": "初次体验到高潮的珊瑚塔似乎已经上了瘾，\\n她靠近我，露出了陶醉的表情。"
    },
    {
        "name": "シンクライリアナ",
        "message": "「从现在开始……我要一直和团长幸福下去……\\n团长……我爱你的哦……！」"
    }
]