[
    {
        "name": "ハートツリー",
        "message": "「团长，你这是怎么了！那种眼神是怎么回事！难道你以为我没注意到吗！？」"
    },
    {
        "message": "北仲大声喊道。语气、表情和眼神都透露出愤怒。嗯，这反应当然是理所当然的。"
    },
    {
        "name": "ハートツリー",
        "message": "「我什么都没说就一直盯着看！到底你想干什么啊！如果有话要说，就明明白白地……」"
    },
    {
        "name": "ハートツリー",
        "message": "「等等，等一下……！难道……是那个意思？你一直盯着我的胸部和腰部，眼神也很猥琐……团长！你真的……！」"
    },
    {
        "message": "果然很敏锐。既然如此，就没有必要隐瞒了。我点点头，紧紧拥抱着她柔软的身体，轻声在她耳边低语。"
    },
    {
        "name": "ハートツリー",
        "message": "「喂……！？」"
    },
    {
        "message": "我渴望北仲。渴望她的一切。包括她多疑的脆弱、家人般温柔、不容欺负的高贵。我想要她的一切，包括让男人心跳不已的身体。"
    },
    {
        "name": "ハートツリー",
        "message": "「你、别说……嗯、啊……不要这样……被这样对待，还说这种话……」"
    },
    {
        "message": "她困惑的反应让人感到可爱。我再次坦率而充满激情地低语着。"
    },
    {
        "name": "ハートツリー",
        "message": "「这种时候还夸奖我……真是笨蛋，笨蛋……！被你这样对待的话……我可拒绝不了，笨蛋！」"
    },
    {
        "name": "ハートツリー",
        "message": "「啊……嗯嗯！ 进来了……！ 嗯啊，啊啊！」"
    },
    {
        "message": "我一口气深入她的体内，直至最深处。"
    },
    {
        "message": "感受到的只有前戏爱抚带来的微湿和处女的紧缩。对于实现愿望的那种感觉让我兴奋不已，心脏也跳得厉害。"
    },
    {
        "name": "ハートツリー",
        "message": "「嗯……呼……难受……嗯，疼痛……比想象中要……呼……啊……」"
    },
    {
        "message": "从她痛苦的反应来看，似乎并没有误会她是第一次。"
    },
    {
        "name": "ハートツリー",
        "message": "「当然……吧……？ 没有时间去做那种事情……你就是我的第一次……」"
    },
    {
        "name": "ハートツリー",
        "message": "「真是的……你要感到光荣才对吧……？ 要好好珍惜我才行……我是不会原谅你的」"
    },
    {
        "message": "透露出来的眼神里，平日坚强的一面已经消失。这是发自内心的恳求。"
    },
    {
        "message": "喜悦更加膨胀。\\n感激于你让我兴奋的举动，口中的话语和双手配合着。"
    },
    {
        "name": "ハートツリー",
        "message": "「啊……嗯啊、啊呜……别、别……\\n边揉着胸部……不要夸奖我……嗯啊……啊啊……」"
    },
    {
        "message": "你为了能和男人交往而如此努力，真了不起。\\n因为如此深切地思念家人而了不起。\\n我对你的尊敬之情化作真诚的话语传达到耳边，\\n一边精心揉捏着那颗硕果。"
    },
    {
        "name": "ハートツリー",
        "message": "「哈啊……嗯呜、所以……别夸奖我啊……\\n而且，这样……这样温柔地对待着……\\n哈啊……嗯呜……不行，这样子，不行啊……」"
    },
    {
        "name": "ハートツリー",
        "message": "「你夸奖我……对胸部温柔的抚摸着……\\n这样的事情，我……哈啊……嗯呜……我……」"
    },
    {
        "message": "希望你能感受到愉悦。\\n一边感受着逐渐消失的阻力，我说出了这番话。"
    },
    {
        "name": "ハートツリー",
        "message": "「怎么可能会有那种事情发生呢！？」"
    },
    {
        "message": "瞬间，北仲的语气变得激动起来。\\n眼中涌现出泪水，坚强之色稍纵即逝。"
    },
    {
        "name": "ハートツリー",
        "message": "「第一次就……像我这样子……感到愉悦，怎么可能呢\\n我可不是那种轻浮的女孩子……\\n就算是被你这样对待了也好，那种淫荡的事情怎么可能发生呢！？」"
    },
    {
        "name": "ハートツリー",
        "message": "「别抱有奇怪的期待……嗯啊、啊呜……嗯呜\\n别管我……快点动起来，让自己舒服一点吧」"
    },
    {
        "message": "她一边让乳头勃起，一边涌出爱液，表达着这样的愿望。"
    },
    {
        "message": "但这反而产生了相反的效果。\\n她的请求似乎是在请求插入，却只是增加了我的欲望。"
    },
    {
        "name": "ハートツリー",
        "message": "「啊呜……嗯啊！动一下里面……嗯呜、嗯嗯啊、啊啊！」"
    },
    {
        "name": "ハートツリー",
        "message": "「不行……嗯呜、不要……温柔一点……！\\n你这样子……嗯呜、不会舒服的吧……！？」"
    },
    {
        "message": "不，这样非常舒服。\\n我的回答伴随着刺激着她的深处，将所有感受都化作语言。"
    },
    {
        "message": "紧紧包裹和温暖。肉体间的贴合感。\\n每一次摩擦都让她的腰颤抖，全身都充满了快感。\\n舒服，舒服，我不断地表扬着她的爱抚和插入。"
    },
    {
        "name": "ハートツリー",
        "message": "「啊呜……嗯啊……别夸奖我……嗯啊、啊啊啊！\\n会变得奇怪的……嗯啊、会变得奇怪的！\\n呼……嗯呜、啊啊啊！身体自己好像变得怪怪的！」"
    },
    {
        "message": "每次表扬，北仲的身体都展现出愉悦之情。"
    },
    {
        "name": "ハートツリー",
        "message": "「啊，啊……！ 别，别了！ 呃……啊啊、啊啊啊！\\n我，不要……我不要这个！\\n不舒服……真的，一点都不舒服啊！」"
    },
    {
        "message": "身体和言辞完全相反，却引发更多的兴奋和可爱。\\n被粘腻的感觉吸引着，\\n振动与爱抚变得更加强烈、激烈。"
    },
    {
        "name": "ハートツリー",
        "message": "「啊呜、嗯嗯啊啊！呼、啊啊、啊呜！真的，不行！\\n呼、啊啊！全都，都不行的！呼呜、嗯呜、啊呜啊啊！」"
    },
    {
        "message": "捏揉勃起的乳头，摩擦着阴道内的每一寸。\\n屋内弥漫着淫荡的喘息声和水声。\\n身心变得异常敏感，所有感受都溢于言表。"
    },
    {
        "name": "ハートツリー",
        "message": "「呜啊、嗯嗯啊！不对……不要、这样下去！\\n唔啊、嗯呜呜！我，一点也不舒服！\\n别说出来！不一样的！完全，一点也不舒服啊！」"
    },
    {
        "name": "ハートツリー",
        "message": "「嗯呜嗯呜、嗯嗯啊啊！胸部也，不对……全部都不对！\\n一点也不舒服！唔、嗯呜呜呜！\\n别夸我了！真的、别夸我！啊唔、啊嗯嗯、啊啊啊！」」"
    },
    {
        "message": "北仲摇摇头，拒绝地大喊。\\n然而此时，她已经看不到任何坚毅之色。"
    },
    {
        "message": "就像孩子一样摇摆着头，并依偎于抽送的花房，表达自己一意孤行。\\n愈加可爱，愈加兴奋。\\n毫无羞耻和困惑，反复陈述着同样的话语。"
    },
    {
        "name": "ハートツリー",
        "message": "「唔啊啊、嗯嗯呀！又夸我了！唔啊、啊呜呜、啊啊啊！\\n停下来！求求你停下来吧！真的，停下来吧！」」"
    },
    {
        "message": "蜜壶微微抽搐。\\n也就是说，不行的意思。"
    },
    {
        "message": "虽然否定着，但那种可爱的自觉让精液迫不及待地上涌。\\n那股热流让最后的冲刺变得更加激烈。"
    },
    {
        "name": "ハートツリー",
        "message": "「呜啊啊，啊啊啊！ 啊嗯啊嗯啊嗯啊嗯啊嗯啊嗯啊嗯啊啊啊啊啊！\\n不行，不行不行不行啊！\\n来了，就要来了！ 就算是第一次！ 哈啊，啊，啊啊啊！」"
    },
    {
        "name": "ハートツリー",
        "message": "「不对，不对不对！ 我不想高潮的！ 哈呜呜，嗯啊，啊啊啊！\\n一点也不舒服！ 一点也不舒服因为！」"
    },
    {
        "name": "ハートツリー",
        "message": "「哈呀啊，啊，啊啊啊啊！ 别……别再……停下来……团长哦哦！\\n别让我感觉舒服呀呀呀呀呀！」"
    },
    {
        "name": "ハートツリー",
        "message": "「哈啊，啊啊啊啊啦……！」"
    },
    {
        "message": "冲破了拒绝的哭喊和乞求的甘甜之地，在最深处分享了高潮。"
    },
    {
        "name": "ハートツリー",
        "message": "「嗯……哈……啊……嗯……别再……说了……我……已经高潮了……感觉好……」"
    },
    {
        "name": "ハートツリー",
        "message": "「真是个笨蛋……我绝对……不会原谅你的」"
    },
    {
        "message": "她气喘吁吁的样子，北仲还在生气地看着我。"
    },
    {
        "message": "她那样子真是太可爱了。我不禁又开始夸奖她，同时抚摩着颤抖的大腿。"
    },
    {
        "name": "ハートツリー",
        "message": "「这……嗯，真是个……死性不改的人……\\n你这样子……说什么可能都是徒劳的吧……」"
    },
    {
        "message": "在余韵中爱抚她的皮肤，北仲微微动了一下。\\n看来，她的怒气迅速消退了。"
    },
    {
        "message": "其实，她到底是真的生气了吗？\\n只是为了表现出生气，我才有那种感觉。"
    },
    {
        "name": "ハートツリー",
        "message": "「呵呵……如果是你的话……也许可以哦……？」"
    },
    {
        "message": "在行为进行中也没有认真逃避，\\n现在还将自己交托给我爱抚的北仲，\\n将自己的手覆盖在我的爱抚之上。"
    },
    {
        "name": "ハートツリー",
        "message": "「虽然说了很多话……但我喜欢你，我已经决定信任你了」"
    },
    {
        "name": "ハートツリー",
        "message": "「和你发生关系……从下次开始，我不会再说停下来了\\n第一次已经结束了……\\n而且，我已经决定相信你了」"
    },
    {
        "name": "ハートツリー",
        "message": "「又……让我抱一下吧\\n期待着吧……？ 呵呵♪」"
    }
]