[
    {
        "name": "ブルーエルフィン",
        "message": "「我知道的……！\\n男人这样做会变得更有精神……」"
    },
    {
        "message": "为了鼓舞团长，紫蝶花充满活力地出现。\\n本以为她是来按摩的，结果却……"
    },
    {
        "name": "ブルーエルフィン",
        "message": "「嘻嘻……虽然有点害羞，但这是鼓舞团长的机会到了」"
    },
    {
        "message": "紫蝶花压在我的下半身上。\\n她脸红的表情和妖艳的举止，与平时的形象形成鲜明对比，显得妩媚动人。"
    },
    {
        "name": "ブルーエルフィン",
        "message": "「哦哦——这就是……团长的……\\n好大啊……\\n真的，变得更有精神了呢……」"
    },
    {
        "name": "ブルーエルフィン",
        "message": "「嗯嗯——咕、嗯哈——\\n团长的……插进来了、呢……」"
    },
    {
        "message": "看着已经勃起的阴茎，紫蝶花露出了开心的微笑，\\n慢慢地扭动着腰部。\\n我的阴茎逐渐被她小巧的阴道吸入。"
    },
    {
        "name": "ブルーエルフィン",
        "message": "「嗯、嗯——啊……\\n团长的、肉棒……好大啊……\\n嘻嘻……」"
    },
    {
        "message": "能看到她可爱的模样也让我很高兴。\\n但看起来她并没有经验。\\n她到底是在哪里得到这些奇怪的知识呢。"
    },
    {
        "name": "ブルーエルフィン",
        "message": "「……嗯，我知道了……\\n关于性，我也大概明白……」"
    },
    {
        "message": "克服了狭窄的阴道内的巨大阻力，\\n已经湿润的她的阴道完全吞没了阴茎。"
    },
    {
        "name": "ブルーエルフィン",
        "message": "「嗯嘿嘿……虽然有点疼……但我不后悔……\\n比起那个，你看，团长的，肉、棒……」"
    },
    {
        "message": "脸颊泛红的紫蝶花一边看着连接处一边小声说道。\\n在紧紧夹住的阴道内，受到刺激的阴茎变得更加坚硬。"
    },
    {
        "name": "ブルーエルフィン",
        "message": "「嗯嘿……好高兴啊……\\n团长，在和我发生关系后，变得这么有精神了……」"
    },
    {
        "message": "虽然有些畏缩，但紫蝶花露出了开心的笑容。"
    },
    {
        "name": "ブルーエルフィン",
        "message": "「刚才呢……我用预知看到了，\\n团长会变得更有精神……真的哦……虽然预知准确率大概五五开吧……\\n……但是今天好像没问题呢……嘿嘿……」"
    },
    {
        "message": "尽管因为害羞而满脸通红，\\n紫蝶花天真地微笑着。"
    },
    {
        "name": "ブルーエルフィン",
        "message": "「那个、接下来要、动一下、对吧……？\\n团长的肉棒，我会让它更有精神的……」"
    },
    {
        "message": "惯慢地动着，紫蝶花开始缓慢地摆动着臀部。"
    },
    {
        "name": "ブルーエルフィン",
        "message": "「嗯，嗯咕……哈啊……这、这样子，可以吗……？」"
    },
    {
        "message": "她的动作虽然还有些生疏，\\n但那种焦灼的感觉，却让人有些期待。"
    },
    {
        "name": "ブルーエルフィン",
        "message": "「嗯……呼啊，啊哈咿……\\n团长，怎么样？感觉舒服了吗……？」"
    },
    {
        "message": "紫蝶花在努力地为我服务着。\\n她那温柔而坚定的模样让我对她更加怜爱，\\n于是我轻柔地伸手到她的乳房上。"
    },
    {
        "name": "ブルーエルフィン",
        "message": "「嘿呀啊！\\n啊……摸摸胸部也可以哦……\\n团长，要振作起来哦……」"
    },
    {
        "message": "出乎意料地握住了紫蝶花的胸部，\\n轻柔地揉捏着。"
    },
    {
        "name": "ブルーエルフィン",
        "message": "「呼啊……啊咿呀咿……\\n呼啊……被摸胸部，感觉好舒服呢……\\n团长的手，好温暖，让我感到幸福呢……」"
    },
    {
        "message": "或许是从最初的疼痛中逐渐适应过来了吧，\\n紫蝶花的表情变得更加柔和。\\n我轻柔地刺激着她的乳房和乳头。"
    },
    {
        "name": "ブルーエルフィン",
        "message": "「啊，嗯……啊啊……\n嗯嗯，啊，嗯……！」"
    },
    {
        "message": "勃起的乳头在指尖滚动时，\n紫蝶花发出了可爱的娇声。"
    },
    {
        "name": "ブルーエルフィン",
        "message": "「啊，啊啊……啊，呜……\n啊啊……好厉害呢……\n被摸胸部，感觉这么舒服啊……」"
    },
    {
        "message": "紫蝶花露出陶醉的表情，接受着我的抚摸。"
    },
    {
        "name": "ブルーエルフィン",
        "message": "「啊啊，哈啊……团长……你喜欢我的胸部吗……？」"
    },
    {
        "message": "为了表达对紫蝶花的感情，\n稍微用力地揉搓她的胸部，加大刺激。"
    },
    {
        "name": "ブルーエルフィン",
        "message": "「啊啊啊啊……！\n嗯，哈啊，嗯嗯……！\n太好了，呜呜……\n我的胸部，能让团长变得精神百倍……」"
    },
    {
        "message": "满脸通红的紫蝶花，\n身体颤抖着，显得很舒适。"
    },
    {
        "name": "ブルーエルフィン",
        "message": "「呜呜呜……\n团长也变得有精神了呢……\n我也好幸福～……呜呜呜～」"
    },
    {
        "message": "紫蝶花的阴道内液体增加，\n即使在狭窄的空间中也能更灵活地移动。"
    },
    {
        "name": "ブルーエルフィン",
        "message": "「啊呀……！\n团长，变得更有活力了呢……！」"
    },
    {
        "message": "他不断向里面挺入，\n每次深入时，连接处的液体都会发出水声溢出。"
    },
    {
        "name": "ブルーエルフィン",
        "message": "「哈啊，哈啊，啊啊……！\n好厉害啊，团长……\n我，感觉好舒服呢……啊，啊呜！」"
    },
    {
        "message": "随着紫蝶花快感的增加，\n阴茎被紧紧夹住，射精感变得更强烈。"
    },
    {
        "name": "ブルーエルフィン",
        "message": "「呼啊，呼啊，呼啊啊啊……！\n团长，团长……\n团长也很舒服吗？ 很舒服吗……？」"
    },
    {
        "message": "渐渐无法控制自己，腰部动作加快。"
    },
    {
        "name": "ブルーエルフィン",
        "message": "「啊啊，呀呀！！\n哈哈……原来团长也很舒服嘛……\n嘻嘻……」"
    },
    {
        "message": "陶醉的紫蝶花开始主动运动起腰部。"
    },
    {
        "name": "ブルーエルフィン",
        "message": "「嗯，嗯……啊啊！\n……啊，哈啊，呀啊啊……\n让团长更舒服一点……呀啊啊！」"
    },
    {
        "message": "已经习惯了的紫蝶花，继续努力地摆动着她的腰。"
    },
    {
        "name": "ブルーエルフィン",
        "message": "「团长，如果你变得更有活力……\n我也会很高兴的……呀啊啊啊！！」"
    },
    {
        "message": "随着紫蝶花的动作，阴道内的波动变得更加剧烈。"
    },
    {
        "name": "ブルーエルフィン",
        "message": "「啊啊啊啊！！\n团长的肉棒，变得更有活力了……！啊呜……！」"
    },
    {
        "message": "初次感受到的快感，以及团长的反应让她心情激动，\n全神贯注地摆动着腰部的紫蝶花。"
    },
    {
        "name": "ブルーエルフィン",
        "message": "「啊啊啊啊！\n我的小穴，好热呀……\n嘿，来了呢……好像要来了呢……！」"
    },
    {
        "message": "在接近极限的情况下，更加剧烈地抽送着。"
    },
    {
        "name": "ブルーエルフィン",
        "message": "「呜啊啊啊啊！！\n呀呀，哈，啊，啊，啊啊啊啊！！」"
    },
    {
        "message": "紫蝶花的身体微微颤抖着。\n与此同时，她小巧的阴道深处，龟头一下子刺入。"
    },
    {
        "name": "ブルーエルフィン",
        "message": "「啊啊啊啊啊啊啊啊啊啊！！\n嗯……呼啊啊啊啊啊！！」"
    },
    {
        "name": "ブルーエルフィン",
        "message": "「啊啊啊啊啊啊啊！！」"
    },
    {
        "message": "在紫蝶花的最深处，大量精液喷射而出。"
    },
    {
        "name": "ブルーエルフィン",
        "message": "「啊，啊，啊，好热好热的射出来了……」"
    },
    {
        "message": "紫蝶花颤抖着身体，第一次经历射精和高潮的感觉。\n看着她这样，直到最后一滴精液都被排出。"
    },
    {
        "name": "ブルーエルフィン",
        "message": "「哈，哈，哈……呼……团长……」"
    },
    {
        "message": "当紫蝶花抬起臀部，阴茎退出时，阴道口溢出一滩精液。\n看着这一幕，她满含喜悦地凝视着这边。"
    },
    {
        "name": "ブルーエルフィン",
        "message": "「……嘿，团长，有精神了吗？」"
    },
    {
        "message": "紫蝶花带着欣喜的笑容朝这边慢慢靠近。"
    },
    {
        "name": "ブルーエルフィン",
        "message": "「……嘻嘻♪太好了……果然如我所预见的吧」"
    },
    {
        "message": "刚刚还如此混乱的她，此刻毫无顾忌的笑容令人眼花缭乱。或许这也是紫蝶花可爱的地方吧。"
    },
    {
        "name": "ブルーエルフィン",
        "message": "「嘻嘻……团长，如果你感到疲倦，记得告诉我哦！我随时都能给你力量！」"
    }
]