[
    {
        "message": "先前的夜晚之后，从北仲那里开始逐渐传达出了明确的信任感。"
    },
    {
        "message": "当然，并不仅仅是那个夜晚的缘故。无论是随意的交谈、接触，还是她参加朋友们举办的茶会等，各种因素交织在一起，最终导致了现在的关系。"
    },
    {
        "message": "然而，得到信任就不会再受到怀疑，这种情况绝对是不可能的。这样的关系反而是不健康的。"
    },
    {
        "name": "ハートツリー",
        "message": "「团长……也许……」"
    },
    {
        "message": "因此，现在正被怀疑的目光早已变得司空见惯。"
    },
    {
        "name": "ハートツリー",
        "message": "「你现在……想要抱我？」"
    },
    {
        "name": "ハートツリー",
        "message": "「……喂，你为什么一脸茫然啊，我都忍着害羞问你了，快点回答啊」"
    },
    {
        "message": "虽然已经司空见惯了，但像这样直截了当的怀疑还是头一次。一脸茫然是理所当然的。这样直接地问过头了吧。"
    },
    {
        "name": "ハートツリー",
        "message": "「那、那个地方就请你自己理解吧！」"
    },
    {
        "message": "从她红着脸的怒吼中可以察觉出来。\\n也就是说，直截了当的询问只是在掩饰害羞罢了。"
    },
    {
        "message": "果然，可爱呢。\\n最初感受到的就是这个，那么答案自然而然地已经确定了。"
    },
    {
        "name": "ハートツリー",
        "message": "「今晚……我来……给你……」"
    },
    {
        "message": "脸颊上绯红是羞愧还是兴奋呢。\\n不管是哪种，都无法改变她的可爱。"
    },
    {
        "message": "沉浸在这样的感慨中，享受着被北仲所包围的幸福。"
    },
    {
        "name": "ハートツリー",
        "message": "「啊……啊……嗯嗯……！」"
    },
    {
        "name": "ハートツリー",
        "message": "「嗯……啊……嗯，已经到了肚脐那里……\\n果然……比起上次，没有那么难受呢……嘻嘻」"
    },
    {
        "message": "吞没到根部，北仲露出从容的笑容。\\n毕竟已经不是第一次了，确实如此吧。"
    },
    {
        "message": "但是，理由真的只有这一个吗？"
    },
    {
        "name": "ハートツリー",
        "message": "「……笨蛋」"
    },
    {
        "message": "对提问的回答，只带着些许的焦躁和羞愧。"
    },
    {
        "name": "ハートツリー",
        "message": "「别说些无聊的话了……来，揉揉吧」"
    },
    {
        "message": "为了掩饰羞涩，她转移了话题，引导着到她的乳房。\\n这积极主动的态度，其实就是答案。"
    },
    {
        "name": "ハートツリー",
        "message": "「嗯……今晚，不用那么温柔也没关系哦……？」"
    },
    {
        "message": "感受到男人手指深入柔软肌肤，北仲开始紧紧收缩阴道。"
    },
    {
        "name": "ハートツリー",
        "message": "「其实……我不擅长那种事……\\n被温柔对待或者责难……都不适合我」"
    },
    {
        "name": "ハートツリー",
        "message": "「所以今晚……我来责难你\\n你就尽情地……享受吧……？」"
    },
    {
        "message": "伴随着甜蜜的宣言，她开始缓慢地吞吐着男性器官。"
    },
    {
        "name": "ハートツリー",
        "message": "「嗯……嗯啊……哈啊……自己动起来，虽然是第一次……\\n如果担心的话……她会生气的……\\n全部，交给我吧……嗯……嗯啊……哈啊……嗯嗯啊」"
    },
    {
        "name": "ハートツリー",
        "message": "「来，感受一下……嗯，感受吧，把一切都告诉我\\n上次的话……是这样的对吧……？\\n怎么样，团长……嗯，在我里面……是什么感觉，告诉我」"
    },
    {
        "message": "舒服。\\n这就是无比的快感。"
    },
    {
        "name": "ハートツリー",
        "message": "「嗯……呵呵♪\\n乖孩子呢……不够坦率♪」"
    },
    {
        "message": "毫无怀疑，北仲在身心两方面都感到愉悦。\\n阴道收紧，爱液和肌肤的触感变得更加浓烈。\\n希望能一直这样下去，她在爱抚中用力地回应着。"
    },
    {
        "name": "ハートツリー",
        "message": "「嗯……就算不说我也会做的……哈啊……嗯\\n胸部也让你随意摆布，我会让你舒服的……\\n尽情享受吧」"
    },
    {
        "name": "ハートツリー",
        "message": "「嗯啊……啊，那里……那个、感觉好棒哦♪ 我也、喜欢呢……嗯……嗯\\n变硬的顶端……被你玩弄着、喜欢呢\\n哈啊、啊嗯……身体自作主张地紧紧包裹着……\\n对你的事情、更加产生了感觉呢……嗯啊……哈啊……啊嗯」"
    },
    {
        "message": "随着言语和摩擦，北仲的身体变得淫荡起来。"
    },
    {
        "message": "乳房喘息着，乳头颤抖着，肉壶成为蜜壶般舔舐着肉棒。\\n腰部运动渐渐找到了节奏，并且巧妙地引导着我的快感。"
    },
    {
        "message": "多么奉献。\\n与平常的高高在上形成鲜明对比，全身涌上了如梦般的陶醉感。"
    },
    {
        "name": "ハートツリー",
        "message": "「啊……嗯……啊……呵呵♪」"
    },
    {
        "message": "反复进行这样的刺激，俯视着我，露出微笑。\\n那是一种温柔、慈爱的微笑。"
    },
    {
        "name": "ハートツリー",
        "message": "「邋遢的表情……总觉得，好可爱♪\\n我的身体……这么，舒服吗……？」"
    },
    {
        "message": "献上乳房，凝视着我提出问题。\\n她的眼神中，并没有怀疑的锐利之处。"
    },
    {
        "name": "ハートツリー",
        "message": "「第一次的夜晚……是那样的感觉……\\n我说过吧，我已经上瘾了……对吧……？」"
    },
    {
        "name": "ハートツリー",
        "message": "「所以，来吧……告诉我\\n今晚，不会拒绝你……无论多少次……都会教给我」"
    },
    {
        "name": "ハートツリー",
        "message": "「我的身体……确实，很舒服吗……？」"
    },
    {
        "message": "对于她坚定的命令，在心底涌起了一股温暖。\\n立刻、本能地回答着——非常舒服。"
    },
    {
        "name": "ハートツリー",
        "message": "「嘻嘻……开心♪」"
    },
    {
        "message": "回应我的是柔软又妖艳的笑容。"
    },
    {
        "name": "ハートツリー",
        "message": "「那么……我会更、更……让你感觉舒服♪\\n肉棒……我会让它软绵绵的，团长♪」"
    },
    {
        "message": "与柔和的口吻形成鲜明对比的是，她献身地进行着激烈的上下运动。"
    },
    {
        "name": "ハートツリー",
        "message": "「啊呜、嗯啊！ 哈啊、啊啊！ 啊呜呜！\\n团长，嗯呜，团长！ 肉棒，感受一下吧！ 哈啊、啊啊、啊啊！\\n我，会努力的！ 努力地，为您服务，让您感到舒服！」"
    },
    {
        "name": "ハートツリー",
        "message": "「为了得到您的赞美，我会加倍努力！ 嗯啊、啊啊、啊呜！\\n所以，请感受吧？ 感受到舒服吗？\\n哈呜、啊啊、呜啊、啊啊、哈呜呜！」"
    },
    {
        "message": "阴道肌肉起伏不定，带来一种挤压摩擦的感觉。\\n吸吮着、包裹着，从根部到尖端都被幸福所笼罩。"
    },
    {
        "message": "陶醉其中，快感的呻吟声不断传出。\\n在其中夹杂着，她喉间挤压出的话语。"
    },
    {
        "name": "ハートツリー",
        "message": "「哈啊、呜呜！ 开心♪\\n嗯啊、啊啊！ 更多地夸奖我吧！」"
    },
    {
        "message": "舒服，感觉真好。被照顾着，幸福洋溢。\\n紧密交织的热情唤起了对北仲的感激，\\n如同回报一般的赞美之词让她的双唇颤抖。"
    },
    {
        "name": "ハートツリー",
        "message": "「我，喜欢这个！啊，啊啊，啊啊呜呜！\\n被你夸奖，我好喜欢！\\n哈啊，啊呜呜！ 就是这样，我……！\\n哈啊，啊啊啊！ 我，马上……！」"
    },
    {
        "name": "ハートツリー",
        "message": "「要到了，要到了！\\n啊呜，来了，感觉真好来了！\\n团长，一起……嗯，在一起一起高潮吧！」"
    },
    {
        "message": "肉体和爱液的声音交织在一起，\\n喘息声中北仲的恳求推动着精液的上涌。"
    },
    {
        "message": "就这样引导着我吧。\\n紧贴着她挣扎的乳房，仰望她妩媚的容颜请求道。"
    },
    {
        "name": "ハートツリー",
        "message": "「嗯啊，啊啊啊！开心……♪ 那么，我要来了哦！ 啊呜呜、啊啊啊！\\n就这样，感觉真好……嗯，在你身上榨取出来给你！」」"
    },
    {
        "name": "ハートツリー",
        "message": "「哈啊啊啊、啊呜呜呜呜呜呜呜呜！\\n团长、团长团长团长团长哦！ 舒服得不得了哦！\\n一起高潮吧！ 因为要高潮了所以想要奖励哦！」」"
    },
    {
        "name": "ハートツリー",
        "message": "「哈啊、啊啊啊！要高潮了、要高潮要高潮要高潮呜！\\n知道你已经充实起来了、我要高潮了呜！\\n一起、高潮吧、团长哦！ 让我的里面、充满精液吧！」」"
    },
    {
        "name": "ハートツリー",
        "message": "「哈呜呜……嗯嗯嗯嗯嗯……♪\\n充分地射出来……嗯嗯、嗯嗯嗯嗯！」」"
    },
    {
        "name": "ハートツリー",
        "message": "「奖励，好多……啊，啊啊……\\n这个，真的……好幸福呢……♪」"
    },
    {
        "message": "在迷人的媚态和乞求般的极致收缩中，\\n肉棒伴随着愉悦喷射出精液。"
    },
    {
        "message": "扩散开来的是心旷神怡和多幸感。\\n紧紧抱住丰满的乳房，将最后一滴精液都塞进了北仲的体内。"
    },
    {
        "name": "ハートツリー",
        "message": "「哈……哈……嘿，感觉怎么样……？」"
    },
    {
        "message": "透露出疲惫的询问中带着乞求般的音色。\\n甚至在呼吸还没有平复之际就寻求赞美。"
    },
    {
        "message": "从某种意义上说，这是最幸福的服务。\\n所以我也把呼吸放到一边，试着表达我的感想。"
    },
    {
        "message": "正如她所宣称的那样，感觉真的很舒服。"
    },
    {
        "name": "ハートツリー",
        "message": "「呵……嘻嘻♪」"
    },
    {
        "message": "但是这样的关怀却引出了不好的东西。"
    },
    {
        "name": "ハートツリー",
        "message": "「说了让人高兴的话呢！\\n那么这次，要更更更更……更多了！」"
    },
    {
        "name": "ハートツリー",
        "message": "「就是说，要让你变得头脑混乱，变得黏黏糊糊的，\\n让你感觉到没有精液可以流出来的程度，好好享受一下！\\n明天不用上班了，就当作是这样吧！」"
    },
    {
        "message": "夸奖过头了。然后，让她得意忘形了。\\n虽然有些后悔，但已经太迟了。"
    },
    {
        "message": "接着立刻开始了第二回合，\\n新的宣言毫不留情地实现了。"
    }
]