[
    {
        "name": "ユキハナソウ",
        "message": "「我呢，和团长在一起的时候……有些事情我确信了」"
    },
    {
        "message": "雪华草认真地盯着这边。\\n听着她的话，我静静地倾听着。"
    },
    {
        "name": "ユキハナソウ",
        "message": "「和团长在一起的话，我会不断地成长\\n从意识到这一点之后……我就喜欢上你了」"
    },
    {
        "name": "ユキハナソウ",
        "message": "「虽然一直在忍着不去谈恋爱……\\n但是，我想要和团长有特别的关系」"
    },
    {
        "message": "被雪华草告白，我的内心也变得炽热。\\n如果不是能互相成长的对方，她是不会去谈恋爱的。"
    },
    {
        "message": "被拥有成熟恋爱观念的雪华草选中，我也感到很荣幸。"
    },
    {
        "name": "ユキハナソウ",
        "message": "「呵呵……好久没向男性表白了呢……\\n而且，对方接受了我的感情……内心也变得炽热起来……」"
    },
    {
        "message": "像把身体交托给这边一样，靠在我身上的雪华草。\\n随着彼此心跳的传达，对对方的感情也在增加。"
    },
    {
        "name": "ユキハナソウ",
        "message": "「对不起……我好像有点忍耐不住了……\\n好像爱上了团长……」"
    },
    {
        "message": "彼女的话让我也表达了想要相互爱抚的愿望。\\n于是我们如同流水般，彼此追求着身体。"
    },
    {
        "name": "ユキハナソウ",
        "message": "「嗯……团长的硬鸡巴，要插进来了吗？\\n嗯啊……啊啊……」"
    },
    {
        "message": "坐在我身上的雪华草慢慢地降下腰部。\\n每次吞下勃起的阴茎，我都感受到她手掌中的力量。"
    },
    {
        "message": "充满热情和湿润的阴道触感从阴茎上传来，我也感受到了愉悦。"
    },
    {
        "name": "ユキハナソウ",
        "message": "「因为有经验……嗯嗯\\n这样一直插到最深处，我会好好接纳……」"
    },
    {
        "name": "ユキハナソウ",
        "message": "「放松腰部的力量……硬梆梆的鸡巴，一下子插到最深处……\\n啊呜……嗯、啊啊啊啊！」"
    },
    {
        "message": "正如她所说，雪华草猛地吞下了肉棒。\\n当达到最深处时，她发出了一声大大的喘息声。"
    },
    {
        "name": "ユキハナソウ",
        "message": "「好厉害……团长的，里面都鼓胀起来了……\\n你的鸡巴，太大了……」"
    },
    {
        "message": "完成深入插入后，我担心她的身体，向她询问。\\n如果负担太重，请毫不犹豫地告诉我。"
    },
    {
        "name": "ユキハナソウ",
        "message": "「呵呵……没关系哦？负担什么的，根本不存在的……」"
    },
    {
        "name": "ユキハナソウ",
        "message": "「鸡巴变大了……这是证明你对我兴奋的标志……\\n这样，真的让我很开心」"
    },
    {
        "message": "微笑着的她并没有表现出任何犹豫。\\n知道她并没有勉强自己，我感到安心。"
    },
    {
        "name": "ユキハナソウ",
        "message": "「嘿，团长……这是对你接受我的感情的回报……\\n让我，让我感觉舒服一点……」"
    },
    {
        "message": "雪华草自愿为我服务。\\n听从她的话，将主导权交给了她。"
    },
    {
        "message": "就这样被舒适的阴道包裹着，\\n肿胀的阴茎被摩擦着。"
    },
    {
        "name": "ユキハナソウ",
        "message": "「呼……嗯嗯……啊啊……\\n硬梆梆的鸡巴……里面摩擦得很多……」"
    },
    {
        "name": "ユキハナソウ",
        "message": "「为了让团长高兴……嗯啊啊、啊啊……\\n努力晃动着腰部……」"
    },
    {
        "message": "阴道适度地收紧着，摩擦运动带来了相当甜蜜的刺激。\\n感受着从腰部传来的快感，我向她传达着。"
    },
    {
        "name": "ユキハナソウ",
        "message": "「嗯嗯……嗯啊……这样……那就好了……\\n这样，充满着……啊啊……呼呼……\\n请在我里面感受愉悦吧」"
    },
    {
        "message": "但是，不能让雪华草一个人这样努力下去。\\n为了给她带来快感，我轻轻握住了微微颤抖的乳房。"
    },
    {
        "name": "ユキハナソウ",
        "message": "「啊啊……！稍等一下，团长先生……唔……嗯呜……\\n突然抓住胸部……唔啊……呼啊」"
    },
    {
        "message": "每一次手指的移动都让柔软的隆起在手掌下变换形状。\\n继续享受着那触感进行爱抚。"
    },
    {
        "name": "ユキハナソウ",
        "message": "「唔啊……呼啊啊……这样摆弄的话……我会无法专心为您服务的……」"
    },
    {
        "name": "ユキハナソウ",
        "message": "「不要在意我……\\n团长先生，可以安静地待着哦……？」"
    },
    {
        "message": "她虽然用温柔的口吻对我说着，但却忘记了重要的事情。\\n作为彼此相互提升的伙伴，\\n她选择了我作为她的雪华草。"
    },
    {
        "message": "如果什么都不做，只是接受快感是不行的。\\n我也想让她感到愉悦，并表达了强烈的愿望。"
    },
    {
        "name": "ユキハナソウ",
        "message": "「呼啊……啊啊……团长先生真是个坏人呢……\\n被这样说，内心里…非常地难受…嗯嗯…\\n什么话也说不出来了…」"
    },
    {
        "message": "接受了我的话，雪华草露出了柔和的微笑。"
    },
    {
        "name": "ユキハナソウ",
        "message": "「动一动，团长先生……啊啊……啊啊……\\n硬邦邦的肉棒，从下面顶上来……\\n请让我感受到更多的快感吧……」"
    },
    {
        "message": "雪华草在摩擦中颤抖着，用充满色气的声音请求着。\\n我欣然答应她，并重新用力握住了她的手。"
    },
    {
        "message": "继续爱抚着乳房，顶上了充血的肉棒。"
    },
    {
        "name": "ユキハナソウ",
        "message": "「嗯啊……啊啊……啊啊！\\n团长先生的肉棒，一下一下地顶着……啊啊……嗯嗯！」"
    },
    {
        "name": "ユキハナソウ",
        "message": "「被摩擦着各个地方……一次次地深入到最里面……啊啊！\\n胸部也被乱摸得……！」"
    },
    {
        "name": "ユキハナソウ",
        "message": "「被一起做感觉真是太舒服了……团长先生！\\n我的身体和小穴都变得热烘烘的……快要受不了了！」"
    },
    {
        "message": "雪华草发出比以往更甜美的喘息声。看着她在快感中颠倒，我的心情也变得更加激动。"
    },
    {
        "name": "ユキハナソウ",
        "message": "「这样下去，我一个人……可能会忍不住先达到极限了……\\n团长先生也要更……感受到快感才行……！」"
    },
    {
        "message": "雪华草说完这番话后，开始更加剧烈地摆动着腰部，使一切变得更加淫荡。\\n在彼此相互思念的同时，不断升华着快感的行为，让爱意和激情不断攀升。"
    },
    {
        "name": "ユキハナソウ",
        "message": "「啊啊……嗯……啊……嗯啊……！\\n对团长的思念变得更加强烈……啊，嗯……呜呜……！」"
    },
    {
        "name": "ユキハナソウ",
        "message": "「喜欢你……爱着你，团长……啊，呵呵……啊啊……！\\n我想和你一起高潮！」"
    },
    {
        "message": "随着反复激烈的摩擦运动，我们也接近极限。\\n就像她一样传达着爱意，直到最后一刻都加强了爱抚和冲刺。"
    },
    {
        "name": "ユキハナソウ",
        "message": "「啊……呵呵……嗯嗯……！\\n要高潮了……！我要高潮了……！\\n被硬肉棒充满，感觉好厉害呢！」"
    },
    {
        "name": "ユキハナソウ",
        "message": "「团长也一起……啊，嗯，啊啊……！\\n在阴道里高潮……射出浓稠炽热的精液吧！！」"
    },
    {
        "name": "ユキハナソウ",
        "message": "「嗯啊啊啊……肉棒在颤抖着呢……\\n阴道里充满了炽热的感觉呢……嗯嗯嗯……」"
    },
    {
        "message": "快感迸发，从战栗的阴茎中喷出一团炽热的液体。\\n直到颤抖停止为止持续射精，将雪华草的阴道充满白浊液体。"
    },
    {
        "name": "ユキハナソウ",
        "message": "「身体感觉飘飘然的……好舒服呢……\\n团长的热量从肚子里扩散开来……阴道好开心呢……」"
    },
    {
        "name": "ユキハナソウ",
        "message": "「能和团长相爱……我真的很幸福……」"
    },
    {
        "message": "这也是我的台词。表达感谢和对她的思念。"
    },
    {
        "name": "ユキハナソウ",
        "message": "「今后，我们一起，多多相爱吧？\\n和团长的性爱……我想要不断地经历」"
    },
    {
        "message": "沉浸在余韵中，雪华草用温和的口吻说道。\\n我答应了她的愿望，紧握住了她的手。"
    }
]