[
    {
        "name": "ソヨゴ",
        "message": "「那个，团长大人，有件事……\\n有件事我一定要确认一下……！」"
    },
    {
        "message": "与平时的她截然不同的口气。\\n我觉得她一定有非常重要的事情要说。"
    },
    {
        "message": "因为担心工作上出了问题，\\n不久前我和具柄冬青独处了一会儿。"
    },
    {
        "name": "ソヨゴ",
        "message": "「怎、怎么样……团长大人？\\n我……我有好好地成长吗……？」"
    },
    {
        "message": "此刻，我被她引导着，\\n不断揉捏着可爱的乳房。\\n仿佛要确认它们的触感和大小，我用手指不停地捏弄。"
    },
    {
        "message": "一开始我感到惊讶，但看来她是想让我确认她的成长情况。\\n似乎是想让我判断她是不是比上次更加丰满了。"
    },
    {
        "name": "ソヨゴ",
        "message": "「嗯……呼……因为和团长大人做了些色色的事情……嗯嗯\\n我觉得，或许稍微有点成长了吧……至少我这么认为……」"
    },
    {
        "message": "她自己感觉到了自己的成长。\\n实际上，如果能冷静地判断的话，也许这就是事实。"
    },
    {
        "message": "但是自从刚才开始就感到兴奋，头脑已经不太灵光。\\n我的阴茎不断膨胀着，却传达不出对乳房增长的肯定之词。"
    },
    {
        "name": "ソヨゴ",
        "message": "「真、真的吗……？\\n嘿嘿……有团长帮忙真是太好了……」"
    },
    {
        "name": "ソヨゴ",
        "message": "「谢谢……摸摸我的胸部，弄得好满足……\\n接下来，该轮到我了吧……团长的那个，\\n我来处理一下……对吧……」"
    },
    {
        "message": "在具柄冬青的引导下躺下后，\\n她立刻跨坐在我身上，将阴道对准了我的勃起。"
    },
    {
        "name": "ソヨゴ",
        "message": "「啊呜……已经这么热了……\\n你因为我的胸部而这样……\\n我好高兴……啊呜呜……」"
    },
    {
        "message": "具柄冬青慢慢调整角度，缓慢地吞没着我的勃起。\\n她被爱抚着胸部，似乎已经做好了准备。\\n从阴道内的湿润中，我感受到了她的兴奋。"
    },
    {
        "name": "ソヨゴ",
        "message": "「果然这个，好大啊……嗯嗯……\\n满满的……用龟头撑开了阴道口……啊啊啊……」"
    },
    {
        "name": "ソヨゴ",
        "message": "「嗯嗯……因为我会全部都……接纳进来的……\\n松开腰部的力气，一下子……唰地一声！啊啊啊啊！」"
    },
    {
        "message": "正如具柄冬青所说，勃起的阴茎完全插入了她体内。\\n插入时产生的甜蜜刺激从腰部传遍全身。"
    },
    {
        "name": "ソヨゴ",
        "message": "「团长的大家伙，全部都进去了……\\n肉棒在里面感受着时……总觉得很安心呢……」"
    },
    {
        "name": "ソヨゴ",
        "message": "「这样下去……团长的形状，我好像记住了……」"
    },
    {
        "message": "被甜蜜刺激震颤的具柄冬青也是一样。\\n她享受着快感，脸颊泛起幸福的微笑。"
    },
    {
        "message": "具柄冬青将自己的手放在下腹部，\\n仿佛在确认阴茎的形状一般轻抚着。\\n这一幕让我兴奋不已，勃起也跳动着回应着。"
    },
    {
        "name": "ソヨゴ",
        "message": "「嗯呜……肉棒，精神饱满地跳动着……\\n你这么喜欢我的阴道吗……」"
    },
    {
        "name": "ソヨゴ",
        "message": "「团长对我感到高兴……这么想的话……\\n我就会变得更加淫荡了呢……」"
    },
    {
        "name": "ソヨゴ",
        "message": "「为了让你感受到更多快感……\\n我会用阴道来回擦拭……\\n团长就保持这个姿势不要动……嗯嗯……」"
    },
    {
        "message": "我和她说话后，具柄冬青立刻开始扭动起腰部。\\n她笨拙地努力着进行奉仕。"
    },
    {
        "name": "ソヨゴ",
        "message": "「嗯呜……啊啊……嗯嗯……\\n自己动腰部……好难啊……但是……\\n为了让你感受到快感，我会努力的……」"
    },
    {
        "name": "ソヨゴ",
        "message": "「肉棒，摩擦得更多一些……啊呜……嗯啊啊……\\n最后，用阴道来服侍你到底……」"
    },
    {
        "message": "具柄冬青慢慢地摇动着腰部，不断摩擦着阴茎。\\n被温暖的阴道包裹着，黏膜的摩擦感觉非常舒适。"
    },
    {
        "name": "ソヨゴ",
        "message": "「啊呜，嗯嗯……团长……\\n我，能让你感受到快乐吗……？」"
    },
    {
        "message": "对她似乎有些担心自己是否能带来快感，我当然回答说可以。\\n然后请求她继续这样下去。"
    },
    {
        "name": "ソヨゴ",
        "message": "「好的……嗯呜……啊呜……\\n那么，我会更努力让肉棒……感受到快感的……」"
    },
    {
        "name": "ソヨゴ",
        "message": "「同时，我一边紧紧地夹住阴茎……啊呜……啊啊……\\n一边努力地摩擦着团长的大肉棒……」"
    },
    {
        "message": "随即，愉悦的收缩传达到肉棒上。\\n在不规则地收缩的阴道黏膜中，阴茎不断地被摩擦着。"
    },
    {
        "message": "不熟练的腰部动作恰好像是故意刺激一样，\\n提升了我的兴奋和快感。"
    },
    {
        "name": "ソヨゴ",
        "message": "「团长……看起来很舒服呢……啊啊……嗯嗯……\\n我会更加紧紧地夹住你……啊呜呜呜……！」"
    },
    {
        "name": "ソヨゴ",
        "message": "「就这样……一边紧紧地夹住阴茎……\\n一边不停地摩擦着……这样做，你感觉舒服吗……？」"
    },
    {
        "message": "观察着这边，具柄冬青继续服务着。\\n因为性行为经验浅薄而大意了，\\n但她却偶然地准确地传递刺激。"
    },
    {
        "name": "ソヨゴ",
        "message": "「嗯呜……肉棒，好有活力呢……啊……啊啊……\\n在肚子里不停地跳动着……\\n好可爱啊……嗯嗯」"
    },
    {
        "name": "ソヨゴ",
        "message": "「哈啊……嗯啊……啊啊啊……\\n我，感到很开心……阴道变得湿湿的了……」"
    },
    {
        "message": "在充满热量的阴道服务下，愉快的快感在全身蔓延。\\n仿佛被甜美的刺激引导着，射精的欲望膨胀了起来。"
    },
    {
        "name": "ソヨゴ",
        "message": "「团长……想更舒服吧……？\\n就算不用仔细观察表情，也能感觉到吧……\\n已经变得很淫荡了呢……」"
    },
    {
        "name": "ソヨゴ",
        "message": "「我，也想要让肉棒变得更舒服……\\n团长，请确认一下成年后的阴道……\\n我到底成长了多少呢……可以确认一下吗……？」"
    },
    {
        "message": "我也想请求她，期望她热情的腰部动作。"
    },
    {
        "name": "ソヨゴ",
        "message": "「啊呜呜……团长能请求我真是太开心了呜呜……\\n直到从肉棒里喷出热烈的液体为止……\\n我会努力的呜呜」"
    },
    {
        "message": "渐渐习惯了摇动腰部的具柄冬青，\\n一边注视着这边，身体前后左右地摆动着。"
    },
    {
        "name": "ソヨゴ",
        "message": "「啊啊……嗯呜呜……嗯嗯嗯……！\\n用湿漉漉的阴道，摩擦着硬硬的……！\\n嗯啊啊、啊啊、嗯嗯……！」"
    },
    {
        "name": "ソヨゴ",
        "message": "「对着肉棒，尽情地侍奉……\\n直到喷涌而出……我会不停地动着，\\n直到满足为止……」"
    },
    {
        "message": "紧绷的阴茎受到剧烈的刺激，被引导到极限。\\n在任何时候都可能爆发的状态下，沉浸在快感之中。"
    },
    {
        "name": "ソヨゴ",
        "message": "「团长……肉棒，已经无法忍耐了吧……啊啊啊！\\n我也……一起，感受到快感……呜呜呜！」"
    },
    {
        "name": "ソヨゴ",
        "message": "「作为你感受到的证明，请射在里面……！\\n热烈浓稠的精液，喷射出来……\\n请射在已经成熟的我的阴道里……！」"
    },
    {
        "name": "ソヨゴ",
        "message": "「我也，已经快要了……\\n身体，变得颤颤巍巍的了……呜呜！」"
    },
    {
        "name": "ソヨゴ",
        "message": "「因为太舒服了啊啊啊……！\\n呜呜、啊啊啊、呜呜呜呜呜呜！！」"
    },
    {
        "name": "ソヨゴ",
        "message": "「啊啊啊……啊啊啊、嗯嗯嗯嗯……！\\n身体，不停地颤抖着，停不下来……呜呜呜」"
    },
    {
        "message": "与射精同时迎来了高潮的具柄冬青。\\n小巧的身体扭曲着，一次又一次地痉挛着。"
    },
    {
        "name": "ソヨゴ",
        "message": "「嗯啊……啊啊……肚子里好热……\\n能和团长一起感觉舒服，我好开心……\\n啊，嗯……」"
    },
    {
        "name": "ソヨゴ",
        "message": "「鸡巴，让我感受很多的证据……涌出好多……啊\\n从里面慢慢地……热量扩散开来了……\\n身体，像是被团长包裹着一样……好幸福……」"
    },
    {
        "message": "具柄冬青用甜美的声音，确认着阴道内注入的热量。\\n能够为这边服务，她似乎非常高兴。"
    },
    {
        "name": "ソヨゴ",
        "message": "「我……以后也要不断成长……\\n要让团长更开心地享受色色的事情……」"
    },
    {
        "message": "在愉悦的余韵中说出。\\n感受到具柄冬青的温柔，我对她说了声谢谢。"
    }
]