[
    {
        "name": "ポインセチア",
        "message": "「嗯咕……嗯嗯咕……」"
    },
    {
        "message": "龟头正好镶嵌在紧闭的秘裂中。\\n圣诞红的身体因此剧烈地颤抖着。"
    },
    {
        "message": "对这种反应，腰部的动作停了下来。\\n再也无法插入更深了。"
    },
    {
        "name": "ポインセチア",
        "message": "「诶嘿嘿……果然，嗯……已经变得很大了呢……\\n嗯，但是……」"
    },
    {
        "message": "圣诞红露出了疑惑的表情。\\n视线几乎全都朝着赤裸的鸡巴。"
    },
    {
        "name": "ポインセチア",
        "message": "「为什么鸡巴要停下来呢……？\\n还没……嗯，只有龟头而已……啊，难道说……」"
    },
    {
        "message": "敏锐的她立刻察觉到了。\\n然而，得到的回答却出乎意料。"
    },
    {
        "name": "ポインセチア",
        "message": "「不用在意我哦？\\n想和团长做爱什么的……诶嘿嘿，我撒娇了呢」"
    },
    {
        "name": "ポインセチア",
        "message": "「因为团长的鸡巴，\\n变得好大呀～」"
    },
    {
        "message": "是的。\\n被发现勃起的不测结果，\\n导致了这样的事情。"
    },
    {
        "name": "ポインセチア",
        "message": "「嘿，团长，你想要做什么呢？\\n说实话？撒谎可不行哦？」"
    },
    {
        "message": "被这纯粹的问题刺激起欲望。\\n但是，这样继续下去肯定不好。"
    },
    {
        "name": "ポインセチア",
        "message": "「是因为我的小穴还像个孩子吗？\\n所以，大人的鸡巴就插不进来了吗？」"
    },
    {
        "message": "对于这毫不羞愧的直率问题，我点了点头。\\n为了进行这个行为，必须做好准备。"
    },
    {
        "message": "我将目光投向圣诞红的下体。\\n虽然她那小小的阴道似乎只能容纳龟头……那么。"
    },
    {
        "name": "ポインセチア",
        "message": "「嗯，你想摸摸我的小穴吗……？\\n那么……像这样……」"
    },
    {
        "name": "ポインセチア",
        "message": "「这样做……嗯，小穴很容易被摸到呢？\\n嘿嘿，团长……请吧？」"
    },
    {
        "message": "尽管感到秘部的异物感而痛苦不堪，\\n圣诞红还是将她的秘部展现给了我。"
    },
    {
        "message": "在她的好意下，我伸出手指，向她幼小的阴道伸去。"
    },
    {
        "name": "ポインセチア",
        "message": "「啊，团长的手指好温暖呀～\\n被触摸的时候，肚子里面就会有一种酥酥麻麻的感觉……」"
    },
    {
        "name": "ポインセチア",
        "message": "「好像……在变得湿润，感觉到了……\\n呜，我的小穴，到底怎么了呢……？」"
    },
    {
        "message": "继续爱抚了一会儿，龟头上触碰到了一些黏糊糊的东西。\\n与此同时，原本紧绷的肉体也渐渐放松了下来。"
    },
    {
        "message": "现在或许可以再深入一点了。\\n想象着狭窄阴道内的感触，不经意间发出了声音。"
    },
    {
        "name": "ポインセチア",
        "message": "「团长……？ 发生、什么事了……？\\n看着小穴的眼神，怎么、有点害怕的样子……？」"
    },
    {
        "message": "听到她充满不安的话语，我陡然清醒过来。\\n让她感到害怕，我感到很愧疚。"
    },
    {
        "message": "慢慢地，不要着急。\\n为了让圣诞红安心下来，继续稍微进行爱抚应该是个不错的选择。"
    },
    {
        "name": "ポインセチア",
        "message": "「团长？……嗯！？ 那里……好敏感……啊！\\n肚子里、有点痉挛……你、摸到哪里了？」"
    },
    {
        "message": "刺激着让圣诞红皱起了眉头，\\n我告诉她刚刚触碰的地方的名字。"
    },
    {
        "name": "ポインセチア",
        "message": "「阴蒂、克丽托……？ 原来是叫阴蒂啊～\\n嗯……嘿嘿……有点、有点舒服呢，对吧？」"
    },
    {
        "name": "ポインセチア",
        "message": "「嗯，果然……好舒服……喜欢……！\\n阴蒂、克丽托……被团长挠痒痒，我、好喜欢啊！」"
    },
    {
        "message": "挠弄着露出头来的阴蒂，\\n甚至在微小的缝隙中插入并移动手指。"
    },
    {
        "message": "通过细致的爱抚，小小的裂缝仿佛正在攀登成为成年人的阶梯。"
    },
    {
        "message": "隐藏在阴唇中的龟头已经被爱液打湿，\\n甚至能感受到阴道肌肉的蠕动。"
    },
    {
        "name": "ポインセチア",
        "message": "「哈、哈、团长……\\n我的、小穴，变得怎么样了？」"
    },
    {
        "message": "准备已经就绪。\\n说实话，我也已经按耐不住了。"
    },
    {
        "name": "ポインセチア",
        "message": "「团长……嗯……不用烦恼，可以的哦？」"
    },
    {
        "message": "似乎察觉到了我的心情，\\n眼前的少女微微一笑。"
    },
    {
        "name": "ポインセチア",
        "message": "「我向你要求做爱了\\n团长……不用在意我……」"
    },
    {
        "name": "ポインセチア",
        "message": "「因为团长的关系，我的孩子小穴，\\n肯定已经长大了吧……」"
    },
    {
        "name": "ポインセチア",
        "message": "「所以……关于我……团长可以随意吗？」"
    },
    {
        "message": "紧接着，脑海中传来了线断裂的声音。"
    },
    {
        "name": "ポインセチア",
        "message": "「啊、嗯嗯嗯嗯嗯嗯！\\n啊呜，肉棒进来了……！」"
    },
    {
        "message": "牢牢固定住圣诞红的腰，\\n肉棒一下子送入最深处。"
    },
    {
        "message": "原本顽固的抵抗早已不复存在。\\n甚至最后的抵抗也被缓缓接受了。"
    },
    {
        "name": "ポインセチア",
        "message": "「看、看吧……我说的没错吧……嗯\\n我、已经不是孩子小穴了，对吧？」"
    },
    {
        "name": "ポインセチア",
        "message": "「团长的，嗯，大鸡巴……\\n我好好地含住了……！」"
    },
    {
        "name": "ポインセチア",
        "message": "「所、以……可以，摩擦得更多、更多吗？\\n用成年人的鸡巴，在小穴里，可以吗？」"
    },
    {
        "message": "受到从小小的嘴唇发出的许可的话语的推动，\\n欲望驱使下品尝着幼小身体。"
    },
    {
        "name": "ポインセチア",
        "message": "「啊，嗯嗯呜！ 鸡巴好厉害……！\\n我的，里面……已经满满的了！」"
    },
    {
        "message": "阴道内的快感超乎预期。"
    },
    {
        "message": "虽然狭窄但松弛的褶皱活跃地蠕动着，\\n温柔地舔舐着侵入的肉棒。"
    },
    {
        "name": "ポインセチア",
        "message": "「嗯，深处，顶顶地……嗯，感觉，好舒服……！\\n啊啊啊！ 鸡巴好舒服啊！」"
    },
    {
        "message": "浅浅的阴道很快就到达了深处。\\n每一次，小小身体都沐浴在快感之中。"
    },
    {
        "name": "ポインセチア",
        "message": "「啊，啊，嗯啊啊啊！\\n呼呼，嗯啊啊……团长，请更加享受吧……！」"
    },
    {
        "name": "ポインセチア",
        "message": "「我的，身体，团长的东西，所以……！\\n小穴虽然小，但我会努力的……！」"
    },
    {
        "message": "一个完全被囊括在胸前的少女，\\n竭力地呼喊着。"
    },
    {
        "message": "这个事实本身就是最令人兴奋的材料。\\n无限地为欲望之火添油加醋。"
    },
    {
        "name": "ポインセチア",
        "message": "「嗯呜，哈啊……鸡巴，在颤抖……！\\n嘿嘿，我也……知道这个哦？」"
    },
    {
        "name": "ポインセチア",
        "message": "「鸡巴感觉舒服就会射出来……嗯呜，精液……！\\n虽然小小的小穴，也能感觉舒服呢……！」"
    },
    {
        "message": "圣诞红露出笑容。\\n她的阴道也开始急剧收缩。"
    },
    {
        "name": "ポインセチア",
        "message": "「哈啊，嗯……我也好像要……！\\n嘿嘿……和团长一起吧？」"
    },
    {
        "message": "膨胀的快感进入倒计时。\\n决不错过时机，用肉棒缝合着她娇小的身体。"
    },
    {
        "name": "ポインセチア",
        "message": "「哈，团长……我，嗯……要来了……！\\n快、要、来、了……！」"
    },
    {
        "name": "ポインセチア",
        "message": "「啊、啊、嗯啊啊啊！\\n哈、哈呜呜呜啊啊啊啊啊！」"
    },
    {
        "name": "ポインセチア",
        "message": "「咕噜噜噜噜……！\\n嗯，哈啊，哈啊……啊呜呜呜……」"
    },
    {
        "message": "将所有积蓄的一切都倾注进痉挛的圣诞红体内。"
    },
    {
        "name": "ポインセチア",
        "message": "「哈、嗯啊……好、好热哦……\\n团长的精液，好像，要灼伤我一样……」"
    },
    {
        "message": "在射精的冲击下，圣诞红闭上了眼睛忍耐着。"
    },
    {
        "message": "没能完全进入连接处的精液滴落下来。\\n这样的景象让我意识回到了现实。"
    },
    {
        "message": "虽然她原谅了我，\\n但对圣诞红来说还是有些勉强。"
    },
    {
        "message": "如果欧洲冬青知道了这件事，\\n恐怕不会就此罢休。"
    },
    {
        "name": "ポインセチア",
        "message": "「嘿嘿……没关系的，因为……！」"
    },
    {
        "message": "尽管已经达到了极致，\\n圣诞红还坚强地鼓励着我。"
    },
    {
        "name": "ポインセチア",
        "message": "「嘿嘿……好了好了\\n我会好好告诉\\n欧洲冬青酱的，团长不用害怕的哦？」"
    },
    {
        "message": "被她温暖的笑容所包围，让我松了口气。"
    },
    {
        "message": "最终，\\n我一直都被圣诞红宠着。"
    }
]