[
    {
        "name": "ハツユキソウ",
        "message": "「团长……最近我觉得自己不太容易被周围的氛围左右了，你觉得呢？」"
    },
    {
        "message": "银边翠面带微笑地向我慢慢靠近。\\n仔细想想，好像是这样呢。"
    },
    {
        "message": "她以前总是只顾着看别人的脸色，\\n但最近却变得更多地凭自己的意志行动起来了。"
    },
    {
        "name": "ハツユキソウ",
        "message": "「诶嘿嘿！夸夸我吧，团长！\\n我已经不是那种会被氛围左右的女孩了！」"
    },
    {
        "message": "她蹦跳着扑到我怀里。\\n那大概是几乎无意识的举动吧。\\n我抱住她，银边翠突然脸红了起来。"
    },
    {
        "name": "ハツユキソウ",
        "message": "「啊呜……团、团长……对、对不起，刚才太放肆了吗？\\n……诶嘿……那个……」"
    },
    {
        "message": "一边道歉，银边翠却并不打算离开我的怀抱。\\n相反，她的柔软身体贴得更紧了。"
    },
    {
        "name": "ハツユキソウ",
        "message": "「那个……团长……再更近一点……可以吗？」"
    },
    {
        "name": "ハツユキソウ",
        "message": "「嗯嗯嗯……！啊啊啊、进、进去了……嗯嗯！」"
    },
    {
        "message": "银边翠突出了屁股。\\n当把阴茎的顶端对准暴露出来的秘处时，她向前挺起了腰部。"
    },
    {
        "message": "那个地方已经湿漉漉的。\\n这样的话，就算现在插入阴茎也不会有疼痛了吧。"
    },
    {
        "name": "ハツユキソウ",
        "message": "「啊呜呜……嗯嗯，团长的鸡巴好大\\n在我里面……嗯嗯，好满……啊呜呜……」"
    },
    {
        "message": "银边翠的阴道紧紧地收缩着，刺激着阴茎。\\n受到这样的刺激，不由得呻吟出声，身体也不自觉地做出反应。"
    },
    {
        "name": "ハツユキソウ",
        "message": "「团长？ 嗯嗯，感觉舒服吗？\\n可以随时……嗯，啊呀！？」"
    },
    {
        "message": "没有听完银边翠的话，\\n伸手摸向眼前可爱的臀部。"
    },
    {
        "name": "ハツユキソウ",
        "message": "「团长……嗯嗯，屁股……嗯嗯，想摸吗？\\n嗯嗯，如果团长想摸的话……可以哦？」"
    },
    {
        "message": "说着，银边翠更加挺出了屁股。\\n手指在她水润有弹性的皮肤上滑动着。"
    },
    {
        "name": "ハツユキソウ",
        "message": "「啊呜呜……啊呀……嗯嗯……团长，摸得好淫荡\\n嗯嗯……身体、一阵颤抖……啊啊啊……」"
    },
    {
        "message": "银边翠每次身体动一下，屁股都可爱地摇晃着。\\n能看到这样的姿势，能触摸这柔软的屁股，\\n我一个人觉得渐渐地兴奋起来。"
    },
    {
        "name": "ハツユキソウ",
        "message": "「嗯嗯，团长？ 有、有什么事吗？」"
    },
    {
        "message": "在这时，我突然想起了。\\n刚才银边翠说过\\n她已不再是那种会被氛围左右的女孩。"
    },
    {
        "message": "虽然正在进行的行为看起来也像是被氛围左右，但真的如此吗？"
    },
    {
        "name": "ハツユキソウ",
        "message": "「唔唔……或许，是这样吧……」"
    },
    {
        "name": "ハツユキソウ",
        "message": "「但但是，和团长做那种事……我、我忍不住！\\n这一点，我会被氛围左右的！」"
    },
    {
        "name": "ハツユキソウ",
        "message": "「而且……和团长做那种事，是我……\\n所期望的事情……」"
    },
    {
        "message": "听到她可爱的发言，我的阴茎不由自主地颤动了一下。"
    },
    {
        "name": "ハツユキソウ",
        "message": "「嗯嗯……呵呵，团长也……期望着我吗？\\n渴望着我吗？」"
    },
    {
        "message": "当然，我回答着，用力地扭动着腰部。\\n那个地方仿佛一直在期待着那种刺激，紧紧地收缩着我的阴茎。"
    },
    {
        "name": "ハツユキソウ",
        "message": "「啊啊……嗯嗯……团长大人……？ 嗯嗯，好高兴……\\n团长大人……嗯嗯，啊，你对我……嗯\\n这么渴望着我……嗯嗯……！！」"
    },
    {
        "name": "ハツユキソウ",
        "message": "「被团长大人渴望着，我……啊啊！\\n嗯嗯，好高兴……啊啊……！」"
    },
    {
        "message": "阴道紧紧地收缩着勃起的肉棒。"
    },
    {
        "name": "ハツユキソウ",
        "message": "「哈啊……嗯嗯！！ 团长，快点！ 嗯嗯！！\\n想要更多……！ 我随时都可以，随时都可以！」"
    },
    {
        "name": "ハツユキソウ",
        "message": "「团长大人想要的时候……随时都可以使用我的这里……嗯嗯，我的小穴，\\n都可以使用的！」"
    },
    {
        "name": "ハツユキソウ",
        "message": "「我的身体，全部全部都是团长大人的专属……！ 嗯嗯……！\\n所以，请，请啊……呜呜呜！ 给我更多，更多……！\\n请在我体内射满满的精液吧……！！」"
    },
    {
        "message": "淫荡的话语让射精的感觉迅速升高。\\n不知不觉间腰部的动作变得更加有力、迅速。\\n肌肤相互碰撞发出干燥的声音也变得更快，仿佛在模糊地传达着行为的激烈程度。"
    },
    {
        "name": "ハツユキソウ",
        "message": "「嗯嗯啊啊啊啊……！ 啊啊，嗯嗯，嗯嗯……！！\\n团、团长大人……啊啊啊、好厉害、肉棒、感觉到了……！\\n团长大人的肉棒、好舒服呢！ 啊、啊啊！！」"
    },
    {
        "name": "ハツユキソウ",
        "message": "「好疼……啊啊，好激烈，啊啊！！\\n团长大人，好棒……啊啊，喜欢！！」"
    },
    {
        "message": "阴道紧紧收缩。\\n受到刺激，阴茎强烈跳动，进一步膨胀。"
    },
    {
        "name": "ハツユキソウ",
        "message": "「嗯嗯……啊啊！！\\n团长大人的，啊……又变得更大了……啊啊，膨胀起来了……！！」"
    },
    {
        "name": "ハツユキソウ",
        "message": "「啊啊，要射了吗？ 嗯嗯，精子……啊啊，要出来了……！\\n嗯嗯……呼啊，好的……啊，射出来吧，请……！」"
    },
    {
        "message": "银边翠喘着气，流露出期待的神情。"
    },
    {
        "name": "ハツユキソウ",
        "message": "「我的小穴……团长大人专用的小穴\\n热乎乎的精子满满地射进来吧……！」"
    },
    {
        "name": "ハツユキソウ",
        "message": "「团长大人的精子，注满我的子宫里……！！」"
    },
    {
        "message": "听着银边翠淫荡的话语，用力向前顶了过去。"
    },
    {
        "name": "ハツユキソウ",
        "message": "「呼啊……啊啊，团长大人，喜欢……！\\n啊啊，喜欢，非常喜欢……啊啊，呼呼啊啊！！！！！」"
    },
    {
        "name": "ハツユキソウ",
        "message": "「啊啊……嗯嗯……！！！！！！！！！」"
    },
    {
        "message": "银边翠发出异常大的喘息声。\\n与此同时，达到极限，精液从阴道口慢慢流出。"
    },
    {
        "name": "ハツユキソウ",
        "message": "「呼啊啊……啊啊……嗯嗯……出来了……\\n团长先生的精子……嗯，注满了小穴……呼啊啊……」"
    },
    {
        "message": "银边翠喘着热气，身体颤抖着。"
    },
    {
        "name": "ハツユキソウ",
        "message": "「呜啊啊，好厉害，还在流出来呢……！\\n哗哗地……呵呵，请全部射出来吧」"
    },
    {
        "name": "ハツユキソウ",
        "message": "「把一切都射进来吧……全部都留在我体内……\\n嗯嗯，直到射精结束为止，我都会接纳的」"
    },
    {
        "message": "仿佛在促使射精一般，阴道内不断收缩。\\n就像要把所有的精液都挤出来一样。"
    },
    {
        "message": "终于长时间的射精结束了，留下的只有一种甜蜜而舒适的放松感\\n和愉悦的满足感。"
    },
    {
        "name": "ハツユキソウ",
        "message": "「嗯嗯……团长先生，感觉舒服吗？\\n我，非常非常地舒服」"
    },
    {
        "message": "这样说着，银边翠微笑着，\\n坐起身来拥抱了过来。\\n我也回应着，将她紧紧拥入怀中。"
    },
    {
        "name": "ハツユキソウ",
        "message": "「那个，团长大人……我，\\n好像是说过喜欢被长的东西包裹起来的类型吧？」"
    },
    {
        "message": "说起来，好像在什么时候自我介绍的时候提到过这样的事情。"
    },
    {
        "name": "ハツユキソウ",
        "message": "「那个，现在也没怎么变……\\n……那个，团长大人的话，我想要主动拥抱起来！」"
    },
    {
        "name": "ハツユキソウ",
        "message": "「诶嘿嘿，所以那个……\\n团长大人！ 今后也请多多关照！」"
    },
    {
        "message": "这样说着笑着的银边翠，我紧紧地拥抱着。\\n她的身体，微微地温暖着。"
    }
]