[
    {
        "name": "ホーリー",
        "message": "「嘿嘿，团长\\n今晚再拜托你了可以吗？ 嘿嘿」"
    },
    {
        "message": "欧洲冬青来到房间，突然说出这样的话。\\n我一头雾水，不知所云……。"
    },
    {
        "name": "ホーリー",
        "message": "「……抱歉！\\n突然被这样说，意思我也不明白啊」"
    },
    {
        "name": "ホーリー",
        "message": "「简单来说呢…… 嘿嘿♪\\n希望团长能负起责任呢～♪」"
    },
    {
        "message": "她盯着我的眼睛说道。\\n下一瞬间，她突然靠近了过来。"
    },
    {
        "name": "ホーリー",
        "message": "「从那天晚上开始，只要一想到团长\\n身体就变得不受控制地颤抖起来了」"
    },
    {
        "name": "ホーリー",
        "message": "「嘿嘿，所以呢～……\\n再来一次，做爱可以吗？ 这是我的意思……\\n怎么样？ 怎么样？」"
    },
    {
        "message": "欧洲冬青有些不安地说着，我不由得点了点头，\\n她的脸顿时明亮了起来。"
    },
    {
        "name": "ホーリー",
        "message": "「真的吗？ 嘿嘿，那太好了！\\n既然如此决定了…… 来，脱给我看看？」"
    },
    {
        "message": "欧洲冬青笑着张开双手诱人地向我走来。\\n我伸出手去应和她的动作，解开了她的衣服……。"
    },
    {
        "name": "ホーリー",
        "message": "「嘿嘿，那我就插进去了……嗯嗯……！」"
    },
    {
        "message": "我调整着勃起的角度，欧洲冬青的腰部下沉。\\n肉棒慢慢地被她湿润的淫穴吞没。"
    },
    {
        "name": "ホーリー",
        "message": "「嗯……呼……嗯嗯嗯呜呜呜……！\\n团长的鸡巴，好、硬……嗯哈啊！」"
    },
    {
        "message": "当欧洲冬青落在我的大腿上时，\\n我的鸡巴已经完全插入她湿润的肉穴中。"
    },
    {
        "name": "ホーリー",
        "message": "「啊，哈啊……嗯、好高兴……\\n能和心爱的团长再次合为一体……哈啊」"
    },
    {
        "message": "欧洲冬青俯视着连接处，情不自禁地说道。\\n她的阴道已经因期待而变得湿热而丰满。"
    },
    {
        "name": "ホーリー",
        "message": "「喂，怎么样……？\\n团长在我的阴道里，感觉舒服吗……？」"
    },
    {
        "message": "我的阳具完全包裹在她炽热的黏膜中，\\n被满是爱液的褶皱柔软地缠绕着，就像另一个生物一样。\\n在这种状态下，不可能不感到舒服。"
    },
    {
        "message": "我坦诚地传达了这一点，她安心地微笑着。"
    },
    {
        "name": "ホーリー",
        "message": "「真的？太好了～\\n只有我一个人感到舒服可是没意思的嘛」"
    },
    {
        "name": "ホーリー",
        "message": "「唉，我不想撒谎说像上次那样\\n性欲解决什么的我不喜欢，享受快感的时候要一起味道才对\\n团长，像上次那样对我好吗？嗯，呼」"
    },
    {
        "message": "欧洲冬青这样说着开始动了起来。\\n湿润的媚肉和勃起相互摩擦，下腹部因快感而刺痛。"
    },
    {
        "name": "ホーリー",
        "message": "「哈……啊……嗯……！\\n团长的鸡巴，好硬……啊，在里面摩擦着呢」"
    },
    {
        "name": "ホーリー",
        "message": "「你、你硬成这样……我、我会很高兴的\\n嗯，嗯，作为回报，让你更舒服一点好吗？啊，嗯」"
    },
    {
        "message": "她不断地上下挺动着腰部，阴茎的进出反复不已，\\n连接处传来淫荡的水声渐渐变大。"
    },
    {
        "name": "ホーリー",
        "message": "「哈……啊……嗯……！\\n喂，团长……听得见吗……？\\n我的湿漉漉的小穴里，鸡巴在摩擦着发出声音……呼」"
    },
    {
        "message": "她带着一种试探的笑容望向我。\\n她那淫靡的表情让我的心跳加速。"
    },
    {
        "message": "她不知怎的，上半身开始扭动得痛苦不堪。\\n问她怎么了……。"
    },
    {
        "name": "ホーリー",
        "message": "「啊……啊……嗯，那个……\\n总觉得……胸部……变得痛苦起来了……嗯」"
    },
    {
        "name": "ホーリー",
        "message": "「对、对不起……我、我已经无法忍耐了……啊啊啊！」"
    },
    {
        "message": "她把手放在自己的乳房上的瞬间，比以往更加尖锐的娇声响起。是因为刺激到了下半身和胸部两个性感带吗。"
    },
    {
        "name": "ホーリー",
        "message": "「啊！ 哈！ 啊！\\n胸部也，变得好敏感……哈！」"
    },
    {
        "name": "ホーリー",
        "message": "「不、不行……我，已经……！\\n腰也，手也太舒服了……啊，停不下来了……！」"
    },
    {
        "message": "她粗鲁地揉捏着乳房，从指缝间挤出的乳头被夹住并拉扯，全身轻微颤抖。"
    },
    {
        "message": "与此同时腰部不停地运动着，在沸腾般炽热的阴道内淫荡地刺激着勃起。"
    },
    {
        "name": "ホーリー",
        "message": "「啊……嗯……呼……哈……！\\n我身体，变得好淫荡了……！」"
    },
    {
        "name": "ホーリー",
        "message": "「哦、小穴……里面越来越热……啊啊！\\n那淫秽的汁液，已经像洪水一样了！」"
    },
    {
        "message": "她妖娆的肉体带来的强烈性感，\\n让我的视线逐渐模糊，仿佛被热浪所吞没。"
    },
    {
        "name": "ホーリー",
        "message": "「哈……团长……团长……我喜欢你……！\\n不仅是身体……连心底都是温暖的……」"
    },
    {
        "name": "ホーリー",
        "message": "「一、一直这样下去……\\n啊……嗯……呼……哈啊……！」"
    },
    {
        "message": "我也有同样的感觉。\\n我对她低语着爱的言辞，\\n她瞬间睁大了水汪汪的眼睛。"
    },
    {
        "name": "ホーリー",
        "message": "「不、不可能……团长也、也喜欢我吗……？\\n这样的……幸福竟然存在……啊啊，哈啊……！」"
    },
    {
        "name": "ホーリー",
        "message": "「哈啊……啊，已经……不、不行了……！\\n太高兴了……身体好像要变得奇怪起来了……啊啊啊啊！」"
    },
    {
        "message": "似乎是对我的话产生了反应，阴道剧烈地颤动着。\\n这成为了导致阴茎根部产生了临界前的灼热刺激。"
    },
    {
        "name": "ホーリー",
        "message": "「哈啊……啊，团长也……已经忍不住要射出来了？\\n要往我里面射满满的白色东西吗？」"
    },
    {
        "name": "ホーリー",
        "message": "「好的……射出来……！\\n全部都射进我的小穴里……啊啊！」"
    },
    {
        "message": "她一边说着，一边加快了腰部的动作，\\n仿佛要把我推向射精的边缘。"
    },
    {
        "name": "ホーリー",
        "message": "「哈……哈……团长……我喜欢你……非常喜欢……！\\n最后……在我的小穴里，感受快感……呀啊！？」"
    },
    {
        "message": "为了让她一口气达到高潮，我用力向上顶了一下腰部，\\n她发出了像是悲鸣般的声音。"
    },
    {
        "name": "ホーリー",
        "message": "「啊、嗯、嘿……！\\n小穴深处被如此猛烈地顶击着……！\\n不、不行了……啊，我也要、要高潮了……！」"
    },
    {
        "message": "对于已经到达极限的她来说，\\n从下面的顶击成为了最后的刺激。\\n浓稠的甜蜜从阴道深处滴落，使大腿变得湿热。"
    },
    {
        "message": "最后我用更大力气向上顶了一下腰部，\\n她的身体一瞬间离开床面，上半身紧绷。"
    },
    {
        "name": "ホーリー",
        "message": "「啊、不、不行了……我要高潮了……！\\n啊、小穴要高潮了……啊啊！」"
    },
    {
        "name": "ホーリー",
        "message": "「啊、哈啊啊啊啊啊啊啊啊啊啊……！\\n肉棒在里面……喷射着浓稠的液体……！」"
    },
    {
        "message": "阴茎在她的阴道内剧烈跳动，射出大量精液。\\n欧洲冬青发出极致的喘息声，与此同时阴道粘膜大幅收缩。"
    },
    {
        "name": "ホーリー",
        "message": "「啊……团长的精液……\\n这么多……都射进来了……啊」"
    },
    {
        "message": "我多次向上顶击，仿佛要将所有的东西都挤压出来。\\n每一次，她的阴道都会收紧，吸取着阴茎上残留的精液。"
    },
    {
        "message": "最终将所有都释放出来后，\\n我向欧洲冬青表达了感谢之情，并说这是最舒服的体验。"
    },
    {
        "name": "ホーリー",
        "message": "「啊……太好了……团长……满足了吗……」"
    },
    {
        "name": "ホーリー",
        "message": "「只要这样，我就已经很幸福了……\\n在遇见团长之前，从未有过这种感觉……\\n团长」"
    },
    {
        "message": "欧洲冬青凝视着我，清晰地开口说道。"
    },
    {
        "name": "ホーリー",
        "message": "「我呢，全部都喜欢团长……从心底里，爱着你」"
    },
    {
        "message": "她说这番话完全没有以往那种算计的色彩，显然是发自内心的……。"
    }
]