[
    {
        "name": "ソヨゴ",
        "message": "「喜、听说如果得到喜欢的人的帮助，身体就能成长……」"
    },
    {
        "name": "ソヨゴ",
        "message": "「所以……那个……\\n我想请团长帮忙……\\n拜托了……！」"
    },
    {
        "message": "紧张地请求协助并深深地低下头的具柄冬青。我决定先详细询问一下。"
    },
    {
        "name": "ソヨゴ",
        "message": "「成为花骑士后身高没有增长……\\n胸部也没有变大一直很苦恼」"
    },
    {
        "name": "ソヨゴ",
        "message": "「但是听说和男人做那种事情……让别人摸身体的话，\\n就能变得更成熟……但是，不是随便找谁都可以……\\n所以，那个……再次拜托了，团长！」"
    },
    {
        "message": "对她来说是个重要的问题。被她仰视着请求，我无法拒绝。虽然不知道效果如何，但我答应尽力协助。"
    },
    {
        "name": "ソヨゴ",
        "message": "「啊……团长的，好大了……\\n热热的贴着下面……啊、嗯嗯……」"
    },
    {
        "message": "看着充血肿胀的阴茎而感到惊讶的具柄冬青。慢慢地填满了她狭窄的阴道，\\n与她娇小的身体相称，慢慢地进入了狭窄的阴道。"
    },
    {
        "name": "ソヨゴ",
        "message": "「好大的东西进来了……啊呜呜……\\n变成团长的形状……撑得好大啊……」"
    },
    {
        "name": "ソヨゴ",
        "message": "「还只有一半，肚子已经涨得满满的……\\n嗯嗯，啊啊……」"
    },
    {
        "message": "被强行扩张的阴道粘膜让具柄冬青露出了痛苦的表情。\\n如果再往前进行，她应该会感受到更多的疼痛。\\n如果无法忍受，可以考虑另行安排。"
    },
    {
        "name": "ソヨゴ",
        "message": "「没、没关系……\\n请把团长的全部都放进来……\\n不这样的话……我就永远长不大了……」"
    },
    {
        "name": "ソヨゴ",
        "message": "「热热的、大大的，插进最深处……\\n希望你能让我变成大人……」"
    },
    {
        "message": "具柄冬青拼命忍受着焦虑和疼痛。我决定尊重她的意愿。"
    },
    {
        "message": "在告诫她不要勉强自己之后，\\n第一次贯穿了处女膜。"
    },
    {
        "name": "ソヨゴ",
        "message": "「啊呜、嗯咕……肚子里面，顶着……嗯嗯\\n硬硬的东西在碰撞着……啊呜、嗯咕……」"
    },
    {
        "message": "承受着与她体型不相称的巨大阴茎，\\n具柄冬青肯定感到非常痛苦。为了减轻处女膜破裂带来的疼痛，我对她说了些安慰的话。"
    },
    {
        "name": "ソヨゴ",
        "message": "「哈、哈……团长的声音，让我感到安心……\\n可以在这段时间里……\\n直呼我的名字吗……？」"
    },
    {
        "message": "疼痛缓解之前，我一边抚摸着具柄冬青的头，一边不断地安慰她。她似乎很喜欢这样，渐渐地表情变得平静了起来。"
    },
    {
        "name": "ソヨゴ",
        "message": "「那个……团长先生的大家伙，如果一直不动的话会很难受吧……？我已经没事了……请让我作为成年人的感谢……来做吧」"
    },
    {
        "message": "初次破处的疼痛似乎稍微缓解了。具柄冬青说希望我也能感受到快感，作为她帮助我的回报。我接受了她温柔的心意，轻柔地在我们彼此之间进行着抽送，希望能够共同感受快感。"
    },
    {
        "name": "ソヨゴ",
        "message": "「啊……啊……嗯……团长先生的动作，我能感觉到……温柔地在我的腹部里进进出出……啊……嗯嗯……」"
    },
    {
        "name": "ソヨゴ",
        "message": "「各种地方都在摩擦着……啊啊……这种刺痛，还有一种刺痛和麻木感一起涌上来了……啊呜呜……」"
    },
    {
        "message": "虽然通过轻柔的抽送开始有些刺激，但似乎还是有些疼痛。为了从这种麻木中引出快感，我伸手触摸着那处正在成长的膨胀。"
    },
    {
        "name": "ソヨゴ",
        "message": "「嘿呀……嗯啊……胸部好紧……啊呜呜，团长先生用手在揉捏着我的胸部呢……嗯嗯……」"
    },
    {
        "name": "ソヨゴ",
        "message": "「被揉捏着胸部，胸部好刺痛……敏感部位越来越热了起来……」"
    },
    {
        "name": "ソヨゴ",
        "message": "「啊呜呜……啊呀，阴道里的疼痛慢慢减轻了起来……」"
    },
    {
        "message": "从开始爱抚乳房之后，阴道粘膜的紧张感开始缓解。\\n我用手指玩弄着可爱的突起，让它充分适应阴茎，来回多次进出。"
    },
    {
        "name": "ソヨゴ",
        "message": "「乳头被轻轻地……啊啊……！\\n身体变得异常地热……啊呜……啊啊……！」"
    },
    {
        "name": "ソヨゴ",
        "message": "「阴道发烫……胸部也变得非常敏感……嗯呀！\\n团长先生……我好像变得奇怪了……！」"
    },
    {
        "message": "具柄冬青开始真诚地感受到粘膜摩擦和爱抚的刺激。\\n由此，连接部位传来的摩擦感变得更加敏感，\\n我的兴奋也随之增加。"
    },
    {
        "name": "ソヨゴ",
        "message": "「被揉捏着阴道里发烫起来了……\\n变得更加强烈了……啊啊，嗯嗯\\n我……想要用团长先生更大的那个，来感受更多快感……」"
    },
    {
        "message": "具柄冬青在初次刺激下挣扎着，并用甜美的声音请求着。\\n看着她迷醉的表情，我的兴奋也愈发高涨。"
    },
    {
        "message": "连接部位的紧张感消失了，她也不再关心疼痛。\\n也就是说，按照具柄冬青的要求，加快腰部运动是没有问题的。"
    },
    {
        "message": "我将抽送速度加快，并从温柔细致的前后运动转变为热情的顶插运动。"
    },
    {
        "name": "ソヨゴ",
        "message": "「啊呀……嗯嗯……啊啊……！\\n肉棒，在阴道里肆虐着！ 呼，啊呜呜！\\n胸部也……想要被玩弄得更多一点……\\n哈呜，啊啊啊……！」"
    },
    {
        "name": "ソヨゴ",
        "message": "「为了变得更加成熟……呼，嗯嗯啊啊！\\n我想要在团长大人的爱抚下，一起感受愉悦！」"
    },
    {
        "message": "具柄冬青用甜美的声音恳求着。\\n我一直在顺应他的愿望，专心地活动着腰部，\\n并持续用热情的乳房爱抚和粘膜摩擦来爱抚她。"
    },
    {
        "name": "ソヨゴ",
        "message": "「啊呀……啊啊……嗯呜……啊啊啊……！\\n阴道深处被不断地……\\n呼啊……嗯嗯……啊啊啊……！」"
    },
    {
        "name": "ソヨゴ",
        "message": "「团长大人……\\n希望您能继续让阴道感到愉悦……！\\n胸部也，请像现在这样用力一点……\\n紧紧地握住……嗯呜！」"
    },
    {
        "message": "每次抽送都伴随着连接部位传来的水声。\\n热烈的粘液缠绕在滚烫的阴茎上，增加了摩擦的刺激。"
    },
    {
        "message": "每一次顶插都让我们的快感不断攀升。"
    },
    {
        "name": "ソヨゴ",
        "message": "「呜呜……啊啊，嗯嗯……呜呜！\\n团长大人……我的身体变得异常地热辣辣的……\\n呜呜……啊啊，啊啊啊！\\n好像要达到极限了呢……！」"
    },
    {
        "message": "具柄冬青感受到高潮即将来临，并在甜美的声音中表达着自己的渴望。\\n同时，为了共同达到高潮，我开始热情地爱抚她。"
    },
    {
        "name": "ソヨゴ",
        "message": "「啊啊啊……！ 运动，变得异常有力度……嗯啊啊！\\n我已经无法忍耐了呜呜呜！\\n团长大人的感觉……充满了我的整个身体……呜呜呜！」"
    },
    {
        "name": "ソヨゴ",
        "message": "「这样一起……团长先生的肉棒也会感到愉悦吧……\\n啊呜，嗯哈啊啊啊！」"
    },
    {
        "name": "ソヨゴ",
        "message": "「大人的肉棒要射出很多精液给我……！\\n嗯啊啊……呼啊啊啊，啊啊，啊啊……！ 啊呜呜呜呜呜！！」"
    },
    {
        "name": "ソヨゴ",
        "message": "「好厉害……\\n热热的东西喷射到阴道深处，嗯呜呜呜\\n满满地射进了我的肚子里……」"
    },
    {
        "name": "ソヨゴ",
        "message": "「啊啊啊啊……啊啊啊，\\n团长先生的喷射感觉好舒服……\\n身体……被幸福的感觉包裹着……嗯呜呜呜」"
    },
    {
        "message": "射精的同时，具柄冬青第一次达到了高潮。\\n她紧握着床单，全身用力，带着迷醉的表情接受着精液。"
    },
    {
        "name": "ソヨゴ",
        "message": "「这个……能和团长先生一起\\n感到愉悦，是吧……？」"
    },
    {
        "message": "她用温柔的口吻肯定着，并询问着这次的行为是否成为了她成长的契机。"
    },
    {
        "name": "ソヨゴ",
        "message": "「是的……肚子里变得很热，都松软下来了……\\n因为团长先生对我表示爱意……\\n我觉得自己一定成长了……」"
    },
    {
        "message": "轻抚着微笑着的具柄冬青，\\n我们彼此沉浸在高潮余韵中。"
    }
]