[
    {
        "name": "ハツユキソウ",
        "message": "「嘿嘿！这身打扮的我这么可爱吗！」"
    },
    {
        "message": "她一边拍打着衣服，一边笑了起来。看着她像是在欢快地跳跃般的银边翠，我当然点头。更想更想，看着她的样子。"
    },
    {
        "name": "ハツユキソウ",
        "message": "「嘿嘿……嗯？团长先生？」"
    },
    {
        "message": "轻声对她耳语，声音只有她能听见。虽然用的词汇毫不华丽，但希望她能到房间里来。"
    },
    {
        "name": "ハツユキソウ",
        "message": "「……唔唔唔……！啊—我知道了！知道了啦！被团长先生逼着我当然无法拒绝啦！」"
    },
    {
        "message": "脸涨得通红，银边翠若无其事地说道。不过，看起来并不是勉强说出这番话。"
    },
    {
        "name": "ハツユキソウ",
        "message": "「因为只是团长先生嘛？我才会这么容易地被带走」"
    },
    {
        "message": "悄声补充后，银边翠慢慢地靠近我。轻轻地拥抱着她那小小的身躯。"
    },
    {
        "name": "ハツユキソウ",
        "message": "「唔唔……团长先生，我很喜欢你」"
    },
    {
        "message": "她的身体有些凉意。然而，凝视着我的眼睛微微泛湿，似乎带着热度。"
    },
    {
        "name": "ハツユキソウ",
        "message": "「那么，嗯……要插进来了……嗯！\n啊啊……团长，嗯，已经这么硬、这么大了……」"
    },
    {
        "message": "盯着坚挺的阴茎，银边翠发出热烈的呼吸。\n将其顶端自己对准阴道口，微微扭动着腰部。"
    },
    {
        "name": "ハツユキソウ",
        "message": "「嗯……好大……在颤抖呢……\n不用慌，我会慢慢插进来的……\n嗯……啊啊……！！」"
    },
    {
        "message": "灵巧地扭动着腰部，银边翠缓缓下坐。\n阴茎被滑入炽热的阴道中\n淫靡的景象清晰可见。"
    },
    {
        "name": "ハツユキソウ",
        "message": "「啊啊，啊啊……团长的……好大\n在我的肚子里……啊啊，感觉到撑开了吧？」"
    },
    {
        "name": "ハツユキソウ",
        "message": "「啊呀，嗯……！ 团长，在我里面颤抖着！\n在颤抖着……嗯，你是这么想和我做爱吗？」"
    },
    {
        "message": "随着阴茎在阴道内颤动的刺激\n银边翠一边扭动身体一边回头看向后方询问。\n在快感中有些迷离思绪，只是迟疑地点了点头。"
    },
    {
        "name": "ハツユキソウ",
        "message": "「唔唔……看起来很舒服的样子呢……\n毫不害羞地如此坦然地点头\n反而让我更加害羞起来呢\n…………虽、虽然很高兴」"
    },
    {
        "message": "我更想看到她那种既害羞又开心的样子。内心涌起一股热烈的冲动，我不经意地伸出双手。"
    },
    {
        "name": "ハツユキソウ",
        "message": "「啊！？ 嗯嗯……团长……！」"
    },
    {
        "message": "触摸着银边翠那洁白而丰满的臀部。突如其来的刺激让她的腰不由自主地颤动了一下。她像是被挠痒了一样扭动着身体。"
    },
    {
        "name": "ハツユキソウ",
        "message": "「被这样突然摸到当然会吓一跳嘛……嗯\\n嗯嗯……这样抚摸的话，好痒呢？\\n嗯……唔嗯嗯……嗯嗯……」"
    },
    {
        "message": "用指尖轻柔地抚摸着她那光滑无瑕的臀部表面。每一次，银边翠都会从鼻子里漏出一丝喘息声，腼腆的表情变得更加浓烈。"
    },
    {
        "message": "与此同时，连接处也在悄然发生着微小的变化。"
    },
    {
        "name": "ハツユキソウ",
        "message": "「啊……嗯嗯嗯，团长……嗯嗯嗯\\n团长……哈啊啊啊……嗯嗯嗯！」"
    },
    {
        "message": "阴道已经湿润异常，透明液体从连接处溢出。每次抚摸她的臀部，阴道都会紧缩，像是在挤压着阴茎。"
    },
    {
        "message": "此时看向我的银边翠的表情\\n已不再是掩饰羞涩的面容\\n而是一个渴望快感的少女之脸。"
    },
    {
        "name": "ハツユキソウ",
        "message": "「唔、团长……嗯、你、不动吗？」"
    },
    {
        "message": "终于，银边翠像是忍耐不住一样，溢出了一些话语。\\n从她的每个字里，都透露出女人的淫荡气息。\\n这正是我所渴望的，极其可爱的声音。"
    },
    {
        "name": "ハツユキソウ",
        "message": "「团长的……嗯呜呜，团长的肉棒\\n刚才一直在颤抖不是吗\\n不用忍耐……请动一下吧」"
    },
    {
        "name": "ハツユキソウ",
        "message": "「在我里面，感到舒服也没关系\\n尽情……感受舒服吧」"
    },
    {
        "message": "毫无疑问，这是百分百的恳求。\\n但是，我更想看到更加可爱的银边翠。\\n所以，这次我不会动。"
    },
    {
        "name": "ハツユキソウ",
        "message": "「……诶？难、难道团长……\\n希望我动吗？\\n这、这样的姿势……要我动吗？」"
    },
    {
        "message": "对于出乎意料的回答，银边翠的脸上再次泛起羞愧之色。\\n但是，我更想看到更加可爱的她。"
    },
    {
        "name": "ハツユキソウ",
        "message": "「……可、可爱？你刚刚说可爱了？\\n我在动的样子，对团长来说是可爱的吗？」"
    },
    {
        "message": "我点了点头，银边翠在嘴里反复品味着那句话。\\n渐渐地，她的嘴角开始放松下来。\\n看来被称赞为可爱还是让她真心开心起来了。"
    },
    {
        "name": "ハツユキソウ",
        "message": "「嗯、嗯，我知道了……没办法呢\\n团长想看到这么可爱的我……那就特别照顾你了！\\n我会动很多让你舒服的！」"
    },
    {
        "message": "银边翠一脸兴奋的笑容。\\n在这种时候也容易得意忘形。\\n不过，对我们来说真是太感激了。\\n而且，她那样子，也真是太可爱了。"
    },
    {
        "name": "ハツユキソウ",
        "message": "「那么……嗯，我要动了……啊啊！\\n嗯嗯……好舒服……啊……嗯，哈啊啊！」"
    },
    {
        "message": "慢慢地开始摆动腰部。\\n粗糙的触感不断地刺激着勃起的表面。\\n快感从腰部传遍全身。"
    },
    {
        "name": "ハツユキソウ",
        "message": "「嗯嗯，啊啊……！ 肚子里面，摩擦好强烈……！\\n嗯嗯……啊啊！ 嗯嗯……！！」"
    },
    {
        "message": "摇摆的臀部和不断进出的连接处尽收眼底。\\n淫靡的景象让兴奋不断上涨。\\n而且银边翠全力服务的模样，真是太可爱了。"
    },
    {
        "name": "ハツユキソウ",
        "message": "「啊呜，团长看起来好舒服……嗯！\\n怎么样……呜呜，我，看起来可爱吗？\\n请好好……呜呜，看着可爱的我吧？」"
    },
    {
        "name": "ハツユキソウ",
        "message": "「嗯，啊啊……不然就没有意义了……啊啊！\\n所以，请一定要……呜呜呜……！！！」"
    },
    {
        "message": "每次银边翠摆动腰部时，肌肤相碰发出拍击声。\\n渐渐地快感积聚，极限即将到来。\\n而她也正处于极限之中。"
    },
    {
        "name": "ハツユキソウ",
        "message": "「嗯，团长……感觉会很舒服吗？\\n嗯嗯，看你的表情就知道了？ 嘻嘻\\n嗯嗯，而且……啊，呜呜呜，我也……已经……！」"
    },
    {
        "name": "ハツユキソウ",
        "message": "「直到最后，我会让你感到舒服的哦？\\n团长……啊啊，那个，就这样……！」"
    },
    {
        "message": "臀部摆动的速度变得更快。\\n阴道紧紧地挤压着那根阳具\\n不断地给予持续的快感。"
    },
    {
        "name": "ハツユキソウ",
        "message": "「啊啊，就这样，很好的！\\n就这样射精也可以哦！ 射在我里面，精液，请尽管射进来吧！」"
    },
    {
        "name": "ハツユキソウ",
        "message": "「我也要高潮了！ 团长的肉棒……！\\n嗯，我要高潮了……！ 啊啊，团长！\\n喜欢！ 啊啊，喜欢！」"
    },
    {
        "name": "ハツユキソウ",
        "message": "「啊啊，嗯嗯……啊啊啊啊啊！！！！！」"
    },
    {
        "name": "ハツユキソウ",
        "message": "「嗯嗯，啊啊……！！ 嗯啊啊……！\\n团长的……啊啊，精液……嗯嗯，流出来了……！」"
    },
    {
        "name": "ハツユキソウ",
        "message": "「我的里面……啊啊、阴道里面……！\\n嗯嗯、好厉害、滴答滴答地、好多……哈哈哈……！」"
    },
    {
        "message": "大幅跳动着喷出精液。\\n而银边翠一边接纳着它在阴道中，一边微笑着显得非常开心。"
    },
    {
        "name": "ハツユキソウ",
        "message": "「可以的……嗯，全部都射在我里面吧？\\n就交给我吧……嘿嘿，嘿嘿嘿嘿……！」"
    },
    {
        "message": "银边翠微笑着看着他，\\n显然她很高兴能引导对方射精。"
    },
    {
        "name": "ハツユキソウ",
        "message": "「这是理所当然的啊，嗯……因为这是团长对我\\n充满爱意的证明！」"
    },
    {
        "message": "听她这么说，我也微笑着回应了她。\\n然后银边翠突然像是想到了什么一样，惊讶地睁大了眼睛。\\n接着，她张开了嘴。"
    },
    {
        "name": "ハツユキソウ",
        "message": "「不仅仅是冲浪板，团长也能驾驭得很好哦！\\n就是这个银边翠！ 嘿嘿！」"
    },
    {
        "message": "银边翠的玩笑话让我感到有些沉重\\n仿佛增加了疲劳。我想这是射精后的疲惫感吧。"
    },
    {
        "name": "ハツユキソウ",
        "message": "「诶？ 呃！？ 这、这、这是怎么回事！？\\n难道我又有点得意忘形了吗！？」"
    },
    {
        "message": "银边翠慌张地泪眼汪汪\\n但无论如何还是很可爱。"
    }
]