[
    {
        "name": "ホーリー",
        "message": "「啊，啊，嗯啊啊啊啊……」"
    },
    {
        "message": "将龟头对准秘裂，将阴茎推入欧洲冬青的体内。"
    },
    {
        "message": "对于异物的侵入，她的抵抗微乎其微。面对深深的连接，欧洲冬青露出了得意的笑容。"
    },
    {
        "name": "ホーリー",
        "message": "「呵、呵呵呵……这就是我的风格，对吧……？友好亲切是我的信条嘛……？」"
    },
    {
        "name": "ホーリー",
        "message": "「当然，这种事……是、团长第一次来做吧？初次尝试的滋味……怎、怎么样～？」"
    },
    {
        "message": "虽然微微皱起了眉头，但欧洲冬青的微笑未曾改变。她略带疑虑地说了些令人在意的话。"
    },
    {
        "message": "是她主动寻求性爱的。"
    },
    {
        "message": "我知道她不信任别人，所以实在有些意外。正因如此，我感到高兴。"
    },
    {
        "name": "ホーリー",
        "message": "「团长……在想什么呢？复杂的事情也可以啦……没关系嘛」"
    },
    {
        "message": "插入进去后就一动不动，欧洲冬青察觉到这边的情况，用力收紧阴道。口气虽然一如既往，但她显然是在寻求行动。"
    },
    {
        "name": "ホーリー",
        "message": "「我啊……喜欢团长哦？来找你做爱的，理所当然吧」"
    },
    {
        "name": "ホーリー",
        "message": "「别在意什么，尽管品尝我的初次之小穴吧？来吧，肯定会非常非常舒服的」"
    },
    {
        "message": "湿漉漉的红肿身体摇曳着，仿佛是欧洲冬青在引诱。面对这诱人的景象，我不由自主地动了起来。"
    },
    {
        "name": "ホーリー",
        "message": "「嗯……对，就是这样……坦诚是正义嘛？更深入一点吧，进入我的身体里吧」"
    },
    {
        "message": "被阴道包裹的感觉让欧洲冬青的呼吸变得急促起来。"
    },
    {
        "message": "动作看起来还算柔和。仿佛是为了缓解紧张感，阴茎来回穿梭。"
    },
    {
        "name": "ホーリー",
        "message": "「嗯嗯……小穴、被抚摸得好舒服……团长的、肉棒、果然很温柔呢……」"
    },
    {
        "name": "ホーリー",
        "message": "「不过，团长……你是喜欢慢慢的性爱吗？别在意啦，狠狠地上我也可以哦？」"
    },
    {
        "message": "她的目光注视着连接部。\\n决不会试图对视。"
    },
    {
        "name": "ホーリー",
        "message": "「乱七八糟地，肉棒进出着……\\n我也在从未触摸过的地方，啊，射精了……」"
    },
    {
        "name": "ホーリー",
        "message": "「我就是我……肯定会自顾自地感到舒服的……\\n所以，就当作毫无牵挂的感觉，好吗……？」"
    },
    {
        "message": "在刺激下，欧洲冬青说出了这样的话。"
    },
    {
        "message": "这种单方面的行为怎么可能是好事。\\n就在我这样想的瞬间，她说出了决定性的话语。"
    },
    {
        "name": "ホーリー",
        "message": "「因为，嘛……\\n这只是在处理性欲而已……对吧？」"
    },
    {
        "message": "用一如既往的笑容说出如此寂寞的话。\\n那真的是一如既往地隐藏真心的笑容。"
    },
    {
        "message": "那么，我能做的事情只有一个。"
    },
    {
        "message": "必须告诉欧洲冬青，他们的行为并不仅仅是性欲的处理。"
    },
    {
        "name": "ホーリー",
        "message": "「嗯……哈，有点，变得激烈了……！？\\n团长，你也……是不是很想解脱呢……啊！」"
    },
    {
        "name": "ホーリー",
        "message": "「果然，坦率最好了，对吧……嗯！？\\n嘿，那个……现在在做什么……呀呜呜！？」"
    },
    {
        "message": "当触碰到阴核的瞬间，从欧洲冬青的嘴里发出了可爱的声音。\\n无视她困惑的眼神，我继续对着那颗小豆进行爱抚。"
    },
    {
        "name": "ホーリー",
        "message": "「团长……刚才，你没在听我说话吗！？\\n别在意我……嗯啊啊！」"
    },
    {
        "message": "不等大家说话，就继续进行爱抚。\\n当然，也配合着肉棒的动作。"
    },
    {
        "name": "ホーリー",
        "message": "「哈啊，根本不用挠那个地方，知道吗！\\n就算这样，嗯呃啊，团长也会很舒服的……」"
    },
    {
        "name": "ホーリー",
        "message": "「嗯啊！？ 哈呜，现在……肉棒，抽搐了一下……\\n为、为什么、是怎么回事！？」"
    },
    {
        "message": "伴随着喜悦，在蠕动的阴唇上，肉棒颤抖着。\\n是受到阴核刺激后阴道肌肉敏感反应的结果。"
    },
    {
        "message": "趁此机会，在覆盖之下对着欧洲冬青低语。"
    },
    {
        "name": "ホーリー",
        "message": "「呜，比起我……小穴更坦率啊……！\\n没、没什么？并没有在隐瞒什么……」"
    },
    {
        "name": "ホーリー",
        "message": "「所、所以……不、不要……！\\n就算不这样，也能感觉很舒服……唔呀呀！」"
    },
    {
        "message": "如同破坏掉含糊的微笑一般，专注地爱抚着私处和阴道。"
    },
    {
        "name": "ホーリー",
        "message": "「能、能让我感觉这么舒服……\\n唔，团长的心意，我已经完全明白了……」"
    },
    {
        "message": "欧洲冬青放松了脸上的表情，开始说出话来。\\n看来她变得更加坦率了。"
    },
    {
        "message": "停下腰部和爱抚的手，正视着低头的欧洲冬青，\\n此时她的全身涌现出一片通红。"
    },
    {
        "name": "ホーリー",
        "message": "「我是真的很喜欢团长……\\n在一起的时候，我越来越喜欢上了你……」"
    },
    {
        "name": "ホーリー",
        "message": "「但是，人心真的很难理解……\\n为了测试自己和团长的心意，所以引诱你……」"
    },
    {
        "message": "说到这里暂停了一下。"
    },
    {
        "message": "然后，下定决心的欧洲冬青与我对视了一眼。"
    },
    {
        "name": "ホーリー",
        "message": "「但是，我已经明白了……团长的心意，也明白了团长喜欢我的心情……\\n所以，不再说只是性欲的处理……从现在开始，希望团长能够爱我……」"
    },
    {
        "name": "ホーリー",
        "message": "「所以，不再说只是性欲的处理……从现在开始，希望团长能够爱我……」"
    },
    {
        "message": "欧洲冬青露出了多次微笑。\\n但那是发自内心的笑容。"
    },
    {
        "message": "为了回报那笑容，立刻重新加快了腰部的动作。"
    },
    {
        "name": "ホーリー",
        "message": "「啊啊啊啊啊！？\\n团、团长……！？ 突然间，太、太激烈了……！」"
    },
    {
        "message": "不知不觉地加快了速度。\\n但是，这样应该已经没问题了。"
    },
    {
        "name": "ホーリー",
        "message": "「嗯，嗯……小穴已经接受了！\\n紧紧地含住团长的肉棒……！」"
    },
    {
        "name": "ホーリー",
        "message": "「形状完美无缺……我明白了……！\\n啊、啊啊……声音也好淫荡……！」"
    },
    {
        "message": "完全接受了行为的秘裂中溢出爱液。\\n因此行为变得更加激烈。"
    },
    {
        "name": "ホーリー",
        "message": "「已经不再隐藏了……！\\n比起小穴，更加坦率……！」"
    },
    {
        "name": "ホーリー",
        "message": "「在我里面，用团长摩擦得更多！\\n因为感觉很舒服……所以想让你感觉舒服！」"
    },
    {
        "message": "她那种哭笑不得的表情让我的阴茎变得更加坚硬。\\n与此同时，她阴道的蠢动也变得更加剧烈。"
    },
    {
        "message": "肉棒在淫荡的蜜壶中来回多次。\\n对彼此敏感的快感，甚至让意识都变得朦胧。"
    },
    {
        "name": "ホーリー",
        "message": "「哈、哈啊啊啊！\\n不、不行……身体……变得好热……！」"
    },
    {
        "name": "ホーリー",
        "message": "「而且背后，有点发麻……！\\n这个，啊呜呜……有点害怕，团长……！」"
    },
    {
        "message": "在困惑和快感中，欧洲冬青发出声音。\\n她似乎感到了迫在眉睫的危险。"
    },
    {
        "message": "为了安抚她这种小心谨慎，我抚摸着她的脸颊。\\n告诉她没有什么可担心的。"
    },
    {
        "name": "ホーリー",
        "message": "「哈、嗯……知道了，没事，因为和团长在一起，什么都不用担心……！」"
    },
    {
        "name": "ホーリー",
        "message": "「就这样，一直到最后……！\\n在我里面……哈、嗯嗯嗯！」"
    },
    {
        "message": "阴道深处仿佛松了口气。\\n龟头缓缓扭入她最重要的地方。"
    },
    {
        "name": "ホーリー",
        "message": "「团长，我喜欢你！　非常喜欢你……！\\n所以……就这样，一直到最后……！」"
    },
    {
        "name": "ホーリー",
        "message": "「啊、嗯啊啊啊啊啊……！」"
    },
    {
        "message": "巨大的快感波同时向彼此的身体蔓延。\\n喷射出的精液势不可挡。"
    },
    {
        "message": "收缩的阴道贪婪地吸取着精液。\\n欧洲冬青陶醉地凝视着这一幕。"
    },
    {
        "name": "ホーリー",
        "message": "「啊、团长……太厉害了……\\n虽然我也非常喜欢团长……但是被弄得这么舒服的话，我……」"
    },
    {
        "message": "随着射精的结束，欧洲冬青抬起了视线。\\n在交汇的眼瞳之中，映入她眼帘的是一种奇特的景象。"
    },
    {
        "name": "ホーリー",
        "message": "「……团长和我的那个也许会让我喜欢上他呢」"
    },
    {
        "message": "欧洲冬青的眼中闪烁着迷人的光芒。\\n那绝对是发自内心的。"
    }
]