[
    {
        "name": "ポインセチア",
        "message": "「团长，怎么一脸沮丧的样子……发生了什么事？」"
    },
    {
        "message": "我不想对圣诞红说谎。\\n如果已经被发现了，就坦诚地告诉她原因。"
    },
    {
        "message": "在执行任务时，由于一点疏忽导致了小小的失败。\\n而就是这一次的失败，也许会让某人受伤。\\n一想到这里，心情就变得沉重起来。"
    },
    {
        "name": "ポインセチア",
        "message": "「……在那种时候，可以依赖别人哦」"
    },
    {
        "message": "紧紧拥抱着我的圣诞红温柔地包裹着我。\\n感受到她的体温，不知何故感到了安心。"
    },
    {
        "name": "ポインセチア",
        "message": "「一个人沮丧可不行哦……\\n无论什么原因，现在团长受伤了吧，这可不能放任不管」"
    },
    {
        "name": "ポインセチア",
        "message": "「嘿，团长……现在想要依赖谁吗？」"
    },
    {
        "message": "对着直截了当的问题我无言以对地点点头。\\n然后抬头看着我的圣诞红对视着我。"
    },
    {
        "name": "ポインセチア",
        "message": "「那么，就多多依赖我吧？」"
    },
    {
        "name": "ポインセチア",
        "message": "「团长不要动，我来……嗯，插进去……」"
    },
    {
        "message": "圣诞红转过身来，慢慢地迎接着那勃起的小秘密。"
    },
    {
        "message": "阴道略带紧绷，给阴茎带来了愉悦的刺激。"
    },
    {
        "name": "ポインセチア",
        "message": "「啊，怎、怎么样……我的里面，嗯啊！\\n团长的……都包裹住了吗？」"
    },
    {
        "message": "为了让担心的圣诞红安心，我点头表示肯定。\\n她微笑着，阴茎更深地进入了阴道。"
    },
    {
        "name": "ポインセチア",
        "message": "「果、果然好大……嗯，\\n肚子……被肉棒撑得好大……？」"
    },
    {
        "name": "ポインセチア",
        "message": "「对不起，没能完全包裹住……\\n但是，我的小小阴道……\\n肉棒，夹得好紧……啊，啊啊啊！」"
    },
    {
        "message": "放松腰部力量，圣诞红将肿胀的勃起完全包裹。\\n狭窄的阴道褶皱一下子吞没龟头，强烈的刺激袭击着阴茎。"
    },
    {
        "name": "ポインセチア",
        "message": "「嗯嗯嗯！ 啊，嗯嗯……进去了，\\n深深地顶到底了……嗯啊」"
    },
    {
        "name": "ポインセチア",
        "message": "「团长，你换了……我的，成熟的小穴，感觉如何？\\n肉棒……舒服吗？」"
    },
    {
        "message": "紧密缠绕的小小阴道收缩着，紧紧地约束着阴茎。\\n然而，这个看起来与勃起大小不成比例的小秘裂，却牢牢地包裹住整根阴茎。"
    },
    {
        "name": "ポインセチア",
        "message": "「太好了……肉棒，感觉很舒服呢……嗯嗯！」"
    },
    {
        "name": "ポインセチア",
        "message": "「那么团长，我现在要动很多了……\\n你就静静地待着吧？」"
    },
    {
        "message": "温柔地微笑着，圣诞红开始缓慢地上下摆动腰部。"
    },
    {
        "name": "ポインセチア",
        "message": "「嗯……嗯嗯，啊，啊呃，肉棒……好硬啊\\n能因为我而变得这么硬……真开心」"
    },
    {
        "name": "ポインセチア",
        "message": "「再多一点……啊，变得更大也没关系哦，嗯啊！\\n无论有多大……嗯，小穴都没问题的」"
    },
    {
        "message": "努力摆动着腰部的圣诞红。\\n由于不熟练，动作显得有些生涩，速度和角度也不稳定。\\n即便如此，光是看着她那可爱的模样就足以带来愉悦。"
    },
    {
        "name": "ポインセチア",
        "message": "「对、对不起……摆动得不够顺畅……\\n这样的话、更能让团长感到舒服呢」"
    },
    {
        "message": "并不是这样坚决否定。\\n只是和圣诞红连在一起，我已经感到非常舒服了。"
    },
    {
        "name": "ポインセチア",
        "message": "「并不是在顾虑……对吧，\\n团长总是说真心话……的」"
    },
    {
        "message": "信任着我，圣诞红继续摩擦黏膜。\\n她不规则的上下运动，专心地刺激着勃起的部位，\\n让我感受到愉悦的刺激。"
    },
    {
        "name": "ポインセチア",
        "message": "「嗯呜、啊、啊啊、哈呜！\\n嘿，有人夸奖团长吗？」"
    },
    {
        "message": "她突然提出这样的问题。\\n我无法理解问题的意图，但圣诞红却继续说了下去。"
    },
    {
        "name": "ポインセチア",
        "message": "「团长非常坚强，是个能够团结大家的人……\\n努力了也得不到夸奖吗……」"
    },
    {
        "message": "这是怎么样呢？虽然受到赞扬并不少，\\n但像小时候那样，\\n被表扬得很好却越来越少了。"
    },
    {
        "name": "ポインセチア",
        "message": "「那么……我来夸夸团长吧……可以吗？」"
    },
    {
        "message": "对这种新鲜的行为产生了兴趣。\\n我向圣诞红请求，想要依赖她的话语。"
    },
    {
        "name": "ポインセチア",
        "message": "「团长，你总是很努力，做得很棒呢。\\n啊，嗯，团长一直都很努力，因为有团长，我也得以不断成长。」"
    },
    {
        "name": "ポインセチア",
        "message": "「所以一直都在努力的团长真了不起呢，\\n了不起……了不起，啊啊」"
    },
    {
        "message": "圣诞红一边扭动着腰部，一边对我说着鼓励的话。\\n被年龄相差甚远的女孩这样宠爱着，让我感到有些害羞。"
    },
    {
        "name": "ポインセチア",
        "message": "「你知道吗……就算失败了也不要一个人受伤哦？\\n如果感到沮丧的话……什么事都可以告诉我哦？」"
    },
    {
        "message": "她给予我的鼓励和温柔同样让我感到愉悦。"
    },
    {
        "message": "我想让充满奉献和温柔的圣诞红也感到愉悦。\\n于是，我用双手抓住她小巧的臀部。"
    },
    {
        "name": "ポインセチア",
        "message": "「啊呜呜，突然抓住屁股会吓到人的！\\n嗯嗯嗯，嗯，嗯嗯，啊啊呜！」"
    },
    {
        "message": "皮肤触感如同吸附在手掌上，富有弹性和紧致感传达而来。\\n在品味着这种触感的同时，用力揉捏着整个臀部。"
    },
    {
        "name": "ポインセチア",
        "message": "「嗯嗯呜，被抓住的地方……变得热热的了\\n从屁股传来的热量……扩散到全身了呢……！」"
    },
    {
        "name": "ポインセチア",
        "message": "「啊啊，小穴……被肉棒塞满了，啾啾地在里面动着\\n团长，虽然摸屁股让我很高兴……嗯，\\n但是我太舒服了……小穴都快受不了了！」"
    },
    {
        "message": "就算这样也没关系。我也想让圣诞红感受到更多快乐。\\n作为回报让我撒娇的时候，\\n我不断地爱抚着，给可爱的臀部带来刺激。"
    },
    {
        "message": "因为这种爱抚，阴道充分地放松了，\\n原本笨拙的圣诞红的动作逐渐变得流畅起来。"
    },
    {
        "name": "ポインセチア",
        "message": "「嗯，嗯嗯，啊，团长的手，刺刺地感觉好热，\\n小穴变得湿湿的了，嗯啊呜呜，好像在失禁一样……」"
    },
    {
        "name": "ポインセチア",
        "message": "「不用在意我的事情哦……啊呜呜！\\n今天是团长撒娇的日子嘛……！\\n肉棒，希望你能感受到更多快乐哦」"
    },
    {
        "message": "为了进一步提升我的兴奋，\\n圣诞红逐渐加快了腰部的摆动。"
    },
    {
        "message": "从连接处传出水声，扭动着摩擦运动。\\n在那甜美的刺激下快感不断上升，爱抚的手停了下来。"
    },
    {
        "name": "ポインセチア",
        "message": "「肉棒在跳动着呢……！\\n啊啊，好高兴……\\n再多让我感受一下跳动吧」"
    },
    {
        "name": "ポインセチア",
        "message": "「嗯，啊啊、啊啊、唔唔！\\n团长……如果忍不住觉得舒服的话、唔唔、\\n随时都可以射出来哦？」"
    },
    {
        "message": "在狭窄的阴道壁上摩擦，阴茎感受到愉悦在积蓄。\\n硬度达到极限的勃起，在圣诞红的手法引导下，\\n正逐渐接近射精的瞬间。"
    },
    {
        "name": "ポインセチア",
        "message": "「你的表情，变得好迷离……嗯嗯！\\n光是看着团长的脸……啊啊啊！\\n我的小穴也变得湿湿的……嗯啊，哈啊啊！」"
    },
    {
        "name": "ポインセチア",
        "message": "「团长也想射精吧……\\n团长的鸡巴，真的很努力呢」"
    },
    {
        "message": "已经到了极限，我喃喃自语。忍不住尿道里涌动的精液，\\n只是沉浸在射精的欲望中。"
    },
    {
        "name": "ポインセチア",
        "message": "「可以的，只给团长一个人……我的小穴，\\n要满满地、充满精液！\\n努力的鸡巴，请多多依赖我吧」"
    },
    {
        "name": "ポインセチア",
        "message": "「我也要高潮了……！啊啊、啊啊、嗯嗯！\\n看着团长射精的样子我就要高潮了！」"
    },
    {
        "name": "ポインセチア",
        "message": "「嗬啊、啊、啊、嗯啊……！\\n嗬呀呀呀呀呀！！」"
    },
    {
        "name": "ポインセチア",
        "message": "「精液滴滴答答地流出来了，\\n流进了我的小穴……哈呜呜呜……！」"
    },
    {
        "name": "ポインセチア",
        "message": "「全部都可以射出来哦……？\\n我的里面，全部都可以……嗯、嗯嗯，尽情地射吧，\\n让小穴完全沉浸其中……鸡巴，可以尽情依赖我哦……♪」"
    },
    {
        "message": "小小的阴道，接纳了大量的精液。\\n在射精的战栗中，圣诞红翘起身体，做出反应。"
    },
    {
        "name": "ポインセチア",
        "message": "「啊啊……射得好多呢……真厉害啊，团长♪\\n做得好厉害♪ 而且还能射到肚子里呢♪」"
    },
    {
        "message": "圣诞红喘着气，声音颤抖着。\\n在极致快感中沉浸，她发现自己的大眼睛正凝视着这边。"
    },
    {
        "name": "ポインセチア",
        "message": "「团长……像今天这样心情低落的时候，\\n随时都可以依靠我哦？」"
    },
    {
        "message": "谢谢，那时我还会依赖你的。\\n表达感激之情后，圣诞红开心地微笑着。"
    }
]