[
    {
        "name": "ユキハナソウ",
        "message": "「多亏了团长，我作为花骑士得到了更大的成长……」"
    },
    {
        "name": "ユキハナソウ",
        "message": "「谢谢，团长……\\n虽然已经很晚了……但是我想直接来传达，所以来到你的房间♪」"
    },
    {
        "message": "任务结束后，雪华草顺道来到了这里的房间。\\n她特意前来报告自己的成长和感谢。"
    },
    {
        "message": "能够帮助雪华草感到很高兴。\\n只要是我能做的事，我希望今后也能对她有所帮助。"
    },
    {
        "name": "ユキハナソウ",
        "message": "「嘻嘻♪……那么就直接说了……\\n我有一个想通过和团长进行性关系来成长的愿望♪\\n所以，你能和我交往吗？」"
    },
    {
        "message": "虽然无法轻易点头答应意料之外的内容，\\n但既然说过要对她有所帮助，我决定听完雪华草的话。"
    },
    {
        "name": "ユキハナソウ",
        "message": "「上次的时候……团长动起来后，我立刻就感到很舒服了……\\n如果现在就这样的话，只有我一个人会先满足了……\\n为了我们两个一起达到高潮，我想多积累一些经验」"
    },
    {
        "name": "ユキハナソウ",
        "message": "「因为这样的原因……今晚也能陪我的话吗？ 团长♪」"
    },
    {
        "message": "雪华草用坦率的态度邀请着我。\\n但是她散发出来的性感氛围却让我不知不觉地兴奋起来。"
    },
    {
        "message": "为了帮助雪华草成长，我接受了她的邀请，拥抱着她的身体。"
    },
    {
        "name": "ユキハナソウ",
        "message": "「好的，团长的硬……里面给我吧？啊啊……」"
    },
    {
        "message": "兴奋地将挺立的阴茎插入已经湿润的阴道中。\\n虽然在背后插入时有些困难，但我品尝着阴道肌肉的抵抗感。"
    },
    {
        "name": "ユキハナソウ",
        "message": "「嗯啊……慢慢地我的里面被撑开了……啊啊……\\n肚子里越来越紧……变得……」"
    },
    {
        "name": "ユキハナソウ",
        "message": "「团长的，果然很大……\\n还没有全部进去……小穴，就已经充满了……」"
    },
    {
        "message": "对于挣扎着探入阴道深处的雪华草，我请求插入到阴道深处。"
    },
    {
        "name": "ユキハナソウ",
        "message": "「来吧……我想和团长深深地连接在一起……当最深处被触及时，会感到非常安心。」"
    },
    {
        "message": "雪华草也希望被插入到最深处。听到她的话后，我毫不犹豫地一口气将阴茎插入其中。"
    },
    {
        "name": "ユキハナソウ",
        "message": "「啊啊，嗯哈啊啊啊……！硬鸡巴正顶在里面……」"
    },
    {
        "name": "ユキハナソウ",
        "message": "「深处连接在一起，好开心……身体，开始变得热烈起来了……」"
    },
    {
        "message": "阴茎不断抽送，缠绕着的阴道粘膜。\\n愉悦的刺激从连接处传遍全身。"
    },
    {
        "name": "ユキハナソウ",
        "message": "「团长……随时都可以动哦……？\\n用硬鸡巴狠狠地顶进来……想要尽情地求着我……」"
    },
    {
        "message": "听雪华草说可以不用忍耐抽送的欲望，我表示感谢。\\n一边握住丰满的果实，一边确认柔软的触感，开始抽送。"
    },
    {
        "name": "ユキハナソウ",
        "message": "「嗯哈啊……啊啊……嗯嗯……\\n被揉弄着胸部然后顶入，我喜欢这样……哈啊啊」"
    },
    {
        "name": "ユキハナソウ",
        "message": "「团长的鸡巴，在各个地方顶着……嗯啊啊、啊啊……\\n里面已经变得很热了……变得黏黏的了……」"
    },
    {
        "message": "在爱抚和抽送中，雪华草不断用甜美的声音呻吟。\\n她的反应让我也充满了兴奋和欲望。"
    },
    {
        "name": "ユキハナソウ",
        "message": "「胸部被玩弄得很厉害……麻麻地发麻了呢……嗯啊啊\\n和阴道一样，变得非常敏感了呢……」"
    },
    {
        "name": "ユキハナソウ",
        "message": "「啊呜……呼呼……嗯啊啊……哈啊啊……\\n团长的心意仿佛从手掌传达过来一样……\\n全身都很热，我好幸福呢……」"
    },
    {
        "message": "每一次抽送，阴道内溢出的爱液，黏稠感不断增加。\\n热烈的粘液成为润滑油，增强了摩擦运动带来的刺激。"
    },
    {
        "message": "感受着阴茎带来的甜蜜快感，持续进行爱抚和抽送，\\n阴道粘膜的收缩感变得更加强烈。"
    },
    {
        "name": "ユキハナソウ",
        "message": "「还想要更多，还想要和团长更快乐……嗯呜呜……\\n胸部和阴道，都想要被更多地爱着……」"
    },
    {
        "name": "ユキハナソウ",
        "message": "「让我的内里，适应团长的鸡巴……\\n请让我成为你专属的小穴……！」"
    },
    {
        "message": "在快感中扭动着身体，淫荡地诉说着的雪华草。\\n她的愿望让我的激情升腾，回应了肯定的话语。"
    },
    {
        "message": "加大爱抚和腰部运动的力度，比以往更积极地爱抚她。"
    },
    {
        "name": "ユキハナソウ",
        "message": "「啊啊……哈呜呜……嗯呜呜……啊啊啊！\\n腰部的运动变得非常有力……啊啊、哈啊啊……！\\n硬邦邦的鸡巴，在里面猛烈地乱舞着……！」"
    },
    {
        "name": "ユキハナソウ",
        "message": "「啊啊啊……胸部也被紧紧地抚摸着……太好了……！\\n被团长用手紧紧地玩弄着，我喜欢……！」"
    },
    {
        "message": "在热烈的粘液中迷醉着的阴道。感受着沸腾般的快感，与她一同高涨。\\n淫荡的水声在房间中回响，雪华草不断发出甜美娇喘。"
    },
    {
        "name": "ユキハナソウ",
        "message": "「淫靡的声音，不停地……啊呜……嗯嗯……嗯啊啊……！\\n被淫液浸湿，小穴变得湿漉漉的……哈呜嗯！\\n和团长的性爱，感觉真是太舒服了……！」"
    },
    {
        "name": "ユキハナソウ",
        "message": "「我……竟然是这样淫荡的女人……我不知道……\\n从刚才开始就一直……渴望团长的精液……啊呜，嗯啊啊！\\n深处一直在疼痛得无法停止……！」"
    },
    {
        "message": "雪华草的阴道粘膜紧紧吸附着勃起的肉棒。\\n对于贪求精液的蠢动，我的阴茎更加滚烫。"
    },
    {
        "message": "被她的阴道逼迫着，渐渐感受到射精的迹象逼近。"
    },
    {
        "name": "ユキハナソウ",
        "message": "「团长，不要忍耐……随时都可以射出来哦！\\n最后一起，享受美好的感觉吧……！」"
    },
    {
        "message": "雪华草追求着同时高潮。\\n为了满足她的愿望，我猛力抓住她的乳房，猛烈地抽送着。"
    },
    {
        "name": "ユキハナソウ",
        "message": "「就像上次一样，会有强烈的感觉……！嗯嗯，啊啊，嗯哈啊啊！\\n阴道剧烈疼痛，要高潮了！被团长专属地弄得高潮了……！」"
    },
    {
        "name": "ユキハナソウ",
        "message": "「啊啊，嗯啊，哈呜呜，啊啊啊……！\\n哈啊啊啊啊啊啊呢……！！」"
    },
    {
        "name": "ユキハナソウ",
        "message": "「嗯嗯呜呜，啊啊啊……感觉真好，快要爆发了……\\n全身充满幸福的感觉……」"
    },
    {
        "name": "ユキハナソウ",
        "message": "「脑海里只有团长……\n真的，我……被变成了团长专用的小穴……」"
    },
    {
        "message": "在极致的冲击下，雪华草的身体多次抽搐。\n她抽搐着发出甜美的声音，沉浸在余韵中。"
    },
    {
        "message": "将积蓄到极限的精液全部射出后，\n她也像她一样，享受着愉悦射精后的懒散感。"
    },
    {
        "name": "ユキハナソウ",
        "message": "「被射出热烈的精液……我明白……\n团长的肉棒满足了我，我也很高兴……」"
    },
    {
        "message": "再次表达了想要与雪华草相爱的真诚心情。"
    },
    {
        "name": "ユキハナソウ",
        "message": "「我也想在与团长更多的性爱中成长……\n所以不要客气……随时都可以要求我……」"
    },
    {
        "message": "雪华草眼中泛着泪光，回过头来。\n她用慈爱的眼神看着这边，温柔地与她亲吻在一起。"
    }
]