[
    {
        "name": "ベルゲニア",
        "message": "「团长大人，明天的日程安排，可能会有点紧张。」"
    },
    {
        "message": "最近，作为团长的工作让我忙得不可开交。\\n岩白菜虽然帮我管理着日程，\\n但有些时候甚至是分秒必争。"
    },
    {
        "name": "ベルゲニア",
        "message": "「团长大人……？\\n你一脸茫然地看着我，怎么了？」"
    },
    {
        "message": "看到她穿着女仆装，就不由得想起了先前的事情。\\n与此同时，心中也涌现出一些情绪。"
    },
    {
        "name": "ベルゲニア",
        "message": "「女仆装……您在看吗？\\n能被公主赐予的礼物而感到心驰神往是件令人高兴的事情……」"
    },
    {
        "message": "无法克制自己，我向岩白菜逼近。\\n我抱住她手中的文件，靠近她的脸闻着她的气息。"
    },
    {
        "name": "ベルゲニア",
        "message": "「团、团长大人，请您……\\n这些重要文件……\\n至少等工作结束再……」"
    },
    {
        "message": "我现在就要。之前我们约好了要腾出时间来。\\n我告诉她，试图完成工作。"
    },
    {
        "name": "ベルゲニア",
        "message": "「现、现在就……确实、虽然没能给您腾出空闲时间，但是、还有工作……啊啊啊……！」"
    },
    {
        "message": "将岩白菜按倒在床上，开始爱抚。\\n刺激着阴核，引诱出爱液。"
    },
    {
        "name": "ベルゲニア",
        "message": "「不、不要，这样张开大腿……嗯呼……」"
    },
    {
        "message": "透过指缝看到岩白菜的脸颊泛起红晕。\\n这让我更加兴奋，向前推动着腰部。"
    },
    {
        "name": "ベルゲニア",
        "message": "「啊，已经进去了……嗯嗯嗯！\\n团长大人好舒服……啊啊啊！」"
    },
    {
        "message": "已经打开的开关，一下子寻找到最深处。"
    },
    {
        "name": "ベルゲニア",
        "message": "「这种事情就在眼前……嗯嗯呜……」"
    },
    {
        "message": "随着涌上心头的欲望，开始扭动腰部。"
    },
    {
        "name": "ベルゲニア",
        "message": "「啊呀，呼、哇、啊啊啊！团长大人，如果要动的话……\\n嗯嗯呜！今天的团长大人好主动……嗯啊啊！」"
    },
    {
        "name": "ベルゲニア",
        "message": "「我、今天只是普通地……呼、哈、啊啊！\\n什么淫荡的事情都没有……嘶、呼呼、哈啊……」"
    },
    {
        "message": "腰部不停地动着。想要更深入地品味岩白菜。\\n其他的，一点都不需要。"
    },
    {
        "name": "ベルゲニア",
        "message": "「虽然你说过要，但是……啊、呼……\\n啊咕、到、到这个地步……对我来说……太好了！」"
    },
    {
        "name": "ベルゲニア",
        "message": "「如果、如果是真的话……哈啊、呼呼\\n团长大人的表情……啊啊\\n不、不行……虽然很害羞，很丢脸……但是……啊啊啊！」"
    },
    {
        "name": "ベルゲニア",
        "message": "「这、这个……真的吗……我、我竟然让团长大人……着迷了吗……？」"
    },
    {
        "message": "岩白菜苦涩地喘息着。\\n仿佛在说这种问题很愚蠢一样，向内部发力。"
    },
    {
        "name": "ベルゲニア",
        "message": "「啊呀，深处……子宫口被……！\\n被如此刺激，怎么可能没有感觉呢……！\\n小穴，已经成了洪水泛滥的状态了……！」"
    },
    {
        "message": "不仅是阴道，每一次的推进都让摇曳的乳房更加迷人。\\n一边爱抚，一边贪婪地享受着吸吮的感觉。"
    },
    {
        "name": "ベルゲニア",
        "message": "「胸部……哈呼……感觉很舒服，被捏捏揉揉的感觉……\\n团长大人也很高兴吧……」"
    },
    {
        "name": "ベルゲニア",
        "message": "「但、但是，今天有一个请求……那个，不只是揉搓而已……\\n乳头……也请帮忙处理一下……因为上次没有做到……」"
    },
    {
        "name": "ベルゲニア",
        "message": "「就像挤奶一样，被紧紧揉搓着……\\n虽然那个也很喜欢，但是今天想要被莉可用指尖挑逗……」"
    },
    {
        "message": "对着我的请求作出回应，用手指捏住了乳头。\\n敏感的突起立刻勃起，更加用力地刺激着变硬的部分。"
    },
    {
        "name": "ベルゲニア",
        "message": "「嗯嗯啊……！团长大人对我做这个的感觉是这样的吗\\n哈啊、哈啊……身体、抽搐着……嗯！」"
    },
    {
        "name": "ベルゲニア",
        "message": "「被团长大人的手指宠爱着，\\n内心也像是在发出咯吱咯吱的声音……啊呜、嗯嗯、啊啊！」"
    },
    {
        "name": "ベルゲニア",
        "message": "「已经、已经、背后发麻了……！\\n乳头的挑逗太过了……啊呜、啊、啊酷」"
    },
    {
        "message": "摩挲着想要揉捏的乳房，以及让人爱不释手的乳头。\\n然而，张开双腿的这个姿势，\\n让岩白菜展现出了新的魅力。"
    },
    {
        "name": "ベルゲニア",
        "message": "「啊、啊呃、为什么……？停下来了\\n不要停下来，可以吗？乳头还想要被您宠爱呢……\\n这样下去……嗯呼……请摸摸吧……」"
    },
    {
        "message": "虽然对于伤心的岩白菜感到抱歉，\\n但是无法抑制想要触摸新魅力的心情。"
    },
    {
        "name": "ベルゲニア",
        "message": "「嗯啊……大腿……啊呀……内侧很敏感……\\n啊啊、轻轻地抚摸着……啊呜……哈啊……」"
    },
    {
        "message": "从膝盖附近开始，轻抚着柔嫩的肌肤，一直到连接处附近。\\n同时，将腰部的动作变得柔和，像是在做着缓慢的圆周运动。"
    },
    {
        "name": "ベルゲニア",
        "message": "「啊哈啊……嗯呼呼……啊呼呼呼……虽然有点焦躁……\\n嗯唔唔唔……这个……虽然不激烈……咕噜噜噜噜」"
    },
    {
        "message": "岩白菜的身体在痉挛。她发出的喘息声，既湿润又甜美。\\n她那淫荡扭动的身体试图闭合双腿，\\n而我则继续撩拨着将其分开。"
    },
    {
        "name": "ベルゲニア",
        "message": "「啊唔唔……嗯嗯嗯……哈啊、呼呼……\\n里面也变得温暖起来了……唔呛呛呛……哈啊啊啊……」"
    },
    {
        "name": "ベルゲニア",
        "message": "「不要啦……我忍不住了……\\n啊啊，不要这样张开大腿……嗯唔唔唔……」"
    },
    {
        "name": "ベルゲニア",
        "message": "「团长大人，请……请激烈一点……\\n用力顶到最深处……嗯嗯嗯啊啊啊……」"
    },
    {
        "name": "ベルゲニア",
        "message": "「为什么不用力顶到最深处呢？\\n之前明明给了我很强烈的刺激……\\n虽然这样也很好但是却让人焦躁不安……唔呼呼呼呼呼……」"
    },
    {
        "message": "比起剧烈顶击时更加浓烈羞耻的色彩。\\n就像是被长时间熬制在浓稠的火上一样，\\n她发出温暖而湿润的喘息声。"
    },
    {
        "message": "但这边也差不多。\\n就像岩白菜身体的痉挛一样，\\n被迫害到无法自拔的性感之中。"
    },
    {
        "name": "ベルゲニア",
        "message": "「这样下去……要高潮了吗……？慢慢地……\n虽然有点，感觉很奇妙呢……\n我，快要完全陷入空白中了呢……啊啊啊啊」"
    },
    {
        "message": "极限的感觉正在逼近。\n但同时，也渴望享受这份舒适。"
    },
    {
        "name": "ベルゲニア",
        "message": "「啊哈啊啊……团长大人……我，已经不行了……\n这样下去，就要融化消失了呢……」"
    },
    {
        "name": "ベルゲニア",
        "message": "「嗯哈啊啊……要被完全融化了呢……\n被团长大人所爱着……嗯唔哈啊啊……\n啊啊……一个人就高潮了真是对不起……但是呢……唔啊啊啊！？」"
    },
    {
        "message": "一股几乎让我失去自我控制的冲动使得我的臀部向外突出。\n身体按着本能自行运动。"
    },
    {
        "name": "ベルゲニア",
        "message": "「现在这么剧烈的话……不行，不行……\n不行……太过分了……！」"
    },
    {
        "name": "ベルゲニア",
        "message": "「即使脑袋都已经变得麻痹了，再更进一步的话……！\n但是，被团长大人如此强烈地渴望着……呼呼、呼呼、喜欢呀……！\n请吧……多多地渴望着我吧……！」"
    },
    {
        "message": "受到她的请求，我紧紧地拥抱住了岩白菜。"
    },
    {
        "name": "ベルゲニア",
        "message": "「啊、啊……这么紧紧地抱着的话……\n嗯咕、唔哈、被团长大人包裹着……嗯咕唔、唔哈哈哈……！」"
    },
    {
        "name": "ベルゲニア",
        "message": "「啊、呼、啊、啊呀……要高潮了……\n这是迄今为止最厉害的……嗯咕、嗯咕、嗯啊、啊呼」"
    },
    {
        "name": "ベルゲニア",
        "message": "「团长大人也请高潮吧……呼呼、呼呼、嗯咕……\n在最深处，尽情地射出来吧……\n啊啊、啊啊呀、呼啊啊啊啊啊啊！」"
    },
    {
        "name": "ベルゲニア",
        "message": "「嗯哈啊……射出来了……热热的，势头很猛烈……啊呜呜呜……\n呼、呼哈哈……唔哈哈哈哈……！」"
    },
    {
        "message": "沉浸在悠闲的快感中，\n我们彼此经历了漫长的高潮。\n精液被完全挤出，\n身体仿佛被抽空一般无力。"
    },
    {
        "name": "ベルゲニア",
        "message": "「呼啊……还是温暖柔软着呢……」"
    },
    {
        "message": "满足的表情中透露着满足感。\n我们也因为持续的射精而沉浸在极度的满足之中。"
    },
    {
        "message": "内心真诚地希望能够沉浸在这样的余韵中。\n但是，脑海中突然浮现出工作的事情。\n中途放弃工作，陷入行为之中的事情涌上心头。"
    },
    {
        "name": "ベルゲニア",
        "message": "「团长大人，为什么一脸难过的表情呢……？\n是更想要我的吗……？」"
    },
    {
        "message": "对着像撒娇一般询问的岩白菜，我抱歉地说道。\n关于工作该怎么办才好。"
    },
    {
        "name": "ベルゲニア",
        "message": "「现在才说这个吗……？\n明明我说有工作要做，可是把我推倒的可是团长殿哦？\n还闻到了味道，你觉得我有多尴尬呢？」"
    },
    {
        "message": "言辞间透露着一丝刺痛。\n上次的行为之后她也说了些傲慢的话，\n但今天更加强烈地刺痛人心。"
    },
    {
        "name": "ベルゲニア",
        "message": "「我并没有真的生气哦\n全神贯注地进攻的团长殿，实在是太有魅力了」"
    },
    {
        "name": "ベルゲニア",
        "message": "「啊，索性就这样不去上班怎么样？\n今晚就一直……\n这不是个好提议吗？\n团长……呼呼，我的重要主人♪」"
    }
]