[
    {
        "name": "ストレリチア",
        "message": "「嘿，团长？你能休息一下吗？」"
    },
    {
        "message": "有一天晚上，鹤望兰来到房间，突然这样说道。"
    },
    {
        "name": "ストレリチア",
        "message": "「……我已经忍耐不住了\\n明明想和团长两个人独处，却总是会被别人打扰！」"
    },
    {
        "name": "ストレリチア",
        "message": "「所以我决定动用家里的钱\\n包下了高级住宿设施\\n这种机会可不多，要感激我哦？」"
    },
    {
        "message": "没想到她为了两人独处竟然做出了那样的事情。\\n要是放任她的话，鹤望兰真的会去实施吧。"
    },
    {
        "message": "我慌忙说着，只要和她在一起就已经很幸福了，地点并不重要。\\n根本不需要她特意预订那么豪华的住宿设施。"
    },
    {
        "name": "ストレリチア",
        "message": "「什么啊，真没意思……\\n明明鹤望兰大人还为你考虑了好主意……」"
    },
    {
        "name": "ストレリチア",
        "message": "「而且……只是和我在一起就觉得幸福吗……\\n这种甜言蜜语……你以为我会相信吗……？」"
    },
    {
        "message": "虽然这么说着，但她似乎有些高兴。\\n她大概希望这番话是真心的吧。"
    },
    {
        "message": "那么，只能用身体来让你相信了。\\n这么想着，我拉着她的手，将她逼到墙边。"
    },
    {
        "name": "ストレリチア",
        "message": "「啊，啊啊，进来了……嗯，嗯呜呜」"
    },
    {
        "message": "我们依然站着的姿势，把勃起的部分刺入她的阴道。\\n因为她并不是很湿润，所以非常狭窄。"
    },
    {
        "name": "ストレリチア",
        "message": "「哈……好、太粗了……啊啊，里、里面、被撑开了……呜\\n已经……你到底有多兴奋啊……哈」"
    },
    {
        "message": "虽然她有些困惑地说着，但完全没有抵抗的迹象。\\n反而自己主动用臀部向前推，试图更深地接纳。"
    },
    {
        "name": "ストレリチア",
        "message": "「哈……没、没有讨厌啦……！\\n已、已经……为什么突然间要做这种像野兽一样的事情……哈……」"
    },
    {
        "message": "因为之前她说了很多喜欢我的话，我也想表达我的心意。\\n这样想着，在她耳边轻声说了喜欢你。"
    },
    {
        "name": "ストレリチア",
        "message": "「喜、喜欢……！\\n这种事情不用特意说出来啦……啊啊……！」"
    },
    {
        "message": "尽管她嘴上这么说，但她的粘膜却愉快地有些反应。\\n看到这种反应，我更加得意地一遍又一遍地说喜欢你。"
    },
    {
        "name": "ストレリチア",
        "message": "「啊……！啊，那、那个……！\\n好、好害羞啊，别……别这样……啊！」"
    },
    {
        "message": "对爱的低语作出回应，柔褶高兴地缠绕在阴茎上。\\n已经准备好了吧，慢慢地向里面推进。"
    },
    {
        "name": "ストレリチア",
        "message": "「……啊、呜……！\\n团长的肉棒……在我里面撞击着……嗯啊！」"
    },
    {
        "message": "龟头轻轻碰触到最深处，阴茎完全填满她的体内。\\n她的表情变得迷离，陶醉其中。"
    },
    {
        "message": "一边在鹤望兰耳边轻声诉说着爱的言语，\\n一边开始缓慢地前后摆动着腰部。"
    },
    {
        "name": "ストレリチア",
        "message": "「嗯啊！那、那个，别、别这样……！\\n不、不用每次都说……我不是说过了吗……啊！」"
    },
    {
        "message": "虽然这么说着，粘膜高兴地颤动着，\\n阴道深处不断地流出热烈的甜蜜。\\n果然，身体比言语更加真诚。"
    },
    {
        "name": "ストレリチア",
        "message": "「啊、呜、啊……已经……\\n被你这么多次说喜欢了……啊、呜、啊」"
    },
    {
        "name": "ストレリチア",
        "message": "「身体在、抽搐着，发麻着……！\\n感觉有点奇怪……嗯咿咿！？」"
    },
    {
        "message": "抱着她的腰部加快了冲刺，她的喘息声变得更加高亢。\\n连接处发出啪啪的水声，淫靡地在房间里回荡。"
    },
    {
        "name": "ストレリチア",
        "message": "「啊、哈、啊、哈……！\\n嗯，那个地方……被肉棒填满了……哈啊！」"
    },
    {
        "message": "鹤望兰身体扭动着传达着快感。\\n已经没有任何抵抗的话语，看来完全变得顺从了。"
    },
    {
        "name": "ストレリチア",
        "message": "「没、没办法呢……\\n光是和我在一起就感到开心吗……」"
    },
    {
        "name": "ストレリチア",
        "message": "「好、好吧，我会相信你的……\\n所以……再说一遍」"
    },
    {
        "name": "ストレリチア",
        "message": "「鹤望兰大人，我爱您……我对鹤望兰大人死心塌地\\n快，复述一遍……！」"
    },
    {
        "message": "按照她的意愿复述后，鹤望兰满意地呼出一口气。"
    },
    {
        "name": "ストレリチア",
        "message": "「啊、哈、啊、哈……好了……再说一遍……\\n嗯，在我满意之前……不许停下来……哈、啊」"
    },
    {
        "message": "在刺激着阴道深处的同时，给予她所期盼的言语。\\n深处不断地滴落爱液，紧紧地缠绕在勃起之上。"
    },
    {
        "name": "ストレリチア",
        "message": "「啊、啊、嗯啊……我也、喜欢你……！ 团长，我爱你……！」"
    },
    {
        "name": "ストレリチア",
        "message": "「只要能在一起……心灵相通，那就足够了……！\\n地方和周围的事都不重要……！\\n所以，请把你的一切都给我吧……！」"
    },
    {
        "message": "被她的话煽动着，腰部有力地来回。\\n愉悦的摩擦感让阴茎在阴道内更加坚硬。"
    },
    {
        "name": "ストレリチア",
        "message": "「啊、顶得好……摩擦着呢！\\n我最爱的团长的肉棒，在我体内，猛烈地抽动着……啊！」"
    },
    {
        "name": "ストレリチア",
        "message": "「我……不行了……！\\n感、感觉太舒服了，要出问题了……啊呜！」"
    },
    {
        "message": "鹤望兰微微扭动身体，将腰部向这边压过来。\\n那是一种无意识地贪婪迎合快感的动作。"
    },
    {
        "name": "ストレリチア",
        "message": "「啊……嗯呼……啊……啊呜……！\\n再深一点……再深入里面……啊、啊呜……！！」"
    },
    {
        "name": "ストレリチア",
        "message": "「因为喜欢你……因为爱着团长才……！\\n想要到最深处去……啊、嗯呼、啊呜……！」"
    },
    {
        "message": "为了回应她的情感，进行更加深入的抽插。\\n满是爱意的阴道肌肉和阴茎摩擦发出声响，\\n带来一种强烈的快感。"
    },
    {
        "name": "ストレリチア",
        "message": "「啊……团长，舒服吗……？\\n好的……在我里面，让肉棒猛烈抽插吧……！」"
    },
    {
        "name": "ストレリチア",
        "message": "「在我的小穴深处……感觉好极了……！\\n想要的时候，尽管射精吧……啊、哈啊……！」"
    },
    {
        "message": "被她淫荡的话语刺激着，\\n射精的冲动从阴茎根部迅速升腾。"
    },
    {
        "name": "ストレリチア",
        "message": "「团长也……高兴吧……？\\n喜欢的我的小穴，想怎么样都可以……\\n啊……哈……嗯……哈啊……！！」"
    },
    {
        "message": "鹤望兰仰起上身，发出尖细的娇喘声。\\n每一次律动都带出大量爱液，溅起热烈的飞溅，将周围打湿。"
    },
    {
        "name": "ストレリチア",
        "message": "「要……我要高潮了……！\\n一起来吧，团长……快过来……！」"
    },
    {
        "message": "她仍然以高高在上的口吻，紧紧地包裹着阴茎。\\n此刻，我也到了极限。"
    },
    {
        "name": "ストレリチア",
        "message": "「不、不行了……要来了……要高潮了！\\n啊、要高潮了高潮了高潮了……！！」"
    },
    {
        "name": "ストレリチア",
        "message": "「啊、哈啊啊啊啊……！？\\n里面、热热的、滴滴答答地流着……哈啊！」"
    },
    {
        "message": "激烈的快感袭击下半身后，阴茎尖端强劲地喷出精液。\\n阴道剧烈地痉挛，仿佛在挤压精液。"
    },
    {
        "name": "ストレリチア",
        "message": "「哈……不、不行……动不了了……\\n团长……你到底有多猛烈啊……哈……」"
    },
    {
        "message": "随着高潮的平息，鹤望兰的身体失去了力气。\\n她的阴道里，混合着爱液和精液的液体黏稠地溢出来。"
    },
    {
        "message": "稍事休整后，\\n再次询问她是否明白了我的心意。"
    },
    {
        "name": "ストレリチア",
        "message": "「嗯……已经非常清楚了……\\n真的……只要有我在，你就满足了吗……」"
    },
    {
        "name": "ストレリチア",
        "message": "「我现在也是这样的心情……只要团长在就足够了\\n但是……」"
    },
    {
        "message": "说完这些后，她用挑衅的眼神盯着我。"
    },
    {
        "name": "ストレリチア",
        "message": "「总有一天，我一定会用我的魅力让你神魂颠倒\\n让除了我以外的女孩都对你无动于衷\\n呵呵……做好觉悟吧？」"
    },
    {
        "message": "鹤望兰如宣战一般说道。\\n她嘴角挂着一抹妖艳的笑容。"
    }
]