[
    {
        "name": "ベルゲニア",
        "message": "「主、主人，打扰了。您的专属女仆，岩白菜在此。」"
    },
    {
        "message": "背对着书桌，笨拙的岩白菜。自己提出要求陪她一起玩女仆游戏的结果。似乎是想要改变一下那个没有娱乐性格的理由。"
    },
    {
        "message": "但是，这不是岩白菜一个人能想到的事情。听说是受到了日本紫茎的妄想癖的影响。"
    },
    {
        "name": "ベルゲニア",
        "message": "「如、如果有什么需要，请随时吩咐。作为女仆的我会为了主人而尽心尽力。」"
    },
    {
        "name": "ベルゲニア",
        "message": "「嗯……光等待命令是不行的呢。毕竟只有让主人满意才能称得上是女仆，日本紫茎也这么说过吧。」"
    },
    {
        "message": "陷入沉思的岩白菜。过了一会儿，她把手放在桌子上，臀部朝向这边。裙子抬起，脸上泛起羞愧之色。"
    },
    {
        "name": "ベルゲニア",
        "message": "「主、主人，我将为您提供夜间服务……如果您……希望的话……」"
    },
    {
        "name": "ベルゲニア",
        "message": "「请、请不要犹豫。女仆的职责就是让主人感到高兴……！」"
    },
    {
        "message": "她的声音有些紧张。虽然提出了要求，但似乎还有些困惑。但是不能无视她想要向前迈进的心情。慢慢地插入龟头摩擦着阴道口，一点点地往里挺入。"
    },
    {
        "name": "ベルゲニア",
        "message": "「嗯，热热硬硬的进入了我……呜呼……\n进来了……主人的大家伙……！」"
    },
    {
        "message": "一片困惑。感觉到肉壶也在某种程度上紧张。即便如此，岩白菜还是给予了奉仕之言。"
    },
    {
        "name": "ベルゲニア",
        "message": "「请、请动一动……按照主人的……喜好……使用女仆的身体……」"
    },
    {
        "message": "满足请求开始抽送，却自然而然地变得缓慢起来。"
    },
    {
        "name": "ベルゲニア",
        "message": "「啊，不用这么温柔……啊哈啊……\n女仆不需要被温柔对待……嗯，呜呼……」"
    },
    {
        "message": "自我贬低，或许是为了完全扮演女仆的角色吧。\n但是，粗鲁对待又让人难以启齿。\n一边摩擦着阴道以缓解紧张，一边加快了动作。"
    },
    {
        "name": "ベルゲニア",
        "message": "「唔呼，啊，嗯嗯……有点激烈起来了呢\n对，再……随意一些吧」"
    },
    {
        "name": "ベルゲニア",
        "message": "「唔哈，呼，嗯呼……再、再来点……\n主人应该更喜欢激烈的\n应该更喜欢顶击到最深处吧……」"
    },
    {
        "message": "她的拼命让人有些在意。\n如果想改变那个没有乐趣的自己，就必须享受这种行为。"
    },
    {
        "message": "所以，我告诉了岩白菜。\n很舒服。可以更随自己的意愿。"
    },
    {
        "name": "ベルゲニア",
        "message": "「谢、谢谢您夸奖我……\n那么……嗯……我会按照自己的意愿……让您感受到的」"
    },
    {
        "name": "ベルゲニア",
        "message": "「作为女仆，我将一切奉献给主人……啊，啊呜……让我更加尽心尽力吧……啊呀呀，这是现在最……重要的事情了」"
    },
    {
        "message": "随着爱液的增多，声音的僵硬也在逐渐消失。"
    },
    {
        "name": "ベルゲニア",
        "message": "「啊……背后，有点麻麻的……\n呼呼，呼呼，身体也开始发热了……」"
    },
    {
        "message": "随着呼吸的变化，我的情绪也变得激动起来。\n冲击自然而然地加快，更加渴望深处。"
    },
    {
        "name": "ベルゲニア",
        "message": "「啊哈啊……主人用强劲的力量顶击到最深处……\n主人也被点燃了吧……嗯咕，嗯咕」"
    },
    {
        "name": "ベルゲニア",
        "message": "「我也、会好好服侍主人\n为了让您满意……嗯哈……」"
    },
    {
        "message": "岩白菜也开始运动起腰部。\n被顶击而摇摆的臀肉，配合着我的冲击。"
    },
    {
        "name": "ベルゲニア",
        "message": "「我的身体……怎么样……\n已经成为了侍奉的对象吗……\n嗯咕，啊，呼呼……因为不太习惯……嗯呀」"
    },
    {
        "name": "ベルゲニア",
        "message": "「虽然没有主人那么拿手……\n但彼此一起动的话，快感就会……快感会……啊啊啊啊！」"
    },
    {
        "message": "伴随着异常大的喘息声，阴道肌肉扭动着。\n强烈地缠绕在阴茎上。"
    },
    {
        "name": "ベルゲニア",
        "message": "「对、对不起……\n实在忍不住，发出了咕噜的声音」"
    },
    {
        "name": "ベルゲニア",
        "message": "「啊哈啊……小穴本身，\n想要让主人感到舒服……\n主人的……呜呜……可爱极了」"
    },
    {
        "name": "ベルゲニア",
        "message": "「哎呀！？ 突然就……\n至少也说句话呀……嗯，嗯！」"
    },
    {
        "message": "被说出这样淫荡的话语，摆动腰部是理所当然的。\n与平时不同的多话让人心痒难耐。"
    },
    {
        "name": "ベルゲニア",
        "message": "「嗯，啊，啊，啊，嗯啊……\n但是只有变得激烈才是主人……\n小梅的阴道，请尽情享用吧……」"
    },
    {
        "message": "高兴地喘息着，从秘处滴下甘露的岩白菜。\n寻求更加淫荡的姿势，手自然而然地伸向了乳房。"
    },
    {
        "name": "ベルゲニア",
        "message": "「啊……胸部……不要啊，从后面抓住我……\n也想感受主人的前面……啊呵呵」"
    },
    {
        "name": "ベルゲニア",
        "message": "「您觉得如何……女仆的胸部，满意吗？\n那、那么大的话……」"
    },
    {
        "message": "手掌吸附在上面的感触给予幸福感，情绪变得更加高涨。"
    },
    {
        "name": "ベルゲニア",
        "message": "「嘿啊啊！ 胸部，这么用力的话……\n虽然可以挤压，但是没有奶水哦……哈啊啊啊啊！」"
    },
    {
        "message": "每次强力揉捏乳房时，阴道肌肉像在吸附一样收紧。"
    },
    {
        "name": "ベルゲニア",
        "message": "「胸部被粗鲁对待，深入到内部……\n明明是为了侍奉您才对，我却感到更舒服了……」"
    },
    {
        "name": "ベルゲニア",
        "message": "「啊、啊、啊、啊……不行，不行……要垮下去了……\n要撑住才行……啊、啊、啊啊啊啊！」"
    },
    {
        "message": "岩白菜背后仰起，内侧大腿紧贴。\n身体颤抖得几乎要支离破碎。"
    },
    {
        "name": "ベルゲニア",
        "message": "「主人，主人……！ 全身都在颤抖着……\n但是……嗯呼，哈、啊呜……忍耐才是女仆的本分呢……」"
    },
    {
        "message": "喘息声中，越来越多地呼唤着主人。\\n女仆内心也许已经溶化了吧。"
    },
    {
        "message": "如此罕见，淫秽的景象。\\n再加上涌上心头的刺激，我也陷入了狂喜的境地。"
    },
    {
        "name": "ベルゲニア",
        "message": "「啊、啊、啊、嗯、呼、呼……主人的，更加变大了……\\n射精……嗯嗯……要出来了……嗯」"
    },
    {
        "name": "ベルゲニア",
        "message": "「睾丸里的东西，顶端的……嗯嗯嗯……\n深处，被主人的……！」"
    },
    {
        "message": "期待着兴奋的岩白菜。\\n只有这一点是清楚的。微小的变化，已经无法进入我的脑海。"
    },
    {
        "name": "ベルゲニア",
        "message": "「主人，主人……！\n小穴，鸡巴在亲吻舔舐不停……\n一直说想要亲吻着！」"
    },
    {
        "name": "ベルゲニア",
        "message": "「主人也沉迷地扭动着腰\n变得淫荡，变得越来越不正常了！」"
    },
    {
        "message": "持续高涨的射精欲望，似乎快要超越忍耐的极限。"
    },
    {
        "name": "ベルゲニア",
        "message": "「主人，您想要射精对吧\n没有必要忍耐\n就这样吧，我会接下去喝下来的……」"
    },
    {
        "name": "ベルゲニア",
        "message": "「当然，我也会一起高潮的……\\n和主人一起，身体颤抖着达到高潮！」"
    },
    {
        "name": "ベルゲニア",
        "message": "「啊，嗯咕、呼啊……要来了……要来了……\\n主人，主人……主人啊……！」"
    },
    {
        "name": "ベルゲニア",
        "message": "「哈啊、哈啊哈啊、哈啊……好温暖……嗯啊啊……\\n主人的精液……啊哈啊哈啊……」"
    },
    {
        "message": "岩白菜无力地倚在桌子上。\\n身体还在颤抖着，高潮的余韵仍在持续。"
    },
    {
        "name": "ベルゲニア",
        "message": "「主人……主人……啊啊啊啊啊……」"
    },
    {
        "message": "从背后紧紧拥抱住不断发出恍惚声音的岩白菜。\\n即使行为结束，她迷人的姿态自然而然地让我这样做。"
    },
    {
        "name": "ベルゲニア",
        "message": "「谢谢您呢……哈啊、哈啊……嗯咕……\\n被主人紧紧拥抱着，感到幸福呢……」"
    },
    {
        "message": "女仆似乎还没有完全放松下来。\\n像在怀抱中享受爱一样，她的颤抖终于渐渐平息。"
    },
    {
        "name": "ベルゲニア",
        "message": "「非常舒服呢。\n主人感觉如何呢？\n我能好好侍奉您吗？」"
    },
    {
        "message": "被那淫荡的模样所迷住，我坦率地告白了。"
    },
    {
        "name": "ベルゲニア",
        "message": "「迷住……呵呵，听到您这么说，我很高兴\\n但是……这是在说平时的我没有魅力吗？\\n如果不淫荡的话，您就不会理会像我这样的吗？」"
    },
    {
        "message": "出乎意料之外的嚣张台词。想回答，却说不出话来。"
    },
    {
        "name": "ベルゲニア",
        "message": "「呵呵……只是开玩笑啦，主人大人\\n但是，看您这么高兴，我再为您腾出时间吧？\\n像现在这样，给您充分的侍奉时间」"
    }
]