[
    {
        "name": "ストレリチア",
        "message": "「嗯……！ 嗯，哈啊，哈啊……进去了」"
    },
    {
        "message": "骑在上面的鹤望兰，把龟头对准阴道口，\\n慢慢坐下，吞没了勃起的部分。"
    },
    {
        "name": "ストレリチア",
        "message": "「真是的……就因为我太有魅力了，\\n才会变得这么大……嗯嗯」"
    },
    {
        "message": "言辞与实际相反，面对陌生的刺激，鹤望兰的身体颤抖着。\\n为了关心她的身体，想要改变姿势。\\n但是，却被鹤望兰拒绝了。"
    },
    {
        "name": "ストレリチア",
        "message": "「不、不行！明明我说了要在上面！\\n这位鹤望兰大人要压在你身上还早得很呢！」"
    },
    {
        "message": "看来即使在这种时候也保持着高贵的自尊心。\\n不过显然鹤望兰并没有这方面的经验。\\n把一切都交给她会不会没问题呢。"
    },
    {
        "name": "ストレリチア",
        "message": "「不用担心！\\n你只需要……嗯……专心享受就好……考虑一下吧」"
    },
    {
        "message": "笨拙地动着腰部，鹤望兰开始摆动起来。\\n滑腻的阴道皱褶轻抚着勃起部分。"
    },
    {
        "name": "ストレリチア",
        "message": "「嗯嗯，呵呵，只是稍微动了一下而已，\\n你就露出那么舒服的表情」"
    },
    {
        "name": "ストレリチア",
        "message": "「舒服吧？嘻嘻，说啊，你觉得鹤望兰的小穴舒服吗？来，说出来」"
    },
    {
        "message": "鹤望兰笑着说道。为了不被她的刺激所打败，我伸手去摸她的乳房。"
    },
    {
        "name": "ストレリチア",
        "message": "「嗯嗯，啊，别……！别、调皮啦，啊，不行啦……！」"
    },
    {
        "message": "用指尖轻抚着柔软的触感。鹤望兰因为乳房被揉捏而感到羞耻和刺激而扭动着身体。"
    },
    {
        "name": "ストレリチア",
        "message": "「啊呜，嗯嗯……等、等一下，别、别碰奇怪的地方」"
    },
    {
        "message": "鹤望兰的腰停止了动作。看到这一幕，这次是我主动向上顶了一下。"
    },
    {
        "name": "ストレリチア",
        "message": "「啊呀，啊啊啊！！」"
    },
    {
        "message": "仅仅是这么一点点动作，鹤望兰就仰起身体发出了娇喘声。"
    },
    {
        "name": "ストレリチア",
        "message": "「嗯、笨蛋……明明、明明我说了不要……」"
    },
    {
        "message": "身体颤抖着，鹤望兰勉强发出声音。\\n然后，仿佛吓了一跳般，她转开了脸。"
    },
    {
        "message": "那张脸，是我从未见过的，\\n鹤望兰迷醉的表情。"
    },
    {
        "name": "ストレリチア",
        "message": "「不要……嗯嗯，现在、\\n不要看我的脸……」"
    },
    {
        "message": "像是任性的孩子一样摇着头，想要掩饰那迷醉的表情的鹤望兰。"
    },
    {
        "message": "然而，我将手搭在她炽热的脸颊上，让她转向我这边。"
    },
    {
        "name": "ストレリチア",
        "message": "「唔唔唔……别、别说不行……嗯嗯！？」"
    },
    {
        "message": "无视鹤望兰的话语，直接与她亲吻在一起。\\n被堵住双唇的鹤望兰从鼻子中发出闷响的声音和呼吸声。"
    },
    {
        "name": "ストレリチア",
        "message": "「嗯嗯嗯……啾……嗯嗯、嗯嗯嗯」"
    },
    {
        "message": "分开她的双唇，伸出舌尖。\\n一开始还在抵抗的鹤望兰渐渐开始与我的舌相缠。"
    },
    {
        "name": "ストレリチア",
        "message": "「嗯，啾……嘞啰……嗯嗯啾啾……\\n嗯嗯，啰啰……嗯嗯……」"
    },
    {
        "message": "互相吸吮着对方的嘴唇，不知不觉间身体已经相互摩擦在一起。"
    },
    {
        "message": "然后，慢慢地好像在依依不舍地分开双唇。"
    },
    {
        "name": "ストレリチア",
        "message": "「嗯嗯，呼哈……哈，嗯，哈哈……哈哈……\\n喜、喜欢你……嗯，团长，喜欢你……」"
    },
    {
        "message": "伴随着炽热的呼吸而说出的话语。\\n平日里绝不会说出口的鹤望兰的真心，\\n如同决堤般涌现了出来。"
    },
    {
        "name": "ストレリチア",
        "message": "「喜欢……非常喜欢……\\n团长的事情，你的事情我都非常喜欢……\\n喜欢得快要让我窒息了……非常喜欢」"
    },
    {
        "name": "ストレリチア",
        "message": "「每天，每天都只想着你的事情……\\n这么渴望的感觉，是我第一次」"
    },
    {
        "message": "在沉浸在快感中凝视着这边，\\n鹤望兰颤抖着声音坦白道。"
    },
    {
        "name": "ストレリチア",
        "message": "「想要你……无论做什么，\\n就算用掉我全部的财产，我也要你……嗯」"
    },
    {
        "message": "鹤望兰颤抖着四肢，缓慢地扭动着腰部。"
    },
    {
        "name": "ストレリチア",
        "message": "「嗯嗯……我知道，无论付出多少金钱，也无法买到你的时间和身体……嗯嗯」"
    },
    {
        "name": "ストレリチア",
        "message": "「但是……啊啊，但是但是，\\n我就是那么渴望你啊！」"
    },
    {
        "name": "ストレリチア",
        "message": "「喜欢……喜欢喜欢喜欢……非常喜欢……！」"
    },
    {
        "message": "如同一个渴求着想要的孩子一般，\\n鹤望兰发出了一声痛苦的呻吟。"
    },
    {
        "message": "为了回应她的心意，\\n我也向上顶了起来。\\n阴道湿润异常，刺激着坚挺的勃起。"
    },
    {
        "name": "ストレリチア",
        "message": "「啊呀！嗯嗯嗯……深、深一点……！\\n啊啊，嗯嗯，好、好舒服……啊啊！」"
    },
    {
        "name": "ストレリチア",
        "message": "「再多一点，再多一点！\\n你的事情，再多一点给我……给我！\\n啊啊，嗯嗯……！！」"
    },
    {
        "message": "阴道深处溢出了爱液。\\n每次顶起时，勃起在阴道内搅动着爱液。"
    },
    {
        "name": "ストレリチア",
        "message": "「啊啊啊！再多一点，再多一点给我你自己！\\n我会把我的一切，全部都给你……！」"
    },
    {
        "name": "ストレリチア",
        "message": "「想要的，好多好多……！\\n啊啊啊，嗯嗯嗯……！我、我喜欢你！！」"
    },
    {
        "message": "阴道紧紧地收缩着阴茎。\\n粗糙的阴道皱褶每次划过勃起的整个部位，\\n快感从腰部深处涌上。"
    },
    {
        "name": "ストレリチア",
        "message": "「舒、舒服吗？你的鸡巴在颤抖着……嗯嗯\\n我也、好舒服……！啊啊啊！」"
    },
    {
        "name": "ストレリチア",
        "message": "「感觉很爽……在我体内，感觉很爽！！」"
    },
    {
        "message": "鹤望兰的话语更加激起了射精的冲动。\\n逐渐明白已经无法再忍耐下去。"
    },
    {
        "name": "ストレリチア",
        "message": "「啊啊……鸡巴，在我体内颤抖着……嗯嗯，\\n好吧，射出来吧……把你的精液给我！」"
    },
    {
        "name": "ストレリチア",
        "message": "「……所以……不要放过我哦……嗯、\\n如果射在外面，可不会放过你哦……！」"
    },
    {
        "message": "她含着泪眼看向这边，鹤望兰可爱地瞪着眼。\\n那眼神成了最后的推动力。"
    },
    {
        "name": "ストレリチア",
        "message": "「啊，嗯嗯……啊啊啊啊啊……！！！！」"
    },
    {
        "name": "ストレリチア",
        "message": "「嗯，啊啊……啊啊啊！！！！」"
    },
    {
        "message": "用力抽送，射精在阴道深处。\\n阴茎不断搏动，喷出精液。"
    },
    {
        "name": "ストレリチア",
        "message": "「啊啊……好厉害……射到深处了……！\\n啊啊……抽搐着……好多……」"
    },
    {
        "name": "ストレリチア",
        "message": "「嗯，好的，尽情地释放吧……\\n全部、全部都要……给我吧……」"
    },
    {
        "name": "ストレリチア",
        "message": "「你的精子……嗯嗯，全部都是我的……嗯，\\n全部都想要……啊啊」"
    },
    {
        "message": "是出于意愿呢，还是本能下潜意识所为呢，\\n阴道紧紧地挤压着阴茎引导射精。"
    },
    {
        "message": "仿佛在暗示一滴也不留下，\\n阴道轻柔地挤压着阴茎。"
    },
    {
        "name": "ストレリチア",
        "message": "「嗯，全、全部都出来了？\\n在我体内，射得够多吗？」"
    },
    {
        "message": "鹤望兰一边喘着热气，一边询问着。\\n然而，在那舒适的余韵中，我只能点头回答。"
    },
    {
        "name": "ストレリチア",
        "message": "「呵呵，是吗，太好了……\\n我也，感觉非常舒服……」"
    },
    {
        "message": "说着，鹤望兰把脸埋在我的胸前。\\n我抱住她柔软的身体，轻抚着她的头。"
    },
    {
        "message": "我们就这样拥抱了一会儿。\\n但是，鹤望兰抬起头说道。"
    },
    {
        "name": "ストレリチア",
        "message": "「……团长，那个，还、还想……再来一次」"
    },
    {
        "name": "ストレリチア",
        "message": "「不、不许说不行！\\n再来一次，我要团长的……！」"
    },
    {
        "message": "看着一直渴望不已的鹤望兰，\\n我不禁笑了出来。"
    },
    {
        "name": "ストレリチア",
        "message": "「你、你笑什么！再来一次！\\n我要和鹤望兰大人发生关系！\\n快、快重复一遍！」"
    }
]