[
    {
        "name": "ベルゲニア",
        "message": "「嗯……！ 哼，哈啊，哈啊……！」"
    },
    {
        "message": "将龟头搭在秘处，向前推进。"
    },
    {
        "message": "岩白菜的内部仍然很紧，抵抗也很强。\\n感受到的是紧绷的阴道肌肉触感。"
    },
    {
        "name": "ベルゲニア",
        "message": "「哼，请、不要在意，团长大人……」"
    },
    {
        "message": "停下腰部的动作，岩白菜用温和的目光看向这边。"
    },
    {
        "name": "ベルゲニア",
        "message": "「这是、我自己希望的事情……\\n请不要、在意我……」"
    },
    {
        "message": "重复着话语，她抬起了腰部。\\n为了更容易迎接阴茎，她的双腿也用力张开。"
    },
    {
        "name": "ベルゲニア",
        "message": "「邀请是我发出的……\\n虽然确实有其他更好的方法……」"
    },
    {
        "name": "ベルゲニア",
        "message": "「我、无法用言语表达得很好……\\n至少，希望能用身体传达我的心意，所以……」"
    },
    {
        "message": "她微笑着，似乎想要表达些什么。\\n既然她已经接受了我的身体，那么我当然能理解。"
    },
    {
        "message": "但是，一边忍受着疼痛，这未免太过悲伤了。"
    },
    {
        "name": "ベルゲニア",
        "message": "「啊……团长大人，你在做什么……嗯！？」"
    },
    {
        "message": "触碰到她的秘处的瞬间，岩白菜发出了声音。\\n她大概没有料到会被触碰到。"
    },
    {
        "message": "为了回应她的感受，也为了减轻她的痛苦，\\n我开始抚摸颤抖的秘处。"
    },
    {
        "name": "ベルゲニア",
        "message": "「啊，啊啊……好羞耻……\\n请不要在意我……」"
    },
    {
        "name": "ベルゲニア",
        "message": "「团长大人，你只考虑自己舒服的事情\\n就好了，请、不要……！」"
    },
    {
        "message": "这样是不行的。\\n只有一方感受到快乐是不应该的。"
    },
    {
        "message": "当我坦诚地表达这样的想法时，\\n岩白菜露出了罕见的表情。"
    },
    {
        "name": "ベルゲニア",
        "message": "「唔，团长大人果然说话很直接啊……\\n因为是团长大人，所以我……」"
    },
    {
        "message": "脸颊泛起红晕，岩白菜轻声呢喃。"
    },
    {
        "name": "ベルゲニア",
        "message": "「嗯，嗯嗯……！背后有点发凉……\\n感觉肚子里好像要敞开了一样……」"
    },
    {
        "name": "ベルゲニア",
        "message": "「因为是深爱的团长大人，所以才会这样……\\n啊，诶……我，现在……？」"
    },
    {
        "message": "紧接着，眼中掺杂着羞耻。\\n她一脸困惑地停住了嘴，视线开始游移。"
    },
    {
        "name": "ベルゲニア",
        "message": "「我，现在……说了什么……而且，为什么，这么容易就……」"
    },
    {
        "message": "尽管表情充满困惑，她的身体却开始变得兴奋。\\n深入的阴茎被爱液包裹着，通往深处的道路渐渐展开。"
    },
    {
        "name": "ベルゲニア",
        "message": "「原来是刚才的话语，是团长大人引出来的吗……」"
    },
    {
        "message": "找到答案后，岩白菜轻声喃喃道。"
    },
    {
        "name": "ベルゲニア",
        "message": "「那个，团长大人……刚才的话，没有让您感到困扰吗……？\\n像我这样毫无魅力的人竟然说喜欢您……」"
    },
    {
        "message": "她摇了摇头，表示并不觉得如此。\\n身体诚实地作出了回应，这就是证明。"
    },
    {
        "name": "ベルゲニア",
        "message": "「嗯……团长大人的，已经在我体内变得更加……\\n您是在感受到我的魅力吗？」"
    },
    {
        "name": "ベルゲニア",
        "message": "「谢谢您……\\n那我……会更加表达我的心意的……所以」"
    },
    {
        "name": "ベルゲニア",
        "message": "「我的心意……那个，\\n请用团长大人的肉棒，再更深入地引出来吧……！」"
    },
    {
        "message": "对着她挤压出的请求，阴茎深入到最深处。\\n被爱抚后放松的肌肉迎接着它。"
    },
    {
        "name": "ベルゲニア",
        "message": "「嗯嗯，完全沉浸在我的内里……！\\n一点也不疼痛了……！」"
    },
    {
        "message": "对着真实的喘息声，这次将阴茎拉出到近乎顶端。"
    },
    {
        "name": "ベルゲニア",
        "message": "「啊啊啊啊啊啊……！ 刚才的感觉好奇怪……！\\n就好像肉棒和我的腹部一起被拉扯出来一样……！」"
    },
    {
        "message": "岩白菜的身体，仿佛在承受着痉挛。\\n在快感的震颤中，感官变得更加丰满。"
    },
    {
        "name": "ベルゲニア",
        "message": "「啊，团长大人，您看着我，感到高兴……！\\n我很高兴，嗯，真的很高兴……！」"
    },
    {
        "name": "ベルゲニア",
        "message": "「再……请多看着我！\\n如果团长大人感到高兴的话……！」"
    },
    {
        "message": "在被阴茎玩弄的同时，直直地凝视着这边。\\n眼中浮现出一抹炽热。"
    },
    {
        "name": "ベルゲニア",
        "message": "「为了让团长大人感到舒服，如果需要的话……！\\n我会变得更加淫荡，传达我的心意！」"
    },
    {
        "name": "ベルゲニア",
        "message": "「所以肉棒啊！请更深入我的小穴里吧！\\n把我体内的一切都拉扯出来吧！」"
    },
    {
        "message": "对于鼓起勇气的呼喊作出回应，\\n掀开泥泞的内部，向深处刺去。"
    },
    {
        "name": "ベルゲニア",
        "message": "「哈啊，嗯啊啊！肉棒，嗡嗡地……\\n摇撼着腹部深处……！」"
    },
    {
        "name": "ベルゲニア",
        "message": "「力量好强……！\\n团长大人的肉棒，让我全身都感受到了！」"
    },
    {
        "name": "ベルゲニア",
        "message": "「啊，啊，嗯啊啊！再擦一点，再擦一点小穴！\\n虽然很淫荡，但感觉停不下来！」"
    },
    {
        "message": "每次插入、抽出时，\\n柔软的阴道褶皱紧紧地缠绕在阴茎上。"
    },
    {
        "name": "ベルゲニア",
        "message": "「喜欢，非常喜欢……！\\n所以我的小穴也拼命地缠绕着肉棒……！」"
    },
    {
        "name": "ベルゲニア",
        "message": "「啾啾吸附着……！\\n我在说不想放开它呢！」"
    },
    {
        "name": "ベルゲニア",
        "message": "「啊，啊啊啊……亲吻、亲吻……！\\n要更多地亲吻肉棒呢！」"
    },
    {
        "message": "冷静而温顺的岩白菜，\\n展现出这样不堪入目的姿态。"
    },
    {
        "message": "这个事实无法抑制地煽动起我的情欲。\\n更想看到，更用力地扣动腰部。"
    },
    {
        "name": "ベルゲニア",
        "message": "「呀啊啊啊啊啊！？\\n团长大人，陛下，都沉迷于我……！」"
    },
    {
        "name": "ベルゲニア",
        "message": "「幸福……即使是没有魅力的我，嗯！\\n变得淫荡就能迷住心爱的人，是吧……！」"
    },
    {
        "message": "岩白菜在扭动着肉褶，发出了欢喜的声音。\\n但是，她的话内容让我有点在意。"
    },
    {
        "name": "ベルゲニア",
        "message": "「团长大人……？\\n我……说了什么奇怪的事情吗……？」"
    },
    {
        "message": "她的好意让我感到很高兴。\\n正因为如此，我想要她修改一件事。"
    },
    {
        "message": "岩白菜平常就是一个迷人的女孩。\\n我一直都这么认为。"
    },
    {
        "name": "ベルゲニア",
        "message": "「啊……团长大人……」"
    },
    {
        "message": "也许是因为那份告白，阴道微微抽搐起来。\\n我猜测着那意味着什么，加快了抽插的速度。"
    },
    {
        "name": "ベルゲニア",
        "message": "「啊，啊啊啊……刚才那个，嗯嗯！\\n小穴，咕噜地叫了出来！」"
    },
    {
        "name": "ベルゲニア",
        "message": "「团长大人说我迷人，我……我……！\\n这是在暗示要高潮吗？」"
    },
    {
        "message": "因为她的献身，我的忍耐也到了极限。"
    },
    {
        "name": "ベルゲニア",
        "message": "「团长大人，团长大人！我好像要高潮了！\\n小穴，好开心，好像要炸开了！」"
    },
    {
        "name": "ベルゲニア",
        "message": "「啊，就这样，就这样……一直到最后一刻，和我在一起！\\n请看着我高潮的样子……！」"
    },
    {
        "name": "ベルゲニア",
        "message": "「呼啊啊啊啊啊啊啊啊！？\\n小穴，好像要高潮了！」"
    },
    {
        "message": "伴随着岩白菜的高潮，将精液射入她的阴道深处。"
    },
    {
        "name": "ベルゲニア",
        "message": "「嗯呜，嗯嗯嗯嗯嗯～～……！\\n小穴，深处……团长大人充满了哦……」"
    },
    {
        "message": "充满着张开的那里的精液。\\n这种触感让岩白菜的腹部颤抖不已。"
    },
    {
        "message": "射精结束后，她迷离地看着我。"
    },
    {
        "name": "ベルゲニア",
        "message": "「哈，哈，哈……团长大人\\n今天那个……谢谢你了」"
    },
    {
        "name": "ベルゲニア",
        "message": "「但是，竟然会乱成这样……\\n而且说了很多害羞的话……」"
    },
    {
        "message": "回想起自己的淫态，汗水浸湿的皮肤涌现出绯红。\\n主动迈出的一步，但毕竟还是很害羞吧。"
    },
    {
        "name": "ベルゲニア",
        "message": "「但是……在团长大人面前，我可以接受」"
    },
    {
        "message": "然而，她很快露出了害羞的笑容。"
    },
    {
        "name": "ベルゲニア",
        "message": "「无论在团长大人面前展现怎样的自己……\\n嗯，我不会后悔的」"
    },
    {
        "message": "她依旧满脸绯红。\\n说出这番话时，脸上流露出了满足的表情。"
    }
]