[
    {
        "name": "ツキトジ",
        "message": "「嗯嗯～……团长，团长\\n黑暗中，不知道你在哪里……唔唔唔～」"
    },
    {
        "message": "就寝中，被一阵甜美的声音和香味惊醒。\\n床上除了我之外还有其他东西在蠕动。"
    },
    {
        "message": "从脚边爬上来的是一个小小的物体。\\n清醒的意识被恐惧所束缚，身体无法动弹。"
    },
    {
        "message": "它爬到胸口，从被子里露出脸。\\n露出来的是月兔耳天真无邪的……睡脸。"
    },
    {
        "name": "ツキトジ",
        "message": "「团长……找到你了\\n嘿嘿，嘿嘿嘿嘿……就是这样」"
    },
    {
        "message": "接下来发生的事情，超乎想象。"
    },
    {
        "name": "ツキトジ",
        "message": "「肉棒，插进去了\\n啊啊啊啊……呀，哈啊啊啊啊啊……」"
    },
    {
        "message": "被迅速地掀开被子，迅速地脱去衣服，\\n然后又迅速地勃起。\\n茫然无措，连肉棒都被吞没了。"
    },
    {
        "name": "ツキトジ",
        "message": "「呼啊，肉棒好厉害……\\n小穴，酥酥地张开……呵呵，疼痛又」"
    },
    {
        "name": "ツキトジ",
        "message": "「但是，嗯，感觉奇怪\\n明明很痛……却不痛\\n果然，梦境真是不可思议」"
    },
    {
        "message": "抱着拉潘的月兔耳，流着鲜血露出了可疑的笑容。\\n明明应该很痛，为什么醒不来呢。"
    },
    {
        "name": "ツキトジ",
        "message": "「啊，啊啊啊……嗯，动起来……动一动应该会更舒服……！\\n嗯，那个，那个……呼呼啊，嗯，顶到了……啊啊！」"
    },
    {
        "name": "ツキトジ",
        "message": "「肉棒，抽搐……呼啊，啊啊\\n团长也好像很舒服的样子……嘿嘿，因为是梦境，当然是理所当然的」"
    },
    {
        "message": "月兔耳开始摆动腰部。\\n只有意识处于沉睡中吗？身体已经变得湿润起来。"
    },
    {
        "message": "看着纤细的身体，现在还无法理解情况。\\n但阳具却在作出反应，在月兔耳的阴道中感到愉悦。"
    },
    {
        "name": "ツキトジ",
        "message": "「哈啊，嗯嗯嗯……呼呼，肉棒抽搐了一下、呢\\n啊，呼啊，果然很舒服、呢\\n嘿嘿，团长真是容易上当、而且顺理成章地喜欢这种美梦」"
    },
    {
        "name": "ツキトジ",
        "message": "「这样下去摩擦摩擦的话肯定会高潮的、而且团长也一定会感到愉悦、呢\\n嗯嗯啊、啊、我会努力、会努力的……！」"
    },
    {
        "message": "是奉献还是其他什么呢。\\n虽然是第一次却被月兔耳温柔地抚摸着。"
    },
    {
        "message": "连续发生的令人费解的景象，终于让我头脑跟上了。\\n在我睡觉的时候吃饭，甚至能交谈的月兔耳，\\n说不定也会有这样的事情。\\n这样一来，勉强让自己接受了这个事实。"
    },
    {
        "message": "但是抱着一丝希望，我对在我的腰上摇晃的身体说话。\\n她真的在睡觉吗？"
    },
    {
        "name": "ツキトジ",
        "message": "「呼……团长，问些奇怪的事情」"
    },
    {
        "message": "听到她的回答，我不禁点了点头。确实，问了些奇怪的问题。\\n没错。在睡觉的时候做这种事情，根本不可能。"
    },
    {
        "name": "ツキトジ",
        "message": "「梦中做爱……所以说，在睡觉是理所当然的……\\n果然是我的梦境里出现团长……有点奇怪」"
    },
    {
        "message": "喘息着，月兔耳明确表示自己正在睡觉。难道真正奇怪的是我吗？"
    },
    {
        "name": "ツキトジ",
        "message": "「嘛……也没关系啦\\n团长虽然很奇怪……但感觉还是一样舒服啦\\n哈啊、嗯嗯啊、呵呵呵、果然很顺心、因为是梦境嘛\\n我已经感到很舒服了……」"
    },
    {
        "name": "ツキトジ",
        "message": "「嗯啊哈、呼啊、啊啊、啊啊、嗯嗯、阴道、嗯、快乐♪\\n肉棒、紧紧地夹住，和团长一起变得很舒服♪」"
    },
    {
        "message": "被爱抚得像画圆圈一样的阴道肌肉让声音变得沙哑。\\n敏感的龟头被抚摸着，全身都被愉悦所充盈。"
    },
    {
        "message": "每一次都忍不住，肉棒跳动不已。\\n随着节奏，扭动着腰部，\\n月兔耳有规律地吸吮着。"
    },
    {
        "name": "ツキトジ",
        "message": "「嗯啊、嗯、嗯嗯啊、肉棒，好有活力呢\\n又大又粗……啊、摩擦到感觉很舒服呢\\n哈啊、哈啊、嗯、梦……真厉害的」"
    },
    {
        "name": "ツキトジ",
        "message": "「啊、但是，嗯、但是……因为是梦中，是我随意创造的团长……\\n说不定……真实的团长比这还要小呢？」"
    },
    {
        "message": "在接受现实的同时，月兔耳说出了令人难以置信的话。\\n下意识地扭动着腰部，刺入了秘肉。"
    },
    {
        "name": "ツキトジ",
        "message": "「啊啊啊、哈、哈啊、啊啊……肉棒，你在干什么呢\\n唔，生气自己也太奇怪了……\\n明明是梦，却不能按照我想的那样进行，很奇怪呢……」"
    },
    {
        "message": "面对她那充满疑惑的口气，我努力唤醒她。\\n希望她能醒来。"
    },
    {
        "name": "ツキトジ",
        "message": "「嗯嗯、呵呵呵呵呵……还叫我的名字呢\\n不愧是我自己创造的团长呢\\n做想做的事情，都能好好地做到」"
    },
    {
        "name": "ツキトジ",
        "message": "「刚才那个也一定是这样的事情呢\\n因为想要刺入小穴，所以好好地刺入了呢\\n诶嘿嘿……梦真是太棒了」"
    },
    {
        "message": "露出放纵的笑容，月兔耳变得高兴起来。\\n甚至在抽送时也变得更加投入，细致地对待着肉棒。"
    },
    {
        "message": "面对着她的无法醒来和扩散的快感，我放弃了打破现状。\\n这样下去，让她给予愉悦或许也不错。"
    },
    {
        "name": "ツキトジ",
        "message": "「啊啊、团长、团长……♪\\n想要感受愉悦，肉棒，想要有强烈的刺激♪\\n啊、嗯、啊、嗯嗯嗯、哈、嗯嗯嗯」"
    },
    {
        "message": "尽管明知徒劳无功，我还是再次开口。\\n为什么你要这样做呢？"
    },
    {
        "name": "ツキトジ",
        "message": "「那是因为团长喜欢我，这是理所当然的」"
    },
    {
        "message": "毫不费力地表达出了喜欢的意思，就像是无关紧要的事情一样。"
    },
    {
        "name": "ツキトジ",
        "message": "「以前……也多次做了同样的梦\\n我也知道拉潘……\\n这次的梦，和往常有点不一样……嘿嘿，这让我很高兴」"
    },
    {
        "name": "ツキトジ",
        "message": "「团长主动动了起来……还叫出了我的名字……\\n肉棒也给予了愉悦……\\n嗯，在过去的梦中……是最色情最美好的一个」"
    },
    {
        "message": "呼出的吐息中夹杂着粘稠的液体。\\n揉捏着柔软的肉体颤抖着，多次紧紧地包裹着肉棒。"
    },
    {
        "name": "ツキトジ",
        "message": "「团长……团长，喜欢你，非常喜欢你……\\n哈、想要让你感受更多愉悦，也想要给予你更多愉悦……\\n啊、啊啊啊……！」"
    },
    {
        "message": "用柔和的方式传达情感，强行舔舐肉棒。\\n面对即将爆发的疼痛，我忍不住也开始主动迎合起来。"
    },
    {
        "name": "ツキトジ",
        "message": "「啊啊、嗯嗯嗯嗯、啊啊、出来吗？\\n团长，我的小穴，想要射精吗？\\n嘿嘿，我很高兴……以前没能让你……」"
    },
    {
        "name": "ツキトジ",
        "message": "「可以的，我原谅你……啊、嗯、啊啊啊啊！\\n肉棒，感觉更舒服了……！\\n啊、嗯啊、呼呀、啊、好好地，挤压着！」"
    },
    {
        "message": "配合着节奏，柔软的肉体紧紧吸附。\\n在那快感下，我放开了理性的束缚。"
    },
    {
        "name": "ツキトジ",
        "message": "「肉棒，啊啊、颤抖着，哈、啊啊啊！\\n这样子，就让它射出来吧……！\\n啊啊啊、哈、哈、嗯嗯、呀呀呀呀呀！」"
    },
    {
        "message": "身体弓起，月兔耳达到了高潮。\\n在紧紧收缩的内部，射出了积蓄的东西。"
    },
    {
        "name": "ツキトジ",
        "message": "「哈、哈、啊啊啊……！\\n呼呀、啊啊……肉棒，跳动得好厉害」"
    },
    {
        "name": "ツキトジ",
        "message": "「嘿嘿嘿……成功了\\n团长一直到最后都很舒服\\n我……嗯嗯嗯、成功了」"
    },
    {
        "message": "下腹部痉挛着，月兔耳陶醉地颤抖着。\\n朦胧的眼中映出从连接处渗出的白色精液。"
    },
    {
        "name": "ツキトジ",
        "message": "「嗯嗯……已经、到极限了」"
    },
    {
        "message": "肩膀呼吸的身体，突然向这边倒了过来。"
    },
    {
        "message": "接住她那轻盈的身躯，一股柔情涌上心头。\\n她能用这样纤细的四肢来动，让我感到开心，不禁抚摸着她的头。\\n最后，她也没醒过来。"
    },
    {
        "name": "ツキトジ",
        "message": "「嗯呃、嘿嘿……团长在抚摸着我……\\n果然，这梦，太棒了……」"
    },
    {
        "name": "ツキトジ",
        "message": "「感觉真好……会上瘾的\\n醒来后，真的团长也会给我做吧……哈呼」"
    },
    {
        "message": "她埋着头躺在我的胸前，发出的声音渐渐变成了深沉的鼾声。\\n看来只能一起共度这个夜晚了。"
    },
    {
        "message": "但是等到早晨她醒来时，我该如何解释呢？\\n一想到这个问题，我就感觉无法入睡。"
    }
]