[
    {
        "message": "或许我有点过度紧张了。\\n视线有些模糊。"
    },
    {
        "name": "ハカラメ",
        "message": "「团长先生，您没事吧？\\n要在床上休息一下吗？」"
    },
    {
        "message": "帮忙的落地生根探出头来。\\n她看起来像是两个人，肯定是因为疲劳。"
    },
    {
        "name": "ハカラメ",
        "message": "「啊！等等，团长先生！」"
    },
    {
        "message": "刚走出去就绊倒了，不得不搂住了落地生根。\\n那甜美的香气令人难以言喻，手掌传来的柔软触感让人心旷神怡。"
    },
    {
        "name": "ハカラメ",
        "message": "「嗯……不行，团长先生……胸部，\\n别这样揉……咕，啊，啊呜……」"
    },
    {
        "message": "挑逗的声音和胸部这个词语带走了视野和头脑中的阴霾。\\n虽然是意外，但确实揉捏了乳房。\\n这件事必须道歉才行。"
    },
    {
        "name": "ハカラメ",
        "message": "「揉揉揉揉得停不下来，原来是想和我做那种事情吗？\\n要是这样的话，一开始就直接说不就好了」"
    },
    {
        "message": "害羞地否定着对乳房的揉捏，但回答只有一句话。"
    },
    {
        "name": "ハカラメ",
        "message": "「别忍耐……」"
    },
    {
        "message": "脑海中一片粉红的落地生根，停不下来。"
    },
    {
        "name": "ハカラメ",
        "message": "「没必要心疼我，尽管一口气进来吧\n只要把我当作性处理就好了」"
    },
    {
        "message": "这样说，不是在用上吐下泻的声音说些什么吗。"
    },
    {
        "message": "而且，我这边也有事故的道歉。\n不要轻易相信言语，尽可能地礼貌一些。"
    },
    {
        "name": "ハカラメ",
        "message": "「嗯……好像碰到了什么……」"
    },
    {
        "message": "微微湿润的裂缝。\n将顶端靠近那里，她的身体颤抖了一下。"
    },
    {
        "message": "与刺激的体型和平时的言行截然相反，显露出少女的一面。\n她压抑着胸口的激动，贯穿她的身体。"
    },
    {
        "name": "ハカラメ",
        "message": "「啊……进来了……嗯咕！」"
    },
    {
        "message": "初次接受异物的地方，比想象中更加用力。\\n低声请求松开身体的力量，慢慢向前推动腰部。"
    },
    {
        "name": "ハカラメ",
        "message": "「嗯啊！现在，好疼……咕、嗯唔……！」"
    },
    {
        "message": "感觉到深处有一种触碰。\\n肯定是未知的刺激。"
    },
    {
        "name": "ハカラメ",
        "message": "「嗯、哈……已经进去了……\\n和团长先生，连接在一起了……嗯啊、啊……」"
    },
    {
        "message": "虽然感受到紧张，但湿润程度还不错。\\n似乎并没有感到太多疼痛，这样的话动一动也应该没问题。"
    },
    {
        "message": "对着落地生根说了一句话，开始前后摆动腰部。"
    },
    {
        "name": "ハカラメ",
        "message": "「嗯唔……啊、嗯……啊呜、嗯唔……里面在动……\\n咕、嗯唔……啊呜……肉棒在动的时候，就会有这种感觉吧……」"
    },
    {
        "name": "ハカラメ",
        "message": "「抱歉……明明是自己主动献身的，但所有事情都是第一次……\\n嗯啊、啊呜……但是，不需要心疼我是真的哦……」"
    },
    {
        "name": "ハカラメ",
        "message": "「因为一般都是激烈地来回冲击对吧……\\n所以，即使激烈也应该没问题的才对吧……哈、嗯唔……」"
    },
    {
        "message": "不行，还是感觉到紧张。\\n要等到感觉到了才能激烈起来。"
    },
    {
        "message": "首先，要给她带来快感。\\n抓住她丰满的乳房，揉捏着。"
    },
    {
        "name": "ハカラメ",
        "message": "「啊，嗯啊……胸部……咕、嗯唔……」"
    },
    {
        "message": "一触碰柔软的肉体，阴道也有些反应。\\n看来乳房的敏感度相当高。"
    },
    {
        "message": "那么，就决定玩弄这里了。"
    },
    {
        "name": "ハカラメ",
        "message": "「嗯啊、啊呜、哈……胸部好痒……呼、啊……身体好痒……嗯啊、啊呜……」"
    },
    {
        "message": "还没有摆弄乳头，只是轻柔地爱抚着。"
    },
    {
        "name": "ハカラメ",
        "message": "「哈呼、嗯唔……呼啊、啊……咕、嗯唔……！\\n身体好像变得暖洋洋的……咕、嗯唔……啊呜！」"
    },
    {
        "name": "ハカラメ",
        "message": "「痒痒的感觉一直延伸到下面……啊、嗯唔！团长先生，您在做什么呢……哈、哈、哈……」"
    },
    {
        "message": "落地生根的身体显示出发情的迹象。\\n现在应该可以摸弄乳头了。"
    },
    {
        "message": "如果她对阴道的收缩反应越来越强烈，\\n就可以按照落地生根所期望的加快抽送速度。"
    },
    {
        "name": "ハカラメ",
        "message": "「嗯呀啊啊啊！？那、那里……那里、嗯嗯唔……啊啊！\\n那里那里！啊、嗯、啊啊、乳头……♪」"
    },
    {
        "name": "ハカラメ",
        "message": "「捏着，不要啊……被摸弄了，身体就……哈啊、嗯嗯唔……\\n自己就开始扭动起来了……哈呼、嗯唔、啊啊、嘿……」"
    },
    {
        "message": "随着对乳头的刺激增加，对阴茎的刺激也变得更强烈。\\n曾经是个清纯少女的女孩，如今正变得越来越淫荡。"
    },
    {
        "message": "这时想再加把劲。\\n一边优美地摩擦着皮肤，一边用手指弹动着坚硬尖锐的乳头。"
    },
    {
        "name": "ハカラメ",
        "message": "「哦呀呀呀！！那里，好敏感呢……！！」"
    },
    {
        "message": "落地生根仰起下巴发出娇喘声。\\n仿佛在做最后的努力，再次尝试弹动乳头。"
    },
    {
        "name": "ハカラメ",
        "message": "「嗯唔唔唔！！团长先生，好坏哦……！！」"
    },
    {
        "name": "ハカラメ",
        "message": "「已经到了这个地步，我也无法控制了……\\n请不要把这当成性处理，而是认真考虑和我生孩子」"
    },
    {
        "name": "ハカラメ",
        "message": "「这不只是简单的性行为……而是生孩子\\n请把你的精液当成要造我和你的孩子的种子，尽情注入吧！」"
    },
    {
        "message": "说出的真心触动了男人的本能。\\n既然如此，我也无法停下。\\n将欲望交给身体，贪婪地占有着落地生根。"
    },
    {
        "name": "ハカラメ",
        "message": "「呜呼、呜呜呜！啊啊啊啊、啊啊啊啊！！\\n就是这样……就是那个……只在书上读到过的，\\n激烈的肏肏……啊、啊、啊啊啊啊！！」"
    },
    {
        "name": "ハカラメ",
        "message": "「团长先生的淫欲，更多地撞击在我身上……\\n用你的鸡巴欺负我的子宫深处吧！」"
    },
    {
        "message": "落地生根摇动着长发，满身汗水诱人。\\n雄性和雌性的淫秽气息四处弥漫，彼此亢奋不已。"
    },
    {
        "name": "ハカラメ",
        "message": "「哈、呜呜……嗯嗯唔、啊……好舒服……！\\n和团长先生造孩子，感觉太棒了……♪」"
    },
    {
        "name": "ハカラメ",
        "message": "「但、但是……高潮的瞬间会更棒吧……\\n抽搐着、淫荡的尿液流出来……\\n然后、虚弱无力地……嗯嗯唔、嗯、嗯嗯唔！」"
    },
    {
        "name": "ハカラメ",
        "message": "「光是想象就让子宫难受得要命……\\n明明是第一次造孩子，却露出了很淫荡的一面」"
    },
    {
        "message": "元来就对生育有浓厚的兴趣吧。\\n渐渐失控的落地生根，\\n甚至展现出雌性的淫态。"
    },
    {
        "name": "ハカラメ",
        "message": "「哈哈……嗯哈哈、嗯哈……淫荡的样子……咕唔、啊啊、啊啊！\\n淫秽的小便……充满了精液的雄汁……我好想要快点……」"
    },
    {
        "message": "跟上去变得相当困难。\\n仿佛面对着不该被唤醒的怪物一般。"
    },
    {
        "message": "但是，如果那样具有诱惑力和美丽，那就大欢迎。\\n伴随着射精的气息，拼命地抽送着。"
    },
    {
        "name": "ハカラメ",
        "message": "「嗯啊、啊啊……要高潮了……嗯嗯……虽然是第一次，我明白了……\\n我知道自己快要高潮了……哈、嗯啊、呼呜！」"
    },
    {
        "name": "ハカラメ",
        "message": "「淫荡的样子也快点吧……咿呀、啊、嗯唔、啊、嗯、啊啊！\\n呼呜、啊呜呜、嗯啊呜、嗯嗯……我快要高潮了！」"
    },
    {
        "message": "阴茎灼热难耐。\\n身体下意识地准备射精，猛烈地撞击着落地生根的深处。"
    },
    {
        "name": "ハカラメ",
        "message": "「要高潮了，要高潮了！　要高潮要高潮要高潮！\\n呼呜、啊、嗯啊、啊……来吧，来吧吧……！！」"
    },
    {
        "name": "ハカラメ",
        "message": "「快点，快点来吧……嗯、啊唔、嗯唔、嗯嗯……！」"
    },
    {
        "message": "精液上涌。\\n用力撞击着，越过了那条界线。"
    },
    {
        "name": "ハカラメ",
        "message": "「嗯啊、啊、要高潮了，嗯嗯……啊、啊、啊、啊、啊、啊啊！\\n嗯啊啊啊啊啊啦！」"
    },
    {
        "name": "ハカラメ",
        "message": "「呼呜呜，啊啊……来了……嗯嗯，好热……\\n淫荡的小便……哈哈哈哈！」"
    },
    {
        "message": "身体痉挛，阴道紧紧缠绕着阴茎，落地生根达到了巅峰。"
    },
    {
        "message": "在那强烈的刺激中释放精液，难以言喻，\\n无与伦比的快感在全身蔓延。"
    },
    {
        "name": "ハカラメ",
        "message": "「呵呵，啊、嗯……不停地颤抖……嗯、嗯嗯……\\n原来真正的子宫注入是如此的壮观……」"
    },
    {
        "message": "紧抱着颤抖的落地生根，沉浸在高潮余韵中。\\n只有粗重的喘息声在空气中回荡，不久后也渐渐消失了。"
    },
    {
        "name": "ハカラメ",
        "message": "「……对不起\\n不知怎么的，兴奋得有些失控了……」"
    },
    {
        "name": "ハカラメ",
        "message": "「明明是第一次子宫注入，竟然会变成那样……」"
    },
    {
        "message": "我回过神来，落地生根羞愧地露出淫态。\\n她的表情中透露着一丝喜悦，\\n抚摸着自己的肚子，宛如爱抚胎儿的母亲。"
    }
]