[
    {
        "message": "那是一个罕见地工作早早就结束的夜晚。"
    },
    {
        "name": "ハカラメ",
        "message": "「团长先生，可以稍微占用一点时间吗？\n我有些事情想要和您谈谈……」"
    },
    {
        "message": "这是认真的谈话吗？\n稍微整理一下住所。"
    },
    {
        "name": "ハカラメ",
        "message": "「以前，团长先生突然摸了我的胸部\n之后我就陷入了尴尬的境地，但冷静地想想，那样做是不对的」"
    },
    {
        "message": "现在重新提起这件事有必要吗？"
    },
    {
        "name": "ハカラメ",
        "message": "「如果……如果呢，\n我对除了我之外的人做了同样的事情，\n那将牵涉到骑士团长的名誉问题」"
    },
    {
        "name": "ハカラメ",
        "message": "「处理方法只有一种\n就是让那种事情不再发生」"
    },
    {
        "message": "落地生根紧紧逼近。"
    },
    {
        "name": "ハカラメ",
        "message": "「为了让那种事情永远不再发生，请用我来宣泄\n作为代价，您可以责难我任意折磨」"
    },
    {
        "message": "落地生根的眼神是认真的。\n有一种压迫力，足以让人忍不住吞下拒绝的话语，\n半被她的气势所压制，最终躺到了床上。"
    },
    {
        "name": "ハカラメ",
        "message": "「俯视团长有些不自然呢\n毕竟平常都是被您俯视的」"
    },
    {
        "message": "虽然本应只是作为性欲处理而献出身体，\n但落地生根却笑得很开心。"
    },
    {
        "name": "ハカラメ",
        "message": "「那么，我就开始了哦？」"
    },
    {
        "message": "抬起腰的落地生根，将枪尖对准了阴户。\n阴茎被湿润的肉壶吞噬着。"
    },
    {
        "name": "ハカラメ",
        "message": "「嗯啊……果然好大……嗯嗯唔！」"
    },
    {
        "message": "或许是因为已经有过一次经历吧。\n尽管说着好大，却毫不停顿地全部吞噬了下去。"
    },
    {
        "name": "ハカラメ",
        "message": "「呵呵呵，全部进去后也不觉得难受了\n……毕竟刚才那么乱，这样也是理所当然的吧」"
    },
    {
        "message": "那时候的羞态，似乎现在还感到害羞。\n脸颊泛起红晕，开始局促不安起来。"
    },
    {
        "message": "被恶作剧心驱使，试着抬起了臀部。"
    },
    {
        "name": "ハカラメ",
        "message": "「嗯啊！？我、我在动，\\n团长先生，请你静静地……」"
    },
    {
        "message": "落地生根拉住我的手，引领至她的乳房。\\n另一只手像情侣一样牢牢握住。"
    },
    {
        "name": "ハカラメ",
        "message": "「胸部可以自由揉捏\\n乳头也……稍微摸一下也没关系\\n但是，请让我来控制抽插吧」"
    },
    {
        "message": "说完，落地生根开始上下运动。"
    },
    {
        "name": "ハカラメ",
        "message": "「嗯唔、嗯、呼……原来，要这么用力动啊\\n团长先生的肉棒，又大又难处理……」"
    },
    {
        "name": "ハカラメ",
        "message": "「啊呜、嗯唔……啊、啊啊……但是，必须努力才行\\n毕竟是我提出的……咕呼、嗯唔」"
    },
    {
        "message": "她笨拙的腰部运动，卖力地刺激着。\\n虽然喜欢激烈的行为，但这样的勤奋也让人难以抗拒。"
    },
    {
        "name": "ハカラメ",
        "message": "「请让我用我的身体……嗯啊、啊呜、满足您\\n呜、嗯唔……我也会努力的……啊、啊呜」"
    },
    {
        "name": "ハカラメ",
        "message": "「疲累之前做出奇怪的事情之前……嗯呀、啊啊呀、\\n啊呜呜、嘿呀……就把坏事的根源全部吐露出来吧」"
    },
    {
        "message": "落地生根以温和的氛围摇动着腰部。\\n这与平时她所散发的氛围一样。"
    },
    {
        "message": "她态度温和，给人一种母性的包容力，\\n同时也经常让人觉得她像个年龄相符的女孩子。"
    },
    {
        "name": "ハカラメ",
        "message": "「哈呢……嗯哈啊、啊、嗯唔唔……怎么样，感觉舒服吗？」"
    },
    {
        "message": "一边用言语回应着，一边捏住乳头。\\n这时，落地生根表现出了与以往相似的反应。"
    },
    {
        "name": "ハカラメ",
        "message": "「嗯啊啊！！　乳头……果然那里，好敏感……\\n里面也在隐隐作痛……呼啊、啊、啊呀呀」"
    },
    {
        "name": "ハカラメ",
        "message": "「即便如此，今天也不会自作主张乱了阵脚……呼、嗯嗯唔唔、\\n毕竟，已经不是第一次了……嗯哈啊、啊啊、啊啊唔唔」"
    },
    {
        "message": "这是为了宣泄性欲而进行的行为。\\n虽然理由显得有些苍白，但眼神却是认真的。\\n正因如此，我只能选择相信。"
    },
    {
        "message": "然而，随着时间推移\\n她似乎越来越享受这个行为。\\n或许，我只是因为自己想要才引诱她的吧。\\n询问后，她立刻否定了这种想法。"
    },
    {
        "name": "ハカラメ",
        "message": "「那种事情……没有的……嗯呀、啊啊、\\n我是认真地，为了团长考虑着……嘿啊、嗯唔唔……」"
    },
    {
        "message": "仅仅因为这样，就把自己的身体交出来，可以吗。\\n难道我没有卖弄自己吗。\\n接着继续质问。"
    },
    {
        "name": "ハカラメ",
        "message": "「如果是团长的话……呼、嘿啊、嗯唔唔、\\n我也可以献出身体……嗯、嗯嗯唔唔！　啊……啊呀呀！！」"
    },
    {
        "name": "ハカラメ",
        "message": "「呼、嗯唔唔、啊、咕噜……我觉得他是值得信赖的人，\\n我觉得他就是那个人……哈啊、哈啊、哈啊、哈啊……」"
    },
    {
        "message": "这样一来，怀疑只会更加浓厚。\\n一边加强对乳头的刺激，\\n一边提议是否现在就转向两人的生育问题。"
    },
    {
        "name": "ハカラメ",
        "message": "「啊啊啊啊！！那里，不要这样……嗯嗯唔唔！！\\n已经无法回答问题了……哈呜、嗯、啊啊！！」"
    },
    {
        "name": "ハカラメ",
        "message": "「嗯，好哦哦！！　啊、呜呜、啊、呜呜呜呜……唉唉！！\\n我会好好回答的，\\n请再温柔一点……」"
    },
    {
        "message": "与要求相反，用手指弹弄乳头。"
    },
    {
        "name": "ハカラメ",
        "message": "「唔唔唔唔！！那个刚才的……戳到了吧，\\n真是捉弄人的家伙……啊啊啊啊！」"
    },
    {
        "message": "不断地弹弄乳头，让落地生根感受到。"
    },
    {
        "name": "ハカラメ",
        "message": "「嗯唔唔、嗯嗯唔唔、啊呀、呼呜啊！！我、我坦白……\\n我会老实说，只有乳头……啊啊！！」"
    },
    {
        "name": "ハカラメ",
        "message": "「全部……从头到尾，都是团长说的通……啊啊！！\\n我和团长做子作，\\n只是编造了看起来像那回事的理由而已……啊啊！！」"
    },
    {
        "name": "ハカラメ",
        "message": "「太不检点了对不起……太喜欢子作了对不起……\\n太舒服了，身体就忘不了了啊……」"
    },
    {
        "message": "每次道歉，冲击的力道都在减弱。\\n最终停了下来，\\n脸上只剩下疲惫的表情。"
    },
    {
        "message": "她那般努力地侍奉着，让人感到可爱。\\n所以才会觉得她如此可爱。"
    },
    {
        "name": "ハカラメ",
        "message": "「真的，对不起……」"
    },
    {
        "message": "告诉她不需要再道歉，这次由我来发力推进。"
    },
    {
        "name": "ハカラメ",
        "message": "「团、团长……啊啊！！ 突然就这样刺刺的……啊啊！！\\n相当、相当地感受到了……啊啊！！」"
    },
    {
        "name": "ハカラメ",
        "message": "「啊啊、啊唔、啊、唔唔！就像上次一样……！\n唔、啊啊唔、啊啊、呜呜呜……啊、啊啊！！」"
    },
    {
        "message": "落地生根变得混乱不堪。\n毫不留情地刺激着阴道深处，共享着快感。"
    },
    {
        "name": "ハカラメ",
        "message": "「哈、唔唔……好舒服……明明会变得很羞耻，\n却感到如此开心……唔唔、啊啊、啊、啊啊！！」"
    },
    {
        "name": "ハカラメ",
        "message": "「子宫还在痉挛不已……！\n呜呜、唔唔、啊啊、呜呜、啊、唔唔啊！！」"
    },
    {
        "message": "感受到阴道肌肉的蠢动和射精的气息，床板发出嘎吱作响。"
    },
    {
        "name": "ハカラメ",
        "message": "「啊啊、啊啊……要高潮了，要高潮了……\n呜呜、咿呀咿呀、啊、唔唔！」"
    },
    {
        "name": "ハカラメ",
        "message": "「哈，嗯嗯……放纵一点吧，\n尿意也要满足一下……为了怀孕，请多多注入……！！」"
    },
    {
        "message": "握住的手变得更加有力。\n我也回握住那只手，共同迎接着极致的时刻。"
    },
    {
        "name": "ハカラメ",
        "message": "「高潮高潮高潮高潮！！\n啊啊、啊啊！！不行了，不行了！\n唔、嗯嗯、呣呣……嘿、唔、啊、啊啊！！」"
    },
    {
        "name": "ハカラメ",
        "message": "「要射了！！」"
    },
    {
        "name": "ハカラメ",
        "message": "「啊啊……要注入了……淫荡的小便……」"
    },
    {
        "message": "几乎说不清楚话的落地生根，展现出了快感。阴道壁缠绕着阴茎，紧紧地勒住，不让其逃脱。"
    },
    {
        "message": "将精液注入到热腻的天国般的肉穴中，自然而然地，骨盆抬起，让阴茎顶端对准子宫口。"
    },
    {
        "name": "ハカラメ",
        "message": "「嗯嗯、呼呼……不用那么用力摩擦也可以的……团长的精液已经充分注入了……嗯、嗯嗯……」"
    },
    {
        "message": "感受到了尽头的落地生根的重量。这是只有在行为之后才能品味到的甜美重量。"
    },
    {
        "name": "ハカラメ",
        "message": "「哈哈、哈哈、哈哈……感觉真好，心情非常幸福。一开始就应该正常地请求才对……」"
    },
    {
        "message": "为什么当时没有这样做呢？让我在冷静下来后问问看。"
    },
    {
        "name": "ハカラメ",
        "message": "「城市里的女孩子不会主动要求生孩子……我听说城市的淑女是这样的……」"
    },
    {
        "name": "ハカラメ",
        "message": "「可、可是！我不会再犹豫了！从现在开始，我会主动提出请求的，所以团长，让我们一起努力生孩子吧！」"
    },
    {
        "message": "看来，落地生根和努力生孩子的日子即将开始了。这也不错。毕竟，她是这么可爱的孩子。"
    },
    {
        "message": "关于城市里的淑女之类的事情，之后我会好好教导她。"
    }
]