[
    {
        "name": "リトープス",
        "message": "「团长大人，喜欢你～好喜欢～♪ 嘿嘿～ 亲亲～」"
    },
    {
        "message": "仿佛被一个大个子孩子或者动物调皮地戏弄着。\n我就是有这种感觉。"
    },
    {
        "message": "自上次那个夜晚之后，生石花变得异常直接地撒娇起来。\n她明显是为了确认自己的感情而这样做，但我们却感到有些沉重。"
    },
    {
        "name": "リトープス",
        "message": "「嘿嘿～……抱紧～♪ 和团长大人在一起真幸福～\n我也喜欢你的味道哦？ 还有你努力工作时的表情，我都好、好喜欢～」"
    },
    {
        "message": "像现在这样的时候特别困扰。\n因为被生石花逗弄，工作一直拖到深夜也无法进行，\n贴身的肌肤和丰满的乳房让性欲难以释怀。"
    },
    {
        "name": "リトープス",
        "message": "「啊啊～……鸡巴变大了～」"
    },
    {
        "message": "被像她这样的美女坐在膝上，正面抱住，\n更何况还有丰满的乳房压在身上，就会变成这样。"
    },
    {
        "name": "リトープス",
        "message": "「是吗？ 嘿嘿……那就是在夸我了吧\n那……我要让它更大一点～\n抱紧～♪ 还有耳朵，亲亲亲～」"
    },
    {
        "message": "被她这样一闹，工作根本无法继续下去。\n我苦笑着向生石花询问着我的愿望。"
    },
    {
        "name": "リトープス",
        "message": "「那么，再见了，再见了？像上次那样的事情，要再来一次吗？嘿♪\n我，今天想要……想要你从后面，来对我」"
    },
    {
        "name": "リトープス",
        "message": "「嗯呃……肉棒，一下子进来了\n啊呃，啊啊呃呃呃呃呃～～～♪」"
    },
    {
        "message": "握住他的手臂，缓慢地向前推动着腰部。\n虽然几乎没有进行爱抚，但阴道内却已经湿润了起来。\n感受到强烈的性感，不禁在手臂上用力。"
    },
    {
        "name": "リトープス",
        "message": "「喜欢被填满……快点……快点过来……\n肉棒，全部都插进去」"
    },
    {
        "message": "与平时或者公演中的样子完全不同，呼吸变得更加急促。\n现在虽然控制住了这种激动，但还是答应了她的请求，\n穿过肉褶的缠绕，最终到达了阴道深处。"
    },
    {
        "name": "リトープス",
        "message": "「呼呼……嗯嗯嗯呼呼～」"
    },
    {
        "name": "リトープス",
        "message": "「哈啊、啊啊……来了\n深处、顶到了、来了……\n肉棒、全部……啊、好舒服～」"
    },
    {
        "message": "微微地反曲着背，生石花沉重地摇动着乳房。\n对于激发男性欲望来说，她展现出十足的魅力。"
    },
    {
        "name": "リトープス",
        "message": "「嗯呃……知道的嘛……团长先生\n团长先生……兴奋起来了……\n我充满了兴奋哦」"
    },
    {
        "name": "リトープス",
        "message": "「我，我懂的嘛……因为我喜欢团长……所以全部都懂得呀。而且，今天是从后面插进来的……那个、\n鸡巴的事情，比上次……我都懂得了♪」"
    },
    {
        "message": "摇动着屁股，生石花看向这边。\n对于明确表示诱惑的证据，不由得想要尽情享受她。"
    },
    {
        "message": "最重要的是，从背后插入更加刺激了欲望。\n这种体位极具动物性，直戳本能。"
    },
    {
        "name": "リトープス",
        "message": "「嗯啊、哈啊……快点……\n我，好想要啊……快点、快点～」"
    },
    {
        "message": "对于她撒娇的口气，我苦笑着。\n告诉她这也是我的愿望，并且补充了一点。"
    },
    {
        "message": "恐怕无法手下留情吧。"
    },
    {
        "name": "リトープス",
        "message": "「嘿嘿……我不需要\n只要和团长感觉舒服就好了，什么都可以」"
    },
    {
        "message": "她像是刚学会的样子，天真而急切地说着。\n我坚定地接受了她，并放开了自己的自制心。"
    },
    {
        "name": "リトープス",
        "message": "「嗯嗯～！？ 别、别～…拔出来、不要啊～！？」"
    },
    {
        "message": "慢慢地，将鸡巴拉出，直到勃起的龟头。\\n肉褶和阴道口紧紧吸附着，从触觉和视觉中获得了燃料。"
    },
    {
        "message": "将这种燃料注入欲望，毫不手软地侵犯着生石花。"
    },
    {
        "name": "リトープス",
        "message": "「呜呜，嗯啊啊啊啊！？」"
    },
    {
        "message": "猛击着阴道深处的瞬间，生石花的背部弓起。\\n毫不停顿，强行地重复着。"
    },
    {
        "name": "リトープス",
        "message": "「呼啊，啊啊，啊嗯嗯嗯嗯嗯嗯啊啊啊啊！？\\n哈啊，这、好厉害！ 真厉害！」"
    },
    {
        "name": "リトープス",
        "message": "「嗡嗡，来了！ 啊啊，啊啊！\\n头部、肉棒都进来了！\\n好激烈！ 真激烈！ 团长大人啊啊啊！」"
    },
    {
        "message": "荒唐的尖叫声和屁股被打击的声音在房间里回荡。\\n侵犯的一切都让我全身心感受到了力量。"
    },
    {
        "name": "リトープス",
        "message": "「呜呜……嗯，嗯嗯啊啊！\\n手臂、拉扯着我……唔唔，嗯嗯啊啊！\\n这样、逃不掉了！ 哈唔、啊啊、啊啊！？」"
    },
    {
        "message": "根本没有放任逃跑的打算。\\n明明告诉过不会手软。"
    },
    {
        "name": "リトープス",
        "message": "「啊呜、啊啊！嘿……团长、啊！」"
    },
    {
        "message": "面对她痛苦的呼唤，我粗鲁地回应着。\\n难道她是想要停下来吗？"
    },
    {
        "name": "リトープス",
        "message": "「啊、嗯、不是……不是的！\\n我并不想停下来……嗯，嗯，啊啊啊！」"
    },
    {
        "message": "那又是什么呢？\\n我急切地在阴道深处小心翼翼地刺激着，摇曳的乳房不断地刺激着她。"
    },
    {
        "name": "リトープス",
        "message": "「啊，啊啊啊！我……我喜欢这个！\\n比之前更舒服！」"
    },
    {
        "name": "リトープス",
        "message": "「从后面来做……因为和动物在一起……！\\n上次的感觉有点不一样……我一直这么想着！\\n但今天，那种感觉没有了！只有舒服的感觉！」"
    },
    {
        "message": "对她来说，性行为意味着被动物般地从背后侵犯。"
    },
    {
        "message": "她经常与动物接触。\\n即使她本人并不自知，这种纯真的心灵也可能被这种模式所影响，也并非奇怪。"
    },
    {
        "name": "リトープス",
        "message": "「舒服、好舒服！\\n喜欢被后面来着！非常喜欢！\\n喜欢被喜欢的团长激烈对待着，非常喜欢！」"
    },
    {
        "message": "听到这个令人高兴的消息，我内心涌起了一股热流。\\n我更用力地拉扯着她的手臂，用力顶击着她的臀部。"
    },
    {
        "name": "リトープス",
        "message": "「啊啊、啊啊啊啊啊啊啊！？\\n来了，来了啊啊啊！\\n顶顶地来吧！我想要舒服！我想要肉棒！」"
    },
    {
        "name": "リトープス",
        "message": "「肉棒，越来越大了……！团长也喜欢吗……！啊啊，啊啊！太高兴了，太高兴了！\\n和喜欢的人一样……！嗯啊，啊啊啊！」"
    },
    {
        "name": "リトープス",
        "message": "「喜欢……喜欢你，团长！好喜欢你！\\n和团长做这种事……好喜欢！\\n啊啊，啊呜呜，啊啊啊！」"
    },
    {
        "message": "她摇动着臀部，摇晃着乳房，将自己摩擦在交织的肉褶上。\\n像对待美丽的动物驯养师一样对待她，\\n让她享受快感并表达对自己的好意。"
    },
    {
        "message": "这是一种无比征服和优越感。\\n但同时，也涌上了对她的爱意。"
    },
    {
        "name": "リトープス",
        "message": "「嗯呜、啊呜、嗯嗯呜呜……！\\n深入了、深入到了……！我知道这个……！我记得的……！嗯呀、啊呜、嗯呀呀呀！」"
    },
    {
        "name": "リトープス",
        "message": "「又要射出热的东西了吧……！\\n哈、啊哈、我也想要哦，我也想要！\\n就这样，全部都……全部都射出来吧！」"
    },
    {
        "message": "前一晚，我脑海中闪现出生石花提出的问题。\\n理智被它所代表的意义所摧毁，\\n变成了一种真正的兽性欲望，并将子宫口撕裂开来。"
    },
    {
        "name": "リトープス",
        "message": "「啊啊、啊啊啊啊啊啊啊！\\n我、要……要到了、要到了要到了要到了！\\n我已经……要到了、要到了要到了要到了要到了……！」"
    },
    {
        "name": "リトープス",
        "message": "「呼啊啊……啊～……啊啊～～～～♪\\n深处……进来了……龟头，擦擦地进来了……\\n好热哦，好多……进来了～」"
    },
    {
        "message": "红肿的臀部被挤压，让生殖液在最深处迸发。\\n比上次更加将龟头推向子宫口，一滴也不剩地喷射而出。"
    },
    {
        "name": "リトープス",
        "message": "「呼啊……肚子……好暖和～……\\n这个……好幸福呀～嘿嘿～」"
    },
    {
        "message": "这样一来，所有的狂奔都结束了。\\n因为还有未完成的工作在等着，\\n不能一直留在她的身体里。"
    },
    {
        "message": "正当我想抽出已经开始软下来的肉棒时。"
    },
    {
        "name": "リトープス",
        "message": "「诶……不、不要不要不要～！」"
    },
    {
        "message": "她抓住我的手臂，像任性的小孩一样摇晃着头。"
    },
    {
        "name": "リトープス",
        "message": "「结束了可不行呀～！\\n还想和团长在一起呢～！想做很舒服的事情呢～！\\n我还不够呢～！\\n热热的哗哗的，还想要更多呀～！」"
    },
    {
        "message": "唖然不已的模样。\\n这样的模样，\\n在演出中也不可能会展现给其他马戏团或者其他人看到。"
    },
    {
        "name": "リトープス",
        "message": "「唔～……团长大人，已经不想了吗……？\\n和我做舒服的事情……已经，厌倦了吗？」"
    },
    {
        "message": "摇曳着丰满的乳房和臀部，竟然用孩子般的口气质问着。\\n对于她独自展现给我的可爱模样，\\n我无法拒绝。"
    },
    {
        "name": "リトープス",
        "message": "「嗯……呼啊、哈啊、啊啊～\\n丰满，来了～♪ 呵呼、嗯嗯啊～」"
    },
    {
        "name": "リトープス",
        "message": "「哈啊、啊啊～\\n喜欢，好喜欢，团长大人，好喜欢～\\n一直，一直呀……咕嘟咕嘟地动一动呢～\\n呼啊啊、哈啊啊啊啊～」"
    },
    {
        "message": "为了如此可爱的宝石，工作什么的都可以放在后面。"
    }
]