[
    {
        "name": "クリスマスベゴニア",
        "message": "「团长大人♪\\n今天也要把我爱得很疼很疼哦！」"
    },
    {
        "message": "噗通一声，冬海棠跪在膝上。"
    },
    {
        "message": "一如既往地直白的表达爱意。\\n想要被爱，想要被爱，就像咒语一样向我乞求，\\n摩擦着炽热的体温和甜腻的气味。"
    },
    {
        "message": "只是，有一点和往常不同。"
    },
    {
        "name": "クリスマスベゴニア",
        "message": "「真正的相爱方式，是吗？\\n嗯～……我并不知道这样的事情！」"
    },
    {
        "message": "这说明我已经无法忍耐了。\\n她跪在膝上的时候，我的血液已经到了极限。"
    },
    {
        "name": "クリスマスベゴニア",
        "message": "「团、团长大人……？\\n……嗯！？　嗯嗯，嗯呜呜呜呜呜呜呜呜呜呜！？」"
    },
    {
        "message": "长时间回荡着的悲鸣在整个房间里回荡。"
    },
    {
        "message": "同时感受到阴茎带来的撕裂般的剧痛。\\n冬海棠张开嘴巴，喘着细弱的气息。"
    },
    {
        "name": "クリスマスベゴニア",
        "message": "「团长大人……团长大人」"
    },
    {
        "message": "这种情况让我感到一阵寒意。"
    },
    {
        "message": "真的回过神来，透过交给我的头确认着那隐秘之处。\\n被不相称的粗大塞进深处，扭曲天真无邪的地方。\\n那赤黑色的滴落物深深地刻在了眼中。"
    },
    {
        "name": "クリスマスベゴニア",
        "message": "「哈、哈、哈啊、哈啊，已经插进去了……」"
    },
    {
        "message": "抱歉，用悲哀的声音说着，\\n拥抱着胸中的小小身体。"
    },
    {
        "message": "然而，回应我的是出乎意料的东西。"
    },
    {
        "name": "クリスマスベゴニア",
        "message": "「嘿嘿，嘿嘿嘿……没关系的\\n我很高兴\\n团长大人，请不要发出那样的声音，我不喜欢」"
    },
    {
        "message": "向这边瞥了一眼，满脸笑容。"
    },
    {
        "message": "从眼角流下泪水，眼睫毛颤动着痛苦，\\n经历了处女膜破裂的冬海棠在诉说着喜悦。"
    },
    {
        "name": "クリスマスベゴニア",
        "message": "「终于……终于，团长大人插进来了」"
    },
    {
        "message": "深深地呼吸着，湿润的双眼落向连接处。\\n声音中夹杂着迷恍。"
    },
    {
        "name": "クリスマスベゴニア",
        "message": "「一次又一次……用屁股擦肉棒，\\n贴着皮肤让我充满欲望，\\n真的，终于……」"
    },
    {
        "name": "クリスマスベゴニア",
        "message": "「啊，是的，我忘了重要的事情\\n团长大人……能告诉我您的喜好吗」"
    },
    {
        "message": "无视身体的痛苦僵硬，\\n冬海棠继续说着话。"
    },
    {
        "name": "クリスマスベゴニア",
        "message": "「肉棒和肉棒，您更喜欢哪一个？\\n如果不那么温柔反而粗俗更能让您兴奋的话……\\n我会这样说的」"
    },
    {
        "name": "クリスマスベゴニア",
        "message": "「还有还有……您更喜欢说小穴吗？\\n还是直接说阴道……子宫之类的直接一点的……」"
    },
    {
        "name": "クリスマスベゴニア",
        "message": "「男士们更喜欢让人联想到怀孕的东西。\\n所以我觉得子宫比较好但是……\\n在高潮时说子宫或者配种之类的呻吟也有些人喜欢……」"
    },
    {
        "message": "从天真无邪的嘴唇中不断溢出淫秽的词语。\\n目瞪口呆，无法开口。"
    },
    {
        "name": "クリスマスベゴニア",
        "message": "「啊……对不起，是这样的\\n团长大人，也许您喜欢小女孩呢……\\n我竟然忘了这一点……」"
    },
    {
        "name": "クリスマスベゴニア",
        "message": "「小女孩，不懂这方面的事情吧？\\n您是喜欢亲自教导她们这些事情吗？\\n如果是的话，我……嗯，失格了」"
    },
    {
        "message": "面对这样的沉默，她发出了仿佛被噎住的声音。\\n那仿佛是泪水的声音，我急忙抚摸着她的头安慰着她。"
    },
    {
        "message": "但到底是怎么回事呢？\\n这个天真无邪的她竟然对本应不知道的事情产生了疑问。"
    },
    {
        "name": "クリスマスベゴニア",
        "message": "「嗯，果然在意吗？\\n那么……」"
    },
    {
        "message": "短短的手指抓住我的袖子，引导着向她的腹部。\\n头也动了起来，柔软而细腻的头发在我的手掌间轻轻滑动。"
    },
    {
        "name": "クリスマスベゴニア",
        "message": "「请好好……抚摸我\\n头部和肉棒都在我的肚子里……\\n小穴也，请好好……抚摸我\\n拜托了，团长大人」"
    },
    {
        "message": "红色交织的隐秘之处颤动着，渴望着某种小小的东西。"
    },
    {
        "message": "无法拒绝身体传达来的热度，只能按照她说的去动作。"
    },
    {
        "name": "クリスマスベゴニア",
        "message": "「嗯、嗯嗯、谢谢、您好……」"
    },
    {
        "message": "将轻声啼哭的她放在膝上，轻柔地摇动着阴道。\n插入到最深处的阴茎的触感透过薄薄的肉壁传达到手掌上。"
    },
    {
        "name": "クリスマスベゴニア",
        "message": "「团长大人，请感受一下\n我，是第一次做这样的事情」"
    },
    {
        "message": "紧窄的阴道和缠绕其中的东西证明了这一点。\n那么为什么她会知道那些事呢？"
    },
    {
        "name": "クリスマスベゴニア",
        "message": "「我……被迫学习了\n为了让母亲和父亲，还有未来的丈夫……\n能够喜欢上我……」"
    },
    {
        "message": "伴随着她的话语，从连接处传来湿润的声音。\n不完全的声音背叛了她，渗出的爱液缠绕着阴茎，辅助着抽送。"
    },
    {
        "name": "クリスマスベゴニア",
        "message": "「即使说害怕，说不喜欢……\n母亲和父亲在做那个事情时，被绑在椅子上……\n强迫看着……」"
    },
    {
        "message": "面对这样的告白，不经意地咬紧了后牙。"
    },
    {
        "message": "同时回想起她曾经谈论过未来丈夫的事情。\n对那个人说了些什么呢？"
    },
    {
        "name": "クリスマスベゴニア",
        "message": "「不、不行，完全不行，对一个完全不认识的人，我是绝对不行的……\n就算被强迫，就算被强迫灌输，我、我是」"
    },
    {
        "message": "过去的告白让那小小身体充满激动，倾诉着内心的情感。"
    },
    {
        "name": "クリスマスベゴニア",
        "message": "「团长大人，啊、啊啊、团长大人最好了！\n如果要被爱的话，就、就要被团长大人……！」"
    },
    {
        "name": "クリスマスベゴニア",
        "message": "「所以，所以，被强迫灌输的事情，要被团长大人……！\n不是对一个完全不认识的人，而是要被团长、大人……！\n要被团长大人爱上，是这样的！」"
    },
    {
        "message": "盛开的稚嫩阴道可爱地收紧着。\n感受到这种反应，用手抚摸着阴茎，并加快了抽送。"
    },
    {
        "name": "クリスマスベゴニア",
        "message": "「肉棒，啊、肉棒，全部都要感到舒服……！\n我会、啊、努力的！\n紧紧地收紧着，帮助射精出来……！」"
    },
    {
        "name": "クリスマスベゴニア",
        "message": "「为了能够得到您的爱！\n无论什么都会、啊、会做……！\n嗯、嗯嗯、嗯呃」"
    },
    {
        "message": "稚嫩的肉褶努力地扭动着，缠绕在阴茎上。\n情感的表达与此相结合，压榨出的快感涌现。"
    },
    {
        "name": "クリスマスベゴニア",
        "message": "「啊、阴道，是团长大人的东西……！\n我的全部，子宫和阴道全部都是您的……！」"
    },
    {
        "name": "クリスマスベゴニア",
        "message": "「爱我，啊，拜托了！请、请爱我，爱我吧！\n团长大人，团长大人……！\n说出来吧，说你爱我，拜托了！」"
    },
    {
        "message": "温柔地抚摸着头，说出了被恳求的话语。\n紧接着，浅浅地顶击着阴道深处引起了明显的痉挛。"
    },
    {
        "name": "クリスマスベゴニア",
        "message": "「啊、啊啊、啊呃呃、团长大人！\n我、啊呃、好高兴、好高兴的！\n子宫在颤抖……啊呃、啊呃呃！」"
    },
    {
        "name": "クリスマスベゴニア",
        "message": "「要、要射出来……想要的话，射出来，想要被爱……！\n哈啊、哈啊、啊呃呃、团长大人！\n拜托了，请让我这样，就这样就好了！」"
    },
    {
        "message": "被灌输教导的小小身体全身上下都在诉说。\n耳边不断地细语着爱的言辞，\n将龟头顶入阴道深处。"
    },
    {
        "name": "クリスマスベゴニア",
        "message": "「嗯呃、肚子里，嗯呃，请！\n团长大人的宝宝……嗯呃、嗯呃、在我的子宫里……！」"
    },
    {
        "name": "クリスマスベゴニア",
        "message": "「哈啊、啊呃、种植、在我身体里……！\n团长大人，团长大人，啊、啊、啊啊啊啊啊！」"
    },
    {
        "name": "クリスマスベゴニア",
        "message": "「呼呼、嗯嗯嗯嗯嗯嗯！\n哈哈哈哈哈哈哈！\n射出来了，在子宫里进入了很多……\n啊呃、你爱着我」"
    },
    {
        "message": "迸发出的射精力量，\n让冬海棠的身体轻轻泛起甜蜜的波澜。"
    },
    {
        "message": "用抚摸着颤抖的阴道感受到的手，\n用另一只手像安慰一样抚摸着头。"
    },
    {
        "name": "クリスマスベゴニア",
        "message": "「啊、啊、小小的子宫，沉重的……\n团长大人的种子，满满地在肚子里……嗯呃\n啊、啊、啊……但是，但是」"
    },
    {
        "message": "再次收缩着阴道肉体的蠢动。\n从连接处挤出的精液溢出，发出沉重的声音弄脏了地板。"
    },
    {
        "name": "クリスマスベゴニア",
        "message": "「请更加爱我，团长大人\n我完全不够……\n更多、更多地想要在团长大人的肚子里……！」"
    },
    {
        "name": "クリスマスベゴニア",
        "message": "「小穴，就算破坏也没关系！\n想要更多、更多地被爱……！」"
    },
    {
        "message": "贪婪地寻求着冬海棠。\n已经没有拒绝这种自制力了。"
    },
    {
        "name": "クリスマスベゴニア",
        "message": "「嗯呃、嗯呃呃呃、肉棒，啊呃、好舒服！\n再、再灌注进来，请！\n精液，子宫里，啊呃、种植，啊啊啊啊！」"
    }
]