[
    {
        "name": "セルリア",
        "message": "「团长……！我有件事要告诉您……！」"
    },
    {
        "message": "与往常可爱的氛围不同，新娘花显得很坚定。\\n感觉她仿佛下定了某种决心。"
    },
    {
        "name": "セルリア",
        "message": "「这、这是件重要的事情……！\\n关于我的，将来的事情……！\\n也和团长有关系……\\n所以……呃呃……」"
    },
    {
        "message": "她的语气平静下来，声音变得几乎听不见。\\n她一定是为了传达上次提到的那件事而来的。\\n我示意她深呼吸，慢慢说也可以。"
    },
    {
        "name": "セルリア",
        "message": "「谢、谢谢您……哈、呼……\\n没关系了，我已经冷静下来了」"
    },
    {
        "message": "她重新调整了呼吸，眼中再次闪现决心。\\n除了可爱的氛围外，她认真的性格也是她的优点之一。"
    },
    {
        "name": "セルリア",
        "message": "「其实我……想成为团长的新娘！\\n所以今天，请把我当作新娘候选人抱起来吧……！\\n拜托了……丈夫大人！」"
    },
    {
        "message": "紧接着，我抱住脸红的新娘花。\\n亲吻她，手在身体上游走。"
    },
    {
        "name": "セルリア",
        "message": "「嗯嗯……啾、啾……团长……突然就亲吻我……\\n嗯嗯……手也在敏感的地方……啾、啾……舔舐着、舔舐着、吸允着」"
    },
    {
        "message": "全身细致地爱抚着。\\n交织着吻，渐渐激发情欲，将新娘花轻轻引到床上。"
    },
    {
        "message": "从背后看着新娘花，她既娇美又迷人。\\n与此同时，她的隐秘之处却异常淫荡。阴茎缓缓插入其中。"
    },
    {
        "name": "セルリア",
        "message": "「嗯嗯！进来了……啊啊啊！」"
    },
    {
        "message": "阴道温柔地接纳着阴茎。与初次不同，没有那么紧张。"
    },
    {
        "message": "即便如此，似乎还是有些不自在。\\n紧张感也强烈地传达给了我。"
    },
    {
        "name": "セルリア",
        "message": "「从后面感觉也不一样呢……嗯，嗯！」"
    },
    {
        "message": "她的表情中透露出一丝必死的决绝。但与先前的恐惧不同。\\n更像是在热切地引诱着行为。"
    },
    {
        "name": "セルリア",
        "message": "「随意动一动……再激烈也没关系」"
    },
    {
        "name": "セルリア",
        "message": "「如果无法接受这一切，就无法成为新娘……\\n所以，请尽情……拜托了」"
    },
    {
        "message": "这样一说，忍耐反而感觉不好。"
    },
    {
        "message": "那么，就让我随心所欲吧。\\n一切都是为了新娘花的愿望。不用勉强自己。"
    },
    {
        "name": "セルリア",
        "message": "「啊呜、啊、啊啊……来了……嗯、啊、啊啊\\n动起来更加强烈……！」"
    },
    {
        "name": "セルリア",
        "message": "「从后面做也很厉害……！\\n团长的气势全部都撞在屁股上……！」"
    },
    {
        "message": "啪啪地，肌肤相互碰撞的声音响起。\\n顺着性欲，尽情享受新娘花的内里。"
    },
    {
        "name": "セルリア",
        "message": "「其实，一开始就这么激烈吗………啊呜、啊、啊、啊啊\\n因为上次是我的第一次……嗯、嗯咕」"
    },
    {
        "name": "セルリア",
        "message": "「包括那时候的分也要多动一点……！\\n团长，请随你喜欢……！」"
    },
    {
        "message": "虽然你的全心全意令人着迷，但我也希望新娘花能感到愉快。"
    },
    {
        "message": "紧紧抓住屁股，用力向左右分开。\\n甚至将羞耻的洞口横向大大张开。"
    },
    {
        "name": "セルリア",
        "message": "「呀、啊、啊……屁股，不要这样分开……！\\n真是的……好害羞啊……啊、啊」"
    },
    {
        "message": "或许是因为羞耻，阴道变得更加紧实。\\n我试着告诉新娘花这个事实。"
    },
    {
        "name": "セルリア",
        "message": "「这、这样……！\\n被分开屁股就兴奋起来，简直就成了个淫荡的新娘了！」"
    },
    {
        "name": "セルリア",
        "message": "「虽然想成为一个好的新娘……！\\n真是的……好害羞……嗯、嗯嗯！」"
    },
    {
        "message": "在这种情况下，这种淫荡也算是一种魅力吧。\\n而且，连背影都如此美丽。屁股，我真的想一直抓着。"
    },
    {
        "name": "セルリア",
        "message": "「这样下去，又变成只有我一个人在享受了呢……\\n团长应该也要感到愉快才对……哈啊、啊啊」"
    },
    {
        "name": "セルリア",
        "message": "「我也会……嗯、嗯、嗯……努力的……啊啊」"
    },
    {
        "message": "投来期待的眼神。她怀抱着成为老师的目标，究竟会为了让男人兴奋而努力呢。"
    },
    {
        "name": "セルリア",
        "message": "「再多一点……肉棒，请……\\n顶到最深处……！」"
    },
    {
        "name": "セルリア",
        "message": "「子宫和小穴，请尽情刺激……！\\n请尽情使用我的身体，直到满足为止……♪」"
    },
    {
        "message": "不由得腰部有所反应，用力顶击子宫口。"
    },
    {
        "name": "セルリア",
        "message": "「嗯嗯啊啊！ 嗯、嗯！ 好重好重的感觉……！\\n再多一点，再多一点……请多多刺激我的小穴……！」"
    },
    {
        "message": "从害羞的新娘花口中说出如此直接的话语，让我有些意外。她脸颊因羞耻而变得通红，这种状态也让我心动不已。"
    },
    {
        "message": "而且，那个你这个词。\\n从那一个词中，我感受到了新娘花倾注的所有情感。"
    },
    {
        "name": "セルリア",
        "message": "「啊啊、啊啊、好强烈……一直刺到最深处……\\n和刚才完全不同……！ 啊、啊啊啊！」"
    },
    {
        "name": "セルリア",
        "message": "「好厉害……全部都是舒服的地方……！\\n身体都麻痹了……啊、啊啊、嗯啊啊……」"
    },
    {
        "message": "新娘花的屁股和背上渗出了汗水。\\n微微泛光的样子实在是令人陶醉，让我产生了想要舔舐的欲望。"
    },
    {
        "message": "阴道内分泌物增多，结合部传来水声。\\n无论是新娘花身体的哪个部位，都让我感到兴奋。"
    },
    {
        "name": "セルリア",
        "message": "「嗯啊啊、啊啊、啊呃、啊呃……背后，有点发麻……\\n哈、哈哈、啊啊……感觉，好舒服……」"
    },
    {
        "name": "セルリア",
        "message": "「再、再多一点……哈啊、啊啊……\\n感觉越强烈……肉棒，会更加硬起来的……哈、哈啊！」"
    },
    {
        "message": "这话更像是撒娇而不是让对方高兴。\\n从背后和下巴的反应来看，新娘花显然很兴奋。"
    },
    {
        "message": "当然，我会满足她的要求。\\n扩开臀部，更加用力地顶击深处。"
    },
    {
        "name": "セルリア",
        "message": "「呜啊啊！ 噢库……刚才的，不行了……再这样下去……\\n啊啊啊！ 不、不行了……会抛下团长的……！」"
    },
    {
        "message": "不仅顶击，还用力压迫龟头。"
    },
    {
        "name": "セルリア",
        "message": "「啊啊啊！ 噢库……不行，不行了……感觉，太过猛烈了……呜呜库！\\n嗯啊，里面也在收缩……！ 啊啊、啊、啊啊啊！」"
    },
    {
        "name": "セルリア",
        "message": "「嗯嗯嗯呃！ 又、又开始抽送了……哈、哈哈、哈哈……\\n嗯嗯呃！ 最舒服的地方，都看得见了……！」"
    },
    {
        "message": "那么就专注地刺激深处。\\n我的阴茎也开始颤抖了，差不多该加速了。"
    },
    {
        "name": "セルリア",
        "message": "「嗯啊啊、啊啊、啊呃、呼、呼呃、啊啊啊！\\n一个人，不行……必须要一起……！」"
    },
    {
        "name": "セルリア",
        "message": "「和您……未来的丈夫……想要像新娘一样，一起达到高潮……！」"
    },
    {
        "message": "当然告诉他们是一起的，深入贪婪地进入。"
    },
    {
        "name": "セルリア",
        "message": "「太好了……能一起，达到高潮……和丈夫一起……！」"
    },
    {
        "name": "セルリア",
        "message": "「嗯、嗯、嗯！ 我要高潮了……从深处，感觉好强烈……！\\n啊啊、啊、啊呃！ 我要高潮了……我要高潮了……！」"
    },
    {
        "message": "新娘花投来渴望的眼神。她希望能一起达到高潮的心情传达了过来。"
    },
    {
        "message": "当然，我打算回应她。我们当然也想同时达到高潮。"
    },
    {
        "name": "セルリア",
        "message": "「呼啊啊、啊、啊啊！ 丈夫……！\\n和我一起……嗯嗯、啊、啊呃、啊啊！」"
    },
    {
        "message": "阴茎已经忍耐到极限。只需轻轻动一下腰，就会迎向巅峰。"
    },
    {
        "name": "セルリア",
        "message": "「啊啊啊！ 夫君……！ 嗯、嗯、嗯……好多冲击……用未来丈夫的鸡巴……！」"
    },
    {
        "name": "セルリア",
        "message": "「夫君，夫君……！ 尽情地，深入里面……！ 夫君的精液，想要射进深处……！ 夫君……呼、啊啊、呼啊！ 夫君，夫君……夫君啊啊啊！」"
    },
    {
        "name": "セルリア",
        "message": "「啊啊啊！ 射得好多……！」"
    },
    {
        "message": "在新娘花痉挛的内部，释放出了积蓄的热量。"
    },
    {
        "name": "セルリア",
        "message": "「啊啊……呼、呼、呼……夫君的精液……射了好多……呼呼……啊啊……！」"
    },
    {
        "message": "我想要尽情地释放所有涌动而出的东西。当阴茎跳动时，我向前挺起腰部，在深处射精。"
    },
    {
        "name": "セルリア",
        "message": "「好温暖……呼、呼……好舒服……比之前更加舒服……」"
    },
    {
        "message": "洋溢着喜悦的声音在房间中回荡。如果她感到高兴，那就再好不过了。"
    },
    {
        "name": "セルリア",
        "message": "「还能坦率地表白，还能被当作新娘候选人拥抱着……真是一连串令人高兴的事情呢……呼、呼……」"
    },
    {
        "name": "セルリア",
        "message": "「和你……一直都……想要永远在一起……嗯、呼……」"
    },
    {
        "message": "她沉浸在幸福中，充满满足感的情感仿佛传达到了这边。"
    },
    {
        "message": "今天就让我好好休息吧。\\n既然精力和体力都已经耗尽，也没必要回自己的房间了。"
    },
    {
        "name": "セルリア",
        "message": "「嗯嘻嘻……夫君啊……♪」"
    }
]