[
    {
        "name": "セルリア",
        "message": "「唔唔唔……团长大人，请帮帮我……」"
    },
    {
        "message": "刚进屋，塞尔莉亚就用快要哭出声的口气向我求助。\\n我回过头去看她，发现她戴着一条系着牵引绳的项圈。"
    },
    {
        "name": "セルリア",
        "message": "「那、那只是一时心血来潮……\\n其实在试穿服装的时候放在那里，\\n想着戴上这个会更像小狗狗吧……」"
    },
    {
        "name": "セルリア",
        "message": "「结果，戴上后就摘不下来了……\\n就算看着镜子调整也没用……」"
    },
    {
        "message": "她好像是想让我帮她摘下来。\\n虽然摘下来很容易，但内心却有些不安。\\n眼神始终盯着项圈和牵引绳，感觉自己被什么东西附身了一样。"
    },
    {
        "name": "セルリア",
        "message": "「团长大人……？你为什么一直盯着那里呢……？\\n难道我做了什么不好的事情吗……」"
    },
    {
        "message": "每次靠近她，不安的感觉就会变得更加强烈，\\n碰到项圈时意识到那是性冲动。\\n身体不听使唤，把塞尔莉亚推到墙边。"
    },
    {
        "name": "セルリア",
        "message": "「等、等一下团长大人……！\\n我可、可不是为了这种事情才来的啊……哈普！？\\n突然亲吻什么的……嗯嗯！？」"
    },
    {
        "message": "用吻封住她的嘴唇，露出了私处。\\n虽然可能会被说成是强硬，但无法停下来。\\n如同燃烧起来的火焰一样，渴望与塞尔莉亚交融。"
    },
    {
        "message": "勃起的阴茎摩擦着，感受到爱液的气息后，向前推进腰部。"
    },
    {
        "name": "セルリア",
        "message": "「嗯嗯嗯嗯！啊啊啊啊，团长的……！」"
    },
    {
        "message": "强行抬起双腿，插入湿润的阴道。"
    },
    {
        "name": "セルリア",
        "message": "「深、深入……嗯嗯！」"
    },
    {
        "message": "当到达最深处时，心脏砰砰直跳。\\n身体对即将开始的行为充满期待。"
    },
    {
        "name": "セルリア",
        "message": "「稍微、等一下、可以吗……哈哈\\n如果团长想要的话，我会配合你……嗯，啊啊」"
    },
    {
        "name": "セルリア",
        "message": "「如果可以的话，请换个姿势会更好……\\n这样子就像小狗一样在撒尿……」"
    },
    {
        "message": "在解决生理需要时和雄性狗一模一样。\\n这个发现引发了兴奋，让双腿更加张开。"
    },
    {
        "name": "セルリア",
        "message": "「啊啊，这样张开不行……唔唔唔！」"
    },
    {
        "message": "即使被这样请求，也不禁张开双腿。\\n无论如何都想要新娘花。"
    },
    {
        "message": "即使明白她不是性欲强烈的类型，也无法停下来。"
    },
    {
        "name": "セルリア",
        "message": "「啊啊，好痒……呼呼呼……\\n姿势，不能换一下吗……呼呼……」"
    },
    {
        "message": "她喘着气显得很辛苦。\\n似乎还没有准备好接受这个行为。"
    },
    {
        "message": "但是，我无法忍受被搁置。\\n腰部自行活动，开始抽送。"
    },
    {
        "name": "セルリア",
        "message": "「啊、啊呀、嗯啊、啊呀……一开始就这么强烈……\\n啊呀、啊、呼啊、全身都在颤抖……咕……！」"
    },
    {
        "name": "セルリア",
        "message": "「激烈……啊呀！ 啊呀！ 呣咕！ 呼唔唔！\\n啊，哈啊，每一次都深入到底……哎呀！」"
    },
    {
        "message": "欲望的强烈直接转化为抽送的激烈程度。\\n加上阴道肌肉的交织带来快感，无法放松力气。"
    },
    {
        "name": "セルリア",
        "message": "「嗯唔，啊啊，嗯唔，哈啊，团长大人，第一次……\\n太过分了……唔唔唔！」"
    },
    {
        "message": "新娘花发出了无法从平时的温柔中想象到的娇声。\\n洁白美丽的肌肤已经开始变得炽热。"
    },
    {
        "message": "我想要与这份炽热和紧密接触。\\n当我这样想的时候，我拉住了缰绳。"
    },
    {
        "name": "セルリア",
        "message": "「呜唔！ 拉着……嗯唔！ 嗯！ 嗯嗯唔！」"
    },
    {
        "message": "强行移开项圈，咬向了她的后颈。"
    },
    {
        "name": "セルリア",
        "message": "「啊啊！ 那里，咬了、不要……！」"
    },
    {
        "message": "新娘花全身颤抖着。\\n她一定是得到了快感。\\n我一遍遍地轻咬，唾液渗出来。"
    },
    {
        "name": "セルリア",
        "message": "「这样就成了变态先生的色情……\\n啊呀，不行，力气都抽空了……嗯唔！」"
    },
    {
        "message": "仅仅后颈还不够。\\n我移开项圈，又咬向她的颈部。"
    },
    {
        "name": "セルリア",
        "message": "「啊、啊呀……那里被咬着，我和狮子先生不一样……嗯唔！」"
    },
    {
        "name": "セルリア",
        "message": "「被咬到肩膀的雌狮子……听说会促使排卵……嗯、嗯嗯！？」"
    },
    {
        "message": "一听到排卵，我用力咬下，留下牙印。"
    },
    {
        "name": "セルリア",
        "message": "「我、就算被咬，也不会发生那种事……嗯呀啊！ 不要一边舔着一边咬……」"
    },
    {
        "name": "セルリア",
        "message": "「团长先生……啊啊、啊呀、啊啊！ 不要舔得那么厉害……呜呜、啊啊！」"
    },
    {
        "message": "新娘花的一举一动都引发了兴奋。\\n就像是进入发情期的母狗和闻到它气味的公狗一样。"
    },
    {
        "name": "セルリア",
        "message": "「啊呜、啊呜……太激烈了，啊、啊啊……我的身体要散架了……嗯、嗯嗯」"
    },
    {
        "message": "看着她如此投入，这也是我第一次。\\n渴望更深地沉浸在快感之中，欲望膨胀。"
    },
    {
        "message": "加大牵引力，强行夺走了她的唇。\\n接触的瞬间，拥有美丽虹膜的眼睛充满了惊愕。"
    },
    {
        "name": "セルリア",
        "message": "「哈唔！？ 嗯！ 嗯、嗯嗯！ 团长先生……\\n唔、嗯、呼吸不过来……！」"
    },
    {
        "message": "紧紧牵引着，唇贴在一起，舌头从牙齿间钻了进去。"
    },
    {
        "name": "セルリア",
        "message": "「嗯嗯！？ 舌头进来了……嗯嗯，嗯呼，嗯嗯！」"
    },
    {
        "message": "舌头缠绕在一起，慢慢地混合着彼此的唾液。"
    },
    {
        "name": "セルリア",
        "message": "「呜……嗯嗯，啪，啾，啾，啪……\\n变态先生的……唔唔……啪，呜呜……啾」"
    },
    {
        "message": "新娘花的舌头几乎没有动。\\n被我的舌头蹂躏着，发出淫荡的声音。"
    },
    {
        "name": "セルリア",
        "message": "「啾，呜，呜呜呜，啾，啾……\\n兰丘先生，想要更……啾，啾啊，很想要，但是……」"
    },
    {
        "name": "セルリア",
        "message": "「再温柔一点，啪，啾，温柔一点……呜呜、呜呜\\n狗狗们如果主人不温柔的话就会逃跑的喔？」"
    },
    {
        "message": "从新娘花恳求的眼中流下了眼泪。\\n事实上无法自控是确凿无疑的事实，但也许努力还不够。"
    },
    {
        "message": "她总是那么可爱、谦虚地笑着，在害羞时躲进角落或床底下的女孩。\\n本来不应该强迫她做这样激烈的行为。"
    },
    {
        "name": "セルリア",
        "message": "「我也、团长大人，呼呼，如果您期望的话，我想要回应……\\n但是，这样的话，呼呼，就接近于惩罚了……」"
    },
    {
        "name": "セルリア",
        "message": "「比起惩罚，嗯、呼呼……我更想要奖赏……\\n来自重要的人的奖赏……拜托了……呼呼……」"
    },
    {
        "name": "セルリア",
        "message": "「主人大人♪」"
    },
    {
        "message": "下半身一下子变得有力起来。\\n并不是追求新娘花，而是想要让新娘花感到愉快。"
    },
    {
        "message": "放松牵引，\\n从强硬的吻转变为充满爱意的吻，\\n为了引导她而开始扭动腰部。"
    },
    {
        "name": "セルリア",
        "message": "「唔、啾、啾啾……明明是作为奖赏给我的……\\n我好像要高潮了……唔唔、啾、啾啾、啾啾」"
    },
    {
        "message": "情绪似乎发生了变化。\\n射精的感觉加速地增强了，原本毫无迹象的射精感变得更加强烈。\\n也许是感官变得更加敏锐了吧，阴道收缩的感觉也更加明显。"
    },
    {
        "name": "セルリア",
        "message": "「兰丘先生……唔、啾啾、一起来……唔啊、呼呼\\n唔、啾、舔舔舔……最后，请和我一起完成……」"
    },
    {
        "message": "当然是这样打算的。\\n为了弥补单方面的责难，我与新娘花交换爱意。"
    },
    {
        "name": "セルリア",
        "message": "「啊啊、啊呃、要到了……嗯、啾、吸允，不要用力……\n要、要高潮了……嗯、啾、舔舔，嗯啾啾！」"
    },
    {
        "message": "终于温柔起来了，却无法抑制涌动的射精感。\n利用即将到来的极短时间，传达所有的爱意。"
    },
    {
        "name": "セルリア",
        "message": "「哈、哈……要高潮了，嗯啊、要高潮了……兰丘先生也……\n唔、吸允，舔舔，嗯啾……不行了，不行了……！」"
    },
    {
        "name": "セルリア",
        "message": "「要高潮了，要高潮了……嗯嗯嗯嗯嗯嗯嗯呜呜呜呜呜呜呜！」"
    },
    {
        "name": "セルリア",
        "message": "「嗯呜！团长大人的在跳动着……！」"
    },
    {
        "message": "滴答滴答，精液奔流而下。\\n同时与子宫口相接吻，将那迸发之物注入其中。"
    },
    {
        "name": "セルリア",
        "message": "「唔啊啊、啊啊啊……好多都来了……\n嗯呜，肚子变得温暖了……哈、哈」"
    },
    {
        "name": "セルリア",
        "message": "「全部都射出来吧……因为是团长大人的……\n我想接受全部……唔呜、唔呼……」"
    },
    {
        "message": "全身抽搐着，流下眼泪，但新娘花还是露出笑容。"
    },
    {
        "message": "身不由己地责难自己的行为，一方面涌起了想要道歉的心情，\\n激烈的行为导致射精，她的笑容给予了满足感。"
    },
    {
        "name": "セルリア",
        "message": "「团长……如果，就像今天这样，像野兽一样地……责难我……\\n真的，要成为我的、主人的话，呼呼……」"
    },
    {
        "name": "セルリア",
        "message": "「请一直、不要放开我……团长和我，希望能永远在一起……」"
    },
    {
        "message": "成为主人什么的太过分了。\\n加上产生的满足感，让我留恋不舍，但是不能再沉沦到更加变态的方向。"
    },
    {
        "message": "等冷静下来再把项圈和牵引绳解开吧。\\n虽然有些可惜，但这次就结束吧。"
    }
]