[
    {
        "message": "穿着从前家庭教师送的衣服，站在黑板前的新娘花。\\n陪着骑士学校进行临时讲师的预演练，\\n但是，她实在是太可爱了，让我忍不住心生恶作剧的念头。"
    },
    {
        "message": "随着这股恶作剧的冲动，我决定问一个老套的问题。\\n老师，你喜欢的人是谁呢？"
    },
    {
        "name": "セルリア",
        "message": "「诶！？ 喜欢的人，吗！？\\n那、那个，跟课程无关的事情！\\n如果让老师为难了，我会生气的哦？」"
    },
    {
        "message": "看着她害羞的样子，我的恶作剧之心更加膨胀，我继续问道。\\n老师你做了那种事情啊。\\n老师你也是变态吧，之类的。"
    },
    {
        "name": "セルリア",
        "message": "「老、老师并、没有……色情的事情……\\n我、我要钻进被窝了！」"
    },
    {
        "message": "把指向棒和教科书留在讲台上，她钻进了被窝。\\n在这种男女二人独处的空间里，可能会被误解成在勾引对方吧。"
    },
    {
        "name": "セルリア",
        "message": "「啊、那个，并不是在勾引你，那个、呃……\\n我、我虽然有期待……但是啊、刚才那个……啊呜呜」"
    },
    {
        "message": "如果说真心想和我交往，她从毯子里探出头来。\\n温柔地拥抱着亲吻我，并开始脱去衣服。\\n令人惊讶的是，她穿着黑色蕾丝内裤。"
    },
    {
        "name": "セルリア",
        "message": "「当时收到衣服时得到的建议说这种款式很好……\\n所以我鼓起勇气买了一件来试试……\\n不行吗？」"
    },
    {
        "message": "反而，被她与平时的反差所吸引。\\n产生了与先日相似的冲动，但仅仅贪婪是不值得的。\\n设法克制住自己，然后进行了行为。"
    },
    {
        "name": "セルリア",
        "message": "「从上面，失礼了……嗯啊！」"
    },
    {
        "message": "跨坐在我身上的新娘花屈下腰。\\n坚挺的阴茎被她的阴道吞没。"
    },
    {
        "name": "セルリア",
        "message": "「再、再多一点……嗯！」"
    },
    {
        "message": "整根阴茎都被吞入，被热浪和湿润所包裹。"
    },
    {
        "name": "セルリア",
        "message": "「进来、了……」"
    },
    {
        "message": "她的目光并未朝向这边。\\n她对着插入前提出的请求感到困惑吧。"
    },
    {
        "name": "セルリア",
        "message": "「……那个，是要进行女教师play对吧？\\n虽然我不太有信心，但我会试一试……」"
    },
    {
        "message": "是看到老师装扮后提出的建议。\\n当然，并没有强迫。\\n中途放弃也是可以接受的。"
    },
    {
        "name": "セルリア",
        "message": "「你、只有你，我才会开始特别的个别辅导……\\n为了万一的时候，这是色情的，预演习……呜呵」"
    },
    {
        "message": "明明还没动，阴茎却有了反应。\\n就连尴尬的笑容都包含在内，破坏力太强了。"
    },
    {
        "name": "セルリア",
        "message": "「你、你已经在抖动了吗……？\\n一定要忍耐住才行……\\n看……我要开始了……请加油……」"
    },
    {
        "message": "新娘花用力支撑着身体。\\n慢慢地腰部抬起，开始抽送。"
    },
    {
        "name": "セルリア",
        "message": "「嗯……啊……啊……嗯……\\n我会更加剧烈地进行的哦……！」"
    },
    {
        "message": "笨拙地上下摆动，给阴茎带来刺激。\\n可能因为速度较慢，乳房摇晃得不多。"
    },
    {
        "name": "セルリア",
        "message": "「啊啊，啊呃，嗯嗯，嗯咕，嗯，呼\\n你、拥有坚硬、立派的东西呢」"
    },
    {
        "name": "セルリア",
        "message": "「按这个进度来看，老师也……应该能够充分、尽兴地享受呢……」"
    },
    {
        "message": "与抽送一样，台词都显得支离破碎。\\n不像是老师，更像是实习生的氛围，让人感到新鲜。"
    },
    {
        "name": "セルリア",
        "message": "「老、老师的爱液，止不住地流出来了……你的……啾啾地，流出来了……嗯咕，呼呼」"
    },
    {
        "name": "セルリア",
        "message": "「很、很淫荡……吧？」"
    },
    {
        "message": "因为脸红不已，恶作剧的欲望膨胀了起来。"
    },
    {
        "name": "セルリア",
        "message": "「在想些什么坏事吗……？如果是想让老师为难，那就没用了……嗯啊，啊」"
    },
    {
        "name": "セルリア",
        "message": "「比起你，更、更擅长这些淫荡的事情呢，啊、啊啊、啊啊啊、呼、呃」"
    },
    {
        "message": "既然说到这个地步，就捉弄你一下吧。说真的，内衣非常淫荡呢。"
    },
    {
        "name": "セルリア",
        "message": "「内、内衣……平常并不是这样的……只有今天……嗯！ 嗯嗯嗯！」"
    },
    {
        "message": "教师模式一转，整张脸都变得通红。"
    },
    {
        "name": "セルリア",
        "message": "「我、我是为了给你上个别辅导才穿上的……哈呃、啊啊」"
    },
    {
        "message": "尽管努力保持着教师模式，但脸上的红晕并未褪去。老师不只是淫荡的吧，接着继续问道。"
    },
    {
        "name": "セルリア",
        "message": "「老、老师并、不、淫荡……嗯、呼呼\\这是、为了你、特别准备的课程……嗯嗯、嗯啊啊」"
    },
    {
        "message": "尽管面露忧伤，新娘花却坚定地扮演着老师的角色。这让人感到异常可爱，引发了更强烈的冲动。"
    },
    {
        "message": "或许已经不需要再忍耐了。与新娘花一起享受并结束可能更好。"
    },
    {
        "name": "セルリア",
        "message": "「突然抓住腰部做什么……啊啊啊！？」"
    },
    {
        "message": "用力在背部和腿上施加压力，摩擦着新娘花的内部。"
    },
    {
        "name": "セルリア",
        "message": "「啊啦、啊啊、啊啦、嗯呜 嗯呜、嗯啊！\\突然这样冲刺……哇哦、哈啊！」"
    },
    {
        "message": "抓住手臂拉近身体，揉捏着丰满的乳房。用手掌充分挤压，改变它们的形状。"
    },
    {
        "name": "セルリア",
        "message": "「揉老师的胸部什么的……\n哦啊、哼啊、呜呜……不行，老师是我的学生……！」"
    },
    {
        "name": "セルリア",
        "message": "「呼、啊啦、觉得这样做没关系吗……\n喵！就这样……嗯咕、呼呼！」"
    },
    {
        "message": "反而更想要，看到她还在扮演老师的身姿更加兴奋。\n冲刺自然地加快了。"
    },
    {
        "name": "セルリア",
        "message": "「呼、啊啦、啊、啊、咕、嗯嗯！\n越来越快……明明是特别课程……主导权却……！」"
    },
    {
        "message": "再次拉近她的上身，这次是唇相互交融。"
    },
    {
        "name": "セルリア",
        "message": "「啪咕、嗯咕、嗯吧、勒罗、嗯勒罗……\n居然直接亲吻……吧吧、哦哦哦、勒罗、勒罗！」"
    },
    {
        "name": "セルリア",
        "message": "「要让老师高潮吗……啪咕、吧吧、哦哦\n如果是这样，我可不能输……勒罗罗罗！ 哦哦哦！」"
    },
    {
        "message": "新娘花积极地舌头缠绕过来。\n虽然是少见的大胆举动，但现在没有时间陶醉其中。"
    },
    {
        "message": "在视野有限的情况下，只凭指尖间隔触摸到了乳房。\n目标是那可爱勃起的乳头。\n找到后，用指尖轻轻捏了一下。"
    },
    {
        "name": "セルリア",
        "message": "「嗯嗯嗯！？ 哇啊！ 现在这样……\n不行，太过分了……啪咕、哼哼、哼哼、嗯嗯！」"
    },
    {
        "message": "看来是受到了很大的刺激，完全失去了力气。\n趁着这个机会，重新夺回了被夺走的亲吻主导权。"
    },
    {
        "message": "伴随着含着水汽的淫荡抽送声响起，彼此的情绪也变得激动起来。"
    },
    {
        "name": "セルリア",
        "message": "「嗯呼啊，不行……这样的话……嗯噗、啊呸\n要、要……要高潮了……嗯噗、啊姆、嗯咀、咕噜噜、啊勒勒」"
    },
    {
        "name": "セルリア",
        "message": "「忍不住了，老师……先生，先高潮了……\n比学生还要先……私人辅导……啦啦啦、勒罗罗、勒罗、吸、吞吞」"
    },
    {
        "message": "阴道变得紧窄。\n在这种紧缩下，我也坚持不了太久。\n不再思考，沉溺于塞丽亚淫荡的姿态和行为中。"
    },
    {
        "name": "セルリア",
        "message": "「啊呸、嗯噗　嗯咀　啊勒勒、啊勒罗罗……不行，要高潮了\n啊呸、嗯咀、咕噜、高潮、高潮高潮……」"
    },
    {
        "name": "セルリア",
        "message": "「发出淫荡的声音，已经高潮了……啊姆\n嗯呸、勒罗罗、嗯咀、意识都飞走了……啊呸、嗯呸」"
    },
    {
        "message": "阴茎尖端传来难以忍受的热度一下子升高。\n从铃口中滴落出清汁。\n剩下的就交给命运吧。"
    },
    {
        "name": "セルリア",
        "message": "「哈哈哈，啊呸、啊唔、一起来，最后一次……\n啊呸、唔唔、吸吞、勒罗……一定要一起来……」"
    },
    {
        "name": "セルリア",
        "message": "「嗯嗯、要……要高潮了……啊唔、啾、啾、啾……高潮了、不行了……哈唔、啾、嗯唔、唔唔、嗯嗯！」"
    },
    {
        "name": "セルリア",
        "message": "「啊啊啊啊啊唔唔唔唔唔！！」"
    },
    {
        "name": "セルリア",
        "message": "「啊呀！ 哈哈哈哈哈……抖动，好厉害……！」"
    },
    {
        "message": "射出的精液喷进了新娘花的阴道内。"
    },
    {
        "name": "セルリア",
        "message": "「啊啊呜……一次又一次，抖动着……不行……！」"
    },
    {
        "message": "舌头伸出，泪水流下，新娘花滴下了不稳的口水。\\n看到她如此淫荡地抽搐，这应该是第一次吧。"
    },
    {
        "message": "虽然开始是女教师的角色扮演，但结果让人惊讶。"
    },
    {
        "name": "セルリア",
        "message": "「啾呜呜……呼呼……能和老师一起射精……\\n真棒，你知道吗……做得很好……」"
    },
    {
        "name": "セルリア",
        "message": "「但是……做这种不好的事情的学生，哈哈哈……\\n我会毕业了哦……唔、唔唔……」"
    },
    {
        "message": "即使达到了巅峰，也一直在履行最初的请求。\\n为了表示感谢，我紧紧拥抱着她疲惫的身体。"
    },
    {
        "name": "セルリア",
        "message": "「啊，好温暖……比起扮演老师，这边更让人安心……\\n果然，团长不是我的学生……嗯嗯」"
    },
    {
        "message": "虽然非常可惜，但我也同意这个观点。\\n我想要像对待一个女孩子一样对待新娘花。"
    },
    {
        "message": "考虑到她未来的愿望。"
    }
]