[
    {
        "message": "违和感醒来，我往床里一瞧，假茄正躲在那里。\\n先说明要冷静下来，然后问清楚目的。"
    },
    {
        "name": "ノラナ",
        "message": "「团长大人，我想要表达我的心意……\\n但是，对我来说要表白什么的……\\n然后，也有袭击的方法……」"
    },
    {
        "name": "ノラナ",
        "message": "「对不起！打扰您了吧！我这就出去！」"
    },
    {
        "message": "不顾我的制止，假茄从床上跳了起来。\\n接着，有什么东西滴落在地上。"
    },
    {
        "message": "像是备忘录一样，写着想和恋人做的事情清单。\\n看了一眼，里面排列着令人惊讶的话语。\\n初次性爱就是亲密无间地接吻♪ 啊—！ 假茄的淫荡！"
    },
    {
        "message": "我僵住了一会儿，然后问硬邦邦的假茄，这是真的吗。"
    },
    {
        "name": "ノラナ",
        "message": "「……是的\\n但是，打扰您了吧……」"
    },
    {
        "message": "算不算打扰呢。从像假茄这样可爱的孩子那里得到这种印象也不错。虽然有点宅，但迟早会好起来吧。"
    },
    {
        "name": "ノラナ",
        "message": "「那、那个，那么……能和我……和我发生关系吗！？\\n能收下一个没有朋友的可怜女孩子的处女吗！？」"
    },
    {
        "message": "我轻轻拥抱着，表示这是一种荣幸，然后得到同意，慢慢地引导到床上。"
    },
    {
        "message": "细致地进行爱抚。\\n将龟头放在充满爱液的裂缝上，慢慢地往里挺进。"
    },
    {
        "name": "ノラナ",
        "message": "「啊啊啊！来了……啊啊啊啊啊！」"
    },
    {
        "message": "身体不自然地绷紧着。\\n我告诉她要放松，然后往深处进发。"
    },
    {
        "name": "ノラナ",
        "message": "「呼、呼、呼……进去了吗？\\n团长大人的……」"
    },
    {
        "message": "我告诉她已经完全进去了。"
    },
    {
        "name": "ノラナ",
        "message": "「感觉，舒服吗？有收紧感之类的吗？」"
    },
    {
        "message": "轻抚她的脸颊，告诉她不用那么急。\\n但是，这反而产生了相反的效果。"
    },
    {
        "name": "ノラナ",
        "message": "「那就快点动起来……！\\n如果不能感受到快感就没有意义了……！」"
    },
    {
        "name": "ノラナ",
        "message": "「我的愿望清单，就算忘记也没关系……\n如果团长感到舒服的话……！」"
    },
    {
        "message": "尽管试图让她冷静下来，但完全没有意义。\n假茄正陷入恐慌之中。"
    },
    {
        "message": "现在看来，慢慢开始动作可能更好。\n推进情况可能会产生不同结果。"
    },
    {
        "name": "ノラナ",
        "message": "「终、终于、开始动了吗……！\n拜托，请尽情地射出来……！」"
    },
    {
        "message": "暂时搁置了这个愿望，慢慢地开始抽送。"
    },
    {
        "name": "ノラナ",
        "message": "「嗯！啊、嗯、呼……\n嗯啊、哈咕、嗯嗯嗯嗯啊！」"
    },
    {
        "message": "面对过度的反应停下了抽送。\n询问是否有疼痛感。"
    },
    {
        "name": "ノラナ",
        "message": "「不、不是，没事……那个……并不是疼痛的感觉……」"
    },
    {
        "message": "假茄的脸渐渐变得通红。\n眼眶泛泪，目光开始游离。"
    },
    {
        "name": "ノラナ",
        "message": "「突、突然间，感到有些害羞……\n明明露出了那里，还发出了声音……」"
    },
    {
        "name": "ノラナ",
        "message": "「啊、还有……团长大人的脸离得这么近……\n喜欢的人的脸，这么近……」"
    },
    {
        "message": "继续下去没关系吗。\n询问后，她没有看向这边，只是点了点头。"
    },
    {
        "message": "如果想停下来随时告诉我，然后重新开始抽送。"
    },
    {
        "name": "ノラナ",
        "message": "「啊啊、啊嗯、哈啊、啊啊……\n好厉害……在肚子里……进出……嗯、啊啊啊」"
    },
    {
        "name": "ノラナ",
        "message": "「大家，这种事情，已经经历过了……\n啊嗯、啊啊啊、嗯咕、啊呼！」"
    },
    {
        "message": "一开始确实有些僵硬，但幸运的是敏感度很好。\n体液的量顺利增加着，全身都在放松。"
    },
    {
        "message": "差不多该做名单上的事情了。\n身体向前倾，脸靠近。"
    },
    {
        "name": "ノラナ",
        "message": "「啊、啊嗯、这么近……\n接吻之类的还是有点……害羞……」"
    },
    {
        "message": "无法强迫你。\\n但是，心里似乎还有些紧张。"
    },
    {
        "message": "为了缓解这一点，我把手放在胸部。\\n不是激烈地揉搓，而是轻柔地按摩。"
    },
    {
        "name": "ノラナ",
        "message": "「啊，啊……您也要摸我的胸部吗……\\n我很高兴……看到您开心的样子……啊，啊」"
    },
    {
        "message": "似乎接受了对胸部的爱抚。\\n那么，我会稍微用点力。"
    },
    {
        "message": "即使如此，也不会用力捏住乳头进行强烈刺激。\\n像揉捏整个乳房一样，轻柔地按摩着。"
    },
    {
        "name": "ノラナ",
        "message": "「嗯！ 嗯嗯！ 我也感觉很舒服……\\n能被团长大人爱抚着……啊，嗯，嗯咕，呼！」"
    },
    {
        "name": "ノラナ",
        "message": "「因为是团长大人在做……唔呼、啊、呼啊、\\n唔咕、唔唔、啊……我也要努力……」"
    },
    {
        "message": "假茄的眼神锁定了过来。\\n战胜了羞耻心，直直地凝视着。"
    },
    {
        "name": "ノラナ",
        "message": "「吻……嗯、啊啊、和团长大人、吻……\\n想要、请求您……嗯、呼啊、唔呼啊！」"
    },
    {
        "message": "她的要求，我再次靠近她的脸。\\n没有被拒绝，嘴唇相互交缠。"
    },
    {
        "name": "ノラナ",
        "message": "「啊唔……啵……啵啵……\\n啊啊，和团长大人，接吻着……啵……啵……！」"
    },
    {
        "message": "刚开始接吻，阴道就开始蠕动。\\n扭动着缠绕，给予刺激。"
    },
    {
        "name": "ノラナ",
        "message": "「哈、哈……接吻，和团长大人、接吻……\\n更多、更多……请再接吻我……！」"
    },
    {
        "message": "假茄的双手触摸着我的脸颊。\\n然后用力地拉了过来。"
    },
    {
        "name": "ノラナ",
        "message": "「啵、唔、啵、啵啵！ 勒鲁鲁鲁！\\n噗噗、勒鲁鲁、噗噗……再多一点、接吻、接吻呀……！」"
    },
    {
        "name": "ノラナ",
        "message": "「哈普、唔、唔唔、啵啵、勒鲁鲁！\\n团长大人也，请伸出舌头来……啊唔、啵！」"
    },
    {
        "message": "突然间像是被点燃了一样贪婪地亲吻着。\\n还缠绕着舌头，毫不在意地流着口水央求着。"
    },
    {
        "message": "力量出乎意料地强大，挣脱不开。\\n平常抑制情感的反作用力似乎爆发了出来。"
    },
    {
        "name": "ノラナ",
        "message": "「啊，啊……团长大人……嗯，啊啊，嗯咕，啊啊！\\n里面也很舒服，亲吻也很多……啊，嗯，啊唔，亲一口！」"
    },
    {
        "name": "ノラナ",
        "message": "「就这样，继续进行甜蜜的爱爱……！\\n啊呼，亲一口，滴答滴答，舔舔，舔舔，舔一下」"
    },
    {
        "message": "因为喘不过气来而无法控制力量。\\n用力顶进去。"
    },
    {
        "name": "ノラナ",
        "message": "「嗯嗯！？ 里面、刺痛……嗯嗯！！！！\\n啊啊，这、难道是……嗯嗯嗯！？」"
    },
    {
        "name": "ノラナ",
        "message": "「果然，好像要来了……我、差不多了……！」"
    },
    {
        "message": "不经意间刺激到了敏感的地方。\\n感觉到高潮的迹象，这时候就不用太在意细节了。"
    },
    {
        "message": "与假茄一起朝着高潮前进。"
    },
    {
        "name": "ノラナ",
        "message": "「啊，啊呼，嗯咕，亲一口，舔一下……！\\n团长大人……最后一起……舔一下，滴答滴答，舔舔舔！」"
    },
    {
        "name": "ノラナ",
        "message": "「我、想要和您在一起……所以……！」"
    },
    {
        "message": "再次感受到阴道的蠢动。\\n阴茎被推向极限。"
    },
    {
        "message": "在获得了意想不到的快感的同时，\\n我不断地扭动着腰，与假茄一起达到高潮。"
    },
    {
        "name": "ノラナ",
        "message": "「团长大人……那个，第一次的时候，我有件事想说……\\n请、请让我说出来……！」"
    },
    {
        "message": "是否写在那张清单上呢。\\n我告诉他随便说。"
    },
    {
        "name": "ノラナ",
        "message": "「那、那个，我说……嗯，啊啊，哈啊啊……！\\n对于没用的我，请进行惩罚般的射精……！」"
    },
    {
        "message": "阴茎一下子变得灼热。\\n忘记了体贴假茄，只是不断地刺激着敏感的最深处。"
    },
    {
        "name": "ノラナ",
        "message": "「啊啊，不行，要来了……好厉害，要来了……！\\n啊呜，啊啊，啊呜，嗯咕，呼啊！」"
    },
    {
        "name": "ノラナ",
        "message": "「团长大人……团长大人……！\\n嗯咕，啊啊，啊呜，哈啊！\\n要来了、要来了、不行、不行……哈啊、嗯咕、啊呜！」"
    },
    {
        "name": "ノラナ",
        "message": "「嗯嗯嗯嗯唔唔唔！！」"
    },
    {
        "name": "ノラナ",
        "message": "「啊啊啊啊啊啊！惩罚射精……嗯嗯嗯嗯！」"
    },
    {
        "message": "假茄的阴道内痉挛着，喷涌而出。\\n身体支撑不住，全身重重地倒向前。"
    },
    {
        "name": "ノラナ",
        "message": "「嗯咕唔唔唔！被顶到……！」"
    },
    {
        "name": "ノラナ",
        "message": "「好厉害……热热的，扑通扑通地……\\n哈、哈、哈、哈……这就是色情吗……」"
    },
    {
        "message": "假茄完全失去了意识。\\n我也陷入了类似的状态，无法支撑住身体。"
    },
    {
        "message": "即使射精结束，假茄的呼吸仍然急促。\\n我轻轻拥抱着她，轻声说着，以后可以更加自然地向我提出请求。"
    },
    {
        "name": "ノラナ",
        "message": "「可以吗……？像我这样的人……」"
    },
    {
        "message": "我立刻回答说。"
    },
    {
        "name": "ノラナ",
        "message": "「谢谢您……！团长大人果然是拯救我的人……！」"
    },
    {
        "message": "虽然言得有些夸张，但我很感激。\\n我必须努力不辜负这份期待。"
    }
]