[
    {
        "message": "我睁开眼睛，感到了一种与以往相似的不适。\\n果然，假茄就在那里，但情况却完全不同。"
    },
    {
        "name": "ノラナ",
        "message": "「团、团长大人……这个……嗯……\\n我只是普通地来找团长大人帮忙的……\\n但是，一见到您就陷入了恐慌……」"
    },
    {
        "message": "即使如此，用绳子绑住手腕还是让人吃惊。\\n原本已经有些自闭的孤僻感是否正在加剧呢？也许只是我的错觉。"
    },
    {
        "name": "ノラナ",
        "message": "「啊，那个，我会努力的……\\n团长大人请继续睡吧……！」"
    },
    {
        "message": "匆忙地下达停止指令。\\n即便如此，假茄仍拼命地求情。"
    },
    {
        "name": "ノラナ",
        "message": "「因为、因为我已经被绑住了……只能这样了……\\n没关系的……爱抚已经结束了！」"
    },
    {
        "name": "ノラナ",
        "message": "「非常湿润……团长大人一定会满意的\\n男人们应该都喜欢吧……湿润的女性内部……！」"
    },
    {
        "message": "说着，假茄握住了挺立的阴茎。\\n她背对着我，展现出健康美丽的臀部。"
    },
    {
        "name": "ノラナ",
        "message": "「真的没关系的……\\n我也进行过学习……\\n因为经常一个人所以有充裕的时间……」"
    },
    {
        "message": "龟头对准了裂缝。\\n假茄毫不犹豫地扭动着腰部。"
    },
    {
        "name": "ノラナ",
        "message": "「嗯嗯嗯！ 嗯！ 团长大人的……嗯嗯嗯！」"
    },
    {
        "message": "无视制止的声音，假茄已经完成了插入。"
    },
    {
        "name": "ノラナ",
        "message": "「哈啊，哈啊……好粗、好硬……\\n啊啊，光是插进来就感觉好舒服……」"
    },
    {
        "message": "假茄发出了陶醉的声音。\\n确实，爱抚已经结束，整根阴茎被她温热地包裹着。"
    },
    {
        "message": "并没有像第一次那样紧绷。\\n有一种能够愉悦的预感。\\n正因如此，开始的方式令人遗憾。"
    },
    {
        "name": "ノラナ",
        "message": "「果然，不行吗？\\n擅自插入……要受惩罚吗？」"
    },
    {
        "message": "并不是想要给予惩罚。\\n只是在说袭击正在睡觉的人是不对的。"
    },
    {
        "message": "因为沟通有困难，所以更加重要。\\n希望能够正常地向你提出请求。"
    },
    {
        "name": "ノラナ",
        "message": "「对不起……但是，我只是想要变得正常……\\n只是无法做到而已……」"
    },
    {
        "name": "ノラナ",
        "message": "「所以，请进行惩罚性射精……！\\n请尽情地对待无能的我……！」"
    },
    {
        "message": "为什么会变成这样。\\n明确地告诉你，这样的惩罚是不必要的。"
    },
    {
        "name": "ノラナ",
        "message": "「我知道了……那么，就由我来服务您吧！\\n小穴服务！请接受吧！」"
    },
    {
        "message": "假茄开始了抽送。\\n她并没有听到这边说的话。"
    },
    {
        "name": "ノラナ",
        "message": "「呼啊，啊，咕噜，嗯咕噜……！\\n我会努力的……为了让团长射精而努力……！」"
    },
    {
        "name": "ノラナ",
        "message": "「会让您感到很舒服的……！\\n啊，啊，啊，嗯，嗯，啊，啊，嗯咕啊！」"
    },
    {
        "message": "假茄发出妖艳而大声的喘息声。\\n抽送也变得剧烈起来，水声已经哗哗作响。"
    },
    {
        "name": "ノラナ",
        "message": "「嗯咕，哈，喘息着团长的……\\n摩擦着很多……引导到最深处……嗯，嗯咕，呼咕啊！」"
    },
    {
        "name": "ノラナ",
        "message": "「啊啊啊啊！嗯，嗯，啊啊啊！\n这样，我也会感觉很舒服……啊呜，嗯啊，哈啊，嗯嗯嗯！」"
    },
    {
        "message": "全身在不停地颤抖。\n完全是太过了。\n我用言语促使他停下。"
    },
    {
        "name": "ノラナ",
        "message": "「没关系，雷苏……我，这点……\n嗯呜，哈啊，喊啊，啊啊，嗯，嗯，嗯，嗯嗯嗯！？！？」"
    },
    {
        "message": "在剧烈颤抖之后，抽送停了下来。\n私处收缩着，试图挤出尚未射出的精液。"
    },
    {
        "message": "刚说完就似乎迎来了高潮。"
    },
    {
        "name": "ノラナ",
        "message": "「哈、哈、哈……已经、射出来了……\n对不起……连小穴都不行的样子……」"
    },
    {
        "message": "假茄肩膀上喘着气，仰望着天花板。\n背部和屁股上沁出了汗水，交合处飘散着雌性的气息。"
    },
    {
        "message": "看起来非常诱人，\n但情况上却无法停下来。\n我尽可能用柔声传达已经结束了。"
    },
    {
        "name": "ノラナ",
        "message": "「不行……团长大人还没有射出来呢……」"
    },
    {
        "message": "假茄摇摇晃晃地调整姿势。"
    },
    {
        "name": "ノラナ",
        "message": "「动起来了呢……团长大人……请感受愉悦吧……！」"
    },
    {
        "message": "抽送重新开始。\n激烈程度并没有太大改变。\n但是，可能因为身体支撑不住的缘故，腰部下沉的瞬间力道增加了。"
    },
    {
        "message": "就像用屁股拍击下腹部一样。\n阴茎和子宫口的接触，因此变得更加激烈。"
    },
    {
        "name": "ノラナ",
        "message": "「嗯咕，啊啊！不行，这样，又要高潮了……！\n不行，不行……抽搐，要来了……！」"
    },
    {
        "name": "ノラナ",
        "message": "「要高潮了……啊啊，要高潮了，要高潮了！要高潮啊啊啊啊啊啊啊啊啊！」"
    },
    {
        "message": "痉挛不已的假茄，\n却并未停止抽送，继续给予快感。"
    },
    {
        "name": "ノラナ",
        "message": "「嗯呣，嗯咕，呼咕，啊啊啊，嘿咕，嗯嗯呜！\n团长大人……请感受愉悦吧……」"
    },
    {
        "name": "ノラナ",
        "message": "「我只是为了接收精液的、\n可以当作普通容器对待的壶而已……嗯咕，啊啊！呼咕，嘿咕啊！」"
    },
    {
        "message": "那样的话就太过分了，她可是花骑士，也是一个女孩子。"
    },
    {
        "message": "绝对不可能只是为了接收精液而存在的容器。\\n她是我想要身心相通的对象。"
    },
    {
        "name": "ノラナ",
        "message": "「对，只是为了精液的、肉棒的肉壶……\\n只是为了鸡巴的、单纯的工具啊……嗯咕、啊啊、嘿啊啊！」"
    },
    {
        "message": "再次否定了这种说法。\\n就算是本人提出来也会拒绝。"
    },
    {
        "name": "ノラナ",
        "message": "「谢谢，您要好好地往里面注满呢……\\n因为我会努力当个肉壶，所以请尽情享受吧……」"
    },
    {
        "message": "已经无法进行对话了。\\n无论说什么，她都只会回答请往肉壶里注满。"
    },
    {
        "message": "如果再继续下去，只能等待结束了。\\n但在那之前我想尽快解决这个问题。"
    },
    {
        "name": "ノラナ",
        "message": "「啊呼、啊啊、嗯咕、嗯咕、哈啊啊、团长大人，\\n已经开始颤抖了呢……啊呃、啊、啊呼、呼啊！」"
    },
    {
        "message": "正如假茄所说，射精的感觉正在急速上升。\\n即使在这种时候，阴道也毫不留情地收缩着。"
    },
    {
        "name": "ノラナ",
        "message": "「啊、嗯咕、啊啊、出来吧，射进来……\\n兰朝大人的种子……射进我里面……\\n啊，啊呀，啊啊，啊啊！」"
    },
    {
        "name": "ノラナ",
        "message": "「满满地，满满地注入进来……填满我的肚子……\\n拜托了……嗯咕，哈啊啊，嗯唔，唔呀呀！」"
    },
    {
        "name": "ノラナ",
        "message": "「用惩罚性射精来惩治调皮的小穴……！」"
    },
    {
        "message": "瞬间感到腰部仿佛要浮起。\\n射精的感觉已经无法抑制地上升到极限，\\n勃起更加坚硬挺立。"
    },
    {
        "name": "ノラナ",
        "message": "「嗯咕，啊啊，我又要高潮了……！\\n明明还在受惩罚，却已经高潮了……！ 啊啊，不行，要高潮了，高潮了高潮了！」"
    },
    {
        "name": "ノラナ",
        "message": "「在受到调教之前就已经高潮了……明明是不行的，\\n可是调教还在等着我……嗯咕，啊啊，哈呢，啊啊！」"
    },
    {
        "message": "即使口齿已经不清晰，抽送的力度却变得更加剧烈。\\n精液显示出喷发的迹象，向着最后的瞬间迈进。"
    },
    {
        "name": "ノラナ",
        "message": "「啊啊，嗯咕，哈啊啊！ 高潮了，不行！\\n真的、真的、不行了……要高潮了、要高潮了……！」"
    },
    {
        "name": "ノラナ",
        "message": "「嗯咕、呼咕！ 不行、啊、嗯！ 高潮了……高潮了、不行、高潮了、再也、再也……！」"
    },
    {
        "name": "ノラナ",
        "message": "「啊啊啊啊啊啊啊！！！！」"
    },
    {
        "name": "ノラナ",
        "message": "「啊、嗯咕、收缩……啊啊啊啊啊！！」"
    },
    {
        "message": "用痉挛这个词已经不足以描述，\\n假茄的身体不规律地跳动着。\\n秘处的紧缩非常强烈，\\n也让我忍不住射出了一团。"
    },
    {
        "name": "ノラナ",
        "message": "「哈、啊啊……嗯咕、啊啊啊！\\n抽搐不已……好舒服……」"
    },
    {
        "name": "ノラナ",
        "message": "「惩罚性射精也这么舒服……肚子，好暖和……\\n噗噗地，噗噗地……哈、哈、哈……」"
    },
    {
        "message": "已经不只是陶醉。\\n口水和眼泪都忘记停止了。"
    },
    {
        "message": "这是不能让其他人看到的表情。\\n即使是在行为之后，如此陶醉的表情也并不寻常。"
    },
    {
        "name": "ノラナ",
        "message": "「兰朝大人还想要吧……？\\n我在含着肉棒所以我知道……」"
    },
    {
        "message": "已经够了，停下来吧，我下令说。\\n即便如此，假茄还是抬起身体迎接着抽送。"
    },
    {
        "name": "ノラナ",
        "message": "「那个……？ 必须要绷紧，可是……\\n眼前，变得一片空白……」"
    },
    {
        "message": "摇摇晃晃的样子异常。\\n多次呼唤她的名字，确认她是否还好。"
    },
    {
        "name": "ノラナ",
        "message": "「没、没事的……因为我是、团长大人的……\\n哈、哈……」"
    },
    {
        "message": "假茄突然无力地倒了下去。\\n无论叫她的名字还是摇动她的腰，都没有反应。\\n看来是晕过去了。"
    },
    {
        "message": "醒来后，似乎需要安排时间进行交流。\\n必须教会她正确的沟通方式。\\n为此，首先得考虑如何解开这束缚。"
    }
]