[
    {
        "name": "ウサギギク",
        "message": "「团长喜欢我，我一直这么想着的呢～……咻！」"
    },
    {
        "message": "不知为何，兔菊看起来很不高兴。\\n自从来到房间以来就一直这样。\\n尽管如此，它却一直坐在我的膝盖上不肯离开。"
    },
    {
        "message": "我低头请求兔菊告诉我为什么生气。\\n如果不知道原因，就无法道歉也无法今后改善。"
    },
    {
        "name": "ウサギギク",
        "message": "「……咻！ 团长，最近没怎么理我呢\\n明明之前还那么要好……咻！」"
    },
    {
        "message": "确实最近很忙，没怎么和兔菊交谈过。\\n看来这就是它生气的原因。"
    },
    {
        "name": "ウサギギク",
        "message": "「我一直都很寂寞的啊……」"
    },
    {
        "message": "没有注意到她的心情，却任由她一个人孤单了下去。\\n这是我的错。\\n所以我想弥补这一切，我从后面抱住了坐在膝盖上的兔菊。"
    },
    {
        "name": "ウサギギク",
        "message": "「你能做我想要的事情吗……？」"
    },
    {
        "message": "当然，只要能让兔菊满意。我会尽力做到所有事情的。"
    },
    {
        "name": "ウサギギク",
        "message": "「那……希望你能多多宠爱我……放任我孤单了这么久，如果你能多多宠爱我……我会原谅你的……」"
    },
    {
        "name": "ウサギギク",
        "message": "「硬的，往里面……越来越深了呜呜……」"
    },
    {
        "message": "一声呼唤后，勃起的鸡巴挤入了阴道。\\n感受到阴道壁被撑开的触感，兔菊轻轻地颤抖着接受着。"
    },
    {
        "name": "ウサギギク",
        "message": "「最深处，就这样顶着动一下……嗯嗯\\n因为想要感受团长的全部……嘿唔」"
    },
    {
        "message": "受到她的催促，我抓住她的腰，将阴茎插入。\\n龟头顶起阴道深处的感触从前端传来。"
    },
    {
        "name": "ウサギギク",
        "message": "「啊啊……里面，变成了鸡巴的形状……\\n我的小穴……好像变得特别属于团长一样呢……」"
    },
    {
        "message": "虽然局促但包裹着阴茎的阴道肉体感触舒适。\\n受到这种刺激，我的背脊也颤抖起来。\\n但是如果保持不动，这样做并不能弥补之前的遗憾。\\n为了真挚地传达爱意，我开始用力地动起腰来。"
    },
    {
        "name": "ウサギギク",
        "message": "「啊啊……动起来了鸡巴……哈呜\\n这次和之前不一样地、来回搓搓得好厉害……啊啊、嗯嗯」"
    },
    {
        "name": "ウサギギク",
        "message": "「这样被鸡巴摸摸、摸摸就好像在夸奖一样呢……嘿唔\\n唔～……虽然非常舒服但是只有这些还不够满足哦……」"
    },
    {
        "message": "现在这样似乎已经很喜欢了，但好像还不够。\\n那么，就毫不犹豫地说出你的愿望吧，我告诉兔菊。\\n这边只是在满足她的要求而已。"
    },
    {
        "name": "ウサギギク",
        "message": "「那个……嗯……啊呜……啊啊……\\n你到底有多喜欢我……明明告诉我吧……！」"
    },
    {
        "message": "听到这样的话感到惊讶。\\n虽然觉得她在犹豫，\\n但兔菊应该会坦诚地表达真实的感情。"
    },
    {
        "name": "ウサギギク",
        "message": "「没错……虽然希望的事情不只这些……嗯嗯\\n首先，我想要你用言语告诉我……！\\n如果你告诉我你有多喜欢我……我也会感到安心的……！」"
    },
    {
        "message": "被她这么一说就理解了。只要让她知道我的心意，\\n即使发生相同的事情，也不会影响她的心情。"
    },
    {
        "name": "ウサギギク",
        "message": "「嗯……啊啊……嗯呜呜……快一点、快一点～……！\\n快告诉我，你有多喜欢我～！」"
    },
    {
        "message": "兔菊一边含着肉棒，\\n一边在膝盖上扭动着腰和腿。\\n对于撒娇撒泼的她，我表达了我的心意。"
    },
    {
        "message": "努力想要比任何人都引人注目。\\n总是满怀活力地依偎在身边也让人觉得可爱。\\n在抽送之中，我持续传达着所有对她好意。"
    },
    {
        "name": "ウサギギク",
        "message": "「啊啊……嗯呜呜……嘿嘿……听到你说你有多喜欢我……\\n果然还是会变得非常开心呢……唔唔」"
    },
    {
        "name": "ウサギギク",
        "message": "「嘿呀……啊啊……感觉有点奇怪……唔！\\n团长的感觉，传达得好多……啊啊，嗯嗯！」"
    },
    {
        "message": "兔菊感到困惑的原因立刻就传达了过来。\\n显然是愈发增多的爱液。\\n热烈的粘液增强了摩擦运动的快感。"
    },
    {
        "name": "ウサギギク",
        "message": "「啊呜！淫秽的汁水满满地……啊，啊啊！\\n只要一想到团长……啊呜，嘿呀！\\n失禁，止不住了！」"
    },
    {
        "message": "兔菊的爱液引起了跳跃的摩擦敏感度。\\n充满热情的阴道不断地活跃收缩。"
    },
    {
        "message": "在受到强烈刺激的同时，\\n为了更加增进彼此的快感，不停地扭动着腰部。"
    },
    {
        "name": "ウサギギク",
        "message": "「呼啊，啊，啊，唔唔呜……！\\n脑海中全是团长……嘿唷，嗯嗯！\\n小穴变得好黏好黏的……唔呜……！\\n我好像要发疯了！」"
    },
    {
        "name": "ウサギギク",
        "message": "「身体里……满溢着团长的感觉……快要爆炸了……！\\n太舒服了，已经忍不住了……啊，嗯嗯，唔唔！」"
    },
    {
        "message": "对即将达到高潮的兔菊，温柔地说可以随时达到高潮。\\n抓住她的腰部抬起再放下，猛烈地刺激着阴道。"
    },
    {
        "name": "ウサギギク",
        "message": "「唔唔……哈啊……啊啊……！\\n咚咚地，肉棒好厉害的……唔唔，哈啊！\\n我要高潮了……！　啊哈，哼哈！\\n小穴一直在颤抖……酥酥地发麻着！」"
    },
    {
        "message": "积极的冲击运动让彼此达到了顶点。\\n直到射精的瞬间，也不会持续太久。\\n虽然感觉到了极限的临近，但为了让对方更满足，我会一直保持激烈的动作。"
    },
    {
        "name": "ウサギギク",
        "message": "「嘿呀、啊啊、嗯呜、啊呜呜！\\n要高潮了……小穴，又要高潮了……！」"
    },
    {
        "name": "ウサギギク",
        "message": "「鸡巴，好激烈……啊呜、嗯嗯、啊啊啊！\\n团长大人，一起来……最后一起才好……！\\n哇啊、啊啊啊……嗯嗯嗯嗯嗯！！」"
    },
    {
        "name": "ウサギギク",
        "message": "「哈呜呜……好舒服，弹出来了……嗯呜\\n身体……都麻痹了……嗯啊啊……哈呜呜……」"
    },
    {
        "message": "在高潮的快感中颤抖着愉悦的兔菊。\\n背脊弓起，不断地阴道收缩。"
    },
    {
        "message": "在它的蠢动下，我也一再地释放着精液。"
    },
    {
        "name": "ウサギギク",
        "message": "「热烈的精液喷射着……\\n在肚子里，团长大人的热量渐渐地……\\n扩散开来了似的……」"
    },
    {
        "name": "ウサギギク",
        "message": "「最爱的团长大人……得到好多好幸福～……」"
    },
    {
        "message": "直到射精结束，兔菊接纳了所有的生殖液。\\n她带着愉悦的声音，频频摇动着臀部。\\n看来她会一直为我服务，直到勃起完全消失。"
    },
    {
        "name": "ウサギギク",
        "message": "「团长的情意……传达得好清楚……我要还给你～♪\\n达到高潮的时候，满心都是温暖的感觉……\\n真的好舒服啊……」"
    },
    {
        "message": "爱情传达得很明确，似乎也满足了。\\n靠在这边撒娇的模样，\\n和之前生气的态度完全相反。"
    },
    {
        "name": "ウサギギク",
        "message": "「果然团长喜欢着我呢♪\\n好好告诉了我，谢谢♪」"
    },
    {
        "message": "兔菊心情完全好转，看起来很幸福。\\n她依偎着享受着幸福的时光。"
    }
]