[
    {
        "name": "ヘリオプシス",
        "message": "「团长大人，刚才到底是什么意思？」"
    },
    {
        "message": "看着不安的赛菊芋，我再次解释了要结束这段关系。"
    },
    {
        "message": "自从第一次被赛菊芋求助后，我几次帮忙。但渐渐地，我们之间的关系已经不再满足于只是利用彼此的身体。"
    },
    {
        "message": "结束这种明了的关系。这是作为男人的一种交代。"
    },
    {
        "name": "ヘリオプシス",
        "message": "「是、这样吗……那么，也没办法了……」"
    },
    {
        "message": "重要的是不要逃避自己的内心。所以，我向赛菊芋表白，想要与你心灵相通，彼此相爱。"
    },
    {
        "name": "ヘリオプシス",
        "message": "「啊、相爱！？心灵相通，彼此相爱？这个……太出乎意料了……」"
    },
    {
        "message": "或许一开始只是明了的关系。但现在我爱上了赛菊芋。"
    },
    {
        "name": "ヘリオプシス",
        "message": "「就、就算你这么说，我现在还真的很困惑，该怎么办才好……团长大人！？你为什么抱起我！？」"
    },
    {
        "message": "于是，我抱起仍然感到困惑的赛菊芋，将她送上床。"
    },
    {
        "name": "ヘリオプシス",
        "message": "「为什么，我会……这样……啊……团长大人的……嗯嗯，进来了……！」"
    },
    {
        "message": "我轻柔地插入。她的阴道已经被大量的爱液填满，顺利地插入到底部。"
    },
    {
        "message": "赛菊芋依然感到困惑，但还是顺利地接受了我。"
    },
    {
        "name": "ヘリオプシス",
        "message": "「虽然我们已经多次肌肤相亲……但今天，做着同样的事情，却感到非常幸福……对于这样的自己，感到困惑……」"
    },
    {
        "name": "ヘリオプシス",
        "message": "「而且，与团长大人相连的手，感觉非常温暖……当然，并不是真的温度高，只是有这样的感觉而已…………」"
    },
    {
        "message": "赛菊芋发出了娇媚的呻吟。"
    },
    {
        "name": "ヘリオプシス",
        "message": "「团长大人，我……我该怎么办才好……」"
    },
    {
        "message": "我告诉她不用动，开始抽插。"
    },
    {
        "name": "ヘリオプシス",
        "message": "「嗯……啊啊……\n团长大人的，好深，好长……摩擦着……啊……嗯……」"
    },
    {
        "name": "ヘリオプシス",
        "message": "「通常的话……嗯，粗暴地……\n激烈地刺激深处……我会感觉很强烈……\n但是，这样缓慢的……嗯……啊啊……」"
    },
    {
        "message": "为了让她的阴道记住肉棒的形状，\n我缓慢而温柔地抽插。"
    },
    {
        "name": "ヘリオプシス",
        "message": "「全部都在感受着团长大人……嗯嗯……啊，嗯！\n这个……嗯！ 团长大人的，鸡巴的形状……\n啊，嗯……记住了……嗯……啊啊……！」"
    },
    {
        "name": "ヘリオプシス",
        "message": "「比起激烈地被抽插……\n啊，嗯……一直一直感受着……！\n啊啊……！ 嗯嗯……！」"
    },
    {
        "name": "ヘリオプシス",
        "message": "「这种事情，是第一次经历的……\n嗯，嗯，我，嗯……我！\n该怎么办才好呢……啊，啊，不知道该怎么办才好……！\n超出预料了！」"
    },
    {
        "message": "脸颊泛红的赛菊芋，在快要达到极限时颤抖着。\n于是我停止了抽插。"
    },
    {
        "name": "ヘリオプシス",
        "message": "「我和团长大人只是普通的花骑士和骑士团长的关系\n然后我们互相利用彼此的身体\n来满足彼此的性欲\n这是一种理性上可以接受的关系\n方便之间的关系」"
    },
    {
        "name": "ヘリオプシス",
        "message": "「明明应该是这样\n但是每次和团长大人肌肤相亲之后\n心中却涌现出无法解释的情感\n与团长大人在一起时忘却了一切\n而离开团长大人时又变得不安」"
    },
    {
        "name": "ヘリオプシス",
        "message": "「我一直以忠诚于葵花大人为生，\n从未想过自己会被情感左右，感到困惑和不安……\n但是，终于明白了那种无法用理智解释的感情的答案」"
    },
    {
        "message": "请告诉我那个答案。"
    },
    {
        "name": "ヘリオプシス",
        "message": "「那就是……我喜欢团长大人……」"
    },
    {
        "name": "ヘリオプシス",
        "message": "「刚才团长大人的告白，就像是洞悉了我的内心一样，\n让我感到害羞和困惑……\n但是，现在我可以毫不犹豫地说出来\n我喜欢团长大人」"
    },
    {
        "message": "这正是我所期待的最美好的话语。"
    },
    {
        "message": "于是问赛菊芋，她现在最想做的事情。"
    },
    {
        "name": "ヘリオプシス",
        "message": "「我想和团长大人相爱……请爱我」"
    },
    {
        "message": "听到这句话，从下面猛地顶了上去。"
    },
    {
        "name": "ヘリオプシス",
        "message": "「啊！ 啊啊！ 嗯！ 这就是，嗯，这就是团长大人的，爱！\n啊，嗯，好厉害，好深，嗯嗯！」"
    },
    {
        "name": "ヘリオプシス",
        "message": "「深一点，嗯！ 哈啊，哈啊，深入到底了！ 嗯！\n哈啊，哈啊，满满的，满满的！ 到达了！」"
    },
    {
        "message": "赛菊芋感受到最深处的刺激一次次地袭来。\n每一次，她都紧紧地握住了我的手。"
    },
    {
        "name": "ヘリオプシス",
        "message": "「突然间，这样的，嗯！ 激烈地，嗯！\n哈啊，哈啊，啊，嗯！ 啊，哈啊嗯！\n慢慢来也是的话，嗯，哈啊哈啊，非常舒服的，\n嗯，哈啊，啊嗯！ 激烈地进行也是的话，嗯！ 很舒服的！」"
    },
    {
        "message": "赛菊芋露出仿佛融化般的表情，身体不断颤抖。"
    },
    {
        "message": "我想让她更加融化。\n希望赛菊芋能告诉我更多让她开心的事情。"
    },
    {
        "name": "ヘリオプシス",
        "message": "「好的，好的，团长大人！\n我、赛菊芋喜欢被激烈地进行着！\n尤其是、嗯！ 最深处最能感受到呢！\n最深处被、嗯！ 猛烈刺激着才是、嗯！ 我最喜欢的事情了！」"
    },
    {
        "name": "ヘリオプシス",
        "message": "「但除此之外、嗯、我发现了其他喜欢的事情呢！」"
    },
    {
        "name": "ヘリオプシス",
        "message": "「团长大人、嗯、牢牢握住我的手、这件事情呢、\n我、嗯、被团长大人握住手时、\n嗯、感到非常开心呢！」"
    },
    {
        "message": "重新牢牢握住她的手后，赛菊芋也回握住了我的手。"
    },
    {
        "name": "ヘリオプシス",
        "message": "「啊，嗯，哈啊，哈啊，啊嗯！\\n这么、嗯，感受到的，是第一次……嗯，啊嗯，啊嗯，嗯嗯！\\n团长大人、我、用全身、好多、好多地、感受到……！」"
    },
    {
        "name": "ヘリオプシス",
        "message": "「但是、哈啊，哈啊，更多地、更多地、让我、团长大人！\\n嗯，更多地、更多地、让我感受到吧！」"
    },
    {
        "message": "赛菊芋随着我的动作，\\n像在舔舐着阴茎一样扭动着腰部。\\n性器更加浓密地交织在一起，射精的欲望也逐渐增强。"
    },
    {
        "name": "ヘリオプシス",
        "message": "「啊啊，嗯，团长大人、团长大人、喜欢您、团长大人！\\n嗯，哈啊，哈啊，非常喜欢您！」"
    },
    {
        "name": "ヘリオプシス",
        "message": "「嗯，哈啊，嗯，舒服、这么舒服、嗯，哈啊，嗯！\\n舒服得很呢！ 哈啊，嗯，舒服得很呢！\\n和团长大人、一次次地！ 做爱了的话！ 这么舒服呢！」"
    },
    {
        "message": "赛菊芋像失去自我一样剧烈地摆动着腰部。\\n阴道因爱液而变得湿润黏腻的快感唤起了强烈的兽欲。"
    },
    {
        "name": "ヘリオプシス",
        "message": "「啊！ 啊！ 啊！ 哦哦哦哦哦哦哦哦哦哦哦哦哦哦哦哦哦哦哦哦哦！！\\n嗯！ 啊、啊啊、嗯！ 啊！！ 哈啊哈啊！！\\n哈啊哈啊！！ 哼！！ 哼！！ 哼！！」"
    },
    {
        "name": "ヘリオプシス",
        "message": "「这种感觉真好呀！ 哼！ 超级超级的好呀！\\n啊、嗯！ 啊呀呀呀呀呀呀呀呀呀呀呀！！\\n太好了吧！！ 太好了吧！！」"
    },
    {
        "name": "ヘリオプシス",
        "message": "「团长大人、我已经…… 呃…… 啊…… 已经不行了！\\n要高潮了！ 这么开心的话…… 感觉这么好的话…… 啊嗯！\\n嗯嗯嗯…… 感觉太好了…… 已经忍不住高潮了！」"
    },
    {
        "message": "这边也已经忍耐射精到了极限。\\n牵着的手不放开，眼神交汇，彼此都爬上了巅峰。"
    },
    {
        "name": "ヘリオプシス",
        "message": "「一起，嗯，团长大人，一起……想要达到高潮！\\n啊，啊！ 嗯！ 哈啊，哈啊，啊！\\n我和心爱的团长大人一起！」"
    },
    {
        "name": "ヘリオプシス",
        "message": "「嗯，啊，不行，嗯，要高潮了，要、要高潮了，嗯，啊！\\n团长大人，请不要放开我的手！\\n要、高潮了、啊、不行！ 要高潮了、团长大人，我、要高潮了！！」"
    },
    {
        "name": "ヘリオプシス",
        "message": "「啊啊啊啊啊！！ 要高潮了！ 啊啊啊啊！！」"
    },
    {
        "message": "与达到高潮的赛菊芋紧握着手，\\n沉浸在射精的渴望中。\\n炽热的精液喷涌进她的子宫。"
    },
    {
        "name": "ヘリオプシス",
        "message": "「嗯，哈啊，哈啊……嗯……哈啊……呼……」"
    },
    {
        "name": "ヘリオプシス",
        "message": "「这么……这么舒服……\\n这么害羞、这么开心……」"
    },
    {
        "message": "整理好呼吸的赛菊芋微笑着，\\n仿佛经历了初体验一般。"
    },
    {
        "name": "ヘリオプシス",
        "message": "「……我喜欢团长大人。\\n我爱您」"
    },
    {
        "message": "要说出那句话，彼此需要很长时间。\\n但，那也是必要的时间。"
    },
    {
        "name": "ヘリオプシス",
        "message": "「但是，竟然喜欢上团长大人……真的是出乎意料之外\\n以后该用怎样的表情看待团长大人，我不知道……」"
    },
    {
        "message": "赛菊芋有些为难，但脸上露出了开心的笑容。"
    },
    {
        "name": "ヘリオプシス",
        "message": "「但这出乎意料之外，是令人开心的出乎意料」"
    }
]