[
    {
        "name": "メランポジューム",
        "message": "「……嗯，嗯……就是这样吧……\n唉……」"
    },
    {
        "message": "花了一直到深夜，终于提交了追加预算申请书给黄帝菊。\\n她看着文件停了下来，最终叹了口气。"
    },
    {
        "message": "文件出了什么问题吗？\\n还是预算本身就太冒进了？\\n如果预算不通过的话，下个月只能靠吃路边的野草度日了。"
    },
    {
        "name": "メランポジューム",
        "message": "「啊啊，对不起对不起，\n别露出那么担心的表情，这跟这个没关系。\n我有点，个人的烦恼。\n但是，光是纠结也找不到答案……」"
    },
    {
        "message": "如果有烦恼要说出来，我会倾听的。她继续促使黄帝菊说下去。\n解决或许做不到，但光是倾诉有时也能减轻些许负担。"
    },
    {
        "name": "メランポジューム",
        "message": "「是啊……作为骑士团团长就该这么说吧。\n这才是正常的回应，你说的我也明白……我是……」"
    },
    {
        "name": "メランポジューム",
        "message": "「真是的！\n总觉得一直闷闷不乐真不适合我！\n……嗯，决定了」"
    },
    {
        "message": "突然，黄帝菊脸红地拥抱着我，并亲了我一口。\n她的举动让我的脑袋一片空白。\n理解不及。"
    },
    {
        "name": "メランポジューム",
        "message": "「团长，你说要倾诉吧？\n那么，请好好陪我解决我的烦恼哦？」"
    },
    {
        "message": "被黄帝菊紧紧拥抱着，没有逃脱的余地。"
    },
    {
        "name": "メランポジューム",
        "message": "「嗯……\n那、那个，进来了……！啊……！」"
    },
    {
        "message": "虽然是黄帝菊主动引诱的，\n但从接吻开始就变得很老实。"
    },
    {
        "message": "因为知道她期望的不只是接吻，\n所以花了些时间，温柔地进行前戏。"
    },
    {
        "name": "メランポジューム",
        "message": "「进去了……进去了！」"
    },
    {
        "message": "在经过前戏后已经湿润的阴道内，阴茎轻轻滑入。"
    },
    {
        "name": "メランポジューム",
        "message": "「嗯嗯！啊……！」"
    },
    {
        "message": "然而，在插入到一定程度时，到达了感觉狭窄的部位。\n如果继续往里插入，应该会感到疼痛。\n为了确认，看向了黄帝菊的脸。"
    },
    {
        "name": "メランポジューム",
        "message": "「没事，稍微有点疼痛，我可以忍受……嗯嗯嗯！」"
    },
    {
        "message": "感受到黄帝菊的觉悟，为了不让疼痛持续，一口气刺入。"
    },
    {
        "name": "メランポジューム",
        "message": "「痛啊，嗯嗯……！」"
    },
    {
        "message": "面对处女膜破裂的疼痛，黄帝菊的脸扭曲了。\n即便如此，阴茎还是迅速地完全插入了阴道。"
    },
    {
        "name": "メランポジューム",
        "message": "「呜呜！啊……哈哈，哈哈……结束了吗？\n全都进去了吗……？啊……好像都进去了呢……」"
    },
    {
        "message": "黄帝菊感慨地喃喃自语。"
    },
    {
        "name": "メランポジューム",
        "message": "「那当然……\n因为我把我的第一次给了你」"
    },
    {
        "name": "メランポジューム",
        "message": "「而且，那个……\n关于男女交合的具体事情我也不太清楚，\n所以对这种感觉很好奇……」"
    },
    {
        "message": "在进行前戏时，黄帝菊完全没有展现出这样的态度，所以感到意外。"
    },
    {
        "name": "メランポジューム",
        "message": "「那是因为我没有观察的余裕！\n团长你太擅长让人感到舒服了！」"
    },
    {
        "message": "黄帝菊满脸通红地回答。她害羞的模样令人耳目一新，令人感到温馨。"
    },
    {
        "message": "话虽如此，这样做是否能在一定程度上解决烦恼呢？"
    },
    {
        "name": "メランポジューム",
        "message": "「嗯，是的……也许我不用再解释了，你可能已经明白了，但是……我喜欢团长，一直在为此烦恼。」"
    },
    {
        "name": "メランポジューム",
        "message": "「其实我原本打算把这个藏起来……喜欢你这件事情\n要是被发现了就会很麻烦，\n即使最终在一起也会有很多问题……」"
    },
    {
        "message": "如果彼此都怀有好意，那就没有问题了吧。"
    },
    {
        "name": "メランポジューム",
        "message": "「但是我可是这个骑士团的出资者哦？\n你的社会地位会受影响的……」"
    },
    {
        "message": "忘记了这个角度。\n确实，可能会被视为利用色相谋取金钱的骑士团长。"
    },
    {
        "name": "メランポジューム",
        "message": "「是啊……\n因为我不想让你被人这样看待……」"
    },
    {
        "message": "想要胡乱猜测的人就让他们去猜吧。"
    },
    {
        "name": "メランポジューム",
        "message": "「团长，有时候好坚毅呢……嘻嘻\n但是，也许是这样吧，可能是这样的吧……重要的是，我的心意和你的心意」"
    },
    {
        "message": "黄帝菊紧紧地盯着这边。\n我们的心意是一致的。"
    },
    {
        "name": "メランポジューム",
        "message": "「我喜欢你……\n真的，非常喜欢你……」"
    },
    {
        "message": "听到这番话，我的内心燃起了热烈的情感。"
    },
    {
        "name": "メランポジューム",
        "message": "「因为喜欢你，所以想要亲吻，想要拥抱，\n甚至想要更多……希望你能满足我」"
    },
    {
        "message": "在她诱人的气息中，我的阴茎变得更加坚挺。\n于是慢慢地开始进行抽送。"
    },
    {
        "name": "メランポジューム",
        "message": "「嗯、啊……嗯……啊呀……！\n摩擦得好多……嗯……里面……啊呀！」"
    },
    {
        "message": "休息了一会儿后，黄帝菊似乎并没有感到疼痛。\n于是我开始逐渐加快速度。"
    },
    {
        "name": "メランポジューム",
        "message": "「哈、嗯、啊……！加快、加快、嗯……！\n这个、这个、嗯、这个感觉、真好啊、嗯、啊……嗯嗯！」"
    },
    {
        "name": "メランポジューム",
        "message": "「呼吸、嗯、哈啊、哈啊、嗯、啊、乱了，嗯、哈啊、哈啊，\n啊呀，时不时地，激动得，嗯！ 刺激来了，哈啊！」"
    },
    {
        "name": "メランポジューム",
        "message": "「啊，哈啊，更多、更多地做，团长！\n嗯，哈啊，哈啊，啊呀！ 更多地让我激动！」"
    },
    {
        "message": "湿润的阴道痉挛着，\n寻求更多快感，紧紧地包裹着阴茎。为了满足黄帝菊的要求，我再次进入。"
    },
    {
        "name": "メランポジューム",
        "message": "「啊，就是那个，嗯嗯！ 到底了，嗯！ 哈呜！\n好厉害，好厉害，嗯嗯！ 这样的感觉，第一次！\n哈啊，哈啊，嗯嗯！ 腰部也开始动了！」"
    },
    {
        "message": "随着我的动作，黄帝菊也开始前后摆动腰部。\n连接部摩擦加剧，并更加浓密地贴合、摩擦和再次贴合。\n我们沉溺于这种快感之中。"
    },
    {
        "name": "メランポジューム",
        "message": "「这个，好舒服……\n嗯，哈啊，哈啊，嗯！」"
    },
    {
        "message": "由于抽插变得更加剧烈，\n连接部传出淫秽的水声，在房间里回荡。"
    },
    {
        "name": "メランポジューム",
        "message": "「不、不会……这样的话、嗯、害羞死了、嗯嗯！\n这么湿润的话、嗯、第一次、嗯！ 哈啊、哈啊、嗯！\n总觉得我好像非常渴望一样、嗯！」"
    },
    {
        "name": "メランポジューム",
        "message": "「不一样的意思！ 啊呀！ 我并不是在渴望那样的事情！ 哈呜！\n好像非常想要做色色的事情一样的话、嗯！ 我并不是那样的意思呢！」」"
    },
    {
        "message": "就在这时，黄帝菊的阴道开始抽搐，\n她的腰艳舞般地摆动着。"
    },
    {
        "name": "メランポジューム",
        "message": "「因为、因为，感觉、太好了、嗯、哈啊、哈啊、啊呀！\n啊，酥麻的感觉，自己就会动起来！ 哈啊、哈啊呢！\n想要更、更舒服，所以，嗯！\n更多、更多地！ 想要更舒服，所以！」"
    },
    {
        "name": "メランポジューム",
        "message": "「嘿，来吧！ 嗯、哈啊、哈啊呢！\n更加、更加猛烈一点！ 团长！」"
    },
    {
        "message": "感受到射精的冲动上涌，\n为了让黄帝菊达到更高境界，我开始猛烈地抽插。"
    },
    {
        "name": "メランポジューム",
        "message": "「哈啊、哈啊、嗯嗯！ 啊呀！ 哈啊呢！ 啊呀呢！\n要射了？ 团长，嗯！ 要射出来了？\n可以的，尽管射吧，嗯！ 哈啊、哈啊、嗯嗯！ 尽情地射吧！」"
    },
    {
        "name": "メランポジューム",
        "message": "「嗯，这个，我快要高潮了！ 哈啊、哈啊、嗯嗯！\n酥麻感止不住了，啊呀，不行了！ 要高潮了！ 团长！ 我要高潮了！」"
    },
    {
        "name": "メランポジューム",
        "message": "「嗯嗯，哈啊呢！ 要高潮了！ 多多地！ 多多地！\n要高潮了！ 我要高潮了！ 嗯嗯！ 啊呀呀呀呀呀！」"
    },
    {
        "name": "メランポジューム",
        "message": "「哈啊哈啊呢！ 啊呀……嗯嗯……嘿呀……」"
    },
    {
        "message": "在黄帝菊的阴道剧烈抽搐的同时，释放出了射精的冲动。\n喷涌而出的大量精液带来无限幸福感。"
    },
    {
        "name": "メランポジューム",
        "message": "「啊，啊啊！ 啊，啊……啊，啊……啊，啊，啊……\n好、厉害……啊，啊……」"
    },
    {
        "message": "尽管已经尽情释放了精液，\n阴茎仍然在跳动着欲要再次射出。"
    },
    {
        "name": "メランポジューム",
        "message": "「团长的肉棒，还在跳动着……啊，啊……\n射了好多呢……感觉、舒服吗？」"
    },
    {
        "message": "看着依然喘着气的黄帝菊，我点了点头。"
    },
    {
        "name": "メランポジューム",
        "message": "「太好了……\n这就是和喜欢的人连在一起的感觉吧……」"
    },
    {
        "message": "黄帝菊微笑着。"
    },
    {
        "name": "メランポジューム",
        "message": "「能得到这么多真是太开心了……」"
    },
    {
        "name": "メランポジューム",
        "message": "「啊！\n不要误会哦，我说的不是精液的意思哦？」"
    },
    {
        "name": "メランポジューム",
        "message": "「那个……今天得到了无法用金钱买来的珍贵回忆……\n能够坦诚地向你倾诉真是太好了」"
    },
    {
        "message": "这一连串的行为是否能称之为商谈，我并不清楚，\n看着满足的黄帝菊，我决定不再深究。"
    }
]