[
    {
        "name": "ソリダスター",
        "message": "「这本书的内容，你觉得很有趣吗？」"
    },
    {
        "message": "就算被问及也无法做出反应。\\n能做的只有将视线投向靠近的一枝菀。"
    },
    {
        "message": "原因在于被问及的书籍内容。\\n那本被她要求一起阅读的书有些特殊，\\n专心阅读起来相当困难。"
    },
    {
        "message": "或许是察觉到了这种氛围，\\n一枝菀微微脸红着朝我微笑了。"
    },
    {
        "name": "ソリダスター",
        "message": "「哎呀呀……团长怎么了？\\n感觉有点奇怪呢……嘻嘻♪\\n难道……是这本书让你感到奇怪了吗？」"
    },
    {
        "name": "ソリダスター",
        "message": "「各个时代的色情作品中所展现的，欲望与理性的挣扎……\\n怎么样，团长？\\n我……想要你告诉我♪」"
    },
    {
        "message": "一枝菀故意带着平静的笑容询问着。\\n而她询问的同时，目光却从书页上落向了我的下体。"
    },
    {
        "message": "已经变得异常肿胀的阴茎。\\n她深深地笑着再次看向了我。"
    },
    {
        "name": "ソリダスター",
        "message": "「呼呼♪ 看来，这样一起看书的话……\\n也不会有问题入睡了呢」"
    },
    {
        "name": "ソリダスター",
        "message": "「我的身体也很发烫，睡不着……\\n所以……就让我们相互的热情平息之前，\\n多多地爱抚彼此吧♪」"
    },
    {
        "message": "根据上次的经验，一枝菀学会了进行性行为后就能入睡。\\n在她的引诱下，我也无法克制自己，\\n被欲望冲昏头脑，从背后袭击了她。"
    },
    {
        "name": "ソリダスター",
        "message": "「嗯啊啊……就这样硬硬的……请插进来……\\n我想要你尽情地往里面顶……嗯嗯！」"
    },
    {
        "name": "ソリダスター",
        "message": "「啊啊……好大、好坚挺的鸡巴，来了……哈啊啊\\n只是被插入……我就感到很舒服……嗯嗯」"
    },
    {
        "message": "已经充分湿润的阴道顺利地吞没了肉棒。\\n她似乎也非常兴奋，迫不及待地期盼着插入。"
    },
    {
        "message": "用力挺动着腰部，紧贴在一枝菀阴道深处施加压力。\\n受到勃起的冲击，她开始不断地抽搐。"
    },
    {
        "name": "ソリダスター",
        "message": "「嗯嗯、嗯啊啊……\\n比起之前更加清晰地感受到团长的形状了……」"
    },
    {
        "name": "ソリダスター",
        "message": "「内里完全贴合着坚硬的部位……\\n好像记住了团长的鸡巴一样呢……」"
    },
    {
        "message": "正如她所说，阴道紧紧地包裹住阴茎。\\n仿佛成为了专属于自己一样贴合。\\n再加上阴道粘膜不断收缩，\\n源源不断地传来甜美的刺激。"
    },
    {
        "message": "腰间散发出的甜蜜麻痹感传遍全身，\\n激发起了抽送的欲望。"
    },
    {
        "name": "ソリダスター",
        "message": "「呵呵♪ 很想快点动起来，忍不住了吧……？」"
    },
    {
        "name": "ソリダスター",
        "message": "「那么……嗯，随你喜欢的方式动，我不介意……\\n就像书里写的那样，粗鲁一点也……没关系的♪」"
    },
    {
        "message": "她渴望着本能驱使下的交合，就像书中所描述的那样。\\n多余的思绪在她的话语中消失了，\\n欲望引导着她扭动着腰部，侵犯着一枝菀。"
    },
    {
        "name": "ソリダスター",
        "message": "「啊啊！ 嗯啊啊！ 嗯嗯，团长大人，好有力气！\\n啪啪地撞击着，\\n感觉好舒服啊！ 呀啊，哈啊啊！」"
    },
    {
        "name": "ソリダスター",
        "message": "「真的，就像动物交配一样……啊、啊啊、啊啊啊！\\n我已经……小穴、感觉得到了呜呜！」"
    },
    {
        "message": "一枝菀每次挺动都发出甜美的喘息声作为回应。\\n从交合前就已经充满渴望的她的身体，\\n即使是粗暴的摩擦运动也感受到了快感。"
    },
    {
        "message": "看着她淫荡地挣扎，也激起了我的兽欲，\\n我用手握住她随着腰部摆动而摇摆的双丘。"
    },
    {
        "name": "ソリダスター",
        "message": "「嗯啊……胸部被……握住……好舒服！\\n呼、啊啊、嗯嗯！」"
    },
    {
        "name": "ソリダスター",
        "message": "「团长，你也喜欢我吗……？\\n这么专注地，一边揉捏着……一边扭动着腰部……嗯……\\n喜欢我的胸部吗……？」"
    },
    {
        "message": "伴随着粗重的呼吸，一边扭动着腰部，短促地肯定着。\\n我想一直享受这根手指吸附的柔软触感。"
    },
    {
        "name": "ソリダスター",
        "message": "「好的……团长，只要是你……尽情地触摸我吧！\\n就这样，让自己感到愉悦吧！\\n嗯嗯，啊啊，啊呜，嗯嗯啊啊！」"
    },
    {
        "message": "一枝菀随着我的抽送开始主动扭动起腰部。\\n由此产生的加剧摩擦刺激，提升了彼此的兴奋。"
    },
    {
        "message": "当我在她耳边指出她不规矩的腰部摆动时，\\n连接处的紧缩感变得更加强烈。"
    },
    {
        "name": "ソリダスター",
        "message": "「没办法……嗯呜，啊呜，啊啊！\\n和团长做爱……\\n感觉太舒服了，所以就不由自主地动了起来！」"
    },
    {
        "name": "ソリダスター",
        "message": "「就像那本书里说的一样……嗯呜，啊啊！\\n只是感受着团长的鸡巴而已……\\n啊啊，嗯嗯，啊啊！」"
    },
    {
        "message": "她说着话的同时，不规律地蠕动的阴道肌肉传达出她的羞耻和兴奋。\\n看来一枝菀似乎还在经历一些理性上的挣扎。"
    },
    {
        "message": "为了消除所有这些，我用力握住她的乳房，\\n并以更加激烈、兽性化的冲刺继续抽插。"
    },
    {
        "name": "ソリダスター",
        "message": "「嗯啊啊！好厉害……这个，感觉太舒服了……嗯呀！\\n肉棒顶到最深处，好多次撞击！\\n啊啊，啊啊啊……！」"
    },
    {
        "name": "ソリダスター",
        "message": "「胸部和小穴，被爱抚得乱七八糟……嗯啊啊！\\n身体一直在颤抖！呜啊，唔，啊啊！」"
    },
    {
        "message": "在滚烫的肉棒和黏液的交织下，\\n随着激烈的往复摩擦感变得更加敏感。"
    },
    {
        "message": "伴随着淫秽的水声从连接处传出，\\n陶醉于让理性溶解的快感之中。"
    },
    {
        "name": "ソリダスター",
        "message": "「啊啊……嗯嗯……啊啊……！那里，很舒服……嗯嗯！\\n对我的舒服的地方，都被顶到了……呜呜呜！」"
    },
    {
        "name": "ソリダスター",
        "message": "「啊啊啊，呜呜……小穴深处，有点刺痛……！\\n全身都很热……淫荡的声音止不住地发出来……！」"
    },
    {
        "name": "ソリダスター",
        "message": "「扑通扑通地……被从后面粗暴地侵犯着……呜呀，啊啊，嗯嗯！\\n已经只能想到让你射精了！」"
    },
    {
        "message": "沉浸在所受到的快感中，一枝菀用甜美的声音愉悦着。\\n仿佛被引导般，这边的勃起也剧烈跳动起来。"
    },
    {
        "name": "ソリダスター",
        "message": "「精液……团长的热烈的……请尽情射进来吧……！\\n准备好了哦……唔呵啊！\\n我的里面，想要被你弄得又浓又白！\\n像动物一样在我身上留下标记吧……！」"
    },
    {
        "name": "ソリダスター",
        "message": "「啊啊，哈啊，嗯哈啊，呼啊啊……！\n要高潮了……！好厉害的感觉……嗯啊啊！\n呀啊啊啊啊啊！！」"
    },
    {
        "name": "ソリダスター",
        "message": "「哈啊啊啊……肉棒……抖动着……啊啊啊\n浓稠的，扑通扑通地……喷出来了，知道吗……唔唔唔」"
    },
    {
        "name": "ソリダスター",
        "message": "「在高潮的敏感阴道里……精液渗透进来了呢……\n这感觉，就像真的被标记了一样呢……♪」"
    },
    {
        "message": "握住一枝菀丰满的乳房，\n将积蓄的生殖液全部吐了出来。"
    },
    {
        "message": "不仅是射精的力道，\n一枝菀还在阴道里品尝着精液的热度和重量。\n我从她背后凝视着，看着她不断地痉挛陷入绝顶。"
    },
    {
        "name": "ソリダスター",
        "message": "「哈，哈……头脑都变得空白了，感觉太好了呢……\n我已经上瘾了呢……♪」"
    },
    {
        "message": "一枝菀弯下腰来，像是松弛下来整理呼吸。\n我也沉浸在绝顶的余韵中，并表示同意。"
    },
    {
        "name": "ソリダスター",
        "message": "「嘻嘻……下次我会拿来不同的书籍哦……\n那时也请多多关照哦……♪」"
    },
    {
        "message": "一枝菀喜欢读书后再进行行为。\n期待着下次与她约定的机会。"
    }
]