[
    {
        "name": "クリスマスブッシュ",
        "message": "「团长……嗯，那个……嗯……」"
    },
    {
        "message": "朱萼梅走进房间，神情有些局促。\\n脸颊因紧张而泛红，眼神游离不定。"
    },
    {
        "name": "クリスマスブッシュ",
        "message": "「那个，呃……今天有件事想要告诉您……\\n不，是有件事想要请教您……」"
    },
    {
        "name": "クリスマスブッシュ",
        "message": "「我……喜欢您！\\n我，把团长当作一个男性来看待……」"
    },
    {
        "message": "她紧张得让话都说不利索。\\n想要让她冷静下来。\\n然而就在这么想的瞬间，她说出了令人吃惊的话。"
    },
    {
        "name": "クリスマスブッシュ",
        "message": "「如、如果您能接受我的告白，\\n请和我发生关系！！」"
    },
    {
        "message": "朱萼梅僵住了。\\n看来是出乎意料之外的事情。"
    },
    {
        "name": "クリスマスブッシュ",
        "message": "「对、对不起……\\n啊，但是……并不是不想发生关系……\\n我只是希望和团长成为那种关系而已……」"
    },
    {
        "message": "虽然眼神躲闪着，但偶尔还是偷偷瞄向这边。\\n如果真的想要的话，\\n她立刻神情明亮地靠近了过来。"
    },
    {
        "name": "クリスマスブッシュ",
        "message": "「拜、拜托了……不，我会的！\\n请收下我的第一次！」"
    },
    {
        "message": "低下头后，引导她到床上开始爱抚。\\n花了些时间细致地爱抚，\\n生娘的私处已经变得湿润。"
    },
    {
        "name": "クリスマスブッシュ",
        "message": "「来吧，我已经做好准备了……」"
    },
    {
        "message": "朱萼梅像等待注射的孩子一样紧绷着脸。\\n将枪口对准她的隐秘之处，慢慢地施加重量。"
    },
    {
        "name": "クリスマスブッシュ",
        "message": "「嗯嗯嗯！　来了……！\\n感觉到进入了……！」"
    },
    {
        "message": "刺破标志着她是处女的膜，缓缓进入狭窄的肉洞。"
    },
    {
        "name": "クリスマスブッシュ",
        "message": "「啊……啊……嗯嗯嗯！　好、好疼……啊、嗯嗯……！\\n下、下体……好像要裂开了……啊、嗯嗯嗯！」"
    },
    {
        "message": "立刻停止插入，观察朱萼梅的情况。"
    },
    {
        "name": "クリスマスブッシュ",
        "message": "「没、没关系……在这里停下来就无法进行爱爱了……\\n虽然想要温柔一点，但请不要停下来……」"
    },
    {
        "message": "被她恳求着，慢慢地推进阴茎。"
    },
    {
        "name": "クリスマスブッシュ",
        "message": "「啊，啊啊……嗯，啊啊啊……就这样，请……\\n没关系的，我一点也不痛……」"
    },
    {
        "message": "知道她在强颜欢笑。不完全相信她的话，同时安抚着将阴茎完全插入。"
    },
    {
        "name": "クリスマスブッシュ",
        "message": "「啊，啊，啊……全部、进去了吗……？\\n团长大人，我、我已经接受了吗……？」"
    },
    {
        "message": "为了让她安心，轻抚着她的脸颊。她将自己的手放在我的手上，平复呼吸。"
    },
    {
        "name": "クリスマスブッシュ",
        "message": "「……可以动了，\\n只是插进去可不算色情哦」"
    },
    {
        "message": "虽然紧张似乎还未消解，但是动一动应该没问题吧。再次确认后，摇动着腰部观察她的反应。"
    },
    {
        "name": "クリスマスブッシュ",
        "message": "「啊……嗯……啊、啊……\\n这、在动着呢对吧……咕、嗯嗯……」"
    },
    {
        "name": "クリスマスブッシュ",
        "message": "「哈、嗯嗯……发、啊啊……咕、啊啊……\\n我、和团长进行了性行为……」"
    },
    {
        "message": "就算只是摇摆在微风中的秋千，也能在朱萼梅狭窄的阴道中带来刺激。"
    },
    {
        "message": "以这种紧致的程度，如果尽情地活动，肯定能获得巨大的快感。但是，必须克制住这种冲动，继续温柔地对待她纤细的身体。"
    },
    {
        "name": "クリスマスブッシュ",
        "message": "「嗯嗯，啊啊……可以更猛烈一点哦……团长先生……」"
    },
    {
        "message": "即使被她这样紧张的样子要求，也无法过于激烈地行动。必须慢慢地放松她才行。"
    },
    {
        "message": "性感带在哪里呢？一边观察朱萼梅的反应，一边让手在她雪白的皮肤上游走。"
    },
    {
        "name": "クリスマスブッシュ",
        "message": "「啊啊，好痒……不要那么细心……啊啊……」"
    },
    {
        "name": "クリスマスブッシュ",
        "message": "「更大胆一点，胸部之类的也可以摸哦……我可是引诱你的……啊啊……」"
    },
    {
        "message": "甚至不值得为了性行为而如此拼命。但是对她来说，现在传达这些都是毫无意义的吧。"
    },
    {
        "message": "果然只能由我来放松她了。虽然有些犹豫，但手指还是轻轻滑向那饱满的乳房。"
    },
    {
        "name": "クリスマスブッシュ",
        "message": "「嗯啊，啊，啊……是、是的……\\n胸部，可以随便摸的……」"
    },
    {
        "message": "如你所说，我打算随心所欲地做。\\n在隆起的部位画圆圈，然后开始逗弄中央的突起。"
    },
    {
        "name": "クリスマスブッシュ",
        "message": "「啊……嗯……嗯嗯，啊……感觉、感觉好淫荡……\\n胸部，被淫荡地触摸着……呼、啊啊……」"
    },
    {
        "message": "是不是很烦躁，身体开始扭动得像蛇一样。"
    },
    {
        "name": "クリスマスブッシュ",
        "message": "「哈、啊啊……嗯、嗯啊……乳头，不摸吗？\\n男人们都想要弄弄那里的吧……咔、啊啊啊……」"
    },
    {
        "message": "还早。\\n为了让她更加充分地感受，继续逗弄。"
    },
    {
        "name": "クリスマスブッシュ",
        "message": "「嗯哈、哈啊啊……嗯啊啊、啊啊啊啊……咳、啊啊……\\n团长先生，你在捉弄我吗……？」"
    },
    {
        "name": "クリスマスブッシュ",
        "message": "「那么，插入也可以激烈一些吧……\\n嗯啊、哈、啊啊、嗯啊啊啊……」"
    },
    {
        "message": "确实，阴道那边也开始松弛下来了。\\n差不多可以摸摸乳头了吧。"
    },
    {
        "message": "焦急地用指腹轻弹变得坚硬的甜蜜突起。"
    },
    {
        "name": "クリスマスブッシュ",
        "message": "「嗯啊啊……！！\n啊啊啊啊啊！！ 嗯嗯嗯嗯呜！！」"
    },
    {
        "message": "甜美的娇声回荡着。\n毫不停顿地捏住乳头，刺激着它。"
    },
    {
        "name": "クリスマスブッシュ",
        "message": "「啊，咕噜噜……嗯呀，啊啊啊……！\n那个……用手指摩擦，不行……！」"
    },
    {
        "message": "喘息声中夹杂着诱人的气息，握住床单的手放松了。\n现在大概可以尝试激烈一点了吧。\n摇动着稍显疲软的臀部，试着做出大幅前后摆动。"
    },
    {
        "name": "クリスマスブッシュ",
        "message": "「啊，哦！ 啊，啊啊啊！\n嗡嗡地……咕，哈，啊，啊啊！\n感觉到团长的……深入到肚子里了……！」"
    },
    {
        "message": "已经完全恢复良好的阴道粘膜带来了快感。\n似乎是因为渴望刺激，阴茎变得敏感并引发了射精的欲望。"
    },
    {
        "name": "クリスマスブッシュ",
        "message": "「嗯啊，啊呀，团长……呜，哦，我……！\n好像、要来了呢……哈呼，啊啊啊！」"
    },
    {
        "name": "クリスマスブッシュ",
        "message": "「刚刚变得剧烈一点而已……嗯嗯呜，哦、哦！\n肚子里面、有点痒痒的……！！」"
    },
    {
        "message": "阴茎和阴道，或许都被折磨得太久了。\\n终于获得的快感，我们俩都无法抗拒，沉浸其中。"
    },
    {
        "name": "クリスマスブッシュ",
        "message": "「请、深入、顶上去……！\\n啊，啊，啊啊啊……更加强烈也没关系……」"
    },
    {
        "name": "クリスマスブッシュ",
        "message": "「让喜欢的人忍耐着……\\n无论多么激烈……我都会接受的……！」"
    },
    {
        "message": "在这种情况下，身体已经不听使唤。\\n朱萼梅的需求下，抽插动作加速了起来。"
    },
    {
        "name": "クリスマスブッシュ",
        "message": "「啊呀、啊啊啊、嗯哈啊、啊啊啊！\\n再来、更猛烈一点……嗯嗯呜、啊、啊啊啊！」"
    },
    {
        "name": "クリスマスブッシュ",
        "message": "「不行……从深处传来的感觉，无法控制……！\\n团长先生，明明应该还没抽插够呢……！」"
    },
    {
        "message": "我也已经到极限了。\\n不经意间腰部微微颤动，感受到龟头带来的酥麻热量。"
    },
    {
        "message": "在她耳边低语着已经忍不住要射了，\\n床也随之发出更大的摩擦声。"
    },
    {
        "name": "クリスマスブッシュ",
        "message": "「团长先生也很舒服吧……呼，呼……\\n既然如此，请尽情地注入吧……\\n咕呼、啊、嗯啊啊、啊啊啊！」"
    },
    {
        "name": "クリスマスブッシュ",
        "message": "「啊，嗯嗯、哈啊、啊啊啊！　要到了……！\\n不行，不行……嗯嗯、啊、啊啊啊啊啊啊啊！」"
    },
    {
        "name": "クリスマスブッシュ",
        "message": "「呜呀呀呀……嗯，啊、啊啊啊啊！\\n滴答滴答地……在肚子里……！」"
    },
    {
        "message": "全身用力压上去，射精迎来了刺入最深处的瞬间。\\n在抽搐的肉穴中，阴茎狂暴地喷射着白色液体。"
    },
    {
        "name": "クリスマスブッシュ",
        "message": "「啊呀呀……嗯，啊啊啊……哈、哈哈、\\n我和团长先生……\\n和喜欢的人发生了关系呢……」"
    },
    {
        "name": "クリスマスブッシュ",
        "message": "「哈、哈哈……温暖而疲惫……呼呼、呼呼……\\n一时半会动不了了……唔、呼呼……」"
    },
    {
        "message": "看着朱萼梅平静的面容，紧紧拥抱着直到阴茎不再抽搐。"
    },
    {
        "message": "当抽搐平息并分开身体时，\\n她的呼吸也渐渐平稳了。"
    },
    {
        "name": "クリスマスブッシュ",
        "message": "「让团长先生也很费心了呢\\n明明是我约的他，真是不行不行的……」"
    },
    {
        "name": "クリスマスブッシュ",
        "message": "「但是，确实感觉很舒服\\n所以，这样或许也挺好的吧\\n不然对团长先生太失礼了」"
    },
    {
        "message": "虽然或许有些后悔，朱萼梅看起来很幸福。"
    }
]