[
    {
        "name": "チコリー",
        "message": "「团长，现在就请假装成我的恋人吧！」"
    },
    {
        "message": "菊苣一边盯着我，一边缩短了距离。面对她的气势，我请求她告诉我原因。"
    },
    {
        "name": "チコリー",
        "message": "「当然是为了将来！总有一天，我也会结婚的！为了不让事情变得麻烦，现在就必须多多经历一些事情！」"
    },
    {
        "name": "チコリー",
        "message": "「所以我选择你作为合作伙伴！所以今晚只想请你帮我假装成恋人！」"
    },
    {
        "message": "我理解了她的意图。虽然突然发生的事情让我感到困惑，但被选为恋人让我感到高兴。"
    },
    {
        "name": "チコリー",
        "message": "「首先想要体验一下男女之间的事情！团长你不会介意吧，教教我各种事情吧！」"
    },
    {
        "message": "菊苣像是在宣布决定一样逼近着。被她逼得无路可退，我决定扮演恋人的角色。"
    },
    {
        "name": "チコリー",
        "message": "「啊啊……哈啊……怎、怎么回事……挺疼的嘛……嗯，嗯嗯」"
    },
    {
        "name": "チコリー",
        "message": "「但是没关系……什么都、没问题……看……别卡在半路上……快点、插进去……！」"
    },
    {
        "message": "这么说吧，应该会有疼痛的。\\n当我询问坚强的菊苣是否做好觉悟时，她用坚定的泪眼展现了出来。"
    },
    {
        "name": "チコリー",
        "message": "「我会忍耐下去的……\\n是我请求你的……\\n所以别客气……尽管往最深处，给我吧」"
    },
    {
        "message": "那么，再往下就不合适了。\\n为了让疼痛不要持续太久，我夺走了菊苣的第一次。"
    },
    {
        "name": "チコリー",
        "message": "「啊啊啊！嗯嗯嗯嗯嗯嗯嗯……！」"
    },
    {
        "name": "チコリー",
        "message": "「团长的硬物，深入……嗯，顿时，好厉害……\\n呼，啊啊……感觉在全身回荡……」"
    },
    {
        "name": "チコリー",
        "message": "「远非简单……我的内里被填满……\\n呼，啊啊……原来联合的感觉是这样的吗……」"
    },
    {
        "message": "承受着阴道深处的插入，颤抖着感受到破碎和异物感的菊苣。尽管她依旧坚定地说话，但她反复浅浅地呼吸着，显得有些痛苦。"
    },
    {
        "message": "我开始担心起她，并试图安慰她。"
    },
    {
        "name": "チコリー",
        "message": "「确实，有点疼……但没关系……\\n不知怎么地，变得温暖起来了……心跳也开始加速了……」"
    },
    {
        "name": "チコリー",
        "message": "「这种感觉……有点在意呢……\\n动一动，团长……？\\n想要和你一起……一直到最后……全部，都想体验一遍」"
    },
    {
        "message": "命令般地，菊苣紧紧地夹住了阴茎。\\n真是豪胆啊。\\n让人吃惊，但确实也激起了确定的兴奋。"
    },
    {
        "message": "既然如此，这里就应该听从大小姐的吩咐。\\n这么想着，开始慢慢地插入，让肉棒适应起来。"
    },
    {
        "name": "チコリー",
        "message": "「嗯啊……啊啊……因为很硬，到处都在摩擦……嗯呜\\n我的内里，进进出出的……\\n有点温柔的感觉……啊啊……哈啊……」"
    },
    {
        "name": "チコリー",
        "message": "「很好，继续下去……嗯呜，嗯啊，啊呜\\n做得很棒，团长……就这样对我温柔一点……嗯嗯……哈啊……那样的话，肯定会……啊啊、啊呜」"
    },
    {
        "message": "带着痛苦的呻吟声，菊苣开始呻吟。\\n为了将她的呻吟变成喘息声，\\n我调整着角度和速度以迎合她的反应。"
    },
    {
        "message": "重复了一段时间这样的摩擦。\\n填满房间的是肉体和爱液摩擦的声音，以及彼此的喘息声。"
    },
    {
        "message": "然后，在其中，菊苣的喘息中不再只有痛苦。"
    },
    {
        "name": "チコリー",
        "message": "「哈啊……啊呜……嗯啊……啊啊、有什么东西、来了……嗯呜、嗯嗯\\n这个……刺痛、疼痛正在消失……\\n好了、团长……做得很好……很棒……♪」"
    },
    {
        "message": "菊苣的身体，被肉体的快感所激发。\\n呈现出一丝愉悦的声音。\\n然而，仔细倾听，还能够听到其他的声音混杂其中。"
    },
    {
        "name": "チコリー",
        "message": "「啊……我，明明是第一次……哈……嗯啊……就已经感觉到了\\n哈……啊……有点害羞……虽然有点害羞……嗯，啊」"
    },
    {
        "message": "即使表现出羞耻，菊苣也并未有所隐瞒。\\n相反地，她用炽热的目光注视着这边，\\n更加紧紧地缠绕着花蕾。"
    },
    {
        "name": "チコリー",
        "message": "「嗯……嗯嗯……但是，害羞之类的已经无所谓了……\\n比起那个，更重要的是……更重要的是……\\n嗯……啊……团长……我好温暖呢……♪」"
    },
    {
        "name": "チコリー",
        "message": "「感受到你的存在……身体变得温暖、炽热……\\n这个……哈、嗯……真的，太棒了……」"
    },
    {
        "name": "チコリー",
        "message": "「心里面……从刚才开始，幸福的感觉变得更加强烈了呢……\\n心跳得好厉害……看着团长，身体就变得火热起来了呢……」"
    },
    {
        "name": "チコリー",
        "message": "「脑海中只有你的事情，再也想不到其他了……啊、嗯、嗯、呜呜、呜呜\\n想要更多地被爱护起来呢……」"
    },
    {
        "message": "带着甜美的喘息声，菊苣渐渐迷失在快感中。\\n眼眸湿润欲滴，阴道也早已被爱液填满。"
    },
    {
        "name": "チコリー",
        "message": "「啊啊……啊啊……嗯嗯……啊啊……\\n总算明白了些什么了呢……嗯、嗯啊啊\\n为什么会想要第一次给你呢……」"
    },
    {
        "name": "チコリー",
        "message": "「我好像喜欢上了你……啊！」"
    },
    {
        "message": "在相互爱抚中，菊苣意识到了自己的感情。\\n她表达了自己的情感，同时也引发了我的喜悦和欲望。"
    },
    {
        "name": "チコリー",
        "message": "「啊……嗯嗯……求求你……更用力一点……\\n因为我想要充分感受团长的心意……想要被你更加猛烈地冲击！」"
    },
    {
        "message": "她的请求仿佛是在挣扎。\\n菊苣渴望更加激烈的行为。"
    },
    {
        "message": "为了响应她的请求，\\n我以比之前更加激烈的动作刺激着她充满快感的阴道。"
    },
    {
        "name": "チコリー",
        "message": "「啊呀呀！哈啊、啊啊、嗯嗯呜呜！\\n里面，被硬邦邦的东西顶得好深！\\n啊、啊啊啊！你的腰部动作好有力量！」"
    },
    {
        "name": "チコリー",
        "message": "「就这样，尽情地冲击吧！嗯嗯、呜呜！\\n用爱填满我的小穴吧！团长！」"
    },
    {
        "message": "在愉悦中发出娇喘声，菊苣迷人地颠倒着。\\n她渴望着我，让我的情感也变得强烈起来。\\n我们相互助长着对方的快感。"
    },
    {
        "name": "チコリー",
        "message": "「嗯哈啊、啊哈、呜呜呜！\\n肚子里面，好刺刺的感觉！啊、嗯嗯、啊啊哈哈！\\n我好像……好像要……要高潮了！好厉害，好像要来了！」"
    },
    {
        "name": "チコリー",
        "message": "「团长，我的心情好像要爆发了！嗯啊，啊啊！太舒服了，已经无法忍耐了！」"
    },
    {
        "name": "チコリー",
        "message": "「嗯啊，嗯嗯，啊啊啊！太厉害了，太厉害了！被团长这样深爱着，小穴都高兴得要飞起来了！哈啊，啊啊呜呜，啊啊啊！里面在颤抖，舒服得停不下来！」"
    },
    {
        "name": "チコリー",
        "message": "「转、太厉害了要到了！啊呀，哈啊啊！就这样来吧！团长，让我满满地充盈起来吧！！」"
    },
    {
        "name": "チコリー",
        "message": "「嗯啊啊！哈啊啊啊啊……！！」"
    },
    {
        "message": "菊苣达到了巅峰，身体多次痉挛。\\n与此同时，我也被她的紧缩所牵引着，将精液全部射入她深处。"
    },
    {
        "message": "然后，汹涌澎湃的感觉渐渐平息，留下一丝愉悦的余韵。"
    },
    {
        "name": "チコリー",
        "message": "「哈……哈……好热……你射出了好多呢……\\n还不错……我感觉很幸福……」"
    },
    {
        "message": "菜根看着洇满浑浊的连接处，微笑着满足地望着。然后她调整了一下急促的呼吸，并将目光转向我。"
    },
    {
        "name": "チコリー",
        "message": "「虽然说是恋人的角色……\\n但是除了你之外，我对其他人已经没兴趣了……♪」"
    },
    {
        "name": "チコリー",
        "message": "「将来结婚的对象，团长最好了……\\n希望有一天，你真的能成为我的女婿……」"
    },
    {
        "message": "在余韵中说出的菊苣。\\n她认真的心意传达过来，让我也感到心情澎湃。"
    }
]