[
    {
        "name": "アジサイ",
        "message": "「嘿……我有一个请求」"
    },
    {
        "message": "绣球花带着恳求的眼神看着我。"
    },
    {
        "message": "她平时嘴硬，但现在却像个顺从的小女孩。"
    },
    {
        "name": "アジサイ",
        "message": "「那个……从后面……对我……欺负一下……」"
    },
    {
        "message": "听到她轻柔的声音，不知为何，我更想看看绣球花这样的模样。"
    },
    {
        "name": "アジサイ",
        "message": "「啊啊啊！进来了，好大……嗯，嗯哈……啊，啊啊啊」"
    },
    {
        "name": "アジサイ",
        "message": "「求求你……从后面深入……对，对我欺负一下！」"
    },
    {
        "message": "我让她站起来，双手撑在墙上，\\n抬起她匀称丰满的臀部，\\n然后一下子将硬梆梆的肉棒捅进了阴道里。"
    },
    {
        "name": "アジサイ",
        "message": "「嗯，嗯嗯嗯……啊哈哈……不，不要……\\n啊啊啊，好疼……好舒服」"
    },
    {
        "name": "アジサイ",
        "message": "「啊！好过分……啊啊……嗯、\\n这样……被动的感觉，我，我……」"
    },
    {
        "message": "从后面的顶击一定是她喜欢的。\\n每次肉棒深入，花蕊就会溢出爱液。"
    },
    {
        "message": "每次进出，噗嗤、噗嗤地发出水声。\\n这淫靡的声音传入耳中，\\n她的声音变得更加激烈。"
    },
    {
        "name": "アジサイ",
        "message": "「我……好厌荡……不行了……啊啊啊……\\n好舒服……要高潮了……呜呜呜」"
    },
    {
        "message": "明明没有请求，\\n却发出越来越下流淫荡的雌性声音。"
    },
    {
        "message": "现在，按照绣球花的要求，开始折磨她。\\n刚才还在活动的腰部停了下来。"
    },
    {
        "name": "アジサイ",
        "message": "「诶……为什么停下了？不，不要啊啊啊……\\n不要停下来……为什么停下了？\\n我做错什么了吗……？」"
    },
    {
        "message": "绣球花显然对停下来感到困惑。"
    },
    {
        "name": "アジサイ",
        "message": "「求求你……求求你，再顶我一次、再顶我一次……\\n嘿……真的要再顶我一次、再顶我一次，想被顶啊……嘿……」"
    },
    {
        "message": "依然没有回应。\\n我只是默默地等待她从困惑到哀求的表情变化。"
    },
    {
        "name": "アジサイ",
        "message": "「嘿，……我，我该怎么办呢？\\n团长，告诉我，拜托，拜托你……拜托你……」"
    },
    {
        "message": "她用泪水声音不断哀求，仿佛渴望着被阴道肉体的顶击所带来的快感。"
    },
    {
        "name": "アジサイ",
        "message": "「团长……拜托……拜托你……\\n请……请把我的、小穴……填满、拜托了……！」"
    },
    {
        "name": "アジサイ",
        "message": "「已经受够了这样子……所以，\\n所以，请了……！ 团长啊……！」"
    },
    {
        "message": "仿佛在说已经无法忍耐一样，\\n绣球花含泪的眼神注视着。"
    },
    {
        "name": "アジサイ",
        "message": "「好痛苦啊……这样真讨厌啊……！」"
    },
    {
        "message": "绣球花说出这样的话语。\\n然而，与这些话语相反的是，\\n她的阴道肉体却不断地紧紧收缩着肉棒。"
    },
    {
        "message": "绣球花被折磨着、玩弄着、感受着。\\n而且，还感受到了极大的快感。"
    },
    {
        "message": "然而，似乎已经到了极限。\\n对着绣球花，命令她主动扭动腰部。"
    },
    {
        "name": "アジサイ",
        "message": "「团长，是、是的，我知道了……」"
    },
    {
        "message": "平日里傲慢的绣球花已经不见了。\\n此刻，她心中只有对那个能虐待她的人的感激。"
    },
    {
        "name": "アジサイ",
        "message": "「这、这样……这样就好了吗……？啊，嗯……哈啊啊……\\n嗯……啊，不、不太顺利，不行……嗯啊啊」"
    },
    {
        "name": "アジサイ",
        "message": "「为、为什么……不太顺利……嗯嗯嗯，不、不行……？\\n好像……啊，让人焦躁……啊……不行」"
    },
    {
        "name": "アジサイ",
        "message": "「但是……从身体深处流出的淫秽汁液……\\n啊，溢出来了啊啊啊……这、这就是、我吗？\\n我、我弄不清楚……」"
    },
    {
        "message": "尽管想自己扭动腰部，却无法很好地运动，\\n只能扭曲身体并含着泪水摇晃着头。"
    },
    {
        "name": "アジサイ",
        "message": "「喂……团长？ 我……我……\\n啊啊啊，不行，该、该怎么办才好呢……嗯嗯」"
    },
    {
        "message": "尽管不熟练，她却拼命地扭动着腰部，显得十分可怜。"
    },
    {
        "name": "アジサイ",
        "message": "「嗯嗯嗯……虽然没做好……嗯！\\n越来越淫荡……汁液……啊啊啊……」"
    },
    {
        "name": "アジサイ",
        "message": "「嗯哈……不要……这样，这样的……感觉到了……\\n子宫深处……越来越热了……不、不行。啊啊啊啊……」"
    },
    {
        "message": "明明身体一点都没动，\\n怎么会感觉这么强烈呢，她到底是多淫荡的女人。"
    },
    {
        "message": "说出这样的话，她更紧紧地收缩着私处，\\n爱液从阴道口不断地流淌出来。"
    },
    {
        "name": "アジサイ",
        "message": "「嗯哈……为什么，为什么……啊呜呜呜呜呜呜呜呜呜……\\n团长的……肉棒，好硬啊……」"
    },
    {
        "name": "アジサイ",
        "message": "「不、不要啊啊啊啊啊啊，好、好舒服、\\n再、再多一点点点点点……啊啊啊，\\n再多一点点……给我……硬硬的，想要」"
    },
    {
        "name": "アジサイ",
        "message": "「好、害羞……为什么会说出这种……\\n淫荡的话来？\\n为什么……我不明白……不、不行，我……」"
    },
    {
        "message": "每当她发出充满快感的声音和淫秽的言辞时，\\n肉棒就仿佛要怒张开来刺穿阴道肉。"
    },
    {
        "name": "アジサイ",
        "message": "「不要……这是什么……突然间……啊啊啊」"
    },
    {
        "message": "她的内部突然变得狭窄，不由自主地紧紧包裹着龟头。"
    },
    {
        "name": "アジサイ",
        "message": "「团、团长……啊……快、快要……\\n好、好舒服……啊啊啊……」"
    },
    {
        "name": "アジサイ",
        "message": "「不、不行……要、要高潮了……要到了！\\n啊、不行了……」"
    },
    {
        "name": "アジサイ",
        "message": "「求求你……在里面……团长……在我里面……\\n给我更多」"
    },
    {
        "message": "难以忍受突然增强的高潮感，\\n他一边用力抽送她的腰，一边满满地射入了奖励的精液。"
    },
    {
        "name": "アジサイ",
        "message": "「啊啊啊……在我里面，\\n嗯呼呼……涌动着」"
    },
    {
        "name": "アジサイ",
        "message": "「好多……嗯……流出来了，团长的……」"
    },
    {
        "name": "アジサイ",
        "message": "「好热……好热啊……啊啊」"
    },
    {
        "message": "两人恢复呼吸后，\\n她带着满足的表情喃喃自语。"
    },
    {
        "name": "アジサイ",
        "message": "「嘿，再……这样欺负我……要多多地……戳破我，好不好」"
    }
]