[
    {
        "name": "一ノ瀬鈴夏",
        "message": "「啊～，好舒服的热水澡～\n感觉疲劳一下子就被冲走了」"
    },
    {
        "message": "铃夏晚上一个人在浴室里洗去了汗水。"
    },
    {
        "name": "一ノ瀬鈴夏",
        "message": "「虽然不是温泉，但在旅途中洗澡总觉得特别\n虽然没死但感觉重生了～」"
    },
    {
        "message": "在宽敞的浴室里，只有她的声音在回荡。\n在这种情况下，铃夏想到了一个——不太好的恶作剧。"
    },
    {
        "name": "一ノ瀬鈴夏",
        "message": "「旅途中的丢脸都可以忘掉……\n偶尔做些不寻常的事情也是很重要的吧」"
    },
    {
        "name": "一ノ瀬鈴夏",
        "message": "「啊，啊啊……啊……嗯，啊啊啊……」"
    },
    {
        "message": "她所想到的是自慰行为。\n用淋浴头对准自己的胸部，尤其是敏感的尖端。"
    },
    {
        "name": "一ノ瀬鈴夏",
        "message": "「不行……这种感觉，第一次……啊啊，嗯嗯……\n会出声……呀、啊、啊……嗯、呜、啊……」"
    },
    {
        "name": "一ノ瀬鈴夏",
        "message": "「这样，很好，或许……嗯、嗯嗯、啊、啊啊……\n淋浴头对准着……一直都很舒服……\n啊啊、啊啊嗯……啊……啊啊……嗯嗯、嗯嗯……」"
    },
    {
        "message": "平常情况下因为家里有妈妈在，所以无法享受这种『长时间泡澡』。\n因此，这种初次体验的感觉并非夸张，\n铃夏完全沉浸在一种纯粹而新鲜的舒适感中。"
    },
    {
        "name": "一ノ瀬鈴夏",
        "message": "「啊啊，嗯……啊啊，我，现在……在做不该做的事情……\n在浴室里，没有人的时候，这样……啊啊、嘘、嗯嗯」"
    },
    {
        "name": "一ノ瀬鈴夏",
        "message": "「但是……啊、嗯……啊啊、不觉得不行，越来越……啊啊、嗯……更加停不下来了……」"
    },
    {
        "message": "在安排好的浴场里，暗自安慰。\n这种背德感也成为兴奋的原料，但那是无法容忍的。"
    },
    {
        "message": "因此，她试图通过与武分享责任\n逐渐摆脱罪恶感。"
    },
    {
        "name": "一ノ瀬鈴夏",
        "message": "「武……啊、啊……武不在这里……嗯嗯、啊、快……\n我只能自己来这样了吧……啊、啊啊、嗯嗯」"
    },
    {
        "name": "一ノ瀬鈴夏",
        "message": "「如果他能在身边……啊、呀……呀、\n就不会感到孤单，也不会做这种，色色的事情了吧……\n真是没必要的呢……呀、呀、啊」"
    },
    {
        "message": "通过从内心深处挖掘出只有他才能给予她的感触，\n铃夏回忆起了武的温暖。"
    },
    {
        "name": "一ノ瀬鈴夏",
        "message": "「是的，都是他的错……啊啊、嗯嗯、啊啊、呀……\n都是武的错，呜、唔、我才变成了这样……\n变成了这样子……啊啊」"
    },
    {
        "message": "青梅竹马，自小就憧憬的对象，重要的存在……\\想着他，铃夏一边喘息着，一边表达着自己的感受。"
    },
    {
        "name": "一ノ瀬鈴夏",
        "message": "「武用淫荡的眼神盯着我……因为那样子，我反而开始在意起来……啊、嗯」"
    },
    {
        "name": "一ノ瀬鈴夏",
        "message": "「所以，反过来，我要向武展现出来……好像是在吸引他一样……嘿啊……\n因为这样想了起来……」"
    },
    {
        "name": "一ノ瀬鈴夏",
        "message": "「都怪他，我变成了一个淫荡的女孩、变态的女孩……啊啊」"
    },
    {
        "message": "铃夏的自慰行为与武并没有因果关系。\n但只要能强烈地想起他，\n对铃夏来说就没问题。"
    },
    {
        "message": "一边想着武，一边冲着自己淋浴时，\n仿佛被他舔着乳头一样，陷入了那种感觉。\n沉浸在武柔软舔舐的口中。"
    },
    {
        "name": "一ノ瀬鈴夏",
        "message": "「啊啊啊、嗯嗯嗯……\n不要这么用力吸、\n啊、嗯……啊啊嗯嗯……好淫荡」"
    },
    {
        "name": "一ノ瀬鈴夏",
        "message": "「别这么贪心啦……啊呜、嗯嗯、呜呜嗯……\n痒痒的、烦躁的、啊、呜呜呜呜……\n连我都变得更奇怪了」"
    },
    {
        "message": "越是想象，幻想中的存在就越清晰。\n原本只是被舔舐的情景也自然而然地朝着更远处发展。"
    },
    {
        "name": "一ノ瀬鈴夏",
        "message": "「啊啊，啊……武……来，再靠近一点……啊啊，嗯，嗯啊啊，嗯」"
    },
    {
        "name": "一ノ瀬鈴夏",
        "message": "「如果你真的在意我，就用行动来表达……\n进入我里面……啊啊，嗯呼，嗯嗯……在这里，插进来吧……」"
    },
    {
        "message": "火热的一只手伸向下腹部，更进一步到达那紧闭的秘处。\n仿佛在挑逗武的阴茎一样玩弄着指尖，\n穿过其中。"
    },
    {
        "name": "一ノ瀬鈴夏",
        "message": "「对，就是这样……来……可以了，来吧……\n武……武君……啊啊，啊、啊啊啊啊啊呜呜！！」"
    },
    {
        "message": "当手指浸入充满粘液的阴道时，铃夏忍不住\n前后抚摸着内壁，仿佛再次感受到阴茎的触感。"
    },
    {
        "name": "一ノ瀬鈴夏",
        "message": "「啊啊，哎、啊啊……那里、来了、里面被舒展的感觉、\n好久没感受到了……啊呜、嗯、哈、哈啊、啊呜呜呜！！」"
    },
    {
        "message": "随着真正的阴道爱抚开始，\n娇喘声也变得异常大声，在浴室墙上回荡。"
    },
    {
        "name": "一ノ瀬鈴夏",
        "message": "「啊、嗯、啊呜呜……！？　啊呜、嗯、哈、武，在我里面、\n顶得如此深入……哎呀、哼、哈哈呼呼！！」"
    },
    {
        "name": "一ノ瀬鈴夏",
        "message": "「这样动来动去的话，小穴会被撑开的……\n变得如此淫荡的形状……哎呀、嗯、因为清晰可见所以不行……哎呀、哼哼、嗯嗯呜」"
    },
    {
        "message": "时而身体不自觉地仰起，仿佛在凸显出私处一般。\\n这种姿势似乎是为了向男人展示自己的身体，更容易进行抽送，\\n这是她沉浸在与武的交合中的证明。"
    },
    {
        "name": "一ノ瀬鈴夏",
        "message": "「啊，嗯，啊……深入到那里……啊，啊呀……\\n深处的、感觉舒服的地方……被肉棒的顶端、戳到了那里、啊呜」"
    },
    {
        "message": "不知不觉地用手指摩擦着寻找快感。\\n这意味着理想中的武正在为她做出理想的动作。"
    },
    {
        "name": "一ノ瀬鈴夏",
        "message": "「啊呜、哎、啊、啊、啊呀……！\\n武，武君……好厉害……嗯，好猛烈……！」"
    },
    {
        "name": "一ノ瀬鈴夏",
        "message": "「不要、嗯嗯、只刺激那么舒服的地方，\n啊、嗯、阴道、嗯嗯、会变得奇怪的……\n这么用力戳会让我、嗯呀！　不行了……啊呜！」"
    },
    {
        "message": "即使如此专注于另一种刺激，\n也会感受到那种强烈的刺激。"
    },
    {
        "name": "一ノ瀬鈴夏",
        "message": "「胸部也一直被吸住，离不开……哈啊啊，嗯嗯，\n啊，嗯……渐渐地开始有点刺痛了……\n像是麻痹了一样……嗯嗯」"
    },
    {
        "name": "一ノ瀬鈴夏",
        "message": "「吮吸乳头直到变得这么硬……啊呜呜！\n更加敏感了吧……\n嗯啊，啊啊，好酸麻呢」"
    },
    {
        "message": "随着刺激而动感地扭动着纤细的腰部。\n每次扭动时，丰满的两颗果实摇曳起来，\n挺立的尖端微微颤抖着朝天花板上尖锐地震颤。"
    },
    {
        "message": "第一次在淋浴自慰中，不仅要应对不习惯的持续水压，\\n还要应对对武的意识，仿佛要拉近彼此距离的兴奋感，\\n这些交织在一起，让铃夏的身体稳步朝着高潮迈进。"
    },
    {
        "name": "一ノ瀬鈴夏",
        "message": "「啊啊、嗯嗯、啊、嘿啊、嗯嗯、呀啊、不行了、\\n快受不了了……好舒服，忍不住……\\n啊、嗯嗯、嗯嗯！」"
    },
    {
        "name": "一ノ瀬鈴夏",
        "message": "「啊啊、要到了、用武的肉棒，啊、哈啊！\\n嗯呼、唔唔唔、咕……呀、啊啊啊、要到了呜呜！」"
    },
    {
        "name": "一ノ瀬鈴夏",
        "message": "「啊呀、嗯咕、啊、呼呀、啊……哈、嗯啊呀呀……\\n咻哎哎哎哎哎哎哎哎～～！！」"
    },
    {
        "name": "一ノ瀬鈴夏",
        "message": "「呼啊呜、啊、哈啊……呼……唔……\\n啊、嗯……在浴室里……唔唔……射出来了……啊、嗯嗯……」"
    },
    {
        "message": "迎来高潮的身体微微颤抖着，\\n从她的阴道口缓缓地流出液体，\\n滴落在地板上缓缓地流淌。"
    },
    {
        "name": "一ノ瀬鈴夏",
        "message": "「啊啊，唔……在淋浴里做这种事……太危险了……\\n这样子……唔呼……肯定会上瘾的……唔唔」"
    },
    {
        "message": "为了掩饰自己所做之事带来的羞愧感，\\n也为了自然而然地想起心爱的人，\\n她喃喃自语地对自己说。"
    },
    {
        "name": "一ノ瀬鈴夏",
        "message": "「都怪武……让我想到这种事情，\\n也是因为武教会我很多色情的事情才这样的……」"
    },
    {
        "name": "一ノ瀬鈴夏",
        "message": "「下次我们做的时候……我会用淋浴头好好冲你那里的。」"
    },
    {
        "message": "铃夏一边考虑着报复，一边露出笑容。"
    }
]