[
    {
        "name": "クリスマスブッシュ",
        "message": "「团长，所有的事情都可以交给我来处理哦？」"
    },
    {
        "message": "前来拜访房间的朱萼梅，以一种不同寻常的成熟氛围诱惑着我。她说，这样的话就不会有什么冲动导致的失败了。"
    },
    {
        "name": "クリスマスブッシュ",
        "message": "「今天您已经很累了吧？我，我会来宠您，让您得到舒缓，工作就结束吧，请过来这边吧……」"
    },
    {
        "message": "她明显是在诱惑着我。而且还故意表现得像个年长者。但是，她的脸颊泛红，动作也有些笨拙。"
    },
    {
        "name": "クリスマスブッシュ",
        "message": "「嗯，过来这边哦？因为是姐姐说的话，最好还是听话一点哦？」"
    },
    {
        "message": "明显无法完美地表演出来却还在继续着。索性，我也试着撒娇一下吧。"
    },
    {
        "message": "顺着突然涌现的恶作剧心情，冒昧地提出了一个无理的请求。想要在看着姐姐的臀部时感受愉悦。"
    },
    {
        "name": "クリスマスブッシュ",
        "message": "「臀部！？这、这样啊……原来是想看臀部啊？那么，这样的打扮如何呢？」"
    },
    {
        "message": "上了床的朱萼梅，双手双脚支撑着身体，挺出了臀部。可能是因为冲浪锻炼过的缘故，形状紧致有力。"
    },
    {
        "name": "クリスマスブッシュ",
        "message": "「臀部已经摆得很好看了，你就不要在那里发呆了，快过来这边吧……」"
    },
    {
        "message": "朱萼梅害羞地引诱着我。当她露出挺翘的臀部时，阴道已经湿润了。"
    },
    {
        "name": "クリスマスブッシュ",
        "message": "「如果要插的话，就快点插进来吧……你是想要感觉舒服吧？」"
    },
    {
        "message": "她摇动着臀部，诱惑着我插入。这种情况下就不要再拖延了，赶紧插入吧。"
    },
    {
        "name": "クリスマスブッシュ",
        "message": "「啊啊……一下子……深深地……子宫……在刺痛……」"
    },
    {
        "message": "当阴茎完全插入时，朱萼梅的身体猛然弓起。刺激如此之大，她紧紧抓住床单，像个处女一样。"
    },
    {
        "name": "クリスマスブッシュ",
        "message": "「请在我体内随意抽插……我、我为了这个才引诱你……给你的……」"
    },
    {
        "message": "她已经无法继续假装了。眼眶泛泪，脸颊涨红。"
    },
    {
        "name": "クリスマスブッシュ",
        "message": "「团长……请、请用力动腰部……因为这是属于团长的小穴……」"
    },
    {
        "message": "她说完的瞬间，紧闭双眼，一副非常害羞的样子。\\n虽然这种事情不该做到这个地步，\\n但她那稚嫩而诱人的姿态，让我觉得和她在一起比阻止她更有趣。"
    },
    {
        "message": "我紧握住她的臀部，开始猛烈地抽送以满足我的欲望。"
    },
    {
        "name": "クリスマスブッシュ",
        "message": "「啊，嗯嗯……啊、啊啊、咕噜、嗯嗯嗯！\\n一开始就这么激烈吗……哈呼、哈啊、啊、啊呜呜呜！」"
    },
    {
        "name": "クリスマスブッシュ",
        "message": "「但是……没关系……说让你随意对待是我自己……\\n为了你的……小穴……请尽情享用直到满足……」"
    },
    {
        "message": "尽管羞耻心并未消失，但每次说出小穴时声音都很低。\\n我试着请求她更明确地说出来。"
    },
    {
        "name": "クリスマスブッシュ",
        "message": "「哈呼、啊啊……你是想让我说出羞耻的话来吧……\\n真是个变态呢……」"
    },
    {
        "name": "クリスマスブッシュ",
        "message": "「……没办法，只说一次给你听……\\n一定要听清楚哦……嗯、啊、啊呜呜、咕……」"
    },
    {
        "name": "クリスマスブッシュ",
        "message": "「…小穴\\n专属于你的……小穴！」"
    },
    {
        "message": "她大声而清晰地发出了这句话，在房间里回荡。\\n这个场景的破坏力超乎我的想象。\\n我用力握住她的臀部，抽送时也变得更加有力。"
    },
    {
        "name": "クリスマスブッシュ",
        "message": "「嗯啊啊，咕，啊啊啊啊！ 哦咕……嗯嗯嗯！\\n不要那么顽固地戳……嗯哈，啊，呼，啊啊！」"
    },
    {
        "name": "クリスマスブッシュ",
        "message": "「小穴不仅仅是深处哦……！\\n呀，啊……除了深处，其他地方也很舒服吧……啊，嗯嗯！」"
    },
    {
        "message": "强烈的快感传遍全身。\\n她颤抖着向我诉说。\\n然而，被这样说反而更想戳深处。"
    },
    {
        "name": "クリスマスブッシュ",
        "message": "「啊，啊，啊，啊啊，啊，啊啊啊啊！\\n还、还有……子宫的入口不是敲门的地方哦……」"
    },
    {
        "name": "クリスマスブッシュ",
        "message": "「灌注精液……唔呜，啊啊啊……出生宝宝的地方哦……！」"
    },
    {
        "message": "今天的朱萼梅展现出了可爱的姿态，让人责难或者感到羞耻。"
    },
    {
        "message": "恶作剧心更加膨胀，把屁股的缝隙拉得大大的。"
    },
    {
        "name": "クリスマスブッシュ",
        "message": "「嗯嗯！？ 等、等一下……你在做什么！？\\n你在扩张屁股的洞口吗……？」"
    },
    {
        "message": "稍微不规则地凝视着那个排泄孔。\\n她平时也会注意到这里吧，\\n我觉得不会有什么不洁净的东西从这里出来。"
    },
    {
        "name": "クリスマスブッシュ",
        "message": "「不、不要那么盯着看……\\n我可没说你可以随便摸屁股的洞口啊……！」"
    },
    {
        "message": "既然如此，那就试试实际去摸一下看会怎样吧。\\n顺着无法停止的恶作剧心思，我把手指放在肛门上。"
    },
    {
        "name": "クリスマスブッシュ",
        "message": "「不、不行……那里真的……！\\n那只是个脏兮兮的地方，你不能乱碰啦……！」"
    },
    {
        "message": "缓缓地，我把手指插入了屁股的洞口。"
    },
    {
        "name": "クリスマスブッシュ",
        "message": "「嗯嗯嗯嗯！！！！不行，不行啦！\\n拔出来……！ 快点拔出来啦！」"
    },
    {
        "message": "反而把手指往里扭进去。\\n拒绝异物的侵入，洞口紧紧地夹住我的手指。"
    },
    {
        "name": "クリスマスブッシュ",
        "message": "「啊、啊、啊、啊啊啊啊！！\\n明明，那个地方……根本就没准备好让外物进来……」"
    },
    {
        "message": "全身绷紧，微微颤抖着。\\n或许正因为如此，阴道变得更加紧致，对阴茎的快感也变得更加强烈。"
    },
    {
        "name": "クリスマスブッシュ",
        "message": "「哈、啊啊、嗯嗯、啊啊！屁股……！\\n如果被摆弄坏了，我可就完了呜呜呜呜……！」"
    },
    {
        "message": "紧紧收缩着阴道，即使说停下来也无法停下。\\n一边将手指插入肛门，一边猛烈地摩擦着变窄的阴道。"
    },
    {
        "name": "クリスマスブッシュ",
        "message": "「嗯啊啊！啊啊啊！唔唔唔！嗯唔唔啊啊！\\n现在，明明手指已经进入了屁股……唔唔！」"
    },
    {
        "name": "クリスマスブッシュ",
        "message": "「团长……唔唔……这样做是违反规则的……\\n明明刚刚还可以像姐姐一样呢……唔唔！」"
    },
    {
        "name": "クリスマスブッシュ",
        "message": "「被折磨到屁股这个地步……哈、哈哈……我已经无法演戏了……\\n我已经无法做个姐姐了……」"
    },
    {
        "message": "她用快要哭出来的眼神看着我。\\n不可思议的是，她的背颤抖了一下……阴道内的阴茎跳动着。\\n我想要彻底侵犯朱萼梅。\\n膨胀的欲望驱使着我的身体，床都因为我的腰部摆动而发出尖叫。"
    },
    {
        "name": "クリスマスブッシュ",
        "message": "「咿呜、嗯嗯啊、啊啊、啊啊呜、啊啊、嗯呀呀呜！\\n为什么，为什么又这么剧烈呢……唔！」"
    },
    {
        "name": "クリスマスブッシュ",
        "message": "「这样的话，就会在被弄到屁股的情况下高潮了……！\\n会被认为是在屁股那里高潮了……！」"
    },
    {
        "message": "射精的欲望一下子变得强烈起来，甚至忘记了呼吸地猛烈抽送着。\\n如同奔驰般，向着射精飞驰而去。"
    },
    {
        "name": "クリスマスブッシュ",
        "message": "「啊啊、嗯嗯呜……要高潮了……高潮、啊啊啊！\\n要高潮了……啊、嗯、啊啊、高潮、高潮呜呜……」"
    },
    {
        "name": "クリスマスブッシュ",
        "message": "「太难了……啊啊啊啊啊！　要来了！\\n啊、啊、啊、啊、嗯、发、啊啊啊！\\n要来了！！」"
    },
    {
        "name": "クリスマスブッシュ",
        "message": "「呼啊啊啊啊……！　啊、啊、啊啊啊啊！\\n嗯嗯嗯嗯……屁股……嗯嗯，屁股……」"
    },
    {
        "message": "射精的同时，阴道收缩，直到肛门也收紧。\\n感受到无法拔出手指的力量，\\n将精液充盈于阴道之中。"
    },
    {
        "message": "这是何等的快感。\\n在任意刺激之后的射精，充满了难以言喻的愉悦。"
    },
    {
        "name": "クリスマスブッシュ",
        "message": "「哈、哈、哈、哈……嗯、啊啊啊……\\n手指……拔出来吧……」"
    },
    {
        "message": "朱萼梅的身体一直处于紧张状态。\\n很可能是因为肛门里插着手指。"
    },
    {
        "message": "按照请求，开始拔出手指。"
    },
    {
        "name": "クリスマスブッシュ",
        "message": "「唔唔！　不、不要了……！\\n屁股会……会坏掉的……！」"
    },
    {
        "message": "就像达到高潮时一样，身体在颤抖着。\\n但是，一旦停下来手指就无法拔出。\\n为了不伤害肛门，小心翼翼地进行着。"
    },
    {
        "name": "クリスマスブッシュ",
        "message": "「啊啊啊！　拔、拔出来了……哈哈，哈哈，哈哈……」"
    },
    {
        "message": "手指拔出后，朱萼梅整个人陷入了床里。\\n只露出屁股，全身无力。"
    },
    {
        "name": "クリスマスブッシュ",
        "message": "「不行了嘛，屁股……以后，禁止再摸屁股了……」"
    },
    {
        "message": "泪眼求情的样子实在太可爱了。\\n但是也不能玩弄过度。"
    },
    {
        "message": "责难屁股的时候，要适可而止。"
    }
]