[
    {
        "name": "ヘリアンサス",
        "message": "「啊……」"
    },
    {
        "message": "葵花一副情绪低落的样子叹了口气。自从上次参加香蕉海洋王族的交流会回来后，她就变得异常消沉。"
    },
    {
        "name": "ヘリアンサス",
        "message": "「团长，我可以问你个问题吗？其实是个大肆询问的节日，男人们都喜欢像百子莲那样温柔的女孩吗？」"
    },
    {
        "message": "并非如此。我喜欢像葵花这样活泼的女孩。"
    },
    {
        "name": "ヘリアンサス",
        "message": "「诶，诶诶诶！？团长，你喜欢我！？我、我没想到会突然被告白……」"
    },
    {
        "name": "ヘリアンサス",
        "message": "「我、我也……我也喜欢团长！」"
    },
    {
        "message": "看着害羞地微笑着凝视着我的葵花，这次轮到我感到惊讶了。"
    },
    {
        "message": "男性的喜好因人而异，我本意是回答每个性格都会受欢迎这样的一般性论点。然而，我的好意却不知不觉地流露给了葵花。"
    },
    {
        "name": "ヘリアンサス",
        "message": "「我们、彼此喜欢对方……太高兴了……等等！现在我们两人都是彼此喜欢的异性！？这、这难道是，突然！？突然就变成那种关系了吗！？虽然我并不介意，但是，那个、心理准备……！」"
    },
    {
        "message": "看着一个人兴奋的葵花，变得异常可爱，我抱住了她的身体。"
    },
    {
        "name": "ヘリアンサス",
        "message": "「诶，团长的，这么大！？这么大的……啊，嗯，嗯嗯……！」"
    },
    {
        "message": "慢慢地插入葵花的身体。"
    },
    {
        "name": "ヘリアンサス",
        "message": "「团长的，嗯！进来了……但是有点，这个……嗯，啊，好疼！好像要裂开一样，裂开！啊，疼，嗯，嗯嗯——！」"
    },
    {
        "message": "葵花因疼痛而扭曲着脸。为了尽快结束这种疼痛，我用力向前推动了腰部。"
    },
    {
        "name": "ヘリアンサス",
        "message": "「疼，但是！嗯嗯……只是开始而已，我知道……团长，请继续……！」"
    },
    {
        "message": "我对坚强的她点了点头，并将阴茎插入到最深处。"
    },
    {
        "name": "ヘリアンサス",
        "message": "「啊，嗯……全部都进去了吧……对不起，让你看到我这么痛苦……」"
    },
    {
        "message": "尽管葵花仍然感到疼痛，并勉强露出笑容。"
    },
    {
        "name": "ヘリアンサス",
        "message": "「诶，为、为什么摸我的头？\\n好害羞……\\n嘛，虽然不讨厌……」"
    },
    {
        "message": "摸着葵花的头，她的脸变得通红，任由我摆布。"
    },
    {
        "name": "ヘリアンサス",
        "message": "「团长摸我的头……好开心……\n能坦率表白真是太好了……嘿嘿」"
    },
    {
        "message": "因为之前觉得她对这种事一点兴趣都没有，所以葵花的告白实在让我吃惊。"
    },
    {
        "name": "ヘリアンサス",
        "message": "「我其实是想慢慢地变得更亲近你呢？\n听了团长的喜好，我就努力朝着那个方向努力了」"
    },
    {
        "name": "ヘリアンサス",
        "message": "「但是团长看着我，认真地说喜欢我……\n我就不由自主地有点小鹿乱撞了起来……」"
    },
    {
        "message": "结果，我们突然相互表白了。\n但如果没有那样做的话，彼此确认对方的心意可能要等很久才行。"
    },
    {
        "name": "ヘリアンサス",
        "message": "「嗯，也是啦……」"
    },
    {
        "message": "葵花可以更加积极一些。"
    },
    {
        "name": "ヘリアンサス",
        "message": "「积极的……嗯」"
    },
    {
        "message": "慢慢地将阴茎抽出，\\n葵花的脸上并没有痛苦的表情。\\n看起来已经不疼了。"
    },
    {
        "name": "ヘリアンサス",
        "message": "「积极的，比如说，那个……色色的事情？」"
    },
    {
        "message": "对着害羞地问我的她点点头。"
    },
    {
        "name": "ヘリアンサス",
        "message": "「那个，那个……虽然想处理好……\\n但是方法，不太清楚……」"
    },
    {
        "message": "那样的话，只说舒不舒服也可以。"
    },
    {
        "name": "ヘリアンサス",
        "message": "「啊，那样的话，嗯，可以！\\n我想……我会努力的……」"
    },
    {
        "message": "对着声音渐渐消失的她，慢慢开始抽送。"
    },
    {
        "name": "ヘリアンサス",
        "message": "「啊，嗯，呜……啊……」"
    },
    {
        "message": "为了确认没有破处的疼痛，多次抽插着。"
    },
    {
        "name": "ヘリアンサス",
        "message": "「啊，对了，舒服吗，舒服吗……\\n还一点都不舒服呢！」"
    },
    {
        "message": "能够说出这样的话感到高兴，同时继续寻找葵花的感觉点。"
    },
    {
        "name": "ヘリアンサス",
        "message": "「嗯？ 嗯……我，现在，嗯……啊，这里，嗯，很舒服……」"
    },
    {
        "message": "渐渐地找到了葵花身体微微颤抖的感觉点。"
    },
    {
        "name": "ヘリアンサス",
        "message": "「嗯，这里，团长的，不停地刺激着，嗯，\\n很舒服呢，团长……嗯……哈啊，哈啊，嗯……」"
    },
    {
        "message": "当龟头碰触到阴道内部前面的浅层时葵花有所感觉。\\n重点攻击那里。"
    },
    {
        "name": "ヘリアンサス",
        "message": "「嗯嗯……啊，这里一直被、嗯、团长、嗯、\\n我、我、啊……哈啊，哈啊，嗯！\\n好舒服，声音都出来了……」"
    },
    {
        "name": "ヘリアンサス",
        "message": "「啊啊啊！ 嗯嗯！\\n不行，为什么、哈啊，哈啊、嗯、这么多、湿润……！ 嗯嗯！」"
    },
    {
        "message": "葵花的爱液开始浸湿连接部。"
    },
    {
        "name": "ヘリアンサス",
        "message": "「好羞耻……！\\n发出了害羞的声音……！ 唔，啊呜呜！\\n但是，感觉太舒服了，啊呜呜，停不下来了！」"
    },
    {
        "message": "整根阴茎都被阴道完全舔遍。\\n为了不输给这种快感，我牢牢按住她的身体，\\n刺激着浅层部位。"
    },
    {
        "name": "ヘリアンサス",
        "message": "「那里，那么、唔、舒服的地方被戳到了，啊呜呜！\\n我、感觉太舒服了……哈啊，哈啊，唔！\\n唔，好像要、要完全放纵了，团长……！」"
    },
    {
        "message": "于是，故意绕开葵花感到快感的地方进行刺激。"
    },
    {
        "name": "ヘリアンサス",
        "message": "「诶？ 那个？ 团长，怎么、唔……变了？\\n那个？ 唔，啊……唔……」"
    },
    {
        "message": "似乎感到不够满足，葵花扭动起了腰部。"
    },
    {
        "name": "ヘリアンサス",
        "message": "「团长……更多地、像刚才那样、唔……哈啊，哈啊……」"
    },
    {
        "message": "如果想要这样的话，就积极地向我撒娇吧。"
    },
    {
        "name": "ヘリアンサス",
        "message": "「那、那个！ 那个，嗯……」"
    },
    {
        "name": "ヘリアンサス",
        "message": "「想要像刚才一样，用团长的、肉棒，不停地在我舒服的地方顶上去。」"
    },
    {
        "message": "感受到葵花不同于平时的羞涩，兽欲沸腾，用龟头轻击她的浅层部位。"
    },
    {
        "name": "ヘリアンサス",
        "message": "「啊啊！ 那里！果然那里，好舒服！\\n嗯！ 哈啊，嗯！ 真的、真的好舒服！」"
    },
    {
        "message": "仿佛在催促射精，阴道紧紧地夹住阴茎，快感传遍全身。"
    },
    {
        "name": "ヘリアンサス",
        "message": "「不行了！ 这个，不行了！ 嗯，我已经、无法再继续了，团长！」"
    },
    {
        "message": "需要更详细的解释，究竟是什么无法继续？"
    },
    {
        "name": "ヘリアンサス",
        "message": "「团长的、团长的肉棒在我的……那个！\\n舒服的地方，不停地顶上去！ 太舒服了，要高潮了！」"
    },
    {
        "name": "ヘリアンサス",
        "message": "「不行了！ 太舒服了，说不出话来了、嗯、咕、啊啊！\\n哈啊，哈啊！ 嗯呜呜！\\n这么、舒服得让人无法自拔啊！」」"
    },
    {
        "message": "被葵花的阴道紧紧夹住，被无法抗拒的强烈射精欲望支配着。在渴望爬升的欲求下，继续不停地扭动着腰部。"
    },
    {
        "name": "ヘリアンサス",
        "message": "「不行，团长！ 嗯！ 这、这感觉，太舒服了！ 嗯嗯！\\n我、要高潮了！ 嗯，哈啊，嗯！ 别、别、啊啊啊！ 团长，啊啊啊！」"
    },
    {
        "name": "ヘリアンサス",
        "message": "「要高潮了，要高潮了，嗯，哈啊，嗯嗯！\\n不行，要高潮了！ 团长，我、我要、啊、啊啊啊！」"
    },
    {
        "name": "ヘリアンサス",
        "message": "「啊、咕、嗯嗯嗯……！ 啊啊啊！」"
    },
    {
        "message": "向迎来巅峰的葵花注入了炽热沸腾的白浊液。"
    },
    {
        "name": "ヘリアンサス",
        "message": "「哈、哈、嗯，哈、哈……嗯……\\n这样的、哈、哈、舒、舒服……太厉害了……\\n一个人时和现在完全不一样……这样的、哈、哈、哈……太厉害了……」"
    },
    {
        "message": "葵花一边喘息着一边露出陶醉的表情。"
    },
    {
        "name": "ヘリアンサス",
        "message": "「太厉害了……我、我没有坏掉吧……？ 没事吧？」"
    },
    {
        "message": "没有哪里坏掉。"
    },
    {
        "name": "ヘリアンサス",
        "message": "「太好了……\\n团长……现在呢，我，感到非常幸福呢……\\n虽然幸福也是好事……团长，可以问你一件事吗？」"
    },
    {
        "name": "ヘリアンサス",
        "message": "「行为结束后，应该怎么做才是正确的呢？\\n感觉有点害羞起来了呢……」"
    },
    {
        "message": "特别没有所谓的正确答案。\\n随自己的意愿就好。"
    },
    {
        "name": "ヘリアンサス",
        "message": "「那么，想要拥抱到天亮呢……」"
    },
    {
        "message": "对她的话点头后，我侧身躺下，\\n葵花便紧紧地抱住了我。\\n这样反倒是颠倒了。"
    },
    {
        "name": "ヘリアンサス",
        "message": "「嘿嘿～，这样就好了～」"
    },
    {
        "message": "葵花满足地紧紧地抓住了我。"
    },
    {
        "name": "ヘリアンサス",
        "message": "「我，稍微变得积极一点了吧……」"
    },
    {
        "message": "看向一旁，葵花已经闭上了眼睛。\\n对她的提问或许可以理解为自言自语，\\n我轻轻地抚摸着她的头直到她入睡。"
    }
]