[
    {
        "name": "ルドベキア",
        "message": "「团长……已经到晚上了，是吧？」"
    },
    {
        "message": "金光菊害羞地坐在我的膝盖上。\\n我一时不知道该如何回应。"
    },
    {
        "message": "的确，现在是晚上，她并没有说错。\\n我陷入了困境，因为我察觉到了她话语背后的含义。"
    },
    {
        "message": "按照先前晚上的誓言，金光菊开始细心地照料起我的生活起居。\\n同时，我也明白这正是她自己所期望的。"
    },
    {
        "name": "ルドベキア",
        "message": "「我是团长专属的忍者……工作还没有结束\\n所以，请让我……继续做下去吧♪」"
    },
    {
        "message": "她并不等待我的回答，便开始在我的膝盖上扭动着腰部。"
    },
    {
        "name": "ルドベキア",
        "message": "「嗯，嗯嗯……夜晚的照顾也算是忍者的工作吧？\\n所以，请让我来做吧\\n啾……啾啾……啾、啾啪」"
    },
    {
        "message": "她擦拭着发烫的脸颊，可爱的嘴唇吻向了我的嘴唇。\\n但那不像是一个吻，更像是一只撒娇的小狗。\\n调皮的舌尖舔过我的上唇和鼻尖。"
    },
    {
        "name": "ルドベキア",
        "message": "「嗯啊……呼……嗯啊啊……嘭……啾、啾啪♪\\n头有点晕了呢\\n团长的气息……♪　身体越来越发烫了呢……啾、啾啾」"
    },
    {
        "name": "ルドベキア",
        "message": "「团长，团长，喜欢……好喜欢♪\\n啾……啾啪，啾、啾啪♪」"
    },
    {
        "name": "ルドベキア",
        "message": "「不行了……因为要插进去了♪\\n啊啊……啊、啊啊啊啊啊～……♪」"
    },
    {
        "message": "丰满的臀部下沉，坚硬的东西慢慢地被吞噬。"
    },
    {
        "message": "扩散开来的是无可挑剔的快感。\\n被吻湿润的花蕾已经做好了不检点的准备。"
    },
    {
        "name": "ルドベキア",
        "message": "「呼，嗯啊……到底了呢\\n哈、哈……全身都在颤抖……好舒服呀♪　嘿嘿～♪」"
    },
    {
        "message": "金光菊淫靡地眯起双眼，微笑着。\\n我也同样回答道，她高兴地摆动着腰部。"
    },
    {
        "name": "ルドベキア",
        "message": "「开心呀，团长……♪\\n但是……嗯，嗯嗯……真正的照顾……从这里开始哦？」"
    },
    {
        "name": "ルドベキア",
        "message": "「我是……团长专属的忍者，\\n淫荡且不检点的事情……只对团长一个人做哦\\n所以……要多亲亲地、让你感觉舒服才行哦♪」"
    },
    {
        "message": "紧紧抓住我的同时，金光菊拼命地摇摆着腰部。"
    },
    {
        "message": "粗糙的阴道内被吮吸的感触。\\n没有任何空隙，龟头和阴茎都均匀地带来快感。"
    },
    {
        "name": "ルドベキア",
        "message": "「嗯，嗯啊……里面在颤抖♪\\n团长的大家伙……好好吃呀♪\\n啾啾，停不下来……舔得停不下来♪」"
    },
    {
        "name": "ルドベキア",
        "message": "「再……变大一点♪\\n变大一点，再……让精子出来给你♪\\n哈，嗯……啊、嗯嗯、嗯嗯……因为是团长专属的忍者……\\n我……会加油的……啊、嗯嗯嗯♪」"
    },
    {
        "message": "金光菊重复着专属的话。\\n紧抓住的手臂也充满力量，丰满的乳房在眼前摇曳。"
    },
    {
        "name": "ルドベキア",
        "message": "「可以的哦……随便弄，没关系的♪\\n这里也是团长专属的东西♪」"
    },
    {
        "message": "诱惑的声音让我喉咙发出声响。\\n一再重复着专属的甜蜜诉求。\\n男人的性冲昏了理性。"
    },
    {
        "name": "ルドベキア",
        "message": "「呼……啊、嗯嗯嗯♪\\n啊、啊……在舔奶头呢……♪」"
    },
    {
        "message": "当舔到乳头的瞬间，金光菊浑身颤抖。\\n对于敏感的反应，我情不自禁地压上了嘴唇。"
    },
    {
        "name": "ルドベキア",
        "message": "「嗯嗯、嗯啊……哈、啊、吮吸着♪\\n团长……像个宝宝一样……♪\\n哈、哈……诶嘿嘿，好可爱呀♪」"
    },
    {
        "name": "ルドベキア",
        "message": "「我的……奶子……好吃吗？\\n肚子里，会不停地颤动……好吃吗？」"
    },
    {
        "message": "是甜蜜的滋味。\\n乳头本身并没有味道，恐怕是汗水和感官在给味觉增添色彩。"
    },
    {
        "message": "小小的金光菊，确实是女性的象征。\\n被压迫着吸吮，用舌尖滚动，兴奋感不断增加。"
    },
    {
        "name": "ルドベキア",
        "message": "「嗯啊、呼啊……我也喜欢这个……\\n肚子，咚咚地跳个不停♪」"
    },
    {
        "name": "ルドベキア",
        "message": "「再多吸一点……专属团长的奶子再多吸一点……♪\\n我也会……好好地给你口爆的……呼啊啊、啊啊呜」"
    },
    {
        "message": "被升腾的热量激发，小小的屁股更加扭动。"
    },
    {
        "name": "ルドベキア",
        "message": "「呼……啊、这样扭动屁股……压迫着……全部都在里面……唔、嗯啊、亲亲地舔弄着」"
    },
    {
        "name": "ルドベキア",
        "message": "「团长的大家伙……虽然很辛苦\\n但因为是为了团长……我会努力的\\n呼啊、嗯啊……哈啊、嗯啊、嗯嗯」"
    },
    {
        "message": "缓慢而细致地在阴道内爱抚。\\n渗出的快感缠绕着腰部，沿着脊柱传达给大脑性感。"
    },
    {
        "message": "是深沉的爱，可以这样评价的奉献。\\n但同时，也夹杂着执着、依恋的情感。"
    },
    {
        "message": "凝视着她的是燃烧着爱情的双眼。\\n面对她强烈的依赖，我的爱意被激发了出来。"
    },
    {
        "name": "ルドベキア",
        "message": "「就这样……融化吧？ 团长……♪\\n全身都粘在一起……一起融化吧♪\\n呼呜、嗯嗯啊……啊、啊嗯嗯♪」"
    },
    {
        "message": "用可爱的紧缩包裹住肉棒，\\n金光菊加快了腰部的速度。"
    },
    {
        "name": "ルドベキア",
        "message": "「啊啊……呜、啊嗯啊！\\n要一起……永远不分开！」"
    },
    {
        "name": "ルドベキア",
        "message": "「贴在淫秽的地方，全部都贴在一起……！\\n想和团长……永远在一起……不想分开！\\n哈、啊啊嗯、嗯、嗯啊啊、呼呜呜！」"
    },
    {
        "name": "ルドベキア",
        "message": "「啊，很好吧……团长？ 我会努力的\\n做任何淫秽的事情！」"
    },
    {
        "name": "ルドベキア",
        "message": "「再贴近一点……！ 嗅一下！\\n要一直在一起！ 呼啊啊、啊嗯、嗯嗯啊！」"
    },
    {
        "message": "用肉褶执拗地摩擦龟头，金光菊发出撒娇般的娇声。"
    },
    {
        "message": "被注入快感，意识变得兴奋沸腾。\\n握住臀部，吮吸乳房，难以忍受。"
    },
    {
        "name": "ルドベキア",
        "message": "「嗯嗯啊、哈……龟头，鼓起来了♪\\n我知道……嘛，这个……团长，要出来了♪」"
    },
    {
        "message": "像是欢喜般使阴道变得骚动，小小的腰部变得更加有力。\\n仿佛从根部榨取一般，\\n向颤抖的肉棒灌输性感。"
    },
    {
        "name": "ルドベキア",
        "message": "「哈、啊啊嗯、射出来吧、射出来吧……！\\n再一次，在我里面……精子，请！」"
    },
    {
        "name": "ルドベキア",
        "message": "「这样……会爽快吗？ 会感觉舒服吗？\\n我会照顾你的……\\n那里也是，只属于团长的……全部射出来！ 喂给我！」"
    },
    {
        "name": "ルドベキア",
        "message": "「深入到最深处……用精子标记上味道！\\n射出来，射出来射出来射出来……！\\n全部都……灌注到我身体里啊啊啊……！」"
    },
    {
        "name": "ルドベキア",
        "message": "「呼呜、嗯嗯嗯嗯嗯嗯嗯嗯……！」"
    },
    {
        "message": "用阴道和双手紧紧抓住，金光菊全身绷紧。\\n朝着那仿佛在恳求的最深处，\\n喷发出自己全部的热量。"
    },
    {
        "name": "ルドベキア",
        "message": "「碰到最深处了……嗯、嗯嗯、嗯嗯啊啊～♪\\n精子……来了……热乎乎的，进来了呢……\\n全部都……渗透进去了，感受到了呢……♪」"
    },
    {
        "name": "ルドベキア",
        "message": "「这样的话……绝对、拿不下来了……♪\n团长的味道，一直都在呢～♪」"
    },
    {
        "message": "在余韵中，金光菊的身体变得无力。\n传达出身体的沉重和疲劳，\n比任何言语更能诠释她的努力。"
    },
    {
        "message": "这正是让爱意膨胀的原因。\n被排斥的是她曾经口中所说的骑士团长的义务感。\n口中说着永远都无法成为金光菊的团长。"
    },
    {
        "name": "ルドベキア",
        "message": "「呼、哈……怎么了……？」"
    },
    {
        "message": "然而，对着抬头看着自己的她，我只能回以微笑。\n对于她投来的依赖之情，我无法拒绝，\n不知不觉间我竟然说出了赞美之辞。"
    },
    {
        "name": "ルドベキア",
        "message": "「晚上照顾得……还可以吗？\n原来如此……谢谢你♪」"
    },
    {
        "message": "一再地模仿，可爱地拥抱着我。\n抚摸着她娇小的身体，\n金光菊说出了出乎意料的话。"
    },
    {
        "name": "ルドベキア",
        "message": "「对了……下次，我们四个一起来吧！」"
    },
    {
        "name": "ルドベキア",
        "message": "「还叫上秋姐和鹅掌草一起……四个人一起做爱♪\n那样大家都在一起……肯定会更幸福♪\n嘿，好吧？ 团长♪」"
    },
    {
        "message": "她一旦开口请求，我就感觉无法拒绝。\\n只能祈祷我们两个至少能一起拒绝，\\n紧紧抱着金光菊，我倒在床上。"
    }
]