[
    {
        "name": "フジバカマ",
        "message": "「团长大人……嗯嗯……」"
    },
    {
        "message": "泽兰走进房间，突然抱住我，\\n立刻凑上来夺走了我的嘴唇。\\n最近的她，变得相当善于撒娇了。"
    },
    {
        "name": "フジバカマ",
        "message": "「那、两个人独处的时候……那个，没问题吧？\\n而且今天是……我想撒娇给团长大人……的心情……」"
    },
    {
        "message": "她红着脸，用偷瞄的眼神观察着我。\\n被这样可爱地宣言，我忍不住要宠爱她。"
    },
    {
        "name": "フジバカマ",
        "message": "「那、那个……嘿嘿，可以吗？\\n嗯嗯……碰到团长大人，我就感到安心……真是不可思议呢……」"
    },
    {
        "message": "为了宠爱她抱过来的女孩，我轻抚着她的头。\\n于是，泽兰有些胆怯地凑到我的耳边低声说道。"
    },
    {
        "name": "フジバカマ",
        "message": "「那个……更更多地宠爱我也可以哦？」"
    },
    {
        "message": "看来，她今天真的是想要撒娇呢。\\n于是我抱起她，带她去了床上。\\n在这期间，泽兰一直面带微笑，并没有任何抵抗。"
    },
    {
        "name": "フジバカマ",
        "message": "「啊啊……呼啊啊啊！ 嗯、团长大人！ 啊啊啊！\\n进来了呢……！ 嗯嗯、啊啊啊！！」"
    },
    {
        "message": "我向前一挺，泽兰的阴道顺利地接纳了我的阴茎。\\n看来她早已湿透，准备工作似乎已经完毕。"
    },
    {
        "name": "フジバカマ",
        "message": "「嗯嗯……因为……一直，一直……想要，依靠团长大人……\\n是因为想撒娇才这样的吧……？」"
    },
    {
        "message": "她可爱的告白让我的心跳加速。\\n我伸手到她饱满的乳房上，揉捏着。"
    },
    {
        "name": "フジバカマ",
        "message": "「嗯呜呜，啊啊……胸部……嗯嗯\\n被团长大人摸到……啊啊，好舒服……」"
    },
    {
        "message": "泽兰身体妖娆地扭动着，却并不遮掩她的乳房。\\n我用指尖轻抚着她丰满的乳房。\\n于是，乳头开始显得更加挺立起来。"
    },
    {
        "name": "フジバカマ",
        "message": "「唔唔唔，团长大人……不是那里……\\n好难受……唔唔唔……请更加宠爱我……」"
    },
    {
        "message": "受她心痛的声音所促使，我用指尖轻轻地刺激着那挺立的乳头。\\n于是，泽兰的身体颤抖了起来。"
    },
    {
        "name": "フジバカマ",
        "message": "「啊啊！！ 嗯嗯！！ 那里！ 那里！\\n嗯嗯……好舒服……啊啊……！」"
    },
    {
        "message": "泽兰喘息着，紧紧地夹住了插入的阴茎。"
    },
    {
        "name": "フジバカマ",
        "message": "「啊啊……嗯嗯……咕，我要好好享受……\n团长大人……嗯嗯，我，已经……嗯嗯……」"
    },
    {
        "message": "泽兰发出痛苦的声音扭动着身体。\n看到她那样子，我突然产生了一个念头。"
    },
    {
        "message": "泽兰，是不是已经沉迷其中了呢。当我说出这样的话语时，她满脸通红慌张起来。"
    },
    {
        "name": "フジバカマ",
        "message": "「那、那种事……！ 那、那种事……不存在的……！\n确、确实最近可能有很多向团长大人撒娇的机会\n……但、但是，真的，没有那种事情……」"
    },
    {
        "message": "被如此否定，反而让我更想得到认可。\n为了刺激她的羞耻感，我进一步询问。"
    },
    {
        "name": "フジバカマ",
        "message": "「那、那样的事情……并没有上瘾！\n那、那样的……淫荡的事情……不、不能说出口……嗯嗯！」"
    },
    {
        "message": "对着试图否定的泽兰，我扭动腰部顶入阴茎。\n发出湿润的撞击声，泽兰发出喘息声。"
    },
    {
        "name": "フジバカマ",
        "message": "「啊啊……嗯嗯，团长大人，请放……不行，这样子……\n被这样子抚摸着……啊啊……嗯嗯！」"
    },
    {
        "message": "她喜欢被在阴道深处如此抚摸，这一点我早已知晓。\n泽兰很快发出撒娇般的声音。"
    },
    {
        "name": "フジバカマ",
        "message": "「啊，嗯……好舒服……啊，深一点，好舒服……\n啊啊……嗯嗯……！」"
    },
    {
        "message": "当自己微微扭动腰部，仿佛也感受到了舒适之时，\n阴茎稍稍退出。"
    },
    {
        "name": "フジバカマ",
        "message": "「啊，团长大人……？ 为什么……？」"
    },
    {
        "message": "如果你没有沉溺其中的话，应该可以忍耐住的。 \n说完，泽兰的眼眶泛起了泪花。"
    },
    {
        "name": "フジバカマ",
        "message": "「这、这样……嗯嗯，团长大人……太、太过分了……\n嗯嗯，求求您……现在，请不要折磨我……！」"
    },
    {
        "name": "フジバカマ",
        "message": "「深一点……来吧，请……团长大人……嗯嗯\n动一下吧……团长大人……！」"
    },
    {
        "message": "乞求着的泽兰。\n或许在那个时刻，答案早已显而易见。\n无奈之下重新开始抽送。"
    },
    {
        "name": "フジバカマ",
        "message": "「啊……啊啊，嗯嗯……！\n但、但是，依赖团长大人、被宠爱着也很舒服\n知道这种事情后，我恐怕再也无法逃脱了吧……啊！」"
    },
    {
        "message": "泽兰喘着气说着，就像在找借口一般。"
    },
    {
        "name": "フジバカマ",
        "message": "「啊啊，嗯嗯……好、好舒服……」"
    },
    {
        "message": "在喘息声中，泽兰嘟囔着什么。"
    },
    {
        "name": "フジバカマ",
        "message": "「唔呜呜，我、我完全沉浸其中了！\n和团长殿的那个，完全完全地沉浸其中了……！！」"
    },
    {
        "message": "羞耻之中，泽兰满脸通红地做出淫荡的告白。"
    },
    {
        "name": "フジバカマ",
        "message": "「不行了……没有团长殿在身边，不行了！\n变得这么淫荡了？\n想要依赖团长殿，想要被宠爱……嗯，这么、淫荡……！」"
    },
    {
        "name": "フジバカマ",
        "message": "「所以……所以啊……团长殿……！\n肉棒，请……擦遍我的淫荡的小穴……\n完全地、完全地擦遍吧……！」"
    },
    {
        "message": "仿佛回应着泽兰的哀求，用力向前挺动腰部\n将阴茎插入最深处。"
    },
    {
        "message": "扑噗一声将阴茎插入，泽兰反折起背部大声喘息。"
    },
    {
        "name": "フジバカマ",
        "message": "「啊啊……！ 嗯嗯，团长殿的、肉棒……！\n呼、啊啊，对准了我的小穴呢……！\n嗯嗯，果然很舒服呢……！ 啊啊！！」"
    },
    {
        "message": "那根肉棒一直在阴道深处磨擦着，然后抽送着。\n黏膜相互摩擦的感觉让阴道内部仿佛在欢欣颤抖。"
    },
    {
        "name": "フジバカマ",
        "message": "「啊啊，好深……啊啊，好舒服！\n被团长殿的肉棒戳到阴道深处……好喜欢！\n呜呜……啊啊，深一点……再深一点……！ 啊啊！！」"
    },
    {
        "name": "フジバカマ",
        "message": "「啊啊，喜欢，团长殿，喜欢……！ 只喜欢团长殿！\n啊啊，只有团长殿……我是多么喜欢你，\n只有团长殿！」"
    },
    {
        "message": "泽兰紧紧握住我的手臂。\n射精的感觉涌上心头，阴茎跳动不已。"
    },
    {
        "message": "泽兰没有错过那男人的激动。"
    },
    {
        "name": "フジバカマ",
        "message": "「请……嗯，团长殿的精液，啊啊……！\n请尽情地往我的子宫里注入吧！」"
    },
    {
        "message": "从她那纯净的双唇中溢出了前所未闻的淫荡之言。\n兴奋加剧，自然而然地加快了腰部的运动。"
    },
    {
        "name": "フジバカマ",
        "message": "「啊啊，团长殿，嗯，啊啊……！\n射出来吧，精液，尽情地……我也要高潮了！\n嗯啊啊啊，嗯，阴道要高潮了！！」"
    },
    {
        "name": "フジバカマ",
        "message": "「呜呜，啊啊，团长殿，喜欢你……好喜欢！！\n呜呜，啊啊啊啊啊……！！！！！！」"
    },
    {
        "name": "フジバカマ",
        "message": "「啊啊，嗯嗯，啊啊……！！！！！！！」"
    },
    {
        "message": "当阴道开始收缩的时候，阴茎也达到了极限，大量精液喷涌而出。"
    },
    {
        "name": "フジバカマ",
        "message": "「啊啊，嗯嗯，正在流出来……呼呼，\n感觉小穴变得很舒服，团长殿的精子正在注入进来……\n嗯嗯嗯……好、好舒服……」"
    },
    {
        "name": "フジバカマ",
        "message": "「这个，喜欢……团长殿……喜欢……」"
    },
    {
        "message": "松弛下来，一边拥抱着泽兰一边倒在床上。\n在柔软的身体中恢复了呼吸。"
    },
    {
        "name": "フジバカマ",
        "message": "「呜呜……团长殿……」"
    },
    {
        "message": "不久之后，泽兰害羞地小声说道。"
    },
    {
        "name": "フジバカマ",
        "message": "「把我变成这样的责任……\n你可要负起责任哦？」"
    }
]