[
    {
        "message": "宛がわれた香蕉海洋的旅馆房间，\\n昼间散步结束的小梅，独自等待晚餐。"
    },
    {
        "name": "メイ",
        "message": "「嗯嗯嗯～，晚饭是什么呢～\\n已经等不及了呢」"
    },
    {
        "name": "メイ",
        "message": "「……一个人等着，好无聊啊」"
    },
    {
        "message": "与白天感受到的城市喧嚣截然不同，\\n在安静封闭的空间中独自徘徊。\\n竟然不由自主地想起了曾经的孤立无援的记忆。"
    },
    {
        "name": "メイ",
        "message": "「唔唔，那种事情并不重要！\\n因为现在的我，和小春还有铃夏她们在一起\\n还有武……」"
    },
    {
        "name": "メイ",
        "message": "「武……武……并不是因为思乡病\\n只是，我记得得很清楚……」"
    },
    {
        "message": "驱散悲伤的记忆，是初次交到的朋友以及珍贵人物的回忆，还有体内残留的余温。"
    },
    {
        "name": "メイ",
        "message": "「哈啊……啊……嗯……我记得得很清楚……\\n武对我做的事情……就像这样……嗯嗯……\\n摸了好多好多我……啊、嗯……唔」"
    },
    {
        "message": "为了勾起体内残留的热度，\\n小心翼翼地伸手到自己的性感区域，胸部和私处。"
    },
    {
        "message": "只是用指尖轻轻划过，\\n就能感受到陌生的触感从皮肤上传来。"
    },
    {
        "name": "メイ",
        "message": "「啊，嗯……嗯，奇怪的感觉……嗯嗯，啊啊、\\n想要更多……想要更多，想要摸……嗯嗯呜」"
    },
    {
        "message": "用指腹轻压，用指尖轻弹，\\n滋生着不该有的好奇心，小梅试图给自己带来刺激。"
    },
    {
        "name": "メイ",
        "message": "「哈、唔……啊啊……嗯、呀、啊呜、啊……\\n啊，对……就是这样……这样摸着……\\n有点，靠近武了，啊呀呀……也许……」"
    },
    {
        "message": "原本只存在于想象中的武的轮廓逐渐清晰起来。\\n温柔而多角度的指尖刺激，\\n让她的身体陷入了一阵阵颤栗的感觉之中。"
    },
    {
        "name": "メイ",
        "message": "「哈、啊、嗯……啊、哎……呼……\\n想要更多，想要你来……我需要你的温暖……呼呜、嗯嗯、\\n更多……啊、嗯，让我回忆起来，我需要你来唤醒我……嗯嗯呜」"
    },
    {
        "name": "メイ",
        "message": "「那里面……哈、嗯、啊啊……试着伸进去，\\n啊、嗯……哈哈哈哈呜……！」"
    },
    {
        "message": "兴奋中湿润的阴道肌肉，在手指的侵入下\\n被缓缓地舒展开来。"
    },
    {
        "message": "明显感受到不同于普通皮肤的黏液触感，\\n意识到自己正在感受着什么。\\n但这也证明了她正逐渐接近与武交合时的感觉。"
    },
    {
        "name": "メイ",
        "message": "「啊，啊啊，啊，啊啊……那里面，湿漉漉的……\\n感觉有点，嗯嗯，好像不是自己的身体……啊啊，嗯，\\n淫荡的感觉……嗯，啊啊，嗯嗯啊」"
    },
    {
        "name": "メイ",
        "message": "「被武触摸的时候，那种软绵绵的感觉和……\\n我变得不再是我自己的感觉……嗯咕、呀啊、一样的……」"
    },
    {
        "message": "手指上下左右移动，沿着阴道周围轻抚并深入。\\n快感逐渐膨胀，\\n那时候被给予的记忆被唤醒。"
    },
    {
        "name": "メイ",
        "message": "「啊、啊啊、嗯、啊、啊啊、啊呜……\\n充满了湿润的摩擦深入到底部，嗯嗯嗯……\\n就像被肉棒在磨蹭一样」"
    },
    {
        "name": "メイ",
        "message": "「好像那个一样，并不大，并且也不热，但是自己动起来的时候……\\n只是自己在里面动来动去……\\n就能想起武来……呀呀呀」"
    },
    {
        "name": "メイ",
        "message": "「胸部也要更多地触摸一下，嗯嗯……\\n想要感觉更舒服但是……\\n呼、嗯……就像武一样揉揉……啊呜呜……」"
    },
    {
        "message": "对胸部的爱抚并非盲目地戳戳而已，而是变成了增加敏感度的动作。\\n像揉捏乳房一样轻柔地按摩后，绕着乳晕轻轻地抚摸。\\n随着责难范围变窄，快感变得更加深刻、更加强烈。"
    },
    {
        "name": "メイ",
        "message": "「呼、啊啊……胸部自己弄得这么淫荡真是让人羞愧……\\n明明知道会被发现但是却……呜、唔唔……啊、嗯嗯、嗯嗯」"
    },
    {
        "name": "メイ",
        "message": "「更多地……呼唔、开始想要了……呼、嗯、唔唔……\\n更多地让我的身体感到舒服的事情……\\n想要确认但是却」"
    },
    {
        "message": "故意避开的乳房尖端，\\n紧握着最为敏感的桃色突起，\\n期待刺激的全身微微颤抖。"
    },
    {
        "name": "メイ",
        "message": "「嘿呀呀呀呀……！？　啊、啊……啊啊……乳头，好厉害，\\n让人上瘾，呜呜呜……！　停不下来……啊」"
    },
    {
        "message": "一只手动了起来，另一只手也不自觉地动了起来。\\n右手滑过胸部表面时，\\n左手指不断地摩擦着阴道肉。"
    },
    {
        "name": "メイ",
        "message": "「啊、啊啊，阴道里，手指在动，\\n啊、嗯……痒痒的，\\n停不下来了，啊、啊、啊」"
    },
    {
        "name": "メイ",
        "message": "「啊、啊、嗯嗯……啊、嗯、呼唔……\\n啊、啊呜呜、嗯……痒痒的，更加在意了，\\n触摸得更多了，啊、啊、啊」"
    },
    {
        "message": "轻轻挠动阴道，仿佛武的阴茎头在内部来回移动的感觉袭击着小梅。"
    },
    {
        "message": "揉捏或戳弄细致地移动时，\\n勾起武纵横无尽的往复运动的身体作出反应。"
    },
    {
        "name": "メイ",
        "message": "「呼啊、哈、啊、啊、唔唔……这样真好，\\n和武的鸡巴一样好，哈、唔唔、嗯、哎唷」"
    },
    {
        "name": "メイ",
        "message": "「武，想要更多，哈、啊、嗯、嗯咕、呼呼唔唔、\\n鸡巴的硬硬感觉上更多摩擦想要更多但是呢，\\n哎唷、哈哈唔唔」"
    },
    {
        "message": "指头逐渐进入内部，快感倍增，甚至更多，\\n让小梅更加沉迷于这个行为。"
    },
    {
        "name": "メイ",
        "message": "「呜啊啊啊……！啊啊、哈啊、呀、啊啊、\\n鸡巴，两根了，嗯嗯、啊啊、嗯、增加了两根了」"
    },
    {
        "name": "メイ",
        "message": "「浅处也是，啊、深处也是，嗯嗯、被填满了，\\n被扩张着，被放松着，嗯、嗯、哈、嗯」"
    },
    {
        "message": "长久以来备受孤独折磨的小梅来说，\\n一边想着心爱的人自慰，\\n更加激发了她的心情。"
    },
    {
        "message": "像口水一样从下面流出的爱液，\\n让她的手指变得越发湿润和淫荡。"
    },
    {
        "name": "メイ",
        "message": "「哈啊、嗯嗯、啊、哈啊……！\\n变得湿湿的，嗯嗯、淫荡的声音，不断地发出来，\\n嗯啊、啊、啊啊……！」"
    },
    {
        "name": "メイ",
        "message": "「被武……挑逗着呜呜呜，这个……武的这个，喜欢的呀，\\n嗯嗯、啊啊、嗯、更多一点点呜呜呜，\\n哈啊、啊、嗯、哼啊」"
    },
    {
        "message": "武的腰部动作被身体牢牢记住。\\n手指灵巧的动作仿佛再现了他的力量。"
    },
    {
        "message": "用力加压，前后摩擦如同挖掘蜜汁。\\n动作加快时，在幻想中的武也显得更加兴奋。"
    },
    {
        "name": "メイ",
        "message": "「啊、啊、啊、嗯、啊……武，好厉害、\\n啊、哈啊、嗯、啊啊、这样的话，\\n啊、我也、忍不住了」"
    },
    {
        "name": "メイ",
        "message": "「肉棒在颤抖着，啊、啊啊、嗯、哎、啊呀，\\n黏黏的东西，好像要出来了，啊哈哈……\\n在说着这种话」"
    },
    {
        "message": "无论全身的颤抖只是手在颤抖，\\n但它与小梅的幻想深深地同步在一起。"
    },
    {
        "name": "メイ",
        "message": "「啊啊、啊、啊啊、我也到极限了，嗯嗯、\\n被武的肉棒弄得要高潮了，嗯嗯，要高潮了……！」"
    },
    {
        "name": "メイ",
        "message": "「不行，好舒服，忍不住了，啊啊！\\n虽然和武一起要高潮了……！」"
    },
    {
        "name": "メイ",
        "message": "「啊、啊啊、啊啊嗯嗯，哈啊，啊哈……！\\n嗯嗯、快点快点嗯嗯，哎呀，嗯……\\n啊啊啊啊啊啊啊嗯嗯嗯嗯……！！」"
    },
    {
        "name": "メイ",
        "message": "「哈哈哈……哎呀呀，嗯……快点快点……！」"
    },
    {
        "name": "メイ",
        "message": "「黏糊糊的满满的……嗯嗯……哈、呀……\\n尿失禁了，和武一样湿湿的，虽然满身都是湿湿的……嗯嗯」"
    },
    {
        "message": "喷射出的液体不仅浸湿了阴道口，甚至内部和手都变得湿润。\\n残留的温度紧贴着皮肤，就像精液一样温暖，\\n包裹着小梅在高潮后的满足感中。"
    },
    {
        "name": "メイ",
        "message": "「啊啊，嗯嗯……这样的话……身体……不由得颤抖起来……嗯嗯，\\n就好像被释放在我体内一样……这种感觉，果然还是喜欢」"
    },
    {
        "name": "メイ",
        "message": "「已经……明白了……感受到武的温暖，确实在我体内……\\n嗯嗯……不再感到孤单了……但是」"
    },
    {
        "name": "メイ",
        "message": "「却变得更加渴望了……该怎么办呢」"
    },
    {
        "message": "虽然能回忆起他的热度，\\n但这次更加渴望着他的肌肤。"
    }
]