[
    {
        "name": "ナツメ",
        "message": "「枣，在这次任务中表现得很出色……\\n所以团长不用说我也知道该怎么做吧？」"
    },
    {
        "message": "只是因为努力完成花骑士的工作，就想让你听听我的任性。\\n平日里，枣总是这样保持着动力。"
    },
    {
        "message": "理解她想要表达的意思，答应无论什么任性都要说出来。"
    },
    {
        "name": "ナツメ",
        "message": "「今天因为比平时更努力，要一直宠着我……\\n中途不能说停止哦！」"
    },
    {
        "name": "ナツメ",
        "message": "「团长要把枣当成大人的女孩子……！\\n因为要尽情撒娇，所以只能看着枣一个人哦」"
    },
    {
        "message": "枣的任性本来并不是一件容易接受并实施的行为。\\n但面对用纯真的眼神向我求索的她，我无法拒绝。"
    },
    {
        "message": "因为我也很在意作为花骑士的枣。\\n我下定决心要自觉地接受她的任性。"
    },
    {
        "name": "ナツメ",
        "message": "「啊……团长的大……顶着……进来了……嗯嗯……」"
    },
    {
        "message": "彼此紧紧拥抱着，慢慢地将阴茎温柔地插入。\\n感受着枣紧窄的阴道被撑开，感受着那坚挺粘膜的阻力。"
    },
    {
        "name": "ナツメ",
        "message": "「嗯嗯……肚子里，好宽……\\n这根鸡巴……对枣来说太大了……咕噜……嗯……\\n下面，都变得好紧好紧的……」"
    },
    {
        "message": "对勃起的插入作出痛苦的反应的枣。\\n她狭窄的阴道，与这根肥大的鸡巴实在是不相称。感到痛苦也是理所当然的。"
    },
    {
        "message": "虽然我提出改日再来，但枣却充耳不闻。"
    },
    {
        "name": "ナツメ",
        "message": "「枣，现在就想要团长插进来……\\n想要成为一个大人的女孩子……以前说不出口的任性，\\n现在想要能够说出口……」"
    },
    {
        "name": "ナツメ",
        "message": "「所、所以……鸡巴，全部都给我里面……\\n无论多任性都会听着……你是这么说过的吧……？」"
    },
    {
        "message": "尽管我劝说，但枣的心意毫不动摇。\\n既然她下定决心如此，我只能答应。"
    },
    {
        "message": "撕裂了封闭的膜，与枣最深处相连。\\n为了达到这一点，我用力地抽送着，克服了阴茎顶端强烈的阻力。"
    },
    {
        "name": "ナツメ",
        "message": "「咕噜……嗯，啊呜呜呜呜呜……！！\\n深处……碰到硬硬的东西了啊……」"
    },
    {
        "name": "ナツメ",
        "message": "「肚子里……紧紧地缠绕着……变成了团长的形状了呢……」"
    },
    {
        "message": "细细的双臂紧紧地抱着，枣接受了阴茎的插入。\\n第一次失去的痛苦让全身颤动，\\n口中品尝着被埋入阴道内的鸡巴的触感。"
    },
    {
        "name": "ナツメ",
        "message": "「枣，鸡巴……全都进去了……？\\n刚才被戳到的时候好痛……但是……我忍住了……」"
    },
    {
        "message": "忍受着疼痛，忍受了第一次的插入的枣。\\n不断地夸奖她的努力，温柔地拥抱着她的身体。"
    },
    {
        "message": "渐渐地身体的颤动平息下来，显露出平静。\\n这时，枣用撒娇的声音在这边低语。"
    },
    {
        "name": "ナツメ",
        "message": "「嘿……因为枣努力了很多……\\n之后可以多撒娇吗……？」"
    },
    {
        "name": "ナツメ",
        "message": "「最初请求的事情……一直都要让团长宠着我……\\n枣说的话……一定要实现哦……」"
    },
    {
        "message": "当然是这个打算。\\n既然加深了和枣的关系，就要陪她满足到最后。"
    },
    {
        "message": "为了缓解破处的疼痛，小心地摇动着腰部，\\n刺激着紧绷的枣阴道粘膜以减轻摩擦。"
    },
    {
        "name": "ナツメ",
        "message": "「呼啊……啊啊……在枣里面，大家伙在动……\\n摩擦到好多地方……啊呜……嗯呜……」"
    },
    {
        "name": "ナツメ",
        "message": "「有点刺痛……但是……啊……啊啊……\n团长，你对我好温柔……我感觉得到……」"
    },
    {
        "message": "枣被温柔地拥抱着，进行着轻柔的摩擦运动。\n原本就很狭窄，而且从未有过插入的经验。\n但每当肉棒在里面往复时，粘膜都像在示爱般地缠绕着。"
    },
    {
        "message": "虽然收紧感有点强烈，但足够的刺激从连接处传来。"
    },
    {
        "name": "ナツメ",
        "message": "「啊……嗯呜呜……被温柔地拥抱着真好……\n再多一点……一边紧紧拥抱着，一边轻轻地摩擦肉棒……？」"
    },
    {
        "name": "ナツメ",
        "message": "「那样的话……疼痛很快就会消失了吧……\n全身都能感受到团长，然后变得温暖舒适……呜呀呀……」"
    },
    {
        "message": "枣双臂用力，增加了彼此的贴合感。\n按照她的期望，继续紧紧拥抱着她，并为她提供快感。"
    },
    {
        "name": "ナツメ",
        "message": "「嗯呜呜……啊啊……下体好像在刺痛呢……啊啊\n身体感觉有点奇怪……啊呜……啊啊……」"
    },
    {
        "message": "阴道逐渐放松。\n收紧感比之前减轻了，甜蜜地吸附着勃起的部分。\n随着摩擦刺激加强，自然而然地开始加快腰部运动。"
    },
    {
        "name": "ナツメ",
        "message": "「啊啊……嗯呜……啊啊……肉棒动得更快了吧……？\n团长已经喜欢上了枣的下体吧……」"
    },
    {
        "name": "ナツメ",
        "message": "「团长的肉棒，我想要擦擦得更多……因为那里……被擦得很舒服……嗯呀……我想更多地摩擦在重要的地方……」"
    },
    {
        "message": "加快摩擦运动的速度，喘着气享受着的果实。疼痛似乎有所缓解，她希望我们彼此更加兴奋。在她努力而可爱的请求下，我们的爱意和兴奋也变得更加强烈。"
    },
    {
        "name": "ナツメ",
        "message": "「啊啊……！ 鸡巴变得剧烈了……嗯呀！ 在里面不停地搅动着……啊呜……嗯啊啊……！」"
    },
    {
        "name": "ナツメ",
        "message": "「那里，非常热……变得黏黏的了……因为团长一直都不想放开，一直都在紧紧地夹住……」"
    },
    {
        "name": "ナツメ",
        "message": "「嗯呀……啊啊……嗯呜呜……！ 我想要向团长撒娇……啊呜呜！ 更多地……撒娇给你看！」"
    },
    {
        "message": "她紧紧地拥抱着我，双腿缠绕在我的腰间。看着她沉迷地撒娇，我的射精欲望急剧上升。"
    },
    {
        "name": "ナツメ",
        "message": "「啊啊……！ 鸡巴在颤抖着！？ 团长难道已经忍耐不住舒服了吗？」"
    },
    {
        "message": "奈津美感觉到我的极限即将到来。当她意识到我似乎会先达到极限时，她开始摇晃身体，像是在闹情绪。"
    },
    {
        "name": "ナツメ",
        "message": "「啊啊……嗯呜……哎呀……嗯呜呜……！ 直到一起忍耐不住了才好好努力下去……」"
    },
    {
        "name": "ナツメ",
        "message": "「最后，一直宠着枣到最后……嗯嗯，嗯哈啊！\\n所以在那之前，一直都不会放开团长的……！」"
    },
    {
        "message": "身体的摇晃让摩擦的快感更加增加。\\n用紧绷的阴茎不断进行摩擦运动，拼命地爱着枣。"
    },
    {
        "name": "ナツメ",
        "message": "「啊呜呜！ 团长好厉害地在里面乱动……啊啊！\\n肚子里面，被猛烈地敲打着……！」"
    },
    {
        "name": "ナツメ",
        "message": "「这个……好厉害……下面好紧缩……哈呜呜，哈啊啊！\\n枣的身体好像要飘起来了……！」"
    },
    {
        "name": "ナツメ",
        "message": "「下面，好刺痒……嗯呜呜，哈啊啊，啊啊啊！\\n团长，再紧一点……为了不让枣飘走……再紧紧地抱住……！\\n嗯呜呜……嗯嗯嗯，哈呀啊啊啊啊！！」"
    },
    {
        "name": "ナツメ",
        "message": "「啊啊啊啊……身体好酥软……嗯嗯嗯……\\n脑袋里全是团长的身影……」"
    },
    {
        "message": "紧紧拥抱着彼此，从颤抖的阴茎中释放出精液。\\n全身绷紧并痉挛的枣接受着喷涌而出的生殖液。"
    },
    {
        "name": "ナツメ",
        "message": "「嗯嗯嗯……鸡巴从里面，滴滴答答地喷出来了……好热呢……\\n枣里面变得非常温暖了哦……」"
    },
    {
        "message": "感受着填满狭窄阴道的热量，发出愉悦的声音。\\n随后，粘膜贪婪地蠕动几次，吸收着阴茎中的精液。"
    },
    {
        "name": "ナツメ",
        "message": "「大人的女孩子……能得到这样温暖的拥抱……下次工作再努力一点的话……也要让枣再次撒娇哦……」"
    },
    {
        "message": "被期待着再次相爱是令人高兴的。\\n我们约定了下次也要满足枣的任性。"
    }
]