[
    {
        "name": "ルドベキア",
        "message": "「这么多事情都是团长你第一个给我做的，除了秋姐姐以外！」"
    },
    {
        "name": "ルドベキア",
        "message": "「虽然和秋姐姐给的不太一样，但还是一样开心！」"
    },
    {
        "message": "金光菊紧紧地抱住了我。看着她向我诉说的表情，我不由自主地抚摸了她的头。"
    },
    {
        "name": "ルドベキア",
        "message": "「嘿嘿嘿～♪ 谢谢你，团长！」"
    },
    {
        "message": "看着她微笑得如此舒适，仿佛尾巴都要断掉一样。被称为像狗一样也能理解。"
    },
    {
        "name": "ルドベキア",
        "message": "「嘿嘿，又收到了开心的东西！这可得好好回报才行！如果是秋姐姐肯定会这么做的！」"
    },
    {
        "message": "她用力挽住我的手臂。感受到她小巧的乳房贴在我身上，有些心跳加速。"
    },
    {
        "name": "ルドベキア",
        "message": "「不客气！来吧，想要什么？嘿嘿～……告诉我吧？」"
    },
    {
        "message": "龟头轻触着她紧闭的私处。瞬间，她仰起头的脸微微颤抖了一下。"
    },
    {
        "name": "ルドベキア",
        "message": "「嗯，没关系……随你喜欢？」"
    },
    {
        "message": "对着她不安的表情点了点头，将抓住的腰拉向自己。"
    },
    {
        "name": "ルドベキア",
        "message": "「嗯嗯，嗯嗯～……！\n呼呼，呼呼，嗯，嗯啊啊啊啊……！」"
    },
    {
        "message": "尽可能平稳地将肉棒沉入金光菊的体内。"
    },
    {
        "message": "有种突破某物的感觉。\n不急不躁地花时间，将自己深入阴道深处。"
    },
    {
        "name": "ルドベキア",
        "message": "「哈，哈，哈，哈……\n好了，完了……团长的，全部，进去了吧……？」"
    },
    {
        "message": "承受着痉挛和深红色的湿润，她毫无抵抗之力。"
    },
    {
        "name": "ルドベキア",
        "message": "「这样就可以了吧……？\n我给团长想要的……都给到了吧？」"
    },
    {
        "message": "湿润的眼眸盯着我。\n用手抚摸她的大腿来安抚她，并做出大幅度的点头。"
    },
    {
        "name": "ルドベキア",
        "message": "「嗯、是吗……诶嘿，诶嘿嘿……开心呢\\n我，能好好地回报你吗……\\n……咦？明明是要回报你，却又被你幸福到了？」"
    },
    {
        "name": "ルドベキア",
        "message": "「果然团长是个能让我开心的人呢\\n更想更想，好好回报你」"
    },
    {
        "message": "忍受着蔓延的隐痛，微微含笑的金光菊。\\n给人一种安心感，那是优雅贵族的微笑。"
    },
    {
        "message": "看到明朗活泼的少女展现出的温顺，\\n情感和欲望被强烈地吸引了过去。"
    },
    {
        "name": "ルドベキア",
        "message": "「嗯嗯嗯……团长，现在，在我体内，跳动着……\\n嗯，你想要什么呢……？\\n告诉我，团长……我也想给你那个？」"
    },
    {
        "message": "对问题以爱抚作出回应。\\n用手指轻抚着自己勾勒出的轮廓，尽量温柔地抚摸着。"
    },
    {
        "name": "ルドベキア",
        "message": "「啊，啊呜……这、这里……？\\n下面，啊，摩擦、摩擦着\\n这里……？我的、下面想要吗？」"
    },
    {
        "message": "对着收缩的视线送去笑容和话语。"
    },
    {
        "name": "ルドベキア",
        "message": "「哈，哈，哈，我只要感觉舒服就好了吧……？\\n插进团长的肚子里，在下面被弄得、嗯嗯呜、挑逗着……\\n就这样、就这样……啊、哈、啊啊」"
    },
    {
        "message": "注视着连接部位，金光菊喃喃自语。\\n仿佛是为了确认自己所受的一切，目光始终未离开，逐渐变得妩媚起来。"
    },
    {
        "name": "ルドベキア",
        "message": "「哈、哈、哈、好、舒服……\\n给你，团长，给你」"
    },
    {
        "name": "ルドベキア",
        "message": "「被团长摆布，感觉真舒服呢\\n哈、啊啊啊、嗯嗯，给团长，我要给你」"
    },
    {
        "name": "ルドベキア",
        "message": "「哈、哈、所以，团长……\\n再多一点……？我想要感觉舒服呢\\n再多一点，在下面，嗯嗯，弄弄？」"
    },
    {
        "message": "渗出的声音蜜液为爱抚带来热情。"
    },
    {
        "name": "ルドベキア",
        "message": "「嗯嗯，哈啊，那里，嗯，手指，哈啊啊\\n被动着……在我体内，嗯，在团长的和手指一起……\\n哈啊，这样，舒服吗……？」"
    },
    {
        "message": "金光菊对于初次的触感感到困惑。\\n她请求让这种感觉继续下去，并小心翼翼地将手指伸向露出的阴核。"
    },
    {
        "name": "ルドベキア",
        "message": "「嗯嗯嗯嗯……！？\\n团、团长哦，那里，哈啊，嗯嗯，啊啊啊啊\\n哈啊，在那里，呼啊，好像变大了！」"
    },
    {
        "name": "ルドベキア",
        "message": "「那个，呼啊、不行、不行呢……！\\n肚子里面，疼疼的……呼、哈啊、\\n好像在流出来……呀啊、好像在失禁一样呢！」"
    },
    {
        "message": "摘下、抚摸、擦拭，金光菊的肌肤都因此而变得火热。\\n她自己也察觉到，爱液不停地溢出来。"
    },
    {
        "name": "ルドベキア",
        "message": "「团长，团长……我，怎么样？\\n能够，给团长想要的东西吗……？\\n我，呼呼……做得好吗？」"
    },
    {
        "message": "一边承受着变成蜜壶的阴道，一边颤抖着声音询问着快感。\\n对于回答犹豫了一瞬间，\\n最终还是采取了最直接易懂的方式。"
    },
    {
        "name": "ルドベキア",
        "message": "「啊、嗯啊啊啊啊！？」"
    },
    {
        "message": "将盛开的花瓣送入到真正的抽送之中。"
    },
    {
        "name": "ルドベキア",
        "message": "「团、团长在、动着、呜呜！\\n哈啊、啊啊啊啊、肚子被搅动着、呼啊啊、啊啊啊！」"
    },
    {
        "name": "ルドベキア",
        "message": "「呼呼、呼呼、呼呼、啊啊啊！\\n好厉害……团长的粗大的……！\\n我的里面，嗯嗯，已经塞满了哦！」"
    },
    {
        "message": "声音和表情中已经没有痛苦。\\n两人的腰部相互碰撞发出干燥的声音，金光菊发出女人般的声音。"
    },
    {
        "name": "ルドベキア",
        "message": "「呼呼、呼呼，团长，看看！\\n我，我已经感觉很舒服了，嗯，正在变得很舒服！」"
    },
    {
        "name": "ルドベキア",
        "message": "「啊，这种事，还是第一次……！\n啊，团长，第一次对我……！\n啊啊啊，嗯嗯嗯！啊，团长，让我感觉舒服的样子，我好喜欢！」"
    },
    {
        "message": "总是积极乐观的活泼女孩。\n这样评价着的少女，展现出了甜蜜而混乱的一面。\n要说不被这个激动是不可能的。"
    },
    {
        "name": "ルドベキア",
        "message": "「嗯嗯嗯嗯嗯，团长的，抖动、跳动……啊啊！\n我知道了，你为我高兴了吧！\n唔，嗯嗯啊啊！唔呀，啊啊啊啊！」"
    },
    {
        "message": "随着激动和射精欲望的上升，在大腿上加重了手臂的力量。\n将插入的东西再次送入更深处。"
    },
    {
        "name": "ルドベキア",
        "message": "「啊，感觉、好、舒服呀！\n呼呼，呼呼，啊，啊呀呀、但是、但是……！」"
    },
    {
        "name": "ルドベキア",
        "message": "「只有我一个人是不行的呢！\n我也要好好回报你才行，啊、啊啊啊！」"
    },
    {
        "message": "在这里，金光菊开始自己动起身体。"
    },
    {
        "name": "ルドベキア",
        "message": "「呼、呼、呼呀、接受我的回报吧！\n因为感觉很舒服，团长也让我感觉很舒服！\n我、我、唔唔唔、啊啊啊啊！」"
    },
    {
        "name": "ルドベキア",
        "message": "「啊啊、呼、回、回报给你！全都给你！\n身体也好、心也好、唔唔唔、团长想要的东西，全部都给你！」"
    },
    {
        "message": "彼此的动作迅速地提升了快感。\\n通过连接部分互相传递快感，充实的东西似乎要爆炸了。"
    },
    {
        "name": "ルドベキア",
        "message": "「啊、团长，啊啊啊！好奇怪的感觉！\\n好舒服，积蓄着、积蓄着，啊、嗯嗯嗯！\\n啊，这个也要让你看见……嗯嗯！」"
    },
    {
        "name": "ルドベキア",
        "message": "「团长，啊啊，看着、看着我！\\n我，会变得很舒服的地方、变得很舒服的地方！」"
    },
    {
        "name": "ルドベキア",
        "message": "「团长，看着、看着看着看着看着、看着呀呀呀呀呀！」"
    },
    {
        "message": "正在注视着。\\n伴随着粗重的呼吸清晰地回答，并强劲地顶击着阴道深处。"
    },
    {
        "name": "ルドベキア",
        "message": "「呼啊、啊啊啊啊啊啊啊啊！？」"
    },
    {
        "name": "ルドベキア",
        "message": "「啊、啊、啊、啊……嗯\\n呼，好热哦……团长的，滴滴流出来的好热哦……」"
    },
    {
        "message": "感受到达到高潮的她，进行了最深处的射精。"
    },
    {
        "message": "迎接喷射而出的浑浊液体，金光菊下腹部痉挛起来。\\n她自己注视着自己的眼中也清晰地映射出这一幕。"
    },
    {
        "name": "ルドベキア",
        "message": "「啊、啊、团长，谢谢你\\n感觉很舒服，我很开心\\n嘿嘿，我的肚子和更深处都很高兴」"
    },
    {
        "name": "ルドベキア",
        "message": "「唔、但是……溢出来了\\n对不起，团长……」"
    },
    {
        "message": "不用在意，我抚摸着她的大腿作为回报。\\n她曾经那么拼命地回报给我。\\n根本没有什么好抱怨的。"
    },
    {
        "name": "ルドベキア",
        "message": "「原来如此……我，成功地回报了呢\\n让你看到了感觉很舒服的地方\\n团长的事情也让我感觉很舒服♪」"
    },
    {
        "message": "在抚摸她的大腿时，金光菊露出了迷人的微笑。\\n她传达给我的幸福表情是如此明显。"
    },
    {
        "name": "ルドベキア",
        "message": "「而且，又让我感到幸福了♪\\n和阿姬姐姐给予的幸福完全不同……嘿嘿，好开心啊\\n以后也请多多、给我、幸福吧♪」"
    }
]