[
    {
        "name": "イリス",
        "message": "「嗯，嗯嗯嗯……噗哈啊」"
    },
    {
        "message": "寝室里一片寂静。\\n埋头在被子里的伊丽丝慢慢露出了脸。"
    },
    {
        "name": "イリス",
        "message": "「睡不着呀\\n啊啊，武，现在会是怎么样呢？」"
    },
    {
        "name": "イリス",
        "message": "「嘻嘻，说不定他一个人也会感到孤单呢」"
    },
    {
        "name": "イリス",
        "message": "「……其实，我也觉得有点孤单」"
    },
    {
        "message": "香蕉海洋总是热闹而充满乐趣。"
    },
    {
        "message": "虽然海景美丽，居住舒适，伊丽丝也很喜欢这里，\\n但总会不经意地想起。"
    },
    {
        "name": "イリス",
        "message": "「如果武也在的话肯定会更有趣的……」"
    },
    {
        "message": "一边抱怨着，一边随意地环顾房间，\\n她的目光落在附近的小架上摆放的圆柱状摆件上。"
    },
    {
        "name": "イリス",
        "message": "「这个形状，这个长度……嗯，或许正合适！」"
    },
    {
        "message": "伊丽丝满怀好奇心，眼中闪烁着光芒，兴致勃勃地伸手到内裤里。"
    },
    {
        "name": "イリス",
        "message": "「嗯……嗯，唉呀……有点难啊～\\n喂，你给我老实点～……就差一点了，\\n这样做……嗯啊啊！」"
    },
    {
        "name": "イリス",
        "message": "「啊，嗯，呼呼……来了……\\n硬硬的东西进入了我的小穴……嗯，啊，哈啊啊～！」"
    },
    {
        "message": "伊丽丝慢慢地将手中的摆件……一种仿制品缓缓沉入阴道内。"
    },
    {
        "message": "即使没有接触到阴部，体内却已经湿润不已，尽管突然插入体内，\\n冰冷的异物感触及阴道深处，身体也不由自主地颤抖起来。"
    },
    {
        "name": "イリス",
        "message": "「呼，咕，比想象中还要好呢\\n虽然不如真的那么好但是能够达到最深处……\\n哈，感觉真不错」"
    },
    {
        "name": "イリス",
        "message": "「嗯，呼，动起来了……无法停下来」"
    },
    {
        "message": "伊丽丝配合着自己的手势，扭动着腰部将仿制品拉进拉出。"
    },
    {
        "name": "イリス",
        "message": "「最近，想要的时候都会和武在一起……\\n哈，嘿……感觉好像是很久没这样了……」"
    },
    {
        "name": "イリス",
        "message": "「来到这里之前，嗯，哈啊，嗯嗯……满脑子都是武的鸡巴，\\n做了好多好舒服的事情呢」"
    },
    {
        "name": "イリス",
        "message": "「这样把小穴，哦，哦呃……嗯！\\n被搅得好舒服……咕唬，嗯，哈！」"
    },
    {
        "message": "随着她的动作，淫靡的水声在房间里回荡。"
    },
    {
        "name": "イリス",
        "message": "「我撒娇求他的时候，他总是一副不满的表情……啊哈，其实他心里是很高兴的～♪」"
    },
    {
        "name": "イリス",
        "message": "「嗯呼，啊，啊，好……\\n一边想着武一边做真的好舒服♪\\n小穴湿湿地……唔唬，嗯，哈……！」"
    },
    {
        "message": "她觉得想象着身处异世界的心上人一起会让自己倍感愉悦，\\n伊丽丝仿佛他就在那里一样，在心中默念着话语摇动着腰。"
    },
    {
        "name": "イリス",
        "message": "「啊，哈……嗯嗯……武也很舒服吧？\\n用鸡巴搅动我的肚子里感觉很舒服吧？」"
    },
    {
        "name": "イリス",
        "message": "「这样紧紧地夹住他的话武就会马上变得无法自持呢」"
    },
    {
        "name": "イリス",
        "message": "「接着就开始激烈地报复一样……啊，呼！\\n这、这样够了吗……还是说，咕唬，啊，啊呃！\\n用肉棒这么强烈地顶进来是吗」"
    },
    {
        "message": "阴道内渐渐变得像人体温那样热，更增添了伊丽丝自慰行为的真实感。"
    },
    {
        "name": "イリス",
        "message": "「嗯，呼，啊……啊呃！\\n胸部也很舒服，呼，呼，嗯，哈啊」"
    },
    {
        "name": "イリス",
        "message": "「这个，好舒服……嘿，嗯呃，哈\\n喜欢被摸胸部和小穴的感觉，\\n没办法嘛」"
    },
    {
        "name": "イリス",
        "message": "「因为被武摸着很舒服嘛\\n哈、哈啊……嗯呃、嗯呃、唔唬、哈唬、吱、乳头也是！\\n被粗鲁对待的话我会、哈啊、哈啊……喷出来、唔唔舒服！」"
    },
    {
        "message": "一边自己揉捏着丰满的胸部，伊丽丝的表情越来越放松。"
    },
    {
        "name": "イリス",
        "message": "「啊呼、嗯、啊哈………哈唔、嗯唬、呼、唔唔唔！」"
    },
    {
        "message": "阴道内的注入物也逐渐适应了，不仅仅是简单地出入，\\n还加入了深入后扭动腰部等变化，贪婪地享受快感。"
    },
    {
        "name": "イリス",
        "message": "「涌出来的感觉无法停止……太棒了，太～棒♪」"
    },
    {
        "message": "床单上因阴道滴落的爱液留下淫秽的污渍，\\n但伊丽丝完全不在意事后的清理。"
    },
    {
        "message": "现在只专注于感觉舒适的事情。\\n一边沉浸在自慰之中——"
    },
    {
        "name": "イリス",
        "message": "「武，好舒服，武……武……\\n哈啊……但是，还是觉得不够，\\n这样完全不够。」"
    },
    {
        "name": "イリス",
        "message": "「啊呼，嗯，嗯，这样也很舒服……\\n如果武在的话，会亲吻我，和我说话，\\n还会更用力地摩擦我的小穴～……」"
    },
    {
        "name": "イリス",
        "message": "「哈、呜、嗯、武……我不要这种假货，\\n我想要平时那个……嗯、啊……那个肉棒才好……\\n为什么他不跟我一起过来呢，这家伙……」"
    },
    {
        "message": "伊丽丝一边抱怨着一边开始剧烈地扭动腰部。"
    },
    {
        "name": "イリス",
        "message": "「呜、咕……嗯、哈啊！\\n都怪你不在我的身边！」"
    },
    {
        "name": "イリス",
        "message": "「如果你在我身边的话……就能让我的小穴和你的肉棒更舒服地接触……唔、啊、哈啊♪」"
    },
    {
        "message": "她加大力度，让肉棒多次撞击子宫口，仿佛要将它抽离一般。"
    },
    {
        "message": "从连接处溢出的液体四处飞溅，伊丽丝发出了热烈的喘息。"
    },
    {
        "name": "イリス",
        "message": "「武只看着我一个人……哈啊、嗯、嗯！\\n没错……比小春她们……更……」"
    },
    {
        "name": "イリス",
        "message": "「作为海之王的我……能够如此……\\n对你表达好感，告诉你……喜欢你……啊啊♪」"
    },
    {
        "message": "木制床架发出尖叫声，\\n但伊丽丝的声音更大，\\n甚至可能传到其他房间。"
    },
    {
        "name": "イリス",
        "message": "「无所谓啦～就算被听到♪\\n这样的话，就算在那个世界的你也能听到……\\n我会大声呻吟给你听～！」"
    },
    {
        "name": "イリス",
        "message": "「啊呀、哈啊、嗯、啊、嗯嗯！\\n这样扭动角度擦得很舒服……！」"
    },
    {
        "name": "イリス",
        "message": "「啊呜！啊、啊、嗯、呼呜、啊哈哈啊！\\n还、还不够……会变得更舒服的……\\n我的整个人都好像要飞走一样……」"
    },
    {
        "message": "与抽插动作相呼应，对胸部的爱抚也更加用力。\\n手指间挤出乳肉，猛烈地揉搓，\\n伊丽丝的声音变得更加切齿。"
    },
    {
        "name": "イリス",
        "message": "「嗯咿！哈呜……啊！啊！哎呀！」"
    },
    {
        "name": "イリス",
        "message": "「好、啊、啊、好舒服、好厉害！\\n小穴感觉好棒，充满了……\\n嗯、呀！啊！哈！」"
    },
    {
        "name": "イリス",
        "message": "「嗯啊、不行了……嗯、快、哈、哈、哈……！！」"
    },
    {
        "message": "在忍耐着紧绷的极致欲望后，\\n在最佳时机将阴道顶端刺入最深处。"
    },
    {
        "name": "イリス",
        "message": "「咿呀！？啊、啊、来了来了！\\n武，我不行了，\\n来了来了来了！！」"
    },
    {
        "name": "イリス",
        "message": "「呜呀，啊，啊哈哈哈哈哈！？」"
    },
    {
        "message": "伊丽丝全身僵硬地将阴茎吞没到根部。"
    },
    {
        "message": "一股如海啸般的快感包裹着她。\\n用无法动弹这个表达或许更贴切。"
    },
    {
        "name": "イリス",
        "message": "「啊、嗯……嗯、好厉害……\\n嗯……呜，小穴在抖动着，\\n紧紧地，麻痹得……♪」"
    },
    {
        "message": "她会保持这种状态多久呢。"
    },
    {
        "name": "イリス",
        "message": "「嗯……咕噜、唔唔唔」"
    },
    {
        "message": "伊丽丝终于将张形从阴道中拔出，长舒一口气。"
    },
    {
        "name": "イリス",
        "message": "「嗯咦咦，我的声音……会传达过去吗～♪」"
    },
    {
        "message": "虽然不清楚伊丽丝的心意是否传达给了武，\\n但就在这之后，小春因为吵闹而无法入睡，\\n前来抱怨。"
    }
]