[
    {
        "message": "还不到睡觉的时间。\\n轻轻的敲门声响起，我打开门，\\n看到了一脸困惑的肿柄菊站在那里。"
    },
    {
        "name": "チトニア",
        "message": "「那个……那个……」"
    },
    {
        "message": "我让她进了房间，等待着肿柄菊开口。\\n然而，无论等待多久，肿柄菊都没有说出有意义的话来。"
    },
    {
        "name": "チトニア",
        "message": "「团长大人……」"
    },
    {
        "message": "肿柄菊用一副悲伤的表情伸出双手，\\n仿佛在说想要拥抱我。"
    },
    {
        "message": "肿柄菊如此坚定地表达自己的意愿实在是罕见。\\n她并没有刻意做出笑容，这对她来说是一个好兆头。\\n但是，在这样的时间点，她是否明白男女在卧室拥抱的含义呢？"
    },
    {
        "name": "チトニア",
        "message": "「……」"
    },
    {
        "message": "肿柄菊的眼中充满了决心。\\n她的眼神无声地诉说着她明白自己为何而来。"
    },
    {
        "name": "チトニア",
        "message": "「啊……」"
    },
    {
        "message": "我轻轻地拥抱着肿柄菊，她满脸幸福地微笑着。\\n那是我从未见过的幸福满溢的笑容。"
    },
    {
        "name": "チトニア",
        "message": "「唔……嗯……啊……！」"
    },
    {
        "message": "我慢慢地将肿柄菊放在床上，然后慢慢地插入。\\n但是当龟头进入时，她坚决地拒绝了更深的侵入。"
    },
    {
        "message": "稍微抽出来，我的阴茎上沾满了肿柄菊第一次的证明，微微泛红。"
    },
    {
        "name": "チトニア",
        "message": "「嗯……哈啊……呵呵」"
    },
    {
        "message": "肿柄菊忍受着处女膜破裂的疼痛，从不说疼，反而微笑着回应。\\n但是，如果继续插入她紧张僵硬的身体，她的痛苦只会增加。"
    },
    {
        "name": "チトニア",
        "message": "「啊……」"
    },
    {
        "message": "为了缓解肿柄菊的紧张，我伸手摸向了她的乳房。"
    },
    {
        "name": "チトニア",
        "message": "「啊……啊……嗯……团长大人……手指……啊……嗯……」"
    },
    {
        "message": "每当用指尖轻抚着柔滑的隆起，肿柄菊都会敏感地做出反应。"
    },
    {
        "name": "チトニア",
        "message": "「好像……团长大人，轻抚着胸部的时候……\n身体就会，酥酥麻麻的……」"
    },
    {
        "name": "チトニア",
        "message": "「这种感觉，好奇怪……\n但是，并不讨厌……」"
    },
    {
        "message": "肿柄菊虽然扭动着身体，却接受了爱抚。"
    },
    {
        "name": "チトニア",
        "message": "「啊呜！嗯！」"
    },
    {
        "message": "用整个手掌覆盖住了肿柄菊的乳房，传来了温暖而柔软的触感。"
    },
    {
        "name": "チトニア",
        "message": "「团长大人……嗯，酥酥麻麻的感觉……\n慢慢地，变得更强烈……嗯啊……」"
    },
    {
        "name": "チトニア",
        "message": "「团长大人，这……是什么？」"
    },
    {
        "message": "一边低语着这是愉悦的快感，一边温柔地揉捏着乳房。"
    },
    {
        "name": "チトニア",
        "message": "「这个……嗯……感觉，好舒服……快感……」"
    },
    {
        "message": "一边点头应着脆弱地低语的肿柄菊，一边将手指沉入她的乳房。\n每一次，她的身体都会轻微颤抖。"
    },
    {
        "name": "チトニア",
        "message": "「嗯……哈啊，我……被团长大人揉胸部……\n感觉，好，好舒服……啊啊！」"
    },
    {
        "message": "用手指捏住胀起的乳头，肿柄菊发出异常大的声音。"
    },
    {
        "name": "チトニア",
        "message": "「那里，哈……嗯……呼呼，好敏感！\n嗯……这么，大……好害羞……」"
    },
    {
        "message": "脸红的肿柄菊用双手遮掩着鼓起的乳头。"
    },
    {
        "message": "抓住肿柄菊的双手轻柔地按在床上，\n她也不再试图继续遮掩。"
    },
    {
        "name": "チトニア",
        "message": "「啊……嗯嗯呜！那样、用舌头、怎么……！」"
    },
    {
        "message": "按住手腕用舌头玩弄乳头，肿柄菊扭动着腰。"
    },
    {
        "name": "チトニア",
        "message": "「啊，团长大人，嗯，哈啊，哈啊，乳头，好舒服，啊……！\n舌头，嗯，啊呀，团长大人的，舌头，好舒服，好舒服……！」"
    },
    {
        "name": "チトニア",
        "message": "「这样弄的话，嗯……腰部，哈啊，哈啊，就会不由自主地动起来……」"
    },
    {
        "message": "在她因快感而扭动的妖艳姿态下，阴茎变得更加坚挺。\n看到这一幕，她的阴道已经开始因爱液而变得湿润。"
    },
    {
        "message": "于是再次将阴茎插入她的阴道。"
    },
    {
        "name": "チトニア",
        "message": "「啊……啊……啊……！」"
    },
    {
        "message": "或许是因为乳房被爱抚而放松了紧张的神经吧。\n虽然在穿过狭窄的部位时有些许阻力，但阴茎顺利地完全插入了。"
    },
    {
        "name": "チトニア",
        "message": "「那么大的、团长大人的……全部……都进去了……呵呵」"
    },
    {
        "message": "我幸福地笑着，抚摸着肿柄菊的头。"
    },
    {
        "name": "チトニア",
        "message": "「嗯……虽然被抚摸着很高兴……\n但我也希望团长大人能感到舒适……」"
    },
    {
        "message": "听着肿柄菊坚定的话语，我慢慢地开始扭动腰部。"
    },
    {
        "name": "チトニア",
        "message": "「啊，嗯……啊……嗯……出入，嗯……贴近，分开，嗯，这样……摩擦着，嗯……哈啊，哈啊……」"
    },
    {
        "name": "チトニア",
        "message": "「啊……团长大人，嗯……背脊发凉的感觉，又来了，嗯！\n哈啊，哈啊……嗯……哈啊，哈啊……」"
    },
    {
        "message": "肿柄菊的呼吸中开始混杂着快感的色彩。\n每一次抽送，沾满爱液的性器相互摩擦发出了模糊的水声在房间中回荡。"
    },
    {
        "name": "チトニア",
        "message": "「团长大人动起来时，哈啊，哈啊，感觉很舒服……嗯！\n哈啊，哈啊，感觉真好……团长大人！」"
    },
    {
        "message": "听着肿柄菊如实报告快感的样子，我感到兴奋不已，\n情不自禁地加快了抽插的速度。"
    },
    {
        "name": "チトニア",
        "message": "「啊、啊、嗯！ 团长大人、快、快一点、嗯！\n哈、嗯、变得更快了、更多摩擦！\n喷涌喷涌地、摩、擦着！」"
    },
    {
        "name": "チトニア",
        "message": "「这就是快感……！ 嗯、哈啊、哈啊、嗯、啊、嗯！\n哈啊、哈啊、我在感受着快感呢！」"
    },
    {
        "message": "我靠近肿柄菊的耳边询问她更希望被爱抚的是乳房还是里面。"
    },
    {
        "name": "チトニア",
        "message": "「诶！？哪、哪一个？是哪一个，呃，呃，嗯……\n嗯，呵，呵……嗯！嗯！」"
    },
    {
        "message": "为了让她回忆起乳房的快感，\n我轻轻地弹动乳头，用舌头来回舔舐。"
    },
    {
        "name": "チトニア",
        "message": "「啊啊！啊啊！啊啊！咕、嗯！\n乳头，啊啊！\n啊，那个，团长大人！\n那个，感觉真好！」"
    },
    {
        "message": "身体扭动的肿柄菊的腰部不停地颤动着，紧紧地夹住着阴茎。\n这次我轻柔地敲击着她敏感的阴道深处。"
    },
    {
        "name": "チトニア",
        "message": "「嗯，啊啊！\n嗯，感觉，好、好舒服、啊！\n深处，最深处、呵、呵、碰到了、嗯、碰到了！」"
    },
    {
        "name": "チトニア",
        "message": "「呵、呵、嗯、呵、无法选择、嗯、呵、无法选择出来、啊！\n感觉太舒服了，嗯、呵、呵、哪一个，啊！\n嗯、啊、嗯！」"
    },
    {
        "message": "为了让肿柄菊更容易分辨，我一边爱抚她的乳房，一边用力抽送。"
    },
    {
        "name": "チトニア",
        "message": "「啊啊啊啊！两个都好！感觉真好！\n呵、呵、胸部也是团长大人的东西\n两个都很舒服！要发疯了！」"
    },
    {
        "name": "チトニア",
        "message": "「团长大人，请，请\n两个都要让我舒服\n请吧！」"
    },
    {
        "message": "这是肿柄菊第一次说出来的，她的选择。\\n为了满足她的要求，我忍住涌上心头的射精感，\\n一边爱抚着乳房，一边猛烈地抽送。"
    },
    {
        "name": "チトニア",
        "message": "「啊、激烈、嗯嗯！好激烈！\\n胸部、里面、感觉，哈啊、哈啊、嗯、好舒服！\\n两边、嗯、嗯、啊！哈啊、感觉，很好，呜呜！」"
    },
    {
        "name": "チトニア",
        "message": "「啊、嗯嗯！团长大人，我、我是什么，这个！\\n啊啊啊！要到了！要到了！」"
    },
    {
        "name": "チトニア",
        "message": "「发热的，好厉害，啊啊、嗯嗯！大的，来了！\\n这个，好可怕！好可怕！\\n我好像不是我了，哪里去了，嗯、好像要失控了！」"
    },
    {
        "message": "在耳边轻声细语着因为我在你身边所以没关系，微笑着对肿柄菊说。"
    },
    {
        "name": "チトニア",
        "message": "「嗯、啊啊、好的、嗯啊啊！\\n团长大人在身边，感到安心，嗯、很安心！\\n啊、啊啊、要到了！团长大人，我、啊啊！」"
    },
    {
        "message": "无法忍受肿柄菊紧紧夹住的阴道的刺激，\\n我在阴道最深处释放了射精的渴望。"
    },
    {
        "name": "チトニア",
        "message": "「不行，我、团长大人，我、我、啊啊啊啊！」"
    },
    {
        "name": "チトニア",
        "message": "「啊、哈哈、啊啊……」"
    },
    {
        "message": "肿柄菊的阴道在达到顶点时，像挤取精液一样收缩着。\\n在那快感中，所有的精液都被迅速释放了出来。"
    },
    {
        "name": "チトニア",
        "message": "「哈啊、哈啊……哈啊、哈啊……团长大人的……好多……都在里面……」"
    },
    {
        "message": "肿柄菊虽然第一次达到了顶点，但脸上露出了满足的表情。"
    },
    {
        "name": "チトニア",
        "message": "「团长大人也感到舒服，这是证明吧……？\\n我很高兴……」"
    },
    {
        "name": "チトニア",
        "message": "「因为团长大人在身边，虽然有点害怕，但没事的……嗯……」"
    },
    {
        "message": "我轻轻地吻了一下微笑的肿柄菊，然后问她还有什么其他想要做的。"
    },
    {
        "name": "チトニア",
        "message": "「那个……那个……」"
    },
    {
        "message": "就像刚进房间时一样，肿柄菊开始犹豫起来。"
    },
    {
        "name": "チトニア",
        "message": "「团长、大人……」"
    },
    {
        "message": "刚在心里觉得还有点难度，她微笑着接着说道。"
    },
    {
        "name": "チトニア",
        "message": "「我想要团长大人摸摸我的头……」"
    }
]