[
    {
        "name": "ハイビスカス",
        "message": "「啊咕……！ 嗯咕、咕……！ 哈，进来了……！」"
    },
    {
        "message": "在晒得很漂亮的皮肤中，淡粉色的秘裂颤抖着吞噬着阴茎直至根部。"
    },
    {
        "message": "连接处溢出一丝红血，沿着小巧的臀部流淌而下。"
    },
    {
        "name": "ハイビスカス",
        "message": "「啊……哈啊……！ 啊，啊啊……我、我的阴、阴阴阴道……\n团长的阴、阴茎……塞得好大……\n嗯、嗯嗯……」"
    },
    {
        "message": "凝视着被撕开的秘裂，脸上涌起火热。"
    },
    {
        "message": "或许是因为说了淫秽的词语，她略显不自在地低下了头。"
    },
    {
        "name": "ハイビスカス",
        "message": "「嗯啊？ 嗯……嗯咕……！」"
    },
    {
        "message": "受到收缩的阴肉追逐异物想要排出的刺激，阴茎狂暴地扭动。"
    },
    {
        "message": "朱槿轻轻地咬着下唇，斜眼看向我。"
    },
    {
        "name": "ハイビスカス",
        "message": "「这、这样的肉棒让我……嗯，啊……\n我的小穴，这么舒服吗……？」"
    },
    {
        "message": "微微点头，嘴角渐渐上扬。"
    },
    {
        "name": "ハイビスカス",
        "message": "「是、是吗……嘿嘿♪」"
    },
    {
        "message": "高兴地眯起双眼，\n双手牢牢地撑在地面上，慢慢抬起臀部。"
    },
    {
        "name": "ハイビスカス",
        "message": "「嗯，哈啊……\n那、那我就让你更好地品尝我的小穴……♪\n然后……不、不要……\n让自己更舒服一些……？」"
    },
    {
        "message": "说完的瞬间，抬起的臀部重重落下，\n将阴茎吞没至阴道深处。"
    },
    {
        "message": "然后连续用力摇摆着臀部。"
    },
    {
        "name": "ハイビスカス",
        "message": "「啊，啊啊！ 团长的肉棒，有点粗糙……\n在我的小穴里磨得好厉害……嗯，嗯咕！」"
    },
    {
        "name": "ハイビスカス",
        "message": "「喷涌着进出着……啊，啊呜！\n好、好淫荡啊……」"
    },
    {
        "message": "羞怯地垂下眉毛，喘着热气。"
    },
    {
        "message": "随着腰部的摆动，乳房上下左右摇曳不定。"
    },
    {
        "name": "ハイビスカス",
        "message": "「啊，啊，啊……！\n肉棒，又在抽插♪ 呀……哈啊……」"
    },
    {
        "name": "ハイビスカス",
        "message": "「你觉得我的小穴好吃好吃的吗……？\n哈呼，哈呼呢！ 嗯、好高兴……」"
    },
    {
        "message": "似乎展现出了她天生的适应能力，\n微微一笑间并不显得疼痛。"
    },
    {
        "message": "反而沉浸在性行为中，\n看起来兴奋异常。"
    },
    {
        "name": "ハイビスカス",
        "message": "「啊、嗯……嗯！\n呵呵♪ 把小穴夹得紧紧的……♪」"
    },
    {
        "name": "ハイビスカス",
        "message": "「然后……嗯、嗯呜……！\n把、把团长的肉棒……\n更加用力地夹住它♪ 啊哈啊！」"
    },
    {
        "message": "不再羞怯地说出淫秽的言语，\n并主动向上扭动骨盆。"
    },
    {
        "message": "阴道吞噬着阴茎的景象，\\n仿佛在展示一般。"
    },
    {
        "name": "ハイビスカス",
        "message": "「嗯、啊……♪\n啊，那个……为什么小穴会有点刺痛呢……？」"
    },
    {
        "message": "眼神变得炽热，小腹不断地抽搐。"
    },
    {
        "message": "扎进地面的双臂不断颤抖，\\n上身多次快要倒下。"
    },
    {
        "message": "面对阴道内部的蠢动想要将阴茎吸入更深处，\\n忍不住反射性地扭动了腰部。"
    },
    {
        "name": "ハイビスカス",
        "message": "「啊、啊啊！　为、为什么突然这样！？\\n啊、啊♪ 不、不行呀……！\\n肉棒这样一下一下地顶着小穴的深处，\\n头都麻痹了，哈哈……\\n力气都没了呀～……！」"
    },
    {
        "name": "ハイビスカス",
        "message": "「啊、哈哈、哈啊！\\n不、不行我说……我要让团长感觉舒服的……\\n啊、啊！ 我才不会输呢……！！」"
    },
    {
        "message": "仿佛被某种使命感驱使着，咬紧牙关，\\n用屁股撞击着下体，大幅度地摇晃着腰部。"
    },
    {
        "name": "ハイビスカス",
        "message": "「嗯哈啊、啊啊！ 我、我才不会输的，绝对不会输的！\\n啊呜、哈啊！ 我一定要让团长先……嗯嗯……\\n让他高潮起来……！！」"
    },
    {
        "name": "ハイビスカス",
        "message": "「舒服地抽送着……哈啊哈啊……\n你可得专心地对着我的小穴……！」"
    },
    {
        "message": "大量的爱液从连接处滴落，\n丰满的凸起使乳头变得坚硬尖锐。"
    },
    {
        "message": "彼此配合着腰部的动作，\n自然而然地争先恐后地看谁能更快地高潮。"
    },
    {
        "name": "ハイビスカス",
        "message": "「嗯、嗯呵♪ 团长还真是有一手……呢？\n但、但是，差不多也到极限了吧？」"
    },
    {
        "name": "ハイビスカス",
        "message": "「那么，停下腰部的动作，\n老老实实地对待我的小穴吧……！\n啊、啊唉、嗯咕！」"
    },
    {
        "name": "ハイビスカス",
        "message": "「在小穴里紧紧地夹住肉棒，\n快速地来回摩擦，嗯、哈啊！\n一定非常非常舒服吧～？」"
    },
    {
        "message": "她露出了一丝嘲讽的微笑，但脸颊却松弛下来。"
    },
    {
        "message": "奋力想要掌控主动权，\n但当肉棒顶到子宫口时，\n她立刻就从腰部失去了力气。"
    },
    {
        "name": "ハイビスカス",
        "message": "「啊、啊啊、啊啊啊……！\n那、那里、被顶到了、头都麻痹了、\n什么都做不了了……！ 嗯、嗯咕咕～！」"
    },
    {
        "name": "ハイビスカス",
        "message": "「不、不行……我、我要输了！？\n这样下去，就要输给团长了……！\n啊、啊呜呼、嗯呜嗯！」"
    },
    {
        "message": "最初的从容态度消失，任由着肉棒不断顶入。"
    },
    {
        "message": "踩踏着地面的双腿微微颤抖，\n坐在地上的臀部发出扑通一声。"
    },
    {
        "message": "她的身体被抽送得像弹簧一样，\n腰部不断撞击着。"
    },
    {
        "name": "ハイビスカス",
        "message": "「啊、啊啊！？太、太猛了……！？\n好、好舒服……！\n竟然被团长先……！」"
    },
    {
        "name": "ハイビスカス",
        "message": "「不要啊～！我、我想让团长舒服的……\n想让团长感觉舒服的……嗯哈啊啊♪」"
    },
    {
        "message": "终于承认了自己的失败，\n背脊仰起的同时睁大了双眼。"
    },
    {
        "message": "全身轻微颤抖，\n她疯狂地不断扭动着腰部。"
    },
    {
        "name": "ハイビスカス",
        "message": "「啊……要高潮了！\n从肚子深处涌上来的热烈感觉……\n啊呜呜呜呜！」"
    },
    {
        "name": "ハイビスカス",
        "message": "「啊、嗯嗯……啊、啊啊啊啊啊啊！？」"
    },
    {
        "message": "然后用龟头磨擦子宫口，身体如同弹簧般迎来了高潮。"
    },
    {
        "message": "瞬间，阴道变得紧窄，阴道壁紧贴着整根肉棒，不断揉搓着。"
    },
    {
        "message": "在这强烈的刺激下，朱槿无法忍受，热熔岩顺着尿道涌了上来。"
    },
    {
        "name": "ハイビスカス",
        "message": "「呜嘤～♪\n明明已经高潮了，却还被灌注着热鸡巴奶～♪\n啊呼、啊嘿！？」"
    },
    {
        "name": "ハイビスカス",
        "message": "「不行不行不行～！？\n被让我尝到这么舒服的滋味，\n我、我要发疯了呜哇哇哇～！？\n呜嘤嘤嘤嘤～♪」"
    },
    {
        "message": "接受了大量精液的注入，在颤抖中伸出舌头。"
    },
    {
        "message": "阴部仍在颤抖着，拼命地试图吞下精液。当射精结束时，她的眼神开始变得模糊。"
    },
    {
        "name": "ハイビスカス",
        "message": "「果、果然团长……嗯、嗯呼♪\n我、我完全失败了呢……♪」"
    },
    {
        "name": "ハイビスカス",
        "message": "「咕、虽然很遗憾……但、总觉得有点高兴……啊啊……\n队长果然还是厉害啊……哈呼呼……」"
    },
    {
        "message": "像整理呼吸一样，深深地呼出一口热气。"
    },
    {
        "name": "ハイビスカス",
        "message": "「啊……啊……下次也来玩个色色的游戏吧……？\n这次可不会输了哦……♪」"
    },
    {
        "message": "妖艳的微笑浮现，闭上一只眼的瞬间，\n阴茎颤栗，残留在阴道中的精液流了出来。"
    }
]