[
    {
        "name": "サテラ",
        "message": "「希尔说，从兰斯那里买来的，是这个世界的商人。但真的能用这个来判断体质吗？」"
    },
    {
        "name": "サテラ",
        "message": "「用这种东西……那、那个……在那里……进出，然后判断，这不可能……」"
    },
    {
        "message": "莎提拉一边脸涨得通红，一边凝视着希尔给她的张形。本来是不可能使用这样的东西的。"
    },
    {
        "message": "但是，这是希尔为了莎提拉而购买的东西，她不能无视她的心意。"
    },
    {
        "name": "サテラ",
        "message": "「为了不让任何人来，凯撒在外面待命……没、没办法，试试看吧……」"
    },
    {
        "message": "莎提拉趴在地上，露出了下体并将张形放在上面。当突起物触碰到花瓣表面时，她的肩膀猛地抽搐了一下。"
    },
    {
        "name": "サテラ",
        "message": "「咿呜！呜、呜呜！呜呜、果然好疼……！」"
    },
    {
        "message": "或许是因为敏感的体质，莎提拉只是轻轻放进去就感觉剧烈。下半身开始抽搐，脸也变得通红。"
    },
    {
        "name": "サテラ",
        "message": "「我可是魔人啊……为什么要做这种事……可、可恶……啊啊，不行了……」"
    },
    {
        "name": "サテラ",
        "message": "「进来……咕……！ 唔，好、好大……！」"
    },
    {
        "message": "莎提拉嘴里虽然发出了怨言，但她设法克制住，\\n当张形完全插入阴道后，她暂时从假阳具上抽出手指。"
    },
    {
        "message": "就在张形完全插入到根部的瞬间，阴道口就开始流出爱液。\\n看到这一幕，莎提拉的身体变得绷紧。"
    },
    {
        "name": "サテラ",
        "message": "「因、因为身体太敏感了……！\\n哈、哈、哈哈……可、可恶……嗯嗯嗯！」"
    },
    {
        "message": "为了平复情绪和快感的激动，莎提拉不断深呼吸。\\n然而，即使什么都没做，下腹部也在热烘烘地颤动着。"
    },
    {
        "name": "サテラ",
        "message": "「这、这只是实验……为了确认莎提拉的能力是否能恢复原状……\\n可以把这当作副作用来思考……」"
    },
    {
        "name": "サテラ",
        "message": "「身体的反应也不是莎提拉的错……不是我的错……」"
    },
    {
        "message": "仿佛在自我约束，同时又像是在对自己说服，\\n莎提拉不断重复着这些话语。"
    },
    {
        "message": "最终仿佛下定决心一般，她重新抓住了假阳具。"
    },
    {
        "name": "サテラ",
        "message": "「呼……来了……动一下……唔……」"
    },
    {
        "name": "サテラ",
        "message": "「慢慢地，不要一下子全部进去……」"
    },
    {
        "message": "战战兢兢地，慢慢地将物体抽送到阴道深处。\\n然而，满溢的润滑油让阴道内即使稍微用力\\n也轻易地吞噬了这个异物，出乎意料。"
    },
    {
        "name": "サテラ",
        "message": "「现在！为、为什么这么湿润……唔唔！\\n不、不行……太滑了，进到深处了……唔唔唔！」"
    },
    {
        "message": "莎提拉的腰部上下摇摆，全身再次僵硬。"
    },
    {
        "name": "サテラ",
        "message": "「啊、呜……为、为什么这么滑腻呢……！\\n莎提拉，只动了一点点……」"
    },
    {
        "name": "サテラ",
        "message": "「这、这样下去，会出事的……\\n现在就停下来……」"
    },
    {
        "message": "试图将莳萝从阴道中取出，但莎提拉停止了动作。\\n考虑到自己的身体，还有席尔为了自己买的这个东西，\\n中途放弃是不可能的。"
    },
    {
        "name": "サテラ",
        "message": "「直到效果显现出来之前，都不能停下来……\\n嗯、呼呼、啊啊……」"
    },
    {
        "message": "细心地注意着，莎提拉重新开始移动着莳萝。"
    },
    {
        "message": "每当阴道内的张形来回移动时，她的腰也不由自主地上下摆动，\\n无法很好地进行抽送。"
    },
    {
        "name": "サテラ",
        "message": "「哈啊，啊，嗯嗯……！ 唔、好难……\\n因为从没用过这种东西……」"
    },
    {
        "name": "サテラ",
        "message": "「总之，莎提拉她、她从来没有做过这种事……」"
    },
    {
        "message": "只有和兰斯有过肌肤相亲的经历的莎提拉，并不了解自慰。\\n本能地察觉到这种行为是不对的。"
    },
    {
        "message": "但正因为觉得是不对的，好奇心涌现，\\n渐渐地她的动作变得更加积极起来。"
    },
    {
        "name": "サテラ",
        "message": "「啊、咕唔、嗯嗯嗯！ 这、这个……！\\n只是来回移动而已，却……！」"
    },
    {
        "name": "サテラ",
        "message": "「这、这声音压制不住……！\\n忍耐不住……嗯呜！」"
    },
    {
        "name": "サテラ",
        "message": "「哈、哈、哈、嗯咕唔唔！ 不、不行啊……这个，不行啊……」"
    },
    {
        "message": "再次莳萝试图停止莎提拉的出入，\\n但与莎提拉的意愿相反，腰部动了起来，手也停不下来。"
    },
    {
        "message": "仿佛在说想要更多刺激一样，张形不停地扭动着。"
    },
    {
        "name": "サテラ",
        "message": "「嗯呀！啊、啊啊啊啊啊！唔、嗯嗯嗯！\\n那、那样，为什么呜……！」"
    },
    {
        "name": "サテラ",
        "message": "「明明莎提拉并不想动，身体却自行反应了起来，\\n嗯呀、嘿、嗯嗯嗯唔唔！」"
    },
    {
        "message": "伴随着莎提拉的声音，莳萝的动作也变得更加激烈。\\n看着自己做出与思绪完全相反的事情，\\n她的脸颊更加泛起红晕。"
    },
    {
        "message": "明明对这种行为应该感到厌恶，\\n却发现自己被快感所吞没，莎提拉沉浸在自慰之中。"
    },
    {
        "name": "サテラ",
        "message": "「停、停下来、停、唔唔唔唔！\\n啊、啊啊、感觉好舒服，停不下来……！」"
    },
    {
        "name": "サテラ",
        "message": "「这、这种事情，莎提拉只能和兰斯……唔唔唔！」"
    },
    {
        "message": "一提到兰斯的名字，她的全身仿佛因喜悦而抽搐。"
    },
    {
        "message": "更多快感袭击着莎提拉，她的手自然而然地加快了动作。\\n仿佛在寻求着什么一样。"
    },
    {
        "name": "サテラ",
        "message": "「可、可恶，兰斯，兰斯！\\n明明是莎提拉的使徒，还、还这么傲慢！」"
    },
    {
        "name": "サテラ",
        "message": "「总是发出愚蠢的笑声，而且还、还那么讨厌……！」"
    },
    {
        "message": "虽然一边说着兰斯的坏话，但莎提拉的表情却变得迷离，\\n更加猛烈地玩弄着自己的阴部。"
    },
    {
        "name": "サテラ",
        "message": "「但、但是，稍微用力一点，有时候，看起来很帅气……\\n莎提拉的第一次就是给了那家伙……」"
    },
    {
        "name": "サテラ",
        "message": "「诶、为、为什么，只要想到兰斯，\\n不、不行了，又……！」"
    },
    {
        "message": "莎提拉的腰再次颤动了起来。\\n轻微的高潮袭来，她愤怒地咬紧了牙关。"
    },
    {
        "name": "サテラ",
        "message": "「为、为什么……唔唔！这样做不行的\\n明明知道没有效果……」"
    },
    {
        "name": "サテラ",
        "message": "「必须停下来……但是……！」"
    },
    {
        "message": "花瓣上滴落着浓稠的液体，透露出莎提拉正经历着剧烈的感觉。"
    },
    {
        "message": "莎提拉从下方仰视自己的阴部，目光被花瓣吸引。仿佛陷入了其中。"
    },
    {
        "name": "サテラ",
        "message": "「这里的莎提拉，这么湿滑，这么不堪入目，还有液体……咕噜……」"
    },
    {
        "name": "サテラ",
        "message": "「会、会变成这样……吗……」"
    },
    {
        "message": "凝视着自己凌乱的身姿，莎提拉发出更加热烈的呻吟。"
    },
    {
        "name": "サテラ",
        "message": "「啊、哈啊、嗯啊、啊啊、呜呜！」"
    },
    {
        "message": "移动着张开的手变得比之前更加强烈而猛烈。紧接着，阴道收缩得更加剧烈。"
    },
    {
        "name": "サテラ",
        "message": "「就、就是这样，更加激烈地，兰斯，动起来……更加、粗鲁一点……」"
    },
    {
        "message": "她脑海中浮现的是与兰斯的初次行为。莎提拉的感受明显比刚才更加色情化。"
    },
    {
        "name": "サテラ",
        "message": "「啊啊啊！嗯嗯嗯嗯！\\n好、好厉害，深、用力地、顶住那里！」"
    },
    {
        "name": "サテラ",
        "message": "「啊啊，不行不行不行，这样下去，\\n莎提拉会坏掉的……！」"
    },
    {
        "message": "莎提拉的声音带着痛苦，臀部朝天空猛地一挺。"
    },
    {
        "message": "张形深入阴道深处，\\n敲击着子宫口，成为通往极致快感的引爆装置。"
    },
    {
        "name": "サテラ",
        "message": "「要、要来了，好厉害的感觉，要、要出来了……！\\n一想到兰斯，就会出来了！」"
    },
    {
        "name": "サテラ",
        "message": "「转、转啊转啊转啊！\\n嗯嗯，啊啊，啊呜，啊呜，嗯唔——！」"
    },
    {
        "name": "サテラ",
        "message": "「啊、啊啊啊啊！」"
    },
    {
        "message": "剧烈痉挛之后，莎提拉的阴道中流出爱液。\\n阳具因为强烈的夹紧而无法滑落出来。"
    },
    {
        "name": "サテラ",
        "message": "「啊、啊啊……这、这是……太厉害了……\\n什么都想不到……嗯嗯嗯！」"
    },
    {
        "message": "余波中仍在高潮，\\n床单下阴部处浮现出爱液的污渍。"
    },
    {
        "message": "今天最刺激的事情，莎提拉只能陶醉其中，\\n茫然地凝视着自己的阴部。"
    },
    {
        "name": "サテラ",
        "message": "「啊，啊啊……这种事……莎提拉……不明白……」"
    },
    {
        "name": "サテラ",
        "message": "「到底为什么，会做这种事……\\n原来是为了确认身体状况吗……」"
    },
    {
        "message": "想起了目的，本以为会因羞耻而颤抖，\\n但莎提拉却疲倦地凝视着深入阴道的张形。"
    },
    {
        "name": "サテラ",
        "message": "「……唉，等会再考虑吧……\\n现在太累了……」"
    },
    {
        "name": "サテラ",
        "message": "「……唉，都是因为有这种东西才……」"
    },
    {
        "message": "怨恨地看着张形，想要将其拔出。\\n然而，莎提拉停住了那只手。"
    },
    {
        "name": "サテラ",
        "message": "「……嘛，算了」"
    },
    {
        "message": "消失的声音低语着，莎提拉这次躺到了床上。"
    },
    {
        "message": "她的嘴角微微放松，\\n脑海中浮现出兰斯的身影。"
    }
]