[
    {
        "message": "一边拿着茶一边和指南菊交谈着。\\n再次向她表白我的好意。"
    },
    {
        "name": "シルフィウム",
        "message": "「团长是认真的，我理解\\n但是，现在只是这么想\\n就像一种错觉一样」"
    },
    {
        "name": "シルフィウム",
        "message": "「像我这样的女孩，反正很快就会厌倦的\\n还是找别的女孩比较好」"
    },
    {
        "message": "即使我坚持要指南菊，\\n她开始搜寻装有茶具的篮子。"
    },
    {
        "name": "シルフィウム",
        "message": "「今天准备了油\\n如果是平常的话，我会帮你做\\n那个话题就到此为止吧」"
    },
    {
        "message": "并不想结束谈话。\\n我抢过她手里的油并告诉她。\\n不是马上就会厌倦的对象，所以只用手是无法满足的。"
    },
    {
        "name": "シルフィウム",
        "message": "「相比手交，小穴更好吗？\\n对于简单的性处理来说，我更适合\\n并不是团长喜欢可爱地呻吟的女孩」"
    },
    {
        "message": "喜好并非如此。\\n而且，如果立场颠倒过来应该会有变化才对。"
    },
    {
        "name": "シルフィウム",
        "message": "「我要是可爱地呻吟什么的，团长你的想法真是古怪\\n好吧，我陪你」"
    },
    {
        "message": "指南菊一脸不变地走上床。\\n我也开始准备进行行为。"
    },
    {
        "message": "让她趴在那里，突出美臀。\\n将涂抹的油作为润滑剂，插入阴部。"
    },
    {
        "name": "シルフィウム",
        "message": "「嗯，进来了……被油弄得滑滑的」"
    },
    {
        "message": "张开淫靡的双唇。\\n油滑落到大腿，显得十分诱人。"
    },
    {
        "name": "シルフィウム",
        "message": "「啊，进到最里面了……依旧那么有存在感\\n这根鸡巴，无论插多少次都觉得很大」"
    },
    {
        "name": "シルフィウム",
        "message": "「说实话，我觉得不会变小\\n这样的尺寸对女人来说只能算是凶器」"
    },
    {
        "message": "明明说着大又紧，表情却没有变化。\\n一如既往地保持着凉爽的氛围。"
    },
    {
        "message": "这也是她的风格，但我也想看到她可爱地喘息。\\n即使不自觉地也充满了干劲。"
    },
    {
        "name": "シルフィウム",
        "message": "「总觉得她传递出了干劲\\n是因为想让我可爱地喘息吗」"
    },
    {
        "name": "シルフィウム",
        "message": "「稍微有点期待呢……会做出什么疯狂的事情呢」"
    },
    {
        "message": "虽然觉得这样说有点过分，但也不打算反驳。\\n毕竟，反驳也只是徒劳无功。"
    },
    {
        "name": "シルフィウム",
        "message": "「嗯，抓住了我的屁股\\n开始侵犯我的小穴了吧」"
    },
    {
        "message": "坐下来开始抽送。\\n每一次都细致地往里面戳。"
    },
    {
        "name": "シルフィウム",
        "message": "「嗯，嗯嗯，啊啊，刚开始就这么激烈\\n比平时更加有雄性的感觉」"
    },
    {
        "name": "シルフィウム",
        "message": "「其实，我就是想要这样猛烈一点\\n啊啊，呼，啊……唔」"
    },
    {
        "message": "并不一定非要用力摇动腰部。\\n只是现在想尽情地刺激一下。"
    },
    {
        "message": "不这样的话，她可能不会展现出平时不同的姿态。"
    },
    {
        "name": "シルフィウム",
        "message": "「可以责难多久都行……嗯嗯，呼呼，\\n无论射几次，我都不会抱怨」"
    },
    {
        "name": "シルフィウム",
        "message": "「但是……嗯嗯，这样会不会很快射精呢？\\n作为男人，不喜欢这么快就结束吗？」"
    },
    {
        "message": "从指南菊传来一种从容不迫的气息。\\n并非只是在故作镇定。"
    },
    {
        "message": "虽然发出喘息声，但还算温顺。\\n要让她发出娇喘声，似乎还不够刺激。"
    },
    {
        "name": "シルフィウム",
        "message": "「啊啊！还要更激烈……哈、呼、呼呼，\\n像是发情期的野兽……嗯、啊啊、嗯」"
    },
    {
        "name": "シルフィウム",
        "message": "「下次处理团长的时候会稍微加快节奏\\n因为我更喜欢那样……嗯嗯、啊啊！」"
    },
    {
        "message": "虽然已经轻微加速，但指南菊的状态并未改变。\\n看来需要改变刺激方式。"
    },
    {
        "name": "シルフィウム",
        "message": "「哈、嗯嗯……有点安静下来了……\\n差点就要……？」"
    },
    {
        "name": "シルフィウム",
        "message": "「但是，啊啊、呼啊、鸡巴的大小没有变\\n证明她在想些什么……嗯、啊」"
    },
    {
        "message": "果然是察觉力很敏锐。\\n如果对自己的好意也能如此敏锐就好了。"
    },
    {
        "name": "シルフィウム",
        "message": "「你打算做什么？啊呵、啊啊、\\n嗯、嗯啊啊、要做出多么奇怪的事情？」"
    },
    {
        "message": "将沾满油的食指覆盖在紧致的臀部肉上。\\n然后，将其移到暴露的肛门上。"
    },
    {
        "name": "シルフィウム",
        "message": "「肛门责难……果然是禽兽\\n女人的肛门被挖弄……嗯、啊」"
    },
    {
        "message": "这里也不算敏感吧。\\n但是，不试一下插入就不知道。"
    },
    {
        "message": "利用油的滑腻感，慢慢地侵入其中。"
    },
    {
        "name": "シルフィウム",
        "message": "「嗯嗯嗯！？！？」"
    },
    {
        "message": "一旦手指进入，阴道和肛门就收紧了。\\n肩膀抬起，全身都绷紧了。"
    },
    {
        "name": "シルフィウム",
        "message": "「嗯嗯！ 嗯！ 嗯咕！ 嗯嗯！ 呼呕！ 呼呜！」"
    },
    {
        "message": "指南菊开始扭动身体。\\n她用颤抖的手握住床单，发出无法形容的声音。"
    },
    {
        "name": "シルフィウム",
        "message": "「啊啊，嗯嗯，嗯嗯，啊呜啊！扭动着……屁股……呜呜！嗯嗯！嘿呜呜！\\n好了，好了……！呜呜！嗯嗯！哼呜呜！」"
    },
    {
        "message": "只是颤抖着，甚至连责骂的话语都没有传来。\\n阴道和肛门，紧紧地收缩着，仿佛已经达到了极致。"
    },
    {
        "message": "受到刺激的阴茎，热烈地滚动着。\\n随着愈发强烈的快感，抽送加速了起来。"
    },
    {
        "name": "シルフィウム",
        "message": "「肛门……哈哈……肛门，不行……呜呜！哼呜！」"
    },
    {
        "name": "シルフィウム",
        "message": "「不要再往里面塞了……\\n那里只是一个排泄器官……呼、呼、呼、呼啊啊……！」"
    },
    {
        "message": "就算被告知不行，也停不下来。\\n在感受直肠的收缩的同时，顶着吸吮般的感觉往里推进手指。\\n要确保根部也能牢牢地进入。"
    },
    {
        "name": "シルフィウム",
        "message": "「那样深入……\\n嗯嗯！哼哼！嘿呜呜！嗯嗯嗯！酷风兮兮的！」"
    },
    {
        "message": "毫不停顿地微微颤抖着插入的手指。\\n就像爱抚阴蒂时一样。"
    },
    {
        "name": "シルフィウム",
        "message": "「啊呜、哎呜、里面、别晃动……啊啊啊……别晃动啦……！」"
    },
    {
        "message": "平日那张从未有过破涕为笑的脸上滑落着泪水。\\n对于未曾体验的快感，身体似乎已经无法承受。"
    },
    {
        "message": "然而，享受快感的并不只有指南菊一人。\\n这边也逐渐感受到射精的瞬间即将来临。"
    },
    {
        "name": "シルフィウム",
        "message": "「嘿咻、嘿咻、嘿咻、嘿咻、嘿咻……肛门，不行啊……\\n别戏弄我……肛门，停下来啊啊……」"
    },
    {
        "message": "被恳求不要戏弄，反而更加想要戏弄。\\n明知道不应该捉弄对方。"
    },
    {
        "name": "シルフィウム",
        "message": "「啊呜、嗯呜、太难受了……肛门，好难受……」"
    },
    {
        "message": "就算被说是太难受，爱抚的手也没有停下来。\\n因为继续下去，能看到可爱的模样。"
    },
    {
        "name": "シルフィウム",
        "message": "「啊啊啊……好了好了……\\n团长有多认真，我知道了……」"
    },
    {
        "name": "シルフィウム",
        "message": "「只是性处理还不够让我满足，我知道了……\\n让我高潮吧……这样的事情……啊呼、呼……好难受……」"
    },
    {
        "message": "从表情看，并非在说谎。"
    },
    {
        "message": "应对她第一次的请求，我加大了抽送的力度。\\n就像是通过肛门的刺激来扩张收紧的阴道壁一样，我不停地摩擦着。"
    },
    {
        "name": "シルフィウム",
        "message": "「不、不要这么剧烈……\\n会坏掉的……肛门和阴道都会坏掉的……」"
    },
    {
        "name": "シルフィウム",
        "message": "「嗯咕、嗯咕、啊啊啊啊……感觉太强烈了……\\n要坏掉了……快坏掉了！」"
    },
    {
        "message": "感受着精液上涌的感觉。\\n毫不停歇地刺激，直奔极致。"
    },
    {
        "name": "シルフィウム",
        "message": "「感觉要变得奇怪了……不行，嗯咕咕咕！\\n不行的……别这么刺激我……嗯咕！嗯咕！咕咕！」"
    },
    {
        "name": "シルフィウム",
        "message": "「肛门、变得松弛了……嗯咕！嗯咕！嗯咕！\\n被撑得开了……啊啊啊！ 嗯呢！ 哈啊、啊啊啊！」"
    },
    {
        "name": "シルフィウム",
        "message": "「不要啊啊啊啊！！」"
    },
    {
        "name": "シルフィウム",
        "message": "「啊啊啊啊！！ 嗯啊！ 嗯呢呢呢！\\n明明说会坏掉的……」"
    },
    {
        "message": "随着高潮，阴道紧紧地挤压着阴茎。\\n在承受着如此强烈的刺激之际，我发出炽热的喘息。"
    },
    {
        "message": "我将指南菊拉近，让其顶端与子宫口紧密贴合。\\n收缩太过强烈，稍有放松就感觉意识要被席卷。"
    },
    {
        "name": "シルフィウム",
        "message": "「呼呜、嗯咕、团长的疯狂……\\n肛门，刺激过度了……！」"
    },
    {
        "message": "肛门的刺激产生了效果。\\n指南菊的高潮无法停止。\\n无论射出多少精液，它都迫切地渴望着。"
    },
    {
        "name": "シルフィウム",
        "message": "「呼呼、呼呼、呼呼、呼呼、呼呼、呼呼……\\n嗯嗯嗯……呼呼、呼呼……疯狂的团长……太过分了……肛门疯狂！」"
    },
    {
        "message": "看起来它的心情已经大受影响。\\n拼命地调整着呼吸，却还是不停地说着粗话。"
    },
    {
        "name": "シルフィウム",
        "message": "「今天，不能就这样算了……\\n我要让团长承受比我所受更大的羞辱……」"
    },
    {
        "name": "シルフィウム",
        "message": "「直到喷射失去知觉，进行油手淫刑……\\n还要刺激肛门……」"
    },
    {
        "message": "这不仅仅是愤怒，更是因为肛门的刺激而产生的羞耻感。\\n它用一种从未对待过害虫的眼神盯着我。"
    },
    {
        "name": "シルフィウム",
        "message": "「就算明天坐不下来，我也不在乎……！\\n应该去怨恨那个轻易责难女性肛门的自己……！」"
    }
]