[
    {
        "message": "工作堆积如山，我被追着赶着处理。\\n就算责怪谁导致了这种情况，\\n我心里只会想到自己的脸，真是悲哀。"
    },
    {
        "message": "总之，得加快工作进度，否则会变得很糟。"
    },
    {
        "name": "デイゴ",
        "message": "「团长，我可以进来吗？」"
    },
    {
        "message": "听到刺桐的声音从房间外传来，工作的手停了下来。\\n告诉他可以进来后，门立刻被打开了。"
    },
    {
        "name": "デイゴ",
        "message": "「阿基萨米约\\n迪哥工作积压了呢」"
    },
    {
        "message": "刺桐一如既往地温和地说着。\\n但是现在没有时间陪他聊天。\\n如果有事就简单地告诉我吧。"
    },
    {
        "name": "デイゴ",
        "message": "「我就是觉得可能会这样才来的啦」"
    },
    {
        "message": "被人从背后抱住，工作的手再次停了下来。"
    },
    {
        "name": "デイゴ",
        "message": "「我觉得你最好先忘记一下工作啦\\n稍微做点别的事情也无妨，因为结束的时间没什么大差别嘛」"
    },
    {
        "message": "竟然，刺桐伸手触摸了我的下体。\\n在衣服的覆盖下刺激着阴茎，它膨胀起来。\\n由于疲劳积累，我无法拒绝这种诱惑。"
    },
    {
        "name": "デイゴ",
        "message": "「唔……这样张开腿就可以了吗？」"
    },
    {
        "message": "在一番爱抚之后，刺桐跨了上来。\\n看来，这是刺桐的服务。"
    },
    {
        "name": "デイゴ",
        "message": "「……嗯，没能很好地对准入口\\n嗯，大概是这个位置……嗯，对准了」"
    },
    {
        "message": "虽然有些困难，但我还是把龟头对准入口并自己深深吞咽了下去。"
    },
    {
        "name": "デイゴ",
        "message": "「嗯啊……果然，好大……嗯嗯……」"
    },
    {
        "message": "阴茎被包裹着滑入，顺利地完全进入到根部。"
    },
    {
        "name": "デイゴ",
        "message": "「我要动了哦，团长你就保持这样吧\\n一直都放松着哦」"
    },
    {
        "name": "デイゴ",
        "message": "「啊……如果有想碰的地方就碰吧\\n虽然不是那么舒服的身体」"
    },
    {
        "message": "她柔和地微笑着。\\n那么，我就快点让她感受一下吧。"
    },
    {
        "message": "伸出手触摸着她小巧的臀部，用手掌轻抚着。"
    },
    {
        "name": "デイゴ",
        "message": "「嗯嗯……刺桐好淫荡……嗯，哈啊……但是，今天我也能做很多事情呢……」"
    },
    {
        "message": "说完，刺桐开始上下摆动着腰部。\\n用缓慢的节奏传递甜蜜的刺激。"
    },
    {
        "name": "デイゴ",
        "message": "「不要急着摇动着腰部来射出来，\\n我们慢慢地享受一下吧……哈，嗯嗯」"
    },
    {
        "name": "デイゴ",
        "message": "「霍米说过，不只是激烈的动作，\\n安玛也这么说过呢……哈呜，啊，啊啊」"
    },
    {
        "message": "母亲和她到底在谈些什么呢。\\n或许是时候详细询问一下了。"
    },
    {
        "name": "デイゴ",
        "message": "「哈，嗯嗯……深入到底部……咬紧牙关……\\n然后，这次就到最后一刻……嗯嗯，哈，哈哈」"
    },
    {
        "name": "デイゴ",
        "message": "「怎么样呢……感觉舒服吗？有没有传达到你呢？\\n如果不行的话，告诉我也可以哦……哈呜，啊啊」"
    },
    {
        "message": "悠闲的快感，让人感到无比舒适。\\n细腻的抽送，让心灵比身体更先得到宁静。"
    },
    {
        "name": "デイゴ",
        "message": "「嗯……团长的表情开始变得迷离了呢\\n果然，最好还是这样交融在一起啊」"
    },
    {
        "message": "被明确说出来还是有些害羞，不由自主地皱紧了表情。"
    },
    {
        "name": "デイゴ",
        "message": "「嗯哈，哈啊啊，嗯嗯……就这样也挺好的嘛\\n团长一脸迷离的样子，我还是想看看呢……」"
    },
    {
        "name": "デイゴ",
        "message": "「光看着我也挺无聊的呢……嘿，嗯嗯……\\n而且，我们已经不是普通关系了啊……」"
    },
    {
        "message": "虽然这么说，还是有些害羞。\\n不能暴露太多丑态才好。"
    },
    {
        "name": "デイゴ",
        "message": "「有点遗憾呢……但是如果我失控了，\\n团长会再次变得迷离吧……」"
    },
    {
        "message": "阴道的收缩加剧，抽送变得更加大胆起来。"
    },
    {
        "name": "デイゴ",
        "message": "「嗯嗯，哈啊、啊、嗯嗯……我的身体感到愉悦……\\n哈、啊啊、嗯嗯、啊啊、再来一次那种表情……」"
    },
    {
        "name": "デイゴ",
        "message": "「我已经让团长感到舒服了，\\n这次，轮到团长舒服了！」"
    },
    {
        "message": "虽然在交合，但动作始终如一。\\n快感不断增加，下腹部自然而然地用力了起来。"
    },
    {
        "message": "并没有想要主动加速冲刺。\\n反而，手自然地移到了平坦的胸部。"
    },
    {
        "name": "デイゴ",
        "message": "「嗯啊……这里，是我会感到快感的地方，\\n团长你应该知道……啊，嗯，啊啊」"
    },
    {
        "name": "デイゴ",
        "message": "「乳头，别扭别扭的就不要碰了……嗯，啊啊……\\n不碰腰的话就没感觉了……嗯，啊啊」"
    },
    {
        "message": "被这么说反而更想去触碰。\\n用按摩般的手法刺激着可爱的突起。"
    },
    {
        "name": "デイゴ",
        "message": "「嗯呼……！虽然你说不要还是要做呢……那我就这样吧」"
    },
    {
        "message": "身体向前倾斜贴合在一起。\\n只摆动着小巧的臀部，继续刺激着阴茎。"
    },
    {
        "name": "デイゴ",
        "message": "「摸其他地方可以但是乳头不行……嗯，啊啊……\\n我想做的事情都做不了了……」"
    },
    {
        "name": "デイゴ",
        "message": "「团长大人，你让我扭动腰部，是不是很开心呀……\\n所以，请不要摸我的乳头……啊，嗯啊……」"
    },
    {
        "message": "在耳边细语，只能听从对方的话。"
    },
    {
        "name": "デイゴ",
        "message": "「就是这样……啊，嗯嗯，啊，嗯嗯！\\n现在，专心享受我的内部……嗯，啊啊，啊啊！」"
    },
    {
        "name": "デイゴ",
        "message": "「再用力一点……呼呼呼……嗯嗯！\\n这样应该怎么样……啊，啊啊……」"
    },
    {
        "message": "灵活地调整着收缩的程度。\\n意外的刺激让射精的感觉涌上心头。"
    },
    {
        "name": "デイゴ",
        "message": "「嗯啊，团长大人，身体在颤抖呢……\\n是因为刚才快要射了吗……唔，嗯呃，啊啊！」"
    },
    {
        "name": "デイゴ",
        "message": "「那就不要忍着了，尽管射出来吧……\\n射精应该是最舒服的吧……唔，好的……嗯，啊啊！」"
    },
    {
        "message": "虽然无法否认这一点，但至少还想再忍耐一会。\\n为了更舒服的高潮。"
    },
    {
        "name": "デイゴ",
        "message": "「别再忍耐了哦……工作上已经很辛苦了吧」"
    },
    {
        "message": "甜蜜的低语贯穿心脑。"
    },
    {
        "name": "デイゴ",
        "message": "「喂，团长……想要射出来了吧」"
    },
    {
        "message": "内心挣扎着，一方面想抗拒，一方面又渴望被带走。"
    },
    {
        "name": "デイゴ",
        "message": "「在这里射出来也不丢人啦，对吧？毕竟在这样的情况下想要射出来是很正常的吧？」"
    },
    {
        "message": "虽然如此，却不容易屈服。"
    },
    {
        "name": "デイゴ",
        "message": "「太可惜了……明明正在享受着呢」"
    },
    {
        "message": "这不过是刺桐所说的而已。既然被带到这一步，坦诚地说出想要射出来就好了。"
    },
    {
        "name": "デイゴ",
        "message": "「我这里……大概是团长喜欢的女孩的小穴吧，\\n想要用射精染成白色吧？」"
    },
    {
        "message": "话语几乎到了喉咙口。"
    },
    {
        "name": "デイゴ",
        "message": "「卡娜小姐，团长先生」"
    },
    {
        "message": "拒绝是爱的言语。\\n一听到这句话，口头就脱口而出。"
    },
    {
        "name": "デイゴ",
        "message": "「那，最后再更加不约束的……」"
    },
    {
        "message": "在引导到最深处的一瞬间，在子宫口轻触顶端。\\n如果能继续这样下去，将一发不可收拾。"
    },
    {
        "name": "デイゴ",
        "message": "「来吧……嗯呃、哈啊、嗯、啊啊！\\n我已经无法再做更多了……嘿、嗯！」"
    },
    {
        "message": "每一次摩擦都让射精的欲望膨胀。\\n放松身体的力量，只是接受刺桐的服务。"
    },
    {
        "name": "デイゴ",
        "message": "「进来吧，好烫的还没有射出来……\\n嘿、嗯、啊啊！」"
    },
    {
        "name": "デイゴ",
        "message": "「最舒服的瞬间……在我体内迎接……嘿、嗯、啊啊！\\n团长……团长啊啊啊！　嗯呀啊、哈啊、嗯嗯！」"
    },
    {
        "message": "热量聚集在阴茎的顶端，心中已经在呼喊着要射了。"
    },
    {
        "name": "デイゴ",
        "message": "「嗯嘿、啊，来了，嗯咕……团长的，颤颤巍巍的……\\n啊，嘿呜呜，啊咕咕……来了，来了！\\n好热的，来了呜呜呜呜！」"
    },
    {
        "name": "デイゴ",
        "message": "「啊啊啊……嗯咕！ 嗯，啊，啊啊啊啊啊啊啊……咕！」"
    },
    {
        "name": "デイゴ",
        "message": "「嗯，嗯嗯咕，啊，啊呜呜……嗯呜，哈，啊啊啊，\\n我也、一起高潮了……哈，啊，啊啊啊！」"
    },
    {
        "name": "デイゴ",
        "message": "「扑通扑通地、热乎乎的来了……太好了，就这样全部都、\\n肚子都快要鼓起来了……咕！」"
    },
    {
        "message": "即使没有想要射出来的念头，也被收缩的阴道肌肉挤压着。\\n无需刺桐说出口，\\n那极致狭窄的阴道已经被精液填满。"
    },
    {
        "name": "デイゴ",
        "message": "「哈哈、哈哈、哈哈……抽搐跳动的东西、变得小巧了呢\\n大概、平静下来了吧」"
    },
    {
        "message": "射精已经结束。\\n这种抽搐本身也应该很快平息下来。\\n刺桐简洁地回答。"
    },
    {
        "name": "デイゴ",
        "message": "「是吗……那么，就这样睡着吧」"
    },
    {
        "message": "正当我准备说工作的时候，自然而然地退缩了。\\n明明之前一直想要做却如今执着心已经完全消失。"
    },
    {
        "name": "デイゴ",
        "message": "「剩下的我也来帮忙哦\\n但是那个，等我睡一觉之后\\n所以，现在就先晚安了」"
    },
    {
        "message": "看到她露出开心的笑容，就像被催眠一样，眼皮慢慢合上。\\n脱离现实世界，意识沉入梦乡。"
    },
    {
        "message": "这是身体渴望的休息时间。\\n剩下的工作，醒来再考虑也不迟。"
    }
]