[
    {
        "message": "今后也祈愿继续遵守花骑士的规范和荣誉，为民众的安宁献身。\\n某天傍晚，在某项任务中取得了巨大战果的凤仙花，与我一同受到了王城的表扬之词，然后返回了骑士团。"
    },
    {
        "name": "ホウセンカ",
        "message": "「切，真气人……差点忍不住发火了呢……\\n如果没有你的话，我大概就会把吊灯打落下来了，我……」"
    },
    {
        "message": "然而，凤仙花本人却心情相当不好。\\n这是理所当然的。她对花骑士的规范和荣誉之类毫无兴趣。\\n而且，她格外讨厌他人强加的规则。\\n感到不满是理所当然的事情。"
    },
    {
        "message": "因此，有必要安抚她。\\n因此，我传达了这样的话语。\\n作为花骑士就是这样，随便应付就好。"
    },
    {
        "name": "ホウセンカ",
        "message": "「……哈？」"
    },
    {
        "message": "回应我的是极冷的、如同枪口般的眼神。\\n瞬间，我意识到自己选词失误了。"
    },
    {
        "message": "但后悔已经太迟了。\\n子弹已装好，击锤也已拉起。\\n而且，我口中那种自私的安抚触发了凤仙花这支枪。"
    },
    {
        "message": "从那时起数小时过去了。直到月亮都已沉下去的此刻。\\n被射出去的凤仙花一次又一次地被贪婪地吞噬着。"
    },
    {
        "name": "ホウセンカ",
        "message": "「咳、哈、啊哈哈！啊啊、团长！快快射出来！\\n被我的手套弄得舒服吧！？\\n明明已经让你射进来了还是完全硬起来！\\n因为是你啊才会射出来吧！让我开枪吧！」"
    },
    {
        "name": "ホウセンカ",
        "message": "「所以，看啊！射出来了！射出来了射出来了射出来了！\\n让我看看吧！我给你打飞机，所以射出来吧！\\n浮动着腰部，让我看你射精的样子！\\n丑态地，射出精液吧！啊哈哈哈哈哈哈哈哈哈哈！」"
    },
    {
        "message": "在阴道内数次，用手进行刺激又一次。\\n即使阴茎诉说着麻木的疼痛，她也不会放过他。"
    },
    {
        "name": "ホウセンカ",
        "message": "「啊……不要昏过去……♪\\n还远远没有结束呢……团长」"
    },
    {
        "message": "请停下。\\n虽然恳求却毫无回应，\\n已经萎软的阴茎再次被吞入阴道之中。"
    },
    {
        "name": "ホウセンカ",
        "message": "「啊……嗯嗯……鸡巴，好厉害……\\n明明已经榨干了……还有、核心、留下了呢……♪」"
    },
    {
        "name": "ホウセンカ",
        "message": "「这、这是多么美妙啊……\\n果然，你是多么美妙……到底、进了多少发？\\n会不会打光呢？怎么样？不会吧！啊哈哈哈哈！」"
    },
    {
        "message": "在充满精液的阴道内玩弄着阴茎，笑着的凤仙花露出了凶相。\\n可怕。\\n愤怒之极所显现的过于激烈的一面，\\n让人感到极度恐惧。"
    },
    {
        "name": "ホウセンカ",
        "message": "「啊哈……怕了吗？」"
    },
    {
        "message": "身体前倾，充满喜悦的眼神盯视着。\\n没有逃跑的余地，就是这样让他明白。"
    },
    {
        "name": "ホウセンカ",
        "message": "「啊，团长♪ 我，兴奋得不行……怎么办，停不下来啊\\n我想要你……想要你的精液，射出来射出来我快受不了了！」"
    },
    {
        "name": "ホウセンカ",
        "message": "「所以……嘿！你会帮我的吧！\\n是你让我变成这样的！\\n明明说不行却生气的也是你，所以你会让我射出来吧！」"
    },
    {
        "message": "以前的警告原来是这个意思。\\n恐惧和理解一起涌上心头，但已经无法给予任何安慰。"
    },
    {
        "name": "ホウセンカ",
        "message": "「子弹都装好了，让我……让我射击吧！\\n啊啊、啊啊、啊啊、啊啊啊啊！」"
    },
    {
        "message": "请停下。再次的请求被娇喘声淹没。\\n凤仙花用激烈的腰部动作刺激着，将高涨的电压传达进去。"
    },
    {
        "name": "ホウセンカ",
        "message": "「啊、啊啊啊！太好了！太好了！太棒了！感觉真好！\\n你也觉得很舒服吧？很舒服吧？我会让你感觉舒服的！」"
    },
    {
        "name": "ホウセンカ",
        "message": "「因为我喜欢你呀！喜欢你！\\n因为知道你也是这样，所以我也喜欢你！\\n喜欢你，团长！我喜欢你！」"
    },
    {
        "name": "ホウセンカ",
        "message": "「因为喜欢，所以要射击哦！用你的鸡巴射出精液哦！\\n啊啊、啊啊、啊啊！就在这里射出来哦！\\n感受一下吧，团长！感受一下吧！啊啊、啊啊、啊啊！」"
    },
    {
        "message": "激情如子弹般倾泻而下。\\n一切都短路了。\\n没有经过，没有变化，一切都毫无征兆地发生了。"
    },
    {
        "message": "因为想要这样做就这样做，一种狂乱的状态。\\n从傍晚一直到深夜被贪婪地吞噬，察觉到的东西，\\n现在再次被摊到了面前。"
    },
    {
        "message": "那是一种，触发快感。"
    },
    {
        "name": "ホウセンカ",
        "message": "「对呀！这就是，我！\\n啊啊，怎么办呢！为什么，会给我呢！」"
    },
    {
        "name": "ホウセンカ",
        "message": "「都是因为你！我已经，停不下来了！\\n直到弹药用尽，都停不下来了！」"
    },
    {
        "message": "激烈地搅动连接部，用凶恶的眼神射穿着这边的凤仙花。\\n根本无法理解她那专横的理论。\\n恐怕，那根本就不是理论。"
    },
    {
        "message": "但是，被灌输的快感却能够理解。\\n折磨着沉重如铅的心灵和身体的肉体刺激，引起了生理上的反应。"
    },
    {
        "name": "ホウセンカ",
        "message": "「啊，回来了呢♪\\n鸡巴，变大了呢！\\n啊，好啊！子弹进去了呢！」"
    },
    {
        "message": "对于欢愉尖叫的凤仙花无法做出回应。\\n只能发出呻吟来面对她所展现的狂风暴雨般的奔腾和，\\n无视心灵只感受身体所带来的事实。"
    },
    {
        "name": "ホウセンカ",
        "message": "「啊啊、啊啊呜！已经、不行了！别露出那种表情、不行♪」"
    },
    {
        "message": "凤仙花扬起了嘴角，笑了起来。\\n看着这边的脸，她愉悦无比。"
    },
    {
        "name": "ホウセンカ",
        "message": "「啊啊！我越来越、舒服了！\\n团长啊，团长啊！你也有这种感觉吗！？\\n上次，那个晚上……我们第一次连在一起的时候……！」"
    },
    {
        "name": "ホウセンカ",
        "message": "「责难我……刺激我……！\\n你也有这种感觉吗！\\n太可爱了！太可爱了，团长！让我更喘息一点吧！」"
    },
    {
        "message": "即使是现在不在的过去，也成为了凤仙花狂热的养料。"
    },
    {
        "message": "灌注其中的是残暴的快感和刺激。\\n被强行勃起的阴茎甚至不再感到麻木。\\n只是被强烈的粘膜摩擦所摆布。"
    },
    {
        "name": "ホウセンカ",
        "message": "「啊啊啊！我快要高潮了！\\n看到我最爱的你那张可爱的脸，我就忍不住了！\\n啊啊，我要高潮了，你也要一起哦！\\n射精，尽情地射在我身上吧！」"
    },
    {
        "message": "她的请求听起来像是哀求又像是强迫。\\n她的预兆从泡沫般的连接部传达过来。"
    },
    {
        "message": "但是，只有她一个人如此。\\n已经被射精如此之多的这边，再次射精已经不可能了。"
    },
    {
        "message": "是的，传达出去了。\\n压制住呻吟和喘息声，\\n用最后的意志力对着那双凶恶的眼神传达出去。"
    },
    {
        "name": "ホウセンカ",
        "message": "「啊，啊……没关系♪ 别露出那种表情嘛？」"
    },
    {
        "message": "所展现的是更加狂笑。\\n彩绘的是更加浓烈的愉悦。"
    },
    {
        "name": "ホウセンカ",
        "message": "「我，很擅长使用枪！ 所以请放心！」"
    },
    {
        "message": "认真地喊着一些毫无意义的话语，\\n凤仙花开始挤压精液。"
    },
    {
        "name": "ホウセンカ",
        "message": "「啊，啊！ 没关系！ 我要射了，我能射击！\\n你会射出来……！\\n因为，我……我正在……给你犯罪呢！」"
    },
    {
        "name": "ホウセンカ",
        "message": "「快点，快点！ 精液上来了！\\n龟头肿胀了！\\n就让它射出来吧！ 射进去吧！ 让我来引导它进去吧！」"
    },
    {
        "message": "一头雾水。真的一头雾水。\\n她的话语、她的腰部动作和黏膜摩擦引导着，\\n精液真的迫使着上升，所有这一切都无法理解。"
    },
    {
        "name": "ホウセンカ",
        "message": "「啊啊啊啊！ 射了！ 要射了！ 我要和你一起射！\\n你的，精液……我要射出来了！\\n啊啊啊啊啊……！」"
    },
    {
        "name": "ホウセンカ",
        "message": "「呼……哈……啊～♪\\n看吧……我不是说过吗？ 我很擅长使用枪呢……」"
    },
    {
        "name": "ホウセンカ",
        "message": "「就这样……射出来吧……♪\\n哗啦哗啦，射满了……我会射进去深处的……」"
    },
    {
        "message": "仿佛被凤仙花夺取了主导权一般，\\n在她的高潮的驱使下，精液被榨取得如此顺畅。"
    },
    {
        "message": "然后，一切都消失了。\\n疲劳感甚至变得模糊，身体感觉也变得模糊。\\n除了沉入床中，所有的一切都从意识中消失了。"
    },
    {
        "name": "ホウセンカ",
        "message": "「哈……哈……啊，团长……很遗憾，但是，还没结束呢……？」"
    },
    {
        "message": "凤仙花咧嘴一笑。\\n然后重新开始扭动腰部。"
    },
    {
        "name": "ホウセンカ",
        "message": "「哈、嗯啊！还没、还没……让我继续射吧！\\n不够，还不够呢！\\n我要再射！直到你的子弹打光为止！\\n啊啊、啊呜、啊啊、啊啊啊啊！」"
    },
    {
        "name": "ホウセンカ",
        "message": "「生气的理由已经无所谓了！\\n我想射，让我射吧！ 我要射你，我要让你被我射中！\\n我要射！ 我要一直射！ 哈哈、哈哈哈哈哈哈哈哈！」"
    },
    {
        "message": "已经没有任何感觉。\\n心灵已经麻木不仁，\\n直到那个夜晚凤仙花将白浊液射至最后一滴为止，\\n才停止了白浊液依旧是白浊液这个事实。"
    }
]