[
    {
        "name": "チコリー",
        "message": "「咕嘟……我特地来看你了……\\n为什么，这样的……咕噜……呜、呜呜呜～」"
    },
    {
        "message": "菊苣在假哭。"
    },
    {
        "message": "夜深了，我结束了一阶段繁忙的工作，躺在床上休息，\\n这时菊苣探出头来。"
    },
    {
        "message": "她看起来是找我有事，特意等到这么晚才过来。\\n听完她的解释，大概明白了情况，但因为累，我拖延着回答。"
    },
    {
        "name": "チコリー",
        "message": "「我这么伤心地哭泣……\\n当然你会来安慰我吧……？」"
    },
    {
        "name": "チコリー",
        "message": "「如果你像上次那样爱抚我……我一定会很快止住哭泣的……\\n咕嘟……你不会这样想吧……？\\n你是这样想的吧？ 咕噜」"
    },
    {
        "message": "总之，先放着不管。"
    },
    {
        "name": "チコリー",
        "message": "「……喂，你这是什么态度？\\n真是的……还是一如既往地残忍！」"
    },
    {
        "message": "结果，菊苣的戏剧很快就结束了。\\n她大步走过来，用锐利的眼神盯着我。"
    },
    {
        "name": "チコリー",
        "message": "「累了就不要动了，没办法呢！\\n我会动起来，给你很多爱的！」"
    },
    {
        "name": "チコリー",
        "message": "「就这样，乖乖地静静地……嗯嗯，啊啊啊……」"
    },
    {
        "message": "这边跨坐下来，菊苣缓缓坐下。\\n勃起的龟头逐渐被吞没在阴道里。"
    },
    {
        "name": "チコリー",
        "message": "「嗯啊……团长的好大……\\n就这样，全部都进去了哦……？ 嗯呜，哈呜呜呜呜……！」"
    },
    {
        "message": "菊苣松开了腰的力量，将阴茎迎入到阴道深处。\\n粘膜相互摩擦的刺激同时传来，龟头触及她的深处的感觉传达过来。"
    },
    {
        "name": "チコリー",
        "message": "「哈，啊……团长的……在肚子里，涨得满满的……\\n这种感觉……总觉得好安心呢……」"
    },
    {
        "name": "チコリー",
        "message": "「你知道吧……？\\n扩张的肉体，紧紧地拥抱着……\\n你想要我，想要得很快……很高兴地欢迎着你……」"
    },
    {
        "message": "她露出了诱人的笑容。\\n言语与紧缩交织在一起，加剧了我的欲望。"
    },
    {
        "message": "对于我的反应，菊苣笑意更浓。\\n传达出兴奋、愉悦和强烈的斗志。"
    },
    {
        "name": "チコリー",
        "message": "「呵呵……想要快点动起来呢……\\n在我里面，已经兴奋起来了呢……？\\n啊……这样，真是可爱呢……」"
    },
    {
        "name": "チコリー",
        "message": "「那就摇动腰部……搓搓硬的部分\\n不知道能不能摇得好……\\n一起……感受快感吧？团长♪」"
    },
    {
        "message": "这样说着，菊苣有些笨拙地摇动起了腰部。\\n彼此的粘膜相互摩擦，传递着刺激。"
    },
    {
        "name": "チコリー",
        "message": "「哈啊……啊啊……到处都在擦到……嗯……啊啊……\\n多用腰部，转圈圈地……啊，唔……嗯啊啊……」"
    },
    {
        "name": "チコリー",
        "message": "「在我里面，好好地感受吧……团长……唔，啊……唔，啊啊……\\n只要和你一起感受快感……什么都愿意做给你」"
    },
    {
        "message": "充满爱意的摩擦让人愉悦，引发愉悦之情。\\n再加上丰盈的摇曳果实也让人目不转睛。"
    },
    {
        "name": "チコリー",
        "message": "「嗯嗯……对我的胸部很在意呢……？\\n如果这么有兴趣的话，随便触摸也可以哦……」"
    },
    {
        "name": "チコリー",
        "message": "「就算是更加兴奋的话……我也会很高兴的……啊啊……嗯嗯\\n可以的哦，团长……不用客气，尽情地揉揉也可以哦」"
    },
    {
        "message": "抓住我的手，引领向丰满的乳房。\\n没有拒绝的理由。\\n揉捏着丰满的膨胀，确认柔软触感。"
    },
    {
        "name": "チコリー",
        "message": "「嗯……团长的手，好温暖……嗯啊……啊啊\\n被触摸的地方，酥麻酥麻的……全身都变得热热的……嗯啊，哈呃」"
    },
    {
        "message": "受到乳房的爱抚，菊苣发出甜美的声音。\\n被玩弄着丰满的双丘，她的愉悦让我也变得欲火焚身。"
    },
    {
        "name": "チコリー",
        "message": "「你也……想更舒服一点吧，是吧……嗯啊啊\\n从里面传来好多兴奋的感觉呢……」"
    },
    {
        "name": "チコリー",
        "message": "「那么……哈啊……嗯呃，就这样，往上顶进去……好吧\\n随便做多少都可以哦……摸胸部，从下面插进小穴……想要感觉舒服？」"
    },
    {
        "message": "工作的疲惫早已忘记。\\n在她的引导下，我用爱抚和顶插来爱抚菊苣。"
    },
    {
        "name": "チコリー",
        "message": "「啊啊……哈啊……呼啊啊！\\n能被团长爱抚着，我好喜欢！ 唔啊……嗯嗯……唔啊啊！\\n一直到最后……想要一起感觉舒服……！」"
    },
    {
        "name": "チコリー",
        "message": "「我也会扭动腰部哦……哈啊……嗯啊……唔唔！\\n更用力地顶进去，让我更舒服一点……！」"
    },
    {
        "message": "配合我的腰部动作摇晃着身体的菊苣。\\n似乎已经习惯了自己主动动作，灵巧地扭动着腰部。"
    },
    {
        "message": "从连接处传来滚烫的快感，彼此都逐渐接近高潮。"
    },
    {
        "name": "チコリー",
        "message": "「团长……我好像要像上次那样……会很厉害的！\\n小穴和身体都在颤抖……忍不住了！\\n哈啊、啊啊、啊啊！ 来吧，来吧，团长！\\n呼啊啊呜、嗯啊啊啊！ 要用力一点，狠狠地顶进来！」"
    },
    {
        "message": "对她的请求，我无法有所回应。\\n只能顺从欲望和爱欲，满足她的愿望。"
    },
    {
        "name": "チコリー",
        "message": "「唔呜、嗯嗯啊啊！ 唔呜、啊啊、啊啊呀呀呀呀啊啊！\\n哈啊、唔呜、好厉害，好舒服的感觉！\\n喜欢你，喜欢你团长！」"
    },
    {
        "name": "チコリー",
        "message": "「这样下去，就会很舒服的！\\n唔呜、啊唔呜、啊啊、啊啊啊！\\n来了，来了！ 我要来了！ 真厉害，要来了！」"
    },
    {
        "name": "チコリー",
        "message": "「这样继续射出来吧！ 要热热的东西！ 全部都给我吧！\\n哈、啊啊、啊唔呜、嗯嗯啊啊！\\n呼唔唔唔唔唔……！」"
    },
    {
        "name": "チコリー",
        "message": "「唔嗯嗯嗯嗯……！ 热热的东西，都射进来了！\\n哈、啊啊！ 真厉害，好舒服的感觉！\\n射进来了，射了好多好多！\\n好舒服，停不下来呀呀呀呀呀！」"
    },
    {
        "message": "同时达到了高潮。\\n但是精液像追加一样敲击着子宫口。"
    },
    {
        "message": "每一次震颤和麻痹，菊苣都扭曲着身体发出快感的叫声。\\n对于这种迷人的姿态已经足够入迷，\\n肉棒不断地跳动着充满喜悦的脉动。"
    },
    {
        "name": "チコリー",
        "message": "「唔……哈……啊……嗯，真厉害……\\n肚子里面……真的像要被烫伤一样……\\n哈……啊……比上次更更更……\\n感觉真舒服……♪」"
    },
    {
        "message": "绝顶的快感过去，菊苣平复了呼吸。\\n她身上的重量，似乎诉说着那深刻的极致快感。"
    },
    {
        "name": "チコリー",
        "message": "「啊……真的……太棒了……\\n感觉好极了，好极了……\\n我都以为我要哭出来了呢……？」"
    },
    {
        "name": "チコリー",
        "message": "「嘛……虽然我可能是在假哭……」"
    },
    {
        "message": "这是不可能的。\\n她断言着，带着一丝调皮的口气。"
    },
    {
        "name": "チコリー",
        "message": "「哎呀，为什么？」"
    },
    {
        "message": "因为我也感觉很舒服。\\n我有种和菊苣一起分享快感的实感。"
    },
    {
        "message": "那么，假哭是不可能的吧。\\n接着我再次断言，她回以如花般的微笑。"
    },
    {
        "name": "チコリー",
        "message": "「呵呵……你真会让我开心呢\\n刚开始邀请你时，就希望你能有这种态度……」"
    },
    {
        "name": "チコリー",
        "message": "「嘛……没关系♪\\n能一起感受到快乐……我就很满足了\\n团长，太棒了……我们再相爱一次吧？ 亲♪」"
    }
]