[
    {
        "name": "アカバナスイレン",
        "message": "「啊……团长在附近我就感到安心」"
    },
    {
        "message": "最近，红花睡莲经常待在我身边。\\n对此，我感到很高兴。\\n然而，当我要离开去休息时。"
    },
    {
        "name": "アカバナスイレン",
        "message": "「诶，团长……您、您要去哪里啊！？」"
    },
    {
        "message": "她对我离开产生了过度的反应。\\n并不是要离得很远啊，没必要那么慌张。"
    },
    {
        "name": "アカバナスイレン",
        "message": "「因为，团长不在身边的话……\\n我就会感到不安……」"
    },
    {
        "message": "我觉得她已经对我很信任了。\\n但是这样下去会影响花骑士的工作。"
    },
    {
        "message": "为了让红花睡莲的不安情绪得到缓解。\\n我决定让她感受到我的温暖。"
    },
    {
        "name": "アカバナスイレン",
        "message": "「团长，为什么突然……嗯嗯！」"
    },
    {
        "message": "瞄准入口，挺起的雄起压迫过去。\\n嘟噜的水声中，\\n红花睡莲迎接了我的到来。"
    },
    {
        "name": "アカバナスイレン",
        "message": "「要全部进去吗……一下子，全部都……\\n啊，啊啊！」"
    },
    {
        "name": "アカバナスイレン",
        "message": "「噗通的……硬硬的……感觉……啊啊啊！」"
    },
    {
        "message": "将龟头深深埋入，一下子将阴茎顶端推入阴道深处。"
    },
    {
        "name": "アカバナスイレン",
        "message": "「嗯啊，这样……真的，突然全部进去了……！\\n嗯嗯，里面……麻痹起来了」"
    },
    {
        "message": "没有太多的阻力，顺利地被完全吞没。\\n热烘烘的阴道内温度，舒适地包裹住阴茎。"
    },
    {
        "message": "没有做特别的准备，却惊讶地发现阴道已经如此松弛。"
    },
    {
        "name": "アカバナスイレン",
        "message": "「从昨晚开始，只要在团长身边就会变成这样……」"
    },
    {
        "name": "アカバナスイレン",
        "message": "「呜呜，被发现了我是个淫荡的孩子\\n会被讨厌的……我要死了……」"
    },
    {
        "message": "不会因为这样的事情而讨厌你。\\n我对羞愧的红花睡莲说道。"
    },
    {
        "message": "为了让对方相信我的话，开始摇动着腰部。"
    },
    {
        "name": "アカバナスイレン",
        "message": "「啊呜……团长的腰，动起来了……！\\n嗯啊啊，嗯啊啊！」"
    },
    {
        "name": "アカバナスイレン",
        "message": "「深处，被戳得……啊呜！\\n好舒服呀……！」"
    },
    {
        "message": "将手放在臀部，握住红花睡莲的手。\\n保持节奏地不断撞击。"
    },
    {
        "message": "以轻快的节奏，\\n给红花睡莲灌输快感。"
    },
    {
        "name": "アカバナスイレン",
        "message": "「团长……今天好像很有力气……啊呜！\\n这么剧烈的话……啊啊！\\n我，比平时更兴奋了……呜呀！」"
    },
    {
        "message": "用力抚摸着臀部。\\n红花睡莲发出尖叫声。"
    },
    {
        "name": "アカバナスイレン",
        "message": "「屁股……被摸到了，好舒服……嗯啊！\\n背后，发麻了……呼，啊啊，啊呜呜！」"
    },
    {
        "message": "看来刺激到臀部很受欢迎。\\n于是保持抽送的同时，加强力度爱抚臀部。"
    },
    {
        "name": "アカバナスイレン",
        "message": "「嘶……啊啊，啊呀！\\n团长的手，温度……好敏感呀\\n更……想要更用力一点……嗯嗯嗯！」"
    },
    {
        "message": "在整个掌心用力的瞬间。对爱抚的反应，清晰地袭击了阴茎。"
    },
    {
        "message": "轻微地进行着抽送，让敏感的粘膜相互摩擦。\\n阴茎的进出，淫荡的水声在房间中回荡。"
    },
    {
        "name": "アカバナスイレン",
        "message": "「啊啊啊！好淫荡的声音呀！\\n不行，不行……发出这种声音……呜呀！」"
    },
    {
        "name": "アカバナスイレン",
        "message": "「不、不可以听到的！团长大人，请不要听到……\\n嗯嗯！这样……太害羞了！」"
    },
    {
        "message": "故意制造出大声的声音，煽动红花睡莲的羞耻。\\n滴落粘稠的淫液，\\n在这边的抽送下喘息的样子非常淫荡。"
    },
    {
        "message": "用坚硬的阴茎擦拭着阴道粘膜，多次压迫子宫。"
    },
    {
        "name": "アカバナスイレン",
        "message": "「啊啊啊，不要停下来……\\n甚至……更加剧烈一点……呜啊啊！」"
    },
    {
        "name": "アカバナスイレン",
        "message": "「我……如果再用力一点的话……！\\n会、会变得奇怪的……」"
    },
    {
        "message": "即使分开，红花睡莲也能感到安心，\\n将这份温暖刻在肌肤上。"
    },
    {
        "message": "宣言完，阴道紧紧地收缩了起来。"
    },
    {
        "name": "アカバナスイレン",
        "message": "「啊呀呀……？ 这是……啊！\\n这是什么……事情……啊啊」"
    },
    {
        "name": "アカバナスイレン",
        "message": "「啊、啊、啊、啊啊！\\n嘿呀、啊、嗯啊！ 腰部的猛烈……好厉害呀！」"
    },
    {
        "message": "就算这样强烈地运动会不会让我崩溃，\\n一边猛烈地进行冲刺一边请求许可。"
    },
    {
        "name": "アカバナスイレン",
        "message": "「啊……请……请做到！\\n团长的温暖，我希望能刻在身体上」"
    },
    {
        "name": "アカバナスイレン",
        "message": "「为了即使分开也能感到安心……！\\n请让我牢牢记住，永远不会消失……！」"
    },
    {
        "message": "得到了红花睡莲的允许，\\n毫不犹豫地加快了抽送的速度。"
    },
    {
        "name": "アカバナスイレン",
        "message": "「来了！好激烈的……啊啊！\\n深处，一次又一次……袭击着……！」"
    },
    {
        "name": "アカバナスイレン",
        "message": "「我会记住团长的……身体，\\n用小穴来记住！」"
    },
    {
        "message": "像动物一样扭动着腰，给红花睡莲送去快感。\\n娇喘声和肉体相撞的生动声音在房间中回荡。"
    },
    {
        "message": "为了不再感到不安，我拼命地扭动着腰。"
    },
    {
        "name": "アカバナスイレン",
        "message": "「拼命地、扭动着腰\\n小穴里，被刮得湿漉漉的！」"
    },
    {
        "name": "アカバナスイレン",
        "message": "「小穴要坏掉了！要被团长……弄坏了啊……！」"
    },
    {
        "message": "如果疼的话可以轻一点。\\n我这么说着，红花睡莲多次左右摇头。"
    },
    {
        "name": "アカバナスイレン",
        "message": "「不要轻一点，请……一直这么猛烈！\\n我……就算被团长弄坏也没关系」"
    },
    {
        "name": "アカバナスイレン",
        "message": "「与其说是……嗯嗯！想被团长弄坏呢……\\n因为，这样的话……就能一直，\\n在一起了……之类的……嗯啊啊啊！」"
    },
    {
        "message": "听到她的话，没有任何保留了。\\n接下来只需一直刺入阴道粘膜，直到红花睡莲记住我的温度为止。"
    },
    {
        "message": "强烈地握紧对方的手，直到达到巅峰的一瞬间。"
    },
    {
        "name": "アカバナスイレン",
        "message": "「啊啊！嗯啊！我，要……要来了……！\\n好厉害……要来了……啊啊啊！」"
    },
    {
        "name": "アカバナスイレン",
        "message": "「一起……我要来的时候……团长也要一起来！\\n如果，能做到的话……\\n我绝对不会忘记今天的事情……所以……！」"
    },
    {
        "name": "アカバナスイレン",
        "message": "「请让我记住！\\n感受团长才能安心，\\n请在我这个没用的身上刻下吧！」"
    },
    {
        "message": "随着试图榨取精液的阴道肌肉的运动，摩擦感激增。"
    },
    {
        "message": "在那贪婪的吸吮下，阴茎颤抖得几乎要爆裂般地\\n一次次顶击子宫。"
    },
    {
        "name": "アカバナスイレン",
        "message": "「嗯啊啊！要来了！小穴已经忍不住了……啊啊，哈啊啊！」"
    },
    {
        "name": "アカバナスイレン",
        "message": "「想要沐浴在团长的精液中…想要达到高潮！\\n所以，请尽情地射出来吧！\\n让小穴，达到高潮吧！」"
    },
    {
        "name": "アカバナスイレン",
        "message": "「啊、来了、来了……嗯、哈啊！\\n要、要来了！！」"
    },
    {
        "name": "アカバナスイレン",
        "message": "「好多……都流出来了……！\n嗯啊，团长的精子……都撞击到最深处了！」"
    },
    {
        "name": "アカバナスイレン",
        "message": "「啊啊啊，好像浸透到全身一样……\n身体里和脑海中……都充满了团长的存在……」"
    },
    {
        "message": "将浑浊的液体注入到痉挛的阴道内。\n红花睡莲承受着阴道深处的重压，声音颤抖着享受着这份喜悦。"
    },
    {
        "message": "渐渐地，一种酩酊般的快感在全身蔓延开来，\n被一种愉悦的倦怠感所包裹。"
    },
    {
        "name": "アカバナスイレン",
        "message": "「呜呜呜……太舒服了……\n知道了这种感觉，绝对，不会忘记的！」"
    },
    {
        "message": "这样一来，能暂时不感到不安吗？"
    },
    {
        "name": "アカバナスイレン",
        "message": "「嗯……总、总算……\n多亏团长，暂时能感到安心了」"
    },
    {
        "name": "アカバナスイレン",
        "message": "「就算感到不安……\n我会想起今天的事情……然后……忍耐住」"
    },
    {
        "message": "红花睡莲边全身颤抖地回答着，\n虽然有些担心，但姑且可以安心下来吧。"
    }
]