[
    {
        "name": "スイレン",
        "message": "「唉……不行呢，主人」"
    },
    {
        "message": "看到桌上堆积的文件，确认了这边的表情。\\n出现的睡莲叹了口气。"
    },
    {
        "name": "スイレン",
        "message": "「看起来相当疲倦呢……我可不能视而不见\\n好了，今天就到这吧……就这样去休息吧」"
    },
    {
        "message": "被推向床上。\\n即使解释还有工作未完成，睡莲也充耳不闻。"
    },
    {
        "name": "スイレン",
        "message": "「努力的主人也很棒，但是适当休息不好会伤身体的」"
    },
    {
        "message": "有点强行地让我躺下，睡莲用温和的眼神俯视着我。"
    },
    {
        "message": "剩下的工作只能推到明天了，\\n对于纯粹担心我的身体的她，我也无法抱怨。"
    },
    {
        "name": "スイレン",
        "message": "「好了，慢慢休息吧……啊？」"
    },
    {
        "message": "慌张地用双手遮住下半身。\\n然而，由于疲劳而膨胀的阴茎被察觉了。"
    },
    {
        "name": "スイレン",
        "message": "「嗯咿♪ 这样下去就睡不着了吧？\\n我马上就让您爽快♪」"
    },
    {
        "name": "スイレン",
        "message": "「主人躺着不要紧\\n我来上面……嗯、嗯嗯嗯嗯！」"
    },
    {
        "message": "睡莲将勃起的肉棒对准自己的秘部，慢慢坐了下去。\\n阴道已经因为爱液而湿润，顺利地吞没了整根阴茎。"
    },
    {
        "name": "スイレン",
        "message": "「嗯，怎么样，主人？\\n疲惫的肉棒……我会全部包容好的」"
    },
    {
        "message": "是一种真诚舒适的感觉。\\n仿佛是为了治愈我的疲惫而动的阴道。\\n一种像被温暖蜜汁包裹般的热量从阴茎传遍全身。"
    },
    {
        "name": "スイレン",
        "message": "「您很满意呢♪\\n嗯咿♪ 您看起来很享受呢？」"
    },
    {
        "message": "没有特别的爱抚，却让这么热情舒缓的花穴感到惊讶。\\n从阴茎传来的甜蜜刺激如此令人心旷神怡。"
    },
    {
        "name": "スイレン",
        "message": "「嗯呜，那是当然……作为您的新娘，\\n您这么肿胀疼痛的肉棒，我可不能放任不管♪」"
    },
    {
        "message": "上次不是作为女仆而是作为新娘寻求睡莲的行为。\\n记得这件事的她露出了戏弄般的笑容。"
    },
    {
        "name": "スイレン",
        "message": "「来吧，主人……\\n肉棒，让我好好疼爱，让您爽快一番♪」"
    },
    {
        "name": "スイレン",
        "message": "「全部交给我吧……\\n主人只需静静享受就好了哦」"
    },
    {
        "message": "睡莲的臀部开始随着长长的抽送摇摆。\\n每一次的抚摸都传来了从勃起的阴茎传来的快感。"
    },
    {
        "name": "スイレン",
        "message": "「嗯，嗯啊，啊啊\\n嗯，主人感觉如何？慢慢地肉棒在擦拭……嗯！」"
    },
    {
        "name": "スイレン",
        "message": "「扑哧扑哧地肉棒被吞没，\\n仿佛被小穴给吞噬了一般是吧？」"
    },
    {
        "message": "观察着这边的表情，\\n睡莲一边晃动身体一边不断重复刺激粘膜。"
    },
    {
        "name": "スイレン",
        "message": "「这样的速度还可以吗？\\n还是说要再来点猛烈的？」"
    },
    {
        "message": "抽送的速度稍微加快了。\\n但刺激更强烈了，让我面部因快感而扭曲。"
    },
    {
        "name": "スイレン",
        "message": "「嗯呵♪ 看来还是慢慢地动比较好呢」"
    },
    {
        "message": "她露出出温柔的微笑，腰部的动作也恢复了平和。\\n她似乎在关心着我，试图给予舒适的刺激。"
    },
    {
        "name": "スイレン",
        "message": "「放心，享受吧……肉棒会很温柔的\\n如果感觉不舒服了……一定要告诉我哦」"
    },
    {
        "message": "充满爱意的温柔而细致的上下运动。\\n被她包裹着阴茎的阴道，\\n渐渐地开始适应这种刺激。"
    },
    {
        "message": "缓慢地摆动着腰部，注入甜蜜的快感。\\n看着我，她摇摆身体，仿佛在怜爱一般。我的视线被牢牢吸引。"
    },
    {
        "name": "スイレン",
        "message": "「嗯呵♪ 这么盯着我，有什么事吗？\\n如果有想做的事，尽管做，没关系的\\n放心……我不会责备你的♪」"
    },
    {
        "message": "包裹住疼痛欲望的平静。手伸向那个被允许触碰的地方。\\n两个白皙柔软的乳房随着抽送而摇摆。\\n手臂感到麻木般的触感让人依赖，手指不由自主地蠢动起来。"
    },
    {
        "name": "スイレン",
        "message": "「嗯呜、好……没关系，就这样……啊、啊呜\\n只是想撒娇……尽情撒娇吧♪ 嗯啊、啊、啊啊」"
    },
    {
        "message": "像是舀起一样，从下方揉捏双丘。\\n掌心感受到柔滑的肌肤触感，无论摸多久都不会厌倦。"
    },
    {
        "name": "スイレン",
        "message": "「嗯呜、嗯、啊啊、感觉好奇怪呢\\n被主人宠爱后，我也……呃啊、啊呜\\n胸中变得温暖起来了……」"
    },
    {
        "name": "スイレン",
        "message": "「再用力一点也没关系哦？\\n我的一切都属于主人的，是吧？」"
    },
    {
        "message": "忍不住松开一只手，用空闲的一侧乳房压上唇。"
    },
    {
        "name": "スイレン",
        "message": "「嗯呜、嗯嗯……乳房，好吃吗？\\n舔来舔去的……呵呵、呵呵♪\\n啊、啊、可爱……太可爱了♪」"
    },
    {
        "name": "スイレン",
        "message": "「沉迷地吸吮乳房……\\n就像个宝宝一样，是吧，主人？」"
    },
    {
        "message": "在乳房的刺激下挣扎着，睡莲用充满慈爱的眼神看向这边。"
    },
    {
        "name": "スイレン",
        "message": "「结了婚又要当妈妈了？真是奢侈的人啊♪」"
    },
    {
        "message": "虽然睡莲带着一丝挑逗的笑容，\\n但那表情似乎并不完全是在开玩笑。"
    },
    {
        "message": "即使被她这么说，也无可奈何。\\n不知何时开始，对睡莲产生了母性般的安心感。"
    },
    {
        "name": "スイレン",
        "message": "「来吧，可以的……\\n那个大肉棒丝毫不像宝宝，\\n尽情享受在妈妈里面的快感吧」"
    },
    {
        "name": "スイレン",
        "message": "「累了也好，感觉舒服也好，妈妈都会接受的♪\\n什么都不用在意，就这样变得白皙……\\n鸡巴，让你感觉舒服吧♪」"
    },
    {
        "message": "虽然对睡莲的话感到害羞，\\n但在她给予的安心感下，欲望变得直率地释放了出来。"
    },
    {
        "message": "膨胀的欲望之下，我情不自禁地开始了剧烈的抽送。"
    },
    {
        "name": "スイレン",
        "message": "「呜啊，啊啊呜！ 鸡巴，忍不住了吗……？」"
    },
    {
        "name": "スイレン",
        "message": "「那……诶，可以戳进去吗\\n我会一直……嗯、嗯嗯、包容你到最后的……！」"
    },
    {
        "message": "睡莲妖艳的声音在房间里回荡。\\n蜜穴中，溢出的花蜜滴落并湿润着连接处。"
    },
    {
        "message": "肉体相撞的声音和粘膜摩擦所产生的水声，\\n进一步加剧了彼此的兴奋。"
    },
    {
        "name": "スイレン",
        "message": "「啊呜、嗯啊呜、哈啊呜、我也、感觉舒服……\\n但是……哈、哈、主人，你不要勉强自己吗？」"
    },
    {
        "name": "スイレン",
        "message": "「这么努力……嗯、辛苦吗？\\n明明很累了……嗯、嗯嗯！」"
    },
    {
        "message": "虽然感受到了她的体贴，睡莲仍然不停地给予关怀。\\n这份心意让我兴奋不已，\\n疲劳也被遗忘，我贪婪地享用着她的身体。"
    },
    {
        "name": "スイレン",
        "message": "「啊啊，嗯啊，哦啊啊，好厉害……！\\n鸡巴，好凶猛……！\\n明明只是稍微用力一点点，你就显得那么辛苦……！」"
    },
    {
        "name": "スイレン",
        "message": "「啊、可能宠爱过度了吧，\\n这样的话，我也……呼啊啊、啊啊啊！」"
    },
    {
        "message": "随着龟头在阴道中抽送，睡莲发出了甜美的呻吟。\\n但是，她的阴道紧紧地包裹住了我的身体。"
    },
    {
        "message": "在这幸福的拥抱中，射精的冲动被激发了。\\n而这意味着，这幸福时光即将结束。"
    },
    {
        "name": "スイレン",
        "message": "「嗯嗯！ 阴道感觉真舒服，\\n好像快要射出来了，是吗……？」"
    },
    {
        "message": "正如睡莲所说。我的阴茎已经如此硬邦邦的了，\\n无论什么时候射精都不足为奇。"
    },
    {
        "message": "我能感觉到积压的欲望寻找出口，勃起更加膨胀。"
    },
    {
        "name": "スイレン",
        "message": "「不用客气……\\n如果忍耐不住了，随时都可以射精在我的阴道里」"
    },
    {
        "name": "スイレン",
        "message": "「就这样，一直到最后……嗯啊！\\n在我体内感到舒服，把积蓄的疲劳都吐出来吧」"
    },
    {
        "name": "スイレン",
        "message": "「我会一直宠爱你到最后的\\n在妈妈的体内，尽情地喷射出来吧……！」"
    },
    {
        "message": "一股淫靡的感觉一下子涌上心头。\\n随着阴道内部强烈的收缩，\\n积压的精液势不可挡地冲上尿道。"
    },
    {
        "name": "スイレン",
        "message": "「啊呜，要射出来了……！\\n可以的哦？ 从鸡巴里，甜甜的奶汁……尽情地喷射出来\\n嗯呜……嗯啊啊啊啊啊！！」"
    },
    {
        "name": "スイレン",
        "message": "「啊啊啊！！ 热热的精液……深深地撞击在阴道深处、\\n太棒了，啊啊！」"
    },
    {
        "message": "洒落下来的精液浸湿了阴道深处，睡莲也达到了高潮。\\n她颤抖着背脊享受着高潮的感觉，满足地接受着射精。"
    },
    {
        "name": "スイレン",
        "message": "「啊、嗯嗯、嗯啊……哈啊、哈啊、都射出来了呢，主人大人……\\n真棒，真棒，真～棒……嘻嘻♪」"
    },
    {
        "message": "之后，她不断地甜蜜地收紧阴道，直到最后一滴都被挤出来。"
    },
    {
        "message": "失去力气的睡莲倒在我身上。\\n她将乳房压在我的脸上，被我紧紧拥抱着。"
    },
    {
        "name": "スイレン",
        "message": "「嗯咿♪ 这样就能松了吧……\\n请安心地睡吧」"
    },
    {
        "message": "因为激烈的行为和极致的疲劳，突如其来的困意袭来。"
    },
    {
        "message": "感受着睡莲全身散发的温度，很快就陷入了舒适的睡梦中。"
    }
]