[
    {
        "name": "モスローズ",
        "message": "「团长大人，谢谢您的帮助♪」"
    },
    {
        "message": "在这张脸附近，是毛萼洋蔷薇愉悦的笑容。"
    },
    {
        "message": "为了扶住快要摔倒的毛萼洋蔷薇，\\n我慌忙地冲上前去，结果却被她压倒了。"
    },
    {
        "message": "总算毛萼洋蔷薇没有受伤，我微笑着说。\\n因为摔倒的地方是床，所以我也没有受伤。"
    },
    {
        "name": "モスローズ",
        "message": "「是的……团长大人也没有受伤，真是太好了\\n明明根本没有什么绊倒的地方，却差点摔倒……我自己也觉得奇怪」"
    },
    {
        "name": "モスローズ",
        "message": "「多亏了这个，和团长大人贴得更近了♪」"
    },
    {
        "message": "听她说完，我也开始意识到现在的情况。\\n她的身体和我的重叠在一起。\\n一意识到这一点，下腹部就有了反应。"
    },
    {
        "message": "涌上来的欲望似乎表现在了我的表情上。\\n毛萼洋蔷薇朝我投来充满热情的目光微笑着。"
    },
    {
        "name": "モスローズ",
        "message": "「团长大人在想些什么，我已经知道了……」"
    },
    {
        "name": "モスローズ",
        "message": "「嘿嘿……一定要让我来感谢您的帮助♪我会好好侍奉团长大人的♪」"
    },
    {
        "name": "モスローズ",
        "message": "「嗯嗯……硬硬的顶端，进入了里面……啊啊啊……」"
    },
    {
        "message": "勃起的阴茎被毛萼洋蔷薇的阴道吞没。\\n感受到狭窄的阻力，同时也传来了温暖的阴道肉的触感。"
    },
    {
        "name": "モスローズ",
        "message": "「团长大人的……就这样，一直到最深处……哈呜，啊啊……\\n大的，全部……我都会接受的……」"
    },
    {
        "name": "モスローズ",
        "message": "「啊呜……啊啊……要来了，团长大人……\\n嗯啊啊，嗯嗯呜，啊啊啊啊啊……！」"
    },
    {
        "message": "毛萼洋蔷薇放松了臀部力量，一口气吞下了阴茎。\\n在收缩着阴道粘膜的同时，\\n身体因插入到达阴道深处而颤动起来。"
    },
    {
        "name": "モスローズ",
        "message": "「我的里面……扩张成了团长大人的形状……\\n因为大，所以充满了……我喜欢……」"
    },
    {
        "name": "モスローズ",
        "message": "「最深处在收缩着呢……\\n马上就想要侍奉您了呢……」"
    },
    {
        "message": "情绪高涨的毛萼洋蔷薇涨红了脸颊，\\n用湿润而热情的眼眸微笑着。\\n对于接下来的侍奉也迫不及待地表达出了真诚的期待。"
    },
    {
        "name": "モスローズ",
        "message": "「好的♪ 我会拼命努力的……希望您能因为我的服务而感到愉快」"
    },
    {
        "message": "她一边这样说着，一边摇动着自己的臀部。"
    },
    {
        "name": "モスローズ",
        "message": "「啊呜……嗯嗯……硬硬的在里面摩擦着……嗯嗯，啊啊……」"
    },
    {
        "name": "モスローズ",
        "message": "「为了让团长大人感到满足……我会用臀部多多地摩擦着的……」"
    },
    {
        "message": "毛萼洋蔷薇虽然有些生疏，但却努力地进行粘膜摩擦。从她不习惯主动的动作中可以感受到这种用心。"
    },
    {
        "message": "即便如此，毛萼洋蔷薇依然在引导着我，试图给予我快感。"
    },
    {
        "message": "对于她的心意，我感到无比珍惜，自然地伸手去抚摸她的乳房。"
    },
    {
        "name": "モスローズ",
        "message": "「啊呜……胸部被指尖突然夹住了……啊呜，啊啊……\\n刺痛让我无法专心服务您了……嗯嗯，嗯嗯，啊……」"
    },
    {
        "name": "モスローズ",
        "message": "「团长大人……您就静静地待着就好了吗？\\n这是……作为对帮助我的感谢……啊呜」"
    },
    {
        "message": "在用手指轻轻刺激着正在发育中的微微隆起时，毛萼洋蔷薇发出了甜美的声音。这种反应是如此可爱，让阴茎不禁跳动了几次。"
    },
    {
        "name": "モスローズ",
        "message": "「啊……里面硬硬的在跳动着……嗯啊，啊呜……您这么喜欢我的胸部吗……团长大人……？」"
    },
    {
        "message": "毛萼洋蔷薇一边笨拙地摆动着臀部摩擦着阴茎，一边惊讶地感受着阴茎在阴道内跳动的反应。在享受着愉悦感的同时，她开口回答了她的问题。"
    },
    {
        "message": "尽管在我的爱抚下痛苦挣扎着，毛萼洋蔷薇却努力地摆动着臀部。看到她这样，我感到无比珍惜，心情高涨地告诉她。"
    },
    {
        "name": "モスローズ",
        "message": "「啊呜……我好高兴……团长大人能对我说出这样的话……啊呜」"
    },
    {
        "name": "モスローズ",
        "message": "「其实……我本来是想要像个成熟大姐姐一样从容地主导的……一直都想要好好地侍奉您到最后……」"
    },
    {
        "name": "モスローズ",
        "message": "「但是，像个成熟大姐姐般从容自若的我还做不到……团长大人，您已经很兴奋了呢……」"
    },
    {
        "message": "是的，正如她所说的。所以我希望看到她更加陶醉于快感之中。"
    },
    {
        "message": "向毛萼洋蔷薇传达我的情感，同时配合着爱抚上下摆动着臀部。"
    },
    {
        "name": "モスローズ",
        "message": "「啊呜呜！从下面硬硬地顶上来……啊啊，哈呜！」"
    },
    {
        "name": "モスローズ",
        "message": "「胸部和小穴，好舒服……被团长大人，疼爱着……啊呜，啊啊，哈啊，啊啊！」"
    },
    {
        "message": "热情的爱抚和上下运动不断进行，彼此之间的快感不断升温。她也随着我的动作摇摆着她的臀部。"
    },
    {
        "name": "モスローズ",
        "message": "「啊呜，啊啊，哈啊……！我也会好好侍奉您的……用湿湿的小穴……来回搓搓……！」"
    },
    {
        "message": "毛萼洋蔷薇紧紧压着阴道口，加深了连接部位的贴合。在这种状态下反复进行淫荡的摩擦运动。"
    },
    {
        "message": "她的臀部动作看起来还有些生疏。但是被交织在一起的爱液成为了润滑剂，让笨拙一点都感觉不到。"
    },
    {
        "message": "黏膜摩擦带来的快感不断增加，甜美的快乐让彼此兴奋不已。"
    },
    {
        "name": "モスローズ",
        "message": "「哈啊，嗯嗯，唔唔，啊啊……！团长大人，看起来很舒服的样子……嗯嗯！您因为我的侍奉而感到愉悦吧……！」"
    },
    {
        "name": "モスローズ",
        "message": "「唔啊，啊啊，啊啊，好开心……！因为开心所以我……哈啊！小穴在颤抖着……好高兴呢……！」"
    },
    {
        "message": "毛萼洋蔷薇的极限即将到来。从阴道黏膜的蠢动中，感受到了高潮的迹象。\\n我的阴茎也同样紧绷到了随时射精的边缘。"
    },
    {
        "message": "为了与她一起迎接高潮，我更加剧烈地抽送着。\\n配合着爱抚，全心全意地爱着毛萼洋蔷薇。"
    },
    {
        "name": "モスローズ",
        "message": "「啊呜，啊啊，唔啊啊，唔唔唔！\\n胸部好刺痛……啊呜！\\n小穴好痉挛……唔呜！」"
    },
    {
        "name": "モスローズ",
        "message": "「肚子里热乎乎的，好多射出来！\\n团长大人的精液……好想要很多呢！」"
    },
    {
        "name": "モスローズ",
        "message": "「唔唔唔，唔呜呜，射出来……啊啊，啊啊啊……！\\n浓浓的精液……尽情地往小穴里射吧……！\\n哈啊，唔呜呜，啊啊啊，啊啊啊啊啊……！！」"
    },
    {
        "name": "モスローズ",
        "message": "「唔啊啊啊……里面硬硬的在抖动着……\\n精液，正往最深处射出来呢……」"
    },
    {
        "message": "毛萼洋蔷薇在高潮余韵中，接受着从颤抖的阴茎中喷发而出的精液。\\n灌注进她紧窄的阴道内的热量迅速将其填满。"
    },
    {
        "name": "モスローズ",
        "message": "「小穴……因为热乎乎而饱满起来了……\\n肚子里，充满了团长大人的精液呢……♪」"
    },
    {
        "message": "毛萼洋蔷薇露出了迷醉的表情，并发出湿漉漉的吐息。\\n在相互舒适的慵懒中，她张开了嘴。"
    },
    {
        "name": "モスローズ",
        "message": "「团长大人，能让您感到高兴……我很开心……\\n虽然我还没长大成熟……\\n但因为这样，我得到了喜欢的人的宠爱……♪」"
    },
    {
        "message": "毛萼洋蔷薇放松了身体，紧紧地依偎在这里。"
    },
    {
        "name": "モスローズ",
        "message": "「能够将自己原本认为是消极的事情，转化成积极的感受……\\n拥有这样的心情，我感到非常幸福……♪」"
    }
]