[
    {
        "message": "今天之后有重要的事情要做。\\n说实话，是和姜荷花的夏祭约会。\\n几天前就约好了，\\n一直迫不及待地等着这一天的到来。"
    },
    {
        "name": "クルクマ",
        "message": "「呵呵……团长，你好像很有干劲呢」"
    },
    {
        "message": "看来她也注意到了我的兴奋。\\n不知不觉间，被穿着浴衣的姜荷花搞得心烦意乱。"
    },
    {
        "name": "クルクマ",
        "message": "「那、那个……团长？\\n虽然被抱着很高兴，\\n但我们快点去祭典吧……」"
    },
    {
        "message": "不知不觉中抱住了姜荷花。\\n太阳还没有完全落山，还有一点时间。\\n稍微恋爱一下应该是可以被允许的。"
    },
    {
        "name": "クルクマ",
        "message": "「嗯……别、别摸屁股啦\\n你要是这样的话怎么办？\\n会耽误看烟火的时间的哦？」"
    },
    {
        "message": "并没有打算进行性交，\\n但一旦被这样说了就开始在意起来。\\n原本平静的阴茎膨胀起来，\\n脑海中充满了和姜荷花的行为。"
    },
    {
        "name": "クルクマ",
        "message": "「不行啦，团长……真的会耽误时间的」"
    },
    {
        "message": "虽然能理解姜荷花说的话，\\n但身体却停不下来。\\n悄悄地伸手进浴衣里，玩弄着她的乳房和性器。"
    },
    {
        "message": "淫靡的水声开始响起，不一会儿，伴随着膨胀的性欲，我跌跌撞撞地冲向床上。"
    },
    {
        "name": "クルクマ",
        "message": "「你、你真的要这样吗？」"
    },
    {
        "message": "只是简单地回答了一句，将充满渴望的阴茎对准了阴道口。湿润的花蕊迅速张开，迎接着男性的象征。"
    },
    {
        "name": "クルクマ",
        "message": "「啊……一下子……深……！！」"
    },
    {
        "message": "没有时间慢慢地推进去。一口气刺入子宫口，完全贯穿了阴茎。"
    },
    {
        "message": "无论何时插入，狭窄的阴道都紧紧地包裹着。沉浸在这种刺激中，我抬起了姜荷花的双腿。"
    },
    {
        "name": "クルクマ",
        "message": "「啊！？ 等、等一下……！ 团长！？」"
    },
    {
        "message": "像是在向她展示淫荡的双唇一样，我让她张开双腿。对于女孩来说，这种姿势肯定相当羞耻。"
    },
    {
        "name": "クルクマ",
        "message": "「竟然让我摆出这么羞耻的姿势……」"
    },
    {
        "message": "羞耻心让阴道颤动着。\\n一说出这个事实，姜荷花更加害羞了。"
    },
    {
        "name": "クルクマ",
        "message": "「就、就算不说我也知道……虽然很害羞，但还是有点心跳……」"
    },
    {
        "message": "看到这一幕，我不由得兴奋起来。\\n下意识地动着腰，\\n摩擦着兴奋得颤动的阴道。"
    },
    {
        "name": "クルクマ",
        "message": "「啊啊！ 啊啊！ 嗯嗯……咕、呼、啊啊！\\n从一开始就、激烈得……咕、嗯嗯嗯！ 啊、啊啊！」"
    },
    {
        "name": "クルクマ",
        "message": "「为什么，你会这么兴奋呢……！！\\n我知道你喜欢浴衣……但是……！！」"
    },
    {
        "message": "自己也不明白为什么看到穿浴衣的姜荷花\\n就会失控。\\n可以肯定的是，\\n她非常非常可爱。"
    },
    {
        "name": "クルクマ",
        "message": "「嘿、嗯嗯，啊，咕咕！ 深处、刺激着……！！\\n子宫都被顶起来了……！！」"
    },
    {
        "name": "クルクマ",
        "message": "「再温柔一点就好了……！！\\n哈、啊啊……啊啊嗯，嗯，啊咕啊！」"
    },
    {
        "message": "现在只能回答这是一个不可能的请求。\\n现在，我只是非常非常想要姜荷花而已。"
    },
    {
        "name": "クルクマ",
        "message": "「这样……啊，啊啊，嗯嗯，哦哦……但、但是，只一次……嗯，嗯，啊啊，啊啊！」"
    },
    {
        "name": "クルクマ",
        "message": "「答应只射一次就结束……！\\n嘿、嗯嗯，啊啊，哦哦，嗯咕咕，哈啊啊！」"
    },
    {
        "message": "关于这一点我也想好好处理。\\n但是，是否会进行第二回合还要看情况。"
    },
    {
        "name": "クルクマ",
        "message": "「呼、嗯嗯嗯……团长不停下来我知道……\\n也知道你不是坏人……！」"
    },
    {
        "name": "クルクマ",
        "message": "「只是有时候忍不住而已……\\n唔、啊啊……嗯呼，咕……啊咕，嗯嗯！」"
    },
    {
        "message": "虽然觉得很抱歉，但情绪却越来越高涨。\\n另一方面，也觉得自己需要冷静下来。"
    },
    {
        "message": "想要冷静的自己和想要享受与姜荷花的行为的自己，\\n感觉内心有两个自己在争执。"
    },
    {
        "name": "クルクマ",
        "message": "「哈、嗯嗯……唔、啊啊！ 又酥酥地了……！\\n太激烈了，小穴一直在反应着……！」"
    },
    {
        "message": "火热的小穴每一次被深入都变得更加舒畅。\\n毫无疑问，带来的快感也变得更加强烈。\\n希望能更加酥酥地、让我感受更多快乐的念头愈发强烈。"
    },
    {
        "message": "就在我感受到那一瞬间，恶意的话语脱口而出。\\n看看窗外。"
    },
    {
        "name": "クルクマ",
        "message": "「就、就算不看，也知道在映什么……」"
    },
    {
        "message": "充满羞耻的声音响起。\\n如果真的被看到了会怎样呢。\\n我改变身体的方向，向窗户展示着自己的身影。"
    },
    {
        "name": "クルクマ",
        "message": "「唔唔唔……！真、真是太不好了……！！」"
    },
    {
        "message": "在傍晚的窗户上，男女正在进行着模糊的行为。\\n看到那一刻，姜荷花的阴道紧紧地夹住了阴茎。"
    },
    {
        "name": "クルクマ",
        "message": "「嗯哈啊啊、啊啊啊……小穴又……！！\\n为什么，这么……！！」"
    },
    {
        "message": "不给任何休息的机会，继续用言语刺激着对方。\\n说实话，我也想正面看一看。"
    },
    {
        "name": "クルクマ",
        "message": "「唔唔唔唔！？！？团、团长你正面……！！！！」"
    },
    {
        "message": "是不是因为想象了一下，所以阴道更加紧致了。"
    },
    {
        "message": "为了给予更多羞耻，再次投掷恶意的话语。\\n接受这么大的东西，姜荷花你真是淫荡呢。"
    },
    {
        "name": "クルクマ",
        "message": "「呼、呼……今天的团长真是太刻薄了。\\n我自己也明白，已经变成了一个淫荡的女孩子……」"
    },
    {
        "name": "クルクマ",
        "message": "「绝对是团长的错吧？\\n因为团长总是做出激烈的淫荡行为……」"
    },
    {
        "message": "这样真的吗？至少在第一次的时候是姜荷花主动引诱我的。"
    },
    {
        "message": "之后还主动上位摇动自己的臀部，请求着用炽热的精液侵犯她，更何况姜荷花自己说喜欢强壮的阴茎。"
    },
    {
        "name": "クルクマ",
        "message": "「那、那个……确实说过，但那时候的我和现在的团长一样，只是想和团长感受快乐……」"
    },
    {
        "name": "クルクマ",
        "message": "「光是想象和团长做爱就让我的小穴湿润了……因为太想要做爱了……」"
    },
    {
        "message": "今天最羞耻的时刻让阴茎跳动不已。全身绷紧，冲击的热度也急剧上升。"
    },
    {
        "name": "クルクマ",
        "message": "「嗯咿啊！！ 呜呜、嗯、啊啊、嗯啊啊啊！！\\n团长……那个、太舒服了……！」"
    },
    {
        "name": "クルクマ",
        "message": "「哦呀啊、啊呜呜……被这样戳的话，我……就要高潮了……啊、啊啊、咕、呼呼呜！」"
    },
    {
        "message": "这边也是同样的情况。\\n阴茎膨胀到极限，射精的迹象即将到来。"
    },
    {
        "name": "クルクマ",
        "message": "「啊、嗯嗯嗯呜！ 呼、唔唔唔唔！\\n不行了，再这样下去真的……！」"
    },
    {
        "message": "姜荷花在极限快感下扭动身体。\\n这边为了不乱动，紧紧夹住双腿，专心地扭动着腰部。"
    },
    {
        "name": "クルクマ",
        "message": "「啊啊、啊啊啊啊呜！ 不行，不行了！\\n只顶到最深处……只碰到好地方……！」"
    },
    {
        "name": "クルクマ",
        "message": "「要高潮了……嗯嗯！ 快高潮了……啊啊、啊啊！\\n咕、嗯咕咕……不行不行不行不行，不行！！」"
    },
    {
        "message": "龟头热烘烘地滴着汁液。\\n意识到射精即将来临，抽插变得微微加快。"
    },
    {
        "name": "クルクマ",
        "message": "「呼啊、啊、嗯嗯，啊啊……已经到极限了……！\\n忍耐不住了……！！」"
    },
    {
        "name": "クルクマ",
        "message": "「要高潮了，嗯嗯嗯……要高潮了，\\n要高潮了呜呜呜呜呜呜呜！！」"
    },
    {
        "name": "クルクマ",
        "message": "「啊啊啊啊啊……！！\\n我……我高潮了……呼呼、呼呼、嗯嗯！ 呜呜！！」"
    },
    {
        "message": "仿佛要直接灌注到子宫里一般，\\n将姜荷花的内部染成一片白色。"
    },
    {
        "message": "与姜荷花一同迎来高潮，她无力地全身颤抖着，\\n只有阴道紧紧地收缩着，催促着精液。"
    },
    {
        "name": "クルクマ",
        "message": "「呼呼、嗯嗯……嗯嗯、呜呜呜……\\n肉棒，滴答滴答地……精液好多啊」"
    },
    {
        "name": "クルクマ",
        "message": "「唔、嗯嗯、唔、唔唔……太舒服了，\\n脑袋里一片空白……呼呼、嗯嗯、呼呼！」"
    },
    {
        "message": "紧紧拥抱着喘息不已的姜荷花，\\n刚刚射精完全沉浸在幸福中。\\n并没有想要进行第二回合的欲望。"
    },
    {
        "message": "没有违背只进行一次的约定，陶醉在余韵中，\\n等到彼此平静下来时，已经从黄昏变成了夜晚。"
    },
    {
        "name": "クルクマ",
        "message": "「已经没事了……我的呼吸也平稳了\\n而且这样下去真的来不及了」"
    },
    {
        "message": "为了赏花火而试图站起来的姜荷花。\\n然而，即使解开拥抱也没有动弹的打算。"
    },
    {
        "name": "クルクマ",
        "message": "「怎、怎么办呢……\\n浑身哆嗦，连站都站不稳了」"
    },
    {
        "message": "看来，行为太过激烈了。\\n如果可能的话，我想带她去看烟火，\\n但愿我的愿望能实现。\\n如果来不及的话，一定要好好弥补。"
    },
    {
        "message": "邀请她去祭典，也是因为渴望行为的我。\\n如果连自私的代价都无法偿还，\\n那就只能以人的身份结束了。"
    }
]