[
    {
        "name": "スイレン",
        "message": "「啊……这里……这里，感觉很好……主人……\n啊，有点用力……有点用力但是，感觉很舒服……」"
    },
    {
        "message": "对着睡莲，不管是打扫还是洗衣等等，\n所有事情都由她来照料。为了回报她，今天给她做了油压按摩。"
    },
    {
        "name": "スイレン",
        "message": "「平常我都是给主人做按摩的一方，\n感觉有点奇怪呢……\n啊，这里很舒服呢……感觉很舒服……」"
    },
    {
        "message": "花骑士是个需要运用身体的职业，身体得到了锻炼，\n并不需要用力揉搓。拉伸僵硬的筋膜，促进血液循环。\n仅此就已经足够有效了。"
    },
    {
        "name": "スイレン",
        "message": "「啊……很舒服……主人的手，轻轻地在我全身上滑动……\n渐渐地血液循环变好了样子……」"
    },
    {
        "message": "从睡莲的颈部到肩膀，从肩膀到手臂。\n再回到肩膀，从肩膀到背部，从背部到腰部，\n像是涂抹油一样，稍微用力压迫表面。"
    },
    {
        "name": "スイレン",
        "message": "「但是……这个感觉……嗯……\n不只是血液循环变好了，身体也变得热热的……\n就像被主人全身爱抚一样……啊……啊……」"
    },
    {
        "message": "我们完全没有那样的意图，\n但睡莲开始呻吟起来。油压按摩的舒适感似乎引发了另一种愉悦。"
    },
    {
        "name": "スイレン",
        "message": "「哈……啊……主人……我……我……哈、哈……\n身体变得火热了，嗯……哈、哈……已经、忍不住了……\n主人……请让我、感受愉快吧……」"
    },
    {
        "message": "被睡莲那含情脉脉的眼眸所恳求，我实在无法不答应。"
    },
    {
        "name": "スイレン",
        "message": "「啊……主人的硬鸡巴，进来了……嗯嗯！」"
    },
    {
        "message": "我抱起睡莲，从后面插入。她浑身涂满了油，触感极好。"
    },
    {
        "name": "スイレン",
        "message": "「啊，哈啊……这个，感觉好舒服……嗯」"
    },
    {
        "message": "刚插入而已，睡莲的阴道就开始不停地刺激我的阴茎。她说身体发热，确实不假。"
    },
    {
        "name": "スイレン",
        "message": "「啊……好，嗯……太舒服了，这个……啊……」"
    },
    {
        "message": "虽然觉得有些不可思议，但按摩使用的油里\\n会不会掺杂了春药成分呢？"
    },
    {
        "name": "スイレン",
        "message": "「没有的……成分已经确认过了\\n纯粹是因为……嗯……我渴望主人而已……」"
    },
    {
        "message": "睡莲一边说着，一边扭动着腰部。\\n轻轻地被摆动着，却带来难以言喻的快感。"
    },
    {
        "name": "スイレン",
        "message": "「自己动手，嗯……好害羞……但是，\\n忍不住……嗯……啊……太好了……」"
    },
    {
        "message": "睡莲完全失去了往常的从容，完全沉浸在快感之中。\\n既然如此，我决定开始爱抚她的身体。"
    },
    {
        "name": "スイレン",
        "message": "「啊，嗯嗯……\\n主人，您是要继续按摩吗？」"
    },
    {
        "message": "我给睡莲的背部做了按摩，但没有触摸前面。\\n于是，我先享受她的腹部凸起。"
    },
    {
        "name": "スイレン",
        "message": "「那里是女孩最想隐藏的地方，容易积聚脂肪……嗯！\\n一开始就触摸那里，主人真坏……啊啊……」"
    },
    {
        "message": "作为花骑士进行训练，\\n睡莲的腹部几乎感觉不到脂肪。\\n但并非没有。\\n肚脐周围特别柔软有弹性。"
    },
    {
        "name": "スイレン",
        "message": "「啊，不行，嗯，肚脐，别碰那里，嗯嗯！」"
    },
    {
        "message": "在肚脐里挠痒时，睡莲扭动身体。\\n同时，阴道甜美地紧紧包裹着阴茎。"
    },
    {
        "name": "スイレン",
        "message": "「别、别这样坏……」"
    },
    {
        "message": "普通的睡莲是不会有的，像是天真无邪的少女一样的抵抗，\\n让我的血液沸腾起来。"
    },
    {
        "name": "スイレン",
        "message": "「啊，嗯嗯，主人的肉棒，在里面，抽搐着，嗯嗯！」"
    },
    {
        "message": "强烈地忍住想要猛烈冲刺的冲动，\\n伸手去触摸还未尽兴的部位。"
    },
    {
        "name": "スイレン",
        "message": "「……诶！？ 主人！？ 那里是、腋下啊……？ 嗯嗯！」"
    },
    {
        "message": "从睡莲的下腹到侧腹，\\n然后手顺着上移，到达了睡莲的腋下。\\n这里也需要进行充分的按摩。"
    },
    {
        "name": "スイレン",
        "message": "「啊……被主人触摸到这种地方，好羞耻……嗯！」"
    },
    {
        "message": "即使是花骑士也无法锻炼到腋下部位。\\n睡莲的腋下非常柔软，\\n涂上油后发出淫荡的声音。"
    },
    {
        "name": "スイレン",
        "message": "「主人，你的触摸方式好色情……嗯……而且有点痒痒的……啊啊啊……」"
    },
    {
        "message": "总有一天，我想让睡莲用她的腋下来侍奉我的阴茎。"
    },
    {
        "name": "スイレン",
        "message": "「这么特殊的……\\n但是，如果主人希望的话，随时都会……呃……为您效劳的……」"
    },
    {
        "message": "听到说出这样坚强的话语的睡莲，令人感到可爱，温柔地拥抱着。\\n她的身体被润滑油涂抹着。"
    },
    {
        "name": "スイレン",
        "message": "「啊啊啊啊啊！」"
    },
    {
        "message": "因为被润滑油涂抹着，手滑了下去，\\n用手掌在乳头上划出了痕迹。\\n就在那个瞬间，睡莲发出了异常大的娇喘声。"
    },
    {
        "name": "スイレン",
        "message": "「突然间，呃、哈、哈、这样……乳头、嗯嗯……\\n哈、别碰，呃……」"
    },
    {
        "message": "睡莲的阴道在抽搐着。\\n只是稍微触碰了一下乳头，似乎就轻微地达到了高潮。"
    },
    {
        "name": "スイレン",
        "message": "「哈、哈……居然这么、感觉到……\\n平常绝对不会有这种事情，为什么、这样……\\n呃、哈、哈……啊……嗯嗯！」"
    },
    {
        "message": "重新给睡莲的乳房涂抹上润滑油。\\n不仅丰满度令人称奇，形状和柔软度也十分出色。"
    },
    {
        "name": "スイレン",
        "message": "「嗯嗯、啊……明明没有触碰到敏感的地方，却、嗯！\\n腰部动了起来……嗯……哈、哈啊啊……」"
    },
    {
        "message": "乳头不要碰，只是轻轻地托起整个乳房，\\n好好享受它的重量。\\n重量感也毫不逊色。"
    },
    {
        "name": "スイレン",
        "message": "「主人，嗯……您喜欢胸部对吧……\\n啊……哈啊……更、更多地，摸摸，可以吗？\\n被主人触摸着，感觉很舒服……开心……啊！」"
    },
    {
        "name": "スイレン",
        "message": "「啊啊啊啊啊！」"
    },
    {
        "message": "得到了允许触摸的许可，这次开始好好抚摸乳头。\\n用沾满润滑油的指尖，揉搓着挺立的乳头。"
    },
    {
        "name": "スイレン",
        "message": "「指、嗯嗯！ 哈、哈、敏感，嗯嗯嗯……！\\n乳头、啊……嗯嗯，好舒服……哈、哈、啊、嗯嗯！」"
    },
    {
        "message": "用手指轻弹乳头，睡莲的身体颤抖了一下。"
    },
    {
        "name": "スイレン",
        "message": "「那个，好舒服，呢……！ 哈啊啊……！\\n嗯嗯……啊……嗯嗯……！」"
    },
    {
        "message": "陶醉在快感中的睡莲变得无法自拔，缓慢地抬起阴道。\\n彼此呼吸相合，性器相互摩擦。"
    },
    {
        "name": "スイレン",
        "message": "「哈、啊……嗯……啊……主人……嗯……那个……\\n呼、很舒服，呢……」"
    },
    {
        "name": "スイレン",
        "message": "「这么慢慢地……动着，嗯……\n深入，相互摩擦……哈啊，哈啊……啊……\n好像已经记住了主人的肉棒的形状……嗯……\n哈啊，啊……有点发麻……」"
    },
    {
        "name": "スイレン",
        "message": "「啊……哈啊……啊啊……！\n主人的肉棒，慢慢地，进出着……嗯！\n只是这样，啊呜呜……感觉好极了……嗯嗯嗯！\n好像要高潮了……！」"
    },
    {
        "message": "精心的抽送和睡莲温柔的腰部运动。\n彼此都感受到彼此接近高潮。"
    },
    {
        "name": "スイレン",
        "message": "「哈啊……哈啊……啊……这么慢，却……！\n比平常更加，嗯嗯！　强烈地感受到了……！\n啊……哈啊，哈啊……哎呀呀……要高潮了……！」"
    },
    {
        "name": "スイレン",
        "message": "「主人……嗯……主人啊……！\n哈啊，哈啊……我，嗯嗯……我……！　被主人所爱着……！\n要高潮了……我要高潮了……嗯啊啊啊啊啊！」"
    },
    {
        "name": "スイレン",
        "message": "「啊啊啊啊……哈啊，哈啊……嗯嗯，充满了体内……\n哈啊，哈啊……」"
    },
    {
        "message": "射精追随着收缩的睡莲阴道。\n在阴道收缩和阴茎跳动的同时，彼此同时达到高潮。"
    },
    {
        "name": "スイレン",
        "message": "「嗯嗯… 哈… 哈… 太棒了…\n可能是第一次感觉如此舒服…\n仿佛全身都被主人包裹着，沐浴在喜悦之中…」"
    },
    {
        "message": "睡莲带着陶醉的表情愉快地说道。"
    },
    {
        "name": "スイレン",
        "message": "「……可是，总觉得输了，有点气馁。」"
    },
    {
        "message": "满足的睡莲突然变得不服气。\\n不知何时已经算是赢了。"
    },
    {
        "name": "スイレン",
        "message": "「被这样舒服地抚摸，作为女仆感觉有些输掉了\\n下次我会给主人做按摩的\\n到那时，请记住哦？」"
    },
    {
        "message": "对抗心被点燃的睡莲露出了傲慢的笑容。\\n感觉好像变得有些麻烦，\\n但迫不及待地想要享受油压按摩。"
    }
]