[
    {
        "name": "ブラックベリー",
        "message": "「唉，果然我这样的人，和团长君是不合适的吧」"
    },
    {
        "message": "突然，黑莓说出了这样的话。为什么她会这样想我完全摸不着头脑，她过度的谦虚还在继续。"
    },
    {
        "name": "ブラックベリー",
        "message": "「嘛，比我可爱的花骑士有很多呢。团长君喜欢的女孩子有多少个，也不奇怪啦」"
    },
    {
        "name": "ブラックベリー",
        "message": "「前几天，偶然看到团长君……他和一个花骑士在一起，看起来很亲密。比起我来，真的很相配呢」"
    },
    {
        "message": "看起来是误会了他和其他花骑士交谈的场景。所以造成了奇怪的误解。"
    },
    {
        "message": "但是眼中只有黑莓一个人。虽然造成了误解要道歉，但是真心想着的却只有她。"
    },
    {
        "message": "表达出真实的感情，并低下头希望她能开心起来。"
    },
    {
        "name": "ブラックベリー",
        "message": "「……既然你都说到这份上了，就让我确认一下团长君的心意吧……」"
    },
    {
        "message": "如果这样你就能相信我的话，那就太划算了。希望能按照她所希望的去做。说完后，接受了靠近我的黑莓。"
    },
    {
        "name": "ブラックベリー",
        "message": "「团长，快……想要你在里面……嗯嗯……」"
    },
    {
        "message": "一边抓着有弹性的黑莓臀部，\\n一边让硕大挺立的阴茎慢慢进入。"
    },
    {
        "name": "ブラックベリー",
        "message": "「啊……好硬，一点点进来……嗯啊……\\n我的里面，已经完全变成了团长的形状，你感受到了吧……」"
    },
    {
        "name": "ブラックベリー",
        "message": "「呼……这样一直深入到最深处，会不会……？\\n想在深处感受你的存在……」"
    },
    {
        "message": "按照黑莓的要求，\\n一把抓住她的臀部，让龟头一口气到达子宫。"
    },
    {
        "name": "ブラックベリー",
        "message": "「嗯啊、啊呜呜呜呜呜呜……！」"
    },
    {
        "message": "占领的瞬间，紧张感传遍了怀中的身体。\\n传达的是宽慰和愉悦。\\n痛苦和苦恼都消失无踪。"
    },
    {
        "name": "ブラックベリー",
        "message": "「团长……完全、全部进入到我的肚子里了……\\n这种被填满的感觉……让我有些安心……」"
    },
    {
        "message": "耳边传来的坦白毫不虚假。\\n但声音中除了宽慰还包含着其他情绪。"
    },
    {
        "name": "ブラックベリー",
        "message": "「作为回报，我来动一下吧……？\\n虽然可能不能让你感到太舒服……\\n但我还是想回报你上次的感谢，团长可以安静地待着哦……」"
    },
    {
        "message": "黑莓一边表现出嫉妒的谦逊，\\n一边开始主动扭动起了腰部。"
    },
    {
        "name": "ブラックベリー",
        "message": "「嗯……啊啊……像是在摩擦硬硬的东西……嗯嗯……\\n用淫荡的方式扭动着腰部……嗯啊……啊啊……」"
    },
    {
        "name": "ブラックベリー",
        "message": "「为了让你能感受到一点点快感……我会努力的……\\n因为这样做，团长会在我的身体里感受到这样的摩擦……」"
    },
    {
        "message": "虽然略显生疏，\\n但黑莓灵巧地重复着粘膜的摩擦。"
    },
    {
        "message": "随着贴合的阴道肌肉不断摩擦，一种甜美的麻痹感传遍了腰部。\\n握住臀部的手也自然地加大了力道。"
    },
    {
        "name": "ブラックベリー",
        "message": "「嗯啊……团长好像在揉我的屁股一样……\\n发生了什么呢……突然用力地握住我……」"
    },
    {
        "message": "那是因为持续不断地受到阴茎的刺激，使得兴奋不断增加。\\n她自己也应该明白原因。\\n在享受着愉悦的快感的同时，\\n她坦诚地回答了提问。"
    },
    {
        "name": "ブラックベリー",
        "message": "「呵呵……没想到这么快就能让你高兴起来呢……」"
    },
    {
        "name": "ブラックベリー",
        "message": "「这样的话……或许我也能成为与团长君匹敌的花骑士呢……\\n而且还能好好地回报上次的感谢……真开心……」"
    },
    {
        "name": "ブラックベリー",
        "message": "「要更舒服一点哦……？\\n我的小穴……尽情享受吧……啊、嗯……啊呀」"
    },
    {
        "message": "握住臀部的手掌传达出她对这边的渴望。"
    },
    {
        "message": "积极地扭动着腰部，全心全意地刺激着阴茎。\\n对于她的兴奋和献身，双手都加大了力道。"
    },
    {
        "name": "ブラックベリー",
        "message": "「啊、啊啊、啊啊、嗯啊啊、团长君的手，好厉害……唔唔\\n被这样抱着，屁股都要发烫了……」"
    },
    {
        "name": "ブラックベリー",
        "message": "「停不下来了呢……啊呀、嗯呀、唔唔、嗯唔唔……\\n鸡巴，要更加乱来一点……\\n彻底地……想要更舒服一点……」"
    },
    {
        "message": "就是想要这样。对于最心爱的黑莓。\\n握紧上下摆动的臀部，满怀着欲望和渴望。"
    },
    {
        "name": "ブラックベリー",
        "message": "「嗯、啊……团长君……♪」"
    },
    {
        "message": "随后，阴道肌肉收缩，粘膜和爱液交织在一起。\\n耳边传来的呼喊声中透露出一丝妖艳的喜悦。"
    },
    {
        "name": "ブラックベリー",
        "message": "「这样说要负责任地让我安心……啊、嗯啊、啊啊\\n那么……证明我被爱着，让我安心吧……」"
    },
    {
        "name": "ブラックベリー",
        "message": "「来了……激烈一点！嗯呜、啊啊、啊呜呜、嗯呜呜！\\n一起达到高潮，证明一下……！光是这样就足够了……！\\n哈呜、啊啊、嗯啊！」"
    },
    {
        "message": "黑莓的阴道粘膜收紧异常。\\n她的阴道肌肉缠绕着，猛烈地刺激着阴茎。"
    },
    {
        "name": "ブラックベリー",
        "message": "「呼、嗯嗯、啊啊、啊啊\\n鸡巴，猛烈地摩擦……\\n就像在搅动我的肚子一样……哈啊、嗯呜、嗯呜呜！」"
    },
    {
        "name": "ブラックベリー",
        "message": "「如果你先射了，可不行哦！？哈啊、哈呜、啊啊、啊啊！\\n一起，一起高潮！我想和你一起……！」"
    },
    {
        "name": "ブラックベリー",
        "message": "「如果你喜欢我，我们能一起达到高潮吧！？\\n被小穴弄得乱七八糟，完全无所谓吧！？」"
    },
    {
        "message": "她淫荡的腰部动作毫不留情地驱使着射精。"
    },
    {
        "message": "在热情和爱液中完全沉浸的阴道内反复被侵犯，\\n阴茎已经膨胀到极限。\\n处于随时可能爆发的状态下，\\n紧握着她的臀部，期待着她的高潮。"
    },
    {
        "name": "ブラックベリー",
        "message": "「哈啊啊、嗯呜、啊啊、嗯啊……\\n团长君的，已经快要爆发了！\\n忍住了吧！哈、嗯啊、啊啊！」"
    },
    {
        "name": "ブラックベリー",
        "message": "「好高兴，团长！啊，啊呜呜！\\n快点，给我热烈的吧！浓稠的精液，想要在子宫里！\\n那样我就会高潮了！我也会高潮的！」"
    },
    {
        "name": "ブラックベリー",
        "message": "「和团长一起高潮！一起达到高潮……！\\n啊呜、哈啊啊、高潮了、啊啊啊啊！\\n射出充满爱的精液，射出来吧！\\n小穴，要被精液填满啊啊啊啊啊！！」"
    },
    {
        "name": "ブラックベリー",
        "message": "「嗯呜呜呜……\\n子宫里，精液滴滴答答地……被标记了哦……♪」"
    },
    {
        "message": "达到极限喷发的浑浊液体，\\n喷洒进了黑莓的阴道内。\\n同时感受到了安心的高潮，\\n阴茎跳动着喷出精液。"
    },
    {
        "name": "ブラックベリー",
        "message": "「肚子里……充满了团长的爱……\\n能射这么多出来……没想到……\\n我喜欢这个……就像被你包裹着一样……好幸福♪」"
    },
    {
        "message": "充满阴道的精液重量，\\n是由于黑莓热情而激烈的行为所产生。"
    },
    {
        "message": "低语着，不断地安抚着疲惫的身体。"
    },
    {
        "message": "渐渐恢复了正常呼吸后，黑莓靠近摩擦着我的脸颊。"
    },
    {
        "name": "ブラックベリー",
        "message": "「……对不起，团长……我有点嫉妒变得有点沉重了……\\n明明工作上还有很多机会和其他花骑士交谈呢……」"
    },
    {
        "name": "ブラックベリー",
        "message": "「第一次这么喜欢一个人，所以有点不安……\\n为了不让自己产生奇怪的嫉妒，以后会小心的……」"
    },
    {
        "message": "不只是黑莓道歉。\\n我也保证不会让你产生奇怪的误会。"
    },
    {
        "name": "ブラックベリー",
        "message": "「嗯……谢谢……温柔的团长，我好喜欢你……♪」"
    },
    {
        "message": "黑莓温柔地靠近。\\n我也温柔地回抱着她。"
    }
]