[
    {
        "name": "レインボーローズ",
        "message": "「我有件事想请你帮个忙……」"
    },
    {
        "message": "彩虹玫瑰脸红低下头。\\n从她害羞的样子可以察觉到，她说的事情很难启齿。"
    },
    {
        "message": "我促使她继续说下去，想要听详细的内容。"
    },
    {
        "name": "レインボーローズ",
        "message": "「其实……在实验教室，孩子们问了我一个问题……\\n那个问题，我无法回答……」"
    },
    {
        "name": "レインボーローズ",
        "message": "「那个……孩子问怎么做的……\\n我虽然有知识……但因为没有经验……无法好好解释」"
    },
    {
        "name": "レインボーローズ",
        "message": "「我答应下次实验教室前一定要好好教他们……\\n所以……我想请你详细教教我」"
    },
    {
        "message": "彩虹玫瑰含羞地看着我。\\n听完她的请求，即使脸红也无法改变这个内容是令人难为情的事实。"
    },
    {
        "message": "但是我不禁奇怪起来，感觉理由并不只是这样。\\n从彩虹玫瑰的眼中，除了责任感，还似乎寄宿着其他情感。"
    },
    {
        "name": "レインボーローズ",
        "message": "「只有你才能帮忙……因为不想让团长知道，请你了……」"
    },
    {
        "message": "或许是我误会了，但感觉就像是在表白爱意。面对心上人的态度，我主动迎接她的身体。"
    },
    {
        "name": "レインボーローズ",
        "message": "「团长的……好热、好硬……\\n我已经做好觉悟了……就这样进来吧……嗯嗯」"
    },
    {
        "message": "牵着她的双手，将勃起的阴茎压向阴道口。\\n慢慢地插入肿胀的龟头，热量从龟头传遍整个身体。"
    },
    {
        "name": "レインボーローズ",
        "message": "「嗯啊啊……！ 嗯嗯……从前面进来了……啊啊、\\n我的里面，慢慢地被撑开了……」"
    },
    {
        "message": "阴茎在中途遇到强烈的阻力。\\n在突破那层膜之前，再次确认了彩虹玫瑰的意愿。"
    },
    {
        "name": "レインボーローズ",
        "message": "「嗯嗯……没关系……只要是团长的话，\\n我希望把我的第一次……给你……！」"
    },
    {
        "message": "得到允许后，用力挺动腰部。\\n握着她的手，用力顶起阴茎。"
    },
    {
        "name": "レインボーローズ",
        "message": "「嗯嗯嗯嗯啊啊啊……！ 团长的，碰到最深处了……！ 啊啊啊啊！」"
    },
    {
        "name": "レインボーローズ",
        "message": "「啊啊啊……我的里面……已经被撑得满满的了……嗯、啊啊！\\n全部都……被接纳进来了呢……」"
    },
    {
        "message": "彩虹玫瑰微笑着说道。\\n从她握紧的手和颤抖的声音中可以感受到初次插入的疼痛。"
    },
    {
        "message": "如果疼痛太厉害的话，下次再来也可以。"
    },
    {
        "name": "レインボーローズ",
        "message": "「没关系……虽然有点疼……但感受到团长的热度在里面……\\n就感到安心，有点平静下来了……」"
    },
    {
        "message": "眼中含泪的彩虹玫瑰，用一种充满爱意的眼神凝视着这边。"
    },
    {
        "name": "レインボーローズ",
        "message": "「初次性行为中感受到的疼痛和与团长连接在一起的安心感……\\n这两种我以前不曾体会过的感觉，都在此刻教会了我……」"
    },
    {
        "name": "レインボーローズ",
        "message": "「嗯唔……啊，接下来是……怎么造人的方法……更详细地，想要你教我……\\n让我牢牢记住，不要忘记了……」"
    },
    {
        "name": "レインボーローズ",
        "message": "「我没事的……肉棒舒服地变硬，直到射精为止……\\n希望你在里面多动一点……」"
    },
    {
        "message": "彩虹玫瑰希望能经历到最后一刻。\\n为了满足她的愿望，我轻吻她，开始温柔地推动着臀部。"
    },
    {
        "name": "レインボーローズ",
        "message": "「嗯……！ 嘟嘟……嗯嗯、吸啊……\\n团长……就这样动下去，让我尽情地感受吧……吸啦」"
    },
    {
        "name": "レインボーローズ",
        "message": "「啊……亲亲，被吻着擦着……\\n我一点也不疼……嗯亲亲，亲亲，嗯嗯……」"
    },
    {
        "message": "慢慢地活动着僵硬的阴道壁，\\n给予摩擦带来的刺激。\\n直到疼痛完全消失，一点点地让她感受到快感。"
    },
    {
        "name": "レインボーローズ",
        "message": "「嗯啊……啊啊……！ 真厉害……嗯嗯……\\n不同于疼痛的，一阵刺刺的感觉……渐渐变得更强烈了……嗯亲亲，亲亲」"
    },
    {
        "name": "レインボーローズ",
        "message": "「更想要团长的鸡巴……嗯亲亲，在里面动起来就会感觉很舒服的……」"
    },
    {
        "message": "慢慢地让阴茎在阴道粘膜上摩擦。\\n在接吻和抽送中，抽插逐渐变得顺畅起来。"
    },
    {
        "name": "レインボーローズ",
        "message": "「啪嘭、啪嘭、啪嘭……啊啊啊……\\n里面发出咚咚的声音……热量在身体中扩散开来……嗯嗯，哈啊！」"
    },
    {
        "message": "龟头撞击着阴道深处，彩虹玫瑰的双唇分开。\\n担心她会感到疼痛，但看她脸上的表情却是陶醉的。"
    },
    {
        "name": "レインボーローズ",
        "message": "「哦哈啊啊……！ 嗯嗯，啊啊……！\\n就这样……多摩擦，感觉很舒服就好了……\\n然后，精液流出来了……孩子就会出现了……嗯嗯！」"
    },
    {
        "message": "彩虹玫瑰逐渐加重兴奋。\\n坦然地接受快感，并发出甜美的声音，陶醉其中。"
    },
    {
        "name": "レインボーローズ",
        "message": "「啊……啊……！ 队长……再用力一点……\\n疼痛已经完全没事了……\\n随你喜欢动，让自己感觉舒服吧」"
    },
    {
        "message": "已经完全松弛的阴道多次紧紧地吸附着阴茎。\\n通过与彩虹玫瑰激烈的情绪紧密接触的粘膜，\\n加快了腰部的前后摆动。"
    },
    {
        "name": "レインボーローズ",
        "message": "「啊啊、嗯啊……啊啊……！\\n里面，摩擦得好多……啊啊、哈呜！」"
    },
    {
        "name": "レインボーローズ",
        "message": "「我也……感觉好舒服……！ 身体的热度变得更强了……\\n小穴……！ 嗯啊、嗯啊、啊啊……！ 快要高潮了……」"
    },
    {
        "name": "レインボーローズ",
        "message": "「和队长的性行为……\\n原来生育行为这么舒服，我不知道呢……！」"
    },
    {
        "message": "在激动的阴茎划过阴道肌肉的同时，我也加入了一些话语。"
    },
    {
        "message": "确认了爱意之后，生孩子会更容易。\\n轻声说着，从连接部传来的贴合感更加强烈了。"
    },
    {
        "name": "レインボーローズ",
        "message": "「是的，是这样呢……！ 如果传达爱意的话……更多……嗯嗯、呜呜！\\n那样的话……实际上，还是需要确认一下呢……！」"
    },
    {
        "message": "在激烈的腰部运动中摩擦着阴道肌肉，\\n感受到手掌上施加了力量。"
    },
    {
        "name": "レインボーローズ",
        "message": "「喜欢你……团长，好喜欢你……嗯嗯，啊……\\n能感受到和你相爱的幸福……\\n只要感受着你在里面，就会变得温暖……！」"
    },
    {
        "message": "她的话语渐渐融入全身。\\n感受到的喜悦转化为深深的爱意，\\n我也在传达着我的爱。"
    },
    {
        "name": "レインボーローズ",
        "message": "「啊啊啊、嗯啊啊……！ 团长的心意传达过来了……\\n胸中一阵翻腾……哈啊啊、啊啊啊……！」"
    },
    {
        "name": "レインボーローズ",
        "message": "「小穴深处有些酸痛……感觉不一样了……」"
    },
    {
        "message": "一边呐喊着自己的情感，一边不停地扭动着腰部，\\n阴道内的温度升高，爱液也更多地缠绕在阴茎上。"
    },
    {
        "message": "愉悦感明显地增强。\\n抽送的力度也加剧，我们的极限也逐渐接近。"
    },
    {
        "name": "レインボーローズ",
        "message": "「我、想再亲吻你……嗯嗯、啊啊……\\n想和团长接吻，一起享受快乐……嗯嗯」"
    },
    {
        "message": "在彩虹玫瑰还没说完之前就抢走了她的唇。\\n鼻息粗重地继续扭动着腰部。"
    },
    {
        "message": "主动地舌战，让阴茎更加振奋。\\n已经紧绷到极限的勃起已经到了快要迸发的边缘。"
    },
    {
        "name": "レインボーローズ",
        "message": "「嗯嗯、啾啾……啾啾啾、啾啾……啾噼……！\\n现在，鸡巴变得好大……嗯嗯呜！\\n好像要射了呢？精液……要在里面滴答滴答地流出来了……！」"
    },
    {
        "name": "レインボーローズ",
        "message": "「不要忍着……啾啾、啾噼……就让它射出来吧……\\n一直到最后……想要你教我生孩子的方法」"
    },
    {
        "message": "紧握着手，不断地进行抽插。\\n在猛然顶击深处的瞬间，感受到精液冲上尿道。"
    },
    {
        "name": "レインボーローズ",
        "message": "「嗯嗯呜……！ 嗯啊啊啊呜……\\n我也要高潮了……因为和团长一起很舒服！」"
    },
    {
        "name": "レインボーローズ",
        "message": "「射出来吧……！ 啾啾，团长浓稠的精液……！\\n倒进我的深处……\\n嗯啊啊啊啊啊！！」"
    },
    {
        "name": "レインボーローズ",
        "message": "「呼呀呀呀呀……！ 热的，流出来了……\\n里面，被注入了好多滴答滴答的东西……嗯唔唔……」"
    },
    {
        "name": "レインボーローズ",
        "message": "「鸡巴，好厉害地颤抖着……嗯嗯呜，哈啊啊……\\n原来精液，这么热烈地喷射出来的呢……」"
    },
    {
        "message": "释放积蓄的浓稠生殖液，充盈着彩虹玫瑰的阴道。\\n射精结束后，为了调整呼吸而分开了双唇。"
    },
    {
        "name": "レインボーローズ",
        "message": "「嗯唔唔……吸一口气……！ 哦啊啊……噢噢噢……\\n太舒服了，已经无法忘记生孩子的方式了吧……」"
    },
    {
        "message": "彼此充满满足感，品味着极致的余韵。\\n这时，彩虹玫瑰忽然开口了。"
    },
    {
        "name": "レインボーローズ",
        "message": "「我……其实，是想借着孩子们的问题……和团长……做爱的……\\n因为害羞，才编造了那样的借口……对不起……」"
    },
    {
        "message": "听到彩虹玫瑰的告白，我也隐约意识到了。\\n她再次因害羞而脸颊泛起红晕，显得非常可爱。"
    }
]