[
    {
        "name": "ヒメシャラ",
        "message": "「今天又是平安度过的一天，团长\\n辛苦了♪」"
    },
    {
        "message": "回答说是多亏了日本紫茎，我抚摸着她那绚丽的黑发。"
    },
    {
        "message": "作为副团长，得益于她的支持，今天一天才能够平安度过。尽管偶尔也有岩白菜的帮助，但这都是多亏了她。"
    },
    {
        "name": "ヒメシャラ",
        "message": "「呵呵……是吗？ 是吗♪\\n那么我……想要点奖励\\n撒娇可以吗？」"
    },
    {
        "message": "无论如何。\\n微笑着，日本紫茎紧紧地拥抱了过来。除开被挤扁的丰满胸部，这就像是一个撒娇的孩子一样。"
    },
    {
        "message": "就这样，她带着迷人的上瞄眼神看着我。\\n从她的眼中，流露出了明显的热切好意。"
    },
    {
        "name": "ヒメシャラ",
        "message": "「今晚……请交给我吧……\\n我自己也想要让你神魂颠倒」"
    },
    {
        "message": "与平时不同的口气，可以说是一个信号。答应了这样可爱的请求后，我回应着拥抱并吻住了她的嘴唇。"
    },
    {
        "name": "ヒメシャラ",
        "message": "「啾……啾……团长大人、团长大人……♪\\n虽然我已经神魂颠倒了……\\n今晚我要让你也、神魂颠倒～\\n啾、嗯嗯～」"
    },
    {
        "name": "ヒメシャラ",
        "message": "「今天也是，好大……嗯呜，嗯呜～～♪」"
    },
    {
        "message": "在秘裂中品味着龟头的膨胀，日本紫茎陶醉地叹息着。\\n那是一口甜腻而浓烈到能刺激大脑的吐息从鼻子中传来。"
    },
    {
        "message": "感受到这样的事情，理智是无法保持的。\\n明明还只有前端进入，却忍不住向日本紫茎寻求吻。"
    },
    {
        "name": "ヒメシャラ",
        "message": "「啾……啾咪♪\\n呵呵，撒娇的团长也是我喜欢的类型……\\n啾噗，啾噗……」"
    },
    {
        "name": "ヒメシャラ",
        "message": "「嗯唔，啾咪……啾噗，嗯嗯\\n口水，流得好多……都是因为你……\\n嗯呣嗯，啾噗嗯，啾噗嗯嗯」"
    },
    {
        "message": "意识中弥漫着一片粉色的幸福感。\\n忍不住握住了日本紫茎丰满的臀部。"
    },
    {
        "name": "ヒメシャラ",
        "message": "「嗯呜，嗯嗯……稍微再……再多一点……\\n忍耐不住了哦、团长……啾，啾噗嗯」"
    },
    {
        "name": "ヒメシャラ",
        "message": "「现在，在更深处……插进去给你看吧\\n嗯呜，嗯唔唔唔～」"
    },
    {
        "message": "伴随着触及阴道深处的感觉，\\n充盈而颤抖的吐息灌入口中。"
    },
    {
        "message": "全身燃烧般的炽热。\\n然而在感受之际，舌头便缠绕上来，\\n将积蓄的唾液细致地吮吸着。"
    },
    {
        "name": "ヒメシャラ",
        "message": "「嗯，啾噜噜～♪ 嗯姆，嗯，嗯咕噜……」"
    },
    {
        "name": "ヒメシャラ",
        "message": "「啪……啊，好美味\\n你的口水……流淌到肚子底部……变得炽热」"
    },
    {
        "name": "ヒメシャラ",
        "message": "「你也应该感受到……♪\\n我心跳加速……紧紧地夹住了你的……」"
    },
    {
        "message": "在那样子的阴道拥抱中，肉棒流下了欢喜的眼泪。\\n紧贴着，纠缠在龟头上的肉褶。\\n一不留神就会射精的程度。"
    },
    {
        "name": "ヒメシャラ",
        "message": "「呵呵……当然啦\\n因为……我是你的女人」"
    },
    {
        "message": "那是一种骄傲的微笑。"
    },
    {
        "name": "ヒメシャラ",
        "message": "「你的形状、粗细、长度、温度……我的身体都记得\\n无论身在何处都不会让我感到孤单，\\n正如曾经说过的，一刻也不会让我忍耐下去」"
    },
    {
        "name": "ヒメシャラ",
        "message": "「这颗心，这具身体……全部都属于你\\n除了你，别人不可以触碰我的皮肤和头发……」"
    },
    {
        "message": "于是，可爱的誓言中断了。\\n眉头微微皱起，接下来的话语中透露出一丝探寻的意味。"
    },
    {
        "name": "ヒメシャラ",
        "message": "「……对不起，团长\\n只有让贝尔碰触的事情，请原谅……\\n梳头发、洗澡，\\n如果没有贝尔在身边，我什么都做不了……」"
    },
    {
        "message": "正因为她如此照顾人，\\n所以我也觉得她可爱。\\n根本就没有问题。"
    },
    {
        "message": "作为回应，我抚摸了一下她的臀部。"
    },
    {
        "name": "ヒメシャラ",
        "message": "「嗯……是吗……呵呵\\n但是……只摸屁股就够了吗？\\n胸部也……可以摸吗？」"
    },
    {
        "message": "虽然是个迷人的提议，但现在我只想享受她的臀部。\\n于是我继续用我的手指探索，品味着她柔软的臀部。"
    },
    {
        "message": "光是触摸就让我陶醉不已，男人的本能被激发了。\\n她对我如此奉献自己激起了我的兴奋，\\n甚至让我发出了想要尽快射精的撒娇声。"
    },
    {
        "name": "ヒメシャラ",
        "message": "「呵呵……你说的话让我很开心\\n那么就继续……好好品味我的臀部♪」"
    },
    {
        "name": "ヒメシャラ",
        "message": "「其他事情就交给我吧……\\n我会让你神魂颠倒的♪」"
    },
    {
        "message": "已经变得如此。虽然如此想着，却将其深藏在心底。\\n不想打扰正在愉快地进行抽插的日本紫茎。"
    },
    {
        "name": "ヒメシャラ",
        "message": "「呼呼……嗯啊，啊啊，嗯嗯♪\\n滋滋滋……在里面，好舒服……我要好好地……抚摸你♪」"
    },
    {
        "name": "ヒメシャラ",
        "message": "「胸部也是，这样……啊，擦得好舒服……\\n让你知道，这一切都属于你……嗯，啊啊」"
    },
    {
        "message": "粘膜摩擦时，眼前的乳房也变得扭曲而淫荡。\\n已经变得坚硬的乳头在皮肤上摩擦，\\n这又为快感增添了色彩。"
    },
    {
        "name": "ヒメシャラ",
        "message": "「哈啊，啊呜……越来越大了呢……\\n但还不够呢……还不够呢\\n等到你射精的时候，会更大的哦……噗噗，嗯嗯，噗噗」"
    },
    {
        "message": "再次的吻是由日本紫茎发起的。\\n在不稳定的姿势下，她用舌尖舔舐着我的舌头。"
    },
    {
        "name": "ヒメシャラ",
        "message": "「嗯呜，嗯唔……啾啾，吸吮～♪\\n就这样……让你爽快地射出来吧\\n我会把你的精液都喝下去……唔唔，啾啾」"
    },
    {
        "name": "ヒメシャラ",
        "message": "「如果是你的话，子宫也会献给你……\\n精液会溢出来的很多很多……我也想要……吸收它♪」"
    },
    {
        "message": "听到这样的挑逗，全身更加炽热了。"
    },
    {
        "name": "ヒメシャラ",
        "message": "「嗯……啊，又是这样，屁股……啾，啪啾啾\\n这样的话，动起来不太顺畅……嗯，啾啾，啪啾」"
    },
    {
        "message": "但是，已经无法忍耐了。\\n我用鼻子蹭了蹭她，向她道歉，然后主动开始动了起来。"
    },
    {
        "name": "ヒメシャラ",
        "message": "「呼啊！嗯嗯啊！\\n那、那样……不行，团长，不行……！」"
    },
    {
        "name": "ヒメシャラ",
        "message": "「我自己……为了让你迷恋上我……就是这么说的……！\\n这、这样的话……哈啊，啊呜，嗯嗯啊！」"
    },
    {
        "message": "强行握住她的臀部开始运动，\\n摩擦着阴道黏膜并一边道歉。\\n已经深陷在日本紫茎的魅力中无法自拔。"
    },
    {
        "name": "ヒメシャラ",
        "message": "「那样的事情……嗯呜，嗯嗯呜呜呜！\\n你、你真是……太坏了～♪」"
    },
    {
        "message": "被她甜美的喘息声责备着，\\n日本紫茎发出迷人的叹息声。我渴望着她的唇。"
    },
    {
        "name": "ヒメシャラ",
        "message": "「唔唔唔，嗯啊，啪啾啾啾\\n已经无所谓了……\\n我想要在这种状态下结束……啊啾啾」"
    },
    {
        "name": "ヒメシャラ",
        "message": "「请让我高潮吧～♪\\n口里、里面都要……里面都要\\n让我充满你～」"
    },
    {
        "message": "我也想要这样做，将日本紫茎的口中灌入，\\n舌头和性器交织在一起。"
    },
    {
        "name": "ヒメシャラ",
        "message": "「啾、嗯嗯、啦……喜欢，好喜欢\\n请给我更多，更多～\\n嗯嗯嗯，嗯咩咩咩咩～～～」"
    },
    {
        "name": "ヒメシャラ",
        "message": "「嗯、嗯～……就这样，请给我更多……\\n更深处，深入其中……赐予我子孙后代的恩赐～\\n啾，啾噗～」"
    },
    {
        "message": "沉醉其中，日本紫茎陶醉在极致的快感中。\\n吮吸着唾液和精液，美丽的容颜渐渐失去了稳重。\\n她那迷人的魅力深深地吸引着我的心。"
    },
    {
        "name": "ヒメシャラ",
        "message": "「啊……团长……\\n今后也请一直把我留在您身边……\\n让我作为副团长一直在您身边……」"
    },
    {
        "message": "沐浴在幸福的疲惫中，日本紫茎依偎着撒娇。"
    },
    {
        "name": "ヒメシャラ",
        "message": "「而且，将来还会有更进一步的关系……\\n啊，团长，我……想要很多孩子～」"
    },
    {
        "message": "从那时起，她开始了非常具体的要求。"
    },
    {
        "name": "ヒメシャラ",
        "message": "「虽然养育众多兄弟姐妹会很辛苦，\\n但贝尔说过也会有很多快乐……\\n至少……我想要十个孩子」"
    },
    {
        "name": "ヒメシャラ",
        "message": "「住在一座大宅邸里……\\n华丽绚烂，庭园广袤……\\n因为要和贝尔一起居住，所以房间要多一些……\\n肯定会帮忙照顾孩子们的……♪」"
    },
    {
        "name": "ヒメシャラ",
        "message": "「当然，不会完全交给贝尔\\n一个一个地抱着，让他们吸我的奶……\\n啊……这样的话，你肯定会……嗯、嗯嗯嗯～♪」"
    },
    {
        "message": "于是，日本紫茎的愿望戛然而止。\\n而且不知为何，她的耳朵变得通红。"
    },
    {
        "name": "ヒメシャラ",
        "message": "「啊，你～ 不行啦～ 不可以～」"
    },
    {
        "message": "如此，日本紫茎开始陷入愉悦与羞涩之中。\\n接下来的幻想，虽然可爱却让人难以应对。"
    },
    {
        "name": "ヒメシャラ",
        "message": "「那些奶……是孩子们的奶～\\n如果这样吸吮着……呼啊、啊啊～♪\\n孩子们的奶就会没了～\\n不能喝哦～ 吸吮着、不行啦、不～行～」"
    }
]