[
    {
        "name": "モスローズ",
        "message": "「我什么时候让你感觉到了成熟呢？\\n我很想听听团长的意见♪」"
    },
    {
        "message": "看着毛萼洋蔷薇用天真无邪的笑容向我提问，我很想立刻回答她。\\n但我脑海中浮现的只有她与年龄相符的可爱和讨人喜欢的形象。"
    },
    {
        "message": "平常感受到的魅力与成熟不同，让我难以用言语回应。\\n看到我的样子，毛萼洋蔷薇似乎察觉到了什么，点了点头。"
    },
    {
        "name": "モスローズ",
        "message": "「原来如此\\n这是在说，我还不够成熟吗！」"
    },
    {
        "name": "モスローズ",
        "message": "「为了变得更帅气的姐姐，以后也要努力呢！\\n因为女性魅力还不够，所以更加努力才是我的心情♪」"
    },
    {
        "message": "无论何时都积极乐观的回答，看着她的回答觉得有些可爱，但我指出了她一个误会。"
    },
    {
        "message": "成熟女性的魅力和毛萼洋蔷薇的魅力是不同的。\\n即使还感受不到成熟的氛围，\\n她依然是一个非常迷人的女性。"
    },
    {
        "message": "这次我坦率地表达了我的意见。"
    },
    {
        "name": "モスローズ",
        "message": "「团长大人……嘻嘻♪ 谢谢你\\n听到你这么说，我真的很开心」"
    },
    {
        "name": "モスローズ",
        "message": "「团长大人总是给予我勇气……\\n多亏了您，我变得更有自信了♪」"
    },
    {
        "message": "毛萼洋蔷薇可爱的回答让我情不自禁地产生了爱意。\\n感受到内心涌动的热情，我渴望身体来充分传达她的魅力。"
    },
    {
        "name": "モスローズ",
        "message": "「啊呜……团长大人的，顶着的感觉……\\n啊啊，嗯嗯……」"
    },
    {
        "message": "缓慢地推入紧绷的阴茎。\\n用肿胀的龟头扩张狭窄拥挤的阴道粘膜。"
    },
    {
        "name": "モスローズ",
        "message": "「又大又硬的东西……不断地，进入着……嗯嗯\\n在肚子里，扩张成团长大人的形状……」"
    },
    {
        "message": "面对异常强烈的阻力，我的腰停止了动作。"
    },
    {
        "message": "她的阴道从未容许任何人侵入。\\n如果再插入更深，她会感受到处女膜破裂的疼痛。\\n如果身体负担太大，请告诉我。"
    },
    {
        "name": "モスローズ",
        "message": "「好的……谢谢您……\\n我没事的……就这样，一直插到最深处……」"
    },
    {
        "name": "モスローズ",
        "message": "「就算现在这样，毛萼洋蔷薇也足够迷人了……\\n请证明给我看吧……♪」"
    },
    {
        "message": "毛萼洋蔷薇说着坚定的话语，希望能有更深的插入。\\n我理解她的心情，为了让疼痛不至于太久，一下子用力将腰部顶了进去。"
    },
    {
        "name": "モスローズ",
        "message": "「嗯嗯！唔，呜……哈啊啊啊啊啊！」"
    },
    {
        "name": "モスローズ",
        "message": "「硬硬的……一下子撞击进来……\\n在肚子里，满满地塞满了团长大人的东西……」"
    },
    {
        "message": "毛萼洋蔷薇娇小的身体里，被插入的坚挺异物感觉会很强烈吧。\\n同时失去初次之后，也感受到了处女膜破裂的疼痛。"
    },
    {
        "message": "担心她身体上的负担。\\n从背后说了一句话，她回过头来回应了我。"
    },
    {
        "name": "モスローズ",
        "message": "「不用担心……比起疼痛，能把第一次给团长大人……\\n感到高兴的心情更强烈……」"
    },
    {
        "name": "モスローズ",
        "message": "「里面有点刺刺的，但也感到安心……有点奇妙的感觉……\\n这就是接近成年的一种感觉吧……」"
    },
    {
        "message": "毛萼洋蔷薇眼眶中泛着热泪微笑着看向我。\\n她纯真的笑容让我的心跳加速。\\n为了表达对毛萼洋蔷薇的爱意，我轻柔地抚摸着她可爱而保守的乳房，并开始温柔地抽送。"
    },
    {
        "name": "モスローズ",
        "message": "「啊啊……嗯嗯……\\n在团长大人里面动着……啊啊\\n玩弄我的胸部……轻柔地出入着……啊呜……嗯啊……」"
    },
    {
        "name": "モスローズ",
        "message": "「我……啊啊，嗯嗯……\\n你对我很在意，我知道……\\n团长大人的心意……传达到了全身……哈呜」"
    },
    {
        "message": "我小心翼翼地解开了第一次变得紧绷的阴道，\\n让你感受到粘膜摩擦的愉悦。"
    },
    {
        "message": "毛萼洋蔷薇接受着乳房的爱抚和阴茎的往复，\\n逐渐发出甜美的声音。"
    },
    {
        "name": "モスローズ",
        "message": "「嗯嗯，啊啊，哈呜……肚子里，有一种奇怪的感觉……\\n刺痛和痒痒的感觉不一样……嘿呀啊」"
    },
    {
        "name": "モスローズ",
        "message": "「团长大人……嗯啊，啊啊……哇啊……\\n我的身体好像有点奇怪了」"
    },
    {
        "message": "感受到甜美刺激，毛萼洋蔷薇发出困惑的声音。\\n她身体的反应让人觉得她非常可爱。\\n在重复进行充满爱意的粘膜摩擦时，\\n向毛萼洋蔷薇传达她正在感受到愉悦。"
    },
    {
        "name": "モスローズ",
        "message": "「我的小穴好舒服……啊啊，嗯啊\\n这是……变得更加成熟了吧？」"
    },
    {
        "message": "听到我的肯定回答，她一直紧绷的阴道和全身开始放松。"
    },
    {
        "name": "モスローズ",
        "message": "「啊啊，呼呜，嗯啊……被团长大人变成了大人呢……♪\\n好开心……肚子里越来越……嗯嗯\\n变得热热的了……」"
    },
    {
        "message": "爱液增多，毛萼洋蔷薇的阴道活跃地收缩着。\\n从紧密粘膜间传来她的兴奋。"
    },
    {
        "name": "モスローズ",
        "message": "「就这样……请多疼爱毛萼洋蔷薇……\\n希望团长大人能让我感到舒服」"
    },
    {
        "message": "她像孩子般撒娇，再加上她寻求的话语，让我对她的可爱更加深刻。为了满足毛萼洋蔷薇的愿望，我开始更加热情地爱抚和摩擦。"
    },
    {
        "name": "モスローズ",
        "message": "「嗯啊，啊啊，啊呜，啊啊！\\n胸部和里面一起摩擦……我喜欢\\n阴道，开始麻痹了……嗯呜」"
    },
    {
        "name": "モスローズ",
        "message": "「淫荡的声音不停……啊啊，啊啊，嗯啊！\\n感觉有点成熟的感觉……头脑有点晕乎乎的……」"
    },
    {
        "message": "第一次体会到如此甜美的快感，毛萼洋蔷薇发出娇喘和欢愉。看着她陶醉于快感中的样子，我的爱意和欲望也随之膨胀。"
    },
    {
        "message": "无法抑制想要让毛萼洋蔷薇更加狂乱的欲望，我加快了我的动作。"
    },
    {
        "name": "モスローズ",
        "message": "「嗯呜，啊啊，嗯哈啊，啊呜呜！\\n肉棒好厉害……嗯啊，啊啊，哈啊！\\n肚子里面好刺痛……啊呜！」"
    },
    {
        "name": "モスローズ",
        "message": "「阴道好像要裂开了……！\\n好舒服，在里面噗哧噗哧地……要爆炸了！」"
    },
    {
        "message": "从结合部传来的强烈快感，彼此的激动不断升温。\\n毛萼洋蔷薇因为跳跃的粘膜摩擦刺激，开始流露出高潮的迹象。"
    },
    {
        "name": "モスローズ",
        "message": "「我、已经忍不住了……啊啊，哈啊啊！\\n团长大人疼爱我，\\n小穴已经充满喜悦了啊啊……！」"
    },
    {
        "message": "扭动的阴道粘膜，使阴茎更加紧紧地包裹着。\\n在渴望精液的阴道内部收缩的撒娇般动作下，也将我引向极限。"
    },
    {
        "name": "モスローズ",
        "message": "「要到了……好厉害呢……！　啊啊，哈啊，嗯啊啊！\\n小穴在颤抖着……嗯呜，嗯呜，啊啊……！」"
    },
    {
        "name": "モスローズ",
        "message": "「啊呜呜！　嗯啊啊啊啊啊啊……！！」"
    },
    {
        "name": "モスローズ",
        "message": "「嗯呜呜呜呜……\\n好舒服，哗哗地……嗯呜呜呜」"
    },
    {
        "name": "モスローズ",
        "message": "「小穴一直在颤抖着……\\n身体好像在飘浮一样……」"
    },
    {
        "message": "初次达到高潮的毛萼洋蔷薇，用甜美的声音诉说着爆发快感的愉悦。\\n她全身颤抖着转向我，露出陶醉的微笑。"
    },
    {
        "name": "モスローズ",
        "message": "「团长大人也……\\n在里面射了好多好多……吧……\\n小穴非常温暖……」"
    },
    {
        "message": "毛萼洋蔷薇确认着灌注进来的精液的热度，陶醉在高潮的余韵中。\\n她整理着紊乱的呼吸，脸上露出了幸福的表情。"
    },
    {
        "name": "モスローズ",
        "message": "「嘿嘿……\\n被团长大人这么疼爱着……我已经长大了呢……」"
    },
    {
        "name": "モスローズ",
        "message": "「能感受到团长大人的心意……\\n毛萼洋蔷薇，好幸福呢……♪」"
    },
    {
        "message": "毛萼洋蔷薇微笑着，显得如此可爱。\\n她似乎也感受到了我的心意。\\n我松了口气，告诉她，能和毛萼洋蔷薇相互爱抚，我也很幸福。"
    }
]