[
    {
        "name": "バニーカクタス",
        "message": "「……这样一来，通过这种商品销售，我们兔耳教不仅在骑士团内部，甚至还能扩大影响力到外部的粉丝群！」"
    },
    {
        "name": "バニーカクタス",
        "message": "「这样一来，谁都梦寐以求的全人类兔耳化计划的实现，必定会更快地到来！呼呼呼，哈哈哈！你们这些人类耳朵，吓到了吧！」"
    },
    {
        "message": "在办公室里，白毛仙人掌一边变换着表情，一边滔滔不绝地演讲。兔耳轻轻摇晃着，非常可爱。在繁忙的办公结束后，这份可爱成为了最好的慰藉。"
    },
    {
        "name": "バニーカクタス",
        "message": "「喂，你刚才认真听了吗？……嘛突然摸摸是怎么回事！我和我的耳朵可不是随便就能碰的东西！」"
    },
    {
        "message": "白毛仙人掌挣扎着乱动了一阵，突然停下了动作。本以为她会默许摸摸，但看起来并非如此。"
    },
    {
        "name": "バニーカクタス",
        "message": "「你……为、为什么要摸我？……虽然隐约感觉到了……难道你……对我……有点色色的想法？」"
    },
    {
        "message": "听到她的发言，一时间脑袋变得空空如也。虽然确实觉得她很可爱迷人，但被这样理解还是让我感到有些慌张。"
    },
    {
        "name": "バニーカクタス",
        "message": "「什么啊，那种老套的反应！？果然你是对我抱有淫秽的想法吧！咕噜——笨蛋淫荡半吊子！像你这样的家伙该受到制裁制裁～！！」"
    },
    {
        "message": "之后好一阵子，她继续着她拿手的制裁发言。时间拖得越久，我就越感到厌烦。看来对于白毛仙人掌来说，反而需要我来给予制裁。"
    },
    {
        "name": "バニーカクタス",
        "message": "「制裁制裁～！ 呜……停下放开我！\n哇！？ 别、别把我抬起来，无礼之徒！\n人类耳朵风情，竟然要把高贵的兔耳大人带去哪里！」"
    },
    {
        "name": "バニーカクタス",
        "message": "「……诶？ 床？ 床是……啊，笨蛋！\n等等，这么突然就可以发展成男女关系吗！？ 哇啊啊！？」"
    },
    {
        "name": "バニーカクタス",
        "message": "「咕……呜呜……\n竟、竟然连内裤都给脱掉了……！\n而且还穿着这种衣服……羞耻的地方都暴露出来了……！」"
    },
    {
        "name": "バニーカクタス",
        "message": "「咕噜噜……作为兔耳教的教祖的我，\n居然受到了如此的屈辱……咿呀！？」"
    },
    {
        "message": "当用手掌拍打着伸向这边的臀部时，\n白毛仙人掌发出了可爱的声音，身体颤抖着。这种反应充满了满足感和征服欲。"
    },
    {
        "name": "バニーカクタス",
        "message": "「呜呜……绝对不会放过你……对我做这种事情……！\n你、等会我一定会制裁你的……等着瞧……！！？\n喂、笨、混蛋……别、别伸手指进来啊……！」"
    },
    {
        "message": "无视白毛仙人掌嘟囔着的怨言，\n一边轻抚着伸向这里的部位，一边将手指侵入阴道。"
    },
    {
        "message": "阴道内已经湿透了，\n轻轻地动动手指发出咕噜咕噜的淫荡声音。与此同时，她的口中也漏出了妖艳的喘息声。"
    },
    {
        "name": "バニーカクタス",
        "message": "「啊、啊呃……嗯嗯……啊啊……！\n笨蛋，停下来……！\n别在那里、插进指头啊……嗯、啊啊！\n不行，发出淫荡的声音了……嗯、啊啊！」"
    },
    {
        "message": "白毛仙人掌害羞地满脸通红。\\n但是，接下来要插入的不只是手指，而是阴茎。\\n必须要好好地放松才行。"
    },
    {
        "name": "バニーカクタス",
        "message": "「诶？真、真的要做吗！？\\n唔、唔唔……现在的话还……可、可以原谅我吗？\\n我也会……撤销制裁，所以……？」"
    },
    {
        "name": "バニーカクタス",
        "message": "「所以说那个……嗯呀啊！？」"
    },
    {
        "message": "抽出手指，将勃起的阴茎对准阴道口。\\n如果好好地放松了，应该会很顺利地进入吧。\\n插入的刺激让白毛仙人掌的身体绷紧了起来。\\n抱歉，制裁已经完全变成了我们这一边的事情了。"
    },
    {
        "name": "バニーカクタス",
        "message": "「嗯啊……人类耳朵……那、那么大……\\n嗯、啊啊，不行，啊、不要进来……！\\n啊！啊！嗯、啊啊啊……！！！！」"
    },
    {
        "message": "稳准地瞄准，用力挺着腰部将阴茎插入。\\n龟头埋入阴道内后，慢慢地完全侵入到根部。\\n被一股紧湿温暖的触感包裹着。"
    },
    {
        "name": "バニーカクタス",
        "message": "「呼啊，啊啊，嗯啊啊……好大……！！\\n啊、啊、肚子里……涨起来了……啊啊……满满的……！\\n真的、啊、你的东西，进来了呜呜……！！」"
    },
    {
        "message": "或许因为事先缓慢地放松了一番，尽管有些紧张，却几乎没有疼痛感，成功地连接成为一体。"
    },
    {
        "name": "バニーカクタス",
        "message": "「嗯、嗯呼……嗯呼、嗯呜……！你做这种事情，\n我绝对不会原谅你的……所、所以要受到制裁！一定会受到制裁……！」"
    },
    {
        "message": "即使在这种情况下，对她这样的态度，\\n也是需要制裁的吧。\\n而且比起那个，我们的制裁才刚刚开始呢。\\n抓住她纤细的腰，慢慢地开始动起腰部。"
    },
    {
        "name": "バニーカクタス",
        "message": "「啊！？嗯、嗯唔……！嗯，啊啊！！\\n笨、笨蛋，动了……啊，不行吧……！！\\n啊，在肚子里搅动着……呜……！！」"
    },
    {
        "name": "バニーカクタス",
        "message": "「啊，嗯，好大……！啊，好大的东西……！\\n里面摩擦着，嗯，这样不行吧……！\\n做这种事……啊，不行了……混蛋……！」"
    },
    {
        "message": "每一次将阴茎在阴道内进出时，\\n白毛仙人掌的身体都在痉挛，并展现出可爱的反应。\\n看来她相当地感受到了。"
    },
    {
        "name": "バニーカクタス",
        "message": "「唔、啊啊……混、混蛋……！\\n这样、被、被强行侵犯着……会感觉到快感吗……啊啊！？」"
    },
    {
        "name": "バニーカクタス",
        "message": "「啊，不要，那里、那里、那里……\\n啊，转擦、太危险了、不行了……！」"
    },
    {
        "message": "然后也发现了白毛仙人掌的弱点就在深处。\\n既然如此就重点攻击那里吧，\\n拉近她的身体，猛烈地摇动着腰部。"
    },
    {
        "name": "バニーカクタス",
        "message": "「啊、啊、啊！嗯咕……嗯唔……！！啊！\\n不行、那里、一直……弱点就是那里呜呜呜……！\\n唔唔、不行了这个、真的不行了、啊啊……！！」"
    },
    {
        "name": "バニーカクタス",
        "message": "「舒服呀、啊、鸡巴碰到那里真舒服呀……！\\n深处，在顶端转擦着，不行呀……！嗯、唔唔！\\n好舒服，这个真是太危险了呀、啊、啊呜呜……！」"
    },
    {
        "message": "她发出的喘息声变得更加妩媚。\\n看来，她的头脑已经被快感所淹没。"
    },
    {
        "message": "确认了这一点后，他开始最后的冲刺。\\n每一次撞击都伴随着更快的交合声，\\n与白毛仙人掌娇喘声混合在一起，在房间里回荡。"
    },
    {
        "name": "バニーカクタス",
        "message": "「嗯、嗯唔……！！啊，这真的太危险了……！\\n被这样做，啊，头脑都要糊涂了……！\\n太舒服了，啊，嗯、变成笨蛋了……！！」"
    },
    {
        "name": "バニーカクタス",
        "message": "「嗯、嗯唔啊！？啊、啊！\\n好舒服，啊、好舒服，要到了……！！」"
    },
    {
        "message": "预感到高潮的来临，白毛仙人掌紧紧抓住了床单。\\n与此同时，我的极限也即将到来。"
    },
    {
        "name": "バニーカクタス",
        "message": "「啊啊要高潮了……我要高潮了……！！\\n被人类的耳朵侵犯着，在人类团长的鸡巴里……！\\n要高潮了、嗯唔、啊、嗯啊啊啊……！！！！！」"
    },
    {
        "name": "バニーカクタス",
        "message": "「啊、啊、呼……哈哈哈、哈哈、哈哈……！\\n好舒服呀，来了呀……！嗯、啊……！\\n这种、好舒服的事情，我不知道呀……！」"
    },
    {
        "message": "第一次高潮来临时，白毛仙人掌颤抖着发出娇喘声。\\n与此同时，我也在她体内大量射精。\\n我的阴茎不断地在她的阴道内跳动。"
    },
    {
        "name": "バニーカクタス",
        "message": "「唔呜、呜……哈哈、哈哈、哈哈……！\\n哦，在肚子里……暖暖的……\\n射出很多东西，我知道……！」"
    },
    {
        "message": "沉浸在阴道射精的快感中，\\n她带着迷醉的表情倒在床上。"
    },
    {
        "message": "看到这一幕，我意识到自己做得太过火了，开始反省。\\n这样下去真的可能会受到惩罚。\\n我询问她是否还好，但……。"
    },
    {
        "name": "バニーカクタス",
        "message": "「唔呜……啊、唔呜……好、好舒服……\\n嗯、好舒服……糟糕了……」"
    },
    {
        "message": "第一次感受到快感的白毛仙人掌，展现出与平时不同的妖艳可爱之态。\\n看到她这样子，我觉得就算受到制裁也无所谓了。"
    }
]