[
    {
        "message": "无论是微小的错误，一旦犯错就会感到沮丧。\\n总觉得自己本可以做得更好，懊悔不已。"
    },
    {
        "name": "カライトソウ",
        "message": "「小子，没必要陷得那么深\\n你已经做得很好了\\n一直沮丧只会让心情更加低落」"
    },
    {
        "message": "虽然我能理解日本地榆的话，\\n但要这样轻易地调整心情并不容易。\\n只是不断叹息。"
    },
    {
        "message": "这时，日本地榆走到床边，\\n朝我招手示意。"
    },
    {
        "name": "カライトソウ",
        "message": "「特别地，我给予你享受我的身体的权利\\n这样，或许就能忘记那些无聊的事情了」"
    },
    {
        "name": "カライトソウ",
        "message": "「喂，女人都在引诱你，快点过来吧\\n如果你不来的话，不仅会因为工作上的错误\\n还会让我感到羞耻哦？」"
    },
    {
        "message": "被这样说了，也无法拒绝。\\n我慢慢地靠近了日本地榆。"
    },
    {
        "name": "カライトソウ",
        "message": "「这可是你喜欢的女体啊\\n强烈一点也好，折磨一下也好\\n尽管按照你的喜好来使用我的身体吧」"
    },
    {
        "message": "她主动张开双腿，伸出双手引诱着我。\\n虽然我还没有完全投入状态，但阴茎已经开始有所反应。\\n按照日本地榆的话，就让我们开始吧。"
    },
    {
        "name": "カライトソウ",
        "message": "「呼……终于勃起了啊\\n光是勃起花了多少时间啊？」"
    },
    {
        "message": "紧紧贴在一起，亲吻和爱抚反复进行，终于勃起了。\\n一直陪伴着我的日本地榆，她的私处湿润，皮肤上沁出了汗水。"
    },
    {
        "name": "カライトソウ",
        "message": "「喂，勃起了就快点插进来吧\\n这里哦？你不会说你不知道吧？」"
    },
    {
        "message": "日本地榆轻轻触碰着阴茎，引导着进入阴道口。"
    },
    {
        "name": "カライトソウ",
        "message": "「如果要反驳的话，等一切结束再说\\n现在就安静地进入阴道里来吧」"
    },
    {
        "message": "在温柔的引导下，我向前用力。\\n进入被爱液充盈的花瓣之中。"
    },
    {
        "name": "カライトソウ",
        "message": "「啊啊啊！很好，就这样深入……对，要完全插入到底……嗯，嗯嗯嗯！」"
    },
    {
        "message": "就像对待孩子般温柔的口吻引导着深入。\\n感到羞耻的同时，也被一种包裹感所笼罩。"
    },
    {
        "name": "カライトソウ",
        "message": "「喂，现在可以动了\\n我会握着你的手，随你喜欢怎么动」"
    },
    {
        "name": "カライトソウ",
        "message": "「哎呀，就算我显得多么痛苦，也不需要停下来\\n也不需要想着要一起结束\\n现在就把我当成你的性奴隶也无所谓」"
    },
    {
        "message": "到底要被对待得多温柔呢。\\n虽然心中有疑问，但并未说出口，为了获得快感开始扭动腰部。"
    },
    {
        "name": "カライトソウ",
        "message": "「哈啊，嗯呜，啊啊，啊啊……！\\n一直硬硬地顶着深处……嗯，嗯呼……」"
    },
    {
        "name": "カライトソウ",
        "message": "「用力扭动着腰部……咕、呼啊、啊、啊啊啊、\\n刺激到了我最舒服的地方……咕啊、安、啊啊、嘿啊」"
    },
    {
        "message": "即使开始抽送，日本地榆还是如此温柔。\\n特意说些不必说的话，努力鼓励着。"
    },
    {
        "name": "カライトソウ",
        "message": "「咕、嗯啊、啊啊、呼呼……阴道里已经适应了吗？\\n那么，慢慢加快冲刺速度会更好……」"
    },
    {
        "name": "カライトソウ",
        "message": "「当然，如果想拖延也可以慢一点……\\n但是，刺激增大起来的话\\n勃起也不容易减退……嗯、啊啊！」"
    },
    {
        "message": "考虑到这边的情况而说的话让抽送变得更有力。\\n握在一起的手用力加紧，床板发出吱吱声。"
    },
    {
        "name": "カライトソウ",
        "message": "「咕啊、啊、嗯、啊啊！ 噢、噢哦……！\\n顶得很有力地进行冲刺……喔、喔、安！」"
    },
    {
        "name": "カライトソウ",
        "message": "「我也感到很舒服……啊、啊、啊呜……\\n啊呜、啊……这样会过度地夹紧鸡巴……！」"
    },
    {
        "message": "是故意用力吗，阴道的压力急剧增加。\\n无论是抽插还是顶击都带来剧烈的快感，让腰部几乎要散架。"
    },
    {
        "name": "カライトソウ",
        "message": "「咕、嗯嗯呜……抱歉，因为你的顶击太好了，\\n不由自主地就让阴道收缩了……啊、啊呜！」"
    },
    {
        "message": "即使是演技，也无法掩饰对日本地榆的兴奋。\\n全身重压下，仿佛要压迫着子宫口一样顶住龟头。"
    },
    {
        "name": "カライトソウ",
        "message": "「嗯咕！？ 嗯！ 啊呜！ 啊呜呜呜！ 啊呜呜呜呜……\\n子宫口被擦得好疼……用龟头磨得好疼……呜呜呜！」"
    },
    {
        "name": "カライトソウ",
        "message": "「鸡巴又变大了……呜呜！\\n光是不软下来就该表扬一下，\\n可是这么大了……嗯咕、噘咕、嗯、咕咕！」"
    },
    {
        "message": "一边进行着纵深的抽插，一边摩擦着子宫口。\\n尽管日本地榆感受到极度快感，\\n却还在努力说出温柔的话语。"
    },
    {
        "name": "カライトソウ",
        "message": "「噢哼、啊啊哼、啊……哼、啊、啊啊哼！\\n真厉害……居然能让我如此挣扎……呜呜！」"
    },
    {
        "name": "カライトソウ",
        "message": "「但是，还不能结束……噘、嗯嗯呜、啊、啊呜呜、\\n胸部，还没有摸吧……哼、啊、嗯嗯呜、啊啊哼！」"
    },
    {
        "message": "握着彼手后，我被引领到了乳房。"
    },
    {
        "name": "カライトソウ",
        "message": "「你也是个男孩子啊……不摸一下胸，就算做爱也无法结束吧？」"
    },
    {
        "name": "カライトソウ",
        "message": "「不仅大小，形状也有很多女性拥有比我更好的胸部……从这个意义上说，或许无法满足你吧……」"
    },
    {
        "name": "カライトソウ",
        "message": "「但是……现在只有我能够接受你的欲望……就算对形状和大小有些不满，请忍耐一下……」"
    },
    {
        "message": "嘲笑着自己的カライトソウ，我揉捏着她的胸部。虽然世界上有很多胸部，但现在我想撒娇的只有カライトソウ的胸部。"
    },
    {
        "name": "カライトソウ",
        "message": "「咕噜噜，啊，啊呃，啊……不要这么用力……！虽然没说要粗鲁对待啦……！」"
    },
    {
        "name": "カライトソウ",
        "message": "「算了吧……如果你想粗鲁对待的话，尽管粗鲁对待吧……说可以当性奴隶也并非谎言啊……！」"
    },
    {
        "message": "一边揉捏着乳房，一边内心涌起了想要射精的根本欲望。射精感也上涨，下半身一直保持着紧绷。"
    },
    {
        "name": "カライトソウ",
        "message": "「你的表情……是想要在里面射吗？」"
    },
    {
        "message": "我脸上表情是否暴露出来了呢。\\n我不由自主地反问道。"
    },
    {
        "name": "カライトソウ",
        "message": "「只是有那种感觉而已\\n今天的你，实在是个很容易懂的男孩子呢」"
    },
    {
        "message": "虽然没有被嘲笑，但难以掩饰的羞愧。\\n为了掩饰这份羞愧，我更加深入地沉溺于日本地榆的怀抱。"
    },
    {
        "name": "カライトソウ",
        "message": "「嗯啊啊！ 噢库……啊啊！」"
    },
    {
        "message": "日本地榆的腿绷紧了。\\n虽然感受不到阴道的收缩，但似乎相当有效。"
    },
    {
        "name": "カライトソウ",
        "message": "「呼、呼……你最好老老实实地在我里面结束吧……\\n那样最舒服，心情也会变得爽快」"
    },
    {
        "name": "カライトソウ",
        "message": "「看吧……老老实实在我里面结束吧\\n撒娇一下，乖孩子」"
    },
    {
        "message": "伴随着无数次的羞耻，阴囊收紧了。\\n一边示意着要射精，一边埋头在胸前扭动着腰部。"
    },
    {
        "name": "カライトソウ",
        "message": "「随时都可以……啊、啊、呼、啊啊！\\n随时，我的洞穴都会接纳你的欲望……」"
    },
    {
        "name": "カライトソウ",
        "message": "「来吧……把积蓄的浓稠精液全部释放出来……\\n已经展现出了多么羞耻的一面，\\n无论射出多么羞耻的精液都没关系哦……♪」"
    },
    {
        "message": "精液上涌。\\n顽强地刺激着深处，迫近那一瞬间的爆发。"
    },
    {
        "name": "カライトソウ",
        "message": "「嗯嗯……小幅度地扭动着腰部……就要来了呢……咕、嗯嗯……\\n呵呵，那么，就尽情地射吧……啊啊！」"
    },
    {
        "name": "カライトソウ",
        "message": "「用我的洞穴让你感到舒适，元气满满的男孩子♪」"
    },
    {
        "name": "カライトソウ",
        "message": "「嗯啊啊啊……来了来了♪ 鸡巴噗通噗通地跳动着……\\n被灌注着这么炽热的东西，我也忍不住了……♪」"
    },
    {
        "message": "心情愉悦地射精之际，阴道微微收缩。\\n刚刚变得敏感的阴茎被剧烈刺激，\\n更加剧烈地跳动起来。"
    },
    {
        "name": "カライトソウ",
        "message": "「哈、哈……鸡巴在暴动呢……咕、嗯嗯……\\n连腰部都在颤抖，真是可爱的样子呢……嗯、呼……」"
    },
    {
        "name": "カライトソウ",
        "message": "「一直这样依偎着，直到能够动弹为止\\n尽情依赖我，把该释放的都释放出来吧」"
    },
    {
        "message": "此刻连动都提不起兴致。\\n就像日本地榆说的那样，就让我任性一会吧。"
    },
    {
        "message": "一方，射精之后，心情平静了下来。\\n这样一来，就免不了要向她道谢了。"
    },
    {
        "name": "カライトソウ",
        "message": "「咯咯咯……竟然还有人一边埋在胸前一边说谢谢呢\\n真是的，你到底会不会让人操心啊……♪」"
    },
    {
        "message": "虽然这么说，日本地榆的声音却是欢快的。\\n看来能够引导到最后她也很高兴吧。"
    },
    {
        "message": "但是，看起来我还需要再次道谢才行。\\n如果就这样被嘲笑收场，那可就太难堪了。"
    }
]