[
    {
        "message": "轻轻的敲门声响起，接着出现在门口的是姜荷花。\\n特意穿着浴衣前来，无非是想要展示或者听听我的感想吧。"
    },
    {
        "name": "クルクマ",
        "message": "「这么晚来可能有点失礼，但我实在是想让团长您看看……」"
    },
    {
        "message": "果然如我所料，她的目的就是要向我展示。\\n用可爱来形容她一点也不过分。\\n觉得用一句话来形容她实在太可惜了，她实在是太迷人了。"
    },
    {
        "name": "クルクマ",
        "message": "「啊、啊……虽然能得到夸奖很高兴，但被这样盯着看还是有点害羞……」"
    },
    {
        "message": "脸颊泛起红晕，姜荷花移开了目光。\\n她的反应让我的心跳加速，不由自主地站了起来。"
    },
    {
        "message": "忍不住搂住了惊讶的姜荷花，将她纤细的身体拥入怀中。"
    },
    {
        "name": "クルクマ",
        "message": "「没必要这么做啦……」"
    },
    {
        "message": "仅仅拥抱着她，心中就涌上了温暖。\\n不仅如此，我还渴望感受姜荷花的身体。"
    },
    {
        "name": "クルクマ",
        "message": "「……难道您是在暗示想和我……？\\n忍耐不住了吗？」"
    },
    {
        "message": "我只能点头。\\n被她的可爱所吸引，我已经完全沉浸在姜荷花的世界里。"
    },
    {
        "message": "小小的缝隙中渗出的爱液，在月光下闪闪发光。\\n我将挺立的阴茎对准那里，向前用力推进。"
    },
    {
        "name": "クルクマ",
        "message": "「嗯啊……嗯、好宽……」"
    },
    {
        "message": "仅仅是龟头进入，我就感受到了愉悦。\\n在狭窄的阴道中感受到刺激，我将整根阴茎完全插入了阴道。"
    },
    {
        "name": "クルクマ",
        "message": "「啊啊，嗯嗯……到了最深处……\\n团长的鸡巴，轻轻碰到宝宝的房间……」"
    },
    {
        "message": "实现了彼此渴望的交融，我的心怦然而动。\\n我想要尽情享受姜荷花的每一寸肌肤，更加被她吸引。"
    },
    {
        "message": "我的手伸向她纤细的腹部，\\n然后沿着侧腹和背部轻抚而上。"
    },
    {
        "name": "クルクマ",
        "message": "「啊呀，啊啊……你的手法好淫荡……嗯、嗯啊、\\n嗯呀……啊、嗯、居然摸到屁股了……咕、嗯嗯」"
    },
    {
        "name": "クルクマ",
        "message": "「这么淫荡地抚摸我，可能是第一次……\\n难道是因为浴衣打扮得很好看吗……？」"
    },
    {
        "message": "我简洁地回答，执着地享受着柔肤。"
    },
    {
        "name": "クルクマ",
        "message": "「嗯哈……嗯，嗯嗯……好痒啊，团长先生」"
    },
    {
        "message": "被她轻微的扭动所刺激，我的腰开始前后摆动。\\n慢慢地品味着阴道的触感，沉浸在和姜荷花的交合中。"
    },
    {
        "name": "クルクマ",
        "message": "「啊啊、嗯嗯嗯……哦、啊、啊啊……嗯、深、深入……啊、嗯嗯、哦呀」"
    },
    {
        "name": "クルクマ",
        "message": "「团长先生好像很兴奋呢……呵呵，用肉棒就能感觉到了吧……嗯呐、嗯哈、啊啊……」"
    },
    {
        "message": "姜荷花一边说着害羞的话，一边露出害羞的表情。\\n她的大胆和羞耻激起了我的阴茎反应。"
    },
    {
        "message": "我向子宫口施加压力，摩擦着深处，将欲望传达给她。"
    },
    {
        "name": "クルクマ",
        "message": "「呼啊、嗯嗯……别这么用力顶着了，\\n已经能够完全到达深处了……呼、嗯呃、啊啊」"
    },
    {
        "name": "クルクマ",
        "message": "「唔唔唔、嗯嗯呃、哈、唔……这样太过用力地顶着的话，\\n可能会感觉太强烈了……」"
    },
    {
        "message": "我想让你更加感受到，淫荡地张开双腿。"
    },
    {
        "name": "クルクマ",
        "message": "「不、不要这样抬起来……！」"
    },
    {
        "message": "虽然她慌张地说着停下来，但阴道的状态变得更好了。\\n黏稠地缠绕在阴茎上，带来更大的快感。"
    },
    {
        "message": "自然而然地，我的冲刺也变得更加热烈，床开始发出嘎吱嘎吱的声音。"
    },
    {
        "name": "クルクマ",
        "message": "「嗯啊、啊啊……咕、嗯嗯嗯……！\\n为、为什么这么、激烈……！\\n啊呀、嗯啊啊……呃、嗯嗯、啊啊啊！」"
    },
    {
        "name": "クルクマ",
        "message": "「我知道你很兴奋……呼、呃呼呼……\\n比我想象中还要、兴奋……！」"
    },
    {
        "message": "年幼的声音中开始掺杂着女性的艳感。\\n不仅是外表和态度，连声音都成为了引起欲望膨胀的元素。"
    },
    {
        "name": "クルクマ",
        "message": "「哈呼、嗯嗯……嗯、啊啊呜……咕、哈哈……！\\n太厉害了……被顶得好多次……！」"
    },
    {
        "name": "クルクマ",
        "message": "「唔唔、啊、啊……我好像要被压扁了……！\\n啊、啊啊！ 咕、哈哈、啊啊……！」"
    },
    {
        "message": "稍微克制一下会更好吗。\\n我向姜荷花询问，但她立刻否定了我的话。"
    },
    {
        "name": "クルクマ",
        "message": "「没事……我、我擅长忍耐……呼、嗯啊啊……嗯、我擅长忍耐……呼、嗯啊啊……」"
    },
    {
        "name": "クルクマ",
        "message": "「而且，和团长的那个并不激烈……\\n被激烈对待，感觉更受欢迎一些……！」"
    },
    {
        "message": "尽管感受到自己的罪恶，但兴奋却无法停止。\\n不断地扭动着腰部，享受着快感。"
    },
    {
        "name": "クルクマ",
        "message": "「啊、啊啊……嗯咕、哈哈哈……\\n宝宝的房间都在摇晃……呼、嗯咕、啊啊！」"
    },
    {
        "name": "クルクマ",
        "message": "「头脑变得一片空白，酥麻得要命……！\\n呼、嗯咕、啊、嗯咕……！」"
    },
    {
        "name": "クルクマ",
        "message": "「今天的团长，是迄今为止最激烈的一次……！\\n他一直都很厉害，但今天更是……！！」"
    },
    {
        "message": "汗水淋漓，爱液流淌，姜荷花淫荡地扭动着。\\n房间里也弥漫着淫靡的气息，\\n无论从哪个角度看，都是一个淫秽的空间。"
    },
    {
        "name": "クルクマ",
        "message": "「呼、呼、呼……咕、嗯咕……呼、呼……团长，我差不多要……！！」"
    },
    {
        "message": "这里，还不够。\\n被姜荷花的浴衣所迷惑的身体，仍渴望着刺激和快感。"
    },
    {
        "message": "我故意说出自己有多么混乱，向姜荷花传达。"
    },
    {
        "name": "クルクマ",
        "message": "「你、你就算不特意说出来……啊啊！」"
    },
    {
        "message": "阴道仿佛突然收缩了起来。\\n为了更加羞辱她，我传达了连接部位的湿润程度。"
    },
    {
        "name": "クルクマ",
        "message": "「哈、呼……就算不说也没关系……咕、嗯嗯！」"
    },
    {
        "message": "因为想看她害羞的样子，所以也没办法。\\n她坦率回答后的反应却出乎意料。"
    },
    {
        "name": "クルクマ",
        "message": "「害羞的地方，\\n团长您不是已经看得很多了吗……\\n已经没有哪里是没有被看到的了……」"
    },
    {
        "name": "クルクマ",
        "message": "「因为已经做了很多次爱，把一切都展现在您面前了」"
    },
    {
        "message": "正如姜荷花所说。\\n现在展现恶作剧心思已经没有必要了。"
    },
    {
        "message": "只有我能看到这种不要脸的样子，\\n感到愉悦，只需要扭动腰部就好。"
    },
    {
        "name": "クルクマ",
        "message": "「嗯、啊啊……又、激烈……！\\n团长先生也想要射吗……？」"
    },
    {
        "message": "点头并贪婪地进入姜荷花的深处。\\n全身沉浸在快感中，不断地扭动着腰部。"
    },
    {
        "name": "クルクマ",
        "message": "「啊、快、好舒服……好像要飞起来了……！」"
    },
    {
        "message": "射精的感觉愈发强烈。\\n下腹部和大腿肌肉绷紧，身体更加剧烈地运动着。"
    },
    {
        "name": "クルクマ",
        "message": "「啊、啊啊啊，要射了……嗯、嗯！\\n我要高潮了……哈呼、嗯、啊、啊啊！」"
    },
    {
        "message": "狭窄的阴道开始收缩。\\n这边也感受到龟头上的灼热。"
    },
    {
        "name": "クルクマ",
        "message": "「嗯嗯，啊啊，啊，啊啊，要高潮了，嗯嗯，要高潮了！\\n团长先生……我，已经……！」"
    },
    {
        "name": "クルクマ",
        "message": "「呼、啊啊，嘿、嗯嗯，啊、啊啊、啊啊啊！\\n高潮高潮高潮了！ 好舒服，嗯，嗯！」"
    },
    {
        "name": "クルクマ",
        "message": "「啊啊啊啊啊啊……！！」"
    },
    {
        "name": "クルクマ",
        "message": "「呜呜、啊啊、呼啊啊……嗯、嗯嗯嗯，\\n抽插着……哈、哈、哈……」"
    },
    {
        "message": "在深入到最深处的瞬间射精了。\\n然后搅动着子宫口，将精液注入其中。"
    },
    {
        "message": "姜荷花也达到了高潮，\\n收缩的阴道紧紧缠绕在阴茎上。"
    },
    {
        "name": "クルクマ",
        "message": "「呼、呼呼……嗯、呼呼……哈、哈哈……\\n不用再搅动了……哈、嗯嗯」"
    },
    {
        "name": "クルクマ",
        "message": "「不，搅动还是可以的……\\n直到团长满意为止，请压着我」"
    },
    {
        "message": "听从姜荷花的话，压着龟头片刻。\\n渐渐地感觉平静下来，力气也自然而然地消退了。"
    },
    {
        "name": "クルクマ",
        "message": "「搅动结束了吧……\\n看起来满意了呢……太好了……」"
    },
    {
        "message": "虽然被问及是否满意，确实感到满意，但仍然觉得有些不够。\\n尤其是对姜荷花的欲望并未消退。"
    },
    {
        "message": "就在我这么想的瞬间，阴茎又一次硬了起来。"
    },
    {
        "name": "クルクマ",
        "message": "「诶，那个……鸡巴又硬了吗？\\n已经，满足了吧？\\n已经射出这么多了，为什么……」"
    },
    {
        "message": "怀疑也是可以理解的。\\n射出这么多，一般来说应该会满足才对。\\n但是，今天的情况似乎有些不同。"
    },
    {
        "message": "对不起姜荷花，但是今晚还不能让你休息。\\n至少还需要再来一次，看来必须继续进行行为。"
    }
]