[
    {
        "name": "オオオニバス",
        "message": "「团长身上有没有受伤，必须确认一下才行」"
    },
    {
        "message": "听说团长在执行任务时受伤了，王莲便过来房间里看了看情况。"
    },
    {
        "message": "王莲帮团长脱下上衣，一脸认真地进行身体检查。颈部只有轻微擦伤，但氛围却有些难以启齿。"
    },
    {
        "name": "オオオニバス",
        "message": "「请小心一点……这具身体，对我来说是非常珍贵的宝物」"
    },
    {
        "name": "オオオニバス",
        "message": "「绝对不会容许伤害它……哪怕是团长自己」"
    },
    {
        "message": "手掌坚持地确认着，有些妖异的动作刺激着皮肤，阴茎也不自觉地有所反应。"
    },
    {
        "message": "王莲察觉到下半身已经完全勃起。"
    },
    {
        "name": "オオオニバス",
        "message": "「鸡巴都硬成这样了，根本就没法确认伤势了吧……真是个没办法的人啊」"
    },
    {
        "name": "オオオニバス",
        "message": "「那个……呵呵，得先把这里的肿胀治好才行」"
    },
    {
        "name": "オオオニバス",
        "message": "「喂，团长先生……可以在这里，进来吗？\\n……嗯嗯，嗯啊啊啊！」"
    },
    {
        "message": "在王莲的引导下，坚挺的阴茎\\n被推入了炽热湿润的阴道中。"
    },
    {
        "name": "オオオニバス",
        "message": "「嗯嗯……呵呵，肉棒\\n完全被吞没了哦？」"
    },
    {
        "name": "オオオニバス",
        "message": "「我知道你在颤抖，\\n在我的触摸下，你勃起得如此厉害啊」"
    },
    {
        "message": "王莲的双手环绕着我的头。\\n然后她将我埋入她的怀抱中。"
    },
    {
        "name": "オオオニバス",
        "message": "「我的指尖碰到了勃起的肉棒，\\n它已经迫不及待地想要动了」"
    },
    {
        "message": "一边确认着肿胀的阴茎触感，王莲低语道。"
    },
    {
        "name": "オオオニバス",
        "message": "「可以的，随便动……\\n在小穴里自慰到满足为止，快点解决吧」"
    },
    {
        "name": "オオオニバス",
        "message": "「不然的话，我也无法好好给你处理伤口」"
    },
    {
        "message": "阴茎被阴道肌肉收缩紧紧包裹着。\\n在这种刺激下，奥尼巴斯发出低沉的呻吟声，露出了诱惑的笑容。"
    },
    {
        "message": "仿佛受到她的微笑的启发，我开始在她的腰部前后运动起来。"
    },
    {
        "name": "オオオニバス",
        "message": "「嗯呜，啊啊！对，\\n用更硬的肉棒来顶我……啊啊！」"
    },
    {
        "name": "オオオニバス",
        "message": "「阴道，随你喜欢地使用，\\n就让自己舒服地享受吧！」"
    },
    {
        "message": "我一边小幅地动着腰部，一边品味着龟头在阴道褶皱中弹跳的刺激。\\n而奥尼巴斯只是默默地接受着我的单方面抽送。"
    },
    {
        "name": "オオオニバス",
        "message": "「来嘛，嗯呜，再搅和一下吧\\n用力摩擦，嗯啊……呵呵，就是那样」"
    },
    {
        "name": "オオオニバス",
        "message": "「啊呜，嗯啊啊！猛烈地侵犯我的阴道……\\n如果想射精了，随时都可以射出精液哦」"
    },
    {
        "message": "在被快感追逐的同时，我继续着疯狂地摆动着腰部。\\n从阴茎传来的甜蜜刺激扩散到全身，加快了粘膜的摩擦。"
    },
    {
        "name": "オオオニバス",
        "message": "「啊呜，嗯哈啊啊！\\n你这样摩擦肉棒……\\n感觉像是被团长大人袭击一样」"
    },
    {
        "message": "被她说了我才注意到。刚才一直都是我在主动，\\n王莲只是被动地接受我的抽送。"
    },
    {
        "message": "不想一味地享受快感，\\n想要和王莲一起动，一起感受快乐。"
    },
    {
        "name": "オオオニバス",
        "message": "「嗯啊，嗯呜……！\\n你看起来好痛苦啊……怎么了？」"
    },
    {
        "message": "从开始到现在，一直没有让她动过腰部，向她解释。"
    },
    {
        "name": "オオオニバス",
        "message": "「呵呵，你是希望我也动一下吗？\\n想要用小穴摩擦得更舒服吧，对吧？」"
    },
    {
        "name": "オオオニバス",
        "message": "「……那就有一个条件\\n如果你答应了，我会用小穴好好动起来，让肉棒更舒服」"
    },
    {
        "message": "虽然担心会被提出什么难题，但为了享受比现在更强烈的快感，还是问问她的条件。"
    },
    {
        "name": "オオオニバス",
        "message": "「更加珍惜自己的身体……这就是条件」"
    },
    {
        "message": "她提出的条件就只有这一个。\\n听到这句话，我愣住了，反应迟钝了几秒钟。"
    },
    {
        "name": "オオオニバス",
        "message": "「如果你不能答应的话……今天就一直这样下去吧？\\n……自己动腰部，自己射精出来……」"
    },
    {
        "name": "オオオニバス",
        "message": "「团长想要……肉棒更舒服吧？」"
    },
    {
        "message": "王莲的阴道收缩得更紧，仿佛在刺激快感。"
    },
    {
        "name": "オオオニバス",
        "message": "「我，就算只是被团长侵犯也无所谓\\n你打算怎么做呢？」"
    },
    {
        "message": "想起她认真的表情，当她触摸我的皮肤时。一直都在关心我的王莲。我只是为了享受快感而感到有些可怜。"
    },
    {
        "name": "オオオニバス",
        "message": "「喂，团长……怎么样呢？\\n你会答应吗……！？」"
    },
    {
        "name": "オオオニバス",
        "message": "「是接受条件呢，还是不接受呢……快点，给我个答复」"
    },
    {
        "message": "我紧紧抱住她的头，王莲的双臂用力抱紧我的头。阴道瞬间吸紧我的阴茎，仿佛要榨干我的精液。"
    },
    {
        "message": "面对她的挑逗，我匆忙发誓遵守我们之间的约定。不只是自己一个人享受快感，而是和王莲一起，直到最后都能感受到愉悦。"
    },
    {
        "name": "オオオニバス",
        "message": "「呵呵……真是拼命呢\\n精液都快要流出来了，一看就知道」"
    },
    {
        "name": "オオオニバス",
        "message": "「明明受了伤，还在享受着快感\\n团长真是……啊，原来在那里呀♪」"
    },
    {
        "message": "这时，我感到王莲的目光投向了我的颈部。她发现了一个小伤口，用湿润的舌尖淫靡地舔了舔上唇。"
    },
    {
        "name": "オオオニバス",
        "message": "「呵呵……没办法呢\\n那么……按照约定，我会好好享受肉棒的」"
    },
    {
        "message": "就在她说完这句话的同时，王莲开始了剧烈的摩擦运动。她一直在克制着，这样的动作充满了激情。"
    },
    {
        "name": "オオオニバス",
        "message": "「怎么样？呵呵\\n比自己动肉棒时还舒服吧？」"
    },
    {
        "name": "オオオニバス",
        "message": "「我也……嗯啊，啊！\\n比以前更舒服……啊啊！」"
    },
    {
        "message": "王莲左右摇晃着臀部，使阴道肌肉扭动。在被她大胆的粘膜摩擦所左右摆布之际，她的嘴唇突然吸附在伤口上。"
    },
    {
        "name": "オオオニバス",
        "message": "「啾……！伤痕……嗯嗯\\n在这种地方……不好吧……啾啪、啾啾啾！」"
    },
    {
        "message": "王莲像是在唇和舌头上多次涂抹伤口，让唾液渗透进去。\\n刺激的痒感变成了快感，使阴茎更加坚挺膨胀。"
    },
    {
        "name": "オオオニバス",
        "message": "「啾……！团长的表情，好淫荡……\\n被我戏弄伤痕……被侵犯，你是喜欢上了吧」"
    },
    {
        "message": "她以前的被动态度仿佛都是假的，这让我更加兴奋。\\n自然而然地，我的抽送变得更加剧烈，王莲的娇声在房间里回荡。"
    },
    {
        "name": "オオオニバス",
        "message": "「啊、嗯呜！那么，我会更加激烈地对待你！\\n用小穴好好对待你，榨取精液！」"
    },
    {
        "message": "连接处传来的水声变得更加剧烈。\\n每一次冲刺都像在榨取一样，阴道肌肉的收缩逐渐提高到了极限。"
    },
    {
        "name": "オオオニバス",
        "message": "「嗯啊、哈啊！鸡巴，\\n差不多到极限了吧\\n嗯呜……可爱地颤抖着，想射精吧」"
    },
    {
        "name": "オオオニバス",
        "message": "「可以的……呵呵，就这样让小穴动起来\\n嗯啊……哈啊！我会榨取团长的精液的！」"
    },
    {
        "name": "オオオニバス",
        "message": "「啊呜呜、啊、哈啊！\\n我、我也要……要高潮了……团长也、更、\\n更加剧烈地、喷射进来吧！」"
    },
    {
        "message": "撞击着肿胀的阴茎一直攀升到顶点。\\n与此同时，王莲的动作也变得更加有力。"
    },
    {
        "name": "オオオニバス",
        "message": "「嗯……出来了……从鸡巴里射出很多精液，\\n全部都射进我的阴道里吧！」"
    },
    {
        "name": "オオオニバス",
        "message": "「快点射吧，快点射出来！\\n我会接收团长的射精，全部都给我！\\n那满满的精子……喷进我的阴道里吧！」"
    },
    {
        "name": "オオオニバス",
        "message": "「啊啊啊！哈哈……哈哈哈，\\n精子来了，鸡巴在颤抖，热热的东西正在深处涌入」"
    },
    {
        "name": "オオオニバス",
        "message": "「好……很好，强劲的射精……\\n阴道在享受……我会更加紧紧地夹住你……」"
    },
    {
        "message": "积蓄的精液被王莲全部挤取出来，\\n阴茎变得柔软起来。"
    },
    {
        "message": "沉浸在射精的余韵中，王莲用力将头压在胸前。\\n感受到难以呼吸的压迫，她在耳边低语。"
    },
    {
        "name": "オオオニバス",
        "message": "「团长的身体是我的……\\n如果再弄伤它……我绝不会原谅你」"
    },
    {
        "message": "听到她认真的语气，我再次向王莲保证会注意以后。"
    }
]