[
    {
        "name": "レインボーローズ",
        "message": "「团长，我进来了……怎么了？\\n我一进房间，你就开始慌张起来了。」"
    },
    {
        "message": "自从上次的实验之后，我对彩虹玫瑰的意识变得过于强烈，\\n不知不觉地就开始躲避她。\\n虽然我一直对她保持沉默，\\n但我的怪异举动已经无法掩饰。"
    },
    {
        "name": "レインボーローズ",
        "message": "「原来如此，身体自作主张地反应着呢……\\n呵呵呵，本来想和你谈谈实验的事情，\\n看来现在不太合适呢。」"
    },
    {
        "message": "这样下去会影响工作。\\n虽然很可悲，\\n但我还是不好意思地请求彩虹玫瑰承担引起这种意识的责任。"
    },
    {
        "name": "レインボーローズ",
        "message": "「没办法呢……呵呵呵\\n好吧……所以，团长，过来吧……？」"
    },
    {
        "name": "レインボーローズ",
        "message": "「啊……嗯……！\\n好热，进来了……嗯嗯！」"
    },
    {
        "name": "レインボーローズ",
        "message": "「明明没有碰到却勃起得这么厉害……\\n感觉好像做了坏事一样……嗯嗯！」"
    },
    {
        "message": "站在彩虹玫瑰背后，一下子将阴茎插入到阴道深处。\\n看着浑身颤抖的彩虹玫瑰，我的兴奋感增加了，\\n欲望驱使着我开始扭动腰部。"
    },
    {
        "name": "レインボーローズ",
        "message": "「嗯啊！？ 团、团长，好、好突然激烈！\\n啊啊啊！ 哈、啊啊啊！」"
    },
    {
        "name": "レインボーローズ",
        "message": "「团长，你这么兴奋……？\\n啊啊，嗯，对我的泳衣，感到欲望了……！」"
    },
    {
        "message": "对着彩虹玫瑰的询问，我以抽送的动作作出回答。\\n从背后像野兽般插入阴茎，\\n让她陷入屈服的错觉，\\n进而更加兴奋。"
    },
    {
        "name": "レインボーローズ",
        "message": "「嗯呜！啊，呜呜，哈啊啊！\\n团长，好厉害，好激烈，节奏，无法控制……！」"
    },
    {
        "name": "レインボーローズ",
        "message": "「嗯嗯呜呜，快就要……要高潮了……！\\n啊啊啊，好深，嗯嗯呜呜，要抖出来了！」"
    },
    {
        "message": "在激烈的连续冲击下，彩虹玫瑰开始慌乱起来，\\n喘息声变得更大。\\n体内积蓄的欲望从全身涌出，\\n腰部的速度进一步加快。"
    },
    {
        "name": "レインボーローズ",
        "message": "「团长的喘息声，哈哈地很淫荡……\\n感觉到你是个雄性……让我有这种感觉……」"
    },
    {
        "name": "レインボーローズ",
        "message": "「不过，这样也不错呢……\\n或者说，意识到自己是个雌性，并感到兴奋……啊啊啊！」"
    },
    {
        "message": "尽管进行着如此粗暴的侵犯方式，\\n彩虹玫瑰的阴道似乎已经适应了阴茎的存在，\\n用柔软的肉褶持续刺激着。"
    },
    {
        "name": "レインボーローズ",
        "message": "「呼、呼呼呼，好厉害，感觉像是个实验……♪\\n唔啊啊！哈、太、啊啊啊！」"
    },
    {
        "name": "レインボーローズ",
        "message": "「那里，嗯嗯，好像要融化一样，啊啊！\\n啊，好热……啊，唔，啊啊啊！」"
    },
    {
        "message": "紧握住彩虹玫瑰的腰。\\n她丰满的臀部随之抬起，\\n左右扭动着，仿佛在诉说着要求插入。"
    },
    {
        "name": "レインボーローズ",
        "message": "「嗯啊，顶到了……子宫口被顶到了！」"
    },
    {
        "name": "レインボーローズ",
        "message": "「碰到了尖端……啊啊！\\n脑袋一片空白……嗯嗯嗯！」"
    },
    {
        "message": "听到彩虹玫瑰发出甜美的声音，她的桃尻朝天扬起。\\n看着她左右摇摆的样子，不知怎的想要拍打一下，\\n于是轻轻地拍了一记巴掌。"
    },
    {
        "name": "レインボーローズ",
        "message": "「咿呀！团长，为、为、为什么打我……！\\n啪的一声……唔呀！\\n再、再打屁股……嗯嗯嗯！」"
    },
    {
        "name": "レインボーローズ",
        "message": "「别、别啊啊……！别打屁股，唔唔！\\n那个有点不对劲……唔唔！」"
    },
    {
        "message": "停止打屁股后，阴道的收缩变得更加强烈，\\n显示出彩虹玫瑰正在感受着剧烈的快感。"
    },
    {
        "name": "レインボーローズ",
        "message": "「唔唔，这样会变态的……\\n团长，你有这种癖好吗……？」"
    },
    {
        "name": "レインボーローズ",
        "message": "「可、可是，如果团长喜欢这样的话，我也试过几次，试着……」"
    },
    {
        "message": "彩虹玫瑰害羞地喃喃自语。看着她这副模样，我忍不住想捉弄她，便在耳边轻声细语。"
    },
    {
        "message": "是喜欢被这样袭击吗？还是因为被捉弄而感到愉悦呢……"
    },
    {
        "name": "レインボーローズ",
        "message": "「那、那个……呜呜，太害羞了，说不出来……团长，你为什么要问这种事……」"
    },
    {
        "name": "レインボーローズ",
        "message": "「啊！硬硬的，进入了入口……！哦哦，好、好焦急……嗯嗯，往里面插……唔唔，别、别拖延……」"
    },
    {
        "message": "以不告诉我的话就一直拖延作为威胁，在耳边轻声细语。彩虹玫瑰全身像是受到电击一般抽搐着，最终屈服并坦白了。"
    },
    {
        "name": "レインボーローズ",
        "message": "「呜呜……被这样袭击的感觉，让我有点兴奋起来了……所、所以被团长这样对待，我会非常、非常兴奋的……」"
    },
    {
        "name": "レインボーローズ",
        "message": "「这、这样就可以了吗……？啊啊，说出来了……可、可是，这样就可以了吧……？」"
    },
    {
        "message": "感谢你坦率地告白害羞的事情，并且一鼓作气冲刺到最后。"
    },
    {
        "name": "レインボーローズ",
        "message": "「嗯呀啊啊！啊、啊啊啊！\n往、往里面进来了！\n团长的，最深处！」"
    },
    {
        "name": "レインボーローズ",
        "message": "「啊、啊啊啊！好、好厉害！就像是被后面侵犯一样！\n再、再多一点！往最深处戳戳地插进去！」"
    },
    {
        "message": "不需要她说，我就将阴茎戳入阴道深处，然后又拉回来，粗暴地责难着她。"
    },
    {
        "name": "レインボーローズ",
        "message": "「啊、啊啊啊！嗯嗯嗯呜呜！\n阴道里，涌出了好多液体，嗯嗯嗯！\n哎、啊啊啊！哈、哈呀呀！」"
    },
    {
        "name": "レインボーローズ",
        "message": "「团长，团长哦哦！戳进去！\n阴道，戳得像要坏掉一样湿湿地戳进去！」"
    },
    {
        "message": "彩虹玫瑰的嘴角流下口水，一片混乱。\n我也接近极限，高潮正在逼近。"
    },
    {
        "name": "レインボーローズ",
        "message": "「啊、啊啊啊！团长，不行了，不行了！\n我快要……忍不住了……呣啊啊！」"
    },
    {
        "name": "レインボーローズ",
        "message": "「出来吧……就这样，尽情地射进来吧！\n我的里面，精液，好多好多呀，呀、啊啊啊啊！」"
    },
    {
        "message": "阴道收缩，给阴茎带来强烈刺激。\n这成为导火索，积蓄的精液从根部一路上涌到顶端。\n在欲望的驱使下，将阴茎插入阴道深处，达到极限。"
    },
    {
        "name": "レインボーローズ",
        "message": "「啊啊，团长的，里面在颤抖！\n射出来，嗯嗯，射出很多！」"
    },
    {
        "name": "レインボーローズ",
        "message": "「我也要，要高潮了！\n啊啊啊啊啊啊啊！\n嗯嗯啊啊啊啊！」"
    },
    {
        "name": "レインボーローズ",
        "message": "「嗯嗯啊啊！ 啊、啊啊啊！\n射出来了，在里面好多，精液……！\n啊、哈啊啊……！」"
    },
    {
        "message": "欲望的驱使下，将精液射入阴道内。\n彩虹玫瑰全身抽搐，接受着射精。\n两人似乎同时达到了高潮，感到宽慰。"
    },
    {
        "name": "レインボーローズ",
        "message": "「哈、啊啊……嗯、嗯啊……\n团长，好厉害，还在流出来……啊、会溢出来……」"
    },
    {
        "name": "レインボーローズ",
        "message": "「不行，又要高潮了……！\n被射进来了……又高潮了呜呜！\n啊、哈、嗯嗯……又高潮了呜呜……」"
    },
    {
        "message": "膣内射精终于结束后，两人开始深呼吸。\n一股疲劳迅速袭来全身，几乎跪倒在地，\n艰难地站稳身体后，\n询问彩虹玫瑰是否还好。"
    },
    {
        "name": "レインボーローズ",
        "message": "「……筋疲力尽的感觉，思绪也很混乱，\n总之……可能真的很累了吧」"
    },
    {
        "name": "レインボーローズ",
        "message": "「但是……感觉很舒服\n而且果然团长看到泳装就会兴奋呢，\n实验数据也得到了呢♪」"
    },
    {
        "message": "看着得意模样的彩虹玫瑰，我感到一阵暖意，\\n便问她，下次如果我有需求的话，她是否会再陪我。\\n她笑着回答了我。"
    },
    {
        "name": "レインボーローズ",
        "message": "「呵呵，没办法呢……\\n以后，如果你再感到欲情，我随时都会负起责任的哦\\n所以……随时都可以来找我哦，团长♪」"
    }
]