[
    {
        "name": "スイレン",
        "message": "「主人，辛苦了\\n我在这边轻轻地打扫了一下，\\n如果有什么需要帮忙的，请尽管说吧」"
    },
    {
        "message": "在被公务处理紧紧追赶的午后，\\n出现在办公室里的是睡莲。\\n像往常一样打扫卫生。\\n但是，她穿着的是泳装。"
    },
    {
        "name": "スイレン",
        "message": "「哎呀？ 哎呀～？\\n主人，急什么呢，我这身打扮让您在意吗？」"
    },
    {
        "message": "注意到这边视线的睡莲停下了打扫，\\n咯咯地笑着走了过来。"
    },
    {
        "message": "睡莲显然是在逗弄着这边。\\n于是尽量不理会她，把目光投向桌上的文件。"
    },
    {
        "name": "スイレン",
        "message": "「哎呀哎呀主人，不用那么勉强地别开眼睛～」"
    },
    {
        "message": "睡莲来到身旁，凑近过来窥视。\\n当然，暴露出来的肌肤不由自主地进入眼帘。"
    },
    {
        "name": "スイレン",
        "message": "「不用勉强看我啦～？\\n来嘛来嘛，忍耐可不好……啊！？」"
    },
    {
        "message": "被这样挑逗着，\\n也没法专心进行公务工作。\\n强行拉过睡莲的身体，抱住了她。"
    },
    {
        "name": "スイレン",
        "message": "「主人，太过分了……啊啊！」"
    },
    {
        "name": "スイレン",
        "message": "「呀～，主人发情了呢～……啊」"
    },
    {
        "message": "强行抱住睡莲并插入。\\n阴道因爱液而变得湿润滑腻，阴茎顺势滑入。"
    },
    {
        "name": "スイレン",
        "message": "「啊啊……主人的肉棒，进来了……\\n被发情的主人给予了淫荡的惩罚呢～」"
    },
    {
        "message": "即使插入之后也不改变取笑别人的态度，\\n果然还是睡莲啊。"
    },
    {
        "name": "スイレン",
        "message": "「……主人不用忍耐，也不用犹豫\\n可以坦诚自己的欲望\\n我会全部接受的」"
    },
    {
        "message": "这番话是睡莲真心实意还是在演戏，很难判断。\\n但是，睡莲现在这样接纳着我。\\n这一事实，就是最好的证明吧。"
    },
    {
        "name": "スイレン",
        "message": "「主人进行淫荡的惩罚没关系，\\n但我是否反省，那就是另外一回事♪」"
    },
    {
        "message": "能保持这份从容到什么时候，拭目以待吧。"
    },
    {
        "name": "スイレン",
        "message": "「直到主人射出为止，我还有余裕♪ 嗯呼♪」"
    },
    {
        "message": "既然你这么说，我就全力给你惩罚。"
    },
    {
        "name": "スイレン",
        "message": "「诶？啊、嗯！啊呀！哈啊呀！啊、不要！\\n突然这样，嗯！啊呀！啊啊呀！太激烈了，嗯！不要！啊呀，嗯！哈啊呀！」"
    },
    {
        "name": "スイレン",
        "message": "「哈、哈啊呀！哈、啊、哈、啊！\\n主人，嗯！太激烈了，嗯！啊，啊啊！那个，嗯！\\n摩擦到很舒服的地方了，嗯！啊！啊啊啊呀啊呀！」"
    },
    {
        "name": "スイレン",
        "message": "「不要，嗯！腿、发软了，嗯！\\n啊、太舒服了，嗯！\\n站不住了，嗯！啊呀呀！\\n哈、啊、啊、啊呀呀！哈、哈、哈、啊啊！」"
    },
    {
        "message": "睡莲的身体开始颤抖起来，\\n阴道紧紧地夹住着阴茎。"
    },
    {
        "name": "スイレン",
        "message": "「等等，嗯！等一下，哦哦哦哦哦哦哦哦哦哦哦哦哦哦哦哦哦哦哦哦哦哦哦！！\\n这样下去会出问题的，嗯！会出问题的！！\\n太舒服了，嗯！我要出问题了，嗯！！哈啊呀！！」"
    },
    {
        "name": "スイレン",
        "message": "「太激烈了，喘不过气来了，嗯！哈、哈、嗯！\\n啊、嗯、嗯、哈、哈呀呀！！\\n那个、那个！！」"
    },
    {
        "name": "スイレン",
        "message": "「不行，要高潮了，我要高潮了，嗯！！\\n主人的肉棒太舒服了，嗯！！我要高潮了！！\\n要高潮了！！啊、啊啊、哈、哈、啊啊！！」"
    },
    {
        "message": "仿佛要逃离一般，睡莲扭动着她的腰。\\n紧紧抓住她的手臂，将她拉向自己，狠狠地迎合着兽欲。"
    },
    {
        "name": "スイレン",
        "message": "「好舒服，嗯啊，啊，啊，哈啊，哈啊！\\n啊呀，啊，啊呀，呼啊，啊，哈啊，哈啊！ 啊呀！\\n啊，好舒服，在那里，嗯！在那里，深处，碰到了，在那里！嗯！！」"
    },
    {
        "name": "スイレン",
        "message": "「好激烈、好舒服、嗯！主人的肉棒、\\n嗯、硬硬的、嗯！啊、嗯！哈啊、哈啊、啊呀呀！\\n好厉害、好厉害！感觉、要高潮了！啊！啊呀！」"
    },
    {
        "name": "スイレン",
        "message": "「要坏掉了、嗯！哈啊、哈啊、太舒服了、\\n嗯、阴道、要坏掉了、嗯！！哦、嗯！啊啊！！」"
    },
    {
        "message": "睡莲的身体像是在跳跃一般颤抖着。\\n即使没有说出来，她已经达到了好几次高潮。"
    },
    {
        "name": "スイレン",
        "message": "「啊、嗯、高潮了、嗯、哈啊、哈啊、嗯嗯！！\\n啊、主人，唔、哈啊、哈啊、嗯嗯！！ 啊呀！\\n哈啊、哈啊、唔唔唔唔唔唔唔！！ 阴道要坏掉了，唔！！ 哦哦哦！！\\n太激烈了太过分了，唔！！ 哈啊、哈啊、唔唔！！」"
    },
    {
        "message": "紧握着睡莲扭动的臀部肉感，用力地品尝着那感触。"
    },
    {
        "name": "スイレン",
        "message": "「不行，屁股疼疼的，唔！像这样摸来摸去的话！\\n揉捏吧！唔，酥酥麻麻的！ 啊呀呀！ 好舒服真好！\\n唔！ 啊呀呀呀！ 哈啊，哈啊，哦哦哦哦！！」"
    },
    {
        "message": "明明还是白天，在这样展示丰满桃臀实在是太过分了。"
    },
    {
        "name": "スイレン",
        "message": "「因为是泳装，嗯！被看到是理所当然的，啊啊啊！\\n对、对不起，嗯！哈啊，哈啊！ 对不、嗯！\\n屁股、被揉，不行，嗯，啊，啊，啊，啊！」"
    },
    {
        "message": "听睡莲的话像是在忽略一般，揉捏着她的屁股。\\n与虫子激烈战斗的花骑士的屁股，竟然如此柔软。"
    },
    {
        "name": "スイレン",
        "message": "「好疼、嗯、会留下痕迹的，因为、嗯！\\n抓得这么紧，会留下痕迹的，嗯、啊、哈啊！\\n屁股上留下痕迹了、嗯嗯！」"
    },
    {
        "message": "每次揉捏她的屁股时，睡莲都扭动着腰。\\n对于这样淫荡的女仆屁股，\\n必须要留下明显的反省印记。"
    },
    {
        "name": "スイレン",
        "message": "「被其他人知道了、嗯！\\n被主人知道了、嗯、要受到惩罚了、嗯、被知道了呜呜！」"
    },
    {
        "message": "因为是惩罚所以理所当然。"
    },
    {
        "name": "スイレン",
        "message": "「对不起、嗯、哈啊哈啊\\n请原谅、嗯！ 啊！ 呼吸困难了、嗯！ 呼呼！\\n感觉很舒服，请原谅、嗯！ 啊！ 哈啊哈啊！」"
    },
    {
        "message": "不行。不能原谅。"
    },
    {
        "name": "スイレン",
        "message": "「里面！ 嗯！ 哈啊啊！\\n刺刺地！ 里面，啊啊啊！ 啊、嗯、呼呼，那个，不行，\\n刺激太强了，要飞出去了，不行，嗯嗯！ 啊啊啊！」"
    },
    {
        "message": "睡莲的子宫口紧贴着龟头，\\n用力地、一次又一次地刺入最深处。\\n每到达最深处，阴道就会紧紧地夹住阴茎。\\n这种快感让射精的欲望达到了极限。"
    },
    {
        "name": "スイレン",
        "message": "「意识、飞走了……嗯、哈啊、哈啊、嗯！啊啊啊！\\n主人，那个，不行，啊！嗯嗯！哈啊、哈啊、啊啊！\\n啊！不行，疼痛，疼痛，啊、啊、啊、啊啊啊！」"
    },
    {
        "name": "スイレン",
        "message": "「嗯、不行，嗯、要高潮了！\\n不行，这样太厉害了，要高潮了！嗯、啊啊啊、啊！\\n哈啊、哈啊、明明说不行的，嗯、啊！\\n主人，嗯、啊、感觉太舒服了，嗯嗯啊！」"
    },
    {
        "name": "スイレン",
        "message": "「要高潮了，嗯、又要高潮了，嗯！\\n啊、啊！ 啊啊！ 要高潮了！ 要高潮了！ 高潮了！\\n啊、啊呀！ 哈呢呢！ 嗯哈呢呢呢呢呢！」"
    },
    {
        "name": "スイレン",
        "message": "「嗯哈呢呢…… 啊…… 哈哈……」"
    },
    {
        "message": "在睡莲体内颤抖的阴道中，\\n释放出炽热滚烫的精液。\\n悸动的感觉引发了大脑中愉悦的快感。"
    },
    {
        "message": "抓住睡莲几乎要倒下的手臂，\\n支撑着她不至于摔倒。\\n如果没有阴茎插入，\\n睡莲可能就会在那里软倒下去。"
    },
    {
        "name": "スイレン",
        "message": "「……太过分了……嗯……主人……哈啊、哈啊……\\n这样做的话，我会……会心碎的……」"
    },
    {
        "message": "明知她是出于渴望而故意挑衅才如此激烈。"
    },
    {
        "name": "スイレン",
        "message": "「……被发现了吗？\\n但是，主人，真的很好」"
    },
    {
        "message": "睡莲坦率地说出了她的感想。"
    },
    {
        "name": "スイレン",
        "message": "「而且，能射这么多……一定是相当积蓄了吧？」"
    },
    {
        "message": "正如睡莲所说，从阴道中溢出的混合着爱液的精液\\n像是故意流到了地板上一样扩散开来。"
    },
    {
        "name": "スイレン",
        "message": "「主人，就算是您也射得太多了\\n请为打扫卫生的人着想一下」"
    },
    {
        "message": "责备着我的睡莲露出了不悦的表情。\\n总是笑容满面的她难得地表现出了不快。\\n这件事情一定很严重吧。"
    },
    {
        "name": "スイレン",
        "message": "「……因为，您还没有说这件泳衣的感想呢」"
    },
    {
        "message": "不悦地鼓起脸颊的睡莲扭头不看我。"
    },
    {
        "message": "那套泳衣非常适合睡莲。\\n让人忍不住想要拥抱她。"
    },
    {
        "name": "スイレン",
        "message": "「真的吗？」"
    },
    {
        "message": "真的。"
    },
    {
        "name": "スイレン",
        "message": "「真的真的，穿得合适吗～？」"
    },
    {
        "message": "睡莲面带笑意地问道，笑得似乎随时都要爆发出来。\\n我终于意识到，自刚才开始，一直被取笑着。"
    },
    {
        "name": "スイレン",
        "message": "「啊……你的表情，有点尴尬，被发现了？」"
    },
    {
        "message": "睡莲微笑着。"
    },
    {
        "message": "看到她这样笑容满面，责备起被取笑的自己来，并不确定地露出模糊的苦笑。"
    }
]