[
    {
        "name": "オオオニバス",
        "message": "「嗯，嗯嗯嗯……\n啊哈，哈，好大……♪」"
    },
    {
        "message": "插入的瞬间，腰停止了。\n蜜液化的阴道肌肉唤醒了理性的警钟。"
    },
    {
        "name": "オオオニバス",
        "message": "「团长，怎么了？\n鸡巴，为什么停下来了？」"
    },
    {
        "name": "オオオニバス",
        "message": "「明明说想要享受这种颤动的快感……\n呵呵，这么重要的身体可怜吧？」"
    },
    {
        "message": "被王莲凝视的瞬间，阵痛涌现。\n柔和的眼神似乎在诱发快感。"
    },
    {
        "name": "オオオニバス",
        "message": "「请好好地让我感受快感\n还是……呵呵」"
    },
    {
        "message": "阴道肌肉扭动着。\n她自己抬起了私处，\n王莲强行吞下肉棒。"
    },
    {
        "name": "オオオニバス",
        "message": "「你是想要我说些爱的话吗？\n爱你之类的，非常喜欢之类的，再也不想离开……之类的？」"
    },
    {
        "message": "发红的脸颊提出问题。\n显现出深深的虐恋和狂喜之色，深不见底。"
    },
    {
        "name": "オオオニバス",
        "message": "「呵呵，团长总是这么贪心啊\n好啦，我就告诉你了\n一定要好好听哦？」"
    },
    {
        "message": "伴随着微笑，双腿更加张开。\n从根部吞噬的隐秘之处，已经溢出爱液。"
    },
    {
        "name": "オオオニバス",
        "message": "「我爱你，团长……我非常喜欢你，团长」"
    },
    {
        "name": "オオオニバス",
        "message": "「我不想和团长分开\n我从心底里是这么想的」"
    },
    {
        "message": "陶醉地表达爱意的王莲。\n每一句话传达出去，阴道皱褶扭动着，咬住肉棒。"
    },
    {
        "name": "オオオニバス",
        "message": "「但是，请不要误会了哦？」"
    },
    {
        "message": "王莲眯起了炽热的双眼。"
    },
    {
        "name": "オオオニバス",
        "message": "「我想要的只有团长的身体\n现在就是这样……呵呵，小•鸡•巴♪」"
    },
    {
        "name": "オオオニバス",
        "message": "「其他的都不需要，就扔在那边吧\n对了，就喂给害虫吧\n因为我不需要这些东西」"
    },
    {
        "message": "用同样的嘴唇和热度低语着爱，吐出不需要心这样的话。\\n热烈的身体温度，告诉着那就是她的真心。"
    },
    {
        "name": "オオオニバス",
        "message": "「啊，所以，所以，快点……\\n我不想让肉棒受到可怜的对待\\n你看，现在已经哭着要摩擦我的小穴了吧」"
    },
    {
        "message": "仿佛要哭泣般扭动着腰部。\\n在被揉捏的快感中，肉棒自行主张着存在。"
    },
    {
        "name": "オオオニバス",
        "message": "「所以……请侵犯我吧\\n肉棒已经哭了，我……已经无法忍耐了」"
    },
    {
        "message": "危险地被激动的声音和挑衅的眼神，腰部开始自行摆动。\\n而且一开始就是不打算慢慢来，直接就是最快速度。"
    },
    {
        "name": "オオオニバス",
        "message": "「啊呜、嗯啊啊！ 呜、哈啊、啊啊啊！\\n终于、来了！ 肉棒、嗯嗯、太高兴了！」"
    },
    {
        "name": "オオオニバス",
        "message": "「哈啊、嗯嗯、我会好好疼爱你的哦？\\n用小穴，当乖孩子乖孩子……！\\n会让你感觉很舒服……！」"
    },
    {
        "message": "暴力的抽送让两个口张开欢呼。\\n那触感让理性被削弱得七零八落。"
    },
    {
        "name": "オオオニバス",
        "message": "「肉棒在颤抖，好可爱……！\\n哈啊、啊，我很幸福……哈啊啊！」"
    },
    {
        "name": "オオオニバス",
        "message": "「我、我、这样的事情，好像是第一次……！\\n更、更、肉棒，再用力动一点，给我！」"
    },
    {
        "message": "王莲在办公桌上颤抖着享受快感。"
    },
    {
        "message": "这个景象是自己制造出来的。\\n自己沉溺于快感之中。\\n这是毫无疑问的。"
    },
    {
        "message": "但是，也有无法忍受的感觉。\\n为了驱散那种感觉，伸手摸向扭动的身体。"
    },
    {
        "name": "オオオニバス",
        "message": "「嗯啊、胸部，好舒服，呵呵\\n怎么样？我也正想请求你呢……！」"
    },
    {
        "message": "无法从她温柔微笑的美貌中移开目光。\\n意识到自己完全被困住，\\n焦躁感开始燃烧起来。"
    },
    {
        "message": "紧握丰满的乳房，从内部拉出快感。\\n捏弄挺立的乳头，把它拉长展示出来。"
    },
    {
        "name": "オオオニバス",
        "message": "「嗯啊、呜、咕……有点疼，对吧？\\n嗯啊、不可以，手……哈哈、哈哈哈」"
    },
    {
        "name": "オオオニバス",
        "message": "「啊、阴道也被摧毁了，就是这样……！\\n咕噜咕噜地，强行地搅拌着深处……！\\n啊、啊啊啊啊！」"
    },
    {
        "message": "挺入的雌性喘息声异常尖锐。\\n在那类似悲鸣的声音下，肉棒愈发猛烈，硬度增加。"
    },
    {
        "message": "她的双腿已经痉挛到无法保持姿势。\\n这次我抓住她的双腿，强行削减着阴道肉。"
    },
    {
        "name": "オオオニバス",
        "message": "「啊咕噜噜！？好像、好像真的……！\\n硬生生地，被肉棒……啊啊啊啊……」"
    },
    {
        "message": "仿佛传染了她的虐恋心理一般的暴力行为。\\n一次又一次地拳击着阴道深处。"
    },
    {
        "message": "没有爱也没有技巧，因此，\\n她的眼神逐渐失焦。"
    },
    {
        "name": "オオオニバス",
        "message": "「哈、啊啊啊、啊、啊、啊、嗯呃呃呃……」"
    },
    {
        "message": "无法传达任何信息，只是喘息着接受抽送的肉体。\\n现在的王莲，已经不再有那妖艳的微笑了。"
    },
    {
        "message": "然而，侵犯着她的肉棒仍在追求着。\\n仿佛只要有肉体快感就足够了一样，\\n无法停止刺激花蕾的动作。"
    },
    {
        "name": "オオオニバス",
        "message": "「呼、呼呼呼……你终于……注意到我的表情了吧……」"
    },
    {
        "message": "突然，被贪婪吞噬的阴道肉发生了变化。"
    },
    {
        "name": "オオオニバス",
        "message": "「团长大人也和我一起……呵呵\\n只要有身体，就能感到愉悦」"
    },
    {
        "message": "微微颤动的臀部。\\n随着抽送的动作，准确地在肉棒上摩擦。"
    },
    {
        "message": "无论改变抽送的方式，改变节奏都一样。\\n相反，继续抽送，就像被无底泥沼般拖入快感之中。"
    },
    {
        "name": "オオオニバス",
        "message": "「无论做什么都是徒劳……对吧？我对团长大人的身体，全部、全部都了如指掌」"
    },
    {
        "message": "王莲的眼中再次闪烁着光芒。\\n不，或者说根本就没有消失过，被快感冲昏了头脑。"
    },
    {
        "name": "オオオニバス",
        "message": "「啊哈，肉棒，好辛苦……在抖动呢？\\n想射吗？想射吗？」"
    },
    {
        "message": "不知为何无意识地忍耐着迫切的射精感。\\n不知道为了什么，只是默默忍耐着。"
    },
    {
        "name": "オオオニバス",
        "message": "「忍耐能持续多久？\\n再出入几次，就会高潮了吗？」"
    },
    {
        "name": "オオオニバス",
        "message": "「明白吗？明白吗？\\n这是我的鸡巴……你明白吧？」"
    },
    {
        "message": "扩散的快感应该是相互的。\\n然而，王莲的笑容却不曾改变。\\n在她的大眼中，只有我，像野兽般喘着粗气。"
    },
    {
        "name": "オオオニバス",
        "message": "「我也，明白……？\\n再来五次啪啪声……鸡巴就会射了」"
    },
    {
        "message": "被王莲的咒语所震撼。\\n同时，蠕动的阴唇急切地刺激着阴茎，安抚着，\\n调整着射精的时机。"
    },
    {
        "name": "オオオニバス",
        "message": "「嗯，第一次……啊呜、哈啊、呼……\\n哎呀，慢点，怎么了……？」"
    },
    {
        "message": "对王莲比自己还了解这具身体的恐惧。\\n但是，膨胀的性欲不允许停下来。"
    },
    {
        "name": "オオオニバス",
        "message": "「第二次……！哈啊、嗯咕！第三次……！\\n哈，来了吗？精液上涌了吗？\\n嗯呜、第四次……！」"
    },
    {
        "name": "オオオニバス",
        "message": "「呼、呼呼、啊，最后了，最后了团长大人……！\\n下一次就要射了、下一次就要射了！？」"
    },
    {
        "message": "缠绕的阴道肉将我拖入深渊。"
    },
    {
        "message": "同时加上的吸引和挤压。\\n被强大的压力引导，射精欲望超越了极限。"
    },
    {
        "name": "オオオニバス",
        "message": "「嘿嘿嘿，第五次，眼睛……！ 鸡巴在颤抖……！\\n啊哈，射出来吧，射出来吧……！\\n精液，尽情地……射出来吧！！」"
    },
    {
        "name": "オオオニバス",
        "message": "「嗯嗯嗯嗯嗯……呼、呼呼……第五次射出来了呢……\\n啊，好温暖……」"
    },
    {
        "message": "仿佛连血液都变成了精液一般异常的射精。\\n被抽搂的肉筒收缩着，精液被吸干。"
    },
    {
        "name": "オオオニバス",
        "message": "「哈啊、呼、呵呵、鸡巴……乖孩子，乖孩子\\n就这样，全部都可以射进小穴里哦……？」"
    },
    {
        "name": "オオオニバス",
        "message": "「我会帮你吞下去……\\n浪费掉太可惜了……」"
    },
    {
        "message": "模糊的意识中回荡着母亲般的声音。\\n除此之外什么都感觉不到，甚至接下来的话也听不太懂。"
    },
    {
        "name": "オオオニバス",
        "message": "「啊……我的身体已经得到满足了……\\n希望再次被使用，团长先生」"
    },
    {
        "name": "オオオニバス",
        "message": "「在那之前，请好好珍惜♪\\n如果对我粗鲁一点的话……呵呵，我会惩罚你知道吗？」"
    },
    {
        "message": "眼前浮现出王莲的微笑。\\n在那之后，意识慢慢沉入了黑暗之中。"
    }
]