[
    {
        "name": "カライトソウ",
        "message": "「别用那样羡慕的眼神看着我，你这个人类，想尝一尝血的滋味还早了一百年呢」"
    },
    {
        "message": "得意洋洋地瞥了一眼我，自称吸血鬼的她将嘴唇贴在装满红色液体的酒杯上。"
    },
    {
        "name": "カライトソウ",
        "message": "「嗯咕！？ 咳咳，咳咳…… 呵呵……被呛到了，看来我暴露了丑态」"
    },
    {
        "message": "那红色液体并不是鲜血，而是蔬菜汁，而且她还不喜欢喝。喝下去呛到的模样，已经是司空见惯的景象了。"
    },
    {
        "name": "カライトソウ",
        "message": "「小子！ 为什么要露出那种厌恶的表情！？ 在这种时候，你还觉得这是蔬菜汁吗！？ 你是想说虽然不能喝但也不要勉强自己吗！？」"
    },
    {
        "name": "カライトソウ",
        "message": "「既然如此，我会让你亲身体会吾辈能够喝血这件事！」"
    },
    {
        "message": "被日本地榆按倒在床上。她在上面扭动着，试图咬住我的颈部。"
    },
    {
        "name": "カライトソウ",
        "message": "「卡普……啾、啵啾……后悔也来不及了哦，我会直接咬住小子的血管吸个痛快」"
    },
    {
        "message": "身体紧贴着，能直接感受到日本地榆的体温。再加上女性特有的甜美香气和颈部的轻咬让人心旷神怡，下半身不由自主地有所反应。"
    },
    {
        "name": "カライトソウ",
        "message": "「……小子，为什么你的家伙变得这么硬？只是被我贴近就这样了吗？好吧，好吧……那么，就让我先品尝你的东西吧」"
    },
    {
        "message": "明明毫不犹豫地开始行动，却触碰到阴茎的手却在颤抖着。"
    },
    {
        "name": "カライトソウ",
        "message": "「嗯，竟然有这么大的家伙……」"
    },
    {
        "message": "日本地榆用生疏的动作握住了阴茎。将其顶端移到阴道口，缓慢地拉开那张开的缝隙。"
    },
    {
        "name": "カライトソウ",
        "message": "「呜啊啊啊！啊，咕……！把我逼得喘不过气来，真是个傲慢的东西……」"
    },
    {
        "message": "即使面带痛苦表情，日本地榆也没有停下来。她颤抖着全身，将男人的象征送入她自己的深渊。"
    },
    {
        "name": "カライトソウ",
        "message": "「嗯啊……！现在已经进到最深处了……哈，哈……」"
    },
    {
        "message": "尽管态度高高在上，身体却流露出紧张。果然是第一次吧。但她却毫不犹豫地否定了这一点。"
    },
    {
        "name": "カライトソウ",
        "message": "「哼，我怎么可能还是个处女！我可活了数百年！你问这种问题太失礼了！」"
    },
    {
        "message": "口头上再怎么否定，身体方面恐怕是不可能的。\\n试着轻轻往上顶一下看看。"
    },
    {
        "name": "カライトソウ",
        "message": "「啊啊……！喂，你这个笨蛋，别自作主张动来动去！\\n主导权可是掌握在吾辈手中的哦？\\n不要无礼地一而再再而三地无礼！」"
    },
    {
        "message": "睁大眼睛，满脸通红地表露出愤怒。\\n或许就是所谓的怒发冲冠吧。"
    },
    {
        "name": "カライトソウ",
        "message": "「既然这样，那就彻底地榨干你吧……\\n为了你重复的无礼，被榨干后后悔也来不及了哦！」"
    },
    {
        "message": "完全没有触及到她可爱的喘息声，开始上下摇晃身体。"
    },
    {
        "name": "カライトソウ",
        "message": "「咕、哈啊……嗯、啊……嘘、嗯嗯……！\\n只是稍微动一下，就会碰到深处……」"
    },
    {
        "name": "カライトソウ",
        "message": "「但即使再大也终究是凡人之物……呼、啊啊……\\n吸血鬼的阴道可不是那么容易对付的……咕、啊啊」"
    },
    {
        "name": "カライトソウ",
        "message": "「更何况，吾辈可是传说中的存在……！\\n让你昏死在这里也不过分吧……！」"
    },
    {
        "message": "虽然说话气势十足，但上下的动作并不大。\\n床也只是轻微地发出声响，较大的乳房摇摆得也不多。"
    },
    {
        "message": "刺激就像是甜蜜而微小的一样。\\n但是，反而感觉舒适。\\n放心吧，我可以放心地把主导权交给你。"
    },
    {
        "name": "カライトソウ",
        "message": "「啊、嗯……咕、啊啊……你这表情真是陶醉啊\\n这点程度就感觉了，不会很快就结束吗？」"
    },
    {
        "name": "カライトソウ",
        "message": "「到了那个时候……嗯、啊、嗯啊啊……我会在大家面前称呼你为早泄……嘿啊、嗯啊……啊」"
    },
    {
        "message": "看来心情非常好。\\n日本地榆一边露出笑容一边扭动着腰部。"
    },
    {
        "message": "原本生疏的腰部动作渐渐变得流畅起来，\\n阴道分泌增加，上下的动作也变得更加剧烈。"
    },
    {
        "name": "カライトソウ",
        "message": "「咕呜呜、啊啊、嘘、嗯咕……！\\n小子，听得见吗……我的性器和你的家伙，\\n居然发出如此淫秽的声音……！」"
    },
    {
        "name": "カライトソウ",
        "message": "「你肯定光听这声音就会兴奋起来吧……\\n来吧，不要忍着，让你的家伙颤抖吧……咕、啊啊」"
    },
    {
        "message": "我试图反驳她高高在上的话语。"
    },
    {
        "name": "カライトソウ",
        "message": "「嘿啊、啊……我所感受到的，全都是为了你……！\\n我也得到快感并让身体做出反应，这样更容易挤出你的精液……」"
    },
    {
        "name": "カライトソウ",
        "message": "「但是……啊啊、嗯啊、嗯哈哈……绝不会，先结束的……\\n我绝不会因为你的家伙而陷入快感之中……」"
    },
    {
        "message": "如果你还想继续强作镇定，那我也要稍微刺激你一下。\\n我开始摆弄着摇曳生姿的果实，试图抓住它。"
    },
    {
        "name": "カライトソウ",
        "message": "「啊呜呜！你这家伙……不要随便揉我的乳房！\\n那可是吸血鬼的乳房……那可是高贵的存在啊……！」"
    },
    {
        "message": "这样说着却没有收紧阴道。\\n一边继续揉捏，一边轻抚着乳头。"
    },
    {
        "name": "カライトソウ",
        "message": "「啊、咕、嗯、啊啊……指尖碰到了、乳头……咕呀、啊啊啊！\\n明明说了不要揉了……咕呢、哈啊、啊呀、啊啊啊！」"
    },
    {
        "name": "カライトソウ",
        "message": "「但是，想揉乳房就是感觉很舒服的证据……\\n嘶呀、嗯呐、啊啊啊！就好像在向我的阴道投降一样……」"
    },
    {
        "name": "カライトソウ",
        "message": "「那么，我必须给予更多的快感……呼啊、啊啊！\\n你最好做好觉悟……！」"
    },
    {
        "message": "渐渐地，抽送变得更加频繁。\\n床发出吱吱作响，相互碰撞的肌肤发出混乱的声音。"
    },
    {
        "name": "カライトソウ",
        "message": "「哈啊、啊啊、啊呜呜、呀、嗯嗯呜、啊啊啊……！\\n怎么样……咕呜，快感和以往完全不同吧……！」"
    },
    {
        "message": "日本地榆说的没错，刺激变得更强烈了。\\n射精的感觉开始升腾，下腹部和大腿也变得紧绷。"
    },
    {
        "message": "虽然预料到她会不再强作镇定，\\n但似乎一直都被她牢牢掌控着主动权。"
    },
    {
        "name": "カライトソウ",
        "message": "「哈啊、嗯哈啊……想要的时候就射吧……咕、你可是成为了我的眷属的男人……\\n至少在射精的时机上，我会给予你决定的权利……！」"
    },
    {
        "message": "虽然看起来并不轻松，\\n但似乎一直都想保持上风。"
    },
    {
        "message": "这边也不打算做无谓的反驳。\\n要充分享受快感，还是把主动权交给日本地榆最好。"
    },
    {
        "name": "カライトソウ",
        "message": "「瞧，你看起来已经快要射了吧……哈、啊、啊啊呜、咕啊！\\n别忍着，尽管说出来吧」"
    },
    {
        "name": "カライトソウ",
        "message": "「我的家伙开始颤抖了，我也能感觉到……咕、试图掩饰那些无法隐藏的东西只会让人感到羞耻……咕呀、啊、啊啊呜！」"
    },
    {
        "message": "要么继续接受刺激，要么再来一次冲刺。\\n只要满足其中之一，射精就会立刻发生。"
    },
    {
        "name": "カライトソウ",
        "message": "「啊、呜呜呜……还不说出来吗……咕、啊、嗯、啊啊呜！\\n那么我就让你立刻想要射出来……」"
    },
    {
        "name": "カライトソウ",
        "message": "「赶紧拿出来……我这里的地方，渴望着你的精华啊\\n怀孕的心情，尽管大胆地灌输进来吧……」"
    },
    {
        "message": "射精的感觉变得强烈，那一瞬间口中也说出了想要射出来的话。"
    },
    {
        "name": "カライトソウ",
        "message": "「果然，还是需要我的引诱吗……啊、啊呼、嗯啊啊！\\n真是个需要细心呵护的家伙……嘿、啊、啊啊啊！」"
    },
    {
        "message": "腰部抬起，热量在阴道口涌动。\\n现在只剩下迎接射精了。"
    },
    {
        "name": "カライトソウ",
        "message": "「来吧……嗯咕……把积蓄的精液，注入到子宫里……\\n无论灌注多少都无所谓……咔、啊啊、嗯、啊啊……！」"
    },
    {
        "name": "カライトソウ",
        "message": "「全部倒出到我这里的地方……嗯啊、啊啊、呼啊、啊！\\n看，看，看……都流进我这里来……全部都灌注进来……！」"
    },
    {
        "name": "カライトソウ",
        "message": "「嗯啊啊啊啊啊！ 在里面滴答滴答地……！」"
    },
    {
        "message": "阴茎被紧紧夹住，甚至将残留在尿道中的精液也挤压出来。\\n快感强烈到发出呻吟声，既痛苦又难以忍受。"
    },
    {
        "name": "カライトソウ",
        "message": "「哈、哈、哈……肚子好热呀……！\\n这就是你的精液的感觉吗……咕、嗯嗯咕……」"
    },
    {
        "message": "彼此肩并肩喘息着，品尝着极致的快感。"
    },
    {
        "message": "之后，我们相拥片刻，\\n当呼吸平复下来，身体也开始恢复力量。"
    },
    {
        "name": "カライトソウ",
        "message": "「咕咕咕……小子，射得真多啊\\n在我的阴道里，你到底有多舒服呢……」"
    },
    {
        "name": "カライトソウ",
        "message": "「从你身上，挤出精液比挤出血更有趣呢\\n今后就这么做吧」"
    },
    {
        "message": "这样一来会变成淫魔而不是吸血鬼了，但现在先保持沉默吧。\\n比起说多余的话，我更想沉浸在余韵中。"
    }
]