[
    {
        "message": "那个夜晚，与往常截然不同。\\n结束了与害虫的激烈战斗，\\n终于和爱尔回到办公室的时候——"
    },
    {
        "name": "エイル",
        "message": "「今天真是不容易啊……\\n在那种情况下居然没有人受伤，\\n甚至还彻底摧毁了害虫的群体……\\n团长的指示果然厉害啊」"
    },
    {
        "message": "这是我的台词。\\n如果没有花骑士们信任并忠实执行我的指示，\\n在严峻的情况下是无法取得胜利的。\\n所以……我要传达对爱尔的感谢。"
    },
    {
        "name": "エイル",
        "message": "「嘿嘿……谢谢你呢\\n我和团长，都很努力了呢\\n……嗯嗯，毫无疑问，非常努力了」"
    },
    {
        "message": "彼此相视而笑。\\n不久……爱尔伸出手仿佛邀请起舞。\\n握住她的手，紧紧拥抱着。\\n这时她在耳边轻声说道。"
    },
    {
        "name": "エイル",
        "message": "「团长……我们来吧，现在就」"
    },
    {
        "name": "エイル",
        "message": "「嗯嗯……哈哈，很顺利地进入了呢\\n看起来已经完全变成团长的样子了」"
    },
    {
        "name": "エイル",
        "message": "「今晚也会让你感到非常愉快的，\\n所以也请让我感到愉快吧」"
    },
    {
        "message": "爱尔内心炽热而又狭窄。但却异常兴奋。\\n一插入就感觉要射精一样。\\n虽然直到今天已经和她交合了很多次，\\n但这种快感还是如此强烈。"
    },
    {
        "message": "每一次刺入，爱尔的臀部肉感都会跳动。\\n丰满而紧致的臀部在眼前摇曳。\\n面对这淫秽的景象，欲望不由自主地升腾……。"
    },
    {
        "name": "エイル",
        "message": "「啊，啊，啊，啊哈哈！\\n好厉害！好突然激烈啊！团长！」"
    },
    {
        "name": "エイル",
        "message": "「啊，哈，哈，哈，嗯……！太棒了！\\n再激烈一点也可以，啊，哈！嗯……！」"
    },
    {
        "message": "随心所欲地从后面刺入爱尔。\\n就像野兽般相交，任由欲望驱使——。\\n但是，单纯地这样刺入下去，并不能满足现在的爱尔吧。"
    },
    {
        "name": "エイル",
        "message": "「诶！？等等！团长！那个地方……啊啊啊！」"
    },
    {
        "message": "爱尔发出娇喘声。\\n和她交合多次后，已经掌握了她的脆弱之处。\\n爱尔对阴蒂的爱抚极为敏感。"
    },
    {
        "message": "在从后面刺入她的同时，\\n用指尖轻抚着稍微隆起的部位。\\n顿时，原本有些从容的爱尔表情扭曲——"
    },
    {
        "name": "エイル",
        "message": "「啊，啊啊啊不行，那里不行！\\n那里被摩擦太多了，我、啊、不行了！\\n很快就要高潮了，不行的！」"
    },
    {
        "name": "エイル",
        "message": "「嗯嗯！不行，真的不行！\\n那个地方，请停下！停下……嗯嗯！\\n虽然很舒服，但是不行，真的不行！啊啊！」"
    },
    {
        "message": "爱尔的阴道紧紧收缩着。\\n爱液不停地滴落，打湿了地板。\\n爱尔全身扭动着，虽然在抵抗，但后方却持续猛烈地刺激，并且用手指爱抚她的阴蒂。"
    },
    {
        "name": "エイル",
        "message": "「欺负人！真是欺负人！这样……啊，不行！啊啊！\\n不行了，不行了！」"
    },
    {
        "name": "エイル",
        "message": "「那里被弄的话，我……啊啊！\\n太容易就会高潮了，不行……嗯嗯！」"
    },
    {
        "message": "爱尔的腿开始颤抖。\\n看来她已经接近极限了。\\n一边用手指轻柔地爱抚，一边更深入地用力顶击。"
    },
    {
        "message": "很快，她全身的肌肉都变得僵硬。\\n接着爱尔的声音变得更大了。\\n汗水和爱液喷涌而出，她在快感中翻滚……"
    },
    {
        "name": "エイル",
        "message": "「啊，啊，不行！我、我要高潮了……！\\n嗯嗯……！！」"
    },
    {
        "name": "エイル",
        "message": "「咕……哈哈哈，不行……\\n团长你太坏了……我、我已经高潮了」"
    },
    {
        "message": "达到高潮的爱尔试图平复呼吸。\\n然而，在她耳边轻声细语。\\n――享受才刚刚开始呢，如是说道。\\n这一刻，爱尔感觉全身都起了鸡皮疙瘩。"
    },
    {
        "name": "エイル",
        "message": "「假的……！？难道……」"
    },
    {
        "message": "就在这时，爱尔的臀部被狠狠地撞击着。\\n就像是野兽般的交合，欲望肆意蔓延。"
    },
    {
        "name": "エイル",
        "message": "「啊！不行啦！\\n刚刚才……啊啊啊！」"
    },
    {
        "message": "尽管爱尔恳求着，他并没有停下。\\n当然，他也继续对她的阴蒂进行抚摸。\\n并用吻封住了她发出的像是悲鸣般的喘息声。"
    },
    {
        "name": "エイル",
        "message": "「嗯……！\\n唔……啾、啵、啾，不、不行，啊啊啊！」"
    },
    {
        "name": "エイル",
        "message": "「哈、哈、不行，这样不行啦\\n一起做这种事情真是太过分了……唔」"
    },
    {
        "message": "他们的舌头交织在一起。\\n屁股被撞击的声音，舌头相互纠缠的声音。\\n而爱尔娇喘的声音回荡在整个房间里。"
    },
    {
        "name": "エイル",
        "message": "「嗯哈……！团长大人，不行，不行！\\n再继续下去，真的不行了！我会变得奇怪的！」"
    },
    {
        "name": "エイル",
        "message": "「太舒服了，真的不行了！\\n稍微冷静一下……唔唔！啾、啵、呸哈……！\\n已经够了！太坏了……！」"
    },
    {
        "name": "エイル",
        "message": "「太坏了，太坏了……唔唔！\\n啊、哈哈哈！？」"
    },
    {
        "message": "停下了对阴核的抚摸。\\n但是，这一次用食指和拇指捏住那小小的一块，\\n稍微有些粗鲁地上下摩擦了几下。"
    },
    {
        "name": "エイル",
        "message": "「啊啊啊啊啊！这是什么！？\\n不行、不行，真的，不行啦！」"
    },
    {
        "name": "エイル",
        "message": "「停不下来！腰，腰自己动起来了……！」"
    },
    {
        "message": "爱尔的反应变了。\\n本以为她会感到愉快，但没想到会有如此强烈的反应。"
    },
    {
        "name": "エイル",
        "message": "「哈、哈、又要高潮了！\\n明明已经高潮过了，又要高潮了……啊啊！」"
    },
    {
        "name": "エイル",
        "message": "「不行不行不行不行！真的，啊啊啊……！\\n嗯嗯～～～～～～啊……！」"
    },
    {
        "message": "爱尔拼命地忍住声音。\\n她的全身肌肉再次绷紧，\\n然后开始抽搐。\\n正在高潮。本来应该停下来的，但是——"
    },
    {
        "name": "エイル",
        "message": "「唔唔唔！？\\n已经在高潮了，我正在高潮！！」"
    },
    {
        "message": "更加用力地顶起爱尔的臀部。\\n当然，并没有忘记对阴核的爱抚。"
    },
    {
        "name": "エイル",
        "message": "「啊啊、不要！不行啊！\\n不行了，我受不了了！\\n我、我、这样真的不行啦！！」"
    },
    {
        "name": "エイル",
        "message": "「啊啊、啊啊、啊啊……！\\n感觉太舒服了，都快要糊涂了！\\n这样的、这样的！！」"
    },
    {
        "message": "爱尔的全身颤抖着。第三次高潮即将来临。\\n其实我还想让她更多地享受，但我的极限也快到了。\\n毕竟从刚刚插入开始就一直在极限挣扎，\\n一直在拼命忍耐。"
    },
    {
        "message": "而且爱尔的内部依然紧紧地包裹着我的阴茎。\\n明明已经经历了两次高潮，现在仍然贪婪地缠绕着。\\n那个时刻即将到来。所以——"
    },
    {
        "name": "エイル",
        "message": "「诶诶！？还要更剧烈……！？\\n嗯、嗯嗯、这边也，也亲吻我呀！」"
    },
    {
        "name": "エイル",
        "message": "「啾、啵……吸！\\n啊啊、啊啊、啊啊，好舒服！\\n下次，一起，一起……一起来吧！」"
    },
    {
        "name": "エイル",
        "message": "「啊、啊啊！我、又、已经……嗯嗯！」"
    },
    {
        "message": "爱尔的内部紧紧收缩着。\\n为了迎接即将到来的时刻，我不停地扭动着腰。\\n然后——在爱尔的内部，欲望爆发了。"
    },
    {
        "name": "エイル",
        "message": "「嗯嗯、嗯嗯、啊、啊啊——！」"
    },
    {
        "name": "エイル",
        "message": "「啊啊……！ 哎、哎、啊哈……\\n团长你也高潮了呢……\\n我、我也……又高潮了……这已经是第几次了呢……？」"
    },
    {
        "name": "エイル",
        "message": "「哈、哈……啊哈哈，好多呢\\n都弄得黏糊糊的」"
    },
    {
        "name": "エイル",
        "message": "「话说……明明说过高潮太多不行的嘛～……\\n真是的，团长你太刁钻了！」"
    },
    {
        "message": "看着爱尔生气地鼓起腮，我告诉她，虽然很舒服，但也很可爱。\\n接着——"
    },
    {
        "name": "エイル",
        "message": "「那个……我也很舒服啦」"
    },
    {
        "message": "是的，爱尔害羞地微笑着。"
    },
    {
        "name": "エイル",
        "message": "「呼……话说……\\n各种液体都飞来飞去的呢\\n这个，打扫起来可麻烦了～……嗯？」"
    },
    {
        "name": "エイル",
        "message": "「团长，又硬起来了呢……\\n难道，还要继续吗……？」"
    },
    {
        "message": "……就是这样子，我告诉她，并握住了爱尔满是汗水的臀部。\\n当然也再次触摸了阴核。"
    },
    {
        "name": "エイル",
        "message": "「啊……嘻嘻♪ 真是没办法呢\\n知道了……就答应你\\n要做很多很多……哦」"
    },
    {
        "message": "爱尔一边说着淫靡的话语，一边露出满足的笑容。\\n虽然彼此经历了许多变化，但也有一些不变的东西。\\n就像那个初次交融的夜晚一样，今夜也将会漫长。"
    }
]