[
    {
        "name": "アカバナスイレン",
        "message": "「我这种……连诱惑都做不好的废柴女……\\n唔，还是去死比较好呢～」"
    },
    {
        "message": "红花睡莲低头埋在床上，情绪低落至极。\\n突然觉得被诱惑，却因害羞而僵住，\\n美妙的诱惑彻底失败了。"
    },
    {
        "message": "但是，为什么会突然想到要用色仕挂呢。\\n无论如何，这种行为与红花睡莲完全不搭。"
    },
    {
        "name": "アカバナスイレン",
        "message": "「那个……那个……废柴的我，\\n总是被团长看在眼里，如果被抛弃了的话……\\n一想到这个，就坐立不安起来了」"
    },
    {
        "message": "她那充满消极思维的样子。\\n虽然有点让人感到无语，\\n但她对我的关心让我觉得很可爱。"
    },
    {
        "message": "为了让她安心下来，我温柔地搂住了沮丧的红花睡莲。"
    },
    {
        "name": "アカバナスイレン",
        "message": "「啊……团长……先生？」"
    },
    {
        "message": "我怎么可能会抛弃红花睡莲呢。\\n为了让她明白这一点，我决定用行动来证明。"
    },
    {
        "name": "アカバナスイレン",
        "message": "「为、为什么……\\n明明色仕挂已经失败了啊……啊啊啊！」"
    },
    {
        "message": "充分勃起的阴茎，紧贴着红花睡莲的裂缝。"
    },
    {
        "name": "アカバナスイレン",
        "message": "「团长先生的顶端，碰到了……啊，\\n好硬……光是这样就能感觉到……」"
    },
    {
        "message": "为了不给红花睡莲带来负担，\\n我一边观察着她的表情，一边慢慢地往里挺进。"
    },
    {
        "name": "アカバナスイレン",
        "message": "「嗯嗯……没、没关系……嗯！\\n就这样，全部……都进去了，嗯啊啊啊！」"
    },
    {
        "message": "听从她的话，我慢慢往下降。\\n然后从阴茎的顶端开始，逐渐感受到了温暖的触感包裹着它。"
    },
    {
        "name": "アカバナスイレン",
        "message": "「嗯嗯……啊啊啊，好热……慢慢地进去了……嗯啊啊！\\n被撑得好大……啊，我的里面……呀啊啊！」"
    },
    {
        "message": "伴随着一种突破的冲击，龟头撞击到最深处。\\n红花睡莲身体抽搐着，\\n紧紧地抱住了我。"
    },
    {
        "name": "アカバナスイレン",
        "message": "「啊……嗯嗯，太好了……\\n团长先生的全部都进去了，嗯啊啊！」"
    },
    {
        "name": "アカバナスイレン",
        "message": "「谢、谢谢您……嗯嗯\\n您是因为同情我才……做这么让人开心的事情吧」"
    },
    {
        "name": "アカバナスイレン",
        "message": "「唔、让团长担心了……\\n我，宁愿去死……嗯咿！？」"
    },
    {
        "message": "为了不让她说出最后的话，我用吻淹没了她的言语。"
    },
    {
        "name": "アカバナスイレン",
        "message": "「啾、啾啪、嗯……啊、噗啊！\\n哈啊，哈啊……突然就亲吻我……为、为什么呀？」"
    },
    {
        "name": "アカバナスイレン",
        "message": "「就算是我被亲吻，也没有任何意义……嗯咿！」"
    },
    {
        "message": "在她说出消极的话之前，我的唇不断地复上她的。\\n红花睡莲惊讶的表情逐渐融化，接受了我的吻。"
    },
    {
        "name": "アカバナスイレン",
        "message": "「嗯啾、啾噜噜、啾皮、啾啾啾\\n哈啊……团长的吻，好温柔……\\n嗯咿……嗯，啾噗！」"
    },
    {
        "message": "渐渐地爱液渗出，粘膜摩擦变得柔顺起来。"
    },
    {
        "name": "アカバナスイレン",
        "message": "「嗯啾、啾皮，这个，这是，我的初吻……\\n我很高兴，团长……啾、啾噗\\n能和处女一起给你，我很高兴……啾、啾皮」"
    },
    {
        "message": "红花睡莲用含糊的声音表达她的情感。\\n我也同样传达喜悦，并不断重复亲吻。"
    },
    {
        "name": "アカバナスイレン",
        "message": "「啾噗、嗯啾噗、啾噗、\\n……身体，慢慢适应了……嗯啾，\\n并没有太多疼痛……嗯」"
    },
    {
        "name": "アカバナスイレン",
        "message": "「团长，你可以动了……\\n虽然是第一次，可能不会很舒服……」"
    },
    {
        "message": "红花睡莲允许了我的抽送。\\n依靠着她的话语，为了不再陷入消极情绪，\\n我轻轻地在已经适应的阴道内活动起腰来。"
    },
    {
        "name": "アカバナスイレン",
        "message": "「啾噗、呼呜、嗯嗯、啊！\\n腰……在动，哈啊……」"
    },
    {
        "name": "アカバナスイレン",
        "message": "「慢慢地在我里面……挑逗着……呼啊\\n这种感觉……让我有些安心……嗯啊」"
    },
    {
        "message": "我再次与红花睡莲分开双唇，传达我的情感。\\n并不是出于怜悯之情，而是出于对她的真挚之爱。"
    },
    {
        "message": "一边低语着这些话语，一边不断地进行抽送。"
    },
    {
        "name": "アカバナスイレン",
        "message": "「这样说的话……呣呣……我会当真的哦……」"
    },
    {
        "name": "アカバナスイレン",
        "message": "「团长是真的……在想着我吗……\\n我真是太过分了……啊！」"
    },
    {
        "message": "那么，只要传达直到你相信为止。"
    },
    {
        "message": "红花睡莲因过度消极而陷入了困境。\\n不管结果如何，我的行动都是出于对你的思念。\\n这让我感到纯粹的快乐。"
    },
    {
        "name": "アカバナスイレン",
        "message": "「如果是这样……真的、关于我……嗯！\\n不、不要抛弃我……可以吗」"
    },
    {
        "message": "我凝视着红花睡莲，断然否定了不可能的事情。\\n然后慢慢地加强了黏膜的摩擦。"
    },
    {
        "name": "アカバナスイレン",
        "message": "「啊啊啊……太过分了！\\n已经没有别的办法，只能相信团长的话了吧」"
    },
    {
        "name": "アカバナスイレン",
        "message": "「说出那种……让人感到胸闷幸福的话……\\n啊，嗯啊！如果这是玩笑……我真的会死掉的……！」"
    },
    {
        "message": "为了不被认为是在开玩笑，我更加用心地扭动着腰。\\n如果红花睡莲离开了，我也会非常讨厌。"
    },
    {
        "name": "アカバナスイレン",
        "message": "「嘿呀，啊啊，哈呜，哇啊……！\\n团长的心意……传达得好清楚……呜呜呜！」"
    },
    {
        "name": "アカバナスイレン",
        "message": "「每一次深入摩擦，全身都变得舒畅起来……\\n爱意传达得如此充分……！」"
    },
    {
        "name": "アカバナスイレン",
        "message": "「哎呀……这样的话，我也会动起腰来的！\\n随着团长的腰部动作，转啊转……嘿呀呀！\\n腰部扭动得不停……啊！」"
    },
    {
        "message": "随着前后运动，红花睡莲扭动着腰部。\\n收缩的阴道肌肉刺激着阴茎，带来甜美的快感。"
    },
    {
        "name": "アカバナスイレン",
        "message": "「啊，嗯啊啊，嗯哈……！\\n好，一起动真好……\\n里面也摩擦得很舒服……嗷，啊啊！」"
    },
    {
        "name": "アカバナスイレン",
        "message": "「对、对不起……嗯嗯！\\n对于淫荡的女人我很抱歉，团长大人……嘿呀！」"
    },
    {
        "name": "アカバナスイレン",
        "message": "「但是，不行呢……无法控制自己……\\n无论如何都想要被团长大人……\\n想要被塞得满满的……嗯嗯！」"
    },
    {
        "name": "アカバナスイレン",
        "message": "「请、请原谅……淫荡的我，请原谅我吧……」"
    },
    {
        "message": "红花睡莲左右前后扭动着腰部。\\n她的动作剧烈地挑逗着勃起。"
    },
    {
        "message": "一股刺激从腰部传遍全身。\\n为了不示弱，\\n阴道内无数的皱肉被阴茎撑开。"
    },
    {
        "name": "アカバナスイレン",
        "message": "「嘿呀，嗯啊……！ 腰部、好激烈啊，嗯哈哈啊、\\n团长大人的爱意，我想更多地感受到！」"
    },
    {
        "name": "アカバナスイレン",
        "message": "「嗯嗯，啊啊，啊……为了不去想暗淡的事情，团长的爱……请、请多多地倾注在我身上吧！」"
    },
    {
        "message": "随着红花睡莲的扭动和之前的抽送，积蓄的快感让精液似乎要喷涌而出。"
    },
    {
        "message": "一边怀着对面前女孩的爱意，一边不停地顶击勃起。"
    },
    {
        "name": "アカバナスイレン",
        "message": "「啊啊，要高潮了！阴道要高潮了！\n要高潮了……啊啊啊！」"
    },
    {
        "name": "アカバナスイレン",
        "message": "「阴道要高潮了……被团长大人所爱……阴道、要高潮了！！」"
    },
    {
        "name": "アカバナスイレン",
        "message": "「嘿……啊，啊啊！嘿呀啊啊啊啊」"
    },
    {
        "name": "アカバナスイレン",
        "message": "「啊啊啊，啊，嗯嗯，热热的……好多射出来了呢……嗯」"
    },
    {
        "name": "アカバナスイレン",
        "message": "「抖动不已……我知道呢……哈呜呜」"
    },
    {
        "message": "子宫轻轻收缩的瞬间。释放出滚烫如沸腾般的一团热量。"
    },
    {
        "message": "背脊颤抖着沉浸在高潮的快感中，\\n红花睡莲接纳着子宫里的精液。"
    },
    {
        "name": "アカバナスイレン",
        "message": "「我的里面……被团长充盈得满满的……呼啊」"
    },
    {
        "message": "红花睡莲仿佛要贴在这边，\\n幸福地喘息着。"
    },
    {
        "name": "アカバナスイレン",
        "message": "「嗯嗯……这样的话，我……\\n就再也离不开团长了呢」"
    },
    {
        "message": "从这边听来，她似乎是由衷地感到高兴。"
    }
]