[
    {
        "message": "某个夜晚。在办公室等待着宫灯百合。\\n白天她与我安排了一个『约定』。\\n月光透过窗户洒了进来。静谧的时光流淌着。\\n如约定的时间，宫灯百合来到了房间。"
    },
    {
        "name": "サンダーソニア",
        "message": "「晚上好，团长大人……\\n约定的时间，正好呢……\\n所以，那个……能不能像白天约定的那样做？」"
    },
    {
        "message": "宫灯百合朝我这边走来。\\n大腿微微扭动，脸颊泛起桃红色……。\\n所有的举止，都显得比平时更加妖娆动人。"
    },
    {
        "name": "サンダーソニア",
        "message": "「我变成这副模样……都是因为团长大人的缘故吧？\\n你的声音一直萦绕在我的脑海中\\n只要在耳边低语，身体就会变得炽热，然后……然后……」"
    },
    {
        "name": "サンダーソニア",
        "message": "「我……我在说些什么呢？\\n自己说出这种话太过卑鄙了\\n但是，即便如此……我还是想听到你的声音\\n最近距离地，独占你一个人……」"
    },
    {
        "name": "サンダーソニア",
        "message": "「团长大人，按照约定……拜托了\\n拥抱我，在我耳边，轻声细语\\n整晚都想听着你的声音\\n你说的那句『我爱你』的话语……」"
    },
    {
        "message": "害羞地伸出手来的宫灯百合。握住她已经变得火热的小手，\\n将她拉近，拥入怀中。然后在她耳边轻声细语着她所期盼的话语，\\n宫灯百合纤细的身体颤抖起来，更加发热。"
    },
    {
        "name": "サンダーソニア",
        "message": "「团长大人……我也爱着您\\n今夜也愿与您分享喜悦……」"
    },
    {
        "message": "在我的耳边传来了宫灯百合撩人心弦的低语。为了回应她祈祷般的话语，我走到了她身后。\\n然后——。"
    },
    {
        "message": "将宫灯百合按在墙上，一边褪去她的内衣。\\n露出的部位已经被爱液打湿，诱人地引诱着我。"
    },
    {
        "name": "サンダーソニア",
        "message": "「啊……团长大人，我已经……随时都可以了\\n在来到房间之前，我一直都是这样的……\\n而且，刚刚团长大人说爱我时，\\n我的全身就颤抖不已，感觉异常强烈」"
    },
    {
        "name": "サンダーソニア",
        "message": "「团长大人，我很急切地想要……\\n所以，请对我多说『我爱你』\\n拜托了，团长大人……！」"
    },
    {
        "name": "サンダーソニア",
        "message": "「我已经上瘾了\\n被团长大人拥抱着，被说出爱的言语\\n行为中的心跳声、您的话语、甚至淫荡的声音\\n全部、全部……都充满了幸福，我好喜欢……」"
    },
    {
        "message": "在宫灯百合耳边轻声细语着她所期盼的话语。\\n同时，深深地插入其中。"
    },
    {
        "name": "サンダーソニア",
        "message": "「啊……好像要溢出来了……\\n耳语声、啊、不行、啊、嗯嗯……\\n团长大人胸膛的跳动声也传来了……啊、啊、\\n这样真的无法忍耐了呜呜呜……」"
    },
    {
        "name": "サンダーソニア",
        "message": "「听得到团长大人心跳的声音\\n还有您胸膛的声音，两人体液交织在一起的淫荡声音……啊、啊、\\n淫荡的声音从耳朵传遍全身……啊、这样……」"
    },
    {
        "name": "サンダーソニア",
        "message": "「嗯嗯……啊、啊、不行了、\\n呼呼呼呼……」"
    },
    {
        "message": "宫灯百合浑身像是冒出汗珠一般。\\n小小的阴道在颤抖着，像是失禁般流下爱液。\\n渐渐地全身肌肉放松下来，宫灯百合几乎要倒下去。\\n但她勉强靠在墙上支撑住自己。"
    },
    {
        "name": "サンダーソニア",
        "message": "「啊……啊……这样，已经……要高潮了……\\n这种感觉，简直像在做梦一样……」"
    },
    {
        "message": "宫灯百合的话果然是真的。\\n全身因快感而颤抖，站立都变得困难……就是这种感觉。\\n但是，真正的行为，还远远没有结束。"
    },
    {
        "message": "一手抓住乳房，另一只手爱抚着阴蒂。"
    },
    {
        "name": "サンダーソニア",
        "message": "「嗯……！ 这样，团长大人，我刚刚高潮了，\\n现在变得很敏感，等一下……啊、啊啊、等等……啊、啊啊、团长先生」"
    },
    {
        "message": "宫灯百合因体感变得敏感而扭动着身体。\\n似乎是为了逃避难以忍受的快感……\\n我知道如何留住她。\\n在她耳边轻声细语着爱的言语。然后——。"
    },
    {
        "name": "サンダーソニア",
        "message": "「呼啊～，被说出那样的话，我……\\n啊、啊啊、又、啊、啊、不是……这样、\\n嗯、呼啊、哈啊、又、又要高潮了……」"
    },
    {
        "message": "原本松弛的阴道再次收紧。\\n触摸到的乳头和阴蒂开始勃起。\\n爱液仿佛渴望剧烈的抽插运动般涌出。\\n就让我应对这诱惑吧。"
    },
    {
        "message": "继续爱抚的同时，用力地顶击着腰部。\\n从阴道中溢出的爱液，在冲击中四处飞溅。"
    },
    {
        "name": "サンダーソニア",
        "message": "「呼、呼呼呼―――！」"
    },
    {
        "message": "宫灯百合发出了像是悲鸣般的娇声。\\n她全身的痉挛和无力，宣告着她第二次高潮的到来。\\n然而，我并不在意这些，继续顶入她的阴道。"
    },
    {
        "name": "サンダーソニア",
        "message": "「啊啊，又、又要高潮了，呼哇，\\n这样、啊、啊啊、腿已经没有力气了、\\n啊、啊啊、团长先生，啊、啊、淫荡的声音，\\n从耳朵传进脑海里了～！」"
    },
    {
        "message": "咕噜！ 嘬噜！ 噗噜！\\n体液和肉体交织在一起的淫靡声音回荡着。\\n每一次抽送都清晰地传入我的耳中。\\n对于耳朵敏感的宫灯百合来说，她听到的应该不难想象。"
    },
    {
        "name": "サンダーソニア",
        "message": "「哈、哈哈、嗯嗯、呀、啊、啊啊、\\n又、又要……高潮了，嗯嗯、团长先生，团长先生，\\n这个声音，不行了，耳朵，啊、啊啊、要发疯了！」"
    },
    {
        "message": "对着如此呻吟的宫灯百合，我低语着『希望你发疯』。"
    },
    {
        "name": "サンダーソニア",
        "message": "「不要啊，不要说这种话呀，\\n啊、啊啊、感觉到了呢，啊、啊、\\n真的要发疯了，团长先生，\\n太过分了呀，呀呀、又……又要……高潮了……」"
    },
    {
        "message": "对着陷入混乱的宫灯百合，我更加刺激地说话。\\n在宫灯百合耳边低语着她喜欢听的话。\\n爱的言语、卑猥的言语以及我能想到的所有言语都投向她。\\n对此，宫灯百合的身体剧烈地反应着。"
    },
    {
        "name": "サンダーソニア",
        "message": "「呜呀、又……又要……高潮了……呼哇……\\n已经不行了呢，要高潮了……\\n太舒服了呢」"
    },
    {
        "message": "第三次高潮。从她迷醉的口吻可以推测出来，\\n她完全沉浸在快感之中。\\n然而我并没有放松手上的动作。\\n继续爱抚，并更加剧烈地顶击着腰部。"
    },
    {
        "name": "サンダーソニア",
        "message": "「啊、啊、激烈、不行了，\\n已经高潮三次了，团长先生，请原谅我吧，\\n呼呼，再这样下去真的，啊、呼呼、\\n我，要发疯了」"
    },
    {
        "name": "サンダーソニア",
        "message": "「呼呼呼……好舒服，已经无法忍受了，\\n啊啊，平常身体就很奇怪，\\n困扰着我，这样的话，啊啊，\\n会更加奇怪……！」"
    },
    {
        "message": "……？『身体很奇怪』是什么意思呢？\\n稍微放慢抽送的速度，询问她详细情况。"
    },
    {
        "name": "サンダーソニア",
        "message": "「呼……呼……那个……因为团长先生的声音，\\n让我产生这样的感觉，并且达到高潮，\\n平常……接受命令或者开会时也有这种感觉，但是并没有高潮……但是……也许以后会……」"
    },
    {
        "name": "サンダーソニア",
        "message": "「真的，只要听到团长先生的声音就会高潮……\\n如果真的变成那样的话……我会非常害怕\\n这绝对不正常……太奇怪了……」"
    },
    {
        "name": "サンダーソニア",
        "message": "「但是即使如此……我还是想被团长先生这样对待……\\n想要被更多地告白喜欢我……\\n所以团长先生，我……已经……」"
    },
    {
        "name": "サンダーソニア",
        "message": "「如果是因为你，即使变得不正常也无所谓……」"
    },
    {
        "message": "颤抖着的声音中，宫灯百合说出了这番话。\\n在她说完这句话后，我的抽送一下子加快了速度。"
    },
    {
        "name": "サンダーソニア",
        "message": "「啊、呼、呼、啊啊、团长先生！」"
    },
    {
        "message": "任由思绪驱使，用力撞击着臀部，抚摸着挺立坚硬的乳头。\\n然后，用手指捏住因快感而肿胀的阴蒂，扭动着。\\n宫灯百合翘起了背，发出了惨叫。"
    },
    {
        "name": "サンダーソニア",
        "message": "「啊啊啊啊——！！」"
    },
    {
        "message": "阴茎的触感宣告了宫灯百合第四次高潮。\\n然而，毫不放松地继续顶击着她的阴道深处。"
    },
    {
        "name": "サンダーソニア",
        "message": "「呼、啊啊、在高潮，在高潮呢～！\\n嗯、呀、啊啊、哈、明明已经高潮了～！\\n呀、哈、嗯、真的，会变得奇怪呢～！」"
    },
    {
        "name": "サンダーソニア",
        "message": "「咔、哈、哈哈、啊、啊、\\n不行，为什么，为什么团长的心跳声，啊、啊、\\n会让我心跳加速，兴奋起来！嗯、啊、哈、\\n难道你期待着我变得奇怪吗！？」"
    },
    {
        "message": "似乎察觉到了这边心跳的声音。\\n宫灯百合无法对耳朵前面进行隐瞒。\\n伴随着粗重的呼吸声，在宫灯百合耳边低语着爱的言语，\\n然后舌头钻进耳朵里舔舐着。"
    },
    {
        "name": "サンダーソニア",
        "message": "「啊啊——！？不行，耳朵里，\\n真的不行呢，如果这样做的话，\\n啊、啊、团长的呼吸声，好热，好热……」"
    },
    {
        "name": "サンダーソニア",
        "message": "「嘿哈、啊啊、充满淫荡声音的耳朵里充斥着，\\n啊、啊啊——是什么？突然间，\\n又一次……又一次……高潮了……」"
    },
    {
        "message": "阴道内剧烈地起伏着，颤抖着变得滚烫。\\n第五次高潮。在确信那一刻即将到来时，\\n任由射精欲望驱使着用力撞击着臀部。"
    },
    {
        "name": "サンダーソニア",
        "message": "「啊、啊啊、团长，团长！\\n让我听到你的声音，用你的声音……\\n告诉我，你喜欢我，喜欢我！\\n然后，我……我……！」"
    },
    {
        "name": "サンダーソニア",
        "message": "「一定……就能……高潮了，嗯嗯、啊啊、\\n用你的话语，让我高潮吧」"
    },
    {
        "message": "停下在她耳中舔舐的舌头。\\n在肉体激烈碰撞、粘液混合的声音中，\\n尽可能温柔地……低语出她所期盼的一句话。\\n就在那一瞬间，阴茎承受着巨大的压力。"
    },
    {
        "name": "サンダーソニア",
        "message": "「啊、啊啊、噢、呀、\\n要、要高潮了，啊啊、要高潮了呜呜、噢噢、\\n啊啊、啊啊啊，团长！」"
    },
    {
        "message": "无法抵抗袭来的阴道压力。\\n肿胀的阴茎在阴道内爆发出欲望。"
    },
    {
        "name": "サンダーソニア",
        "message": "「我也，很喜欢你！ 很喜欢呀！\\n啊啊啊啊，很喜欢你！ 呀、哈、\\n喜欢你，很喜欢……！」"
    },
    {
        "name": "サンダーソニア",
        "message": "「要高潮了，要高潮了……！\\n嗯嗯嗯嗯嗯……！ 啊、啊啊啊～～！」"
    },
    {
        "name": "サンダーソニア",
        "message": "「呼哇——呃、哈哈、\\n团长也，噢噢、呼哈哈、\\n已经高潮了吧……」"
    },
    {
        "message": "阴道内射出大量精液。\\n感受到这一刻，宫灯百合露出满足的微笑。\\n平日里奏响祈祷之歌的嘴角，在无数次高潮之后，\\n变得松弛下来，沾满口水。"
    },
    {
        "name": "サンダーソニア",
        "message": "「呼……呼……太厉害了……\\n我已经、一步也动不了了……」"
    },
    {
        "message": "靠在墙上，宫灯百合勉强站着。\\n但是，只要有一点触发……比如拔出阴茎，\\n她就会倒在那里。\\n喘着粗气，两人交缠在一起度过了一段时间。"
    },
    {
        "name": "サンダーソニア",
        "message": "「团长……呼呼……\\n虽然这样有些不好意思，但我有一个请求」"
    },
    {
        "name": "サンダーソニア",
        "message": "「请再对我耳语我最喜欢的那句话\\n在我的耳边说『爱着我』……」"
    },
    {
        "message": "按照宫灯百合的愿望，低语出那句话。\\n身体向前倾，靠近她娇小的耳朵。\\n然后，低语出那句话……。"
    },
    {
        "name": "サンダーソニア",
        "message": "「呼……呼……谢谢你\\n你的『爱着我』的话语，我确实听到了\\n嘿嘿♪ 我也很喜欢你」"
    },
    {
        "message": "这样说着，宫灯百合微笑了。"
    }
]