[
    {
        "name": "ユリ",
        "message": "「今天的工作已经处理完了吧？\\n那我差不多要告辞了，再见，团长」"
    },
    {
        "message": "百合这么说着，打算离开办公室。\\n我抓住她的手臂，阻止她。\\n她略带惊讶的表情朝我回头。"
    },
    {
        "name": "ユリ",
        "message": "「嗯……怎么了？工作还没做完吗？\\n还是有其他事情吗？」"
    },
    {
        "message": "百合说出这番话时，脸上挂着一丝陌生的笑容。\\n最近，她经常这样保持着距离感。\\n问她有没有做错什么，她只是回答没有。"
    },
    {
        "name": "ユリ",
        "message": "「真的什么都没有\\n真是的，团长你想太多了」"
    },
    {
        "message": "真的如此吗。\\n那为什么最近不再称呼我为亲爱的呢。\\n说实话，对我们来说相当寂寞啊。"
    },
    {
        "name": "ユリ",
        "message": "「那、那个……哈……真是、无法忍受了……！！」"
    },
    {
        "message": "像是挤压出来一样说着，百合扑到我的怀里。\\n久违地感受到她的柔软，我也下意识地回拥着她。\\n抱着她的时候，询问发生了什么事。"
    },
    {
        "name": "ユリ",
        "message": "「其实，无论在人前还是其他时候，\\n我都直接地寻求团长的事情对吧？\\n所以……我寻求团长会不会成为麻烦呢……\\n所以……一直都在忍耐」"
    },
    {
        "message": "成为麻烦什么的根本不可能。\\n用强烈的心意，我紧紧地拥抱着百合的身体，再也不放开。\\n直到那一刻才恍然大悟。\\n平日里只是被寻求，而其实是我在寻求她。"
    },
    {
        "name": "ユリ",
        "message": "「啊……！等、等一下、团长……嗯嗯嗯！！！」"
    },
    {
        "message": "从背后拥抱住百合的身体。\\n被我的力量推着，百合的身体贴在墙上。\\n阴茎已经因为渴望她而变得坚硬。"
    },
    {
        "name": "ユリ",
        "message": "「嗯，好硬，碰到我的屁股了……\\n团长，你这么想要进入我里面吗？\\n嗯……啊啊，头部，嗯，在入口处摩擦……嗯！」"
    },
    {
        "message": "用手扶着阴茎，在入口附近摩擦。\\n那个地方已经湿润，每一次摩擦都在房间里传出淫秽的声音。\\n双方都做好了准备。"
    },
    {
        "name": "ユリ",
        "message": "「嗯，这样折磨我……哈啊……！\\n嗯，好、好了……团长，来吧？\\n进入我里面……！」"
    },
    {
        "message": "按照百合的话将龟头对准阴道口。\\n之后只需要稍微挺动一下腰部就可以了。\\n但是，还没有插入。"
    },
    {
        "name": "ユリ",
        "message": "「……嗯，怎么了？」"
    },
    {
        "message": "是察觉到了我的异常吗，百合向后看过来。\\n在她这样的时候，在耳边说出一个请求。\\n希望她能说出这句话，并且请求着。"
    },
    {
        "name": "ユリ",
        "message": "「啊……嗯嗯，知道了，我说，我就好了吧？」"
    },
    {
        "message": "脸颊泛起红晕，但是，百合妖艳地笑着说。"
    },
    {
        "name": "ユリ",
        "message": "「我的……我的湿漉漉的小穴里……\\n宝贝的肉棒，请插进来吧……！」"
    },
    {
        "name": "ユリ",
        "message": "「我已经无法忍耐了！\\n宝贝，我太爱你了，太爱你了，已经无法控制自己了！」"
    },
    {
        "message": "听到这话，一下子用力挺出并插入。\\n湿漉漉的阴道内肉棒深深侵入。\\n阴道紧紧地包裹住勃起的肉棒。\\n就像被双手握住一样。"
    },
    {
        "name": "ユリ",
        "message": "「啊啊啊……！！　啊啊啊……！！\\n宝贝的，啊啊啊……进来了……嗯嗯嗯！\\n好厉害，好久没……宝贝的，肉棒……！」"
    },
    {
        "message": "插入的刺激让百合的双腿颤抖。\\n但是，我没有时间去顾及她的身体。\\n就这样抽出再用力挺入。"
    },
    {
        "message": "肌肤相撞的声音。\\n然后，百合的娇喘同时在房间里回荡。"
    },
    {
        "name": "ユリ",
        "message": "「啊啊……！！　这么快，啊！　动起来了……！\\n啊啊……宝贝……嗯嗯！！　冷静点……啊啊！！」"
    },
    {
        "message": "没有冷静下来的时间。\\n就像百合自己说的一样，这是很久没做的事情了。\\n对于一直克制着的我来说，\\n不可能停下让她感受最强烈的事情。"
    },
    {
        "name": "ユリ",
        "message": "「宝贝的肉棒，啊啊……在我体内肆虐……！\\n嗯嗯！！ 颤抖着……啊！ 撞击到了深处……！」"
    },
    {
        "message": "每当龟头碰到阴道深处，百合都会抬起脸庞美丽地喘息。\\n甚至连她的喘息声都让我感到可爱，渴望听到更多。"
    },
    {
        "name": "ユリ",
        "message": "「嗯，这样激烈的话……啊啊，声音出来了！\\n嗯，因为，啊啊……宝贝的肉棒，正好在我体内\\n……摩擦到所有舒服的地方……嗯，擦动着……啊啊！」"
    },
    {
        "message": "每次用力挺入时都会抓住弹动般摆动的胸部。\\n一边用力揉搓确认，乳头已经硬梆梆地勃起。\\n用指尖轻抚，百合可爱地扭动着身体。"
    },
    {
        "name": "ユリ",
        "message": "「哼嗯嗯嗯嗯……！ 嗯，那里不行……！\\n宝贝，现在碰到乳头的话……啊啊，嗯嗯！\\n太舒服了……哈哈……啊啊！」"
    },
    {
        "message": "阴道紧紧收缩着剧烈地缠绕着勃起。\\n一边持续用龟头敲击深处，一边揉捏胸部。"
    },
    {
        "name": "ユリ",
        "message": "「啊啊那里……！ 啊啊！ 那里……啊啊……！\\n宝贝，啊啊，在我的舒服的地方……嗯嗯，全都被发现了……！」"
    },
    {
        "name": "ユリ",
        "message": "「好舒服……宝贝！ 好舒服呢……！\\n哈啊……嗯，在那样摩擦着就不行了……！」"
    },
    {
        "message": "就算被告知不可以，我还是会不断地追求。\\n她的一切都是那么可爱，那么舒服，我无法不去追求。"
    },
    {
        "name": "ユリ",
        "message": "「嗯，这样，用力的话……求着我……啊！\\n哈啊，哈啊……太舒服了，要出问题了……！」"
    },
    {
        "name": "ユリ",
        "message": "「平时总是，啊啊，只是我在追求……！\\n但是被达令追求的话……嗯，太舒服了……\\n嗯，没有达令在身边的话，就活不下去了……！」"
    },
    {
        "message": "拥有坚强身体和坚强心灵的她流着泪，喘着气说道。\\n彼此彼此地追求对方，爱意涌上心头。"
    },
    {
        "name": "ユリ",
        "message": "「啊啊，达令，我要……要完了！\\n用达令的肉棒……嗯，好舒服啊，要完了！」"
    },
    {
        "message": "百合在绝望中告诉我她即将达到高潮。\\n阴茎的进出速度加快。\\n我们也已经接近极限。"
    },
    {
        "name": "ユリ",
        "message": "「真的吗？ 嗯呜呜，达令在我的小穴里也很舒服吗？\\n嗯，好开心……嗯，在达令也很舒服吧……\\n啊啊，达令、达令……！」"
    },
    {
        "name": "ユリ",
        "message": "「啊要高潮了……达令……我要高潮了！\\n啊看着吧……我要高潮了！」"
    },
    {
        "name": "ユリ",
        "message": "「用心爱的达令的肉棒就要高潮了……看着吧！」"
    },
    {
        "name": "ユリ",
        "message": "「嗯啊啊，达令，好喜欢……！啊啊要高潮了！！\\n达令……啊啊，好喜欢……呼啊啊啊啊！！！！！」"
    },
    {
        "name": "ユリ",
        "message": "「啊啊……啊……嗯嗯……！！\\n呼啊啊，哈啊……哈啊……已经高潮了……嗯\\n太棒了，这么舒服，第一次……啊啊……」"
    },
    {
        "message": "身体颤抖着，仰起脸庞，\\n凝视着天花板的百合喃喃自语。"
    },
    {
        "name": "ユリ",
        "message": "「嗯，呼……好厉害，在小穴的深处，\\n达令的精子……流出来了……呵呵呵……达令的肉棒，还很有活力呢」"
    },
    {
        "message": "从背后拥抱着百合，调整呼吸。\\n吐出大量精液后，头脑中充满了快感。"
    },
    {
        "name": "ユリ",
        "message": "「达令，射得这么多……太棒了\\n我又一次爱上你了……嗯」"
    },
    {
        "message": "彼此身体相互摩擦。\\n如此一来心灵更加充实。"
    },
    {
        "name": "ユリ",
        "message": "「你知道达令，那个，我只是确认一下，\\n真的可以像以前那样直接地追求达令吗？\\n那个，真的会打扰到你吗……嘿呀！？」"
    },
    {
        "message": "对于多余的担心的百合，\\n用手指弹弄着乳房的尖端进行刺激。\\n可爱的惨叫声掩盖了提出的问题，答案早就已经给出了。"
    },
    {
        "name": "ユリ",
        "message": "「真是的，达令……不过……呼呼，谢谢你」"
    },
    {
        "message": "紧紧地拥抱着微笑的百合。\\n更加、更加地渴望着她。"
    }
]