[
    {
        "name": "グロリオサ",
        "message": "「啊，那个团长……！我……非常喜欢你！」"
    },
    {
        "message": "从她纤细的身体里，挤出了一番真诚的告白。\\n她满脸通红，却没有丝毫虚假，\\n嘉兰抬头看着我大声说道。"
    },
    {
        "message": "我感到很高兴，只是单纯地这样认为。\\n我蹲下来，与她对视，抚摸着她的头传达我的心意。"
    },
    {
        "name": "グロリオサ",
        "message": "「嗯……谢谢你！\\n那么，接下来……嗯，我知道\\n接下来要做什么，我知道\\n所以，团长……呃，可以对我温柔一点吗？」"
    },
    {
        "message": "我答应了。\\n我坚定地点头回应她充满不安和期待的双眼，\\n然后将嘉兰小小的身体移到床上。"
    },
    {
        "message": "然后温柔地解开她的衣物。\\n紧接着，我的目光被那一对饱满的双丘吸引住了，\\n嘉兰害羞地脸颊泛起红晕。"
    },
    {
        "name": "グロリオサ",
        "message": "「哈……虽然有想象过，但还是很、很害羞……」"
    },
    {
        "message": "这只是碍事的过大脂肪堆积。"
    },
    {
        "message": "她将自己的乳房视为这样一种存在是我知道的事。\\n至于其是否如此，并不由我们来判断。\\n只是在此刻告诉她，在这个时刻她非常迷人，\\n然后用手指轻抚着颤动的柔肉。"
    },
    {
        "name": "グロリオサ",
        "message": "「嗯……听你这么说，我很高兴……\\n那么，就这样……我的，胸部……随你喜欢\\n男人们都喜欢，我也知道……\\n尽情地……你想做的事，我都希望你去做……啊，啊呜」"
    },
    {
        "message": "既然如此。\\n温柔地、细致地重叠着爱抚，尽情地享受着这不符合体格的柔软肉体。\\n在沐浴着幸福感的双手和双臂中，\\n我向不懂男人的嘉兰传达着我的指尖触感。"
    },
    {
        "message": "然后，过了一会。"
    },
    {
        "name": "グロリオサ",
        "message": "「啊呀……啊，进来了……呃\\n团长的肉棒，滋滋地进来了……呃、\\n啊呜、嗯嗯呜呜呜呜呜呜……！」"
    },
    {
        "message": "在爱抚中松弛的阴道内，送入了坚硬挺立的肉棒。\\n当然，在此期间，对丰满乳肉的爱抚也在继续。"
    },
    {
        "name": "グロリオサ",
        "message": "「哈……嗯、嗯……深处、来了……\\n刺进来了……嗯、这个……有点意外呢……」"
    },
    {
        "message": "对着胸部上下起伏喘息的嘉兰，\\n询问她觉得意外的是什么。\\n当然，在询问之际，我还在用指尖玩弄着她的乳房。"
    },
    {
        "name": "グロリオサ",
        "message": "「那个，疼痛感……没有想象中那么强烈……\\n有点刺痛……虽然疼痛但是……\\n并不至于无法忍受……」"
    },
    {
        "name": "グロリオサ",
        "message": "「果然是因为被你揉得很多次吧……？\\n啊，真厉害，团长\\n有点像魔法一样……\\n有秘诀之类的吗？」"
    },
    {
        "message": "秘密。"
    },
    {
        "name": "グロリオサ",
        "message": "「那、那样吗……嗯、嗯啊……那里……\\n胸部的下方……被摩擦，感觉有点发麻……」"
    },
    {
        "name": "グロリオサ",
        "message": "「呼、呼啊……嗯、嗯啊……哈，竟然会这样……\\n啊，我不知道……\\n嗯、嗯啊……感觉有点奇怪了……嗯、嗯啊」"
    },
    {
        "message": "托起丰满的乳房，温柔地在胸底处摩擦。\\n用手指渐渐地引导出愉悦和刺激。"
    },
    {
        "message": "这种刺激，让嘉兰慢慢地升华。\\n从处女到女人。\\n初次破处后的处女膣渗出了新的爱液，\\n轻轻地包裹着插入的肉棒。"
    },
    {
        "message": "看来，她似乎很喜欢。"
    },
    {
        "name": "グロリオサ",
        "message": "「是、是的……好像是这样……嗯、嗯啊\\n这种事，第一次……完全不知道……\\n我，被你摆弄胸部的事情……并不讨厌……」"
    },
    {
        "message": "脸颊和眼瞳被羞耻和快感染上。\\n其中，羞耻似乎占据了主要比例。\\n并不讨厌这种含糊的表达证明了这一点。"
    },
    {
        "message": "那么，希望你能更加享受。同时我也想感受她的反应。\\n逐渐加大手指的力度，变得更加深入和浓烈。"
    },
    {
        "name": "グロリオサ",
        "message": "「呼啊……啊、啊、哈……团长……嗯、嗯啊\\n指头，进入了胸部里面……\\n哈、啊……果然，很奇怪……这也，感觉很舒服……」"
    },
    {
        "name": "グロリオサ",
        "message": "「被揉得好舒服……\\n呼啊……啊、啊……好害羞呀……\\n呼、啊……胸部，好害羞呀……团长大人……」"
    },
    {
        "name": "グロリオサ",
        "message": "「我，全部都……露出来了……这一切，全部都……哈……啊、啊……\\n都看得见了……都看得见了呀……」"
    },
    {
        "message": "明知道她看到了什么，我还是问了出来。"
    },
    {
        "name": "グロリオサ",
        "message": "「呵、嗯……胸部，都露出来了呢……」"
    },
    {
        "message": "回答的目光早就被自己的乳房吸引住了。"
    },
    {
        "name": "グロリオサ",
        "message": "「你的，手指呢……粗粗的手指……在下流地摆弄着我的身体……\\n全部都看得见了……这样，好害羞呀……」"
    },
    {
        "name": "グロリオサ",
        "message": "「我的胸部会变成这样，我完全不知道呢……\\n哈、啊啊……怎么办才好呀，团长大人……」"
    },
    {
        "name": "グロリオサ",
        "message": "「虽然很害羞……但是很舒服呢……\\n哈、啊啊……还要更多吗？\\n胸部，被下流地摆弄着，想要更多呢……」"
    },
    {
        "message": "快感超过了羞耻。\\n对于她请求教导的渴望，我回以安心的微笑。"
    },
    {
        "name": "グロリオサ",
        "message": "「哈……嗯嗯、嗯啊、啊啊、里面也……嗯、嗯嗯\\n胸部和里面……一起，要来调戏我吗……？\\n呼啊、啊呜……啊、啊啊……」"
    },
    {
        "name": "グロリオサ",
        "message": "「这，好厉害呀……嗯、嗯啊！\\n胸部，更多的……比刚才，更多了……\\n哈啊、啊、啊啊！　感觉真是太棒了！　呼啊、呜嗯、嗯啊！」"
    },
    {
        "message": "为了让嘉兰更加感受到乳房的快感，\\n我专门搅动着她的花蕾。"
    },
    {
        "message": "仅仅这样就足够让人心旷神怡。\\n被爱抚所融化并紧紧抓住的肉体让全身都不安宁，\\n对她的欲望也在慢慢地升腾。"
    },
    {
        "name": "グロリオサ",
        "message": "「哈呜啊嗯、嗯啊、啊啊！　好淫荡呀……！　好色情呀！\\n里面，感觉舒服得……唔，胸部也，感觉舒服得……！\\n哈啊、啊、啊啊！　我的胸部，变得好淫荡了呀！」"
    },
    {
        "name": "グロリオサ",
        "message": "「顶端变硬了……唔、嗯、啊啊！\\n那里也，很舒服……！　很舒服呢，团长大人！\\n转圈圈，好厉害……！　唔、啊啊！　要更多一点，再多一点！」"
    },
    {
        "message": "摩擦勃起的乳头尖端，揉捏膨胀的乳晕。\\n回馈而来的感触让我的手臂发麻，\\n小小的阴道内阴茎开始剧烈跳动。"
    },
    {
        "message": "敏感度增加，彼此的欲望清晰可见。\\n含血液涌动，膨胀的肉棒，在天真无邪的身体上引发了前所未有的震颤。"
    },
    {
        "name": "グロリオサ",
        "message": "「团长大人，我……啊，我……啊，有什么，要来了呜……！」"
    },
    {
        "name": "グロリオサ",
        "message": "「好舒服的感觉……啊，溢出来了……啊啊，啊啊啊！\n要爆炸了……啊，要爆炸了呜……！\n这个，好可怕……嗯，好可怕的呢！感觉舒服的好可怕呀，团长大人！」"
    },
    {
        "message": "对着那与乳房不相称的天真无邪笑容作出回应，再次安心地传达着一切都没问题，并通过言语、爱抚和插入提升了嘉兰的快感。"
    },
    {
        "name": "グロリオサ",
        "message": "「呼啊啊，啊啊，啊啊！好的，好的……！\n全部交给团长大人了！哈啊，啊啊啊！\n我的身体，交给你了！就这样，请让我感觉舒服吧！」"
    },
    {
        "name": "グロリオサ",
        "message": "「哈啊，啊啊，啊啊！要来了，要来要来要来呜呜！\n感觉舒服的要来了……不行了，已经不行了呜呜！」"
    },
    {
        "name": "グロリオサ",
        "message": "「胸部和里面都到极限了！不知道的话，要来了呜呜！\n呼啊啊，啊啊，啊啊！哈啊啊啊呜呜呜呜呜呜……！」"
    },
    {
        "name": "グロリオサ",
        "message": "「哈唔……唔……哈哈～～～～～～♪」"
    },
    {
        "message": "最后一击强劲有力，在握住丰满乳房的同时深入指尖所到之处，在达到高潮的嘉兰阴道内释放出生殖液。"
    },
    {
        "name": "グロリオサ",
        "message": "「哎、唔……热，热的呢\n深处热热的……快要烫伤了……唔、唔唔♪」"
    },
    {
        "name": "グロリオサ",
        "message": "「好舒服……\n深处，热热的……好舒服呀……团长大人……♪」"
    },
    {
        "message": "看着享受着精液的嘉兰微微颤抖，喜悦溢于言表。\n我也传达着自己的舒适感，将天真无邪的肉穴填满了白色。"
    },
    {
        "name": "グロリオサ",
        "message": "「哈啊，哈啊……这么，舒服的事……我以前不知道的呢……\n胸部也，软绵绵的……\n啊啊……团长大人……团长大人……♪」"
    },
    {
        "name": "グロリオサ",
        "message": "「我，好幸福呢……\n喜欢上了你……真是太好了……嘿嘿～♪」"
    },
    {
        "message": "从连接处流出精液，\n陶醉地微笑着的嘉兰。\n对于她满溢心灵和身体的可爱，\n我也回以感激。"
    }
]