[
    {
        "name": "オトメユリ",
        "message": "「这种事……我不应该请求的……\\n我自己也……明白的……\\n但是，但是……拜托了……团长大人……」"
    },
    {
        "message": "消失般轻柔的声音中，百合说道。\\n作为团长，尽量要实现花骑士的愿望。\\n但是，在这种情况下立刻满足百合的愿望……\\n稍微有些犹豫。"
    },
    {
        "message": "百合骑在我的身上。\\n突然来到房间，然后就压倒我了。\\n对于平时的她来说，做出这样大胆的举动，\\n让我无法开口。"
    },
    {
        "name": "オトメユリ",
        "message": "「好害怕……非常害怕……\\n如果让团长大人感到不快的话……\\n我现在就想逃掉……好害怕……\\n像我这样的人，做这种事……太过分了吧……」"
    },
    {
        "name": "オトメユリ",
        "message": "「但是，像以前那样……想要团长大人爱着我……\\n可以吗，团长大人……？」"
    },
    {
        "message": "一开始确实感到惊讶。\\n但是看着微微含泪的百合——。\\n决定回应她的心意。"
    },
    {
        "name": "オトメユリ",
        "message": "「嗯……啊啊啊，团长大人……\\n为什么呢……非得保持这个姿势不可吗……？\\n这样子……太丢脸了……\\n因为，因为……进入的地方都露出来了呢……」"
    },
    {
        "name": "オトメユリ",
        "message": "「啊啊啊，越来越深入了……更深入了……\\n这、这样子……看不、看不下去了……！」"
    },
    {
        "message": "因为羞耻，百合用双手遮住自己的脸。\\n在我的眼前，她的耳朵涨得通红。\\n轻柔地舔舐着她的耳朵。"
    },
    {
        "name": "オトメユリ",
        "message": "「啊，好痒……！\\n啊，啊，已经这么……深深地进去了……团长大人的……」"
    },
    {
        "message": "百合因耳朵的爱抚而有所反应，放开了遮住脸的手。\\n就在这时，她看向眼前的连接处，然后再次用手遮住了脸。\\n但仔细一看，似乎是透过指缝看着连接处。"
    },
    {
        "name": "オトメユリ",
        "message": "「哈啊……团长大人的……还没有完全进去……\\n明明是我……希望的……\\n害羞可不行……对吧？\\n嗯嗯……啊啊……深入到了里面」"
    },
    {
        "message": "百合用力压在我身上。\\n然后将勃起的阴茎一口吞下。\\n终于——。"
    },
    {
        "name": "オトメユリ",
        "message": "「嗯啊……！ 进、进去了……」"
    },
    {
        "message": "百合大口喘息着。\\n正如她所说，硬邦邦的肉棒完全被吞没到根部。"
    },
    {
        "name": "オトメユリ",
        "message": "「哈啊哈啊……我、我这样子被撑得这么开……\\n而且……变得好滑好滑的……\\n团长大人……能换个姿势吗？」"
    },
    {
        "name": "オトメユリ",
        "message": "「之后会动起来对吧？ 我……如果那样的话……\\n被看到那样子的话……\\n会害羞得……要死掉了……」"
    },
    {
        "name": "オトメユリ",
        "message": "「嗯嗯……哈啊……哈啊……团长大人，\\n耍坏心眼了呢……不行呀……好害羞呀」"
    },
    {
        "message": "发出像蚊子一样的声音的乙女百合。\\n然后因为羞耻，她像在寻找逃生舱一样扭动着身体。\\n这种动作使阴道肌肉起伏不定，刺激着鼓胀的勃起。"
    },
    {
        "name": "オトメユリ",
        "message": "「啊啊，团长大人……！\\n团长大人的……在跳动、搏动……\\n血管清晰可见……甚至凸显出了很厉害的血管……\\n从我的角度……也能清楚地看到……」"
    },
    {
        "name": "オトメユリ",
        "message": "「竟然会变成这样……难道团长大人也……\\n在、在兴奋吗？ 在我的身体上……\\n这、这里……会变成这样吗……」"
    },
    {
        "message": "乙女百合纤细的手指，沿着阴茎的脉络轻抚。\\n敏感的勃起对这轻微的接触做出反应，在阴道内跳动。"
    },
    {
        "name": "オトメユリ",
        "message": "「啊啊……！ 在里面、在狂暴地蠢动着……！\\n刚才的……感觉很舒服吗？ 这里的内侧……\\n这样……用指甲抚摸着……\\n啊啊……感觉……很舒服吗？」"
    },
    {
        "message": "每次刺激阴茎的脉络，我的腰都会抬起。\\n看到我的反应，她的表情开始变化。不再是羞愧，而是微笑——。"
    },
    {
        "name": "オトメユリ",
        "message": "「啊……感觉有点奇怪呢……\\n虽然害羞，心跳加速，但是那个……有点、有点让人心情愉悦呢……啊啊……而且、而且……」"
    },
    {
        "name": "オトメユリ",
        "message": "「看着团长大人享受得如此舒服的样子……\\n也让我很高兴地、越来越、越来越、\n感到愉快了……」"
    },
    {
        "message": "感受到乙女百合身体温度不断升高。\\n我伸手触摸她完美的乳房。\\n暂停腰部的运动，专注于爱抚她的乳头。"
    },
    {
        "name": "オトメユリ",
        "message": "「啊，那里……！？」"
    },
    {
        "message": "用指腹轻轻刺激着粉红色的芽，即便是轻微的刺激，乙女百合的身体也剧烈地做出了反应。"
    },
    {
        "name": "オトメユリ",
        "message": "「呜啊啊……那种事……\n啊，啊啊……感觉好……\n诶，会变得色情吗……我……我……」"
    },
    {
        "name": "オトメユリ",
        "message": "「哈……哈……团长大人，发生了奇怪的事……\n呜啊啊……好舒服呀……」"
    },
    {
        "name": "オトメユリ",
        "message": "「这样的话……忍不住了……嗯……\n对、对团长大人来说……哈……哈……太失礼了吧……\n求、求你了好像要说出口了……」"
    },
    {
        "message": "似乎乙女百合还有些犹豫不决。\n为了缓解她的紧张情绪，我告诉她今晚希望她能更坦率地对待自己。"
    },
    {
        "name": "オトメユリ",
        "message": "「那、那种事……不、不是的……\n今天是有这个打算过来的……\n想要依靠团长大人，想要依靠团长大人……\n害羞到都快忘记了这一点了呢……」"
    },
    {
        "name": "オトメユリ",
        "message": "「团长大人……我……现在，感觉非常舒服……\n但是，想要更舒服一点……\n想要做更害羞的事情……」"
    },
    {
        "message": "乙女百合的右手触摸到阴茎，左手则握住了我的胸部。"
    },
    {
        "name": "オトメユリ",
        "message": "「这里……这里……请一下子……摸吧……\n虽然很害羞……但是，那样的话，肯定……会很舒服的……\n我是不是太任性了呢……？」"
    },
    {
        "message": "对于还有些犹豫的乙女百合，没关系――我这样轻声细语。\n然后，正如她所期望的……\n紧紧地抓住她的乳房，用力向上顶了过去。"
    },
    {
        "name": "オトメユリ",
        "message": "「哎呀！？ 团长！ 突然间，好、好激烈……！」"
    },
    {
        "name": "オトメユリ",
        "message": "「啊、啊、啊啊！\n我的里面，团长的那个，这、这么激烈……！\n进出着，不要啊、不要啊……！」"
    },
    {
        "name": "オトメユリ",
        "message": "「好害羞啊，好害羞呀！\n滑溜溜的停不下来，啊、啊、呼啊！\n这滑溜溜的，从哪里来的……啊、啊啊！\n不要看得太多！ 团长！」"
    },
    {
        "message": "为了不让淫秽的抽送显露出来，乙女百合勉强扭动着身体，\n贴上了我的嘴唇。"
    },
    {
        "name": "オトメユリ",
        "message": "「嗯嘟……嘟嘟……哗嘟嘟……嗯嗯！？\n呼哈啊、啊、啊、嘟嘟……！ 噗嘟！\n嘟嘟、哗嘟、呼哈……哈哈、\n嗯嗯，感觉真好……」"
    },
    {
        "name": "オトメユリ",
        "message": "「啊、啊、虽然害羞，但是很舒服……\n比想象中要更加、嗯嗯、舒服得多……！」"
    },
    {
        "name": "オトメユリ",
        "message": "「我的肚子里变得热热的，而且\n啊、啊、啊、有点奇怪的感觉……！\n从肚子深处开始发颤，啊、啊啊……！\n这、这是……什么事情呢……？」"
    },
    {
        "message": "百合全身的肌肉感到一阵紧绷。混合着洗发水的香气，汗水的气味变得浓烈。她已经察觉到即将发生的事情。百合正处于巅峰之中。"
    },
    {
        "name": "オトメユリ",
        "message": "「啊、啊、团长……！ 别、别……请停下！\n会有奇怪的事情发生……！\n感觉太舒服了，会有奇怪的……！」"
    },
    {
        "message": "初次体验巅峰，百合全身颤抖不已。\n我用力抱紧她，耳边再次重复，不用担心，一切都会好的。"
    },
    {
        "name": "オトメユリ",
        "message": "「是、是真的吗？\n这种感觉，生平第一次，啊、啊啊！\n不行，真的会变得奇怪……是吗」"
    },
    {
        "message": "炽热的肌肤与阴道分泌物交织在一起，施加着强烈的压力。\n我的极限也快要到了。深吸一口气，开始最后的冲刺。\n想象着尽情射出所有的精液——。"
    },
    {
        "name": "オトメユリ",
        "message": "「啊、啊、奇怪、奇怪……！\n已经、已经忍耐不住了……！」"
    },
    {
        "name": "オトメユリ",
        "message": "「团长，就算变得奇怪，也没关系吗？」"
    },
    {
        "message": "因为我知道一旦说出声音就无法收回——所以我点了点头回答。"
    },
    {
        "name": "オトメユリ",
        "message": "「啊、啊啊、团长、团长！\n变得奇怪了！真的不行了！」"
    },
    {
        "name": "オトメユリ",
        "message": "「团长大人！我喜欢你！好喜欢你！\n啊！？ 啊啊啊啊啊啊——！！！」"
    },
    {
        "name": "オトメユリ",
        "message": "「啊啊——！？ 嗯、嗯、这、这是什么——！？」"
    },
    {
        "message": "乙女百合的阴道痉挛不已，达到了巅峰。\n与此同时，我也达到了高潮，将大量浑浊液体注入了乙女百合的体内。"
    },
    {
        "name": "オトメユリ",
        "message": "「嗯嗯，团长的……好热……\n啊，进入了我的体内……不停地……！」"
    },
    {
        "message": "射精丝毫没有停下的迹象。\n一如既往地，持续向阴道中喷射着浓稠的精液。"
    },
    {
        "name": "オトメユリ",
        "message": "「哈……哈……还没有停下来呢……\n团长的这里也……变得奇怪了吧……\n和我的这里一样……」"
    },
    {
        "name": "オトメユリ",
        "message": "「呵呵，我们一样呢……我们……\n嗯……！ 还是，请保持现在这样……\n直到最后一滴都……流出来……」"
    },
    {
        "message": "我们依然相连，彼此调整着呼吸。\n房间里只有沉重的喘息声在回荡。"
    },
    {
        "name": "オトメユリ",
        "message": "「哈……哈……虽然很害羞……但是我，现在……\n非常……幸福……」"
    },
    {
        "name": "オトメユリ",
        "message": "「向团长大人撒娇……真是太好了\n……嘻嘻」"
    },
    {
        "message": "在沉重的喘息声中，乙女百合的微笑交织其中。\n然后，乙女百合说道。"
    },
    {
        "name": "オトメユリ",
        "message": "「再次……向您撒娇可以吗？ 团长大人……♪」"
    }
]