[
    {
        "name": "ヤマユリ",
        "message": "「啊，嗯咕……！\n喂，喂，全都进去了……，\n啊咳，咳，咕……！」"
    },
    {
        "name": "ヤマユリ",
        "message": "「股裂得好疼……，\n听说性爱很舒服的……\n是谎言吗……？」"
    },
    {
        "message": "山香百合突出屁股，仿佛在展示阴道吞没肉棒的样子。"
    },
    {
        "message": "从被紧紧撑开的秘裂中，她纯洁的证明——鲜红的血液微微滴落。"
    },
    {
        "name": "ヤマユリ",
        "message": "「哈……真是的……\n喂，让我穿成这样……真、真是的！」"
    },
    {
        "name": "ヤマユリ",
        "message": "「屈辱还是什么的……总之，算了吧」"
    },
    {
        "message": "脸颊鼓起着愤怒地盯着，\n摇动腰部重新含住阴茎。"
    },
    {
        "message": "白色背后贴着湿漉漉的头发，相当诱人。"
    },
    {
        "name": "ヤマユリ",
        "message": "「嘛，我想我之前也说过……啊，哈啊……\n我会把身体给一个男人，嗯咕……\n一生只能给一个人……！」"
    },
    {
        "name": "ヤマユリ",
        "message": "「那、那样的话，你懂我的意思了吧……？\n啊，啊呜，咕……\n以、以后，你要是放开我，我绝不会原谅你的……！」"
    },
    {
        "name": "ヤマユリ",
        "message": "「要、要是对其他女人、动心什么的，\n我可不会答应的……啊，啊啊，咳呀……！」"
    },
    {
        "message": "她苦涩地上下挣扎着肩膀，脸颊泛起红晕。"
    },
    {
        "message": "这不仅仅是因为浴室的温度导致体温上升。"
    },
    {
        "name": "ヤマユリ",
        "message": "「嗯，哈哈，哈哈，哈……！」"
    },
    {
        "name": "ヤマユリ",
        "message": "「作为回报……嗯咕，\n我也会、终身……全心全意地侍奉你……\n在这里、发誓……哈哈哈……」"
    },
    {
        "message": "肩头扭过去，羞愧中眼眸颤抖着，\n但她的脸上却带着幸福的微笑。"
    },
    {
        "message": "伴随着可爱的誓言，\n她诱人地摇动着屁股。"
    },
    {
        "name": "ヤマユリ",
        "message": "「嗯……喂……随你喜欢……可以尽情地……\n放心吧……啊，哈哈……」"
    },
    {
        "name": "ヤマユリ",
        "message": "「如果你……嗯……对我好一点的话……\n痛苦什么的，应该很快就会消失的……」"
    },
    {
        "message": "『可以随你喜欢』这句话在耳畔回响，\n让心脏疼痛得厉害。"
    },
    {
        "message": "就在她主动迎合的时候，\n手伸向了她白皙的屁股，紧紧地握住。"
    },
    {
        "name": "ヤマユリ",
        "message": "「喂、喂！？为、为什么要摊开屁股……！？\n嗯，嗯啊啊！？」"
    },
    {
        "name": "ヤマユリ",
        "message": "「笨、笨蛋，别、别碰那里……别摆弄啊！」"
    },
    {
        "message": "随着屁股肉被分开，\n一个羞涩颤抖的小缝隙显露出来。"
    },
    {
        "message": "仿佛在安抚那颤动不安的部位，用指腹轻轻按压，\n轻抚着肛门。"
    },
    {
        "name": "ヤマユリ",
        "message": "「确、确实……说可以随你喜欢……\n但、但是别摆弄屁股啊……唔、唔……」"
    },
    {
        "name": "ヤマユリ",
        "message": "「哈、哈啊……真是的……\n我好像被一个无可救药的变态……给抓住了呢……」"
    },
    {
        "message": "即使脸颊涨红低头至耳根，也如其所言让我随心所欲。"
    },
    {
        "message": "这种态度，让我的情绪高涨。\n轻轻地戳动着颤动的肛门，不停地扭动。"
    },
    {
        "name": "ヤマユリ",
        "message": "「嗯啊啊……！？别、别停……\n这、这样下去，屁股会感到麻麻的……\n啊、啊呜！」"
    },
    {
        "name": "ヤマユリ",
        "message": "「感、感觉好奇怪……哈、哈、哈！\n呼、呼……呼不过气来……！嗯啊……！」"
    },
    {
        "message": "背脊颤抖不已，眼神充满了痛苦。"
    },
    {
        "message": "庄严的天香百合被玩弄得扭动不已——\n这种反差引发了一种类似寒意的兴奋在全身蔓延，\n粗鲁地开始揉捏屁股肉。"
    },
    {
        "name": "ヤマユリ",
        "message": "「啊……啊……\n我、我的屁股……扭曲得好淫荡……啊、啊呜！」"
    },
    {
        "message": "眼中充满了快感，望向自己的臀部，\n下颚不停地颤抖。"
    },
    {
        "message": "阴道里早已满是大量的爱液，\n淫肉紧紧缠绕在肉棒上，仿佛在恳求快点进入。"
    },
    {
        "name": "ヤマユリ",
        "message": "「呜啊啊啊啊……！？\n啊、啊啊啊啊啊啊……！」"
    },
    {
        "message": "无法忍受肉棒带来的强烈刺激，\n像拉起屁股肉一样抬起了臀部。"
    },
    {
        "name": "ヤマユリ",
        "message": "「啊啊……！\n小、小穴的肉被团长的肉棒拽了出来……\n唔唔！」"
    },
    {
        "name": "ヤマユリ",
        "message": "「别、别拉我的屁股……会变得很松弛的……\n啊、哈……以后，在你面前，\n就再也无法自信地裸露身体了……唔、唔唔！」"
    },
    {
        "message": "一边扭动着臀部，一边将肉棒抽出。"
    },
    {
        "message": "然后当龟头抵达秘处入口时，\n猛地向下压迫，满足了天香百合的要求。"
    },
    {
        "name": "ヤマユリ",
        "message": "「哦……哦……♪ 鸡巴的顶端，\n在肚子里转了一圈，嘿呀～♪」"
    },
    {
        "message": "手掌印在屁股上，用力打出一击，\n声音回荡在腹部。"
    },
    {
        "message": "肉棒的顶端刺入了尚未完全张开的子宫口。"
    },
    {
        "message": "那刺激让天香百合瞪大了眼睛，舌头懒散地伸出。"
    },
    {
        "name": "ヤマユリ",
        "message": "「啊、啊……♪ 扑通扑通地跳动呢～♪\n嗯啊啊啊……」"
    },
    {
        "message": "多次强行摇动着天香百合的屁股，\n将龟头扭入子宫口。"
    },
    {
        "message": "子宫仿佛在追随着肉棒一般下降，\n啪地咬住了龟头的尖端。"
    },
    {
        "name": "ヤマユリ",
        "message": "「嗯……？\n哈哈，团长？ 怎、怎么了……？」"
    },
    {
        "message": "身体因为龟头被子宫口温柔地咬着而无法动弹，\n奇怪地转过肩膀看去。"
    },
    {
        "message": "然后看着不停抽搐的身体，\n露出了恢复过来般的狡黠笑容。"
    },
    {
        "name": "ヤマユリ",
        "message": "「呵呵……我的小穴这么舒服吗……？」"
    },
    {
        "name": "ヤマユリ",
        "message": "「哈哈♪ 那么颤抖着……太好了……♪\n如果动不了，我会好好爱抚你……♪ 嗯、哈啊！」"
    },
    {
        "message": "温柔地眯起双眼，小幅地自己摇动着腰部。"
    },
    {
        "message": "在忙碌收缩的阴道壁上，\n摩擦着肉棒，仿佛揉捏一般，渐渐使得腰部变得软绵绵的。"
    },
    {
        "name": "ヤマユリ",
        "message": "「嗯、嗯呼♪ 团长的鸡巴，\n一直在颤抖不已……？ 真是可爱的家伙……♪」"
    },
    {
        "name": "ヤマユリ",
        "message": "「很好……？ 嗯、哈、哈啊……\n无论何时都准备好接纳你的精液……\n快点射出来吧……？」"
    },
    {
        "name": "ヤマユリ",
        "message": "「哈啊、啊、啊……！\n将你的爱，注入我体内……！」"
    },
    {
        "message": "刚说完，子宫口便吞下了肉棒，直至龟头，\n温柔地咬住。"
    },
    {
        "message": "就这样扭动着腰部，像搓揉一样擦动着龟头，\n让腰部迅速达到高潮。"
    },
    {
        "name": "ヤマユリ",
        "message": "「哈啊……哈啊……呵呵，射精了……♪\n你炽热的精液正在不断填满我的子宫……♪」"
    },
    {
        "message": "紧紧包裹着跳动的肉棒，在子宫中接纳大量精液的感觉，露出满足的笑容。"
    },
    {
        "name": "ヤマユリ",
        "message": "「真是美妙的事情啊……\n看着深爱的男人享受的表情……\n来吧，让我听到更多的喘息声……♪」"
    },
    {
        "message": "尽管已经射精了，但腰部依然不停地扭动着。"
    },
    {
        "message": "在仿佛在榨取精液般的动作下，腰部不断地猛烈抽搐。"
    },
    {
        "name": "ヤマユリ",
        "message": "「嗯、呼……嗯……？ 结束了吗……？」"
    },
    {
        "message": "渐渐地将所有的精液排出后，阴茎失去了硬度，\n微微地挑起眉毛。"
    },
    {
        "name": "ヤマユリ",
        "message": "「一开始虽然有些痛苦……\n但性爱这东西还挺舒服的嘛……？\n团长，下次再来吧。我会让你感受更舒服的……♪」"
    },
    {
        "message": "原本混乱不堪的模样到底去了哪里，\n眼中充满慈爱地眯起双眼，\n那副模样依旧庄严肃穆。"
    },
    {
        "message": "对此感到有些遗憾，\n下次一定要让他一直保持混乱，我发誓。"
    }
]