[
    {
        "name": "レインリリー",
        "message": "「啊哈！就因为我可爱，你也太突然地贪婪了吧？\\n」"
    },
    {
        "message": "被葱兰引诱进房间，我抱住她，贪婪地插入她的身体。\\n肉体湿润地摩擦着，完全地深入。"
    },
    {
        "name": "レインリリー",
        "message": "「嗯……完全深入了呢……」"
    },
    {
        "message": "仅仅插入就传达出一种快感，让人感觉快要达到高潮。"
    },
    {
        "name": "レインリリー",
        "message": "「团长大人的，好大好硬哦？\\n你是这么渴望着我才变得这么硬吗？」"
    },
    {
        "message": "我凝视着葱兰的眼睛，坚定地点了点头。"
    },
    {
        "name": "レインリリー",
        "message": "「不要……用那样的眼神看着我，会让我心跳加速的……」"
    },
    {
        "message": "葱兰像小恶魔般色气地微笑着。"
    },
    {
        "name": "レインリリー",
        "message": "「今晚，团长大人可以尽情对待我哦？」"
    },
    {
        "message": "插入的同时，温柔地亲吻着。"
    },
    {
        "name": "レインリリー",
        "message": "「嗯……被这样温柔地吻着，好刺激……\\n更粗鲁一点也可以哦」"
    },
    {
        "message": "对着葱兰可爱的嘴唇，不断地重叠。"
    },
    {
        "name": "レインリリー",
        "message": "「嗯、啾、嗯……嗯嗯嗯……」"
    },
    {
        "message": "在不断重叠的唇间，不知不觉地交织着舌头，\\n变成了浓烈的吻。"
    },
    {
        "name": "レインリリー",
        "message": "「啊呜……嗯……呵呵，嗯、啾……哈啊，哈啊……」"
    },
    {
        "name": "レインリリー",
        "message": "「团长大人，吻得真好。嗯……\\n啾……真的、让人心跳加速」"
    },
    {
        "message": "在彼此的唾液中黏糊糊的情况下，\\n贪婪地交织着柔软的双唇。"
    },
    {
        "name": "レインリリー",
        "message": "「嗯……哈啊，哈啊……嗯、哈呜！　嗯！」"
    },
    {
        "name": "レインリリー",
        "message": "「被这样亲吻，嗯……\\n心跳加速，已经无法保持冷静了……嘻嘻」"
    },
    {
        "message": "微笑的葱兰所说的话，\\n连接的部分不断地收缩着阴茎。"
    },
    {
        "name": "レインリリー",
        "message": "「更、更舒服一点吧」"
    },
    {
        "message": "一边贪恋着可爱的双唇，一边伸手到胸前。"
    },
    {
        "name": "レインリリー",
        "message": "「啊呀！胸部好像、有感觉了……！」"
    },
    {
        "message": "虽然不算大，但有着相当的丰满感，\\n柔软得仿佛要融化一般。"
    },
    {
        "name": "レインリリー",
        "message": "「啊呜！不要、不要用那么淫荡的方式揉啦」"
    },
    {
        "message": "轻轻揉动时，胸部在手中不断变换形状。"
    },
    {
        "name": "レインリリー",
        "message": "「被这样揉，嗯……腰部好像、自己动了起来……」"
    },
    {
        "message": "葱兰似乎忍耐不住，缓缓地扭动起了腰部。\\n连接处因为爱液而变得湿漉漉的。"
    },
    {
        "name": "レインリリー",
        "message": "「啊呜！」"
    },
    {
        "message": "稍微强行按住了试图更加扭动的腰部。"
    },
    {
        "name": "レインリリー",
        "message": "「啊哈♪ 原来还是要强硬对待我吗？\\n想要对可爱的我，强硬地，是吧～？」"
    },
    {
        "name": "レインリリー",
        "message": "「……可以的哦，如果是团长的话，就算强硬一点」"
    },
    {
        "name": "レインリリー",
        "message": "「啊呜！那、那么敏感的地方，只、只顾、\\n捏捏，不要啊」"
    },
    {
        "message": "轻轻地捏住变得坚挺的乳头，葱兰的身体\\n猛地颤抖了一下。"
    },
    {
        "name": "レインリリー",
        "message": "「轻一点，嗯……不要碰，哈啊，哈啊……不行了」"
    },
    {
        "message": "一边揉捏着乳房，一边用手掌围绕着乳头揉搓。"
    },
    {
        "name": "レインリリー",
        "message": "「轻点，啊呜！明明说了嘛！嗯嗯呜！」"
    },
    {
        "message": "与其说是言语，不如说葱兰扭动着腰部。\\n看来这样的力度正合适。"
    },
    {
        "name": "レインリリー",
        "message": "「团长，嗯，这样的话，啊啊……腰部，嗯呜呜，停不下来……忍耐不住了……\\n嘿，哈啊，哈啊……别拖延，求求你……」"
    },
    {
        "message": "平日里一直面带从容微笑的葱兰\\n此刻却满脸柔情地恳求着。"
    },
    {
        "name": "レインリリー",
        "message": "「求求你，因为团长的硬邦邦的东西在这里，\\n把我搞得乱七八糟吧，请了」"
    },
    {
        "name": "レインリリー",
        "message": "「嗯……啾……哈啊哈啊，不是吻啦，啾，嗯呜！\\n哈啊，哈啊，啊，啊啊，啾……团长，哈啊哈啊」"
    },
    {
        "name": "レインリリー",
        "message": "「拖延着，嗯，感觉奇怪了起来\\n快一点吧\\n我的这里变得黏黏热热的，感觉要出问题了」"
    },
    {
        "name": "レインリリー",
        "message": "「拜托了呀，嗯，\\n快给葱兰来点动作吧！」"
    },
    {
        "message": "看着葱兰红润的脸庞忍不住了，\\n一下子将阴茎抽离。"
    },
    {
        "name": "レインリリー",
        "message": "「啊呜呜！一下子，嗯嗯嗯！摩擦着呢！」"
    },
    {
        "message": "葱兰的身体痉挛不已。"
    },
    {
        "name": "レインリリー",
        "message": "「不行，这样，太厉害了，哈啊哈啊……\n拔、拔出来了，只是这样，哈啊哈啊，这个，太厉害了……」"
    },
    {
        "name": "レインリリー",
        "message": "「变得奇怪了，一次、进出来的时候，\n哈啊哈啊，就……就高潮了……\n团长，这个，太厉害了……」"
    },
    {
        "message": "再次一下子将阴茎完全插入。"
    },
    {
        "name": "レインリリー",
        "message": "「啊呜呜呜！团、团长的！又、又到最深处了！\n啊呜呜啊啊！又、全部进去了！\n团长的，顶端，碰到最深处了！」"
    },
    {
        "name": "レインリリー",
        "message": "「头脑一片空白……这、这样的话，无法保持理智了\n不行，再继续下去……不行……不要看淫荡的葱兰\n因为淫荡的葱兰不可爱，请不要看……」"
    },
    {
        "name": "レインリリー",
        "message": "「明明说了不要看的嘛，却被盯着看着，感觉背脊发凉……\n明明想一直做可爱的葱兰的！\n这样子真是丢人……」"
    },
    {
        "message": "慢慢开始进行抽插运动。"
    },
    {
        "name": "レインリリー",
        "message": "「啊呜呜啊！不行！这么、深入地、抽插的话！\n啊啊啊！明明是这么、慢慢地！\n脑袋都要融化了！小穴，都要融化了！」"
    },
    {
        "name": "レインリリー",
        "message": "「不行，不行，不行！\n这样的话，又要高潮了，又要高潮了！\n要高潮了啊啊啊！」"
    },
    {
        "name": "レインリリー",
        "message": "「好的！非常好！\n团长的鸡巴，进出着！哈啊哈啊！\n变得湿漉漉的，嗯嗯！被弄得非常舒服啊！」"
    },
    {
        "name": "レインリリー",
        "message": "「对不起，无法控制只会想着淫荡事情的葱兰！\n变得不可爱的葱兰！对不起，啊呜呜呜！」"
    },
    {
        "name": "レインリリー",
        "message": "「哈呜呜呜！再多、深入地抽插吧！\n让葱兰感到舒服吧！\n让葱兰感到舒服吧！」"
    },
    {
        "message": "作为回答，猛烈地刺入。"
    },
    {
        "name": "レインリリー",
        "message": "「啊、啊啊啊啊！太、太快了太、太深了哦！\n葱兰都要坏掉了哦！\n就算坏掉也没关系，再激烈一点吧！」"
    },
    {
        "name": "レインリリー",
        "message": "「啊啊啊啊！激烈地、激烈地对待着团长的……\n满满的、满满的在葱兰的里面\n进来吧！嗯啊啊啊！」」"
    },
    {
        "name": "レインリリー",
        "message": "「已经不行了！快要达到极限了\n团长的硬鸡巴\n快要达到极限了呜呜呜呜呜！」」"
    },
    {
        "name": "レインリリー",
        "message": "「团长！\n葱兰，要高潮啊啊啊啊啊啊啊啊啊！」"
    },
    {
        "message": "在最强烈的收缩中，伴随着射精感，今天释放了精液。"
    },
    {
        "name": "レインリリー",
        "message": "「出来了……团长的，射在里面了，我知道……」"
    },
    {
        "message": "葱兰幸福地低语着。"
    },
    {
        "name": "レインリリー",
        "message": "「团长也，好好地感受到快感了呢……\n我很高兴」"
    },
    {
        "name": "レインリリー",
        "message": "「但是，从中途开始就只能想着色色的事情……\n明明想一直在团长面前做可爱的我\n这样淫荡的莉莉……不可爱吧？」"
    },
    {
        "message": "对着担心的莉莉摇了摇头，并轻吻了她的嘴唇"
    },
    {
        "name": "レインリリー",
        "message": "「高兴……之前被很多人说过可爱，但这次比起那些都要高兴……」"
    },
    {
        "message": "陶醉地低语着的葱兰，仿佛察觉到了什么，调皮地微笑着。"
    },
    {
        "name": "レインリリー",
        "message": "「呼呼，团长的鸡巴，\\n变得可爱了哦？ 唉唉～」"
    },
    {
        "message": "之后，一段时间里，射精后变得柔软的阴茎\\n被葱兰轻轻地抚摸着。"
    }
]