[
    {
        "name": "コランバイン",
        "message": "「枕营业似乎是件不好的事情……」"
    },
    {
        "message": "从茅草丛中说出什么来呢。\\n看起来有些沮丧的耧斗菜，我试着安慰地问道，\\n这时却又传来了令人惊讶的回答。"
    },
    {
        "name": "コランバイン",
        "message": "「这前晚的事……向师傅报告了。\n结果，这个笨徒弟！\n……被生气地训斥了。」"
    },
    {
        "name": "コランバイン",
        "message": "「艺人的话，用艺术来找工作，女人也一样……\n用枕营业来卖弄风骚找工作，\n连艺人都不如呢……」"
    },
    {
        "message": "原来如此，也就是说是误会。\n之前晚上拥抱耧斗菜，并不关乎工作。"
    },
    {
        "message": "她的师傅似乎容易误会。\n关于这一点的证据，我记得曾经听说过。"
    },
    {
        "message": "正当我陷入感慨之际，耧斗菜紧紧地拥抱了过来。\n仰望着我的眼神中带着一丝忧郁。\n看着那湿润的眼眸，我的喉咙不由得发出声音。"
    },
    {
        "name": "コランバイン",
        "message": "「师傅说了……\n如果要做那个，除了工作以外再做那个……\n所以，那个……可以吗？ 团长大人……？」"
    },
    {
        "name": "コランバイン",
        "message": "「我想让团长大人再次享受……\n我想成为团长大人的快乐源泉……嗯、嗯呣呣～！？」"
    },
    {
        "message": "健気的发言得到深情的回应。\\n紧紧拥抱着纤细的身体，将她带上了床。"
    },
    {
        "name": "コランバイン",
        "message": "「再、这样……啊、啊啊啊啊～～～！？」"
    },
    {
        "message": "抓住纤细的脚踝，将天真无邪的秘处扭曲在龟头上。\\n像是在向耧斗菜炫耀一样，\n插入时将她的下腹部推了出来。"
    },
    {
        "name": "コランバイン",
        "message": "「嗯呜呜……小穴，完全暴露了……\n鸡巴，完全插进去了呢……」"
    },
    {
        "name": "コランバイン",
        "message": "「嗯嗯呜～……好色呢，好色呢……\n这种事，太丢人了呢……！？」"
    },
    {
        "message": "伴随着羞耻的叫声，慢慢深入那浅窄的肉洞。"
    },
    {
        "name": "コランバイン",
        "message": "「啊……啊、肚子好鼓起来呢……\n上次有点疼呢……\n现在一点都不疼了呢……」"
    },
    {
        "name": "コランバイン",
        "message": "「我的、阴道……被淫荡的汁液弄得闪闪发光呢\\n肚子里也、咕咕地翻腾着……\n被团长大人的鸡巴搞得很开心呢……！」"
    },
    {
        "name": "コランバイン",
        "message": "「而且、鸡巴、在跳动呢……\n团长大人的眼神、有点发光呢……\n因为我……让你兴奋了吧？」"
    },
    {
        "message": "小丑般的羞愧姿态，\n展露出天真无邪的秘密。\\n更何况在羞愧中，耧斗菜将一切都展现出来。"
    },
    {
        "message": "是巨大的征服感和背德感的绝妙结合。\\n现在欲望高涨，渴望着立刻侵犯。"
    },
    {
        "name": "コランバイン",
        "message": "「知道你开心了，我很高兴呢……\n嘿嘿……团长大人♪\n被看到这样，我……就会努力的呢……」"
    },
    {
        "message": "眉头微微皱起，脸颊上羞愧的朱红还未褪去。\\n但嘴角却挂着微笑。\n就这样，耧斗菜开始有些蠢蠢欲动。"
    },
    {
        "name": "コランバイン",
        "message": "「我会给你的鸡巴……夹得很舒服呢……」"
    },
    {
        "message": "根本来不及去想。"
    },
    {
        "name": "コランバイン",
        "message": "「呼……嗯……啊呜～～～！」"
    },
    {
        "name": "コランバイン",
        "message": "「这样子，像倒立一样……把身体、举起来呢……\n然后好好地……给你、舒服地做呢～～！」"
    },
    {
        "message": "不禁目瞪口呆，说了些蠢话让她不要勉强自己。"
    },
    {
        "name": "コランバイン",
        "message": "「嗯嗯……嗯嗯，没事，没事的……\n小穴也很紧紧地……！」"
    },
    {
        "name": "コランバイン",
        "message": "「所以，团长大人……别在意……\n肉棒好多呢……\n能感觉舒服就好了！ 嗯嗯～～～！」"
    },
    {
        "message": "这是颤抖着说出的宣言。\\n但可悲的是，并没有得到满足的插入。"
    },
    {
        "name": "コランバイン",
        "message": "「呼啊啊……呼啊啊……这、还挺费劲的呢……\\n但是，我会做到的！\n嗯嗯，嗯咕咕～～～～！」"
    },
    {
        "message": "首先，身体并没有很好地抬起来。\\n抬起来后也无法保持。\\n很快身体就又落下来了。"
    },
    {
        "name": "コランバイン",
        "message": "「嗯嗯……呼啊，啊啊，团长大人～\n我的、肉棒……嗯，嗯嗯～～～～！\n舒、舒服吗！？」"
    },
    {
        "message": "说实话，并没有产生摩擦。\\n离性刺激还相去甚远。"
    },
    {
        "message": "但说是舒服吧，也没有比这更舒服的了。"
    },
    {
        "name": "コランバイン",
        "message": "「嗯嗯……肉棒，越来越硬了，呢……\n我的、肚子后面、转圈圈……嗯，嗯嗯！\n这、这样……我也、感觉很舒服呢……！」"
    },
    {
        "name": "コランバイン",
        "message": "「嘿嘿，嘿嘿……啊，太好了，是的\\n我，团长大人的事……啊，非常喜欢，团长大人的事情，认真地……\\n让你享受了起来了！ 嗯嗯，嗯嗯嗯～～～！」"
    },
    {
        "message": "为了这边，全力以赴地侍奉着的可爱身影。\\n甚至连打击的大口也令人怜爱，心脏和头脑都无法停止激动。"
    },
    {
        "message": "那股热度，辅助着粗糙的黏膜摩擦。\\n天真无邪的小丑正在全心全意地侍奉着我，\\n这份事实给予了无与伦比的舒适感。"
    },
    {
        "message": "也许正因如此，我不由自主地想要回报。"
    },
    {
        "name": "コランバイン",
        "message": "「呼嗯……啊啊啊啊！？」"
    },
    {
        "message": "抬起脚踝，用龟头在紧贴的阴道深处来回压迫。\\n看着喘息的耧斗菜，\\n传达回报之言。"
    },
    {
        "name": "コランバイン",
        "message": "「下、下一次……是团长大人的轮到吗……？」"
    },
    {
        "message": "点头，并迅速搅动着耧斗菜狭窄的地方。"
    },
    {
        "name": "コランバイン",
        "message": "「呼啊啊，啊啊、啊呀呀呀呀呀～！？\n肉棒、好厉害、来了吧！？」"
    },
    {
        "message": "反折的肉棒，用力摇摆着刮擦着阴道内部。\\n全部，均匀地侵犯，搅动出淫荡的声音和液体。"
    },
    {
        "name": "コランバイン",
        "message": "「呼啊、嗯啊……啊、啊啊啊！\\n咕噜咕噜，是的……！ 哈啊、啊嗯、好厉害，好厉害呢～！」"
    },
    {
        "name": "コランバイン",
        "message": "「嗡嗡、刮刮、好多呢，是的！\\n虽然很痛苦，但感觉很舒服呢！\\n啊啊、啊嗯、啊啊！ 肚子，好像要破裂了呢～！」"
    },
    {
        "message": "扩散的水声和耧斗菜的娇声。\\n像物品一样对待增加了背德感和征服感，\\n腰部的热度丝毫不减。"
    },
    {
        "name": "コランバイン",
        "message": "「嗯啊、啊啊、啊！ 团长大人，团长大人！\\n我也，我也好厉害呢！」"
    },
    {
        "message": "放松于快感中的耧斗菜注视着连接部位。\\n被不相称的坚硬所刺穿，\\n却依然紧紧相连并流下幸福的泪水，这是一幅淫秽的景象。"
    },
    {
        "name": "コランバイン",
        "message": "「哈啊、嗯啊……呃，淫荡，真淫荡呢！\\n哈啊呜、这种事情、这么厉害的事情呢，真淫荡呢！」"
    },
    {
        "name": "コランバイン",
        "message": "「太淫荡了，感觉真舒服呢！\\n啊啊、不行、不行不行不行不行……！\\n我又……嗯、啊啊！ 又要到了呢呢！」"
    },
    {
        "name": "コランバイン",
        "message": "「一起，一起比较好呢！\\n感觉舒服的地方，和团长大人一起……！\\n一起，想要去呢～！ 团长大人……！ 团长大人～！」"
    },
    {
        "message": "呜咽着哀求，我也大声呼喊着，\\n随着欲望的迸发，我挖掘着耧斗菜。"
    },
    {
        "name": "コランバイン",
        "message": "「呼啊啊，啊啊啊！\\n要、要来了……！ 要来了～～～！\\n我，要和团长一起……\\n做爱，要来了～～～！ 嗯咿咿咿咿～～～！」"
    },
    {
        "name": "コランバイン",
        "message": "「呼啊……啊、啊啊～～～……♪\\n好热，好热呢……\\n哗哗地充满了……嗯嗯、嗯嗯……\\n深处充满了……滴落下来呢呢呢……♪」"
    },
    {
        "message": "身体弓起，耧斗菜达到巅峰。\\n将她的身体压在床上，\\n像缝制一样灌入大量浑浊液体。"
    },
    {
        "name": "コランバイン",
        "message": "「肚子好满呢呢……♪\\n诶嘿，诶嘿嘿～……从口中，好像要流出来呢呢……♪」"
    },
    {
        "message": "被男人的体重压迫着注入炽热精液。\\n即使被这样强加，她也没有表现出痛苦，\\n在疲惫中说出了不合时宜的话语。"
    },
    {
        "message": "虽然是可爱而温暖的感想，但有些犹豫。\\n或许最好告诉她这种事情是不可能发生的。"
    },
    {
        "name": "コランバイン",
        "message": "「嗯？\\n……啊啊，没关系的哟？ 团长大人♪」"
    },
    {
        "name": "コランバイン",
        "message": "「这种炎热的东西……不会从口中流出来的♪\\n团长大人能享受到我的证明，\\n就像小费一样的东西，\\n全部都要吞下去哟♪」"
    },
    {
        "message": "对于我的犹豫，她的回应有些不合时宜，\\n但因为她如此可爱，就算了吧。"
    },
    {
        "name": "コランバイン",
        "message": "「诶嘿嘿……这个，果然好开心～好开心～♪\\n即使没有师匠的命令，我可以再请求一次吗？」"
    },
    {
        "message": "没有拒绝的理由。\\n当我表示希望再次享受时，\\n耧斗菜带着纯真的笑容高兴地答应了。"
    }
]