[
    {
        "message": "嘉兰是一位勇敢且充满进取心的花骑士。\\n无论何时，她都会直面前方，勇往直前。"
    },
    {
        "message": "而且她对同伴的武器产生了浓厚的兴趣，好奇心也是非常旺盛的。\\n她非常可靠，让我每天都能快乐地担任上司。"
    },
    {
        "message": "然而，让我感到高兴的不仅仅是这一面。\\n在另一个方面，她也让我感到非常愉悦。"
    },
    {
        "name": "グロリオサ",
        "message": "「团长大人……请……」"
    },
    {
        "message": "她双手撑在墙上，臀部朝我这边突出，\\n用期待和羞耻的眼神示意着我。没有拒绝的理由。\\n我将她小巧的身体搂在怀里，\\n揉捏着从腋下挤出的丰满乳房。"
    },
    {
        "name": "グロリオサ",
        "message": "「嗯、呜呜……胸部，多揉揉，请……\\n我想要……比之前更多……\\n想要尝试一些色情的事情……感觉更舒服……呼、嗯、啊啊」"
    },
    {
        "message": "如此期盼着，她深夜造访了我的房间。\\n她用喘息和感谢的话语传达着高涨的欲望。"
    },
    {
        "name": "グロリオサ",
        "message": "「啊呜……好、好啊……喜欢就好开心……呼呼、嗯啊……啊呜\\n团长大人的热情传达给了我……我变得越来越敏感了」"
    },
    {
        "name": "グロリオサ",
        "message": "「哈……啊啊……胸部，很舒服……\\n软绵绵的、很多……尖端也变硬了……\\n啊呜……嗯、嗯……我喜欢这样……喜欢尖端被挠着\\n哈……啊啊……团长大人，更多、更多」"
    },
    {
        "name": "グロリオサ",
        "message": "「小小的我，大大的胸部……请更加地，对待我吧\\n让我感到淫荡，想要……呜呜……\\n团长大人的手……请把我的胸部变得淫荡\\n啊……啊啊啊……啊、啊呜……嘤嘤……」"
    },
    {
        "message": "亲吻着她的脖颈，直到满是汗水的甜美，\\n然后询问着嘉兰是否准备好了。"
    },
    {
        "name": "グロリオサ",
        "message": "「啊、啊……嗯、请进入我体内……我也，无法忍耐了……\\n一边揉捏着胸部……\\n因为很粗，所以在屁股上来回磨擦……\\n肚子里面，很热……渴望得不得了……」"
    },
    {
        "message": "用手抚摸乳房，用勃起的肉棒在臀部来回摩擦，\\n同时品味着这美妙的时刻。"
    },
    {
        "message": "但是现在应该继续往下进行了吧。\\n跟随着心跳加快和流出爱液的分身，\\n我进入了嘉兰浅浅的阴道。"
    },
    {
        "name": "グロリオサ",
        "message": "「哈呜……嗯啊、啊呜呜呜呜呜呜……」"
    },
    {
        "message": "就像沐浴在蜜中一般的插入感觉。\\n狭窄的洞穴紧密贴合，每一层肉褶都带来甜蜜的快感。"
    },
    {
        "message": "毫无停顿地一口气到达最深处。\\n从嘉兰的口中溢出一口吐息，\\n墙壁已经被她湿润透彻。"
    },
    {
        "name": "グロリオサ",
        "message": "「啊……嗯、啊……喷射进来了\\n比之前更厉害……\\n团长大人的……全部都感受到了……」"
    },
    {
        "name": "グロリオサ",
        "message": "「好大……充盈得……已经占据了我的内里……\\n啊……嗯……根本没有一丝空隙……\\n嗯……这个，好热……全身都……变得炽热了」"
    },
    {
        "message": "小小的身体，因为连接处的热量而颤抖。\\n伸向墙壁的纤细手臂、肩膀，甚至背部都在颤抖，\\n压迫着的臀部肉感也传来了下肢的颤动。"
    },
    {
        "name": "グロリオサ",
        "message": "「嗯……真的……\\n比上次更加、更加舒服了呢……」"
    },
    {
        "name": "グロリオサ",
        "message": "「但是……还不够……\\n我，还想要、还想要更多呢……\\n想要和你一起……更加舒服地，变得」"
    },
    {
        "message": "湿润的眼神让心脏怦然跳动，身心都因强烈的愉悦而颤抖。\\n渴望着能够给予那样的快感，欲望高涨，手和腰开始动了起来。"
    },
    {
        "name": "グロリオサ",
        "message": "「啊呜……啊、啊啊啊……嗯、深处、顶到了……\\n胸部也……嗯、头部、轻轻地、刺激着……\\n哈啊……啊呜……好舒服……好舒服啊，团长先生」"
    },
    {
        "message": "敲击着不曾体验其他男人精液的子宫口，\\n玩弄着不曾被其他男人触摸过的乳头。"
    },
    {
        "message": "回应着的是敏感的反应。\\n小小的身体，在雌性的魅态中感受着。"
    },
    {
        "name": "グロリオサ",
        "message": "「呼呼……啊、哈呜呜……好热啊、好热呢……\\n头部轻轻刺激着，发出阵阵刺痛感觉……\\n和腹部深处被顶击一样地共鸣着……\\n哈啊……啊呜……好热，好舒服呢」"
    },
    {
        "name": "グロリオサ",
        "message": "「我，感觉好厉害……啊……啊呜\\n好像变成了一个很色的女孩子……」"
    },
    {
        "message": "这并不是坏事。\\n轻柔地按压乳头，慢慢地传达着感觉。"
    },
    {
        "name": "グロリオサ",
        "message": "「哈呜呜……嗯、嗯啊……好的，好的……\\n被团长先生，搞得很色，我很高兴……\\n被团长先生，调戏着……感觉舒服，我很高兴」"
    },
    {
        "name": "グロリオサ",
        "message": "「所以我……啊、啊啊呜\\n好像明白了些什么……」"
    },
    {
        "message": "如同挤压一般说出这番话语后，嘉兰开始扭动起腰肢。\\n同时倾身，将那丰满的乳房献给我的手。"
    },
    {
        "name": "グロリオサ",
        "message": "「这也是我的……天赋明白了……」"
    },
    {
        "name": "グロリオサ",
        "message": "「在战斗时会有些碍事……但是被团长先生调戏的话……\\n这个胸部会很快地感到舒服……\\n肯定是因为被团长先生调戏而感到舒服，这个胸部……\\n肯定是因为要让我感到舒服而给予我的东西……」"
    },
    {
        "name": "グロリオサ",
        "message": "「所以……啊呜、再、再调戏我吧\\n小小的身体和大大的胸部……\\n希望被团长先生弄得热热的，感觉舒服的」"
    },
    {
        "message": "被这样撒娇，脑海中除了回应之外已经没有其他想法。\\n真的，嘉兰总是能让我无比愉悦。"
    },
    {
        "name": "グロリオサ",
        "message": "「呜啊啊、啊呜、啊啊、唔呜呜！\\n好激烈的感觉，来了！里面和胸部，好厉害的感觉来了！\\n呜啊啊、啊呜、啊啊、啊啊啊啊！」"
    },
    {
        "name": "グロリオサ",
        "message": "「这个，喜欢……！ 这个也，好喜欢！\\n揉揉，很多！ 咕噜咕噜的也，很喜欢！\\n哈啊、啊啊啊！ 啊呀，被团长先生做这个，好喜欢！」"
    },
    {
        "name": "グロリオサ",
        "message": "「但是……唔、唔唔啊啊！ 我，好热呢！\\n已经，要来了……好激烈的感觉……\\n啊啊、啊啊啊！ 我，马上就要高潮了呢！」"
    },
    {
        "message": "堆积在一起的刺激，\\n在激烈的刺激下轻易地溢出来。"
    },
    {
        "message": "狭窄的甘露之洞变得更加狭窄，\\n每次玩弄乳头时都像是达到了高潮一样的反应紧紧地勒住了坚挺。\\n那妩媚的姿态，强烈地引诱着更深处。"
    },
    {
        "name": "グロリオサ",
        "message": "「呜唔呜、啊、啊啊啊！ 唔唔唔唔唔唔唔唔唔！\\n还是，好激烈……！ 变得更加激烈了呢！\\n不行了！ 不行了！ 感觉太舒服了，要发疯了！」」"
    },
    {
        "name": "グロリオサ",
        "message": "「我，这样……还这么小，却这样……唔、唔唔呀呀！ 团长先生，我、好害羞哦！」」"
    },
    {
        "name": "グロリオサ",
        "message": "「这么容易就高潮了，不行了！ 呀、呀啊啊！\\n全部都很舒服哦！\\n全部都要发疯了！ 脑袋里都变得乱七八糟了！」」"
    },
    {
        "message": "明明认为是天赋却在羞耻中叫出声来。\\n天真而可爱的反应让射精冲动加快了腰部动作。"
    },
    {
        "name": "グロリオサ",
        "message": "「啊呜啊啊、啊啊呜呜、啊啊呜呜！\\n要高潮了，要高潮了！\\n虽然很害羞，但好开心啊！\\n啊啊呜呜、啊啊啊啊！ 团长先生，团长先生啊啊啊！」"
    },
    {
        "name": "グロリオサ",
        "message": "「我，不行了！ 胸部也，都不行了！\\n好厉害的感觉要来了！\\n呼啊、哈啊啊……好热好热好热……！」"
    },
    {
        "name": "グロリオサ",
        "message": "「唔唔……唔、唔唔、唔唔唔唔～～～♪\\n好厉害的感觉来了♪\\n身体，好热……要燃烧起来了……唔、唔唔啊♪」"
    },
    {
        "name": "グロリオサ",
        "message": "「高潮，好厉害……团长先生的精子也，好热呢……♪\\n哈啊……唔唔～♪ 燃烧起来了……要燃烧起来了……♪」"
    },
    {
        "message": "吐出的每一口，小小身体都在颤抖着，\\n像是滴下热度的低语。\\n在迷人的艳丽身姿下，射精不停地继续，\\n填满小小子宫后，精液依然不停地流出。"
    },
    {
        "name": "グロリオサ",
        "message": "「哈啊……唔……滴答滴答地落下来了……\\n太淫荡了……\\n哈、啊……你居然射出这么多……♪」"
    },
    {
        "name": "グロリオサ",
        "message": "「团长先生……喜欢你……非常喜欢你……♪\\n我，现在……非常、非常幸福呢……♪」"
    },
    {
        "message": "紧紧拥抱着快要倒下的嘉兰，\\n我也向她表示感谢。\\n胸中，除了射精的释放感外，她带给我的喜悦更是沸腾不已。"
    },
    {
        "name": "グロリオサ",
        "message": "「诶嘿、诶嘿嘿……那我就……\\n和团长先生一起，更更更地舒服吧\\n为了能够这样，请多多关照我哦……♪」"
    },
    {
        "message": "我拍了拍她的胸膛，\\n然后在安慰疲惫不堪的嘉兰后度过了这个夜晚。"
    }
]