[
    {
        "name": "カノコユリ",
        "message": "「今晚，我前来，是为了洗刷污名！」"
    },
    {
        "message": "鹿子百合的宣言，在夜晚的房间里回荡。"
    },
    {
        "message": "她的表情紧绷得如同英雄，仿佛是前去讨伐大害虫的骑士风范。伴随着的话语大致是，遇到鬼就斩鬼，遇到神就斩神。"
    },
    {
        "message": "但我心中却有所思。显然是过于紧张了。"
    },
    {
        "name": "カノコユリ",
        "message": "「并非如此！」"
    },
    {
        "message": "她以激烈的语气说完，小小的骑士锐利地仰视着。"
    },
    {
        "name": "カノコユリ",
        "message": "「若是放任那种丑态存在，我将无法继续活下去！那种……那种丑态……光是回想起来，就足以让我自我挠破全身！」"
    },
    {
        "message": "不，应该只是被清洗了身体而已。"
    },
    {
        "name": "カノコユリ",
        "message": "「问题在于对方！若是母上倒还情有可原……我也不会介意！但……被你清洗了！每一个角落……是的，每一个角落都被清洗了！」"
    },
    {
        "name": "カノコユリ",
        "message": "「为了不让这样的不成熟留在唯一侍奉过、允许触碰这副肌肤的终身唯一的主公的记忆中！快脱下吧，团长大人！我将拼上我的生命……给您的鸡巴带来快感！」"
    },
    {
        "message": "在险些吐露的誓言之后，经过爱抚，进入了行为。"
    },
    {
        "name": "カノコユリ",
        "message": "「呼……今天也是，精神饱满的，鸡巴呢……啊啊啊啊啊……」"
    },
    {
        "message": "伴随着有些偏离的赞美之词，鹿子百合在插入时颤抖着。脸上映着羞耻的红晕。毕竟是自己掀起了裙子，理所当然。"
    },
    {
        "message": "但是，这激起了欲望。品尝着迎接自己的狭窄和炽热，最终到达了阴道深处。"
    },
    {
        "name": "カノコユリ",
        "message": "「呼……嗯啊，啊……果然很大呢……我的里面已经满满的了……哈哈，真是了不起啊，团长大人……」"
    },
    {
        "message": "凝视着交合部位，鹿子百合再次夸奖道。那昔日的英姿早已不复存在。然而，心中的紧张并未改变。"
    },
    {
        "name": "カノコユリ",
        "message": "「……不好意思\\n用这样的话语……您应该不会满意吧……」"
    },
    {
        "name": "カノコユリ",
        "message": "「要准确地说出来……我的、小紧窄阴道……\\n来吧……开始吧，团长大人……\\n用你那坚挺的肉棒……好好地在我的、小紧窄阴道里……\\n搅拌个够……！」"
    },
    {
        "message": "我不禁感到惊讶。究竟是在哪里学会了这样的话语呢。"
    },
    {
        "name": "カノコユリ",
        "message": "「我努力学习了……在书上读过……也进行了练习……当然，都是为了让您感到愉悦」"
    },
    {
        "name": "カノコユリ",
        "message": "「书上写着，男士听到下流的话语会产生情欲……所以我会努力……请您也毫无顾忌……尽情品尝我的紧窄阴道吧……」"
    },
    {
        "message": "再次忍住了要笑出声的冲动。心中确实燃起一股热情，这并不是因为有没有下流话语，而是因为那份激情。笑出声就等于侮辱了那位小骑士。"
    },
    {
        "message": "表达感谢之情，慢慢摇动起腰部。"
    },
    {
        "name": "カノコユリ",
        "message": "「呼……嗯啊、啊啊……哈啊、啊呜……嗯\\n鸡、鸡巴好大啊……磨得好热啊，我明白的……嗯呜、哈啊、啊呜」"
    },
    {
        "name": "カノコユリ",
        "message": "「还、还要更多……团长大人……不用在意什么……用你那长长的鸡巴……把我的紧窄阴道里面搅得更深一点……」"
    },
    {
        "message": "在羞耻和插入的刺激下，鹿子百合颤抖着说出下流话语和喘息声。裙子也被牢牢地掀起来了。"
    },
    {
        "message": "她那可爱又无私的姿态让人感到温暖。毫不犹豫地表达出感激之情，同时兴奋之情也在膨胀着，手伸向另一个地方。"
    },
    {
        "name": "カノコユリ",
        "message": "「感、感激得要命……嗯、啊、啊啊！\\n但、但是……团长大人？」"
    },
    {
        "message": "在我的行动之前，她的眼神中带着怀疑。"
    },
    {
        "name": "カノコユリ",
        "message": "「抓住了我的脚……到底在做什么……嗯、嗯嗯嗯！？」"
    },
    {
        "message": "舔到脚底的瞬间，我的阴户和全身都可爱地颤动了起来。"
    },
    {
        "name": "カノコユリ",
        "message": "「呼呼呼、嗯啊……那、那样……不、那里不行啊……不要在那种地方……脏死了啊……嗯嗯、呼呼呼！」"
    },
    {
        "name": "カノコユリ",
        "message": "「舌头，会弄脏的……哈啊、啊啊、不要啊、不要啊……团长啊，不要啊……不要～、不要～！」"
    },
    {
        "message": "听到她露出真实口吻时，愉悦之情扩散开来，更专注于折磨脚而非阴道。\\n虽然她试图逃跑，但我并没有放过她，\\n半强行地抓住她的脚踝，舌头开始游移。"
    },
    {
        "message": "如果舔舐一个婴儿的皮肤会是这种触感吧。\\n如此柔软，对于一个战士来说出乎意料。\\n而且，也许是因为汗水的缘故，鼻孔和舌头都受到了刺激。大脑陷入了麻木之中，难以忍受。"
    },
    {
        "name": "カノコユリ",
        "message": "「啊、啊啊……笨蛋、变态～！\\n团长你个变态，变态！ 呀～，别～！ 啵啵，讨厌～！」"
    },
    {
        "message": "表达感想后却遭到了谩骂。\\n当然，并不会觉得不舒服。\\n相反地，产生了相反的效果。"
    },
    {
        "name": "カノコユリ",
        "message": "「呼呼、嗯啊……！ 鸡、鸡巴，变大了啊！？\\n为什么……为什么……！」"
    },
    {
        "message": "虽然我并不喜欢被虐待，但对于鹿子百合天真无邪的谩骂又是另一回事。\\n最重要的是，她自己也在感受着。"
    },
    {
        "name": "カノコユリ",
        "message": "「没有那种事情……嗯、嗯嗯嗯！？」"
    },
    {
        "message": "仿佛在灌输一样，加快了抽插速度。\\n此外，还用舌头伸入脚趾之间做出前后运动。"
    },
    {
        "name": "カノコユリ",
        "message": "「啊、哈呜呜……啊啊、啊啊、滋滋地流着……！\\n淫荡的汁液，流出来了……\\n呼啊啊、啊啊！ 为什么、为什么！」"
    },
    {
        "name": "カノコユリ",
        "message": "「虽然很害羞……不行啊……！\\n不要～、不要～！\\n不能感觉舒服……！ 变得淫荡是不行的哦！」"
    },
    {
        "message": "这也许也是那天晚上给她洗身体的成果吧。"
    },
    {
        "name": "カノコユリ",
        "message": "「呼啊、啊嗯……原来如此……！\\n所以，才会这样……因为团长才会这样……！」"
    },
    {
        "message": "朝着迷的鹿子百合微笑着，\\n试着询问希望她告诉我那个夜的事情。"
    },
    {
        "name": "カノコユリ",
        "message": "「那、那是……」"
    },
    {
        "message": "当然，她的脸上绽放出更浓烈的红晕。\\n即便如此，她还是主动向我述说了她的羞耻。"
    },
    {
        "name": "カノコユリ",
        "message": "「唔、唔唔……全、全部……都被擦洗了啊……团长擦洗了我……！\\n连脚趾也……全身，全部都被擦洗了啊……！」"
    },
    {
        "message": "牢记要时刻让她感到愉悦，小小骑士会回应的。\\n可爱之至无法不呵护。"
    },
    {
        "name": "カノコユリ",
        "message": "「呼呼、嗯啊、啊啊！？\\n鸡、鸡巴，又硬了……！ 变得激烈了！」"
    },
    {
        "message": "不仅仅是被擦洗吧。\\n一边含住脚趾，一边侵犯已经完全湿润的花瓣，我加快着节奏。"
    },
    {
        "name": "カノコユリ",
        "message": "「嗯嗯、嗯嗯嗯……！\\n小、小穴也，被擦洗了啊……！\\n在浴缸中，被啪啪地摩擦着……！\\n就这样，多次，多次地……让我高潮了好多次啊！」"
    },
    {
        "name": "カノコユリ",
        "message": "「哈啊啊、啊啊啊！ 不行啊！ 现在也不行呢！\\n一旦回想起来，就会……哈啊、啊啊！ 团长啊！ 我真的不行了哦！」"
    },
    {
        "message": "过去与现在交织在一起，预兆涌现。\\n接受着这一切，轻快地刺激着浅浅的阴道深处。"
    },
    {
        "name": "カノコユリ",
        "message": "「呜啊啊、啊啊啊啊啊啊啊啊呜呜呜呜！？\\n哈啊、不行、不行不行不行不行呜呜呜！？」"
    },
    {
        "name": "カノコユリ",
        "message": "「这样下去，不行的……啊、忍耐，无法忍耐！\\n呼啊啊、啊啊啊啊！？\\n要高潮了……、要高潮了！？ 就要高潮了哦哦哦哦哦哦哦！？」"
    },
    {
        "name": "カノコユリ",
        "message": "「哈啊啊、啊啊啊啊……！」"
    },
    {
        "message": "天真无邪的身体，在极致中收缩并迸发。\\n当然，脚趾也是如此。\\n同时握住我的舌头，我也达到了射精。"
    },
    {
        "name": "カノコユリ",
        "message": "「呼、啊……哈、啊……脚，湿湿的……\\n小穴也，黏黏的……\\n全部都要吞下去才行，可是溢出来了呜……」"
    },
    {
        "name": "カノコユリ",
        "message": "「身体，软绵绵的……没力气了呜……\\n团长……对不起呜……」"
    },
    {
        "message": "经历了各种考验，疲惫不堪理所当然。\\n因此，作为导致这些考验的原因，我有责任来安抚她。"
    },
    {
        "name": "カノコユリ",
        "message": "「唔唔……摸摸，感觉好舒服呢……\\n这样的事情……嗯、啊……团长大人……实在是抱歉呢……」"
    },
    {
        "name": "カノコユリ",
        "message": "「这次，我……一定……一定……会好好做的哦……」"
    },
    {
        "message": "紧紧拥抱着腼腆的鹿子百合，一边安慰着她，\\n然后将她轻轻放倒入睡。"
    }
]