[
    {
        "name": "ヨルガオ",
        "message": "「哥哥的脸，我好想看呢」"
    },
    {
        "message": "深夜造访房间的月光花，像撒娇一样靠近了过来。"
    },
    {
        "name": "ヨルガオ",
        "message": "「嘿，哥哥……能不能像上次那个晚上一样对我？」"
    },
    {
        "message": "月光花紧紧抱住了我。并不是在诱惑我，而更像是她心里害怕一个人的样子。"
    },
    {
        "name": "ヨルガオ",
        "message": "「嘿，可以吗？今晚，想要和你在一起」"
    },
    {
        "message": "虽然觉得她的状态有点奇怪，我还是抱住了她，试图安慰。"
    },
    {
        "name": "ヨルガオ",
        "message": "「哥哥的温暖……能让我感受很多吗？」"
    },
    {
        "name": "ヨルガオ",
        "message": "「尖端来了……嗯啊，快点……哥哥的肉棒，给我好吗？」"
    },
    {
        "message": "将已经充分勃起的阴茎插入阴道口。一旦顶端被吞没，炽热的感触就在阴茎上扩散开来。"
    },
    {
        "message": "不知不觉地握紧彼手，勃起插入阴道。"
    },
    {
        "name": "ヨルガオ",
        "message": "「嗯、嗯呜，阴道……扩张成哥哥的形状，啊啊！\\n求求你，肉棒全部……都要插进来」"
    },
    {
        "message": "点头，一下子撑开了月光花的阴道粘膜。\\n喜悦着插入的阴道肌肉，像在欢迎一样吸附在阴茎上。"
    },
    {
        "name": "ヨルガオ",
        "message": "「啊啊啊！一下子到底部……！\\n嗯呜呜，到了呢，我的深处……被顶起来了」"
    },
    {
        "name": "ヨルガオ",
        "message": "「哥哥的，好热，都要烫伤了……\\n这就是，我想要的……终于，感受到了」"
    },
    {
        "message": "月光花的阴道内也因为炽热而变得柔软，让阴茎更加激动。\\n勃起不断增加硬度，想要尝试更多刺激而颤抖不已。"
    },
    {
        "name": "ヨルガオ",
        "message": "「好多、嗯嗯！肉棒在颤抖呢，\\n快点动起来……我们一起舒服一下？」"
    },
    {
        "message": "重新握紧交缠的手指，有节奏地扭动着腰部。\\n因黏膜摩擦而产生的刺激让月光花的娇喘声在房间中回荡。"
    },
    {
        "name": "ヨルガオ",
        "message": "「啊啊、里面、嗯啊啊、摩擦得好多呢！\\n啊、啊、啊啊！好舒服……嗯啊！」"
    },
    {
        "name": "ヨルガオ",
        "message": "「要多多顶着……哥哥的肉棒，好喜欢，啊啊♪\\n想要更舒服一点……啊啊嗯！\\n求求你，肉棒……再多一点」"
    },
    {
        "message": "兴奋的话语刺激下，阴茎的进出自然而然地变得更有力。\\n在深入往复的同时，月光花发出甜美的声音。"
    },
    {
        "name": "ヨルガオ",
        "message": "「嗯呜呜，嘿，嘿……嗯啊！　亲吻……也、给我一个吧？」"
    },
    {
        "name": "ヨルガオ",
        "message": "「快一点……和哥哥亲吻……\\n不给我亲吻的话，在我的阴道里，会被折磨得很厉害……嗯呜呜♪」"
    },
    {
        "message": "像孩子一样撒娇地要求亲吻的月光花。\\n虽然感到些许不适，但还是按照她的愿望贴上了唇。"
    },
    {
        "name": "ヨルガオ",
        "message": "「啊啊啊、啵啾、啪啾噗啾、啪噗、\\n嗯、喜欢……啵噗♪」"
    },
    {
        "name": "ヨルガオ",
        "message": "「和哥哥也喜欢……啪噗、感到安心……\\n啾、啪噗、嗯嗯♪　再多一点……可以吗？」"
    },
    {
        "message": "缠绕舌头传达彼此的爱意。\\n月光花积极地吮吸我的舌头，\\n用牙齿轻轻地夹住并轻咬。"
    },
    {
        "message": "即使没有说话，\\n感受到月光花吞下唾液的激动，\\n不断抽送，继续亲吻。"
    },
    {
        "name": "ヨルガオ",
        "message": "「啊嗯……啵啾啦、啵啾、啪噗♪\\n喜欢你……啪噗、啵噗、喜欢……\\n啪噗、不要离开我……」"
    },
    {
        "message": "因为突然说出的话而停下来。\\n询问发生了什么，\\n月光花把视线移开了。"
    },
    {
        "name": "ヨルガオ",
        "message": "「那个，只是有点不安而已」"
    },
    {
        "message": "握住那张心急的手。\\n轻轻握住那只手，等待月光花的回答。"
    },
    {
        "name": "ヨルガオ",
        "message": "「我、做了一个可怕的梦……我还在孤儿院，一个人在那里的梦」"
    },
    {
        "name": "ヨルガオ",
        "message": "「如果我一个人的话……我就不会成为花骑士了……\\n然后，也不会遇到哥哥了吧……\\n这样想着，就感到不安……就睡不着了」"
    },
    {
        "message": "脸颊泛起红晕，月光花坦白道。\\n一直以来心中的不安找到了原因。"
    },
    {
        "name": "ヨルガオ",
        "message": "「所以才说不要离开我……\\n想要一直在一起，想要通过身体接触得到强烈的安心感……就是这样」"
    },
    {
        "message": "听到这样可爱的理由，内心被紧紧地勒紧。\\n听着羞涩地说出的话语，感到十分可爱，\\n内心产生了无法抑制的亲吻欲望。"
    },
    {
        "name": "ヨルガオ",
        "message": "「我也觉得自己有点孩子气……嗯呜、啾、\\n啪唧、啪噗、突然、亲吻我……啾、是要安慰我吗？」"
    },
    {
        "message": "虽然不明白，但就是想这样。\\n就这样，专注于抽插运动。"
    },
    {
        "message": "并不是为了增加自己的快感。\\n为了让月光花感到安心，\\n强烈地感受到我的存在，开始扭动腰部。"
    },
    {
        "name": "ヨルガオ",
        "message": "「啊呜、啊啊、啊、嗯啊、肉棒，感觉很温柔\\n嗯嗯、哥哥，嗯、啊啊、好厉害……好舒服……！」"
    },
    {
        "name": "ヨルガオ",
        "message": "「嗯呜，腰部很猛烈……啪唧、\\n身体变得温暖，感到安心……嗯啊\\n好舒服……啾、啊啊、啊、啊♪」"
    },
    {
        "name": "ヨルガオ",
        "message": "「再多一点，再给我更多肉棒……？\\n小穴，让我感受更多……啾、啾啾、\\n吮吸着，想要哥哥更多地宠爱我」"
    },
    {
        "message": "前后运动之际，从月光花的阴道中涌出大量的爱液。\\n润湿连接部位，使摩擦更加顺畅。"
    },
    {
        "name": "ヨルガオ",
        "message": "「汁液好多呢♪ 被肉棒温柔对待着，正在流泪呢♪\\n啊、啊啊啊♪ 让我安心地很多很多……\\n小穴，让我尽情地开心地流泪♪」"
    },
    {
        "name": "ヨルガオ",
        "message": "「嗯、啾、嗯吧唧唧唧、肉棒，想要更深一点♪\\n哈哈呀♪ 小穴想要更深一点，想要更顺畅♪」"
    },
    {
        "message": "深深地握住她的手，向月光花传达着我的存在。\\n为了填满不安的心，\\n我一心只想着用阴茎来刺激她。"
    },
    {
        "name": "ヨルガオ",
        "message": "「嗯呜，被这样爱着的话，我就忍不住了，\\n哥哥和肉棒，我都爱上了呢……！」"
    },
    {
        "message": "没关系，我也同样喜欢月光花。\\n所以，希望你能更加喜欢我。"
    },
    {
        "name": "ヨルガオ",
        "message": "「啊、嗯啊啊♪\\n好厉害……！ 被哥哥说喜欢……啊啊♪\\n小穴，感到愉悦……啊啊♪」"
    },
    {
        "name": "ヨルガオ",
        "message": "「啊啊、嗯呜呜！ 我……已经快要到极限了\\n马上就要……要高潮了……！」"
    },
    {
        "message": "与冷静成熟的态度截然不同的淫荡身姿。\\n看到这一幕，我的冲动更加高涨。\\n为了让月光花的快感达到极致，\\n我拼命地扭动着紧绷的阴茎。"
    },
    {
        "name": "ヨルガオ",
        "message": "「嗯啊、被顶得好深……啊、啊啊、嗯呀呀！\\n好舒服，控制不住了、啊啊、啊呀呀♪」"
    },
    {
        "name": "ヨルガオ",
        "message": "「小穴，让我高潮吧！\\n用哥哥的肉棒……顶得更深更深地抽插着、\\n让我高潮吧……！」"
    },
    {
        "message": "为了配合月光花即将到来的高潮，\\n我用炽热的阴茎一直撞击到最后一刻。"
    },
    {
        "name": "ヨルガオ",
        "message": "「嗯呜、啊哈啊、肉棒快要射了！\\n你看，龟头涨得这么大，感觉得到吧……啊啊！\\n哥哥的浓浓的爱液，我想要你射进我的身体里……啊啊！」"
    },
    {
        "name": "ヨルガオ",
        "message": "「一起射吧，和我一起……啊、啊啊！\\n用小穴给我使劲抽揉……让你射好多好多……！」"
    },
    {
        "name": "ヨルガオ",
        "message": "「啊呜呜呜、啊啊、要高潮了、要高潮了……！\\n哈啊、啊啊啊、要高潮了！！」"
    },
    {
        "name": "ヨルガオ",
        "message": "「啊啊、哥哥的……好多都出来了……\\n嗯呜呜呜、小穴深处都满满的……嗯呜♪」"
    },
    {
        "name": "ヨルガオ",
        "message": "「好热，好美妙……啊啊！\\n从肚子里扩散到我的身体里……太幸福了♪」"
    },
    {
        "message": "一边颤抖着阴茎射出精液，一边不停地喷射着。\\n无法完全收敛的浑浊液体从连接处滴落。"
    },
    {
        "message": "看着像果冻一样凝固的精液，月光花陶醉地张开嘴巴。"
    },
    {
        "name": "ヨルガオ",
        "message": "「嗯呜呜，太厉害了……这么浓稠，都是为我射出来的吧……\\n哥哥的，都填满了我的身体……」"
    },
    {
        "name": "ヨルガオ",
        "message": "「有了这个今晚应该可以安心入睡了……谢谢你，哥哥」"
    },
    {
        "message": "月光花接受了所有的精液，稍作休息。\\n她已经恢复了平时冷静的态度。"
    },
    {
        "message": "我表达了对可爱的月光花的真实想法，她真的很有魅力。"
    },
    {
        "name": "ヨルガオ",
        "message": "「是吗……那么以后也可以偶尔撒娇给我看吗？」"
    },
    {
        "message": "月光花握紧我的手，微笑着展现出冷静。"
    }
]