[
    {
        "name": "ルコウソウ",
        "message": "「啊……对不起，团长大人……把您吵醒了吧」"
    },
    {
        "message": "早上，感到身体不适而醒来。\\n从某处传来茑萝的声音，我迷迷糊糊地坐起身来。"
    },
    {
        "name": "ルコウソウ",
        "message": "「其实，在叫醒您之前……我还在想着要想办法……果然，不习惯的事情还是算了吧……嗯，嗯唔」"
    },
    {
        "name": "ルコウソウ",
        "message": "「但是，半途而废是不行的……就这样继续下去吧……？\\n团长大人请你保持安静……」"
    },
    {
        "message": "朝下腹部看去，不知何时已经褪下了裤子。\\n而茑萝正握着坚挺的阴茎，有节奏地抚摩着。"
    },
    {
        "message": "难道我还在做梦吗。\\n情况让我无法理解。\\n为什么会变成这样，我向茑萝询问解释。"
    },
    {
        "name": "ルコウソウ",
        "message": "「这个是……嗯……那个……来叫醒团长大人时，发现阴茎已经变得坚挺了……\\n看起来很难受……所以我觉得必须要做点什么才行……」"
    },
    {
        "message": "逐渐理解了情况并且意识也变得清晰起来。\\n原本感觉迟钝的刺激变得清晰起来，阴茎更加肿胀了。"
    },
    {
        "name": "ルコウソウ",
        "message": "「哇哇……比刚才还要大了呢……\\n光用手已经无法控制了呢……」"
    },
    {
        "name": "ルコウソウ",
        "message": "「这样直到最后，我会负责好好照顾团长的肉棒的……」"
    },
    {
        "name": "ルコウソウ",
        "message": "「好厉害……好硬……好热呢……\\n团长，请你保持安静哦？我会……让你感受舒服的……」"
    },
    {
        "name": "ルコウソウ",
        "message": "「啊啊……硬硬的，噗地一下就进来了……啊啊，啊呜\\n果然……好大啊……把肚子都撑得开了……」"
    },
    {
        "message": "确认着阴茎的热度和硬度，茑萝慢慢地坐了下去。\\n看着那勃起被吞没的样子，她自己也开始加快了兴奋。"
    },
    {
        "name": "ルコウソウ",
        "message": "「团长的，一直到根部……全部都在里面……啊啊，啊，嗯嗯！」"
    },
    {
        "message": "龟头碰到最深处，茑萝的身体颤抖了起来。\\n通过阴道肌肉的收缩，她的愉悦之情也传达给了我。"
    },
    {
        "name": "ルコウソウ",
        "message": "「嗯……顶到最深处了……感觉被顶上去了，好厉害……\\n知道你在颤抖着……\\n啊，团长……你也在享受着吧……？\\n那我就……嗯，嗯嗯」"
    },
    {
        "name": "ルコウソウ",
        "message": "「这么大动起来也很辛苦呢……\\n为了不迟到上午的工作……我要加油呢……」"
    },
    {
        "message": "茑萝这样说着，摇动起了腰。\\n她似乎不太习惯自己主动运动，不断重复着敏感粘膜的摩擦。"
    },
    {
        "name": "ルコウソウ",
        "message": "「嗯……啊……我的里面……啊……嗯嗯……\\n感觉舒服吗？」"
    },
    {
        "name": "ルコウソウ",
        "message": "「这样……摇动着屁股……啊，啊呜\\n摩擦着团长硬硬膨胀的……好多次……\\n我会努力的……啊，啊呜，呜啊」"
    },
    {
        "message": "茑萝让阴道肌肉缠绕在阴茎上，有些笨拙地摆动着腰。\\n虽然受到了明显的刺激，但我还是告诉她不要勉强自己。"
    },
    {
        "name": "ルコウソウ",
        "message": "「嘿嘿……谢谢你……啊……啊……\\n但是……我一点都不介意的哦……」"
    },
    {
        "name": "ルコウソウ",
        "message": "「而且……第一次和团长发生关系的时候……\\n你答应要特别照顾我的……记得吧」"
    },
    {
        "message": "茑萝明确地表示要优先遵守上次的约定。\\n在她全身都充满了这份坚定的心情下，甜蜜的快感扩散开来。"
    },
    {
        "name": "ルコウソウ",
        "message": "「哈……嗯嗯……对了……\\n上次团长看起来很舒服的时候……\\n我会更加摩擦地动一动哦……？」"
    },
    {
        "name": "ルコウソウ",
        "message": "「那样的话……更加更加……在我的里面里面……\\n肉棒，应该会更满足吧……吧」"
    },
    {
        "message": "茑萝轻轻地提起臀部，让龟头凹陷处更多地摩擦。\\n逐渐使动作变得更加流畅，不断刺激着阴茎。"
    },
    {
        "name": "ルコウソウ",
        "message": "「啊……哈啊……嗯呀……嗯啊……\\n肉棒的顶端……在入口处摩擦着好多次……\\n嗯，嗯嗯，啊呜……小腹，紧紧地收缩着……\\n团长的表情，都让我迷醉了」"
    },
    {
        "name": "ルコウソウ",
        "message": "「用小穴……让团长的硬物，充满了好多……让我感受到了……嗯嗯\\n热热的精液……要让它喷喷地射出来哦……！」"
    },
    {
        "message": "茑萝积极而淫荡地扭动着腰部，提高着我的快感。\\n从下面仰视她淫靡的姿态，我的兴奋感也变得更加强烈。"
    },
    {
        "name": "ルコウソウ",
        "message": "「这样的动作……怎么样呢……？ 哦，哦啊……嗯呜……\\n对肉棒的照顾……做得还好吗？」"
    },
    {
        "message": "在吸附般的阴道肌肉中，不断激烈地摩擦着龟头。\\n在被传达出来的快感所左右的同时，明确地传达出肯定的话语。"
    },
    {
        "name": "ルコウソウ",
        "message": "「太好了呢……团长，感觉很舒服吧……？\\n我，光是这样小穴就……非常愉悦了呢……啊啊呀！」"
    },
    {
        "name": "ルコウソウ",
        "message": "「好厉害呢……肚子里面，一阵阵刺刺地……啊啊，啊啊，嗯啊啊！\\n淫荡的心情……变得更加强烈了呢……！」"
    },
    {
        "name": "ルコウソウ",
        "message": "「哈啊，嗯呜！ 团长……\\n我，忍不住了……啊啊啊，嗯啊啊！\\n就这样等到肉棒射出来为止吧……\\n我会更加激烈地进行哦……！」"
    },
    {
        "message": "茑萝加剧了我的兴奋感，并且她的腰部动作变得充满激情。\\n她的屁股撞击在我的腰部发出干巴巴的声音，在房间中回荡着。"
    },
    {
        "name": "ルコウソウ",
        "message": "「嗯啊啊，啊啊，啊啊啊啊……！\\n团长的鸡巴好硬……我要用小穴把它搞得乱七八糟……唔，啊哈啊！」"
    },
    {
        "message": "茑萝将骚穴紧贴着阴茎，扭动着腰部前后左右。\\n完全吞没在里面的阴茎被搅动，强烈的快感袭来。"
    },
    {
        "name": "ルコウソウ",
        "message": "「忍不住的话……随时都可以……在里面射出来……\\n我想喝团长的精液……请射进来给我喝掉……！」"
    },
    {
        "name": "ルコウソウ",
        "message": "「黏黏的小穴……用力地搓搓……嗯嗯\\n动作要淫荡一点……啊啊，啊，唔哈啊！\\n早上第一泡浓稠的精液，请从鸡巴里面注满进来吧……！」"
    },
    {
        "message": "用淫秽的话语期待射精的茑萝。\\n她猛烈地质问着我，阴茎更加强烈地跳动着。"
    },
    {
        "name": "ルコウソウ",
        "message": "「唔啊啊……！ 蹦跳着在里面……！\\n看来是要射出来了吧？\\n热热的会大量喷出来吧？」"
    },
    {
        "name": "ルコウソウ",
        "message": "「这样的话就……嗯，嗯嗯！\\n我会一口气，帮你挤出来哦……！ 嗯，唔啊，啊，唔唔，嗯唔啊啊！」"
    },
    {
        "name": "ルコウソウ",
        "message": "「就这样，请随意享受吧……\\n唔啊，嗯嗯，嗯嗯啊！\\n我会全部接收在小穴里面的……\\n呼啊，啊啊，呼呀呀……唔啊啊啊啊！！」"
    },
    {
        "name": "ルコウソウ",
        "message": "「啊啊啊……！\\n团长的浓稠精液……滴答滴答地流出来了～！」"
    },
    {
        "message": "茑萝接受着喷涌而出的精液，\\n身体不断地抽搐着。"
    },
    {
        "message": "在感受着阴道射精的快感的同时，\\n她颤抖着喉咙，一滴不剩地接纳着热量的凝聚。"
    },
    {
        "name": "ルコウソウ",
        "message": "「团长的热量……让我满腹满足……\\n身体……一直都像在飘飘欲仙一样，感觉好舒服呢～」"
    },
    {
        "message": "感受着被灌注进阴道里的精液，茑萝陶醉其中。\\n她用视线仿佛在窥视我们的反应，然后慢慢地张开了嘴。"
    },
    {
        "name": "ルコウソウ",
        "message": "「啊……啊……嗯……团长……\\n你对我的小穴……感到满足了吗？」"
    },
    {
        "message": "对她的问题，我回以感激和肯定的话语。\\n虽然消耗了一些体力，但迎来了美好的早晨。"
    },
    {
        "name": "ルコウソウ",
        "message": "「嘿嘿……看来我能好好地照顾你真是让我安心♪\\n这样的话，我想再休息一会儿……\\n今天也想要努力地照顾你♪」"
    },
    {
        "message": "茑萝用明朗而充满活力的声音说道。\\n看着她依然有充沛体力，我对她心怀敬佩，\\n于是我们一起休息了一会儿。"
    }
]