[
    {
        "name": "ウバユリ",
        "message": "「团长大人……我……」"
    },
    {
        "message": "低声嘀咕着，却无法接下去。\\n仿佛下定了决心，却每每结结巴巴，视线也游离不定。"
    },
    {
        "message": "这并不是那个一贯温和的姥百合。\\n自从她前来房间告诉我有事要说起，她就一直保持着这种状态。\\n我告诉她不用着急，守在一旁直到她能开口。"
    },
    {
        "name": "ウバユリ",
        "message": "「我……想我可能已经喜欢上您了」"
    },
    {
        "message": "终于说出了有意义的话。\\n经过努力之后说出的这番话令人感到温馨。\\n不禁摸了摸她的头，想知道她喜欢上了什么。"
    },
    {
        "name": "ウバユリ",
        "message": "「那个……团长大人的事情，是的\\n这种感觉是第一次……\\n但是，除此之外，我也想不到其他的……」"
    },
    {
        "name": "ウバユリ",
        "message": "「不知不觉间，脑海中全是您大人的身影……\\n无论是在弄土还是做饭的时候，\\n您大人的脸孔都会浮现在我的脑海中……」"
    },
    {
        "name": "ウバユリ",
        "message": "「所以……我想我是喜欢上了您\\n我对团长大人……\\n希望没有给您添麻烦才好……」"
    },
    {
        "message": "轻轻地拥抱着变得像个孩子般缩小的姥百合。\\n怎么可能会觉得麻烦呢。\\n比起任何事都更让人高兴，在她变得通红的耳畔，\\n我轻声问道：接下来还有时间吗？"
    },
    {
        "name": "ウバユリ",
        "message": "「是、是的……我就是有这个打算来的\\n就算是我，也能明白……接下来会发生什么程度的事情」"
    },
    {
        "message": "姥百合所理解的，真的只有那样的程度。"
    },
    {
        "name": "ウバユリ",
        "message": "「啊、啊啊……哈……啊呜呜……」"
    },
    {
        "message": "面对扩散的异物感，她流露出惊愕和不安。"
    },
    {
        "message": "背叛了优越身体的纯真反应。\\n无法深入其中。\\n关心和微笑的量相等地使腰部停滞了下来。"
    },
    {
        "name": "ウバユリ",
        "message": "「呼……哈……哈……团长、大人」"
    },
    {
        "message": "呼唤声显得天真无邪。\\n给予孤儿救赎的修女，却在这里寻求着救赎。"
    },
    {
        "name": "ウバユリ",
        "message": "「真的……要、要放进去吗？\\n这么、大的东西，放进我体内……\\n就算稍微放进去一点点，也这么、痛苦……」"
    },
    {
        "message": "第一次就是那样子。\\n习惯了之后痛苦会消失成为快感。\\n人类的身体就是这样构造的。"
    },
    {
        "message": "等等口中说出四面八方的信息时，\\n突然涌现出一个疑问。"
    },
    {
        "message": "姥百合到底对性行为了解多少呢。\\n明白在夜晚向男性告白之后会有什么等待，\\n但她到底具体了解多少呢。"
    },
    {
        "name": "ウバユリ",
        "message": "「我知道，这是非常神圣的行为……\\n随意进行是破坏美德的事情……」"
    },
    {
        "message": "对信仰者来说是相当概念化的回答。\\n这就是全部，实际的部分她可能并不了解。"
    },
    {
        "message": "事前没有预料到让人有些后悔。\\n为什么当时没有说些什么呢。"
    },
    {
        "name": "ウバユリ",
        "message": "「因为我相信您……」"
    },
    {
        "message": "游离的双眼，坚定地望着这里。"
    },
    {
        "name": "ウバユリ",
        "message": "「但是，进来后非常痛苦……」"
    },
    {
        "name": "ウバユリ",
        "message": "「唔……对不起\\n您如此接纳我，却发生了这样的事情……\\n虽然已经到了这个年纪还是初恋，没有经验，真丢脸……」"
    },
    {
        "message": "眼中泛起苦闷之外的润泽。\\n展现出新的一面，更多的欲望涌上心头。\\n不需要道歉，我会把一切都交给你的微笑。"
    },
    {
        "name": "ウバユリ",
        "message": "「……是的，我相信团长大人」"
    },
    {
        "message": "阴影淡去，一片宁静涌上心头。"
    },
    {
        "message": "但是那份宁静很快被另一种情绪所取代。"
    },
    {
        "name": "ウバユリ",
        "message": "「诶……？」"
    },
    {
        "name": "ウバユリ",
        "message": "「团长大人……！？\\n为、为什么……胸部……！ 你在摸我的胸部！？」"
    },
    {
        "message": "看到她慌张地表现出自己真的一无所知，\\n我停不下来地微笑着。\\n为了更深入地连接，我说这是最好的方式，然后将手掌放在丰满的乳房上。"
    },
    {
        "name": "ウバユリ",
        "message": "「这样吗……？\\n乳房是为了喂宝宝奶水而存在的吗……」"
    },
    {
        "message": "纯洁真实实在是可怕。\\n不经意间说出让对方兴奋起来的话语。"
    },
    {
        "name": "ウバユリ",
        "message": "「啊……团长大人，在抖动……\\n这个……没问题，吗？\\n我在某些方面，有所不足吗……」"
    },
    {
        "message": "完全相反。\\n是因为姥百合的乳房让人感到舒适。"
    },
    {
        "message": "如果描述了被前言引导的情景，会导致信息过多而混乱。\\n暂时决定只传授最基本的知识。"
    },
    {
        "name": "ウバユリ",
        "message": "「啊，好高兴……\\n能让心爱的人感到开心，我也很幸福……」"
    },
    {
        "name": "ウバユリ",
        "message": "「呼啊……哈啊……更加幸福一点……\\n揉揉胸部……让肚子里的大家伙，抖动起来吧」"
    },
    {
        "message": "皮肤发烫，声音变得妩媚起来。\\n我的兴奋缓解了姥百合的紧张，\\n成熟的身体开始准备接受快感。"
    },
    {
        "message": "差不多该迈向下一个阶段了。\\n试着教授此刻最适合的用语。"
    },
    {
        "name": "ウバユリ",
        "message": "「肉棒和小穴，是吗……？\\n您的大家伙是肉棒，我的阴道是小穴……」"
    },
    {
        "name": "ウバユリ",
        "message": "「感觉有点下流呢……\\n虽然是第一次听到这样的词语，但感觉很害羞\\n但是，如果您说的话……我会努力尝试叫出来的」"
    },
    {
        "message": "背后一阵发凉。"
    },
    {
        "message": "果然纯洁之物是可怕的。\\n白色画布染上了我的颜色。\\n想要把它染遍每一个角落。"
    },
    {
        "name": "ウバユリ",
        "message": "「嗯啊……肉棒，动起来了……！\\n和刚才不一样……嗯嗯啊……啊呜……啪嗯！」"
    },
    {
        "message": "开始抽插并不感到痛苦。\\n多亏爱抚和交谈，不必要的紧张感消失了。"
    },
    {
        "name": "ウバユリ",
        "message": "「刚才那么痛苦……！\\n现在，却是这样……哈啊……嗯，既没有疼痛也没有苦闷了……！」"
    },
    {
        "name": "ウバユリ",
        "message": "「有点，舒服，呢……！\\n这样的感觉，第一次这么舒服……啊……哈啊……啊啊！」"
    },
    {
        "message": "触碰龟头的处女膜激起了欲望。\\n没有一口气全部撕裂它，停在半途也是明智的选择。"
    },
    {
        "message": "从小接受贵族教育的修女，\\n在仍是处女的情况下发出了粘膜摩擦和爱抚的娇声。\\n充满着邪恶而可爱，用臀部挑逗着挤出满溢的爱液。"
    },
    {
        "name": "ウバユリ",
        "message": "「啊呜、嗯嗯……！ 团长大人……！？\\n汁液，流出来了，不要啊！好羞耻呢……！」"
    },
    {
        "message": "并不是尿失禁所以不用感到羞耻。"
    },
    {
        "name": "ウバユリ",
        "message": "「我知道的……！知道但是……！」"
    },
    {
        "message": "对意外的反应感到好奇。\\n因为连具体的性行为都不了解，所以对爱液的存在也一无所知。"
    },
    {
        "name": "ウバユリ",
        "message": "「因、因为，不是第一次……！\\n一想到团长大人……！\\n内裤自己湿了好几次……！」"
    },
    {
        "name": "ウバユリ",
        "message": "「所以，并不是尿失禁……！\\n羞耻的汁液……我知道的！」"
    },
    {
        "message": "再次被引导到情景中。\\n那样子占据了我的脑海，抽插加速了起来。"
    },
    {
        "name": "ウバユリ",
        "message": "「啊、啊啊！ 鸡巴，好厉害……！ 嗯啊、啊啊！\\n阴道，入口处、只有那里……！\\n好兴奋！果然是胸部吗！？」"
    },
    {
        "message": "虽然不是那样也没关系。\\n反而因为你这么说更想宠爱你了。"
    },
    {
        "name": "ウバユリ",
        "message": "「哈、嗯啊！ 胸部，好强烈！ 嗯啊、啊啊！\\n虽然很强烈但很舒服，扩张着……！\\n呼、哈啊！ 哈呜、啊啊啊！」"
    },
    {
        "name": "ウバユリ",
        "message": "「嗯！ 怎么了、嗯啊！ 啊啊！ 快要来了……！\\n阴道深处……！ 呼、啊啊啊啊！ 唔！\\n快要来了……！ 团长大人！」"
    },
    {
        "message": "那就是所谓的高潮，达到了射出的状态。\\n教导姥百合微微抽搐，\\n我也进入了为了高潮而运动的状态。"
    },
    {
        "name": "ウバユリ",
        "message": "「呼、哈呜！ 啊啊啊啊啊！ 啊啊、啊啊啊啊！\\n要来了！ 我，要来了！ 尽管很羞耻的声音，但是！\\n呼、啊啊啊啊！ 太舒服了要高潮了！！」"
    },
    {
        "name": "ウバユリ",
        "message": "「胸部和阴道，好舒服！ 舒服舒服舒服！\\n团长大人，团长大人，团长大人啊！ 团长、大人啊啊啊啊……！」"
    },
    {
        "name": "ウバユリ",
        "message": "「呼呜呜呜呜呜！ 热的，深处！\\n鸡巴，深入了奥里面！ 入口处一直……！」"
    },
    {
        "name": "ウバユリ",
        "message": "「深入到底……！ 热热的涌进来了唔唔唔唔唔唔唔唔唔唔唔唔唔唔！！」"
    },
    {
        "message": "刺破处女膜，被厚实的阴道肉包裹着达到高潮。\\n扩张的快感强烈而舒适。\\n紧握丰满乳房，同时压迫着阴道深处注入。"
    },
    {
        "name": "ウバユリ",
        "message": "「呼……哈……哈……\\n团、团长大人……看起来很舒服呢……」"
    },
    {
        "message": "看起来不错。\\n肯定是很舒服的，我断言着，轻柔地抚摸着上下摇摆的乳房。"
    },
    {
        "name": "ウバユリ",
        "message": "「嗯……很高兴\\n能让您……感到舒服……」"
    },
    {
        "name": "ウバユリ",
        "message": "「稍微，有些自信了……\\n虽然是初恋，没有经验……\\n但可以让心爱的男士感到舒服呢……嘻嘻」"
    },
    {
        "message": "对于丰满的笑容显得格外可爱。\\n一边继续抚摸，另一只手轻抚着姥百合的头。"
    }
]