[
    {
        "name": "ヤマユリ",
        "message": "「快点，开始吧」"
    },
    {
        "message": "刚一进屋，就仿佛在说你明白该做什么的天香百合。\\n并没有什么特别的氛围。"
    },
    {
        "name": "ヤマユリ",
        "message": "「怎么了？ 磨磨蹭蹭的在干什么」"
    },
    {
        "message": "眼前是一尊金刚立像。\\n从旁观者的角度看，仿佛是在施加压力，\\n但表情和口气并不刻薄。"
    },
    {
        "message": "我也调整了呼吸，做好了心理准备。"
    },
    {
        "name": "ヤマユリ",
        "message": "「性交本来应该在卧室进行吧？\\n那么，在这里抱着我吧……不要像上次在浴室那样」"
    },
    {
        "name": "ヤマユリ",
        "message": "「而且我只会把身体让给一个人一辈子\\n团长，请给予相应的对待」"
    },
    {
        "message": "听到那番话，天香百合显得情绪高涨。"
    },
    {
        "name": "ヤマユリ",
        "message": "「既然是之前的约定，我会让你感到舒服的」"
    },
    {
        "name": "ヤマユリ",
        "message": "「穿这样的打扮……」"
    },
    {
        "message": "为了让有些不满的天香百合闭上嘴，阴茎刺入肉洞。"
    },
    {
        "name": "ヤマユリ",
        "message": "「嗯咕！啊、啊啊啊……！进来了、啊啊啊……！」"
    },
    {
        "message": "因为姿势的关系，清晰地看到阴茎被阴道口吞没的情景。\\n挺立的阴茎被小小的洞吞噬。"
    },
    {
        "name": "ヤマユリ",
        "message": "「这样……嗯、原来也有性交……\\n上次是我在上面，这次是团长……」"
    },
    {
        "name": "ヤマユリ",
        "message": "「哈……哈……全都进去了吗……\\n热烘烘的，硬邦邦的好像、已经到了肚子里」"
    },
    {
        "message": "因为这种姿势，压迫着阴茎的感觉比上次更强烈。\\n阴道内的肉在跳动着，紧紧地包裹着阴茎。"
    },
    {
        "name": "ヤマユリ",
        "message": "「哈啊、哈啊……还是一如既往地大呢……嗯、虽然疼痛有所缓解……\\n嗯、我的身体好像被撑开了一样……感觉奇怪……」"
    },
    {
        "name": "ヤマユリ",
        "message": "「啊不是，我并不是说讨厌和团长做爱！\\n至少你要明白这一点，嗯啊！」"
    },
    {
        "name": "ヤマユリ",
        "message": "「笨蛋……突然、动起来……嗯、啊……嗯……啊」"
    },
    {
        "message": "为了看到天香百合混乱的样子，我不说话地动着腰。\\n阴道适度湿润，发出淫荡的声音。"
    },
    {
        "message": "往前挺腰，天香百合的下腹隆起，阴茎的形状显现出来。\\n那种感觉有些淫靡，激起了我的心。"
    },
    {
        "name": "ヤマユリ",
        "message": "「啊……嗯咕、啊……嗯、这样的姿势……嗯啊、\\n我、什么都做不了吗……嗯、嗯啊、啊」"
    },
    {
        "name": "ヤマユリ",
        "message": "「我……嗯咕、啊……呜、\\n感觉舒服，对你说过了……嗯、应该是这样的，啊……咕、嗯……」"
    },
    {
        "message": "或许是因为之前的流程有些不满，稍显紧张的天香百合。\\n为了放松她的身体，\\n温柔地抚摸着夹住阴茎的丰满臀部。"
    },
    {
        "name": "ヤマユリ",
        "message": "「嗯哈、啊……又是屁股……嗯、有点麻麻的感觉……啊、\\n啊……在里面发抖了……啊、嗯」"
    },
    {
        "name": "ヤマユリ",
        "message": "「哈啊、啊呜、嗯咕、呜呜……只是被抚摸着，呜呜、\\n我的屁股，想起了你对我做过的事情……\\n啊、呜呜呜……！」"
    },
    {
        "message": "舔舐整个屁股，偶尔用力握住。\\n手指深深陷入肉体中，激发了情感。"
    },
    {
        "message": "继续爱抚，渐渐地就会上瘾。\\n用力揉搓，天香百合的呼吸变得更加粗重，阴道也变得更加紧窄。"
    },
    {
        "name": "ヤマユリ",
        "message": "「哈啊、哈啊……嗯、这样，我……期盼的……嗯、并不是……\\n啊、嗯咕……！」"
    },
    {
        "name": "ヤマユリ",
        "message": "「嗯哈！团长……嗯、这样……只顾着抚摸我的屁股……啊、哈啊……」"
    },
    {
        "message": "口头上表达不满，但并没有掩饰快感。\\n与平时强硬的口气大相径庭，柔弱甜美的声音刺激着阴茎。"
    },
    {
        "name": "ヤマユリ",
        "message": "「哈啊、哈啊咕！嗯、咕……好、咕、激烈地……咕咕……\\n我的身体，要……要碎裂了……啊呜啊」"
    },
    {
        "name": "ヤマユリ",
        "message": "「咕、咕、咕、咕、咕，屁股也……啊、哈、啊、咕……\\n摆弄得太过分了……啊啊」"
    },
    {
        "message": "看着渐渐失控的天香百合让我无法抑制兴奋。\\n勃起到几乎要爆裂的阴茎在渐渐变窄、变紧的阴道中进进出出。"
    },
    {
        "name": "ヤマユリ",
        "message": "「哈……哈，啊，呵哈……团长……我是，嗯……\\n团长的，玩具，呢……啊，嗯嗯……！」"
    },
    {
        "name": "ヤマユリ",
        "message": "「这个，呢……啊呜，啊呜……玩具，呢……啊啊！\\n咕，哈啊，啊呜，呼……呜」"
    },
    {
        "message": "眼前的连接处渗出泡状的爱液，昭示着它的剧烈程度。\\n天香百合似乎也看到了，自己似乎也被说服了。"
    },
    {
        "name": "ヤマユリ",
        "message": "「嗯咕……哈、啊啊、咕……呼、但是……\\n爱上变态的……我也，咕、有责任吗……咕啊、啊、啊嗯」"
    },
    {
        "name": "ヤマユリ",
        "message": "「啊呜、咕……可、可是，就因为这样，就可以激烈地……咕、\\n咕咕啊、啊嗯、啊、咕咕、咕呜、啊哈、咕啊」"
    },
    {
        "message": "变得激烈是因为想看到天香百合失控的样子而低语。\\n于是，阴道再次紧紧收缩，刺激着阴茎。"
    },
    {
        "message": "渴望更多快感，再次用力前后抽送腰部。\\n这样反复，彼此的情感在互相升腾。"
    },
    {
        "name": "ヤマユリ",
        "message": "「哈呜！嗯呜、咕、团长……咕、感觉，舒服吗……？\\n咕啊、啊、我也，咕……身体变得，热烘烘的……咕」"
    },
    {
        "name": "ヤマユリ",
        "message": "「明白了吧……呜、咕、已经，呜、全身都在颤抖着，\\n来了，啊呜、哈哈呜、啊、呜！」"
    },
    {
        "message": "朝着高潮彼此的身体都变得紧绷起来。\\n已经肿胀到快要射精的阴茎在袭击着天香百合的阴道深处。"
    },
    {
        "name": "ヤマユリ",
        "message": "「哈啊、嗯咕！呜……咕、感觉，舒服……咕、咕啊、\\n我，感觉很舒服……呜啊、啊、啊嗯、咕呜」"
    },
    {
        "message": "快感的作用下，子宫口下移，龟头不断撞击、挤压。\\n被湿滑的肉壁包围，阴道深处传来柔软的刺激。"
    },
    {
        "name": "ヤマユリ",
        "message": "「啊、嗯、啊、好热……啊啊、不行、不要、嗯、\\n要来了……嗯、从身体的深处……嗯嗯嗯！」"
    },
    {
        "message": "射精的冲动一下子膨胀起来，撑开了天香百合的阴道。\\n不断涌来的温暖肉壁刺激，忍耐已经到了极限。"
    },
    {
        "name": "ヤマユリ",
        "message": "「团长也……嗯、尽情地……嗯嗯、啊啊、射进来吧、\\n嗯、哈啊啊、啊、啊、啊、啊嗯！」"
    },
    {
        "name": "ヤマユリ",
        "message": "「嗯哈啊！！ 嗯、咕呜呜呜！！」"
    },
    {
        "message": "天香百合的身体猛然抽搐起来。\\n同时，浓稠热烈的白色液体喷射进了紧紧包裹住阴茎不放的阴道内。"
    },
    {
        "name": "ヤマユリ",
        "message": "「呼、呼，团长的……热烈液体……流进了我体内……\\n因为这种姿势……更加……」"
    },
    {
        "message": "她自言自语地抱怨着当前姿势，似乎想起对这个姿势的不满。"
    },
    {
        "name": "ヤマユリ",
        "message": "「首先……我并不想要这样的性爱\\n我说过要让你感到舒服，是不是约定过……」"
    },
    {
        "name": "ヤマユリ",
        "message": "「这个……都是团长的一意孤行，搞成这样……\\n而且，我只是被你弄得舒服……嗯……」"
    },
    {
        "message": "就在这时，精液侵入了天香百合的体内。\\n黏稠的液体从连接处溢出，流向她的下腹部。"
    },
    {
        "name": "ヤマユリ",
        "message": "「但是……嗯，也不算坏\\n团长深入的感觉……\\n让我感到高兴……」"
    },
    {
        "name": "ヤマユリ",
        "message": "「被迷住的弱点，呵呵」"
    },
    {
        "message": "自嘲的微笑中透着幸福。\\n透过那肮脏淫秽的连接部，天香百合看起来异常性感。"
    }
]