[
    {
        "name": "ヒルガオ",
        "message": "「啊呜！？ 唔唔……我、摔倒了……」"
    },
    {
        "name": "ヒルガオ",
        "message": "「明明团长大人想要来个拥抱的……\\n为什么我这么笨拙呢……」"
    },
    {
        "name": "ヒルガオ",
        "message": "「……嘿？ 呀，啊呀呀呀呀——！」"
    },
    {
        "message": "抱起她的同时一起跌倒，\\n昼颜牵牛花摇摆着高高突起的屁股，引起了欲望，\\n拉下内裤，\\n将露出的阴茎顶端戳入密裂中。"
    },
    {
        "name": "ヒルガオ",
        "message": "「啊，团长大人……嗯嗯！\\n害、害羞的感觉起来了？嗯啊……！」"
    },
    {
        "message": "收窄的阴道肌肉被推开，阴茎顺利进入，\\n不久处女膜破裂，一物完全根植其中。"
    },
    {
        "name": "ヒルガオ",
        "message": "「啊，啊啊！？\\n肚、肚子里好涨……哈…哈……！」"
    },
    {
        "message": "昼颜牵牛花身体抽搐着，\\n喘着粗气。"
    },
    {
        "message": "在虚空中飘荡的视线回到地面，\\n惊讶地眨大眼睛。"
    },
    {
        "name": "ヒルガオ",
        "message": "「啊，啊……我、在地板上……\\n肉棒，刺进来了……啊，啊……！」"
    },
    {
        "name": "ヒルガオ",
        "message": "「感觉好像被团长强行……\\n啊，哈……好刺激啊……」"
    },
    {
        "message": "脸色变得苍白，握紧拳头，颤抖着下巴。"
    },
    {
        "message": "或许本来就是被虐倾向吧，\\n看起来像是『被侵犯』的情况下，她异常兴奋地振动着臀部。"
    },
    {
        "name": "ヒルガオ",
        "message": "「啊，啊……！？ 鸡巴，动起来呀……！\\n嗯呜，好厉害……！」"
    },
    {
        "message": "看着昼颜牵牛花那淫荡的姿态，心情被点燃，\\n猛烈地撞击着她的臀部。"
    },
    {
        "message": "用力按住她的背部，紧紧抓住她的屁股，\\n将阴茎扭入她的阴道中。"
    },
    {
        "name": "ヒルガオ",
        "message": "「嗯呜，嗯啊……！ 不、不要，啊，好疼……\\n我、我被团长按住了……嗯呜，好难受！」"
    },
    {
        "name": "ヒルガオ",
        "message": "「被强行、顶来顶去的……啊，啊！\\n小穴都湿漉漉的了……\\n啊呜呜！」"
    },
    {
        "message": "苦痛微皱眉头，但她的脸上却充满了快感。"
    },
    {
        "message": "或许是渐渐不再感受到疼痛，臀部不停地颤抖着，\\n她的阴道收缩着，仿佛在追求更多快感。"
    },
    {
        "name": "ヒルガオ",
        "message": "「啊、啊、啊呜！\\n虽然是第一次……却已经感觉到了！\\n被团长大力宠爱着小穴……我就会兴奋得不得了！」"
    },
    {
        "message": "下巴微微颤动，手像是在抓挠地板一样地活动着。"
    },
    {
        "message": "紧紧托起即将崩溃的臀部，\\n将肉棒狠狠地插入到根部。"
    },
    {
        "name": "ヒルガオ",
        "message": "「呜啊呜！？ 鸡巴、扑通一声……\\n哈哈、哈哈、不、不可能……\\n小穴深处好像很高兴地……\\n亲吻着鸡巴的尖端，好像在品尝美味一样……！？」"
    },
    {
        "message": "子宫迅速滑入阴道，\\n张开入口，咬住龟头。"
    },
    {
        "message": "她的下体和丰满的屁股紧密贴合，扭动着腰部，\\n昼颜牵牛花摇晃着头，身体剧烈扭动。"
    },
    {
        "name": "ヒルガオ",
        "message": "「啊、啊……别、别……别再拖延了……\\n更加粗鲁地侵犯我吧……哈啊、哈啊♪」"
    },
    {
        "name": "ヒルガオ",
        "message": "「那边的话，嗯啊，哈呼……\n感觉自己成为团长的所有物，就感到安心……\n啊，啊呃！」"
    },
    {
        "name": "ヒルガオ",
        "message": "「因为……呼……呼……觉得团长在寻求我，\n觉得不再孤单，就感到高兴……！\n啊，啊啊！」"
    },
    {
        "name": "ヒルガオ",
        "message": "「所以……哈……哈……更加粗鲁地侵犯我吧……？\n让我知道我是团长的东西……」"
    },
    {
        "message": "她像撒娇一样摇动着屁股，\n投来渴望的目光。"
    },
    {
        "message": "一看到她的眼神，一股疯狂的快感贯穿了我的脊椎，\n我不顾一切地扭动着腰。"
    },
    {
        "name": "ヒルガオ",
        "message": "「啊啊啊♪ 鸡巴来了♪\n把我的阴道操得稀里哗啦的～♪」"
    },
    {
        "message": "自嘲着说着，揉捏着日本地榆的胸部。\\n世间虽有诸多胸部，\\n但现在想撒娇的胸部，只有日本地榆的胸部。"
    },
    {
        "name": "ヒルガオ",
        "message": "「嘶！？ 啊……啊啊……\n我……被当成玩具对待了……哈哈！\n再多一点！ 更多地折磨我吧♪」"
    },
    {
        "message": "她幸福地喘息着，脸颊贴在冰冷的地板上。"
    },
    {
        "message": "每次背部跳动，丰满的乳房被地面挤压，扭曲成淫秽的形状。"
    },
    {
        "name": "ヒルガオ",
        "message": "「哈呼，哈呼……乳头在地板上摩擦着……好、好舒服……嗯呼♪」"
    },
    {
        "message": "她像在感叹般吐出甜美的气息，偶尔向这边投来视线。"
    },
    {
        "name": "ヒルガオ",
        "message": "「嗯、啊、啊啊！团长的脸……哈啊啊、想、想看……！」"
    },
    {
        "name": "ヒルガオ",
        "message": "「想看团长是用怎样的表情来侵犯我的……嗯啊！？」"
    },
    {
        "message": "被她的话所吸引，我抓住她妩媚的头发，将她的头高高抬起。"
    },
    {
        "message": "我强行扭起她的上半身，凝视着昼颜牵牛花的脸。"
    },
    {
        "name": "ヒルガオ",
        "message": "「啊、啊♪ 团长大人♪ 看起来很兴奋的表情……哈啊、哈啊……不想放开我……♪ 嗯呼♪」"
    },
    {
        "message": "她满足地呻吟着，脸上扭曲出快感的表情。"
    },
    {
        "message": "将龟头捻进子宫口，扭动着搅弄时，\\n她那微翘的嘴角溢出了大量的涎水。"
    },
    {
        "name": "ヒルガオ",
        "message": "「哈呼、嗯啊、啊……我、我也被看到了……\\n被看到我快乐得失态、脸上呆滞的样子……啊哈啊～♪」"
    },
    {
        "message": "让她的脸朝向这边，\\n猛烈地抽送着。"
    },
    {
        "message": "视线逐渐发白，阴茎开始感到一阵甜蜜的麻木。"
    },
    {
        "message": "仿佛能敏感地察觉到那股变化的膣壁，\\n紧紧地缠绕在龟头周围。"
    },
    {
        "name": "ヒルガオ",
        "message": "「啊、啊咿♪ 团长的肉棒在抽搐着……\\n头部也变得好大……哈啊哈啊～！」"
    },
    {
        "name": "ヒルガオ",
        "message": "「你、你是想要往我里面灌满后代的种子吧？\\n想要让我的身体和心灵都成为你的东西吧？\\n啊、啊啊！」"
    },
    {
        "name": "ヒルガオ",
        "message": "「好、好美……♪ 快给我你的种子汁……哈啊哈啊！ 把团长的一切都刻进我里面～！」"
    },
    {
        "message": "她不雅地伸出舌头，眯着眼睛挑衅般地盯着。"
    },
    {
        "message": "就在她淫荡地摇动着臀部，仿佛在乞求受精的瞬间，阴道壁扭曲着，将龟头磨擦得非常刺激。"
    },
    {
        "message": "在那不规则的刺激下，我不由自主地收紧了腰部，阳具从湿润的秘部中滑落出来。"
    },
    {
        "name": "ヒルガオ",
        "message": "「嗯啊啊啊♪ 阴道的肉被肉棒给拽了出来…… 啊、啊啊啊！？」"
    },
    {
        "message": "当龟头刮过阴道入口的瞬间，我猛烈地仰起身体，达到了极致的高潮。"
    },
    {
        "message": "看到她那淫荡的模样，欲望如潮水般涌上心头，使得肉棒剧烈地跳动起来。"
    },
    {
        "name": "ヒルガオ",
        "message": "「啊啊啊啊♪ 热烈的种子汁洒满了我的身体♪」"
    },
    {
        "message": "在浴满大量精液的同时，她将臀部紧贴着阴茎，反复地摩擦着。"
    },
    {
        "name": "ヒルガオ",
        "message": "「真是的♪ 团长你真笨蛋♪明明想要宝宝的房间呢，却…… 啊、啊哈♪ 呃呃♪」"
    },
    {
        "name": "ヒルガオ",
        "message": "「但、但是……好幸福……种子汁渗透到我的皮肤里……被团长的气息所包围着……♪」"
    },
    {
        "message": "射精结束后，昼颜牵牛花松开了头。"
    },
    {
        "message": "昼颜牵牛花倒在地上，腰部高高抬起，不禁颤抖着。"
    },
    {
        "name": "ヒルガオ",
        "message": "「哈哈……团长，谢谢你…… 把我……弄得好多了……♪」"
    },
    {
        "message": "她朝我投来妩媚的目光，鼻子里发出一阵喘息。"
    },
    {
        "name": "ヒルガオ",
        "message": "「这样一来……和团长之间的羁绊更加牢固了……♪」"
    },
    {
        "message": "她把贴在脸颊上的头发拨到一边，调皮地微笑着。"
    },
    {
        "name": "ヒルガオ",
        "message": "「但是，下次记得要把热烈的种子汁……送到宝宝的房间里哦……？我想要完全成为团长的东西♪」"
    },
    {
        "message": "她撒娇般地将阴道夹住了我的阳具，在那之间，我的腰部不禁颤抖着。"
    }
]