[
    {
        "name": "サンダーソニア",
        "message": "「团长的声音……能再靠近一点，让我听更多吗」"
    },
    {
        "message": "夜晚，来到自己房间的宫灯百合，湿润了双眼，轻声喃喃道，然后将身体靠近了过来。"
    },
    {
        "name": "サンダーソニア",
        "message": "「我已经无法忍耐了……团长，请……」"
    },
    {
        "message": "紧紧拥抱着靠近自己的她，然后一起移动到了床上。"
    },
    {
        "name": "サンダーソニア",
        "message": "「嗯！！ 到、到底，进去了吗？ 嗯，团长、先生……啊啊」"
    },
    {
        "message": "面对面坐在我的腿上的宫灯百合大口地呼出一口气。"
    },
    {
        "message": "正如宫灯百合所说的，所有挺立的充血都深深地吞没在阴道中。"
    },
    {
        "name": "サンダーソニア",
        "message": "「肚子、都满了……里面扩张成了团长的形状，嗯嗯……非常壮观，很美好」"
    },
    {
        "message": "对着轻声呢喃的宫灯百合，我也回应着说感觉很舒服。"
    },
    {
        "name": "サンダーソニア",
        "message": "「啊啊……嗯嗯，团长的声音，这么近……那个，再一次求求您，如果可以的话，在耳边……」"
    },
    {
        "message": "说起来，宫灯百合对声音很敏感。而且她经常说喜欢我的声音。"
    },
    {
        "message": "满足你的要求，我在宫灯百合的耳边低语。"
    },
    {
        "name": "サンダーソニア",
        "message": "「啊啊啊……果然，团长的声音，好喜欢……」"
    },
    {
        "message": "宫灯百合露出迷醉的表情，发出了声音。这样真的好吗。"
    },
    {
        "name": "サンダーソニア",
        "message": "「是、是的！ 团长的声音……真的很舒服，非常美妙……而且，还有呢」"
    },
    {
        "name": "サンダーソニア",
        "message": "「只是听到团长的声音，我就会有这么强烈的感觉，\\n已经湿透了……嗯嗯」"
    },
    {
        "message": "正如宫灯百合所说，阴道已经湿润不已，爱液从深处溢出。"
    },
    {
        "name": "サンダーソニア",
        "message": "「呜呜，对不起，变得这么淫荡……但是听到团长的声音，就忍不住了……嗯嗯」"
    },
    {
        "name": "サンダーソニア",
        "message": "「团长大人，讨厌这样的我吗？\\n你会鄙视我吗？」"
    },
    {
        "message": "宫灯百合害羞地问道。根本不可能会鄙视。相反，我对她这么兴奋感到高兴。"
    },
    {
        "name": "サンダーソニア",
        "message": "「好高兴……团长大人……嗯嗯」"
    },
    {
        "message": "宫灯百合闭上双眼，靠近我的嘴唇。作为回应，我也贴上了嘴唇。"
    },
    {
        "name": "サンダーソニア",
        "message": "「嗯嗯，啾……啾……嗯嗯……\\n嗯，和团长大人，接吻了，诶嘿嘿」"
    },
    {
        "message": "害羞地微笑着的宫灯百合。她平时内敛的形象和现在形成了鲜明对比，让我的心情感到愉悦。"
    },
    {
        "name": "サンダーソニア",
        "message": "「团长大人，请再多亲我一点……嗯嗯，啾、\\n啾啊、啾……嗯嗯」"
    },
    {
        "message": "调整脸部角度，深深地吻了下去。然后伸出舌头，宫灯百合也伸出舌头，\\n缠绕在一起。"
    },
    {
        "name": "サンダーソニア",
        "message": "「嗯嗯、啾啦……啾、啾啦啊、舔舔……\\n嗯、团长、啾、来吧……舔舔、啊亲亲」"
    },
    {
        "name": "サンダーソニア",
        "message": "「嗯嗯、啾……噗哈，嗯，好厉害，\\n和团长大人接吻的声音，在脑海中回荡着，感觉好色情」"
    },
    {
        "message": "不仅是接吻的快感，\\n连那声音也让宫灯百合兴奋不已。"
    },
    {
        "name": "サンダーソニア",
        "message": "「团长大人，喜欢……全部全部……好喜欢」"
    },
    {
        "message": "听到宫灯百合的话语，欲望从体内涌现。\\n无法忍耐，身体用力地扭动着腰部。"
    },
    {
        "name": "サンダーソニア",
        "message": "「嗯嗯、啊啊！」"
    },
    {
        "message": "在阴道壁和阴茎相互摩擦的快感中，\\n宫灯百合发出了美妙的呻吟声。"
    },
    {
        "name": "サンダーソニア",
        "message": "「啊啊，嗯嗯呜呜，团长、大人……啊啊！\\n我的、里面……小穴里面、摩擦着……！」"
    },
    {
        "name": "サンダーソニア",
        "message": "「请、嗯嗯、多多顶进来吧……！」"
    },
    {
        "name": "サンダーソニア",
        "message": "「听着团长大人的声音，让发情的小穴兴奋起来，\\n用团长大人美好的鸡巴多多顶进来吧……！」"
    },
    {
        "message": "平常绝对不会说出口的宫灯百合的话语，\\n更加激起了我的兴奋，使我更加用力地抽送。"
    },
    {
        "message": "从连接处传来淫荡的水声响起。\\n当然，这个声音也一定传到了宫灯百合的耳中。"
    },
    {
        "message": "这样一来，\\n更加让宫灯百合变得更加淫荡和大胆。"
    },
    {
        "name": "サンダーソニア",
        "message": "「呼啊，啊啊！！ 从小穴里，发出了色情的声音！\\n团长大人，对不起！ 对不起，变得如此淫荡！」"
    },
    {
        "name": "サンダーソニア",
        "message": "「但是，停不下来，一想到团长大人，\\n一听到团长大人的声音，\\n就会从小穴里分泌出淫液！」"
    },
    {
        "name": "サンダーソニア",
        "message": "「啊啊，啊啊！！ 很、很舒服，这、不行了！\\n自己的腰不受控制地动了起来，嗯嗯！\\n……小穴在渴望着鸡巴呢！」"
    },
    {
        "message": "随着我的腰部动作，\\n宫灯百合也跟着扭动腰部享受快感。"
    },
    {
        "message": "那清纯而淫荡的呻吟声，\\n更加激发了我的兴奋。"
    },
    {
        "message": "突然间理解了宫灯百合对声音的反应和情欲的增强。"
    },
    {
        "name": "サンダーソニア",
        "message": "「呜啊啊，啊啊！ 来了，来了！\\n团长大人，我，已经……感觉好舒服了」"
    },
    {
        "message": "绕在宫灯百合脖子上的手掌用力握紧。"
    },
    {
        "name": "サンダーソニア",
        "message": "「啊啊，团长大人……团长大人……！\\n一起，一起……！\\n拜托了，请就这样射进我的小穴吧」"
    },
    {
        "message": "宫灯百合用力摇动着臀部，催促着射精。\\n不仅是她的声音在期待射精。\\n阴道内也在淫荡地蠕动着渴望那一刻。"
    },
    {
        "name": "サンダーソニア",
        "message": "「团长大人，喜欢……啊啊，好喜欢你，\\n……嗯，啾、啾……舔舔嘛……啾！」"
    },
    {
        "message": "宫灯百合低语着情意，靠近我的嘴唇。\\n我也贴上嘴唇回应，并伸出舌头。"
    },
    {
        "name": "サンダーソニア",
        "message": "「嗯啾、舔舔、啾啾舔舔……呸哈，\\n啊啊、啊啊啊、喜欢，团长大人好喜欢你！」"
    },
    {
        "message": "可以感觉到宫灯百合的身体颤抖，紧绷起来。\\n我也感到自己已经到了极限。"
    },
    {
        "message": "在最后的瞬间，在宫灯百合耳边\\n我也轻声说着同样深爱着你。"
    },
    {
        "name": "サンダーソニア",
        "message": "「啊啊！ 大、团长大人，啊、啊、\\n呼啊啊啊！！！！！」"
    },
    {
        "name": "サンダーソニア",
        "message": "「嗯嗯呜呜，啊啊……！\\n出、出来了，团长大人的精子……嗯呜呜，好多……」"
    },
    {
        "message": "彼此紧紧拥抱着迎接着高潮。\\n宫灯百合的阴道内阴茎在颤抖着，\\n释放出积蓄的精液。"
    },
    {
        "name": "サンダーソニア",
        "message": "「我的小穴里在颤抖着……\\n嗯，全部、全部都射进来吧……啊啊」"
    },
    {
        "message": "沉浸在高潮的余韵中，宫灯百合露出了迷醉的微笑。"
    },
    {
        "name": "サンダーソニア",
        "message": "「哈、哈……嗯，团长大人，太美妙了，\\n我，感觉太舒服了……完全沉浸其中」"
    },
    {
        "message": "彼此拥抱着平复呼吸。\\n渐渐平静下来时，宫灯百合开口了。"
    },
    {
        "name": "サンダーソニア",
        "message": "「那个，团长大人，有个……请求」"
    },
    {
        "name": "サンダーソニア",
        "message": "「那个，在最后对我耳语的话，\\n那个……能再说一遍吗？」"
    },
    {
        "message": "轻轻地抚摸着宫灯百合怯生生地说着的头，\\n我也在她耳边轻声细语。"
    },
    {
        "name": "サンダーソニア",
        "message": "「……呼啊、嗯嗯，团长大人，我也很喜欢您」"
    },
    {
        "message": "就这样，我们相互倾诉着爱意，持续了一段时间。"
    }
]