[
    {
        "name": "ハブランサス",
        "message": "「团长，我给您端来了茶。\\n今晚有点冷，喝暖茶会让您睡得更香。」"
    },
    {
        "message": "淅淅沥沥的雨夜，韭兰端着托盘上的两只茶杯\\n走进了房间。\\n感激韭兰的关心，伸出手接过递来的茶杯。"
    },
    {
        "name": "ハブランサス",
        "message": "「啊……啊啊！？」"
    },
    {
        "message": "就在接过来之际，韭兰不慎松开了手中的茶杯，我瞬间接住了它。\\n然而，正因为分神去接茶杯，韭兰不慎使托盘倾斜，\\n另一只茶杯滑落下来，不幸地把我的下体泼湿了。"
    },
    {
        "name": "ハブランサス",
        "message": "「团长没事吧！？ 没烫到吧！？\\n擦拭……要擦拭……」"
    },
    {
        "message": "蹲下身子的韭兰用旁边的毛巾开始擦拭我的下体。\\n幸运的是茶并没有烫伤我，但是她近在咫尺摇曳的丰满胸部实在让人无法移开视线。"
    },
    {
        "name": "ハブランサス",
        "message": "「那个，团长……会、会变大起来了吗……？」"
    },
    {
        "message": "片刻后，察觉到我的勃起后，韭兰抬头问道。在被刺激着下体的同时，看到这样令人心动的景象，\\n也是无法抗拒的诱惑吧。"
    },
    {
        "message": "正当我想为自己的身体反应道歉时，韭兰用食指堵住了我的嘴。"
    },
    {
        "name": "ハブランサス",
        "message": "「让您期待了呢？ 呵呵……\\n没关系，请让我来承担把团长弄成这样的责任吧？」"
    },
    {
        "name": "ハブランサス",
        "message": "「团长……我好紧张啊……」"
    },
    {
        "message": "韭兰带着羞涩，跨坐在上面。"
    },
    {
        "message": "刚才俯视着强调胸部的韭兰已经是一道美景，\\n而此刻俯视着跨坐在上面的韭兰，则更是一幅淫靡的景象。"
    },
    {
        "name": "ハブランサス",
        "message": "「这么大胆的事情……不是下雨天的话，是做不出来的……\\n那么，我就进去了……嗯……！」"
    },
    {
        "message": "阴茎被浸满爱液的凹陷包裹着。"
    },
    {
        "name": "ハブランサス",
        "message": "「啊啊啊！ 哦……」"
    },
    {
        "name": "ハブランサス",
        "message": "「自己去做这件事，居然会这么紧张……心跳得这么快……\\n啊啊……」"
    },
    {
        "message": "包括第一次在内，韭兰一直都把一切都交给了我。\\n而她主动如此积极地行动，今天是第一次。"
    },
    {
        "message": "平日总是温文尔雅的韭兰，正因如此，\\n看到她主动扭动腰部的样子，让人无法抑制内心的兴奋。"
    },
    {
        "message": "韭兰满脸羞愧地摇摆着腰部，\\n随着她的呼吸，渐渐带上了一丝妖媚。"
    },
    {
        "name": "ハブランサス",
        "message": "「哈啊，哈啊，怎、怎么样……？ 嗯……感觉、舒服、吗……？」"
    },
    {
        "message": "我点了点头回应着韭兰。\\n阴茎被韭兰柔软的包裹着，\\n几乎要失控似的。"
    },
    {
        "name": "ハブランサス",
        "message": "「太好了……我也、感觉、非常、舒服……\\n团长的……进入深处时，\\n里面不由自主地收缩着，嗯、在抖动着……」"
    },
    {
        "name": "ハブランサス",
        "message": "「团长的……好大、又硬……\\n有时候……还会抽搐着反应着……\\n知道你在感受吧，嗯……我明白！」"
    },
    {
        "name": "ハブランサス",
        "message": "「今天，更想要让团长感受到……\\n更多地感受到我的身体……嗯！」"
    },
    {
        "message": "每当韭兰扭动腰部时，丰满的乳房摇曳不已，令人目不转睛。"
    },
    {
        "name": "ハブランサス",
        "message": "「想要摸摸胸部吗？可以哦……来吧……」"
    },
    {
        "message": "韭兰挺起胸部，让人更容易触摸。\\n她在擦拭茶具时我忍住了，但现在已经没有这个必要了。"
    },
    {
        "name": "ハブランサス",
        "message": "「啊呜呜！？」"
    },
    {
        "message": "从下方托起乳房，紧握着。\\n乳房有着沉甸甸的份量。\\n但却是那么柔软。"
    },
    {
        "name": "ハブランサス",
        "message": "「嗯……团长，啊呜呜呜！」"
    },
    {
        "message": "指尖沉浸在柔软之中。\\n单单揉捏韭兰的乳房就令人感到愉悦。"
    },
    {
        "name": "ハブランサス",
        "message": "「嗯，哈啊，哈啊，被这样揉捏着，嗯……\\n感觉、非常、舒服、嗯！」"
    },
    {
        "message": "韭兰的乳头变得坚硬，对这份快感做出了肯定的回应。\\n捏住乳头，轻轻地转动。"
    },
    {
        "name": "ハブランサス",
        "message": "「啊呜呜！别、别、别捏那里，不行！」"
    },
    {
        "name": "ハブランサス",
        "message": "「为了团长而服务是我的目的，啊呜呜！\\n但是我……啊呜呜！\\n为了团长，我会努力……让团长感到舒服……啊呜呜！」"
    },
    {
        "message": "忍受着乳头的刺激，韭兰拼命地扭动着腰部。\\n在快感中挣扎着，她拼命地挪动着身体，显得妩媚动人。"
    },
    {
        "name": "ハブランサス",
        "message": "「不行，不行，团长揉我的乳头的时候，\\n团长的、肉棒、在里面、抽插的感觉、这、感觉、太舒服了、\\n啊啊！」"
    },
    {
        "name": "ハブランサス",
        "message": "「这、这种感觉、太舒服了、啊、嗯、停不下来！\\n嗯、啊、啊、啊！」"
    },
    {
        "name": "ハブランサス",
        "message": "「哈啊啊啊！」"
    },
    {
        "message": "韭兰的身体痉挛着。"
    },
    {
        "name": "ハブランサス",
        "message": "「嗯……哈哈……好害羞……」"
    },
    {
        "message": "用即将消失的声音，韭兰低语着。\\n看样子是高潮了。"
    },
    {
        "name": "ハブランサス",
        "message": "「哈哈……团长，有点刁钻呢……\\n明明我想让团长感到舒服，哈，却……」"
    },
    {
        "name": "ハブランサス",
        "message": "「那个，团长……因为刚才高潮了，所以腰没有力气了……」"
    },
    {
        "message": "韭兰露出了迷人的表情，调整着呼吸，歉意地道歉。"
    },
    {
        "name": "ハブランサス",
        "message": "「稍微、稍微、感觉到有力气回来了……嗯！？\\n啊呜呜！」"
    },
    {
        "message": "作为她努力的回报，我从下面猛烈地顶击着刚刚高潮过的韭兰。"
    },
    {
        "name": "ハブランサス",
        "message": "「嗯—，嗯—，嗯—！不行，不行团长！\\n嗯嗯—！刚刚才高潮过，不行啊啊啊啊！」"
    },
    {
        "message": "韭兰的身体颤抖着。"
    },
    {
        "name": "ハブランサス",
        "message": "「要、要高潮了，我要高潮了！啊啊啊啊啊！」"
    },
    {
        "message": "我从下面顶起的阴茎，被韭兰紧紧地夹住。"
    },
    {
        "name": "ハブランサス",
        "message": "「嗯—！哈哈哈，嗯—，又、又要高潮了……啊啊啊啊！」"
    },
    {
        "message": "韭兰摇曳着丰满的乳房，身体如同跳舞般扭动着。"
    },
    {
        "name": "ハブランサス",
        "message": "「这、这、受不了，嗯，哈啊，哈啊，嗯嗯！」"
    },
    {
        "name": "ハブランサス",
        "message": "「团长的，硬硬的，我，已经，快要疯掉了！\\n被你这样弄得，一次又一次地高潮，嗯！\\n高潮得太多了，都要疯掉了！」"
    },
    {
        "name": "ハブランサス",
        "message": "「但、但、好、的啊！ 嗯！ 好、的啊！\\n团长，请让我一直到最后都感觉舒服吧！\\n团长啊！」"
    },
    {
        "message": "随着越来越强烈的射精感，拼命地进行抽插。"
    },
    {
        "name": "ハブランサス",
        "message": "「激烈地、团、长先生、比刚才更加、啊啊啊！」"
    },
    {
        "name": "ハブランサス",
        "message": "「哈啊，哈啊哈啊，嗯！ 不行，不行又要高潮了！\\n又、又被团长的肉棒弄得、啊啊啊！\\n高潮了！ 不行，团长，不行了！」"
    },
    {
        "name": "ハブランサス",
        "message": "「我、要高潮了！ 要高潮了啊啊啊啊啊！」"
    },
    {
        "name": "ハブランサス",
        "message": "「啊！ 嗯嗯嗯嗯！ 嗯！ 哈啊，哈啊……！」"
    },
    {
        "message": "在韭兰高潮的同时射精在她体内，\\n失去力气的韭兰倒在一旁。"
    },
    {
        "name": "ハブランサス",
        "message": "「啊……咕……团长的，精液……滴答滴答地流出来了……」"
    },
    {
        "message": "无法完全容纳的精液与爱液混合溢出了韭兰的凹陷处。"
    },
    {
        "name": "ハブランサス",
        "message": "「哈啊，哈啊……弄得这么湿了……\\n擦拭的意义，已经没有了吧……」"
    },
    {
        "message": "韭兰略带困惑的表情中浮现出一丝娴静的微笑。\\n这样的确可能是这样。"
    },
    {
        "name": "ハブランサス",
        "message": "「下次会注意不再出错的哦？」"
    },
    {
        "message": "但是，如果能得到这样的结果，她的失误也不算坏事。\\n最重要的是，韭兰最初的目标已经实现了。"
    },
    {
        "message": "身体完全暖和起来，今晚应该能睡个好觉。\\n借着雨声作为摇篮曲，抱着韭兰入眠。"
    }
]