[
    {
        "name": "カイコウズ",
        "message": "「嗯嗯嗯……」"
    },
    {
        "message": "将阴茎的顶端对准鸡冠刺桐的阴道口，\\n然后一口气将腰部压了下去。"
    },
    {
        "name": "カイコウズ",
        "message": "「嗯嗯，团长，\\n全、全部进去了吗？」"
    },
    {
        "message": "紧张的鸡冠刺桐问道。\\n她在忍受着第一次的刺激，但是只有大约一半的阴茎已经插入了阴道内。"
    },
    {
        "name": "カイコウズ",
        "message": "「假……啊，我的肚子里已经满满的了……」"
    },
    {
        "message": "鸡冠刺桐略显疼痛地皱起了眉头。\\n她的额头上开始渗出汗珠。"
    },
    {
        "message": "看着她这样，我开始考虑是继续深入到底，\\n还是先抽出来。"
    },
    {
        "name": "カイコウズ",
        "message": "「啊，不、不行吧？\\n就这样全部进去吧！」"
    },
    {
        "message": "似乎察觉到我的犹豫，鸡冠刺桐盯着我说道。"
    },
    {
        "name": "カイコウズ",
        "message": "「我没事的！\\n团长的肉棒，全部给我吧？」"
    },
    {
        "name": "カイコウズ",
        "message": "「我可是请求的！\\n我不能再像个孩子一样了！\\n让我成为大人？」"
    },
    {
        "message": "湿润的双眼看向这边，鸡冠刺桐说道。\\n她的决心是无法被忽视的。"
    },
    {
        "message": "重新开始中断的插入，将腰部压了下去。"
    },
    {
        "name": "カイコウズ",
        "message": "「嗯嗯……进、进来了……！」"
    },
    {
        "message": "坚挺的阴茎在紧闭的阴道中穿行。\\n对不起鸡冠刺桐，但这种触感给予了巨大的快感。"
    },
    {
        "name": "カイコウズ",
        "message": "「团长的，又粗又硬……嗯、\\n好热啊……！」"
    },
    {
        "name": "カイコウズ",
        "message": "「男人的肉棒，嗯嗯、就是这样的吧\\n明白在颤抖吧？\\n……啊啊啊」"
    },
    {
        "message": "是为了分散紧张吗？\\n鸡冠刺桐说话越来越多，时刻向我汇报着情况。"
    },
    {
        "name": "カイコウズ",
        "message": "「嗯嗯，啊啊啊啊！！！？？」"
    },
    {
        "message": "不久，推进的腰停了下来。\\n阴茎的顶端进入阴道，接触到了子宫口。"
    },
    {
        "name": "カイコウズ",
        "message": "「啊、哈啊啊，团长的，全部进去了吗？」"
    },
    {
        "message": "鸡冠刺桐带着畏缩的表情询问。\\n我温柔地微笑，表扬她的努力。"
    },
    {
        "name": "カイコウズ",
        "message": "「原来如此……好紧好紧的……嗯、团长的肉棒，能感觉到深处吧？」"
    },
    {
        "name": "カイコウズ",
        "message": "「这样，我也算是成年人了吗？」"
    },
    {
        "message": "鸡冠刺桐开心地微笑着。\\n她的额头上满是汗珠。"
    },
    {
        "message": "用手指拨开贴在额头上的刘海。\\n我想更多地看看她那灿烂的笑容。"
    },
    {
        "name": "カイコウズ",
        "message": "「……谢谢你，团长\\n啊，但是，成年人是以后才算吧？」"
    },
    {
        "name": "カイコウズ",
        "message": "「可以，团长，随你喜欢动……\\n这样下去，团长会很辛苦的对吧？」"
    },
    {
        "message": "她的话语中充满了紧张和不安，\\n与往常活泼的鸡冠刺桐完全不同。"
    },
    {
        "message": "如果不消除她的不安，就没有意义。\\n我也想让鸡冠刺桐好好地感受一下。"
    },
    {
        "name": "カイコウズ",
        "message": "「团长？……嗯嗯」"
    },
    {
        "message": "我靠近她，然后贴上了嘴唇。"
    },
    {
        "name": "カイコウズ",
        "message": "「……啾、啾……嗯嗯」"
    },
    {
        "message": "我马上分开双唇笑着看着她。\\n鸡冠刺桐脸红红地把视线移开了。"
    },
    {
        "name": "カイコウズ",
        "message": "「没、没说要亲吻啊……\\n真是的……吓我一跳……还、还是第一次呢……」"
    },
    {
        "message": "明明已经做了比亲吻更多的事情，她微微生气地噘起了嘴，\\n这样的鸡冠刺桐看起来异常可爱。"
    },
    {
        "message": "我想看到她更多的样子，\\n这次伸出手臂，摸向了鸡冠刺桐的乳房。"
    },
    {
        "name": "カイコウズ",
        "message": "「啊、团长……嗯嗯嗯！？」"
    },
    {
        "message": "第一次被别人触摸胸部吧。\\n鸡冠刺桐虽然因为羞耻而脸红，\\n却凝视着自己的胸部被爱抚的情景。"
    },
    {
        "name": "カイコウズ",
        "message": "「呀、嗯嗯……胸部，被团长揉捏了，\\n嗯嗯，啊啊……不要、不要揉捏啦……」"
    },
    {
        "message": "她的反应实在太可爱了，让我有点想取笑她。\\n听到她说不要，我打算放开手。"
    },
    {
        "name": "カイコウズ",
        "message": "「啊啊、不是啦！不是真的！\\n可以摸哦！因为可以摸胸部啦！」"
    },
    {
        "message": "鸡冠刺桐慌张地否定着。\\n似乎没有意识到自己正在被取笑。"
    },
    {
        "message": "再次触摸她的乳房。\\n这次用指尖玩弄乳房的尖端。\\n不习惯快感的乳头，很容易就变得坚硬突出，开始有所反应。"
    },
    {
        "name": "カイコウズ",
        "message": "「呼呜、啊啊……有点奇怪……\\n乳头，变硬了，还涨大了……」"
    },
    {
        "name": "カイコウズ",
        "message": "「色色的……嗯嗯，好色的呢……！」"
    },
    {
        "message": "用食指轻弹着硬而尖的乳头，\\n鸡冠刺桐略微仰起身体颤抖着。"
    },
    {
        "name": "カイコウズ",
        "message": "「这么色色的摸法……嗯、\\n呀啊啊、不、不要啦啦……」"
    },
    {
        "name": "カイコウズ",
        "message": "「啊、不、不是不行哦？ 不是不行的哦？\\n所以别停下来哦？」"
    },
    {
        "message": "是因为想起刚才的取笑，\\n鸡冠刺桐慌张地开始否定自己说出的话。"
    },
    {
        "message": "太可爱了的鸡冠刺桐。\\n如果能看到这么可爱的样子，\\n或许可以更狠一点。"
    },
    {
        "name": "カイコウズ",
        "message": "「可以更多一点吗……做更色色的事情？\\n因为我很喜欢团长呢」"
    },
    {
        "name": "カイコウズ",
        "message": "「因为喜欢团长给我做色色的事情，\\n所以，请多多做色色的事情？」"
    },
    {
        "message": "……太可爱了，等下再来欺负她。\\n成功无意识地撒娇了的鸡冠刺桐的乳头，\\n用指尖轻轻地刺激着。"
    },
    {
        "name": "カイコウズ",
        "message": "「嗯嗯、啊啊……\\n团长，啊啊，嗯嗯啊啊」"
    },
    {
        "message": "受到乳头的刺激，鸡冠刺桐开始扭动身体。\\n虽然本人没有察觉，\\n但她的身体渴望着一直插在阴道里的刺激。"
    },
    {
        "name": "カイコウズ",
        "message": "「我、感觉有点奇怪……\\n身体好热……嗯，团长……」"
    },
    {
        "name": "カイコウズ",
        "message": "「感觉有点痛苦……团长……\\n团长……」"
    },
    {
        "message": "寻求快乐的身体。\\n但是，鸡冠刺桐并不知道这种疼痛的真正原因。"
    },
    {
        "name": "カイコウズ",
        "message": "「团长……喜欢你……喜欢你……！」"
    },
    {
        "message": "所以，鸡冠刺桐说出了这样的话。\\n已经无法忍耐了。"
    },
    {
        "name": "カイコウズ",
        "message": "「啊、嗯嗯！？\\n团、团长！ 哦哦……好厉害，啊啊！」"
    },
    {
        "message": "突然抽动起一直埋在阴道里的阴茎。\\n突如其来的刺激让鸡冠刺桐发出了大声的喘息声。"
    },
    {
        "name": "カイコウズ",
        "message": "「嗯嗯，啊啊……刚才完全不一样，啊啊！\\n好、好舒服……啊啊，小穴，感觉变得更舒服了！」"
    },
    {
        "message": "阴道不知何时已经被爱液打湿，\\n连接处闪烁着诱人的光芒。"
    },
    {
        "name": "カイコウズ",
        "message": "「啊、啊啊啊！ 团长的肉棒，\\n嗯嗯，这样，好舒服！ 啊啊，好厉害，好舒服！」"
    },
    {
        "name": "カイコウズ",
        "message": "「嗯，怎么办，团长……\\n我，变得这么淫荡了……啊啊！\\n变得这么淫荡了呜呜……！ 啊啊啊！！」"
    },
    {
        "message": "面对初次的巨大快感，鸡冠刺桐困惑地喘息着。\\n那湿润的双眼盯着这边。"
    },
    {
        "name": "カイコウズ",
        "message": "「嗯嗯嗯，这就是淫荡吗……\\n成年人的淫荡……嗯嗯嗯，想要……更多……！」"
    },
    {
        "message": "鸡冠刺桐的阴道壁紧紧收缩，刺激着阴茎。\\n寻求快感的雌性本能在无意识中驱使着她。"
    },
    {
        "name": "カイコウズ",
        "message": "「给我……团长的精液，请给我！\\n团长，喜欢你，啊啊……所以，所以……！」"
    },
    {
        "name": "カイコウズ",
        "message": "「用团长的肉棒，在、在我身上……啊啊、在我身上……」"
    },
    {
        "name": "カイコウズ",
        "message": "「……想要让我成为女人啊啊啊……！\\n团长的肉棒，让我成为女人啊啊啊！」"
    },
    {
        "message": "已经到了极限。\\n虽然想尽可能地品尝鸡冠刺桐，\\n但那一刻却突然降临。"
    },
    {
        "name": "カイコウズ",
        "message": "「呼啊、啊啊啊啊啊！！！！！」"
    },
    {
        "name": "カイコウズ",
        "message": "「嗯嗯，啊啊……哈、哈啊啊！」"
    },
    {
        "message": "用力挺动着腰部，\\n将阴茎顶端压向子宫口，\\n不断地射精。"
    },
    {
        "name": "カイコウズ",
        "message": "「啊、啊啊……哇啊……\\n在、流出来了……团长的精液……好多……嗯嗯嗯」"
    },
    {
        "message": "大量的精液立刻充满了子宫，\\n无法容纳的部分从阴道中溢出。"
    },
    {
        "name": "カイコウズ",
        "message": "「呼啊啊、嗯嗯嗯……好厉害，\\n肚子里好热呀……哈、哈……」"
    },
    {
        "message": "紧闭双眼的鸡冠刺桐，身体不断颤抖着沉浸在快感中。"
    },
    {
        "message": "身体慢慢松弛下来，仿佛覆盖在那个小小的身体上。\\n紧紧拥抱着那纤细的身躯。"
    },
    {
        "name": "カイコウズ",
        "message": "「团长……谢谢你？\\n……让我，变成成年人……成为女人」"
    },
    {
        "message": "不久之后，鸡冠刺桐像是突然想起了什么。"
    },
    {
        "name": "カイコウズ",
        "message": "「啊、团长……那个，呃……你能再、再吻我一次吗，什么的……」"
    },
    {
        "message": "害羞地说着的鸡冠刺桐。微笑着看着她可爱的模样，慢慢地靠近她的嘴唇。"
    }
]