[
    {
        "name": "アガパンサス",
        "message": "「您召唤我了吗，团长大人」"
    },
    {
        "message": "最近，骑士团内传言着百子莲会应对任何困难，于是我召见她，想要劝告她拒绝一些过分的要求。"
    },
    {
        "name": "アガパンサス",
        "message": "「团长大人，您是否还记得菲利亚塔拉萨王家的家训呢？那就是，爱是毫不吝啬地给予，这就是我的生活方式，只要是我拥有的东西，我都会奉上，只要是我能做到的事情，我都会去做。」"
    },
    {
        "message": "百子莲笑着回答。但从她的回答中可以感受到她坚定的意志。"
    },
    {
        "message": "考虑到现在这样下去也无法解决问题，我提出了一个不切实际的要求，请让我在这里抱着你。"
    },
    {
        "name": "アガパンサス",
        "message": "「诶诶！？那个，那个……」"
    },
    {
        "message": "百子莲的脸变得越来越红。这可能是不可能的。即使因为这个原因而被百子莲讨厌也没关系，只要她今后能拒绝不合理的要求就好。"
    },
    {
        "name": "アガパンサス",
        "message": "「没关系」"
    },
    {
        "message": "百子莲害羞地说道。她轻易地接受了一个本来预料会被拒绝的不合理要求，让我不禁有些慌乱。"
    },
    {
        "name": "アガパンサス",
        "message": "「但是，团长大人似乎还在混乱中，所以由我来引导吧」"
    },
    {
        "name": "アガパンサス",
        "message": "「虽然说要引导，但我还是第一次……嗯，确实有点紧张呢」"
    },
    {
        "message": "百子莲一下子被推倒在床上，然后跨坐了上来。她的微笑并没有显得紧张。"
    },
    {
        "message": "尽管处于这样的情况，阴茎却依然坚挺。"
    },
    {
        "name": "アガパンサス",
        "message": "「因为是第一次，可能做得不太好，但我会尽力的……嗯」"
    },
    {
        "message": "在停下来之前已经被插入了。阴茎被一股温润的触感所包裹。"
    },
    {
        "name": "アガパンサス",
        "message": "「嗯，团长大人的硬硬的东西进来了……嗯嗯！虽然听说过，但还是有点疼呢……」"
    },
    {
        "message": "百子莲慢慢地扭动着腰部。虽然看到她时不时因疼痛而扭曲的表情，心里想着要阻止却又无能为力。"
    },
    {
        "name": "アガパンサス",
        "message": "「团长大人，请不要露出那样的表情……这是我自愿做的事情……看吧」"
    },
    {
        "message": "百子莲的阴道被阴茎完全插入。"
    },
    {
        "name": "アガパンサス",
        "message": "「团长大人，我们已经连接在一起了……我很高兴」"
    },
    {
        "message": "百子莲微笑着说。"
    },
    {
        "message": "无论怎么掩饰，都只会成为借口，但我并没有打算让百子莲做这种事情。"
    },
    {
        "message": "百子莲是香蕉海洋的王位继承者，一位真正的王族。而且还是处女。让一个普通的骑士团长随意拥有她，无论执行什么样的刑罚都不为过。"
    },
    {
        "name": "アガパンサス",
        "message": "「是的，团长大人将会在牢房中度过余生」"
    },
    {
        "message": "原来如此，这下骑士团长的人生就结束了吗。"
    },
    {
        "name": "アガパンサス",
        "message": "「开玩笑的，开玩笑而已。团长大人不用担心……嗯……没事的……嗯……」"
    },
    {
        "message": "她一边说着，一边扭动着腰部。"
    },
    {
        "name": "アガパンサス",
        "message": "「团长大人是……为了我着想，嗯……\n提出了不可能的要求吧？」"
    },
    {
        "name": "アガパンサス",
        "message": "「对我提出了不可能实现的要求，然后让我拒绝，\n从中……嗯……让我知道不必满足不可能的要求\n……哈，嗯……确实如理\n那个要求……是我能做到的，除了那一点之外」"
    },
    {
        "message": "仿佛窥见了百子莲仁慈的力量。"
    },
    {
        "name": "アガパンサス",
        "message": "「而让我抱着……这句话，嗯……反过来说\n是希望能将我视为那样的对象……就是这个意思吧？\n真是令人高兴」"
    },
    {
        "message": "此刻，阴茎正坚硬勃起着，这一点是毋庸置疑的。"
    },
    {
        "name": "アガパンサス",
        "message": "「所以，团长大人不必去考虑困难的事情，\n只需要想着感觉舒服就好了」"
    },
    {
        "message": "说着，百子莲开始缓慢地前后摇动起臀部。"
    },
    {
        "name": "アガパンサス",
        "message": "「疼痛已经减轻很多了，所以，\n试试这样，不是上下地动，而是这样，前后地……怎么样？」"
    },
    {
        "message": "百子莲摇动着臀部，并非上下扭动，而是前后晃动，在这方面看起来非常娴熟。"
    },
    {
        "name": "アガパンサス",
        "message": "「男人感到舒服的时候，会射精对吧？\\n想射的话，随时都可以射哦？」"
    },
    {
        "name": "アガパンサス",
        "message": "「嘿，嗯，怎么样，呼呼，呼呼，感觉，舒服吗？」"
    },
    {
        "message": "百子莲的问题得到了肯定的回答。"
    },
    {
        "message": "虽然没有剧烈的动作，但阴茎却被充分地刺激着。"
    },
    {
        "name": "アガパンサス",
        "message": "「太好了……\\n嗯，团长大人能不能感觉舒服，我一直在担心着……」"
    },
    {
        "name": "アガパンサス",
        "message": "「团长大人，嗯……请自由地动一动哦？\\n团长大人感觉舒服，嗯……对我来说最重要了」"
    },
    {
        "message": "心中仍有些许愧疚，觉得是不是强迫了百子莲。\\n但已经做到这一步了，现在装模作样也没用。\\n既然如此，就决定让百子莲感受到前所未有的快感。"
    },
    {
        "message": "稍微加快了一些速度，并征得了百子莲的同意。"
    },
    {
        "name": "アガパンサス",
        "message": "「嗯嗯，没关系的\\n团长大人，请随意……嗯嗯！」"
    },
    {
        "message": "百子莲的话还没等说完，为了让她感到舒服，我从下面顶了上去。"
    },
    {
        "name": "アガパンサス",
        "message": "「啊啊……好厉害！好厉害，团长大人的，肉棒！嗯，摩擦得好多！啊！」"
    },
    {
        "message": "每一次顶上去，百子莲的阴道都紧紧地夹住我的阴茎。"
    },
    {
        "name": "アガパンサス",
        "message": "「嗯，啊啊，啊啊！团长大人，深处！全部都到了！肉棒，嗯，啊啊！碰到了！」"
    },
    {
        "message": "肉棒的龟头在百子莲的子宫口上不断亲吻。随着这个动作，百子莲扭动着腰部，快感倍增。射精只是时间问题。"
    },
    {
        "name": "アガパンサス",
        "message": "「不行，嗯，我什么都，什么都想不到……！啊啊，想让团长大人感到舒服，嗯！可是！啊啊！」"
    },
    {
        "name": "アガパンサス",
        "message": "「我、我！这样的话很快就会达到极限了！嗯！呼呼，啊啊！想让团长大人感到舒服，可是嗯！啊啊！」"
    },
    {
        "message": "颤抖着的百子莲满脸陶醉和恍惚的表情。虽然很想马上射精，但既然决定要让百子莲感到舒服，还不能结束。"
    },
    {
        "name": "アガパンサス",
        "message": "「已经、已经只能想着要感觉舒服了！团长大人啊！嗯，团长大人啊！」"
    },
    {
        "name": "アガパンサス",
        "message": "「啊，不行，不行！团长大人的，那个，嗯，忍耐着的，痛苦的表情！啊！嗯嗯！好棒，嗯，感觉好刺激啊！」"
    },
    {
        "name": "アガパンサス",
        "message": "「射出来吧，团长大人！别忍着，射满我的里面吧！」"
    },
    {
        "message": "那诱惑般的声音是摧毁理性的最后一击。为了在百子莲的体内尽情释放，我猛地顶了上去。"
    },
    {
        "name": "アガパンサス",
        "message": "「啊啊啊啊！不、不行，团长大人，我、啊啊啊啊！」"
    },
    {
        "name": "アガパンサス",
        "message": "「啊啊啊！呼呼，呼呼，咕……呼呼……」"
    },
    {
        "message": "在百子莲剧烈收缩的体内尽情射出所有的精液。快感包裹着全身。"
    },
    {
        "name": "アガパンサス",
        "message": "「呼呼……这就是被喜欢的人抱着的感觉……」"
    },
    {
        "message": "百子莲的身体依然在微微颤抖着。她好像感受到了愉悦，这真是太好了。"
    },
    {
        "name": "アガパンサス",
        "message": "「嗯……啊……团长大人的……已经出来了……」"
    },
    {
        "message": "从结合部渗出爱液的同时，精液也慢慢地流了出来。"
    },
    {
        "message": "射精后冷静下来，突然间涌上心头的是对百子莲是否被强迫的后悔。"
    },
    {
        "name": "アガパンサス",
        "message": "「团长大人不需要露出那种表情的哦，因为我一直都想被团长大人抱着。」"
    },
    {
        "message": "听到这意外的告白，我难以掩饰住我的惊讶。"
    },
    {
        "name": "アガパンサス",
        "message": "「我之前一直希望能和团长大人成为恋人，但一直找不到让关系进展的契机……」"
    },
    {
        "name": "アガパンサス",
        "message": "「但是今天团长大人突然说要我抱着，虽然很吃惊，但我觉得这是个绝佳的机会，就把团长大人推倒了。」"
    },
    {
        "message": "百子莲调皮地伸出舌头。并不是勉强答应了要求，而是原本就渴望着这件事吗？"
    },
    {
        "name": "アガパンサス",
        "message": "「正是如此，就算有人给我大笔金钱，如果我的钱包是空的，我也无法给予。」"
    },
    {
        "name": "アガパンサス",
        "message": "「同样地，虽然可以和喜欢的人亲密接触，但和不喜欢的人却做不到。」"
    },
    {
        "message": "百子莲微笑着。"
    },
    {
        "message": "听到这句话，一股疲惫袭来。\\n也就是说，我白白多虑了，全是谣言。"
    },
    {
        "name": "アガパンサス",
        "message": "「团长大人，辛苦了吗？\\n身边的事我来处理，您就安心睡吧。」"
    },
    {
        "message": "我决定借用百子莲的好意，闭上了眼睛。"
    }
]