[
    {
        "name": "サンダーソニア",
        "message": "「团长，你想和我说什么呢？」"
    },
    {
        "message": "把宫灯百合叫到房间里，她露出了天真无邪的笑容。\\n我先让她坐到床上。"
    },
    {
        "message": "我坐在宫灯百合旁边，盯着她的脸。"
    },
    {
        "name": "サンダーソニア",
        "message": "「被、被这样盯着看会害羞的……\\n那个，团长？你要和我说的事情是……？」"
    },
    {
        "message": "看着脸颊泛起羞涩的宫灯百合，我再次询问她的要求。\\n与她对视着，我告诉了她召唤她来房间的原因。"
    },
    {
        "message": "我想和宫灯百合相爱。\\n毫不掩饰地，直接表达了我的心意。"
    },
    {
        "name": "サンダーソニア",
        "message": "「嘿嘿……好开心……\\n我也好想要你爱上我……」"
    },
    {
        "name": "サンダーソニア",
        "message": "「而且……听着团长那美妙的声音，\\n被这样说了……我绝对无法拒绝\\n只是被耳语着……肚子里、脑海中、\\n立刻就变得软绵绵♪」"
    },
    {
        "message": "那么，作为上次的感谢。让我尽情地爱你吧。\\n我把嘴凑近可爱的耳畔，温柔地请求着。"
    },
    {
        "name": "サンダーソニア",
        "message": "「啊啊啊……团长，声音好甜蜜……在我的脑海中回荡着……\\n啊……拜托了……♪ 充分地，爱我吧……♪」"
    },
    {
        "message": "我夺走她的嘴唇，我们互相享用着热烈的亲吻。\\n然后将她推倒在床上，做好了与宫灯百合连结的准备。"
    },
    {
        "name": "サンダーソニア",
        "message": "「啵、嗯……啊啊……团长的，好硬……嗯呜\\n碰到入口了……哈呜，啊啊……」"
    },
    {
        "message": "一边继续亲吻，\\n一边将龟头插入宫灯百合的阴道，轻轻地刺破粘膜。"
    },
    {
        "name": "サンダーソニア",
        "message": "「啊……硬硬的，不断地进来……嘭嘭，啪啪啪\\n在肚子里，变成了团长的形状……扩张着……嗯呜……」"
    },
    {
        "name": "サンダーソニア",
        "message": "「就这样……深入到最里面……\\n快点，想要和团长连结在一起……嗯嘟，嗯呜，啪嘟，嗯呜呜」"
    },
    {
        "message": "仿佛被她甜美的声音所引诱，\\n我向前挺起臀部，将阴茎完全插入到根部。"
    },
    {
        "name": "サンダーソニア",
        "message": "「啊呜……啊呜，啊啊呜！」"
    },
    {
        "message": "龟头有力地撞击着阴道深处，\\n宫灯百合随着娇喘声剧烈地颤动着身体。"
    },
    {
        "name": "サンダーソニア",
        "message": "「顶端，深入最里面……\\n变得坚硬的感觉……」"
    },
    {
        "name": "サンダーソニア",
        "message": "「肚子里……充满了团长的……\\n感到非常幸福……嗯，啾♪」"
    },
    {
        "message": "就这样一直爱着宫灯百合，直到她达到极致。\\n一边交换吻语，再次告诉她，\\n插入的阴茎被她的阴道甜蜜地紧紧包裹着。"
    },
    {
        "name": "サンダーソニア",
        "message": "「拜托了……我已经很湿了……\\n想要被爱抚很多……忍耐不住了……」"
    },
    {
        "message": "她点头示意，开始抽送。"
    },
    {
        "name": "サンダーソニア",
        "message": "「啊啊……嗯嗯……嗯呜……\\n肚子里，感觉很舒服……啊呜，嗯呜\\n坚硬的在各个地方摩擦着……啊啊……」"
    },
    {
        "name": "サンダーソニア",
        "message": "「滋滋地出入着……\\n里面，酥酥麻麻的……哈呜……嗯呜……\\n会变得更加、更加地、黏稠起来……啊啊」"
    },
    {
        "message": "在被爱液打湿润滑的阴道内，反复插出阴茎。\\n每一次都感受到与缠绕在一起的阴道肌肉摩擦所带来的刺激，\\n我伸手去触摸她的乳房。"
    },
    {
        "name": "サンダーソニア",
        "message": "「嘿呀！\\n胸部被团长揉捏着……啊啊，嗯呜……\\n这样、刺痛得……发麻了……啊啊……」"
    },
    {
        "message": "抽送的同时揉捏着乳房，\\n宫灯百合的娇声变得更加甜美。\\n施加强弱刺激着柔软的隆起，她陷入了快感中。"
    },
    {
        "message": "她的反应非常可爱，欲望和爱意在心头蔓延。\\n我靠近她敏感地受到刺激而狂乱的身体，\\n将升腾的爱意在耳边传达给她。"
    },
    {
        "name": "サンダーソニア",
        "message": "「啊呜呜……被我最爱的团长大人说着……啊呀、啊呜呜\\n被说可爱……在耳边低语，太幸福了……」"
    },
    {
        "name": "サンダーソニア",
        "message": "「脑袋和小穴都变得黏黏的……啊呼、啊啊、啊呜呜……\\n已经、只能想着团长大人了……嗯啊啊」"
    },
    {
        "message": "宫灯百合真的露出了非常开心的笑容，表达了喜悦。\\n听到她的心声，我的心情更是高涨。"
    },
    {
        "message": "我希望她能感受到比现在更多的快乐。\\n这样的想法涌上心头，\\n便问她还有什么想要我做的。"
    },
    {
        "name": "サンダーソニア",
        "message": "「那样的话……想要接吻……\\n再次，想要团长大人亲吻我……」"
    },
    {
        "name": "サンダーソニア",
        "message": "「嘴巴、胸部还有小穴，\\n就这样……一边被你充满爱抚着……\\n在高潮时，请叫我宫灯百合……轻声说出我的名字……」"
    },
    {
        "message": "她所期望的行为，也正是我所渴望的。\\n因此，怀着满满的爱意，彻底满足了她的愿望。"
    },
    {
        "name": "サンダーソニア",
        "message": "「嗯啾、啾、团长大人，嗯啾、啾啦啦啦……！\\n肉棒，好厉害，好厉害……嗯啾、嗯哈啊！」"
    },
    {
        "name": "サンダーソニア",
        "message": "「胸部也被揉揉……好有力气呢……\\n我……这个、很快就忍不住了……\\n啊嘶、嗯啾、啾啦啦啦，嗯呜呜……！」"
    },
    {
        "message": "揉捏着柔软的触感，\\n顶着充满热情的阴道内部，坚挺地不停地刺入。"
    },
    {
        "message": "彼此强烈地寻求对方，逐渐爬升到了极致的高潮。"
    },
    {
        "name": "サンダーソニア",
        "message": "「啊嘶、啾、啾啦啦啦，嗯啾……！\\n好喜欢，嗯呜呜，呜呜，嗯嗯，好喜欢你……团长大人……嗯嗯！」"
    },
    {
        "name": "サンダーソニア",
        "message": "「啊呜、哈啊啊、呵呜、嗯呜呜呜……！\\n小穴，要高潮了……啊啊、哈啊、哎呀！\\n要高潮了、要高潮了呜……！」"
    },
    {
        "name": "サンダーソニア",
        "message": "「叫出我的名字……用甜蜜的声音，在脑海中……让我陶醉其中……」"
    },
    {
        "message": "我也感受到快感如火如荼。\\n几乎要喷出精液的同时，\\n在耳边告诉了心爱的人的名字。"
    },
    {
        "name": "サンダーソニア",
        "message": "「啊呀、要高潮了！\\n好强烈的感觉来了、哈啊、哎呀、要高潮了、要高潮了！」"
    },
    {
        "name": "サンダーソニア",
        "message": "「啊哈啊、嗯嗯啊、嗯嗯……！\\n高潮啊啊啊啊啊啊啊啊啊……！！」"
    },
    {
        "name": "サンダーソニア",
        "message": "「啊啊啊啊……阴道一直在颤抖着……\\n好开心呀……啊呜呜呜呜」"
    },
    {
        "name": "サンダーソニア",
        "message": "「团长的声音……在脑海中回荡着，好幸福……\\n这样，感觉这么舒服……我以前不知道的呀……」"
    },
    {
        "message": "在快感爆发的冲击下，宫灯百合的阴道粘膜不断收缩。\\n紧紧夹住阴茎的蠕动，诉说着她达到高潮的强烈程度。"
    },
    {
        "name": "サンダーソニア",
        "message": "「嗯吮……嗯嗯、吮吸、吮吸着……嗯哈……\\n肉棒也……在里面不停地颤动着……吮吸、嗯吮吸」"
    },
    {
        "name": "サンダーソニア",
        "message": "「精液，射得好多……我很高兴……噗啊、哈啊啊……」"
    },
    {
        "message": "分开双唇，唾液的线条在彼此之间流淌。\\n看着那淫靡的景象，宫灯百合和我对视着。"
    },
    {
        "name": "サンダーソニア",
        "message": "「哈哈……哈哈……和团长的那个，真的好舒服呢……\\n阴道深处，还在颤抖着呢……」"
    },
    {
        "message": "如果能让她感到满足，\\n今晚召唤宫灯百合过来真是个明智的选择。\\n一边急促地喘息着，我这样说道。"
    },
    {
        "name": "サンダーソニア",
        "message": "「那最后，再让我……任性地请求你……\\n再一次在耳边，叫我的名字……希望你能」"
    },
    {
        "message": "这点小事。\\n为了让她更开心，我紧紧贴着她，\\n一遍又一遍地说着她的名字和可爱。"
    },
    {
        "name": "サンダーソニア",
        "message": "「啊，太棒了……♪\\n团长的声音……我好喜欢……\\n一直，一直……想要听下去，太棒了……♪」"
    },
    {
        "message": "伸出手环抱住她的身体，她也加大了贴近感。\\n就这样，我们彼此表达着爱意。"
    }
]