[
    {
        "name": "タチバナ",
        "message": "「团长大人……请、请不要动！」"
    },
    {
        "message": "当我伸手去拿书架上的书时，桔说道。\\n她的声音，有些异常紧张地颤抖着。\\n在她与平常不同的声音下，我不由自主地停止了身体的动作。"
    },
    {
        "name": "タチバナ",
        "message": "「唔唔……团长大人……对、对不起！」"
    },
    {
        "message": "正当我警惕地准备时，背后传来了轻微的冲击和柔软的触感。\\n看来桔是从后面抱住了我。\\n她的举动让我的身体再次紧张起来。因为这并不是她平常严肃的行为。"
    },
    {
        "name": "タチバナ",
        "message": "「对不起，做了这样的事……但是，我……我……！\\n无论如何，我都想要触碰团长大人……想要被触碰……！」"
    },
    {
        "message": "桔环绕在我的身体上的手微微颤抖着。她略显急促、强烈的心跳从背后传了过来。"
    },
    {
        "message": "然后，我想起了之前发生过与现在相同情况的事情。\\n但那时候，我们两个的情况完全颠倒了。"
    },
    {
        "name": "タチバナ",
        "message": "「现在，我能理解团长大人的心情了」"
    },
    {
        "message": "颤抖着的她的手轻柔地抚摸着我的胸膛。在那舒适感下，我不由自主地闭上了双眼陶醉其中。"
    },
    {
        "name": "タチバナ",
        "message": "「我爱你……团长大人，最爱你\\n今天由我来……为了让团长大人感到舒服……」"
    },
    {
        "name": "タチバナ",
        "message": "「啊……进来了……啊，啊啊！」"
    },
    {
        "message": "她用手搭在阴茎上，自己将其对准了湿漉漉的凹陷处。\\n然后，慢慢地，桔开始往下坐。\\n在插入的刺激下，阴道内收缩了几次。\\n仿佛是在确认着阴茎的形状一般。"
    },
    {
        "name": "タチバナ",
        "message": "「进来了……嗯嗯，团长大人的，好大\\n……啊啊，嗯，好壮观……啊啊！」"
    },
    {
        "message": "桔暂时没有动，保持插入状态，平复呼吸。\\n过了一会儿，仿佛做好了心理准备一般开口说道。"
    },
    {
        "name": "タチバナ",
        "message": "「因为今天是我决定要做的……\\n嗯，团长大人……就这样……嗯嗯！」"
    },
    {
        "message": "桔开始缓慢地扭动腰部。\\n阴茎表面在湿润的阴道壁上摩擦着，快感从腰部传遍全身。"
    },
    {
        "name": "タチバナ",
        "message": "「啊啊，嗯嗯嗯……！ 这种感觉……啊啊！\\n好、好久没……嗯嗯嗯……！\\n对不起，团长大人……动作、不太顺利……啊！」"
    },
    {
        "message": "她的腰部动作确实有些生涩，但她努力地尽力服务的姿态让人感动。而且，并不是一点也不舒服。"
    },
    {
        "name": "タチバナ",
        "message": "「真的吗？ 嗯嗯……那就太好了……\\n嗯嗯……啊啊啊！\\n那么，我、我继续吧？ 嗯……！」"
    },
    {
        "message": "桔额头上沁出了汗，微笑着看着这边。\\n看到她这样的样子，突然想要提出一个请求。"
    },
    {
        "name": "タチバナ",
        "message": "「团长大人？ 有什么事吗？」"
    },
    {
        "message": "察觉到这边的情况，桔停下了腰的动作，\\n歪着头看向这边。"
    },
    {
        "message": "或许她现在会听从我的请求，我说着张开了腿。\\n于是，桔满脸通红地低下了头。"
    },
    {
        "name": "タチバナ",
        "message": "「诶？ 啊、张开腿……吗？ 但、但是……如果那样的话……\\n呜呜呜……团长大人……你想看那种地方吗？」"
    },
    {
        "message": "她看起来很害羞地问道。虽然觉得她可能不会答应，但还是点了点头。\\n然而，桔给出的答案却出乎意料。"
    },
    {
        "name": "タチバナ",
        "message": "「明、明白了……张开腿就好吗？\\n这、这样的话……团长大人会更舒服吧？」"
    },
    {
        "name": "タチバナ",
        "message": "「那个……可以、的吧？\\n如果团长大人能感到舒服，我……会很高兴的」"
    },
    {
        "message": "说着，桔慢慢地开始张开双腿。\\n这慢慢的动作，虽然是展露出私密之处的羞耻的表现，\\n但在这个时刻，却感受到了一种让人焦急的妖艳之美。"
    },
    {
        "name": "タチバナ",
        "message": "「团长大人，这样……可以吗？\\n能、看得清楚吗？」"
    },
    {
        "message": "满脸通红的桔颤抖着声音说道。\\n当然，在这种状态下张开双腿就会让连接部完全暴露出来。\\n淫靡的景象让全身的血液都沸腾了起来。"
    },
    {
        "name": "タチバナ",
        "message": "「团长大人……嗯、不、不要那么、盯着看……\\n嗯嗯，啊啊……被看到了……我、我……！」"
    },
    {
        "message": "停止的腰部动作重新开始了。\\n阴茎在阴道内摩擦着，闪烁着淫秽的光芒。"
    },
    {
        "message": "为了进一步加剧兴奋，\\n这次我请求能触摸她那可爱的乳房。\\n于是，桔考虑片刻后稍微弯下身子。"
    },
    {
        "name": "タチバナ",
        "message": "「啊啊啊！ 团长大人……嗯嗯！\\n这样、我的什么……太小了……\\n碰触也绝对不会感到愉快的……嗯嗯！」"
    },
    {
        "message": "桔说着埋怨的话，但并没有表现出讨厌的样子。\\n用手掌轻柔地抚摸着被挤压出来的乳房。"
    },
    {
        "name": "タチバナ",
        "message": "「嗯，啊啊……！ 团长大人……！\\n嗯嗯……！ 这样温柔地触摸着……啊啊！\\n我、已经无法灵活地动了……呜、啊啊！」"
    },
    {
        "message": "在她的话语被打断的同时，这次刺激乳头。\\n那个地方立刻就变得坚挺，自我主张起来。"
    },
    {
        "name": "タチバナ",
        "message": "「嗯、啊啊，团长大人……那里……别捏着……！\\n嗯嗯嗯……！ 啊啊！\\n别这样……嗯嗯，专心地摸着……嗯嗯！」"
    },
    {
        "message": "因为那么可爱的乳房而陶醉其中。\\n一点也没有自卑的感觉。"
    },
    {
        "name": "タチバナ",
        "message": "「这样……啊啊！\\n这么、可爱什么的……啊啊！」"
    },
    {
        "name": "タチバナ",
        "message": "「被说成那样……我、啊啊，嗯嗯嗯！\\n明明想让团长大人舒服的……我反而……先……！\\n嗯嗯嗯……啊啊！」"
    },
    {
        "message": "桔的腰部动作比先前更加流畅。\\n然后，她含着泪水的眼眸转向我，像是恳求般说出台词。"
    },
    {
        "name": "タチバナ",
        "message": "「求、求求您了，团长大人……！ 让、让它出来吧！\\n肉棒，请感受舒服吧！」"
    },
    {
        "name": "タチバナ",
        "message": "「让我……达到高潮……啊呀呀，团长大人……！\\n用我……嗯嗯，在我的小穴里，感受舒服吧！」"
    },
    {
        "message": "她自己说出淫秽的话语，撒娇地促使射精。\\n与平时的她完全不同，那姿态是如此淫靡。"
    },
    {
        "name": "タチバナ",
        "message": "「我也，已经要高潮了……！ 啊啊！\\n用团长大人的肉棒来感受小穴的快感！」"
    },
    {
        "name": "タチバナ",
        "message": "「呼啊啊，啊啊高潮……小穴，高潮了！\\n啊啊，团长大人……啊啊！ 呼啊啊啊啊！」"
    },
    {
        "name": "タチバナ",
        "message": "「嗯嗯！ 啊啊……！ 肉棒，颤抖着……！\\n在我里面……嗯，好多，出来了……嗯嗯嗯！」"
    },
    {
        "message": "阴茎的尖端喷出大量精液。\\n桔全部接纳了它们在阴道深处。"
    },
    {
        "name": "タチバナ",
        "message": "「团长大人，啊啊，嗯嗯嗯……在出来……！\\n没关系……啊啊，我会全部接纳的，请出来吧\\n嗯，哈，哈……在我里面，请……全部……！」"
    },
    {
        "message": "颤抖着接受着高潮的精液，\\n即便如此桔也没有掩饰住她迷醉的表情。"
    },
    {
        "name": "タチバナ",
        "message": "「哈，哈……嗯嗯，哈，哈……团长、殿……\\n嗯，全部，都出来了吗？ 我很舒服吧？」"
    },
    {
        "message": "微笑着点头回答桔的问题。\\n同样地，也问了桔同样的问题。"
    },
    {
        "name": "タチバナ",
        "message": "「是的，我也……我也…………」"
    },
    {
        "message": "然而，她的表情很快就变得僵硬，耳朵也渐渐染红。\\n我凑近她的脸，想知道发生了什么事。\\n这时，桔迅速用双手遮住了她通红的脸。"
    },
    {
        "name": "タチバナ",
        "message": "「不、不要看！我……做了那种下流的事情……！\\n怎么会自己做出那样的事情……！」"
    },
    {
        "message": "看起来她是在慌张地回想起刚才的行为。"
    },
    {
        "name": "タチバナ",
        "message": "「唔唔唔……麻、麻烦了……麻烦了」"
    },
    {
        "message": "桔捂着脸摇头。看到她这样我不禁笑了出来。\\n但是，如果一直保持这种状态，我们也会感到困扰。\\n问她是因为太害羞、太讨厌所以才困扰吗。"
    },
    {
        "message": "这时，桔停下了动作\\n从遮住脸的手缝中露出了湿润的眼眸，偷偷地瞥了一眼过来。"
    },
    {
        "name": "タチバナ",
        "message": "「不是……不是因为讨厌，所以才困扰……\\n……呜呜呜呜呜！！！」"
    },
    {
        "message": "说着，桔再次陷入了痛苦之中。"
    }
]