[
    {
        "name": "オシロイバナ",
        "message": "「呼～……今天也辛苦了，团长大人」"
    },
    {
        "message": "傍晚，任务结束后，我和紫茉莉一起回到办公室。\\n我喘了口气，无意中看向她，\\n她的脸异常地红，我不由自主地站了起来。"
    },
    {
        "name": "オシロイバナ",
        "message": "「……诶？啊、不、不是！不是！这不是身体不适之类的！\\n穿着这个狮子装，太热了，出了好多汗！\\n只是因为这个……唔，让你担心了……对不起……」"
    },
    {
        "message": "我开始着急地想着难道之前没有注意到她身体不适吗。\\n但是，出这么多汗也有问题。\\n想确认一下到底出了多少汗，让她脱下来确认一下。"
    },
    {
        "name": "オシロイバナ",
        "message": "「诶诶！？现、现在，在这里吗！？那可做不到啦～！\\n要是被团长觉得臭死了多糟糕啊，我会死的！」"
    },
    {
        "message": "我断言绝对不会发生那种事。\\n只是想确认可能影响任务的情况而已。"
    },
    {
        "name": "オシロイバナ",
        "message": "「真的吗？呜～……嘛，如果团长这么说的话……知道了」"
    },
    {
        "message": "紫茉莉害羞地开始脱衣服，\\n露出被汗水浸透的苗条身材。\\n与此同时，办公室里弥漫着紫茉莉汗水的气味。"
    },
    {
        "name": "オシロイバナ",
        "message": "「果然，有点臭呢……诶？团、团长？」"
    },
    {
        "message": "闻着紫茉莉身上的汗味，体内涌上了炽热的感觉。\\n明明并非有意为之，却完全失算了。\\n对不起，无法克制，我低语着，紧紧地拥抱着她。"
    },
    {
        "name": "オシロイバナ",
        "message": "「团长的肉棒，进来了，嗯嗯啊！」"
    },
    {
        "message": "出乎意料地顺利，阴道将阴茎完全吞没。\\n阴道内部也像身体一样湿润。"
    },
    {
        "name": "オシロイバナ",
        "message": "「这、这样……突然、就、全部、进去了……！」"
    },
    {
        "message": "稍微动了一下腰部，连接处发出淫秽的咕噜咕噜声。"
    },
    {
        "name": "オシロイバナ",
        "message": "「哈呜呜！\\n这、这是汗啦，汗、因为出了好多汗，所以才……！」"
    },
    {
        "message": "脸涨得通红的紫茉莉，但阴道并没有流汗。"
    },
    {
        "name": "オシロイバナ",
        "message": "「知道啦！我也知道那种事！\\n团长你就是故意说这种话吧！？」"
    },
    {
        "name": "オシロイバナ",
        "message": "「在团长……喜欢的人面前，裸露自己的皮肤……\\n怎么可能保持镇定呢……」"
    },
    {
        "message": "紫茉莉害羞地垂下了目光。\\n我轻柔地拥抱着她纤细娇弱的身体。"
    },
    {
        "name": "オシロイバナ",
        "message": "「啊，不行啦，这样抱着的话，团长也会沾满汗水的！\\n我的汗很脏的！\\n所以，这个……能洗完澡再继续吗？」"
    },
    {
        "message": "不用在意那些。反而因为出汗才更好。"
    },
    {
        "name": "オシロイバナ",
        "message": "「我在意的啦！今天的团长，有点强硬呢……嘿呀」"
    },
    {
        "message": "一边抱着紫茉莉，一边将脸贴近她的身体深深地呼吸着。"
    },
    {
        "name": "オシロイバナ",
        "message": "「那个……汗……不会有味道吗？」"
    },
    {
        "message": "紫茉莉身上的汗水散发出一种媚药般的信息素，\\n每一次吸入都让人心跳加速。"
    },
    {
        "name": "オシロイバナ",
        "message": "「是、吗……被这样说还挺害羞的呢……\\n诶？ 真的假的，嗯……」"
    },
    {
        "name": "オシロイバナ",
        "message": "「团长的肉棒，在里面抽搐着……\\n心跳加速并不是比喻，真的很兴奋呢……\\n但是，被汗水粘粘的，不会很讨厌吗？」"
    },
    {
        "name": "オシロイバナ",
        "message": "「啊呀！？」"
    },
    {
        "message": "舔了舔紫茉莉的脖子。\\n如果讨厌粘粘的感觉，那就全部舔干净吧。"
    },
    {
        "name": "オシロイバナ",
        "message": "「不、不行啦，我的汗很脏的……啊呜呜！\\n不、不要舔，呜呜！」"
    },
    {
        "message": "细致地舔去紫茉莉晶莹剔透的白皙肌肤上的汗水。\\n她的汗水略带咸味，让人欲罢不能。"
    },
    {
        "name": "オシロイバナ",
        "message": "「啊，那里，脖子很敏感，啊！\\n不行，好酥好麻……！」"
    },
    {
        "message": "被她的颤抖激起兴奋，我细细地舔着从脖子到锁骨再到上臂。"
    },
    {
        "message": "接着瞄准了主菜的腋下。"
    },
    {
        "name": "オシロイバナ",
        "message": "「那、那里绝对不行！一定会臭的！\\n一定不行，所以……嗯……」"
    },
    {
        "message": "用吻压制住了挣扎的紫茉莉。\\n舌头交缠后，她的身体变得无力起来。"
    },
    {
        "message": "然后我拉起她的手，慢慢地举起她的手臂。"
    },
    {
        "name": "オシロイバナ",
        "message": "「啊呀，啊啊啊……嗯嗯嗯！」"
    },
    {
        "message": "舔了舔她放弃了抵抗的腋下。\\n果然味道和香气都很浓郁。"
    },
    {
        "name": "オシロイバナ",
        "message": "「好、好痒，嗯，好羞耻，我快要死了！\\n再继续下去真的不行了！」"
    },
    {
        "message": "让她泪眼朦胧地放下了手臂，我温柔地拥抱着她。\\n在这个过程中，我的手不经意间触及了她的臀部缝隙。"
    },
    {
        "name": "オシロイバナ",
        "message": "「……诶？ 团长，先生？」"
    },
    {
        "message": "紫茉莉的表情变得僵硬。\\n她想象着那只手会触及到什么。"
    },
    {
        "name": "オシロイバナ",
        "message": "「开、开玩笑吧？\\n团长先生，那样会真的不行的哦？」"
    },
    {
        "message": "看着她那样的表情，我的虐待欲被激起，\\n一边享受着柔软的臀肉，一边慢慢地伸出手向下探索，\\n伸出的手指找到了紫茉莉的敏感之处。"
    },
    {
        "name": "オシロイバナ",
        "message": "「那、那里，绝对，不行的！\\n团长先生，真的，那里，啊！ 啊啊啊！」"
    },
    {
        "message": "中指尖沉入了紫茉莉的肛门。\\n就在那一瞬间，她的腰猛地颤动了一下。"
    },
    {
        "name": "オシロイバナ",
        "message": "「进、进去了呜呜！ 指头，团长先生，指头呀！」"
    },
    {
        "message": "紫茉莉坐在膝上，身体不停地颤抖。"
    },
    {
        "name": "オシロイバナ",
        "message": "「拔、拔出来啦，请，请拔出来，团长先生！\\n我、那个、不对劲，嗯嗯，会出问题的，所以啊啊！」"
    },
    {
        "message": "稍微动了一下进入肛门的指尖，\\n紫茉莉的阴道紧紧地夹住了阴茎。"
    },
    {
        "name": "オシロイバナ",
        "message": "「指、别动了呀！\\n里面、嗯嗯！ 别动啊啊！」"
    },
    {
        "message": "每当紫茉莉这样说时，我的虐待欲愈发强烈。\\n手指的移动让阴茎被夹得更紧，快感波涌而至。"
    },
    {
        "name": "オシロイバナ",
        "message": "「拔、拔出来呀，哈哈，团长先生！\\n哈哈，指头、指头拔出来呀，嗯嗯啊啊！」"
    },
    {
        "message": "恳求的紫茉莉的脸上泛起羞耻，还有快感。\\n看到她的表情，我忍不住在不停地抽送着手指。\\n难以言喻的紧致中传来了无法形容的快感。"
    },
    {
        "name": "オシロイバナ",
        "message": "「不行，一起是不行的！ 嗯，啊！ 啊啊！\\n不行，嗯，哈，嗯，啊啊！ 会出问题的！\\n我，真的，嗯，啊啊！ 会出问题的！」"
    },
    {
        "name": "オシロイバナ",
        "message": "「感觉、太好了！ 我，会出问题的！\\n哈，哈，团长先生，感觉、太好了，嗯，头、一片空白……\\n……我，已经忍耐不住了……忍耐不住了！」"
    },
    {
        "message": "兴奋的紫茉莉开始随着抽送扭动起腰部。"
    },
    {
        "name": "オシロイバナ",
        "message": "「这、好舒服啊！\\n像这样、淫荡的我、对不起、对不起！ 对不起！\\n但是、嗯，啊啊！ 忍耐不住了！」"
    },
    {
        "name": "オシロイバナ",
        "message": "「好舒服！ 团长先生，我、好舒服啊！\\n啊啊！ 嗯！ 再、再多一点，请、团长先生！ 再多一点！」"
    },
    {
        "message": "看着狂乱的紫茉莉，感受到涌上心头的射精欲望，\\n更加剧烈地从下方向上冲刺。"
    },
    {
        "name": "オシロイバナ",
        "message": "「啊啊！ 嗯，太厉害了，团长先生，太厉害了！\\n啊啊！ 嗯嗯！ 哈哈、呼呼、嗯嗯！ 哈哈、嗯、啊啊！\\n太舒服了呢！」"
    },
    {
        "name": "オシロイバナ",
        "message": "「我、要高潮了呢！\\n团长先生，我、嗯、啊啊！ 要高潮了呢！」"
    },
    {
        "name": "オシロイバナ",
        "message": "「不行，想要更多，嗯！ 不行，不行啊！\\n要高潮了！ 要高潮了！ 我，要高潮了！」"
    },
    {
        "name": "オシロイバナ",
        "message": "「啊啊啊！ 嗯，嗯嗯嗯，嗯嗯……！」"
    },
    {
        "message": "在紫茉莉强烈的收缩下，我忍不住向她的最深处射出大量的浑浊液体。"
    },
    {
        "name": "オシロイバナ",
        "message": "「嗯！ 嗯……出来了……嗯，团长先生的、奶汁、出来了……\\n这么、多的……」"
    },
    {
        "message": "射精的波浪一次又一次地持续着，尽情地释放所有的精液。\\n无法完全进入阴道的精液与爱液混合溢出。"
    },
    {
        "name": "オシロイバナ",
        "message": "「团长先生这么兴奋，这不是第一次了吧？\\n团长先生，你这么喜欢吗，汗……」"
    },
    {
        "message": "虽然不清楚是不是喜欢，但看到满身大汗的紫茉莉确实很兴奋。"
    },
    {
        "name": "オシロイバナ",
        "message": "「也就是说，要让团长先生兴奋时要出汗……我学到了」"
    },
    {
        "message": "不仅如此，看起来紫茉莉也增加了自信，\\n就不再打击她了。"
    },
    {
        "name": "オシロイバナ",
        "message": "「以后要注意不要因为别的原因出汗了，\\n团长先生在工作时感到奇怪的话，可就麻烦了」"
    },
    {
        "message": "我温柔地拥抱着微笑着调皮的紫茉莉。"
    }
]