[
    {
        "message": "果香菊向罗曼・卡莫米尔磕头。\\n她说，似乎是因为打破了办公室的花瓶。"
    },
    {
        "name": "ローマンカモミール",
        "message": "「无论是什么惩罚我都接受\\n请您原谅我……」"
    },
    {
        "message": "听说要接受任何惩罚的时候，我突然涌起了恶作剧心。\\n我从附近拿起绳子，让罗曼・卡莫米尔双手被绑在背后。"
    },
    {
        "name": "ローマンカモミール",
        "message": "「团长大人！？ 您要用我做什么？」"
    },
    {
        "message": "我告诉她这是惩罚。\\n作为打破花瓶的惩罚，让她的身体来满足我。"
    },
    {
        "name": "ローマンカモミール",
        "message": "「这是通过性行为来赔偿吧…… 我知道了\\n但是，我没有经验\\n请您毫不留情地命令，以便满足您」"
    },
    {
        "name": "ローマンカモミール",
        "message": "「然后，非常抱歉，请您脱掉我的衣服吗？\\n因为被绑着……啊啊啊！」"
    },
    {
        "message": "听到是第一次，我的心动摇了一下，但很快就甩开了衣服。\\n她穿着类似女孩子穿的内裤，遮住了私处。"
    },
    {
        "name": "ローマンカモミール",
        "message": "「非常抱歉，我只有这样的内衣\\n这样的话，您会不会感到满意呢？」"
    },
    {
        "message": "反而感到兴奋。\\n命令她保持大腿的姿势，准备进行行为。"
    },
    {
        "name": "ローマンカモミール",
        "message": "「紧要关头，还需要勇气呢\\n但是，这是惩罚……我不会抱怨的」"
    },
    {
        "message": "怀着决心，她屈下了腰。"
    },
    {
        "name": "ローマンカモミール",
        "message": "「咕噜！啊啊啊啊！」"
    },
    {
        "message": "刺破处女膜的阴茎，撑开了阴道。"
    },
    {
        "name": "ローマンカモミール",
        "message": "「虽然很大，但还是可以……嗯嗯！」"
    },
    {
        "message": "在阴道完全包裹住罗曼・卡莫米尔的同时，\\n我感受到了她的重量。\\n看着她痛苦的表情，我开始怨恨自己因恶作剧而进行惩罚。"
    },
    {
        "name": "ローマンカモミール",
        "message": "「原来男性器官放进去会变成这样……\\n啊，没有疼痛，请不用担心……」"
    },
    {
        "message": "虽然无法退缩，但我还是想稍微帮帮她。"
    },
    {
        "message": "还不行。\\n在没有湿润之前动起来也不会很舒服，我试图委婉地表达。"
    },
    {
        "name": "ローマンカモミール",
        "message": "「遵命\\n那么，稍微动一下来分泌爱液」"
    },
    {
        "message": "她轻轻地开始前后摆动腰部。"
    },
    {
        "name": "ローマンカモミール",
        "message": "「咕、呼、嗯嗯，果然需要比预想中更多的力气……」"
    },
    {
        "message": "即使是第一次性交，她也毫不退缩地主动配合。\\n那么，从现在开始我要对自己心狠一点。\\n即使看到她痛苦的样子也要坚持下去。"
    },
    {
        "name": "ローマンカモミール",
        "message": "「嗯咕、呼呼、嗯嗯，爱液已经相当地流出来了，啊啊啊！」"
    },
    {
        "name": "ローマンカモミール",
        "message": "「准备好了，我会加快腰部的速度……\\n至少关于生育的知识我是有的，请期待……！」"
    },
    {
        "message": "只有鸽尾以下灵活地摆动着。\\n感受到一种与淫荡不同的美丽。"
    },
    {
        "name": "ローマンカモミール",
        "message": "「小时候我曾经骑马，所以……啊啊、啊、啊啊！？」"
    },
    {
        "message": "突然阴道肌肉一阵收缩，前后运动停了下来。\\n仿佛她正在拼命地忍受着自己身体中所发生的一切。"
    },
    {
        "name": "ローマンカモミール",
        "message": "「这、这就是性感的感觉吗……\\n因为是第一次所以……啊呀、啊、啊啊！」"
    },
    {
        "message": "果香菊在快感中挣扎着。\\n她似乎有些困惑，面对与她意志相悖的感觉。"
    },
    {
        "name": "ローマンカモミール",
        "message": "「请、请不用担心……我、我会努力的……嗯咕、呼呼、啊啊啊！」"
    },
    {
        "message": "既然下定决心要冷酷无情，就不会给予帮助。\\n相反，我决定捏住乳头给她更多刺激。"
    },
    {
        "name": "ローマンカモミール",
        "message": "「啊啊啊啊！？」"
    },
    {
        "name": "ローマンカモミール",
        "message": "「哈、哈、这、这到底是……\\n身体里在电闪雷鸣……哈、啊啊啊♪」"
    },
    {
        "message": "出乎意料，果香菊开始发出甜美的喘息声。\\n试着再次捏住勃起的乳头。"
    },
    {
        "name": "ローマンカモミール",
        "message": "「啊啊♪ 肚子里面好像在收缩……这就是内部收紧的感觉……嗯嗯♪」"
    },
    {
        "message": "正如她所说，阴道的收缩并非紧绷的感觉。\\n分泌的爱液不断增加，已经溢出连接部。"
    },
    {
        "name": "ローマンカモミール",
        "message": "「性感，就是这样的感觉吗……\\n好像明白了……嗯、嗯呼、有点、有点感觉」"
    },
    {
        "message": "果香菊重新开始前后运动。"
    },
    {
        "name": "ローマンカモミール",
        "message": "「啊呜、啊啊、啊呜、啊啊！\\n里面被抠着……嗯啊、啊啊、啊啊！」"
    },
    {
        "message": "纤细的腰部，淫荡地扭动着。\\n并非像骑马那样熟练，\\n只是对性感充满了贪婪的动作。"
    },
    {
        "name": "ローマンカモミール",
        "message": "「团长大人的东西在跳动着，也传达到了……！\\n嗯咕、嗯嗯、呼咕啊！虽然很羞耻，但停不下来！」"
    },
    {
        "message": "腰部仍然连接在最深处，\\n龟头和子宫口不断摩擦。\\n不仅前后，还左右扭动着，折磨着阴茎。"
    },
    {
        "message": "全身都是汗水，微弱的室内光线在上面泛着光。\\n这是沉浸在行为中的最明显证据。"
    },
    {
        "name": "ローマンカモミール",
        "message": "「团长大人，请下令吧？\\n我这样下去……可能坚持不了太久了……！」"
    },
    {
        "name": "ローマンカモミール",
        "message": "「虽然知道是在惩罚……\\n全身，发麻……啊，啊啊啊啊！」"
    },
    {
        "message": "虽然不打算下命令，\\n但为了理解她的心情，我决定给予一条命令。\\n在我达到极限之前，忍住高潮。"
    },
    {
        "name": "ローマンカモミール",
        "message": "「知道了……直到团长射精为止……嗯嗯嗯！？」"
    },
    {
        "message": "膝盖打滑，双腿更加张开。\\n紧密相连的最深处挤压在一起，\\n汗水浸湿的身体开始抽搐。"
    },
    {
        "name": "ローマンカモミール",
        "message": "「哈、哈、哈、现在、眼前……哈、哈」"
    },
    {
        "message": "瞳孔扩大，视线只朝着一个方向。\\n呼吸急促到可以看到胸部上下的变化。"
    },
    {
        "name": "ローマンカモミール",
        "message": "「已经、要结束了……\\n即使没有命令，也要……放、松……啊！」"
    },
    {
        "name": "ローマンカモミール",
        "message": "「作为代价，将这具身体全部献给团长大人……\\n哈、哈、哈啊啊、哈啊啊！」"
    },
    {
        "message": "摇摆着腰部引导着射精，\\n隐藏着肿胀的射精欲望下达命令。"
    },
    {
        "name": "ローマンカモミール",
        "message": "「那么，尽管放开……嗯啊，啊，嗯啊啊！」"
    },
    {
        "message": "将阴核压向这里的耻骨，\\n果香菊陷入了快感的漩涡。"
    },
    {
        "name": "ローマンカモミール",
        "message": "「啊，好舒服，从阴核那里，抽搐着……！」"
    },
    {
        "name": "ローマンカモミール",
        "message": "「要来了……！从我的深处，啊，啊啊！\\n高潮的波涌来……！」"
    },
    {
        "message": "仿佛向快感投降般地阴道收紧，\\n加速朝着高潮蠕动。"
    },
    {
        "name": "ローマンカモミール",
        "message": "「好像有什么非常可怕的东西就在眼前……！\\n如果我先达到顶点真是抱歉……啊，啊，啊啊！」"
    },
    {
        "message": "告诉她说让她在高潮的收缩中达到顶点。"
    },
    {
        "name": "ローマンカモミール",
        "message": "「谢谢……那个，虽然有点不好意思……！」"
    },
    {
        "name": "ローマンカモミール",
        "message": "「不行了，到极限了……抽搐不已……！\\n从刚才开始就一直想要达到顶点……嗯啊，啊啊，嗯啐！」"
    },
    {
        "message": "缠绕龟头的快感升温，\\n向深处的精液招手。"
    },
    {
        "name": "ローマンカモミール",
        "message": "「团长大人……！\\n请毫无顾忌地，射精吧……！」"
    },
    {
        "message": "腰部的摩擦变得更短。\\n只刺激阴核，果香菊朝着高潮飞驰。"
    },
    {
        "name": "ローマンカモミール",
        "message": "「要来了……我……！\\n哈哈哈哈……要来了，要来了！太厉害了要来了！！」"
    },
    {
        "name": "ローマンカモミール",
        "message": "「要来了，要来了，要来了要来了！\\n团长大人，团长大人！我，我……！！」"
    },
    {
        "name": "ローマンカモミール",
        "message": "「啊啊啊啊啊啊啊啊啊啊啊！」"
    },
    {
        "name": "ローマンカモミール",
        "message": "「啊啊啊啊！在子宫里……！」"
    },
    {
        "message": "炽热滚烫的热量之块，如同猛击般倾注到阴道深处。"
    },
    {
        "message": "被汗水、爱液和精液浸润的阴道像是紧紧抓住一般收缩，\\n榨干着这似乎不像是初次的高潮。"
    },
    {
        "name": "ローマンカモミール",
        "message": "「啊啊，被射精，感觉，真好……啊啊啊」"
    },
    {
        "message": "喘着粗气，沉浸在愉悦中的果香菊。\\n射精持续了很久，他本人也像她一样不断地痉挛。"
    },
    {
        "message": "等她平静下来，\\n决定表达道歉之词。\\n称之为惩罚行为实在对不起。"
    },
    {
        "name": "ローマンカモミール",
        "message": "「并没有需要您道歉的事情\\n我也得到了快感，所以并不算是惩罚……」"
    },
    {
        "message": "她的目光游移不定。"
    },
    {
        "name": "ローマンカモミール",
        "message": "「刚才的行为并不算是惩罚，所以……\\n还没有接受打破花瓶的惩罚……」"
    },
    {
        "message": "眨眼频频，美貌闪烁着看向这边。"
    },
    {
        "name": "ローマンカモミール",
        "message": "「我觉得还是需要进行打破花瓶的惩罚……♪」"
    },
    {
        "message": "显然是在引诱。\\n那么，我会告诉她我会在另一个时间进行打破花瓶的惩罚。"
    },
    {
        "name": "ローマンカモミール",
        "message": "「我已经献给团长大人了，\\n如果想要进行惩罚，请随时召唤我，嘿嘿♪」"
    }
]