[
    {
        "message": "妙怪的感觉。\\n无论经历多少次，都无法习惯，\\n会怀疑自己是否有两个人格。"
    },
    {
        "message": "柠檬。隶属于柳橙队的香蕉海洋的花骑士。\\n开朗明快，总是充满活力。\\n充满自信地喊着交给柠檬小姐，那副模样也让人觉得可爱。"
    },
    {
        "name": "レモン",
        "message": "「那、那么盯着看是不行的啦……\\n我们只是上司和部下而已……\\n盯着看不行啦……好害羞啊」"
    },
    {
        "message": "开朗活泼的柠檬，一旦两人独处就会变成这个样子。\\n确切来说，她在这里感受到男性气息时就会变得温顺起来。"
    },
    {
        "message": "因此，虽然口中说着是上司和部下，\\n但柠檬现在正感受到这里的男性气息。\\n察觉到心跳加速的感觉传达给了这边。"
    },
    {
        "name": "レモン",
        "message": "「虽然是上司和部下……明明应该是这样的……\\n我？ 我……好像已经无法忍耐了\\n所以，我要说……我想让你听听」"
    },
    {
        "name": "レモン",
        "message": "「在团长面前，\\n不再是部下的花骑士……而变成了女孩子\\n心脏怦怦跳动……脸红……头脑一片空白」"
    },
    {
        "message": "现在也是这样吗。\\n被展现出来的反差，让激动和兴奋涌上心头。"
    },
    {
        "name": "レモン",
        "message": "「所、所以呢？\\n我好像喜欢上了团长呢……嘿嘿\\n……啊、啊！？」"
    },
    {
        "name": "レモン",
        "message": "「不行，不行不行不行……再继续下去不行啦……」"
    },
    {
        "message": "面对虚弱的拒绝，但是停下来却是不可能的。"
    },
    {
        "message": "舔舐，吮吸着爱液，从湿润闪光的隐秘之处抬起脸，\\n将龟头贴近湿润闪光的深处。"
    },
    {
        "name": "レモン",
        "message": "「啊，嗯……摩擦着、不行啊\\n团长……那个，不能插进去哦？」"
    },
    {
        "name": "レモン",
        "message": "「这种事情可不能在结婚前做啊……嗯咿！？」"
    },
    {
        "message": "夺走她的双唇。\\n为了分散注意力，也为了将她的告白引导的激情还给她自己。"
    },
    {
        "name": "レモン",
        "message": "「嗯啊，啾啵……那、团长进来了……\\n舌头、别伸进来……啾啵、嗯咂\\n接吻也要等结婚以后才……嗯、嗯咂咂」"
    },
    {
        "name": "レモン",
        "message": "「色色的亲吻，不要啦……啾、嗯、咂\\n我的第一次呢……\\n这么色色的事情，不要啦……啊、啊呃、啊呃呃呃」"
    },
    {
        "message": "看着满是困惑和羞耻的脸庞，在她上下两端完成对她最深处的侵入。"
    },
    {
        "message": "那样，轻柔地爱抚着。不激烈，但却彻底。\\n在接受男性的粘膜上，\\n渐渐地记住了他的热度和形状。"
    },
    {
        "name": "レモン",
        "message": "「嗯、啊……太、团长，好过分啦」"
    },
    {
        "name": "レモン",
        "message": "「明明说了很多次了……我说了吧？ 我说了的\\n这种事情，不是和结婚的人才……」"
    },
    {
        "name": "レモン",
        "message": "「不、不行……嗯咂、啾啵、啾啵、嗯咂\\n咕噜咕噜，不要啊……」"
    },
    {
        "message": "抵抗只存在于言语中。没有逃跑，也没有挣扎。\\n紧握住像在乞求一样的五指成为了免罪符，行为一再重复。"
    },
    {
        "name": "レモン",
        "message": "「哈、哈、团长……啾、啾啵、嗯、啊啊\\n我……你讨厌我吗？」"
    },
    {
        "message": "回应着不可能，分开了口和舌。"
    },
    {
        "name": "レモン",
        "message": "「啊……」"
    },
    {
        "message": "柠檬留下依依不舍的声音。\\n湿润的唾液交织，颤抖的舌尖引发着对方的欲望。"
    },
    {
        "message": "顺着那股狂暴，一边告诉着推倒你的理由，一边开始动着腰。"
    },
    {
        "name": "レモン",
        "message": "「啊，嗯嗯……因、因为，可爱吗？」"
    },
    {
        "message": "与和同性在一起时不同，只对我一个人展现的顺从。\\n溢出的天真和不习惯男人的态度。\\n在极致的告白中，我无法忍耐。"
    },
    {
        "name": "レモン",
        "message": "「嗯啊，嗯嗯……被、被这样说了……啊、啊啊」"
    },
    {
        "message": "变成蜜壶的阴道，收紧着。\\n将其视为愉悦的反应，自私地解释并反复往复。"
    },
    {
        "name": "レモン",
        "message": "「这样不行……却无法拒绝\\n因为我，喜欢上了你……\\n虽然不行……却说不出来」"
    },
    {
        "name": "レモン",
        "message": "「头脑一片空白\\n团长的热度在摩擦着……从那里扩散开来\\n嗯，虽然不能被带走……但我好高兴……哈，啊啊，啊啊」"
    },
    {
        "message": "在羞耻和困惑之中，快感和喜悦显露出来。"
    },
    {
        "name": "レモン",
        "message": "「求求你了团长……再一次……」"
    },
    {
        "message": "撒娇着，柠檬挺起了腰。\\n为了让这边更容易动，表现出关心的举动。\\n无意识的淫态，刺入了腰间。"
    },
    {
        "name": "レモン",
        "message": "「可爱……再说一遍，也许想听呢」"
    },
    {
        "message": "在自己的欲望中感到困惑的撒娇。\\n那样可爱，一边抚摸着握住的手，说出了被请求的话语。"
    },
    {
        "name": "レモン",
        "message": "「啊……好高兴♪」"
    },
    {
        "message": "喜悦侵蚀着柠檬的困惑。\\n与这边的肉棒相契合的肉壶，扭动着褶皱开始引诱深处。"
    },
    {
        "message": "知道时机已到，加快插入的速度。"
    },
    {
        "name": "レモン",
        "message": "「啊、啊呃、嗯嗯……啊啊、啊啊啊\\n团长，团长……好舒服变大了\\n太淫荡了，停不下来……呼啊、啊啊」"
    },
    {
        "name": "レモン",
        "message": "「虽然是第一次做爱……被强行袭击……因为是你……因为喜欢上了你……\\n汁液也很多……嗯、嗯啊！ 噗噗地，好色呢」"
    },
    {
        "message": "仰望的热切目光成为了告白的证明。\\n同时也传达出了在寻求什么。"
    },
    {
        "name": "レモン",
        "message": "「不行了……团长，求求你\\n再一个……求求你，听我说？」"
    },
    {
        "message": "刮动阴道的声音，点缀着绝望的撒娇。\\n毫无拒绝，用温柔的节奏促使着柠檬。"
    },
    {
        "name": "レモン",
        "message": "「想要亲吻……再来一次淫荡的亲吻……\\n在团长的嘴里，再一次充满……啪噗啪噗地？」"
    },
    {
        "message": "感动化作热量涌向阴茎。\\n无法忍耐，夺走了柠檬的双唇，品尝着粘膜和舌头。"
    },
    {
        "name": "レモン",
        "message": "「啪嚓嚓、啪嚓、啾啰啰……♪\\n啊、哈啊、淫荡的亲吻……喜欢，喜欢♪\\n头脑也变得混乱……啪嚓、啪嚓」"
    },
    {
        "name": "レモン",
        "message": "「团长，让我感觉舒服……让我感觉舒服♪\\n和我一起……变得淫荡♪」"
    },
    {
        "message": "粘膜摩擦和软化的恳求，刺激着下腹部的热量。"
    },
    {
        "message": "忘却了活泼与温顺，淫荡地迎合着柠檬。\\n自己引发了这样的反应，优越感膨胀着下腹部的热量，燃烧着欲望。"
    },
    {
        "name": "レモン",
        "message": "「啊、啊、啊！ 团长，好强烈！\\n肚子里，摩擦好强烈！\\n啊、嗯啊！ 只有肚子不够呢！ 噗、啾啾啾！」"
    },
    {
        "name": "レモン",
        "message": "「嗯嗯、嗯、啪噗噗、啊啊！ 嘭、嘴巴也，感觉好舒服的！\\n全部，填满……！\\n亲吻的同时，要团长的全部……！」"
    },
    {
        "name": "レモン",
        "message": "「热的，不断扩散着……！\\n感觉好大……！ 我大概，这个……啪、啪！\\n啪噗、呼……啊，要高潮了！」"
    },
    {
        "message": "告白加快了律动。\\n配合彼此的节奏，用满是汗水的手和全身施加力量。"
    },
    {
        "name": "レモン",
        "message": "「呼、啊啊、啊呜呜！ 不行却、这样绝对不行的！\\n你的精子，我好想要呀！ 啊啊、忍不住了！\\n虽然很淫荡……啊啊、啊呜呜，我、已经无法控制了！」"
    },
    {
        "name": "レモン",
        "message": "「团长，要去了……！ 要在里面去……！\\n在我里面……，射很多精子出来呀呀呀呀呀呀呀！」"
    },
    {
        "name": "レモン",
        "message": "「呼呼……！ 热的，来了！！」"
    },
    {
        "message": "在达到巅峰的蜜壶深处，决堤般释放欲望。\\n推动着腰部，紧贴着连接部位，\\n直接挤进柠檬的子宫。"
    },
    {
        "name": "レモン",
        "message": "「啊、啊、啊、啊啊啊……团长大人……想要亲吻」"
    },
    {
        "message": "对着饮精后迷醉的眼神点头，并继续射精的同时送上吻。"
    },
    {
        "name": "レモン",
        "message": "「嗯、啊……啪噗、啪、噗啊……\\n啊……色情的吻，好舒服♪\\n我……已经上瘾了♪」"
    },
    {
        "name": "レモン",
        "message": "「听说初吻是甜酸的……\\n啪、啪噗啊……真的，不一样吗？」"
    },
    {
        "name": "レモン",
        "message": "「甜蜜的……色情的味道♪\\n嘿嘿……再舔我的舌头，咕嘟咕嘟……咦？」"
    },
    {
        "message": "突然，迷醉的眼神中重新闪现出光芒。"
    },
    {
        "message": "映入她眼瞳中的是，这边的脸庞。\\n同样地，我们眼中也映入了柠檬陶醉的表情吧。"
    },
    {
        "name": "レモン",
        "message": "「啊、啊、啊、啊、啊、啊啊啊……」"
    },
    {
        "message": "脸上泛起羞愧的红晕。\\n握在一起的指尖开始颤抖。"
    },
    {
        "message": "我回过神来，原来是这样。"
    },
    {
        "name": "レモン",
        "message": "「我、我做了什么……做了什么事呀！？\\n自己，请求下流的事情……！？\\n说要在里面好多次……啊啊，我到底在说什么呀！？」"
    },
    {
        "name": "レモン",
        "message": "「不行、不行不行不行不行！\\n结婚前的女孩子不能做这种事！\\n太下流了！太放荡了！太破坏道德了！」"
    },
    {
        "message": "但是，我感到高兴。\\n我立刻这样说完，柠檬的脸庞就轻易地泛起红晕。"
    },
    {
        "name": "レモン",
        "message": "「虽然，我也……但是，婚前性行为是不行的！绝对不行！\\n我真是个笨蛋啊！团长先生也……呜呜，都是笨蛋笨蛋笨蛋啊ー！」"
    }
]