[
    {
        "message": "夜晚，在卧室休息时，有人敲门。\\n我以为是有人来了，没有回答就打开了门，\\n却看到了出乎意料的人。"
    },
    {
        "name": "ライムギ",
        "message": "「团长，有件事要说\\n可以进房间吗？」"
    },
    {
        "message": "ライムギ一脸不动地走进了房间，\\n直直地盯着我的眼睛。\\n正当我想问她是什么事的时候，\\n她却告诉了我她的用意。"
    },
    {
        "name": "ライムギ",
        "message": "「团长，我喜欢你\\n所以，今晚一直……想和你在一起到天亮」"
    },
    {
        "message": "这是一份简短而直接的告白。\\n但是，看到像是沉默寡言的ライムギ这样做，我感到很高兴，\\n温柔地拥抱着她。"
    },
    {
        "name": "ライムギ",
        "message": "「团长……我是有这个打算来的\\n放心吧，没问题」"
    },
    {
        "message": "ライムギ也搂住我的腰，回应着我的拥抱。\\n知道了她的心意后，毫不犹豫地慢慢移向床边。"
    },
    {
        "name": "ライムギ",
        "message": "「团长……嗯、咳、啊啊啊啊啊！\\n进来了、呜、来了……！」"
    },
    {
        "name": "ライムギ",
        "message": "「好热……而且、呜、啊啊啊……！\\n又、硬又大……啊咳……！」"
    },
    {
        "message": "慢慢地从黑麦的身后，将阴茎缓缓插入阴道。\\n她痛苦的表情和艰难的声音，\\n以及连接处所展现的纯洁的证据，\\n都指明了她是第一次。"
    },
    {
        "name": "ライムギ",
        "message": "「啊啊……好痛……那里，感觉像在燃烧……\\n这、这就是……性……咕……！」"
    },
    {
        "name": "ライムギ",
        "message": "「比想象中更加辛苦……呜呜……\\n好像要受不了了，嗯呜呜呜……！」"
    },
    {
        "message": "因为黑麦坦率地传达了处女膜破裂的痛苦和困扰，\\n我关心着她，插入到最深处后停止了腰部的动作。\\n然而，黑麦却抬头看着我。"
    },
    {
        "name": "ライムギ",
        "message": "「哈、啊、哈、哈哈……\\n团长，怎么了……？ 为什么不动……」"
    },
    {
        "name": "ライムギ",
        "message": "「不用担心我……\\n知道第一次会很疼，\\n我早有心理准备了」"
    },
    {
        "message": "黑麦忍着疼痛，用温柔的声音低语着。\\n她坚定的意志让我的心跳更加急促。"
    },
    {
        "name": "ライムギ",
        "message": "「即使知道会很疼……\\n也想被团长抱着……」"
    },
    {
        "name": "ライムギ",
        "message": "「第一次也想给喜欢的人……\\n即使父亲发生了那样的事，我还是想相信永恒的爱……」"
    },
    {
        "message": "黑麦的声音有些颤抖。\\n察觉到她的不安，我慢慢、温柔地引导着她，不让她感到更加不安。"
    },
    {
        "name": "ライムギ",
        "message": "「嗯……哈……团长……谢谢你\\n关心我的身体……」"
    },
    {
        "name": "ライムギ",
        "message": "「但是，不要勉强自己……随自己喜欢的方式……嗯！\\n按照团长的愿望，做就好了……啊，咕……！」"
    },
    {
        "message": "阴茎只是稍微往复一下，\\n黑麦就发出了快要哭出来的声音。\\n我觉得如果动作过大会增加负担，所以慢慢地反复确认着触感。"
    },
    {
        "name": "ライムギ",
        "message": "「呜、呜……哈、嗯……哈、哈……团长……感觉，舒服吗？」"
    },
    {
        "name": "ライムギ",
        "message": "「我还、嗯嗯、还有点疼……\\n不用在意，真的没关系……嗯嗯！」"
    },
    {
        "message": "黑麦发出痛苦的声音。\\n告诉她不要勉强自己，让我来照顾就好了。\\n我轻抚着她的头。"
    },
    {
        "name": "ライムギ",
        "message": "「啊……但、但是这样的话……\\n让你这么在意，我会很讨厌的……」"
    },
    {
        "name": "ライムギ",
        "message": "「所以，请忍耐直到团长射精……\\n啊，稍微等一下，团长……嗯嗯！」"
    },
    {
        "message": "用我的嘴唇堵住黑麦顽固的嘴。\\n舌头交织，深情地亲吻着。"
    },
    {
        "name": "ライムギ",
        "message": "「唔嘟、哈啊、嗯嗯、哈、吻……\\n团长，吻……为什么……」"
    },
    {
        "name": "ライムギ",
        "message": "「这样做，疼痛稍微缓解了……？\\n嗯……我知道，我会按团长说的去做……」"
    },
    {
        "message": "黑麦自己伸出嘴唇，示意要亲吻。\\n再次亲吻的同时，动着腰部，进行阴茎的抽送。"
    },
    {
        "name": "ライムギ",
        "message": "「嗯呼……嗯嗯……吻啊啪……\\n团长……吻，感觉好……为什么，为什么……」"
    },
    {
        "name": "ライムギ",
        "message": "「嗯哈啊啊！ 身体……稍微轻松了一点……\\n厉害……团长，你做了什么特别的事？」"
    },
    {
        "message": "一边亲吻一边告诉她这样会感觉很舒服，\\n再次动起腰部。\\n黑麦的身体逐渐变得柔软起来，\\n阴道也变得放松。"
    },
    {
        "name": "ライムギ",
        "message": "「嗯嗯……团长……啊、哈、唔、吻……\\n感、感觉身体在变得越来越热……」"
    },
    {
        "name": "ライムギ",
        "message": "「唔……声音……不由自主地发出来了……呜呜！\\n啊、哈哈呜呜！ 唔、啊啊啊……！」"
    },
    {
        "message": "终于黑麦开始感受到快感，我松了一口气。\\n放开嘴唇，看着她的眼睛，\\n加快了腰部的动作。"
    },
    {
        "name": "ライムギ",
        "message": "「嗯嗯、啊、啊啊……\\n团长的，嗯嗯，慢慢地，深入……！\\n啊、啊啊……太、太强烈了……！」"
    },
    {
        "name": "ライムギ",
        "message": "「深入时，声音不由自主地漏出来了……！\\n啊、嗯嗯、啊啊、这、这是什么……！\\n我、我变得奇怪了吗……」"
    },
    {
        "message": "对于陷入未知快感中的黑麦。\\n我告诉她那是好事，并缓慢地在阴道内进行往复运动。"
    },
    {
        "name": "ライムギ",
        "message": "「呀呜！ 现在，肚子那边，嗯！\\n好厉害，收缩起来，变得热烘烘的……哈啊！\\n嗯嗯，奇怪……嗯！」"
    },
    {
        "name": "ライムギ",
        "message": "「身体的深处，嗯嗯！ 热乎乎的东西传来了……\\n以前从未有过的感觉……！\\n嗯，哈啊，这、这是什么……啊、啊啊啊……！」"
    },
    {
        "message": "黑麦的身体开始抽搐。\\n终于她理解了快感，\\n表情也变得柔和起来。"
    },
    {
        "name": "ライムギ",
        "message": "「嗯嗯，团长，这样没关系吗\\n疼痛渐渐减轻了……啊呜！\\n比那更强烈的，嗯嗯，奇怪的感觉……！」"
    },
    {
        "name": "ライムギ",
        "message": "「这个，这就是……性爱？\\n会变得这么奇怪吗……嗯嗯呜！」"
    },
    {
        "message": "随着黑麦的感受，阴道也收缩着，\\n强烈地挤压着阴茎。\\n可能是为了顾及她，渐渐地忍耐不住，\\n自然而然地加快了腰部的动作。"
    },
    {
        "name": "ライムギ",
        "message": "「团长……别忍耐……！\\n已经不痛了，嗯嗯，想要更多……！\\n要深入到底……！ 啊、啊啊……！」"
    },
    {
        "name": "ライムギ",
        "message": "「团长……啊啊、团长……！\\n身体疼痛……嗯嗯，颤抖止不住、嗯嗯啊啊！」"
    },
    {
        "message": "黑麦的上半身弓起，阴道急剧收缩。\\n可以察觉到高潮的前兆，\\n我们也加快了最后的冲刺。"
    },
    {
        "name": "ライムギ",
        "message": "「啊、哈、呀、啊、唔呜、哈啊！\\n在里面扑腾着……团长的！」"
    },
    {
        "name": "ライムギ",
        "message": "「就这样，嗯嗯，就这样射出来吧！\\n想要、团长的、精液……！」"
    },
    {
        "message": "对着黑麦的恳求，更加兴奋起来。\\n阴茎的进出速度加快，\\n连接处传出水声。"
    },
    {
        "name": "ライムギ",
        "message": "「嗯嗯，团长、啊啊、团长、我也……好像要到了……！\\n身体的深处，啊呜、要、来了！」"
    },
    {
        "name": "ライムギ",
        "message": "「要来了、啊啊、意识也、嗯嗯、都要飞走了！\\n都飞走了……就这样、哈啊、啊、啊啊！」"
    },
    {
        "message": "告诉黑麦彼此的高潮即将来临，\\n她开心地微笑着，更加迫切地渴望着快感。"
    },
    {
        "name": "ライムギ",
        "message": "「嗯嗯，那个，就是说要高潮了吧？\\n那么，团长也要、高潮……！\\n我也、嗯、要高潮了！」"
    },
    {
        "name": "ライムギ",
        "message": "「高潮了、啊啊、团长，我、高潮了，高潮了！」"
    },
    {
        "message": "当阴茎进入阴道深处时，黑麦全身僵硬。\\n与此同时，意识飞走，精液射入阴道内。"
    },
    {
        "name": "ライムギ",
        "message": "「啊啊啊啊啊啊啊！」"
    },
    {
        "name": "ライムギ",
        "message": "「啊啊……出来了……嗯……哈……啊……」"
    },
    {
        "message": "向阴道内强劲射精。\\n无法控制的浑浊液体溢出阴道外，\\n滴落在床单上，留下污迹。"
    },
    {
        "name": "ライムギ",
        "message": "「啊啊……射进去了……\\n肚子，好热……快要烫伤了一样……」"
    },
    {
        "name": "ライムギ",
        "message": "「感觉、好舒服……太幸福了……\\n谢谢你、团长……让我感到如此愉快……」"
    },
    {
        "message": "黑麦说出感谢的话后，\\n便沉沉地入睡了。\\n我也向正在沉睡的她道谢，\\n然后一起倒在床上。"
    }
]