[
    {
        "name": "ヒペリカム",
        "message": "「哇、我金丝桃好像爱上了团长大人！」"
    },
    {
        "message": "看到脸都红了的金丝桃向我告白了。\\n而且还是在深夜。\\n她战战兢兢地敲着门，迟疑着，但又坦率地表达了自己的心意。"
    },
    {
        "message": "一瞬间，我愣住了。\\n只是一瞬间。\\n立刻我清醒过来，意识到了涌上心头的爱欲。"
    },
    {
        "name": "ヒペリカム",
        "message": "「啊啊！？」"
    },
    {
        "message": "冲动地拥抱她，她发出了尖叫。\\n她的可爱之处更加显现。\\n告白的措辞在脑海中变得格外鲜明。"
    },
    {
        "message": "一开始她结结巴巴，说话的口气也没有坚定的语气。\\n与平时开朗的态度形成鲜明对比，我的心跳加快。\\n不知不觉，我向她耳边轻声细语。"
    },
    {
        "name": "ヒペリカム",
        "message": "「夜里来到男生房间这件事的意义是……\\n那个，呃……我知道但是……也不知道……」"
    },
    {
        "message": "面对更加绽放的羞耻，已经无法忍耐。\\n顺着冲动，我的手伸向了她的衣服。"
    },
    {
        "name": "ヒペリカム",
        "message": "「诶……等、等一下！\\n这么突然这么早还太早了啦，团长大人！\\n终点还很远呢！这里应该慢慢来才对吧我可是处女嘛，\\n焦急可不行对吧是吧解说员的金丝桃小姐！」"
    },
    {
        "name": "ヒペリカム",
        "message": "「是的，焦急是禁忌，推推的姿势也不错，但考虑到现在的情况，这里是不行的啊！？那里是不可以的，NG禁止触摸少女的花园，暴露柔嫩肌肤，摩擦并逼迫到墙上都是不可以的啊啊！？啊啊啊！？」"
    },
    {
        "message": "无视着那种兴奋的实况或者混乱的口齿，进行了超过十二分前戏。"
    },
    {
        "name": "ヒペリカム",
        "message": "「呼啊、哈、啊啊……哈呜呜呜！？」"
    },
    {
        "message": "然后，让流口水的秘裂含住龟头。"
    },
    {
        "name": "ヒペリカム",
        "message": "「嗯啊……啊……进来了……团长的、肉棒……进入了我里面……嗯啊、啊啊呜呜呜！」"
    },
    {
        "message": "充满艳情和煎熬的叫喊声被推向夜晚的房间。"
    },
    {
        "message": "等待着的是预先爱抚所带来的柔软、温暖和湿润，以及前戏程度无法消除的处女应有的抵抗感。稍事享受官能触感。"
    },
    {
        "name": "ヒペリカム",
        "message": "「哈……啊……哈……真的、进去了吗……？」"
    },
    {
        "message": "最终传来的询问中包含着各种感情。主要是兴奋、喜悦、颓废和煎熬吧。"
    },
    {
        "name": "ヒペリカム",
        "message": "「团长大人，竟然这么强硬，出乎意料……但是，但是……」"
    },
    {
        "message": "仿佛下定了决心，金丝桃握紧了贴在墙上的手。"
    },
    {
        "name": "ヒペリカム",
        "message": "「既然开始了，接下来就尽情享受吧！就像是在庆典一样！来吧，请尽管来吧！感觉疼痛也渐渐消失了，不用客气哦！」"
    },
    {
        "message": "被她坚定的心理所震撼。借着她的话语，伸手轻抚着谦虚的乳房，开始缓慢地运动起腰部。"
    },
    {
        "name": "ヒペリカム",
        "message": "「哈呜……嗯、哈……啊呜\\n两方面都好厉害……嗯、啊呜、团长大人在对我做那种事……全部都看得见……还挺、害羞的……嗯、啊呜」"
    },
    {
        "name": "ヒペリカム",
        "message": "「虽然很害羞……我的身体却变得越来越淫荡……疼痛也真的……哈、啊啊\\n是因为你，好好地……准备了吧\\n有一种奇怪的感觉……慢慢地、扩散开来了」"
    },
    {
        "message": "反应非常敏感。不必要的阴道紧张也已经消失。明白自己已经交托出去，喜悦渗透心灵和身体。"
    },
    {
        "name": "ヒペリカム",
        "message": "「嗯呜……头部、转啊转的……那个，很舒服……哈、嗯……啊呜\\n哈、啊啊……肚子深处都在颤抖」"
    },
    {
        "name": "ヒペリカム",
        "message": "「我的、胸部虽然小小的……却被你这样子摆弄得这么多次……\n嗯、哈……啊啊，捏捏地、转转地……嗯、哈、啊呜」"
    },
    {
        "name": "ヒペリカム",
        "message": "「我，感受到了……嗯啊，啊呜，淫秽的汁液，止不住地流出\\n胸部，刺痛地传来……\\n肉棒自行插入，自顾自地享受着♪」"
    },
    {
        "message": "肉棒对这种反应感到欢欣。\\n缠绕的肉褶和涌出的爱液的刺激令人心旷神怡。\\n问道：可以用力一点吗？"
    },
    {
        "name": "ヒペリカム",
        "message": "「可以的哦，嗯……啊呜……我也想要……\\n毕竟是第一次做爱嘛……想要尽情享受……♪」"
    },
    {
        "message": "颤抖的声音传达着深深的兴奋。\\n这边也变得炽热起来，爱抚和腰部运动变得更加激烈。"
    },
    {
        "name": "ヒペリカム",
        "message": "「啊呜、嗯、啊啊、啊啊呜！\\n里面，摩擦得好深！哇啊、啊呜！这、太棒了……！\\n头部好像也被戳得、扎得一样……！」"
    },
    {
        "name": "ヒペリカム",
        "message": "「哈啊、啊啊！连接在一起的地方，好刺激！\\n贴在肉棒上，翻转着……！\\n哈啊、啊啊！好像很渴望！非常、非常渴望着呢！」"
    },
    {
        "message": "对方传达的情景让这边的感官也变得更加敏感。\\n为了更多地得到指引，轻揉着谦虚的乳房，刺激着乳头。"
    },
    {
        "name": "ヒペリカム",
        "message": "「呼呼！嗯啊、啊啊！太棒了，太棒了！\\n胸部感觉很舒服！用粗大的手指，被弄得很淫荡！\\n还要更多！让我酥酥麻麻地多来点！」"
    },
    {
        "name": "ヒペリカム",
        "message": "「我喜欢这个！哈啊、啊啊！脑海中只有舒服的感觉！\\n这样的感觉，简直就像是……哈啊、这就像是呢！」"
    },
    {
        "message": "唐突间，感到了不祥的预感。"
    },
    {
        "name": "ヒペリカム",
        "message": "「这性爱，效果相乘！啊啊，啊！\n胸部和小穴，像我身体的环一般！\n淫荡地相互碰撞，相互勾引！\n裁判在哪里！这样可不算比赛！」"
    },
    {
        "name": "ヒペリカム",
        "message": "「小小的胸部像被牛同志般被揉搓着陶醉！\n小穴也在陶醉！肉棒喜欢得紧紧的！\n啊啊，嗯，啊啊啊啊！这是没收比赛！啊啊啊，呜啊啊啊！」"
    },
    {
        "message": "最好停下。被涌起的奇异焦躁支配着我，全力责难了起来。"
    },
    {
        "name": "ヒペリカム",
        "message": "「呣呣，啊啊嗯嗯！？\n嗯嗯啊！啊啊！嗯嗯嗯嗯嗯嗯嗯嗯嗯！\n回荡在身体中！环破了！呣，啊啊啊嗯！」"
    },
    {
        "name": "ヒペリカム",
        "message": "「现在来了！啊呀，啊啊！肉棒都能回荡到脑门部！\n啊呀，我不知道、不知道！\n黏糊糊的互撕、在没收比赛中、非常舒服呢！」"
    },
    {
        "message": "金丝桃一脸认真的样子。\\n每一次扭动臀部，她的欲望就像是在恳求着迅速满足。"
    },
    {
        "message": "那荒唐行为、可爱的喘息声以及不合时宜的解说，使得射精欲困惑但又迫使上涌。奇异的焦躁推着它，抽送的速度一直提升到极限。"
    },
    {
        "name": "ヒペリカム",
        "message": "「哈呣，啊啊！啊啊！肉棒膨胀了！\n哈呣，啊哦、嗯嗯嗯嗯嗯噢噢！\n砰砰地好强烈！屁股被塞满了！子宫口也塞得满满的！\n呣呣，啊啊！不行、不行了！真是不行了呢！」"
    },
    {
        "name": "ヒペリカム",
        "message": "「就这样让我高潮！让我高潮个不停！\n啊啊，啊啊，啊啊啊啊！\n团长用你的肉棒，给我最后一击吧！」"
    },
    {
        "name": "ヒペリカム",
        "message": "「啊啊啊，啊啊啊啊！呼啊啊啊啊啊！」"
    },
    {
        "message": "在夜晚的房间里，不是解说声，而是高潮的尖叫声回荡着。"
    },
    {
        "message": "随着满载的解放感和幸福感，我的欲望也迸发了出来。\n射向最深处的精液，将金丝桃的阴道染成一片白色。"
    },
    {
        "name": "ヒペリカム",
        "message": "「呼……哈……啊……已经高潮了……♪\n感觉好极了……明明是第一次，却已经高潮了……♪」"
    },
    {
        "name": "ヒペリカム",
        "message": "「啊……团长也……射得这么多呢♪\n连接在一起的地方……白白的，黏糊糊的……\n满满地流着……好色情呢……♪\n这种事情……绝对、绝对不会忘记的哦……♪」"
    },
    {
        "message": "在疲劳和余韵中靠在墙上，他脸上流露出了明显的喜悦。\n第一次的夜晚成为了美好的回忆。\n对我们来说也是非常开心的。"
    },
    {
        "name": "ヒペリカム",
        "message": "「但是……嗯，那个……团长您……？\n那个，会不会感到反感之类的呢……？」"
    },
    {
        "message": "恐怕她在说那个不合时宜的解说吧。"
    },
    {
        "name": "ヒペリカム",
        "message": "「呃……并不是在开玩笑……？\n只是……这种时候也会表现出一贯的习惯呢……」"
    },
    {
        "message": "对着她不安的语气，我回答说没关系。\n被她在最关键时刻展现出来，我有些慌乱，\n但那个瞬间却充满了深刻的味道，\n更何况，否定她展现出来的女孩子气是不可能的。"
    },
    {
        "name": "ヒペリカム",
        "message": "「哈啊～……我放心了～\n那么下次我也会做同样的事情的……\n到那时候也请多多关照♪ 嘿嘿♪」"
    }
]