[
    {
        "message": "她正在向果香菊土下座。\\n她说，因为自幼以来第一次尿床，所以才会这样。"
    },
    {
        "name": "ローマンカモミール",
        "message": "「我觉得很抱歉早上如此早就……\\n弄脏了家具的床……」"
    },
    {
        "name": "ローマンカモミール",
        "message": "「和茂盛之丘的国土相似，\\n尿渍已经渗透到了床垫的中心部分……」"
    },
    {
        "message": "形态暂且不论，所有该出的都已经出尽了。\\n这并非谎言的证据，微微散发着尿的气味。\\n与平日甜美的香气混合在一起，令人感到奇妙地兴奋。"
    },
    {
        "name": "ローマンカモミール",
        "message": "「啊、那个、团长大人……？ 为什么靠近……啊啊啊！」"
    },
    {
        "message": "任性地将她推倒，剥去了衣服。\\n露出来的是浸满尿的孩童内裤。\\n正要脱下它时，突然意识到。为什么没有换内裤呢。"
    },
    {
        "name": "ローマンカモミール",
        "message": "「额、额，因为觉得这样团长大人可能会兴奋\\n之前约定好的惩罚也还没有实施……」"
    },
    {
        "name": "ローマンカモミール",
        "message": "「并不是我有期待什么的意思\\n只是，如果团长大人真的兴奋了……♪」"
    },
    {
        "message": "从一开始就期待着行为吗。\\n那么，就没有犹豫的必要了。\\n拉开内裤展露私处，毫不留情地责难着。"
    },
    {
        "message": "用尿液和爱液湿润的阴道，被坚挺的阴茎撑开。"
    },
    {
        "name": "ローマンカモミール",
        "message": "「啊啊啊，进来了♪」"
    },
    {
        "message": "仅仅是龟头进入就如此欢欣，故意让她焦急地期待再插入。"
    },
    {
        "name": "ローマンカモミール",
        "message": "「啊啊，您不会一下子进来吗？\\n我的身体已经完全献给团长大人了哦？」"
    },
    {
        "message": "她扭动着臀部试图吞噬着阴茎。趁机，将阴茎猛烈地顶向子宫口。"
    },
    {
        "name": "ローマンカモミール",
        "message": "「嗯呜啊！ 哈哈哈……\\n果然，团长大人的责难，强烈至极♪」"
    },
    {
        "message": "甜蜜地呼出气息，表情早已迷醉。她已经领略到女性的快感，变得无法忘怀。"
    },
    {
        "name": "ローマンカモミール",
        "message": "「团长大人，请快点，再给我责难♪」"
    },
    {
        "message": "喜欢责难的没落贵族。\\n淫乱的花骑士。\\n她既满足了其中一个也满足了两者的兴奋之处。"
    },
    {
        "message": "按照所期望的责难游戏，我也要满足一下自己。\\n首先，决定用淫语来引诱。"
    },
    {
        "name": "ローマンカモミール",
        "message": "「用淫语，引诱……知道了\\n那么，团长大人的，那个……」"
    },
    {
        "message": "现在还因为淫语而感到害羞吗？\\n像按摩一样刺激大阴唇。"
    },
    {
        "name": "ローマンカモミール",
        "message": "「嗯啊！ 那样的揉搓啊！\\n我会好好地引诱的！ 呼呼」"
    },
    {
        "name": "ローマンカモミール",
        "message": "「贪婪贵族的小、小穴、被……\\n团长大人的、鸡巴、所……」"
    },
    {
        "message": "如果能更明确地说出来就好了，同样用手指刺激。"
    },
    {
        "name": "ローマンカモミール",
        "message": "「说、说了说了！ 现在就说了！\\n失禁贵族的小穴！\\n请用团长大人的鸡巴来折磨我吧！」"
    },
    {
        "message": "如果能说出来就从一开始就说了骂骂着，开始抽送。"
    },
    {
        "name": "ローマンカモミール",
        "message": "「啊啊啊啊，终于来了♪」"
    },
    {
        "message": "不要为责难而高兴。"
    },
    {
        "name": "ローマンカモミール",
        "message": "「这、这样的话，就算说出来，身体也会自己……嗯，啊啊啊！」"
    },
    {
        "message": "即使这样还是不行，盯着她。"
    },
    {
        "name": "ローマンカモミール",
        "message": "「啊，啊啊啊，啊呀，团长大人，真是个鬼畜♪」"
    },
    {
        "message": "不要对奉献身体的人说出无礼的话。\\n对于尿床贵族来说没有反驳的权利，加快抽送速度。"
    },
    {
        "name": "ローマンカモミール",
        "message": "「啊呀！ 啊！ 啊呀！ 刺刺地，好深啊！\\n不高兴……嗯咕，啊，啊啊，太难受了！」"
    },
    {
        "name": "ローマンカモミール",
        "message": "「只是进入身体就已经满足了……\\n嗯咕，嗯嗯……咕！」"
    },
    {
        "message": "不要自作主张感到满足，小孩子内裤尿床大小姐。\\n拉扯着浸满尿液的内裤，并向她炫耀。"
    },
    {
        "name": "ローマンカモミール",
        "message": "「那、那是因为没钱买新的内衣……唔、唔唔啊！」"
    },
    {
        "message": "其实喜欢穿着像幼儿一样的衣物吧。\\n为了不让她有逃避视线的余地，我把脸靠近了。"
    },
    {
        "name": "ローマンカモミール",
        "message": "「不一样，真的……因为穷……\\n嗯，呜呼，啊啊！」"
    },
    {
        "message": "阴道被刺激越厉害，温度就越高，媚肉缠绕在龟头上。\\n与堕入快感的淫态相映成趣，更加想要去侵犯。"
    },
    {
        "name": "ローマンカモミール",
        "message": "「啊，啊啊，嗯啊啊，团长大人♪\\n再、再来折磨、我的、小穴……嗯嗯嗯！？」"
    },
    {
        "message": "明明已经这么刺激她了还在撒娇。\\n用吻堵住她不停的嘴。"
    },
    {
        "name": "ローマンカモミール",
        "message": "「嗯呜、喽喽、喽喽♪\\n喽喽、喽喽♪、喽喽♪、嗯嗯嗯！」"
    },
    {
        "name": "ローマンカモミール",
        "message": "「啪啊、哈啊、哈啊……团长大人\\n吻是不算作责罚的……」"
    },
    {
        "name": "ローマンカモミール",
        "message": "「这是奖励♪」"
    },
    {
        "message": "如果她想要被这样折磨的话，\\n我就去咬着那颗即使没有触摸也勃起的乳头。"
    },
    {
        "name": "ローマンカモミール",
        "message": "「啊啊啊啊啊！那、那个，是、是惩罚♪\\n对我来说，这边……啊啊啊！」"
    },
    {
        "name": "ローマンカモミール",
        "message": "「团长大人的惩罚，太、太、强、烈了……哈、哈……\\n一直到背后都在发抖，不行了……嗯嗯嗯！？」"
    },
    {
        "message": "并不只是感受到。\\n有着不自然的颤抖，仿佛在害怕着什么在发抖。"
    },
    {
        "name": "ローマンカモミール",
        "message": "「那、那样，明明都已经出来了……\\n啊啊，不行，明明不行！！」"
    },
    {
        "name": "ローマンカモミール",
        "message": "「大、团长大人……惩罚到此为止了……\\n那个……尿、尿、尿意……」"
    },
    {
        "message": "是尿急了吗。\\n听到这样的话题，可不能就这么放过她。"
    },
    {
        "message": "为了防止她闭紧双腿，用手按住大腿，\\n让阴核和这边的耻骨紧密贴合。"
    },
    {
        "name": "ローマンカモミール",
        "message": "「不、不行的！\\n这样下去，我会再失禁的！」"
    },
    {
        "message": "因为想看她失禁，所以不能停下。\\n扭动着腰部，用耻骨摩擦着阴核。"
    },
    {
        "name": "ローマンカモミール",
        "message": "「嗯啊啊，啊啊，不行，啊，啊啊！\\n尿急，尿急要出来了！」"
    },
    {
        "name": "ローマンカモミール",
        "message": "「不行！ 出来了，停下来，嗯啊！\\n团长大人，停下……咕咚！」"
    },
    {
        "message": "真的是想在这里做吗。\\n问话中带着恶意。"
    },
    {
        "name": "ローマンカモミール",
        "message": "「不、不是，虽然想要受到惩罚，但尿急……\\n但是，在这里尿急的话♪」"
    },
    {
        "message": "摇摆的心灵似乎被倾斜，强行压迫着耻骨。"
    },
    {
        "name": "ローマンカモミール",
        "message": "「嗯咕，啊咕，嘶咕，哈啊啊！\\n果然，在这里尿急是不行的……嗯咕！？」"
    },
    {
        "message": "阴道的收缩突然加剧。"
    },
    {
        "name": "ローマンカモミール",
        "message": "「啊啊，不行……要出来了，尿要出来了！\\n这样下去，根本无法忍耐……嗯啊，啊啊！」"
    },
    {
        "name": "ローマンカモミール",
        "message": "「不要，不要不要不要！ 尿尿不要出来！\\n不行！ 不行！ 不行！！」"
    },
    {
        "message": "举止优雅的口吻崩溃，果香菊像个任性的孩子一样乱动。\\n拒绝、不行的反复，完全是个任性的女儿。"
    },
    {
        "message": "幼稚而诱人，更加让人想让她尿急失禁。"
    },
    {
        "name": "ローマンカモミール",
        "message": "「尿要出来了！ 尿要出来了！ 尿要出来了！\\n好痛苦，好痛苦！ 已经要出来了！ 已经要出来了！！」"
    },
    {
        "name": "ローマンカモミール",
        "message": "「不行不行不行不行！ 这样……嗯啊啊啊！\\n要出来了！ 真的要出来了！ 嗯啊，啊，啊啊，啊啊！」"
    },
    {
        "message": "想要射精在她失禁的身体里。\\n这种心情贪婪地占据着阴道深处。"
    },
    {
        "name": "ローマンカモミール",
        "message": "「要出来了……已经，没力气了……\\n明明不想，明明不想……！」"
    },
    {
        "name": "ローマンカモミール",
        "message": "「不行，忍耐，已经到极限了……♪」"
    },
    {
        "message": "仿佛已经认命，果香菊的表情崩溃了。\\n趁现在给她最后一击。"
    },
    {
        "name": "ローマンカモミール",
        "message": "「啊啊，要出来了，尿急、尿急……\\n尿要出来了……♪」"
    },
    {
        "name": "ローマンカモミール",
        "message": "「啊啊啊，流出来了！」"
    },
    {
        "message": "在达到极点的同时开始排尿。\\n温热微黄的液体打在下腹部。"
    },
    {
        "name": "ローマンカモミール",
        "message": "「尿出来了……\\n在团长大人的房间里，小便失禁了……」"
    },
    {
        "name": "ローマンカモミール",
        "message": "「呜呜……小便止不住了……\\n我在团长大人身上，尽情地撒了一泡尿……♪」"
    },
    {
        "message": "果香菊一脸陶醉地不停地小便。\\n多次说着「小便」，舌头懒散地伸出。"
    },
    {
        "name": "ローマンカモミール",
        "message": "「嗯嗯嗯～……还在流～……小便、小便～♪\\n在团长大人面前，尽情地撒着尿～♪」"
    },
    {
        "message": "果香菊陶醉于排尿的快感中抽泣。\\n即使射精结束，她的兴奋仍无法平息。"
    },
    {
        "message": "不知不觉，我的手已经移到她的阴蒂上。\\n如果要释放，就让它全部释放在这里吧，开始爱抚她的阴蒂。"
    },
    {
        "name": "ローマンカモミール",
        "message": "「嗯啊！？ 团长大人，那个……嗯嗯嗯！？」"
    },
    {
        "name": "ローマンカモミール",
        "message": "「不行，不行不行！ 还在尿意中！\\n不要啊啊啊！ 别停！ 不行！ 不行！ 不行啊啊！！」"
    },
    {
        "message": "果香菊痉挛不已，持续着喷潮和排尿。\\n虽然觉得这股味道暂时难以散去，\\n但对她的惩罚还远远没有结束。"
    }
]