[
    {
        "message": "当我注意到时，正在用目光追随着天使花。"
    },
    {
        "name": "アンゲロニア",
        "message": "「团长！\\n刚才你在心里用了安酱的全名对吧！」"
    },
    {
        "message": "那天，我茫然地凝视着她，\\n突然被她逼近并训斥了一顿。\\n看来我的无礼的眼神已经被发现了。\\n总之，我先道歉了。"
    },
    {
        "name": "アンゲロニア",
        "message": "「真是的……小心点嘛，唉～！ 不能用全名啦！\\n看着安酱的身体倒是无所谓，\\n但就这个绝对不行哦！」"
    },
    {
        "message": "嗯，已经被发现了。\\n我的视线不由自主地移开了。"
    },
    {
        "name": "アンゲロニア",
        "message": "「诶，什么反应呀～？ 难道是那个？ 以为没被发现吗？\\n哎呀，可・爱・啦～♪\\n明明不用这么害羞的嘛～♪」"
    },
    {
        "name": "アンゲロニア",
        "message": "「这里有一位又可爱又甜美、美丽动人的天使＆恶魔哦，\\n所以就算是百战百胜的团长也会为之倾倒♪\\n因为……安酱就是这么可爱嘛♪」"
    },
    {
        "message": "没想到会有人一次就自吹自擂到如此程度。\\n确实有些让人感到压倒。"
    },
    {
        "name": "アンゲロニア",
        "message": "「来嘛～，多看看也没关系哦～？\\n我的心灵可爱又身体也很可爱的♪\\n稍微娇小点，也没有多余的肉呢！\\n能忽略这一点的人肯定不存在！ 尤其是男生～♪」"
    },
    {
        "name": "アンゲロニア",
        "message": "「所以说～……坦白一点也没关系哦？\\n想要拥抱吧？ 想要做爱吧～？\\n毕竟眼前有个天使呢，就坦率点吧～♪」"
    },
    {
        "message": "否定的理由是没有的。毕竟确实一直在用目光追随着她。"
    },
    {
        "name": "アンゲロニア",
        "message": "「呵呵……坦率而可爱呢♪\\n就这样，来吧……团长♪」"
    },
    {
        "message": "爱抚之后的插入。\\n轻轻扩开微湿的阴道。"
    },
    {
        "name": "アンゲロニア",
        "message": "「呼……嗯嗯嗯嗯……啊……！」"
    },
    {
        "message": "刺入深处的瞬间，\\n无法忍住的呻吟在房间中回荡。"
    },
    {
        "message": "但即便如此，她也没有闭上眼睛。\\n始终坚定地凝视着侵入自己的这一方。"
    },
    {
        "name": "アンゲロニア",
        "message": "「哈……哈……团长……？\\n你的表情……有点，不太一样……？」"
    },
    {
        "message": "然后，她叫住了我。\\n满是汗水的脸上浮现出了她一贯的坚定笑容。"
    },
    {
        "name": "アンゲロニア",
        "message": "「我，担心的表情……绝对是错觉……\\n这里啊……是享受的地方哦……？\\n得到天使的初夜而感到愉悦，然后高兴得流泪什么的吧？」"
    },
    {
        "message": "眼角积聚着破碎处的眼泪，她说着这番话，让人瞠目。\\n即便到了这一步，她依旧是她自己。"
    },
    {
        "message": "作为男性，无法体会破碎的痛苦。\\n会很疼，会很难受。\\n虽然也有例外，但能理解的也只是那种程度。"
    },
    {
        "message": "正因为共鸣不可能，所以只能感叹不已。\\n无法共情，只能佩服。"
    },
    {
        "name": "アンゲロニア",
        "message": "「所以……你的表情也是错觉哦……♪」"
    },
    {
        "message": "被取笑了，也许确实如此，我苦笑着漏出了笑容。\\n既然如此，就采取她所说的态度吧。"
    },
    {
        "name": "アンゲロニア",
        "message": "「谢谢……？\\n嗯呃、嗯呃……没什么……♪　啊……啊啊、嗯嗯」"
    },
    {
        "message": "向她致谢后，我开始跟着她的呼吸动作。"
    },
    {
        "name": "アンゲロニア",
        "message": "「啊……嗯嗯、嗯嗯……团长……有点温柔呢……\\n更加、拼命一点也可以哦……？」"
    },
    {
        "message": "没这个必要。\\n全力控制身体，轻轻摩擦粘膜，舒展阴道。"
    },
    {
        "name": "アンゲロニア",
        "message": "「这是……什么意思呢……？\\n在犹豫不决吗……嗯、嗯嗯\\n小安……是在舔吗……？」"
    },
    {
        "message": "泪水模糊的双眼中，流露出不满。"
    },
    {
        "name": "アンゲロニア",
        "message": "「作为天使的小安最可爱了……\\n这种事根本不算什么……呃\\n所以，来吧……就算变成野兽，也没关系哦……？」"
    },
    {
        "message": "并非在挑衅。也非在强颜欢笑。"
    },
    {
        "message": "小安是认真地这么想的。\\n笑容不变，眼神也不变，\\n抱着自己的男人理所当然会这样，尽管这是第一次却坚信不移。"
    },
    {
        "message": "说实话，令人称奇的傲慢。但我们也有自己的打算。"
    },
    {
        "name": "アンゲロニア",
        "message": "「想要……让我感到舒服吗……？」"
    },
    {
        "message": "并非要让天使屈服于恶魔，\\n而是想要沉浸在天使的魅力中，享受更多可爱之处。\\n为此，抑制兽欲也并非难事。"
    },
    {
        "name": "アンゲロニア",
        "message": "「呵、呵呵……是吗，原来如此……♪」"
    },
    {
        "message": "刚传达完，瞳孔的颜色就变了。"
    },
    {
        "name": "アンゲロニア",
        "message": "「那么……嗯、让你感到舒服吧……嘿\\n来吧，来吧……嗯，还不够吗？\\n还不够，小安还感到痛苦呢……」"
    },
    {
        "message": "并非不满，而更像是喜悦，\\n压抑住的呼吸中传达出命令。"
    },
    {
        "message": "与瞳孔一样，阴道也在发生变化。"
    },
    {
        "name": "アンゲロニア",
        "message": "「嗯……哈，就是这样……嗯，这样下去……嗯，啊\\n淫荡的汁液流了出来……♪\\n慢慢地，感觉很舒服……真棒啊，团长……♪」"
    },
    {
        "name": "アンゲロニア",
        "message": "「就这样过来……嗯，更多、更多……\\n小安的淫荡之处……更加淫荡一些吧……\\n来吧……加油啊……加油啊……♪」"
    },
    {
        "message": "阴道的变化并非放松或排斥，而是邀请的动作。\\n粘膜的摩擦逐渐变得甜美起来，\\n淫秽的水声点缀着彼此的情欲。"
    },
    {
        "name": "アンゲロニア",
        "message": "「啊……头脑有点发热了♪\\n嗯，做得很棒，我要夸奖你哦……♪」"
    },
    {
        "message": "现在还太早。\\n我断言着，直直地凝视着对方的眼睛，确认着。"
    },
    {
        "name": "アンゲロニア",
        "message": "「激烈一点，可以吗……？\\n呼、呼呼……可以的……来吧♪」"
    },
    {
        "name": "アンゲロニア",
        "message": "「让可爱的天使……喘息着……感到舒服……我会原谅你的♪\\n感谢地，全部都……深入到底……好好地，侵犯吧？ 团长……♪」"
    },
    {
        "message": "对于那充满诱惑的允许声音，我用激烈的黏膜摩擦作出了回应。"
    },
    {
        "name": "アンゲロニア",
        "message": "「呼、嗯啊！ 哈啊、啊呜、啊啊啊啊！\\n呼呜……嗯啊！ 可以了……！\\n做得很好……做得很好，团长！」"
    },
    {
        "message": "在苦闷消失的艳丽身姿中，兴奋不已，体温上升。\\n被迷住了，这一点我已经理解了。"
    },
    {
        "name": "アンゲロニア",
        "message": "「哈、啊啊……就是这样……可以的……！\\n啊啊、小安也，身体很热……摩擦的地方，很热！\\n嗯、哈啊、啊呜、啊啊！」"
    },
    {
        "name": "アンゲロニア",
        "message": "「真的，团长很厉害……！\\n虽然不知道其他人怎么样……但是肯定很厉害！\\n因为我会……变成这样子了嘛……肯定很厉害！」"
    },
    {
        "message": "收到了表扬之言，背脊发凉，欲望高涨。\\n聚集在腰部深处。\\n敏感度增加，热量聚集的块块使得插入变得剧烈起来。"
    },
    {
        "name": "アンゲロニア",
        "message": "「嗯、啊啊、啊啊啊啊啊啊啊啊！\\n深处……哦，碰到了……你的顶端，膨胀着我能感觉到！」"
    },
    {
        "name": "アンゲロニア",
        "message": "「哈啊，啊呜……想射进来吗……？\\n想要在天使里面射进来吗……！」"
    },
    {
        "message": "想要。\\n凝视着迷醉的眼眸，冲动吐露了愿望。"
    },
    {
        "name": "アンゲロニア",
        "message": "「那样的话……嗯，我会原谅你的♪\\n我也一起……要一起……达到高潮哦！」"
    },
    {
        "message": "在最后决定性的允许下，心灵和身体都前倾。\\n被喘息的天使所吸引，我们彼此拉向了极致。"
    },
    {
        "name": "アンゲロニア",
        "message": "「嗯呜、嗯嗯啊啊！ 啊、啊、啊啊啊！\\n就这样、一起……和你一起……！\\n嗯呜、嗯啊！ 啊、啊啊！」"
    },
    {
        "name": "アンゲロニア",
        "message": "「要来了哦……要来了哦……！\\n一起，一起来……我会让你来的哦！\\n哈啊、哈啊哈哈哈哈哈哈……！」"
    },
    {
        "name": "アンゲロニア",
        "message": "「嗯呜呜呜呜……！ 热热的，喷出来了呢！\\n贴在深处，喷喷地涌出来了呢呢呢呢呢呢……！」"
    },
    {
        "message": "深入根部，\\n仍觉不够，拉近纤细身体注入精液。\\n迎接回荡的极致收缩，将那脉动挤压得更加剧烈。"
    },
    {
        "name": "アンゲロニア",
        "message": "「嗯、嗯、啊……啊啊啊～……♪\\n团长……不要移开眼睛，不行的……♪」"
    },
    {
        "message": "被摇曳的呼唤所吸引，匆忙地睁开了眼。\\n迎接我的是全身颤抖着喘息的天使身影。\\n看来是因为被贯穿的解放感而闭上了眼睛。"
    },
    {
        "name": "アンゲロニア",
        "message": "「哈啊、哈啊……现在能看到的只有……\\n你一个人了吧……？」"
    },
    {
        "name": "アンゲロニア",
        "message": "「瞧啊……别错过这一刻……♪\\n射出来的天使也……是不是超级、可爱呢……？」"
    },
    {
        "message": "被汗水打湿，对着喘息中的命令没有回应。\\n因为，确实非常可爱。"
    },
    {
        "message": "比刚才搅动阴道更加剧烈的她，\\n此刻已经完全忘却一切，如同真正的天使一般。"
    },
    {
        "name": "アンゲロニア",
        "message": "「团长，多亏你努力了呢……？\\n嘛，就算没有努力……安也一样可爱♪」"
    },
    {
        "name": "アンゲロニア",
        "message": "「不管怎样……恭喜你，团长♪\\n能和这么可爱的天使发生关系真是太好了♪ 呵呵♪」"
    }
]