[
    {
        "name": "ツキミソウ",
        "message": "「团长，别客气……尽管……」"
    },
    {
        "message": "被四翅月见草牵着手，走向卧室。"
    },
    {
        "name": "ツキミソウ",
        "message": "「只要是我能做到的事，无论如何都会为您做的\\n一切都随团长所愿……\\n今夜的我，只属于您……」"
    },
    {
        "message": "四翅月见草微笑着。\\n然后在月光下，她摇动着华丽的黑发，倒在了床上——。"
    },
    {
        "name": "ツキミソウ",
        "message": "「失礼了，团长……\\n嗯、嗯咕啊啊啊啊啊啊……」"
    },
    {
        "message": "四翅月见草蹲下身子，迎接着阴茎。"
    },
    {
        "name": "ツキミソウ",
        "message": "「哈啊，哈咕……啊，团长，团长……\\n好强壮……」"
    },
    {
        "name": "ツキミソウ",
        "message": "「我的里面，被填满了……\\n呼啊，嗯，嗯嗯嗯～！」"
    },
    {
        "message": "被充满热量的阴道包裹着。\\n声音变得嘶哑，麻痹感传遍全身。"
    },
    {
        "name": "ツキミソウ",
        "message": "「嗯、嗯嗯嗯……呼、呼啊、啊啊」"
    },
    {
        "message": "身体沉浸在刺天般的肉棒中，\\n透明的肌肤痉挛不已。\\n即便如此，我们交错的目光从未中断。"
    },
    {
        "name": "ツキミソウ",
        "message": "「嗯嗯……哈、哈、团长，\\n全、进去了，吧……？」"
    },
    {
        "message": "柔软的臀肉抵达了腿根。\\n粗重的呼吸中，已经充满了足够的热量。"
    },
    {
        "name": "ツキミソウ",
        "message": "「辛苦了一天……\\n还答应了这么不检点的请求，\\n谢谢你……」"
    },
    {
        "message": "这就是我们交织在一起的理由。"
    },
    {
        "name": "ツキミソウ",
        "message": "「我、无法忍耐……\\n团长对我发出的那个夜晚，我无法忘怀……」"
    },
    {
        "name": "ツキミソウ",
        "message": "「所以……哈、哈、所以……」"
    },
    {
        "message": "不需要再说更多了。\\n于是，我也开始迎接她。"
    },
    {
        "name": "ツキミソウ",
        "message": "「啊、嗯、团长，啊……\\n嗯、哈啊、哈啊，胸部，今天也要摸摸我，对吧……？」"
    },
    {
        "message": "从下方托起，手掌在乳房上游走。\\n轻柔地抚摸整个身体，舒缓紧绷的情绪。"
    },
    {
        "name": "ツキミソウ",
        "message": "「果然……啊、感觉好幸福，\\n团长的手，身体和那里都在颤抖」"
    },
    {
        "name": "ツキミソウ",
        "message": "「被你渴望着，好开心……\\n好开心，好开心……\\n我也开始想要团长了……」"
    },
    {
        "message": "在揉捏乳房的同时，四翅月见草开始上下摆动。"
    },
    {
        "name": "ツキミソウ",
        "message": "「啊、哈啊、啊啊啊啊啊……！\\n今天我、嗯啊、嗯嗯嗯……！」"
    },
    {
        "name": "ツキミソウ",
        "message": "「团长……给我很多很多……！\\n撒娇可以吗……？」"
    },
    {
        "message": "四翅月见草用力挺动四肢，含住肉棒。\\n深陷意识的哀怨喘息让腰部的疼痛变得更加强烈。"
    },
    {
        "name": "ツキミソウ",
        "message": "「咕、嘶、咕、啊、啊啊、那里，又张开了……！\\n你会原谅我的吧？」"
    },
    {
        "message": "我向那个略带拘谨的她点了点头。\\n并没有任何拒绝的理由。"
    },
    {
        "name": "ツキミソウ",
        "message": "「诶嘿，诶嘿嘿嘿……嗯——对不起，可以了吗……」"
    },
    {
        "name": "ツキミソウ",
        "message": "「哈啊，哈啊，那个……嗯，失礼了……」"
    },
    {
        "message": "仿佛释然一般，四翅月见草向我求着唇。"
    },
    {
        "name": "ツキミソウ",
        "message": "「啾，啾，呼——嗯，嗯嗯……\\n更深一些，在更深一些……啾，嗯唔唔——！」"
    },
    {
        "name": "ツキミソウ",
        "message": "「啾噗唔，嗯唔，呼……啾，唔啾\\n啪啾，唔啾，啾啪，甜蜜的……\\n兰丁先生的蕾丝，唔唔，啪啾，啾」"
    },
    {
        "message": "从轻吻到深情的接吻。\\n仿佛在说忍耐不住一样，深深地缠绕粘膜。"
    },
    {
        "name": "ツキミソウ",
        "message": "「想要……请给我更多……口水、舌头、我都想要更多」"
    },
    {
        "message": "尽管身体姿势很难受，\\n她一边亲吻着我却没有停止抽送。\\n无论是肉棒还是舌头，都在努力地迎合着。"
    },
    {
        "message": "一边揉捏着乳头，\\n我也拼命地接纳着她的贪婪。"
    },
    {
        "name": "ツキミソウ",
        "message": "「嗯，好舒服，停不下来……\\n亲吻、胸部，还有那里……都变得炽热……\\n虽然很羞耻，但是……呼」"
    },
    {
        "name": "ツキミソウ",
        "message": "「啾，啾啪，嗯，啾，啪噗，唔啾\\n想要更多……想要团长的全部……\\n啾，啪啾，啪噗，嗯，嗯嗯～！」"
    },
    {
        "message": "迷醉的声音和眼神。发烫的口腔和肌肤。\\n渴求着亲吻，套动着阴茎，摩擦着乳头的四翅月见草喘息不止。"
    },
    {
        "message": "在清纯平日与现在的反差下欲望无限膨胀。\\n无法克制地开始向阴道深处顶击。"
    },
    {
        "name": "ツキミソウ",
        "message": "「呼唔、哈、团长、先生……嗯、嗯嗯！\\n等一下……啊、啊啊！不、不行……！」"
    },
    {
        "name": "ツキミソウ",
        "message": "「无法再亲吻了……！\\n我还想继续呢……！」"
    },
    {
        "message": "受到深入的冲击，口中带着留恋的口水分离了。\\n虽然觉得抱歉，但是抽送却无法停止。"
    },
    {
        "name": "ツキミソウ",
        "message": "「啊、这样的表情、啊啊、不要、请不要……！\\n已经无法忍耐了吧？」"
    },
    {
        "name": "ツキミソウ",
        "message": "「我和你一起……啊、嗯、咕噜噜……！\\n感受到你的快感……我、好高兴……」"
    },
    {
        "message": "被肉棒玩弄，四翅月见草的身体跃动着。\\n看到这一幕，不由自主地被吸引。"
    },
    {
        "name": "ツキミソウ",
        "message": "「被喜欢的人，求着，自己也求着……\\n感受到你，我好高兴……！」"
    },
    {
        "name": "ツキミソウ",
        "message": "「因为喜欢你，能让自己感到快乐……\\n啊、啊啊！我、好幸福……！」"
    },
    {
        "message": "被月光照耀着，\\n四翅月见草在夜晚的房间里展现出淫靡的姿态。"
    },
    {
        "message": "被汗水打湿的皮肤闪耀着白色光芒，\\n凌乱的头发柔和地接受着柔和的光芒。\\n心被这官能而神秘的景象深深吸引。"
    },
    {
        "name": "ツキミソウ",
        "message": "「啊、啊、感受到你的目光……！\\n请多看着我……因为想要感受你……！」"
    },
    {
        "name": "ツキミソウ",
        "message": "「和你一起，嗯、感觉很舒服，我……\\n请多看着我\\n因为是你，我才能变得如此放纵！」"
    },
    {
        "message": "彼此的律动交织在一起，\\n在夜晚的寂静中传出淫荡的声音。\\n湿润的肌肤褶皱传达着快感。"
    },
    {
        "name": "ツキミソウ",
        "message": "「啊啊、啊啊、团长大人，我在思念着您……！\\n肚子被搅动着，嗯，好幸福……！」"
    },
    {
        "name": "ツキミソウ",
        "message": "「呼啊、哈啊啊、太幸福了，我已经……！\\n团长大人，团长大人……啊啊啊！」"
    },
    {
        "message": "花蜜般的深处紧紧包裹着阴茎，向这边渴求着。\\n仿佛在催促的蠕动中，白色浊液沿尿道上涌。"
    },
    {
        "name": "ツキミソウ",
        "message": "「就这样，射进来吧……！\\n子宫也在等着呢！\\n想要你的种子，颤抖着期待着……！」"
    },
    {
        "name": "ツキミソウ",
        "message": "「啊、哈哈、来吧、来吧……！\\n用你来填满我，让我充盈满溢！」"
    },
    {
        "name": "ツキミソウ",
        "message": "「啊啊、嗯咕噜噜……！\\n啊、哈啊啊啊啊啊啊……！」"
    },
    {
        "message": "大量的精液喷射而出。\\n四翅月见草接受着它，全身开始抽搐。"
    },
    {
        "name": "ツキミソウ",
        "message": "「啊、啊啊……射出来了……\\n流淌出来了……种子呢，\\n我知道在肚子里游泳着呢……」"
    },
    {
        "name": "ツキミソウ",
        "message": "「呼，子宫都快溺水了……\\n啊，还在不断地流进来呢……」"
    },
    {
        "message": "忍受着极致快感，四翅月见草将下半身紧贴在一起。\\n摇动着腰，揉捏着射精中的肉棒。"
    },
    {
        "name": "ツキミソウ",
        "message": "「全部都要流出来……请让我这样吧\\n团长大人的种子，一滴也不想留下……」"
    },
    {
        "message": "像是被温柔地耳语着，她将一切都委托给了她。\\n在舒适的安心感中，仿佛全身都失去了力气。"
    },
    {
        "name": "ツキミソウ",
        "message": "「呵呵……团长大人看起来非常舒服呢？\\n既然你答应了我的请求，还露出那样的表情，我……」"
    },
    {
        "message": "脸颊微微泛红，\\n但在月光下，她的微笑中透露出一丝开心。"
    },
    {
        "name": "ツキミソウ",
        "message": "「又想做些不检点的事情了\\n但下次……请团长大人向我提请求吧？」"
    },
    {
        "name": "ツキミソウ",
        "message": "「如果你想的话，随时随地……我都会接受的\\n呵呵，这是约定……团长大人？」"
    }
]