[
    {
        "name": "サオトメバナ",
        "message": "「蛋、超、团长……！」"
    },
    {
        "message": "抱着我的小小身体，不停地颤抖着。\\n她咬住了声音，用力挽住我的胳膊和腿。"
    },
    {
        "message": "仿佛在默默地表达着不想离开，鸡屎藤渴望着我。"
    },
    {
        "name": "サオトメバナ",
        "message": "「嗯、啊、团长……要负责任……」"
    },
    {
        "message": "鸡屎藤挑逗地摩擦着我的皮肤和粘膜。\\n对于已经充血得足够多的她，我询问责任是什么。"
    },
    {
        "name": "サオトメバナ",
        "message": "「那是当然的……要对我敞开心扉的责任\\n多亏你，呼、嗯嗯、你已经深深地印在我的心里了，不是吗」"
    },
    {
        "name": "サオトメバナ",
        "message": "「就算在工作中，甚至在看书时……\\n快、啊啊、嗯嗯啊、你到底……要怎么对待我\\n都是因为你，难道不是吗……？」"
    },
    {
        "name": "サオトメバナ",
        "message": "「都是因为你，才会做出这样的夜袭……\\n啊啊、嗯嗯、嗯嗯、啊、鸡巴，感觉，好舒服……！\\n果然，和手指不一样，唔呜、啊啊啊……！」"
    },
    {
        "message": "她呼出的吐息在我的颈间散发出一丝凉意。\\n她的身体也在颤抖着。\\n由于她喘息而产生的气息，在我胸中的皮肤上引起了痉挛。"
    },
    {
        "name": "サオトメバナ",
        "message": "「为什么……嗯、你竟然放任我到这个地步？\\n多亏你，我已经无法忍耐……\\n嘴上说着要钓鱼，却不给饵……真是蠢货吗？」"
    },
    {
        "name": "サオトメバナ",
        "message": "「还是说，你故意让我忍耐，然后自己求着你的？\\n团长，真是卑鄙，成功地上了你的当……嗯」"
    },
    {
        "message": "责难的话语也变得温柔动人，只觉得她充满了可爱。\\n她抛开了往日的形象，任由欲望驱使着吞噬着肉棒。"
    },
    {
        "message": "对于自己无法领会这份强烈情感感到无能为力。\\n虽然接受了她的感情，\\n但一直打算按照鸡屎藤的步调来进行。"
    },
    {
        "name": "サオトメバナ",
        "message": "「我才不想要你道歉呢……！」"
    },
    {
        "message": "拒绝了道歉的言辞，被浸湿的肉穴紧紧地夹住。\\n面对柔软的压力，我不由自主地用力抓紧了握住她的手。"
    },
    {
        "name": "サオトメバナ",
        "message": "「嗯嗯嗯嗯、把那个给我……！\\n如果你真觉得对不起、抱歉的话\\n那就更多地给我……啊啊啊！」"
    },
    {
        "message": "她说的那个，大概是指紧紧拥抱我的手。\\n这一次，我试图理解她的心意，并轻抚着颤抖的背。"
    },
    {
        "name": "サオトメバナ",
        "message": "「哈哈、哈哈、啊、嗯、啊啊啊啊……\\n太好了……肉棒和手……都很舒服\\n小穴也很愉悦……感受到了吧……」"
    },
    {
        "message": "抽送时，从上到下轻柔地抚摸着她背部。\\n仿佛被推挤一般，\\n更多的爱液从阴道深处渗了出来。"
    },
    {
        "name": "サオトメバナ",
        "message": "「哈啊，嗯啊，果然，感到安心……\\n你的手，我喜欢……\\n想要更多地，触摸……嗯嗯，团长，喜欢」"
    },
    {
        "message": "耳边不断传来的两个字的好意。\\n这是之前她自己说过不再说第二遍的话。"
    },
    {
        "name": "サオトメバナ",
        "message": "「是啊……明明不想说很多次的……」"
    },
    {
        "name": "サオトメバナ",
        "message": "「可是，只是教会了让人感到舒服的事情……\\n就让我一个人去做吧……嗯，呼啊啊啊！」"
    },
    {
        "message": "执着地摩擦着自己的触感。\\n慢慢地、淫靡的快感声音深深地回荡着。"
    },
    {
        "name": "サオトメバナ",
        "message": "「嗯，嗯嗯～……更多地、多碰触……！\\n不只是背部……！\\n我的、任何地方都可以……！\\n嗯，嗯啊啊！」"
    },
    {
        "message": "手掌直接下降。\\n用一直在背部追随的指尖抚摸着她的腰，然后延伸到更深处。"
    },
    {
        "name": "サオトメバナ",
        "message": "「嗯啊，呜，呜呜呜……那里也是吧？\\n屁股也要好好碰触……\\n让我感到很舒服地做吧……」"
    },
    {
        "message": "应她的请求，他轻抚着吞噬着肉棒的臀部。"
    },
    {
        "name": "サオトメバナ",
        "message": "「啊，嗯啊啊，咕噜！嗯，嗯，喜欢……！\n再用力一点……记住我的指，记住它的感觉……！」"
    },
    {
        "message": "颤动的阴道肌肉传达着爱抚的快感。\n随着触感继续爱抚，那痉挛变得更强烈，渗出的爱液也变得更多。"
    },
    {
        "name": "サオトメバナ",
        "message": "「啊，啊，咕噜，咕噜……呼，好淫荡！\n阴道仿佛要融化、消失一样……！\n喂、团长……再用力一点，咕噜！」"
    },
    {
        "name": "サオトメバナ",
        "message": "「要负责任，好好满足我……！\n团长，怎么了……如果花骑士们不能战斗了会很困扰吧？\n啊、所以、啊啊啊、所以，请更深入一点，肉棒……给我……！」"
    },
    {
        "message": "被雌性的呻吟所诱惑，他将手指深深插入了轻抚的臀部。\n然后用力挺动着她的身体。"
    },
    {
        "name": "サオトメバナ",
        "message": "「啊、嗯啊、嗯、啊啊啊啊！\n肉棒、进到了最深处……！\n啊、好舒服、好舒服……！\n阴道、感觉好舒服呀……！」"
    },
    {
        "message": "他凝视着她带着撒娇的喘息。\n她已经不再回避那淫荡的表情。"
    },
    {
        "name": "サオトメバナ",
        "message": "「呼、怎么了……？\n为什么盯着我的脸……呼、怎么了？」"
    },
    {
        "message": "忘记了躲开的荡漾表情，说出了那样的话。\n沉浸在自己身上的事实中，射精的欲望一下子高涨起来。"
    },
    {
        "name": "サオトメバナ",
        "message": "「肉棒，嗯嗯，好大……！\n嘿，你想射出来吗？\n再次，想要把我的小穴……弄得白白的，对吧？」"
    },
    {
        "name": "サオトメバナ",
        "message": "「哈，哈，好啊，射出来，射出来……！\n结束吧，我会……原谅你的……！\n啊，啊啊啊啊，嗯啊啊啊！」"
    },
    {
        "message": "将她小小的身体压在胸前，用手掌拍打着那块肉对准肉棒。\n随着加剧的收缩，双方深处的刺痛感逐渐上升。"
    },
    {
        "name": "サオトメバナ",
        "message": "「啊，嗯啊啊，记住好好……！\n你的、精液、嗯、绝对不会消失掉……！\n嘿、嘿、呜、喝得多一点点给我！」"
    },
    {
        "name": "サオトメバナ",
        "message": "「啊啊啊、啊呀呀、团长、喜欢你、喜欢……！\n呼啊、嘿呀呀呀、喜欢、喜欢！！」"
    },
    {
        "message": "紧紧拥抱着彼此，并让最敏感的地方贴合在一起。\n在迸发的高潮中，放任着欲望。"
    },
    {
        "name": "サオトメバナ",
        "message": "「哈啊、嗯哼呜呜呜呜啊啊啊啊……！」"
    },
    {
        "message": "纤细的手臂环绕着背后，用力量抵挡着射精的冲击。\n挺入皮肤中的指甲仿佛在承受射精的力量。"
    },
    {
        "name": "サオトメバナ",
        "message": "「嗯……啊啊啊啊……！\n还在流着呢……啊，深处，湿湿的，喷射着……\n嗯，快要……又要高潮了！」"
    },
    {
        "message": "在持续的快感中，鸡屎藤颤抖着。\n那种娇声入耳，实在太可爱了，让人想一次次让她喝精液。"
    },
    {
        "name": "サオトメバナ",
        "message": "「啊，啊啊啊……团长，喜欢，喜欢你\n再靠近一点……\n不想分开……唔，嗯咕噜」"
    },
    {
        "name": "サオトメバナ",
        "message": "「精液，不想流出来，肉棒，压上来……\n直接的，嗯呜呜，满满地灌进肚子里……」"
    },
    {
        "message": "鸡屎藤吮吸着肉棒。\n对她的贪欲，尽可能地回应。"
    },
    {
        "name": "サオトメバナ",
        "message": "「呼、呼、呼……团长？\n肉棒，变小了呢……？」"
    },
    {
        "message": "终于喝得干干净净，肉棒理所当然地软了下来。\n精力也早已耗尽。"
    },
    {
        "message": "此刻正是个好时机。\n这样把她拉开，在送她回房间。"
    },
    {
        "message": "这么想着伸手去拉鸡屎藤的手臂。\n但却被她拒绝了。"
    },
    {
        "name": "サオトメバナ",
        "message": "「为什么，变小了呀……！\n我，嗯啊，还、还没……满足呢！\n嗯呜呜，啊，哈啊啊啊！」"
    },
    {
        "message": "比刚才更加紧紧地抓住。\n身体摇晃着，吮吸着软掉的肉棒，\n硬生生地勃起起来。"
    },
    {
        "name": "サオトメバナ",
        "message": "「不够，不够……给我更多肉棒！\n负责任地给我……！\n哈啊，嗯咕噜，啊啊啊啊！」"
    },
    {
        "message": "被她的喘息所惊愕，阴茎被强行擦动。"
    },
    {
        "message": "之后，鸡屎藤疲惫不堪地在胸口入睡了，\n直到第二天太阳升得很高。\n射精的次数，就算用双手也不够。"
    }
]