[
    {
        "name": "カタバミ",
        "message": "「团长，好想见你！\n一直不能在一起，我真的好寂寞啊！」"
    },
    {
        "message": "长期对害虫进行讨伐的酢浆草，一回来就抱住我说了这样的话。"
    },
    {
        "name": "カタバミ",
        "message": "「自己也觉得奇怪\n那时，团长对我像对女人一样，我真的感到幸福，\n所以觉得即使在分开的时候也能忍耐。」"
    },
    {
        "name": "カタバミ",
        "message": "「没想到会这么痛苦……\n大概是因为知道和团长联系在一起会很高兴吧\n所以，不能见面真的很痛苦……」"
    },
    {
        "message": "低头想起寂寞的日子。\n看到平时阳刚的她这样子，爱意涌上心头。"
    },
    {
        "name": "カタバミ",
        "message": "「团长……虽然突然有点不好意思，但我已经忍不住了！\n这种寂寞，希望团长能治愈我……！」"
    },
    {
        "message": "用湿润的眼睛恳求着。\n然后，热情地贴上了嘴唇。"
    },
    {
        "name": "カタバミ",
        "message": "「啵……嘟……嗯……啵嘟\n团长……嗯哈……啊……哈……\n团长的身体……暖暖的……！」"
    },
    {
        "name": "カタバミ",
        "message": "「求求你……！\n让我更多地感受团长的全身……\n啵……嘟……嗯哈！」"
    },
    {
        "message": "感受着她柔软的体温和嘴唇的触感，我也变得无法自持，紧紧地回抱住她的身体……。"
    },
    {
        "name": "カタバミ",
        "message": "「嗯……再、再深一点让我感受到……\n啊……嗯，啊，啊啊啊啊……！！」"
    },
    {
        "message": "将阴茎插入她的阴道，她发出喘息声，身体微微向后拱起。"
    },
    {
        "name": "カタバミ",
        "message": "「哈……啊，我一直都想要这个……\n想要团长这样对我……哈！」"
    },
    {
        "message": "仿佛在表达爱意，阴道紧紧地包裹着阴茎。\n喜悦之泪从深处涌出，热情地缠绕着勃起的阴茎。"
    },
    {
        "name": "カタバミ",
        "message": "「开心……一直等待着这样的对待……\n啊……哈……啊哈……！」"
    },
    {
        "message": "觉得已经可以动了，开始前后摆动着腰部。\n异物在她体内摩擦，带来一种刺痛般的快感。"
    },
    {
        "name": "カタバミ",
        "message": "「啊……呼……啊……哈……！\n团长的、硬硬的在里面动着……！\n好舒服呀……哈！」"
    },
    {
        "message": "伴随着抽插，酢浆草发出热烈的呼吸声。\n阴道里源源不断地流出淫液，将阴茎根部都打湿了。"
    },
    {
        "name": "カタバミ",
        "message": "「啊……哈……团长，求求你……！\n用力一点……让我里面，热热的……哈！」"
    },
    {
        "message": "酢浆草用言语乞求着更激烈的冲刺。\n为了回应她，我更加用力地摆动着腰部。"
    },
    {
        "name": "カタバミ",
        "message": "「哈！啊！哈，啊啊！\n团长……啊，好激烈……好舒服……！」"
    },
    {
        "name": "カタバミ",
        "message": "「嗯、好高兴……\n你能在我体内，变得如此炽热……\n哈……啊……哈，啊啊啊！」"
    },
    {
        "message": "将阴茎拉出到极限，阴道仿佛在紧紧抓住不放。\n再次插入时，柔软的肉体甜蜜地包裹着。"
    },
    {
        "message": "在粗暴的冲刺中，一再品尝着酢浆草的阴道粘膜，\n突然她猛地吻住我的嘴唇。"
    },
    {
        "name": "カタバミ",
        "message": "「啾……嘟噜……嘟……哈啊\n和团长的、吻、哈、好舒服……嗯嗯」"
    },
    {
        "message": "酢浆草更进一步伸出湿润的舌头，贪婪地侵入我的口腔。\n全身仿佛被舔到内心深处，一阵强烈的刺激。"
    },
    {
        "name": "カタバミ",
        "message": "「啊哈……舔舔……啾……嘟噜……舔舔\n呼……团长的口腔……真美味呀……啊哈」"
    },
    {
        "name": "カタバミ",
        "message": "「一直……都想要这样……\n就算在对抗害虫的时候……也一直渴望早点见到团长，然后做这样的事情……！\n……舔舔……啾」"
    },
    {
        "name": "カタバミ",
        "message": "「哈啊……呼呼……啊哈呼……\n我觉得，应该还会有长时间的讨伐任务吧……\n所以再一次，填满我吧……团长，再一次，填满我……」"
    },
    {
        "message": "从她的舌尖传达出了深情，强烈的爱意涌上心头。\n我也伸出舌头，与她纠缠在一起。"
    },
    {
        "name": "カタバミ",
        "message": "「啊啊！？ 啊哈……舔舔……啾……嘟\n哈啊……团长啊……团长啊……」"
    },
    {
        "name": "カタバミ",
        "message": "「舔舔……啾，啊哈……啊啊！？\n身体的深处好热呀……\n好像要变得奇怪了……啊哈」"
    },
    {
        "message": "依然插入着异物不断地接吻\n渐渐地刺激着阴道深处，柔和地刺激着勃起。"
    },
    {
        "name": "カタバミ",
        "message": "「哈啊……舔舔、嗯呼、哈啊！\n已、已经、我……啊、不行不行\n忍耐不住了……舔舔……啾啾！」"
    },
    {
        "message": "纠缠着舌头，她的腰扭动着。\n一段时间里，我们互相沉迷地品尝对方的口腔。"
    },
    {
        "message": "稍微有些窒息，分开嘴唇后，我们各自的口中挂着透明的唾液。\n喘着热气，酢浆草用迷人的眼神向我求爱。"
    },
    {
        "name": "カタバミ",
        "message": "「啊……啊……呼……啊……\n团长……再用力……再用力啊……！\n把、把我里面……狠狠地戳中……」"
    },
    {
        "name": "カタバミ",
        "message": "「用肉棒，在里面搅动着……\n治愈我……啊，啵嘟，嘟嘟……！」"
    },
    {
        "message": "唇和阴道粘膜的刺激让我也变得难以自持。\n我用双手固定住她的腰，更加剧烈地摩擦。"
    },
    {
        "name": "カタバミ",
        "message": "「哎呀！？ 啵嘟，啵呀，啊啊呣！\n团长……好、好厉害……啊，哈呣呣！」"
    },
    {
        "name": "カタバミ",
        "message": "「在我体内猛烈地乱动着……！\n被不断地戳击着……！\n已经快无法思考了……！」"
    },
    {
        "message": "连接处传来淫湿的水声在房间中回响。\n强烈的性感在下腹部蔓延。"
    },
    {
        "name": "カタバミ",
        "message": "「啊……啵嘟……！ 舔舐……舔舐……啊哈呣！\n团长……团长啊……！」"
    },
    {
        "name": "カタバミ",
        "message": "「喜欢……好喜欢的哦……！\n一直被这样对待下去……不想离开你的身边……\n啊，哈呣，啊呣呣……！」"
    },
    {
        "message": "品尝着酢浆草的阴道，我的家伙开始热热地颤抖起来。\n看来快到极限了。"
    },
    {
        "name": "カタバミ",
        "message": "「啊……啊……啊……啊！\\n一直在等，一直都在等着见你！」"
    },
    {
        "name": "カタバミ",
        "message": "「好……来吧……！\\n把你的热量全部注入我的身体深处……！！」"
    },
    {
        "message": "对着这番话作出回应，更加剧烈地摩擦着阴道\\n自己也在不断地升腾。"
    },
    {
        "name": "カタバミ",
        "message": "「啊呀！ 啊！ 啊，啊！\\n团长……啊，团长……！ 喜欢……喜欢……非常喜欢你……！」"
    },
    {
        "message": "阴道仿佛在温柔地拥抱着异物。\\n就像是有意识的生物一样，不停地扭动着。"
    },
    {
        "name": "カタバミ",
        "message": "「啊……啊……啊……啊……！\\n我已经……啊，我不行了……要高潮了……！」"
    },
    {
        "name": "カタバミ",
        "message": "「深爱的团长的肉棒，在里面摩擦着……啊！\\n要高潮了……啊，我要高潮了……啊！！」"
    },
    {
        "name": "カタバミ",
        "message": "「呼啊，啊，嗯呜呜呜……！\\n来了……热量，又来了……！\\n一直在等着……一直都在等着你呢……」"
    },
    {
        "message": "伴随着剧烈的性刺激，将精液射入酢浆草的阴道内，\\n她的身体开始痉挛起来。"
    },
    {
        "name": "カタバミ",
        "message": "「啊……呼……啊，啊……嗯……已经……动不了了\n团长……太厉害了……这个……好像上瘾了呢……」"
    },
    {
        "message": "她仿佛在喃喃自语，她的阴道粘膜微微颤抖着。\n看来，她已经高潮得相当厉害了。"
    },
    {
        "name": "カタバミ",
        "message": "「啊……好久不见后的性爱……\n真的好舒服呢……完全不知道呢……♪」"
    },
    {
        "name": "カタバミ",
        "message": "「反而……比平常见面更舒服吧……\n偶尔不能见面也不错呢……\n啊……呼……啊……」"
    },
    {
        "message": "喘着气听着酢浆草的话，\n我意识到以后长时间出征后会变得很麻烦……。"
    }
]