[
    {
        "name": "カタバミ",
        "message": "「啊……团长……要来了吗？」"
    },
    {
        "message": "酢浆草总是充满活力，口若悬河。\n此刻，她却发出了甜蜜而略带切肤的声音。"
    },
    {
        "message": "在昏暗中显露出健康的肌肤，\n我不由得发出了一阵喉音。"
    },
    {
        "name": "カタバミ",
        "message": "「嗯嗯……来了……啊……！\n肉棒，进来了……嗯嗯嗯！」"
    },
    {
        "message": "顶在阴唇上的阴茎，缓缓地被阴道包裹。\n酢浆草低下腰身时，额头上微微皱起了眉。"
    },
    {
        "message": "但那也只是一瞬间。\n每一次扩张腹部，喜悦就浮现在她的嘴角。"
    },
    {
        "name": "カタバミ",
        "message": "「嗯嗯，啊，哈……啊啊，终于，全部进去了～\n诶嘿嘿，团长的大家伙，真不容易呀？」"
    },
    {
        "name": "カタバミ",
        "message": "「这样看待我作为女人的你吧？\n所以，嗯，这么粗大呀？」"
    },
    {
        "message": "她微笑着将手搭在我的脸颊上，满是喜悦。\n我无法否认，只能点头回应。"
    },
    {
        "name": "カタバミ",
        "message": "「嗯，谢谢，团长\n啊，果然和团长在一起，我就会心跳加速……」"
    },
    {
        "name": "カタバミ",
        "message": "「……我吗？和团长在一起，身体……会变得炽热\n不和团长在一起的话，胸口就会感到闷闷的」"
    },
    {
        "name": "カタバミ",
        "message": "「一直在意的那件事情，\n终于明白了……\n所以……」"
    },
    {
        "message": "俯视着那目光，\n酢浆草开始套动着阴茎。"
    },
    {
        "name": "カタバミ",
        "message": "「啊，嗯啊，我喜欢团长……\n我知道了……」"
    },
    {
        "message": "用坚实的身体，倾注着热情的爱抚。\n虽然有些笨拙，但强烈的感情传达了过来。"
    },
    {
        "name": "カタバミ",
        "message": "「因为团长是我喜欢的人……嗯\n因为我是个女人，所以才能这样」"
    },
    {
        "name": "カタバミ",
        "message": "「一旦意识到这点……嘿嘿，感到开心、非常开心……\n已经、无法忍耐了」"
    },
    {
        "message": "所以才会这样将其压倒。\n当问及是否是这样时，\n她回以顽皮孩子般的笑容。"
    },
    {
        "name": "カタバミ",
        "message": "「嗯，是啊，怎么了……我好想快点表达出来……\n嘿嘿，突然对不起，呢？」"
    },
    {
        "message": "深夜突然闯进房间，毫不客气地占据上风。"
    },
    {
        "message": "就这样陷入了这种局面。无法斥责，只能苦笑回应。"
    },
    {
        "name": "カタバミ",
        "message": "「唔～，你那表情，难道在失望吗～？\n这种事，只是现在而已哦……！」"
    },
    {
        "name": "カタバミ",
        "message": "「我真的很高兴啊，如果用这份喜悦让团长感到舒服的话，\n再怎么失望也不可能，所以！」"
    },
    {
        "message": "用力夹紧的双腿使得磨擦更加剧烈。从根部一直到龟头，细致地上下摩擦。"
    },
    {
        "name": "カタバミ",
        "message": "「嘿嘿，我会为了团长而努力的……？\n一定要让鸡巴感到舒服……嘛」"
    },
    {
        "name": "カタバミ",
        "message": "「我是女孩子啦，不管别人怎么说都是这样的……\n对啊，一定要让团长感受到我的高兴！」"
    },
    {
        "message": "周围的人会误以为她是男孩子般的少女。\\n这就是被称为酢浆草的花骑士的评价吧。"
    },
    {
        "message": "但是，事实并非如此。\n即使方法有些粗暴，也能全身心地传达可爱的心意。"
    },
    {
        "message": "那份可爱之情投射到我身上。\n随着这份爱意膨胀，肉棒也膨胀起来，更加挤压着阴道内的肉壁。"
    },
    {
        "name": "カタバミ",
        "message": "「嗯嗯嗯！？ 团、团长，还、还在变大吗！？\n肚子要炸裂了……嗯姆姆！？」"
    },
    {
        "message": "少女睁大了双眼，嘴唇充满诱惑。\n在她说话的间隙，我迅速夺走她的双唇，深入口腔侵犯。"
    },
    {
        "name": "カタバミ",
        "message": "「嗯、姆姆、嗯姆姆，哈、团、团长……\n突然做什么……嗯、嗯」"
    },
    {
        "name": "カタバミ",
        "message": "「我要让团长感到舒服呢，嗯、啾啪\n团长不用做什么……」"
    },
    {
        "message": "毫不客气地吮吸她的舌头，惊讶的酢浆草扭开了头。\n我控制住她的动作，刺激着露出来的乳头。"
    },
    {
        "name": "カタバミ",
        "message": "「嗯、啊啊！？ 胸、胸部！？\n啊呜，虽然很高兴……但是可以吗？」"
    },
    {
        "name": "カタバミ",
        "message": "「我的、很小呢……？\n又薄又像男生一样……呜呀！？」"
    },
    {
        "message": "大小无关紧要。\\n重要的是酢浆草的乳房。"
    },
    {
        "name": "カタバミ",
        "message": "「啊、嗯嗯、啊、团长\\n亲，太过了，呢……嗯，啾」"
    },
    {
        "message": "利用能用的地方，爱抚酢浆草。\\n那是对想着我的她的回报。"
    },
    {
        "name": "カタバミ",
        "message": "「嗯，嗯嗯，扑哈……啊，啊……\\n团长，嘴周围，粘糊糊的，呢？」"
    },
    {
        "name": "カタバミ",
        "message": "「脸上也变得很舒服的样子……\\n嘿嘿，我好像能好好地做爱了呢」"
    },
    {
        "message": "同样嘴唇泛光的酢浆草得意地微笑着。\\n那里没有平常的开朗，只有沉醉的快感浮现。"
    },
    {
        "name": "カタバミ",
        "message": "「我也，啊，感觉很舒服……\\n阴道在渗出……团长，能感受到吗？」"
    },
    {
        "message": "扭曲的连接部分在抽送中闪着不同于唇部的液体。\\n每一次刺入都会渗出，并且挖出的爱液非常淫荡。"
    },
    {
        "name": "カタバミ",
        "message": "「明明说着好……团长你摸胸还摸阴道……\\n全身都被摸得这么热」"
    },
    {
        "name": "カタバミ",
        "message": "「这、都是因为团长……\n因为团长触摸我，我才越来越像个女人了」"
    },
    {
        "message": "被那妖媚的目光和呼吸所牵引，\n激起了我的意识。那种煽动我的欲望，\n已经无法控制地让我成为了女人的一部分。"
    },
    {
        "message": "想要拥有迷人的女人。\n男人天生的欲望，激烈地驱使着我的身体。"
    },
    {
        "name": "カタバミ",
        "message": "「啊啊，嗯嗯……啊啊啊啊啊！？\n突然怎么了……！？好粗暴哦！」"
    },
    {
        "name": "カタバミ",
        "message": "「团、团长……别这么着急，\n我又不会跑掉……啊啊啊啊啊！」"
    },
    {
        "message": "悲鸣般的声音早已变成了娇喘。\n被爱液浸湿的阴道柔软地挤压着阴茎。"
    },
    {
        "message": "依赖着贪婪地吞噬的肉壶，\n龟头一次次深入其中。\n牵着的手不停地推动，将所有的冲击都传达到她的体内。"
    },
    {
        "name": "カタバミ",
        "message": "「哈啊，呜呜，我也不会输的！\n我一定会让你感受更舒服！」"
    },
    {
        "message": "被玩弄的酢浆草加快了腰部的速度。"
    },
    {
        "name": "カタバミ",
        "message": "「嘿啊，嘿啊！团长，怎么样！？\\n鸡巴，我要好好地摩擦它！」"
    },
    {
        "message": "作为擅长运动的她，已经掌握了窍门。\\n精准的刺激让腰部的疼痛无法停止。"
    },
    {
        "name": "カタバミ",
        "message": "「哈啊，嗯啊啊，一定要让你感到舒服……！\\n我要让你感到舒服，嗯啊！」"
    },
    {
        "name": "カタバミ",
        "message": "「心爱的团长的，鸡巴，是什么呢……！\\n一定要让你满意……不行！\\n……哈、嗯、妙噢噢！？」"
    },
    {
        "message": "再次陷入她无尽的奉献姿态中，再次亲吻她。\\n想要更深入地连接。"
    },
    {
        "name": "カタバミ",
        "message": "「哈啊、嗯、吸啪、吸……\\n团长、团长……！」"
    },
    {
        "message": "酢浆草没有移开脸。\\n积极地接受舌头，紧紧地缠绕着。"
    },
    {
        "message": "在互相贪恋的性感和亲吻的官能中，阴茎被包裹着。\\n渴望结束的阴道分泌出大量爱液。"
    },
    {
        "name": "カタバミ",
        "message": "「嗯，喜欢，喜欢你啦，团长……！\\n啊姆，一直都很喜欢……！」"
    },
    {
        "message": "离得如此之近，她的眼神传达着理解。\\n就像舌头一样纠缠的视线，传达了那份情感。"
    },
    {
        "name": "カタバミ",
        "message": "「啾、啾……嗯咂！\\n团长，一起……一起达到高潮吧……！\\n就这样，让我成为团长的女人吧……！」"
    },
    {
        "name": "カタバミ",
        "message": "「一直，一直都想和你在一起……！\\n因为你……因为你……！\\n嗯呜、嗯嗯嗯、嗯嗯嗯呜呜呜呜呜呜呜！」"
    },
    {
        "message": "两张嘴同时用力吸吮。\\n被它们牵引着，所有的欲望都被释放了出来。"
    },
    {
        "name": "カタバミ",
        "message": "「嗯嗯、嗯嗯嗯嗯嗯嗯！？\\n肉棒，好热，嗯嗯、啊啊啊啊！」"
    },
    {
        "message": "双唇相拥之际，酢浆草达到了巅峰。\\n随着传来的快感，我也无法停止射精。"
    },
    {
        "message": "我们继续互相吸吮着对方的口水，等待波动平息。\\n紧握着她颤抖的阴茎脉搏。"
    },
    {
        "name": "カタバミ",
        "message": "「哈啊、啊……啾\n唔、团长……要离开我了吗……？\n明明还想再多亲吻你的……」"
    },
    {
        "message": "终于平静下来，分开双唇时她说道。\\n留恋般的唾液之线连接着她红润的口腔。"
    },
    {
        "name": "カタバミ",
        "message": "「不过嘛……算了，\n也不是说就这样结束了，\n毕竟我已经是团长的女人了嘛」"
    },
    {
        "name": "カタバミ",
        "message": "「今后也要一直让我心跳不已哦！\n拜托了，团长♪」"
    },
    {
        "message": "从一脸不满的表情转为明朗的笑容，\n酢浆草重新恢复了那灿烂的表情。\n看着她那闪耀的笑容，我下意识地拍了拍胸口。"
    }
]