[
    {
        "message": "那个夜晚——。不知为何，鸡屎藤即使完成了工作报告，也不愿意离开办公室。"
    },
    {
        "name": "サオトメバナ",
        "message": "「……真是奇怪的夜晚啊，今天……\\n第一次有这样的心情，或许是吧」"
    },
    {
        "name": "サオトメバナ",
        "message": "「团长，如果我说我不想回去，你会怎么办？\\n那个……不知道该用什么话来表达……\\n能陪着我的，我的任性吗？」"
    },
    {
        "message": "鸡屎藤略带不安地喃喃自语。\\n对于她的问题，答案只有一个。"
    },
    {
        "message": "从鸡屎藤身上传来微微的颤抖。\\n那份不安，渐渐占据了她的内心。"
    },
    {
        "name": "サオトメバナ",
        "message": "「呼呼、嗯啊啊啊……嘛」"
    },
    {
        "message": "颤抖的双唇中传出痛苦的呻吟。\\n承受着的双眼紧闭着，面对侵入的异物感，睫毛也微微颤动着。"
    },
    {
        "message": "看着她痛苦的样子，一瞬间腰部停止了动作。\\n然而，鸡屎藤并没有允许这种情况发生。"
    },
    {
        "name": "サオトメバナ",
        "message": "「团长……你在做什么……？\\n明明我已经为你敞开了身体……\\n这种半途而废的行为……呼，我不能原谅你……！」"
    },
    {
        "message": "足纠缠，断绝了腰部的退路。\\n她的脸依然转开，一连串痛苦的声音不断响起。"
    },
    {
        "name": "サオトメバナ",
        "message": "「只有你，我才会允许这样的事……\\n其他人，绝对不会接受……\\n所以，嗯，深入点，好吗」"
    },
    {
        "message": "湿润而摇曳的双眼，传达着这样的话语。"
    },
    {
        "message": "半途而废的感觉确实可能伤害到她。\\n所以至少为了这个，我用力将他一口气插入到最深处。"
    },
    {
        "name": "サオトメバナ",
        "message": "「对，就是那样……！\\n呼、呼……哈哈，你也能做到吧……」"
    },
    {
        "message": "鸡屎藤的言辞像平常一样傲慢。\\n然而，她脸上难掩羞愧之色，肌肤也沾染着紧张。"
    },
    {
        "name": "サオトメバナ",
        "message": "「别得意……\\n就这点事还紧张……嗯、害羞什么的……没有\\n别把妄想强加给我……」"
    },
    {
        "name": "サオトメバナ",
        "message": "「你只需随心所欲地动作，尽情发泄就好……\\n不要说希望在外面做什么……太没品了\\n用我的身体……嗯、全部、接纳吧……\\n嗯、深、啊啊啊啊！」"
    },
    {
        "message": "对着强硬口气，将隐藏的欲望一下子拉扯出来。\\n温暖消失无踪，取而代之的是处女膜破裂的证据缠绕其中。"
    },
    {
        "name": "サオトメバナ",
        "message": "「什么……哈哈，还特意确认了吗？\n真是土气……难道你以为我有经验吗？」"
    },
    {
        "name": "サオトメバナ",
        "message": "「其他人我是绝对不会相信的，把身体交给别人……\n也从未被侵犯过……你是第一个进入我的身体的……嗯、啊啊！？」"
    },
    {
        "message": "没有回应她尖酸刻薄的话，再次用力挺入。\\n曾经闭合的阴道再次被撕裂开来，鸡屎藤紧紧握紧了双手。"
    },
    {
        "message": "没有拔出，只是轻轻地摩擦。\\n同时，轻抚着那饱满柔软的乳房。"
    },
    {
        "name": "サオトメバナ",
        "message": "「这样、像抚摸一样……可以激烈一点吗？\n我不会崩溃的……不要多虑」"
    },
    {
        "message": "对着她的话摇了摇头。\\n像对待易碎品一样使用指尖。"
    },
    {
        "message": "一切都是为了缓解她的紧张情绪。\n如果她刚才说的是真的，她现在应该相信着我。"
    },
    {
        "name": "サオトメバナ",
        "message": "「呼啊、喘息、好大……你的手\n而且、呼、非常温柔……\n这样轻抚我的时候，我已经不记得是什么时候了……」"
    },
    {
        "message": "要让一个讨厌与人打交道的她靠近我，\n肯定需要相当大的勇气。\n我想要回报她。\n怀着这份心意，用力挺动着腰部，手指在颤抖的肌肤上游走。"
    },
    {
        "name": "サオトメバナ",
        "message": "「嗯、嗯、啊、啊啊、是吗……\n是的，你会对我好吗……\n抱着我，作为一个人……\n不是动物，也不是玩偶，而是一个独立的人」"
    },
    {
        "message": "声音中原本的坚硬感逐渐融化。\n取而代之的是一丝甜蜜，腰间的疼痛变得更加强烈。"
    },
    {
        "name": "サオトメバナ",
        "message": "「好大了……是吧，我很高兴」"
    },
    {
        "message": "脸颊泛起了红晕。"
    },
    {
        "name": "サオトメバナ",
        "message": "「你因为我感到舒服了吧？\n对我的魅力有所感受……啊、啊啊、出乎意料\n没想到会这么开心」"
    },
    {
        "message": "从她呻吟中感受到愉悦和喜悦。\n阴道也仿佛在欢迎着这边的挑逗。"
    },
    {
        "name": "サオトメバナ",
        "message": "「啊，团长，动作再剧烈一点……\n虽然感觉很美好……但是，已经忍耐不住了\n现在应该不会让你担心……\n所以……」"
    },
    {
        "message": "看着鸡屎藤扭动着腰部，只说了一句请求。\n能不能朝这边看一下。"
    },
    {
        "name": "サオトメバナ",
        "message": "「……抱歉，我的脸还有点、有点害羞\n但是，为了更加紧致\n我会努力让你感到舒适的……」"
    },
    {
        "name": "サオトメバナ",
        "message": "「所以，这样的话……你能原谅我吗？」"
    },
    {
        "message": "平时隐藏在面具后的脸庞，此刻染上了可爱的红晕。"
    },
    {
        "message": "害羞的表情，不再是凶兆之女，而是普通少女的表情。\n她所展现出的情感，点燃了我的心火。"
    },
    {
        "name": "サオトメバナ",
        "message": "「啊、啊啊、嗯嗯、啊啊啊！谢、谢谢……！\n感受到了你的每一寸……呼呼，感受到了你……！\n呼呼，呼呼，好舒服……啊啊、嗯嗯……！」"
    },
    {
        "message": "如同挖掘深处的爱液一般，大幅度地往复着。"
    },
    {
        "message": "紧张逐渐融化，快感超越了不安和恐惧。\n每一次轻触阴道深处，都让鸡屎藤沉浸在性爱的愉悦中。"
    },
    {
        "name": "サオトメバナ",
        "message": "「谢、谢你……\n其实我……更早一点……呃、啊啊、想要这样……」"
    },
    {
        "name": "サオトメバナ",
        "message": "「但是，呼呼、但是，当时太害怕了……\n如果你拒绝我……那么想到这一点……\n呼呼、多虑了吧、哈哈、嗯嗯」"
    },
    {
        "message": "她眼角滑落下来的不是痛苦，而是其他情感。\n我抚平那些情感，在火热的脸颊上轻轻抚摸。"
    },
    {
        "name": "サオトメバナ",
        "message": "「啊、团、长……\n再多、摸我……肚子里、一直、一直到最后\n和你接触的同时，我……想结束」"
    },
    {
        "message": "渐渐收缩的快感波动。\n承受着它，鸡屎藤发出热烈的呼吸。\n她点头表示接受了我的情感，并用言语表达，用肉棒爱抚收缩的阴道深处。"
    },
    {
        "name": "サオトメバナ",
        "message": "「啊、啊啊、嗯、呜啊啊啊、团长，团长……！\n啊啊、我……啊啊、嗯啊啊啊，哈啊啊！」"
    },
    {
        "name": "サオトメバナ",
        "message": "「来了，来了，团长，紧紧地……嗯嗯，要做！\n啊、啊啊、哈、嗯嗯嗯嗯嗯嗯啊啊……！」"
    },
    {
        "message": "在紧紧的压力下，射出了精液。\n按照她的要求密切接触，并将一切都倾注到那个抽搐的地方。"
    },
    {
        "name": "サオトメバナ",
        "message": "「嗯，嗯，嗯……啊啊，团、长\n哈、哈哈……喜欢」"
    },
    {
        "message": "从触摸的脸颊和连接部传来了她的高潮。\n沉浸在那种感觉中，呼吸平稳下来。"
    },
    {
        "message": "期间一直凝视着鸡屎藤的脸庞。\n她露出红舌头的表情中，平时的严厉已经消失。"
    },
    {
        "name": "サオトメバナ",
        "message": "「哈、哈哈、哈……不要，不要看着我\n嗯，在这种情况下，因为表情很淫荡……」"
    },
    {
        "name": "サオトメバナ",
        "message": "「唔、唔唔……稍微、收敛一点……\n盯着我看……你是笨蛋吗？\n这种事情，要是带着面具就好了……」"
    },
    {
        "message": "为什么没带过来呢。"
    },
    {
        "name": "サオトメバナ",
        "message": "「那个……因为觉得会被师傅看到……\n而且，我想好好看看你的脸……」"
    },
    {
        "name": "サオトメバナ",
        "message": "「真是个笨蛋……！不要让我解释这种事情……！\n对抱过的女人施暴……你是变态吗！？」"
    },
    {
        "message": "变得通红的耳垂实在太可爱了。\n因为她敞开心扉，所以我能看到这一面。"
    },
    {
        "message": "感到非常高兴，一直凝视着她\n于是，她的脸上露出了微笑。"
    },
    {
        "name": "サオトメバナ",
        "message": "「真是的……呵呵，和你在一起总是让我有很多感触\n原来如此，其他女孩们会喜欢你也就不足为奇了……\n啊，大家都感受到了这种乐趣啊……」"
    },
    {
        "name": "サオトメバナ",
        "message": "「谢谢，团长……让我产生信任\n嘛……没想到不仅仅是心灵，身体也被打开了\n出乎意料啊……」"
    },
    {
        "message": "为了掩饰害羞，我也轻率地说了些话。\n因此，我也说出了一些轻率的话。"
    },
    {
        "name": "サオトメバナ",
        "message": "「笨蛋……喜欢之类的话，不会再说第二遍了\n已经告诉你一次了……应该够了吧\n那种话，我不会再说第二次的，知道吗？」"
    }
]