[
    {
        "name": "リシアンサス",
        "message": "「啊，团长……！？」"
    },
    {
        "message": "打开办公室的门，洋桔梗正坐在桌前。\\n突然打开门的我吓了她一跳。\\n但其实我也同样吃了一惊。\\n最近，不知为何洋桔梗总是躲着我。"
    },
    {
        "message": "本来正欣喜着两人距离的拉近，\\n我却感到有些寂寞。\\n不过，她到底在想些什么呢？"
    },
    {
        "name": "リシアンサス",
        "message": "「啊……那个，没、没什么……哈哈\\n……啊，那、那我先失陪了！」"
    },
    {
        "message": "平时话多的她说话结巴让我感到难受。\\n拉住洋桔梗要离开的手，强行把她拉了回来。\\n我下定决心向她表白我的心意。"
    },
    {
        "name": "リシアンサス",
        "message": "「那、那种事我当然也讨厌啦！\\n我可不想和团长疏远！\\n一直一直！ 我想像王子和公主一样幸福地生活下去！」"
    },
    {
        "name": "リシアンサス",
        "message": "「……咦、啊……啊啊……！\\n在团长面前说出这么害羞的话……呜呜……！」"
    },
    {
        "message": "听到这番话，洋桔梗满脸通红低下了头。\\n原来，她躲开我的原因是因为上次说出了太多害羞的话，\\n让她无法忍受自己当时的举动。"
    },
    {
        "name": "リシアンサス",
        "message": "「因为这种理由而躲开团长真是对不起！\\n呜呜……但是很辛苦……没法把想说的话告诉团长\\n所以就……现在告白吧！\\n团长，喜欢你…‥喜欢喜欢喜欢你！ 呜呜～～……好喜欢你！」"
    },
    {
        "message": "这么说着，洋桔梗紧紧地拥抱了过来。\\n久违地将她拥入怀中。\\n虽然她又小又细，但身体却异常柔软。\\n为了确认这一点，我轻轻地抱紧了她。"
    },
    {
        "name": "リシアンサス",
        "message": "「团长，我……我已经无法忍耐了……！\\n在这里，请给我……肉棒，拜托了……！\\n请把你的肉棒……插进我的小穴里……！」"
    },
    {
        "message": "躺在桌子上，洋桔梗自己张开双腿。\\n可以看到大腿根部的凹陷处已经湿漉漉的。\\n对于如此淫荡的恳求，我根本无法忍耐。\\n于是就靠近她的身体，取出了勃起的肉棒。"
    },
    {
        "name": "リシアンサス",
        "message": "「啊啊啊，嗯嗯……团长的硬邦邦的……啊啊！\\n嗯嗯，进来了……啊啊啊，进来了！！」"
    },
    {
        "message": "将阴茎顶端对准阴道口，慢慢向前用腰部推进。\\n龟头划破了紧闭的阴道口。\\n从腰部深处传来一股愉悦的感触。"
    },
    {
        "name": "リシアンサス",
        "message": "「哎呀，啊啊！！ 硬邦邦的……在我里面扩张着……！\\n嗯嗯……啊啊，好厉害，好硬朗……！」"
    },
    {
        "name": "リシアンサス",
        "message": "「啊，好舒服……果然团长的……\\n和我完美契合……嗯嗯！\\n太舒服了吧……啊啊……」"
    },
    {
        "message": "洋桔梗露出陶醉的表情。\\n从她的样子可以看出她非常渴望快感。"
    },
    {
        "name": "リシアンサス",
        "message": "「唔唔，太放荡不羁真是对不起……但是……但是\\n没办法呀……一直躲开团长……感到孤单极了……\\n所以今天想要多撒娇一点……拜托了……！」"
    },
    {
        "message": "她含着泪水说着，我微笑着点了点头。\\n洋桔梗和我一样，也渴望这样。"
    },
    {
        "message": "我开始扭动腰部，开始进行阴茎的出入。\\n洋桔梗因黏膜的摩擦而身体颤抖不已。"
    },
    {
        "name": "リシアンサス",
        "message": "「嗯，啊啊……来了……嗯嗯……！\\n好舒服……请多多地摩擦……！」"
    },
    {
        "message": "阴道紧紧地夹住阴茎。\\n强烈的刺激让我不禁停下了腰部的动作。\\n洋桔梗主动迎合的姿态非常妖娆。"
    },
    {
        "name": "リシアンサス",
        "message": "「肉棒，啊啊……使劲地吸收着……\\n因为，因为一直都想要呀……！ 啊啊！」"
    },
    {
        "name": "リシアンサス",
        "message": "「团长一直躲开我，我感到孤单，想撒娇……\\n肉棒，想要……啊啊\\n一直，一直……一个人……嗯……自己解决的」"
    },
    {
        "name": "リシアンサス",
        "message": "「想象着团长插入肉棒的情景……\\n啊啊，一个人……自己解决的……！」"
    },
    {
        "message": "听到洋桔梗的告白，我的心怦怦地跳动。\\n兴奋使得阴茎也颤抖不已。\\n但是，说出这么羞耻的告白后，会不会再次被躲避呢。"
    },
    {
        "name": "リシアンサス",
        "message": "「啊，嗯，绝对不会再躲开了！\\n以后……嗯，在这种羞耻的事情上\\n全部全部都会告诉团长的！」"
    },
    {
        "name": "リシアンサス",
        "message": "「不会再感到孤单了！\\n当然……嗯，团长的鸡巴\\n绝对绝对不会让你感到孤单的！」"
    },
    {
        "message": "洋桔梗的话语强烈地满足了男人的支配欲。\\n她伸出手，仿佛在炫耀着自己是他的一样，\\n强行揉捏着可爱的乳房。"
    },
    {
        "name": "リシアンサス",
        "message": "「嗯，我的身体，全部全部都是团长的……！」"
    },
    {
        "message": "当用力捏住她小巧的乳房时，它们软绵绵地变形。\\n乳头中央挺立，坚硬而尖锐。"
    },
    {
        "message": "捏住那尖锐的部分，洋桔梗的身体猛地一颤。\\n她弯起背，看起来非常享受地喘着气，十分可爱。"
    },
    {
        "name": "リシアンサス",
        "message": "「嗯，胸部……被团长摸着，\\n啊啊，感觉真好……\\n和自己摸完全不一样……！ 嗯！」"
    },
    {
        "message": "听她说这话，我知道她之前一个人也在玩弄乳头。\\n看来她确实感到相当孤单。我告诉她早点这样做就好了。"
    },
    {
        "name": "リシアンサス",
        "message": "「开心……嗯，嗯……！\\n如果团长的鸡巴硬了，请马上告诉我！」"
    },
    {
        "name": "リシアンサス",
        "message": "「洋桔梗会……嗯，让你射精的哦？\\n嗯，把很多白色的东西射给我吧……！」"
    },
    {
        "message": "淫荡的话语让射精的感觉逐渐加强。\\n当我表示无法再忍耐时，\\n洋桔梗开心地微笑着。"
    },
    {
        "name": "リシアンサス",
        "message": "「啊啊，来吧！\\n请往洋桔梗的小穴里……射满团长先生的精液吧！」"
    },
    {
        "name": "リシアンサス",
        "message": "「我也……嗯嗯，感觉好舒服！\\n用团长先生的鸡巴……我就要高潮了！」"
    },
    {
        "message": "彼此冲向高潮。\\n用力摇摆着腰部，像贪婪地拥抱着洋桔梗的身体一样。"
    },
    {
        "name": "リシアンサス",
        "message": "「啊啊，团长先生，我喜欢你……！ 我非常喜欢你！\\n嗯，来了……啊啊！ 我要高潮了！」"
    },
    {
        "name": "リシアンサス",
        "message": "「团长先生也……啊啊，来吧……请射进来！\\n啊啊，呀……啊啊啊……！！！！！」"
    },
    {
        "name": "リシアンサス",
        "message": "「啊啊……嗯嗯嗯……！！ 哈哈哈……嗯！\\n哈哈，哈哈，哈哈……太棒了，我高潮了……！\\n团长先生的鸡巴果然最舒服了……」"
    },
    {
        "message": "将阴茎顶端压在阴道深处并射出大量精液。\\n跳动的阴茎被洋桔梗柔软的阴道包裹着刺激着。"
    },
    {
        "name": "リシアンサス",
        "message": "「嗯，太棒了……射了好多呢……\\n我的肚子里……已经装满团长先生的东西了呢……嘻嘻」"
    },
    {
        "message": "洋桔梗微笑着对阴道内射精的满足感。\\n我温柔地抚摸着她的头。\\n虽然在桌子上进行了这样的行为，但她的背部应该没问题吧。"
    },
    {
        "name": "リシアンサス",
        "message": "「啊，是的！一点问题都没有！\\n和在床上一样……那个，感觉真是太舒服了……\\n我又有点太入迷了，好害羞！」"
    },
    {
        "message": "当我松了口气时，突然有件事让我在意起来。\\n为什么洋桔梗会站在桌子前呢？"
    },
    {
        "message": "想到这个问题，我看向了桌子上的东西。\\n那似乎是一张便笺。"
    },
    {
        "name": "リシアンサス",
        "message": "「那个……这个，就是那个东西！\\n因为太害羞了不好意思当面说，\\n所以打算写成信给团长先生表达我的心意……\\n啊哈哈，也许已经不需要了吧？」"
    },
    {
        "message": "并不是这样。我决定认真地收下这封信。"
    },
    {
        "name": "リシアンサス",
        "message": "「啊，但是我想对团长先生说的事情，并不是信件里的内容，\\n我想全部全部都用嘴巴好好地告诉您！\\n那个，可以吗？」"
    },
    {
        "message": "如果她这么想的话，我决定不打开这封信。现在最重要的是和洋桔梗好好聊聊天。"
    },
    {
        "name": "リシアンサス",
        "message": "「嘿嘿，团长先生，谢谢您！\\n那个……改天再说！以后也请多多关照我！」"
    }
]